1.025603525340557098e-02,-7.081209123134613037e-02,7.237626910209655762e-01,1.098937168717384338e-02,1.681989990174770355e-03,7.398865222930908203e-01,6.726398468017578125e-01,0.000000000000000000e+00,0.000000000000000000e+00,1.296923123300075531e-02,-1.233279824256896973e+00,6.930971145629882812e-01,-4.630937874317169189e-01,-4.667421057820320129e-02,1.278645753860473633e+00,6.252900958061218262e-01,4.881354570388793945e-01,-3.234737738966941833e-02,3.447884693741798401e-03,-5.138457566499710083e-02,-1.017543300986289978e-01,9.369234916010504095e-19,-2.223401963710784912e-01,1.069998517632484436e-01,-1.961057260632514954e-02,-6.589817255735397339e-02,3.940012678503990173e-02,-4.285324968616717294e-19,-1.382523477077484131e-01,5.684595927596092224e-02
9.680060669779777527e-03,-6.936130672693252563e-02,7.250332236289978027e-01,4.739291034638881683e-03,6.916624959558248520e-03,7.378714680671691895e-01,6.748892068862915039e-01,0.000000000000000000e+00,0.000000000000000000e+00,-1.257061306387186050e-02,-1.227744579315185547e+00,6.878320574760437012e-01,-4.580931067466735840e-01,-7.335083931684494019e-02,1.275123476982116699e+00,6.375856399536132812e-01,4.852195084095001221e-01,-2.583969756960868835e-02,-1.374991983175277710e-02,-4.930590838193893433e-02,-1.001499816775321960e-01,1.455942930031122942e-18,-2.228774875402450562e-01,1.070140451192855835e-01,-3.666669502854347229e-02,-6.428284943103790283e-02,3.974101319909095764e-02,1.798489175037294892e-19,-1.387420147657394409e-01,5.724353715777397156e-02
9.778722189366817474e-03,-6.907629966735839844e-02,7.252665162086486816e-01,3.591241082176566124e-03,8.113788440823554993e-03,7.376419305801391602e-01,6.751337647438049316e-01,0.000000000000000000e+00,0.000000000000000000e+00,-2.128434740006923676e-02,-1.226576685905456543e+00,6.885722279548645020e-01,-4.536233544349670410e-01,-8.449866622686386108e-02,1.276714205741882324e+00,6.488620042800903320e-01,4.788306653499603271e-01,-2.361278980970382690e-02,-1.734805665910243988e-02,-4.907622560858726501e-02,-1.005256474018096924e-01,-2.460638983579868015e-19,-2.235018312931060791e-01,1.054747924208641052e-01,-3.968304395675659180e-02,-6.424737721681594849e-02,3.866321220993995667e-02,7.332923043058088217e-19,-1.401326805353164673e-01,5.757208541035652161e-02
9.886472485959529877e-03,-6.913587450981140137e-02,7.253168821334838867e-01,3.281240351498126984e-03,8.364739827811717987e-03,7.375129461288452148e-01,6.752732396125793457e-01,0.000000000000000000e+00,0.000000000000000000e+00,-2.207855880260467529e-02,-1.226328372955322266e+00,6.904192566871643066e-01,-4.527967572212219238e-01,-8.712330460548400879e-02,1.278129458427429199e+00,6.533412933349609375e-01,4.758958518505096436e-01,-2.322238683700561523e-02,-1.833989471197128296e-02,-4.876681417226791382e-02,-1.003002375364303589e-01,-4.068829468435051019e-18,-2.237070649862289429e-01,1.057715937495231628e-01,-4.072010144591331482e-02,-6.392389535903930664e-02,3.845774009823799133e-02,2.347774324900070154e-18,-1.407584846019744873e-01,5.795159563422203064e-02
1.001216378062963486e-02,-6.924674659967422485e-02,7.253990173339843750e-01,3.102745162323117256e-03,8.711481466889381409e-03,7.372576594352722168e-01,6.755483746528625488e-01,0.000000000000000000e+00,0.000000000000000000e+00,-2.245381660759449005e-02,-1.226024746894836426e+00,6.907855272293090820e-01,-4.528583884239196777e-01,-8.881040662527084351e-02,1.278841495513916016e+00,6.544613242149353027e-01,4.751237332820892334e-01,-2.289856225252151489e-02,-1.936913467943668365e-02,-4.878831654787063599e-02,-1.000758633017539978e-01,2.152839287384598546e-18,-2.229188978672027588e-01,1.053394451737403870e-01,-4.195278882980346680e-02,-6.391055881977081299e-02,3.889648616313934326e-02,3.787751014747694556e-19,-1.401511728763580322e-01,5.808728188276290894e-02
1.010710746049880981e-02,-6.942693889141082764e-02,7.254826426506042480e-01,2.895234385505318642e-03,8.918483741581439972e-03,7.370244860649108887e-01,6.758009791374206543e-01,0.000000000000000000e+00,0.000000000000000000e+00,-2.307286672294139862e-02,-1.225529074668884277e+00,6.912094950675964355e-01,-4.531695246696472168e-01,-9.056686609983444214e-02,1.279142498970031738e+00,6.563717126846313477e-01,4.746949970722198486e-01,-2.281258441507816315e-02,-2.033003792166709900e-02,-4.857397451996803284e-02,-9.986936300992965698e-02,1.096899394888193409e-19,-2.223758548498153687e-01,1.054871082305908203e-01,-4.315623268485069275e-02,-6.366401910781860352e-02,3.931906819343566895e-02,-4.600706602306647814e-18,-1.401136517524719238e-01,5.772145837545394897e-02
1.017490401864051819e-02,-6.963597983121871948e-02,7.255546450614929199e-01,2.613174729049205780e-03,9.144773706793785095e-03,7.367964386940002441e-01,6.760477423667907715e-01,0.000000000000000000e+00,0.000000000000000000e+00,-2.366745285689830780e-02,-1.224920749664306641e+00,6.920752525329589844e-01,-4.538356661796569824e-01,-9.207661449909210205e-02,1.279443740844726562e+00,6.572219133377075195e-01,4.746131896972656250e-01,-2.260420843958854675e-02,-2.151612378656864166e-02,-4.831923171877861023e-02,-9.939587861299514771e-02,2.077982750670999754e-18,-2.216186076402664185e-01,1.054914444684982300e-01,-4.454963281750679016e-02,-6.338699162006378174e-02,3.926262259483337402e-02,5.609494718345692715e-18,-1.398314237594604492e-01,5.875131487846374512e-02
1.022670976817607880e-02,-6.987788528203964233e-02,7.256327271461486816e-01,2.295200945809483528e-03,9.362505748867988586e-03,7.366998791694641113e-01,6.761511564254760742e-01,0.000000000000000000e+00,0.000000000000000000e+00,-2.431149594485759735e-02,-1.224386692047119141e+00,6.921567320823669434e-01,-4.548445641994476318e-01,-9.348144382238388062e-02,1.279358983039855957e+00,6.588155627250671387e-01,4.749313592910766602e-01,-2.281745336949825287e-02,-2.281664125621318817e-02,-4.807014390826225281e-02,-9.905073791742324829e-02,5.020779523043739730e-19,-2.206929624080657959e-01,1.048299148678779602e-01,-4.606713354587554932e-02,-6.311570852994918823e-02,3.935120254755020142e-02,-1.209537406080151740e-18,-1.393151432275772095e-01,5.919302627444267273e-02
1.023427862673997879e-02,-7.011020183563232422e-02,7.257472872734069824e-01,1.904558041132986546e-03,9.766435250639915466e-03,7.364897727966308594e-01,6.763754487037658691e-01,0.000000000000000000e+00,0.000000000000000000e+00,-2.521141618490219116e-02,-1.224206089973449707e+00,6.920639276504516602e-01,-4.557154178619384766e-01,-9.487280994653701782e-02,1.279106616973876953e+00,6.590839624404907227e-01,4.757460355758666992e-01,-2.275158278644084930e-02,-2.454861998558044434e-02,-4.807224124670028687e-02,-9.874631464481353760e-02,-2.364493299440991950e-18,-2.197683304548263550e-01,1.048449873924255371e-01,-4.800296202301979065e-02,-6.308250874280929565e-02,3.964406624436378479e-02,1.685568268075843425e-18,-1.387935727834701538e-01,5.992276966571807861e-02
1.013617776334285736e-02,-7.043430209159851074e-02,7.257920503616333008e-01,1.491654082201421261e-03,9.704197756946086884e-03,7.364012598991394043e-01,6.764737963676452637e-01,0.000000000000000000e+00,0.000000000000000000e+00,-2.636328898370265961e-02,-1.224307656288146973e+00,6.910038590431213379e-01,-4.563671350479125977e-01,-9.644095599651336670e-02,1.278712749481201172e+00,6.608240604400634766e-01,4.758479595184326172e-01,-2.295463718473911285e-02,-2.568832039833068848e-02,-4.744006320834159851e-02,-9.821745008230209351e-02,1.482624467869633403e-18,-2.196857780218124390e-01,1.051931008696556091e-01,-4.936945065855979919e-02,-6.244359537959098816e-02,3.930642455816268921e-02,1.965247959347372718e-18,-1.380634605884552002e-01,6.075496226549148560e-02
1.008673664182424545e-02,-7.083956897258758545e-02,7.258295416831970215e-01,1.460214843973517418e-03,9.743752889335155487e-03,7.364607453346252441e-01,6.764085292816162109e-01,0.000000000000000000e+00,0.000000000000000000e+00,-2.533697895705699921e-02,-1.226473808288574219e+00,6.919568777084350586e-01,-4.559659659862518311e-01,-9.585379809141159058e-02,1.280049443244934082e+00,6.586015224456787109e-01,4.739011526107788086e-01,-2.437865920364856720e-02,-2.647573687136173248e-02,-4.771345108747482300e-02,-9.814925491809844971e-02,-1.406816673451598629e-18,-2.177114188671112061e-01,1.056656762957572937e-01,-5.059732496738433838e-02,-6.253877282142639160e-02,3.936850279569625854e-02,8.365765571310175162e-19,-1.364765167236328125e-01,6.105933710932731628e-02
9.946435689926147461e-03,-7.103434950113296509e-02,7.259395122528076172e-01,7.130854064598679543e-04,1.025799289345741272e-02,7.365871667861938477e-01,6.762644648551940918e-01,0.000000000000000000e+00,0.000000000000000000e+00,-2.705174684524536133e-02,-1.226948738098144531e+00,6.926339268684387207e-01,-4.562585651874542236e-01,-9.726795554161071777e-02,1.280077457427978516e+00,6.570408940315246582e-01,4.730904996395111084e-01,-2.530981600284576416e-02,-2.891018800437450409e-02,-4.769329354166984558e-02,-9.783894568681716919e-02,7.516590226269362482e-21,-2.175800204277038574e-01,1.056164354085922241e-01,-5.321768298745155334e-02,-6.249286979436874390e-02,3.873137012124061584e-02,-3.314520159125494870e-18,-1.363348066806793213e-01,6.192881613969802856e-02
9.652436710894107819e-03,-7.124219834804534912e-02,7.260330915451049805e-01,-1.189427493955008686e-04,1.063648425042629242e-02,7.364638447761535645e-01,6.763932704925537109e-01,0.000000000000000000e+00,0.000000000000000000e+00,-2.899524569511413574e-02,-1.227768659591674805e+00,6.919232010841369629e-01,-4.566627442836761475e-01,-9.925847500562667847e-02,1.279697299003601074e+00,6.556850075721740723e-01,4.726349711418151855e-01,-2.592909149825572968e-02,-3.121637739241123199e-02,-4.749803245067596436e-02,-9.773685038089752197e-02,-3.431437175626190014e-18,-2.175067365169525146e-01,1.062862053513526917e-01,-5.588865280151367188e-02,-6.222888827323913574e-02,3.885970264673233032e-02,5.637771060405205413e-18,-1.364193111658096313e-01,6.254439800977706909e-02
9.312587790191173553e-03,-7.149452716112136841e-02,7.261064052581787109e-01,-7.938212365843355656e-04,1.078873034566640854e-02,7.365154623985290527e-01,6.763342022895812988e-01,0.000000000000000000e+00,0.000000000000000000e+00,-3.114405088126659393e-02,-1.228759288787841797e+00,6.910466551780700684e-01,-4.569554328918457031e-01,-1.009550914168357849e-01,1.279293179512023926e+00,6.537627577781677246e-01,4.717642664909362793e-01,-2.727170661091804504e-02,-3.295851126313209534e-02,-4.730688408017158508e-02,-9.764429181814193726e-02,-4.771980138400040066e-19,-2.174505740404129028e-01,1.076699718832969666e-01,-5.808594077825546265e-02,-6.198402494192123413e-02,3.871608152985572815e-02,-5.457812127880006371e-19,-1.354834288358688354e-01,6.329729408025741577e-02
8.881196379661560059e-03,-7.164351642131805420e-02,7.262018918991088867e-01,-1.811604481190443039e-03,1.117195002734661102e-02,7.365663647651672363e-01,6.762706041336059570e-01,0.000000000000000000e+00,0.000000000000000000e+00,-3.342915698885917664e-02,-1.230030417442321777e+00,6.898150444030761719e-01,-4.571001827716827393e-01,-1.028048023581504822e-01,1.278839945793151855e+00,6.514766216278076172e-01,4.707815647125244141e-01,-2.848943695425987244e-02,-3.546912595629692078e-02,-4.711040109395980835e-02,-9.747207164764404297e-02,-9.125729487287143808e-19,-2.177851647138595581e-01,1.081711873412132263e-01,-6.101613864302635193e-02,-6.171309947967529297e-02,3.884422034025192261e-02,-5.273072091414250829e-18,-1.354152858257293701e-01,6.349079310894012451e-02
8.404340595006942749e-03,-7.174752652645111084e-02,7.262983322143554688e-01,-2.848888048902153969e-03,1.157753728330135345e-02,7.367445230484008789e-01,6.760661005973815918e-01,0.000000000000000000e+00,0.000000000000000000e+00,-3.578357398509979248e-02,-1.231425762176513672e+00,6.887196898460388184e-01,-4.571455717086791992e-01,-1.041130721569061279e-01,1.278010964393615723e+00,6.496485471725463867e-01,4.702408313751220703e-01,-3.010649792850017548e-02,-3.794348239898681641e-02,-4.705652222037315369e-02,-9.781113266944885254e-02,4.270421655520349394e-18,-2.185948938131332397e-01,1.093202978372573853e-01,-6.393073499202728271e-02,-6.155250966548919678e-02,3.893433883786201477e-02,2.703648931116309039e-18,-1.354447603225708008e-01,6.401746720075607300e-02
7.785555906593799591e-03,-7.182475924491882324e-02,7.264034748077392578e-01,-3.852240741252899170e-03,1.190454326570034027e-02,7.365827560424804688e-01,6.762316823005676270e-01,0.000000000000000000e+00,0.000000000000000000e+00,-3.773353248834609985e-02,-1.233063697814941406e+00,6.868802309036254883e-01,-4.572993218898773193e-01,-1.055903136730194092e-01,1.277223944664001465e+00,6.467936038970947266e-01,4.698729515075683594e-01,-3.148090094327926636e-02,-4.011747613549232483e-02,-4.703604429960250854e-02,-9.751550108194351196e-02,-7.389311945415828113e-19,-2.185588330030441284e-01,1.109766066074371338e-01,-6.680945307016372681e-02,-6.142221018671989441e-02,3.933113813400268555e-02,1.231929185261962199e-18,-1.348439007997512817e-01,6.479755789041519165e-02
7.150906603783369064e-03,-7.171581685543060303e-02,7.265440225601196289e-01,-5.123846698552370071e-03,1.272653043270111084e-02,7.366009354591369629e-01,6.761884689331054688e-01,0.000000000000000000e+00,0.000000000000000000e+00,-3.984074294567108154e-02,-1.234902024269104004e+00,6.849760413169860840e-01,-4.577132463455200195e-01,-1.065406799316406250e-01,1.276195526123046875e+00,6.423264741897583008e-01,4.701407253742218018e-01,-3.330837562680244446e-02,-4.322469234466552734e-02,-4.751307517290115356e-02,-9.704387187957763672e-02,1.799117832302835193e-21,-2.192438691854476929e-01,1.118708997964859009e-01,-7.059498876333236694e-02,-6.178038567304611206e-02,3.969708085060119629e-02,1.367877973296277404e-18,-1.346061974763870239e-01,6.538317352533340454e-02
6.397053133696317673e-03,-7.158423215150833130e-02,7.266585230827331543e-01,-6.212999578565359116e-03,1.337910536676645279e-02,7.364100813865661621e-01,6.763745546340942383e-01,0.000000000000000000e+00,0.000000000000000000e+00,-4.132677987217903137e-02,-1.237146496772766113e+00,6.823835968971252441e-01,-4.580906629562377930e-01,-1.071744561195373535e-01,1.274627327919006348e+00,6.383172273635864258e-01,4.707670807838439941e-01,-3.500141575932502747e-02,-4.598510265350341797e-02,-4.816262423992156982e-02,-9.660500288009643555e-02,5.696703447028994560e-04,-2.197585254907608032e-01,1.134021058678627014e-01,-7.385683804750442505e-02,-6.230104342103004456e-02,3.972761332988739014e-02,8.909984239921063130e-19,-1.343510746955871582e-01,6.559220701456069946e-02
5.512226372957229614e-03,-7.132061570882797241e-02,7.267805933952331543e-01,-7.414138875901699066e-03,1.426442712545394897e-02,7.358832955360412598e-01,6.769175529479980469e-01,0.000000000000000000e+00,0.000000000000000000e+00,-4.241830855607986450e-02,-1.239874482154846191e+00,6.793323159217834473e-01,-4.578915834426879883e-01,-1.077403277158737183e-01,1.272957086563110352e+00,6.333298683166503906e-01,4.718469083309173584e-01,-3.632295876741409302e-02,-5.002436786890029907e-02,-4.925763607025146484e-02,-9.581713378429412842e-02,3.041640855371952057e-03,-2.209881097078323364e-01,1.146547794342041016e-01,-7.758764922618865967e-02,-6.314777582883834839e-02,3.954173251986503601e-02,8.154007334496600078e-19,-1.344642788171768188e-01,6.628917157649993896e-02
4.505509510636329651e-03,-7.084962725639343262e-02,7.269292473793029785e-01,-9.107025340199470520e-03,1.545366086065769196e-02,7.352977991104125977e-01,6.775067448616027832e-01,0.000000000000000000e+00,0.000000000000000000e+00,-4.389095678925514221e-02,-1.243274927139282227e+00,6.741746664047241211e-01,-4.572048783302307129e-01,-1.083748713135719299e-01,1.271138906478881836e+00,6.271604299545288086e-01,4.734043478965759277e-01,-3.742360696196556091e-02,-5.513469874858856201e-02,-5.024898052215576172e-02,-9.585930407047271729e-02,5.686218384653329849e-03,-2.233843654394149780e-01,1.171035692095756531e-01,-8.231730759143829346e-02,-6.384285539388656616e-02,4.003670066595077515e-02,2.424763333232830652e-18,-1.345681399106979370e-01,6.663318723440170288e-02
3.998898435384035110e-03,-7.200036197900772095e-02,7.257428765296936035e-01,-4.072490148246288300e-03,1.103620510548353195e-02,7.361230850219726562e-01,6.767454147338867188e-01,0.000000000000000000e+00,0.000000000000000000e+00,-2.093421295285224915e-02,-1.256758689880371094e+00,6.805433630943298340e-01,-4.519336521625518799e-01,-8.381682634353637695e-02,1.276441574096679688e+00,6.085572838783264160e-01,4.693469107151031494e-01,-4.568186029791831970e-02,-4.111183434724807739e-02,-5.342177674174308777e-02,-9.469212591648101807e-02,7.642630022019147873e-03,-2.247748821973800659e-01,1.216733232140541077e-01,-6.940662860870361328e-02,-6.623273342847824097e-02,4.212401434779167175e-02,7.129172445274889469e-05,-1.343827694654464722e-01,6.749272346496582031e-02
2.852602628991007805e-03,-7.125041633844375610e-02,7.259203791618347168e-01,-6.116995122283697128e-03,1.263222936540842056e-02,7.350126504898071289e-01,6.779080629348754883e-01,0.000000000000000000e+00,0.000000000000000000e+00,-2.197577804327011108e-02,-1.260532259941101074e+00,6.755306720733642578e-01,-4.492723047733306885e-01,-8.200582116842269897e-02,1.273925423622131348e+00,5.968797802925109863e-01,4.743729531764984131e-01,-4.684622958302497864e-02,-4.849426075816154480e-02,-5.476168170571327209e-02,-9.437977522611618042e-02,1.350922230631113052e-02,-2.292200773954391479e-01,1.264030635356903076e-01,-8.095163851976394653e-02,-6.673458218574523926e-02,4.361886531114578247e-02,1.051601022481918335e-02,-1.385925561189651489e-01,6.712988764047622681e-02
1.644278527237474918e-03,-7.035581022500991821e-02,7.261524200439453125e-01,-8.318337611854076385e-03,1.450376026332378387e-02,7.330042123794555664e-01,6.800185441970825195e-01,0.000000000000000000e+00,0.000000000000000000e+00,-2.310618385672569275e-02,-1.262342691421508789e+00,6.678289175033569336e-01,-4.453392028808593750e-01,-8.131990581750869751e-02,1.272152900695800781e+00,5.840089917182922363e-01,4.803501069545745850e-01,-4.597485810518264771e-02,-5.802562832832336426e-02,-5.631735548377037048e-02,-9.427022933959960938e-02,2.249937877058982849e-02,-2.336725294589996338e-01,1.317361146211624146e-01,-9.831875562667846680e-02,-6.695909053087234497e-02,4.564874991774559021e-02,3.042701445519924164e-02,-1.448024064302444458e-01,6.745394319295883179e-02
4.657444078475236893e-04,-6.914533674716949463e-02,7.265087366104125977e-01,-1.115041691809892654e-02,1.704214699566364288e-02,7.300915122032165527e-01,6.830458641052246094e-01,0.000000000000000000e+00,0.000000000000000000e+00,-2.413910254836082458e-02,-1.258179187774658203e+00,6.549578905105590820e-01,-4.386131167411804199e-01,-8.087330311536788940e-02,1.270760297775268555e+00,5.702382326126098633e-01,4.889562129974365234e-01,-4.343785345554351807e-02,-6.936766207218170166e-02,-5.765156447887420654e-02,-9.443306177854537964e-02,3.210701048374176025e-02,-2.389146536588668823e-01,1.386329978704452515e-01,-1.232529953122138977e-01,-6.645689904689788818e-02,4.848923906683921814e-02,6.072839349508285522e-02,-1.518357396125793457e-01,6.810396909713745117e-02
-6.532105617225170135e-04,-6.740669161081314087e-02,7.270193099975585938e-01,-1.502703409641981125e-02,2.081378176808357239e-02,7.256492376327514648e-01,6.875857114791870117e-01,0.000000000000000000e+00,0.000000000000000000e+00,-2.202873490750789642e-02,-1.246863722801208496e+00,6.400443911552429199e-01,-4.293739199638366699e-01,-8.126636594533920288e-02,1.270819664001464844e+00,5.539950728416442871e-01,4.994842708110809326e-01,-3.846126794815063477e-02,-8.372447639703750610e-02,-5.873722583055496216e-02,-9.380210936069488525e-02,4.235155135393142700e-02,-2.436562180519104004e-01,1.456625759601593018e-01,-1.574141681194305420e-01,-6.512697786092758179e-02,5.209304019808769226e-02,1.017080768942832947e-01,-1.583236604928970337e-01,7.076135277748107910e-02
-1.684358343482017517e-03,-6.531141698360443115e-02,7.275018095970153809e-01,-1.934887468814849854e-02,2.489983290433883667e-02,7.193301916122436523e-01,6.939522027969360352e-01,0.000000000000000000e+00,0.000000000000000000e+00,-1.532614789903163910e-02,-1.237064957618713379e+00,6.243208646774291992e-01,-4.187303185462951660e-01,-8.124563843011856079e-02,1.272619247436523438e+00,5.372517704963684082e-01,5.117385387420654297e-01,-2.986667118966579437e-02,-9.918485581874847412e-02,-5.896198004484176636e-02,-9.197946637868881226e-02,5.388976261019706726e-02,-2.490618526935577393e-01,1.541348546743392944e-01,-2.010326385498046875e-01,-6.241960823535919189e-02,5.436234176158905029e-02,1.574558764696121216e-01,-1.582924723625183105e-01,7.609666138887405396e-02
-2.232475206255912781e-03,-6.281213462352752686e-02,7.277633547782897949e-01,-2.322037145495414734e-02,2.973217144608497620e-02,7.114900350570678711e-01,7.016828060150146484e-01,0.000000000000000000e+00,0.000000000000000000e+00,-3.767221001908183098e-03,-1.231366395950317383e+00,6.075409054756164551e-01,-4.078173637390136719e-01,-7.204821705818176270e-02,1.273827195167541504e+00,5.149384737014770508e-01,5.253635048866271973e-01,-1.931960880756378174e-02,-1.142178252339363098e-01,-5.995063111186027527e-02,-8.841662108898162842e-02,6.565432250499725342e-02,-2.543326318264007568e-01,1.616797000169754028e-01,-2.535476684570312500e-01,-6.131382286548614502e-02,5.375036597251892090e-02,2.260334789752960205e-01,-1.441044658422470093e-01,8.576000481843948364e-02
-2.480552298948168755e-03,-5.970271676778793335e-02,7.281198501586914062e-01,-2.772998437285423279e-02,3.523885831236839294e-02,7.012769579887390137e-01,7.114772796630859375e-01,0.000000000000000000e+00,0.000000000000000000e+00,7.395002525299787521e-03,-1.223964571952819824e+00,5.888571739196777344e-01,-3.990053832530975342e-01,-5.589143931865692139e-02,1.267843961715698242e+00,4.852950870990753174e-01,5.359264612197875977e-01,-6.081152241677045822e-03,-1.308107823133468628e-01,-5.957074463367462158e-02,-8.057142794132232666e-02,7.884041219949722290e-02,-2.587705552577972412e-01,1.663546413183212280e-01,-3.123708665370941162e-01,-6.927010416984558105e-02,3.716447204351425171e-02,2.994732260704040527e-01,-1.183324083685874939e-01,8.814916014671325684e-02
-2.673049457371234894e-03,-5.592110380530357361e-02,7.290987968444824219e-01,-3.440459445118904114e-02,3.962022811174392700e-02,6.900610923767089844e-01,7.218464016914367676e-01,0.000000000000000000e+00,0.000000000000000000e+00,1.939619146287441254e-02,-1.210733532905578613e+00,5.695257186889648438e-01,-3.911361396312713623e-01,-4.535683244466781616e-02,1.257592916488647461e+00,4.485462903976440430e-01,5.470381975173950195e-01,4.651801194995641708e-03,-1.465417891740798950e-01,-5.237137898802757263e-02,-6.806347519159317017e-02,9.076217561960220337e-02,-2.636349499225616455e-01,1.708122938871383667e-01,-3.830106556415557861e-01,-8.925081789493560791e-02,3.218759666197001934e-04,3.777159452438354492e-01,-1.262374371290206909e-01,6.684191524982452393e-02
-2.188231330364942551e-03,-5.132895335555076599e-02,7.297319769859313965e-01,-4.095378145575523376e-02,4.540629312396049500e-02,6.776180863380432129e-01,7.328674793243408203e-01,0.000000000000000000e+00,0.000000000000000000e+00,3.120678663253784180e-02,-1.197103619575500488e+00,5.492439866065979004e-01,-3.849598765373229980e-01,-3.963389247655868530e-02,1.247431278228759766e+00,4.112612009048461914e-01,5.602607131004333496e-01,2.075548097491264343e-02,-1.616321206092834473e-01,-4.677465185523033142e-02,-5.715317651629447937e-02,9.977170825004577637e-02,-2.693393826484680176e-01,1.718259304761886597e-01,-4.561038315296173096e-01,-9.847130626440048218e-02,-1.571114547550678253e-02,4.487494528293609619e-01,-1.208046451210975647e-01,6.884478777647018433e-02
-9.521892643533647060e-04,-4.598733410239219666e-02,7.302375435829162598e-01,-4.771200940012931824e-02,5.207439512014389038e-02,6.645686030387878418e-01,7.438820004463195801e-01,0.000000000000000000e+00,0.000000000000000000e+00,4.268123582005500793e-02,-1.182595491409301758e+00,5.244739055633544922e-01,-3.802544474601745605e-01,-3.340452536940574646e-02,1.237707734107971191e+00,3.710124194622039795e-01,5.726444721221923828e-01,3.610701486468315125e-02,-1.740038245916366577e-01,-4.075820371508598328e-02,-4.461453482508659363e-02,1.037079244852066040e-01,-2.769898474216461182e-01,1.714446544647216797e-01,-5.286961197853088379e-01,-1.095484942197799683e-01,-3.067502751946449280e-02,5.053002834320068359e-01,-1.131970435380935669e-01,7.714579254388809204e-02
1.122586312703788280e-03,-4.043641686439514160e-02,7.305640578269958496e-01,-5.311158671975135803e-02,5.826740339398384094e-02,6.514796018600463867e-01,7.545584440231323242e-01,0.000000000000000000e+00,0.000000000000000000e+00,5.197433009743690491e-02,-1.169472336769104004e+00,4.963667392730712891e-01,-3.738387525081634521e-01,-2.690255641937255859e-02,1.226278901100158691e+00,3.335073292255401611e-01,5.816166400909423828e-01,5.157647654414176941e-02,-1.831491887569427490e-01,-3.528250008821487427e-02,-3.354889154434204102e-02,1.081466525793075562e-01,-2.836497128009796143e-01,1.698478758335113525e-01,-5.964868068695068359e-01,-1.222988143563270569e-01,-4.172473028302192688e-02,5.399743914604187012e-01,-1.075227335095405579e-01,8.513580262660980225e-02
4.120584111660718918e-03,-3.420110046863555908e-02,7.306518554687500000e-01,-5.891247838735580444e-02,6.572972238063812256e-02,6.386498212814331055e-01,7.644183039665222168e-01,0.000000000000000000e+00,0.000000000000000000e+00,5.919254571199417114e-02,-1.156455397605895996e+00,4.644404053688049316e-01,-3.685892820358276367e-01,-2.055502869188785553e-02,1.214173197746276855e+00,2.924649715423583984e-01,5.881741642951965332e-01,6.720582395792007446e-02,-1.921697556972503662e-01,-3.015848062932491302e-02,-2.212603390216827393e-02,1.097153425216674805e-01,-2.938153743743896484e-01,1.657487452030181885e-01,-6.588736772537231445e-01,-1.389464586973190308e-01,-5.245282128453254700e-02,5.504683256149291992e-01,-1.045761108398437500e-01,9.226413071155548096e-02
8.020924404263496399e-03,-2.798821963369846344e-02,7.303934693336486816e-01,-6.355465948581695557e-02,7.243938744068145752e-02,6.270299553871154785e-01,7.730115056037902832e-01,0.000000000000000000e+00,0.000000000000000000e+00,6.320250779390335083e-02,-1.144659519195556641e+00,4.343844354152679443e-01,-3.647032082080841064e-01,-1.327609457075595856e-02,1.200470805168151855e+00,2.541588544845581055e-01,5.894578695297241211e-01,8.176354318857192993e-02,-1.979693770408630371e-01,-2.502073720097541809e-02,-1.320569589734077454e-02,1.113138422369956970e-01,-3.037677109241485596e-01,1.625403314828872681e-01,-7.096610069274902344e-01,-1.568254232406616211e-01,-5.694873258471488953e-02,5.330860614776611328e-01,-9.788359701633453369e-02,9.707774966955184937e-02
1.313220243901014328e-02,-2.186874672770500183e-02,7.298588156700134277e-01,-6.692021340131759644e-02,7.908441126346588135e-02,6.181116700172424316e-01,7.792337536811828613e-01,0.000000000000000000e+00,0.000000000000000000e+00,6.292638927698135376e-02,-1.133368730545043945e+00,4.026852250099182129e-01,-3.612145781517028809e-01,-6.159833632409572601e-03,1.185631036758422852e+00,2.175291329622268677e-01,5.855423212051391602e-01,9.448655694723129272e-02,-2.016750723123550415e-01,-2.099685929715633392e-02,-7.399339228868484497e-03,1.121722459793090820e-01,-3.119032084941864014e-01,1.578387469053268433e-01,-7.485553026199340820e-01,-1.756985485553741455e-01,-5.898823589086532593e-02,4.856069087982177734e-01,-8.893644809722900391e-02,1.040525287389755249e-01
1.889255456626415253e-02,-1.605451293289661407e-02,7.291071414947509766e-01,-6.883360445499420166e-02,8.438480645418167114e-02,6.094013452529907227e-01,7.853478193283081055e-01,0.000000000000000000e+00,0.000000000000000000e+00,5.745520070195198059e-02,-1.124053716659545898e+00,3.717881739139556885e-01,-3.559757471084594727e-01,-1.543599064461886883e-03,1.171153187751770020e+00,1.781268268823623657e-01,5.735802054405212402e-01,1.066323444247245789e-01,-2.022222131490707397e-01,-1.613948866724967957e-02,-1.070467289537191391e-03,1.155248731374740601e-01,-3.163222968578338623e-01,1.539308130741119385e-01,-7.754803895950317383e-01,-1.953227519989013672e-01,-6.092247366905212402e-02,4.137720763683319092e-01,-7.632464170455932617e-02,1.105009093880653381e-01
2.583791315555572510e-02,-1.004366111010313034e-02,7.279177904129028320e-01,-6.984729319810867310e-02,9.111108630895614624e-02,6.017190814018249512e-01,7.904139757156372070e-01,0.000000000000000000e+00,0.000000000000000000e+00,4.926691204309463501e-02,-1.114535808563232422e+00,3.483007550239562988e-01,-3.530119955539703369e-01,4.694963863585144281e-04,1.157500505447387695e+00,1.429323703050613403e-01,5.562517642974853516e-01,1.170907393097877502e-01,-2.034207135438919067e-01,-1.360750477761030197e-02,4.082181025296449661e-03,1.191167756915092468e-01,-3.182066977024078369e-01,1.441214084625244141e-01,-7.944579124450683594e-01,-2.141885161399841309e-01,-6.450848281383514404e-02,3.337493240833282471e-01,-5.655965209007263184e-02,1.204973235726356506e-01
3.379916027188301086e-02,-4.025644622743129730e-03,7.263391017913818359e-01,-7.021361589431762695e-02,9.777490794658660889e-02,5.966043472290039062e-01,7.934566140174865723e-01,0.000000000000000000e+00,0.000000000000000000e+00,3.980080038309097290e-02,-1.105708360671997070e+00,3.303255140781402588e-01,-3.530882894992828369e-01,1.926889875903725624e-03,1.143319129943847656e+00,1.213901340961456299e-01,5.382167696952819824e-01,1.255368739366531372e-01,-2.044490277767181396e-01,-1.105472538620233536e-02,6.669552996754646301e-03,1.242790743708610535e-01,-3.222663998603820801e-01,1.360246092081069946e-01,-8.080295324325561523e-01,-2.292126864194869995e-01,-6.773825734853744507e-02,2.553854286670684814e-01,-4.009373858571052551e-02,1.326630264520645142e-01
4.223616793751716614e-02,2.167289610952138901e-03,7.243265509605407715e-01,-6.983331590890884399e-02,1.041577756404876709e-01,5.902602076530456543e-01,7.974128723144531250e-01,0.000000000000000000e+00,0.000000000000000000e+00,2.789893187582492828e-02,-1.098322272300720215e+00,3.186908960342407227e-01,-3.550006747245788574e-01,5.829566507600247860e-04,1.129643440246582031e+00,1.079907938838005066e-01,5.205949544906616211e-01,1.334394514560699463e-01,-2.035859972238540649e-01,-8.154802955687046051e-03,1.117852237075567245e-02,1.314449310302734375e-01,-3.268068432807922363e-01,1.243804469704627991e-01,-8.199802637100219727e-01,-2.408891320228576660e-01,-6.963615864515304565e-02,1.856763809919357300e-01,-2.252617105841636658e-02,1.447789520025253296e-01
5.148652195930480957e-02,8.941284380853176117e-03,7.215338945388793945e-01,-6.959105283021926880e-02,1.110998988151550293e-01,5.852581262588500977e-01,8.001792430877685547e-01,0.000000000000000000e+00,0.000000000000000000e+00,1.475452538579702377e-02,-1.094325542449951172e+00,3.054602444171905518e-01,-3.573184907436370850e-01,-1.021737465634942055e-03,1.117138504981994629e+00,9.986656904220581055e-02,5.065966248512268066e-01,1.419402807950973511e-01,-2.061882913112640381e-01,-5.645276512950658798e-03,1.070314738899469376e-02,1.444795578718185425e-01,-3.365610539913177490e-01,1.152526587247848511e-01,-8.343251943588256836e-01,-2.523545622825622559e-01,-7.508587092161178589e-02,1.420195102691650391e-01,3.289368236437439919e-03,1.594316214323043823e-01
6.130550801753997803e-02,1.636780053377151489e-02,7.181138396263122559e-01,-6.928832828998565674e-02,1.184179857373237610e-01,5.801010131835937500e-01,8.029066324234008789e-01,0.000000000000000000e+00,0.000000000000000000e+00,-1.594035893504042178e-05,-1.091462492942810059e+00,2.932277023792266846e-01,-3.624731898307800293e-01,-4.533145576715469360e-03,1.103561639785766602e+00,9.873691201210021973e-02,4.977807998657226562e-01,1.536809206008911133e-01,-2.125886678695678711e-01,-4.063573200255632401e-03,5.463954061269760132e-03,1.652285754680633545e-01,-3.491659462451934814e-01,1.072500646114349365e-01,-8.523138761520385742e-01,-2.634272277355194092e-01,-7.696470618247985840e-02,1.275111585855484009e-01,3.173514828085899353e-02,1.724414229393005371e-01
7.135202735662460327e-02,2.478543668985366821e-02,7.137879133224487305e-01,-7.048450410366058350e-02,1.257237941026687622e-01,5.743857026100158691e-01,8.057956099510192871e-01,0.000000000000000000e+00,0.000000000000000000e+00,-1.559525448828935623e-02,-1.091793417930603027e+00,2.808979451656341553e-01,-3.676882684230804443e-01,-8.345047011971473694e-03,1.089880466461181641e+00,1.066580340266227722e-01,4.957287907600402832e-01,1.660567671060562134e-01,-2.256308048963546753e-01,-6.036360864527523518e-04,-3.675768384709954262e-03,1.979198902845382690e-01,-3.714509606361389160e-01,1.092613562941551208e-01,-8.777658939361572266e-01,-2.734922766685485840e-01,-7.628554850816726685e-02,1.481955200433731079e-01,6.004275754094123840e-02,1.807191669940948486e-01
8.188019692897796631e-02,3.400906920433044434e-02,7.083501219749450684e-01,-7.233139127492904663e-02,1.334288567304611206e-01,5.688678026199340820e-01,8.083033561706542969e-01,0.000000000000000000e+00,0.000000000000000000e+00,-3.155598789453506470e-02,-1.091452956199645996e+00,2.709325850009918213e-01,-3.813175857067108154e-01,-1.441159006208181381e-02,1.076628804206848145e+00,1.215430200099945068e-01,4.971248209476470947e-01,1.744436323642730713e-01,-2.474169880151748657e-01,2.613061573356389999e-03,-1.953277364373207092e-02,2.464558631181716919e-01,-4.044950008392333984e-01,1.174065694212913513e-01,-9.088357090950012207e-01,-2.787579894065856934e-01,-7.691501826047897339e-02,1.991705149412155151e-01,7.802526652812957764e-02,1.817787438631057739e-01
9.199996292591094971e-02,4.443028196692466736e-02,7.031123638153076172e-01,-7.791836559772491455e-02,1.404615938663482666e-01,5.614870786666870117e-01,8.117459416389465332e-01,0.000000000000000000e+00,0.000000000000000000e+00,-4.543030634522438049e-02,-1.088306784629821777e+00,2.652528584003448486e-01,-3.881013393402099609e-01,-2.080479077994823456e-02,1.066404581069946289e+00,1.435311585664749146e-01,5.086463093757629395e-01,1.779554933309555054e-01,-2.894575595855712891e-01,1.118887122720479965e-02,-4.010156542062759399e-02,3.245940506458282471e-01,-4.371847212314605713e-01,1.324836462736129761e-01,-9.538993239402770996e-01,-2.733725905418395996e-01,-7.341952621936798096e-02,2.859827578067779541e-01,7.999411970376968384e-02,1.731923818588256836e-01
1.017683073878288269e-01,5.550096556544303894e-02,6.974641084671020508e-01,-8.604546636343002319e-02,1.460583955049514771e-01,5.534279346466064453e-01,8.154634237289428711e-01,0.000000000000000000e+00,0.000000000000000000e+00,-6.262173503637313843e-02,-1.084763646125793457e+00,2.589616775512695312e-01,-3.903740346431732178e-01,-3.079944849014282227e-02,1.054915547370910645e+00,1.728203445672988892e-01,5.283402204513549805e-01,1.704681515693664551e-01,-3.460993766784667969e-01,2.084664441645145416e-02,-6.572367995977401733e-02,4.332418143749237061e-01,-4.739297330379486084e-01,1.512779444456100464e-01,-1.021533846855163574e+00,-2.537107467651367188e-01,-6.503552943468093872e-02,4.021384418010711670e-01,5.502843111753463745e-02,1.558049023151397705e-01
1.123212352395057678e-01,6.785117834806442261e-02,6.923807263374328613e-01,-9.645387530326843262e-02,1.558761447668075562e-01,5.442582964897155762e-01,8.186465501785278320e-01,0.000000000000000000e+00,0.000000000000000000e+00,-7.915526628494262695e-02,-1.074840426445007324e+00,2.598927617073059082e-01,-3.960175514221191406e-01,-4.538637399673461914e-02,1.042025923728942871e+00,2.154844105243682861e-01,5.576983094215393066e-01,1.556914150714874268e-01,-4.170099198818206787e-01,2.315982989966869354e-02,-9.587553143501281738e-02,5.618801116943359375e-01,-5.059657096862792969e-01,1.683096885681152344e-01,-1.100536346435546875e+00,-2.204277962446212769e-01,-5.252917483448982239e-02,5.201897025108337402e-01,1.395857520401477814e-02,1.329703480005264282e-01
1.222152411937713623e-01,7.971884310245513916e-02,6.845372915267944336e-01,-1.067418456077575684e-01,1.628452241420745850e-01,5.344169735908508301e-01,8.224877715110778809e-01,0.000000000000000000e+00,0.000000000000000000e+00,-9.221658110618591309e-02,-1.058891415596008301e+00,2.614965140819549561e-01,-4.024413228034973145e-01,-6.377703696489334106e-02,1.025759816169738770e+00,2.620417773723602295e-01,5.900373458862304688e-01,1.420552730560302734e-01,-4.840765297412872314e-01,3.590391576290130615e-02,-1.087431833148002625e-01,6.943161487579345703e-01,-5.146526694297790527e-01,1.771697103977203369e-01,-1.182356715202331543e+00,-1.797749251127243042e-01,-3.962906450033187866e-02,6.414948105812072754e-01,-4.472438618540763855e-02,1.052736788988113403e-01
1.318445205688476562e-01,9.125693887472152710e-02,6.753068566322326660e-01,-1.166724190115928650e-01,1.695996224880218506e-01,5.238821506500244141e-01,8.265416026115417480e-01,0.000000000000000000e+00,0.000000000000000000e+00,-1.050571203231811523e-01,-1.041560530662536621e+00,2.640859186649322510e-01,-4.102126657962799072e-01,-8.196366578340530396e-02,1.005879163742065430e+00,3.025080859661102295e-01,6.260725855827331543e-01,1.274333149194717407e-01,-5.405898690223693848e-01,5.280589684844017029e-02,-1.130499765276908875e-01,8.112549185752868652e-01,-4.848397672176361084e-01,1.706308722496032715e-01,-1.261093258857727051e+00,-1.364841759204864502e-01,-3.252362087368965149e-02,7.572277784347534180e-01,-1.025637611746788025e-01,7.964812964200973511e-02
1.414861977100372314e-01,1.019463613629341125e-01,6.644967794418334961e-01,-1.240669265389442444e-01,1.771209985017776489e-01,5.129797458648681641e-01,8.307149410247802734e-01,0.000000000000000000e+00,0.000000000000000000e+00,-1.155473440885543823e-01,-1.023096084594726562e+00,2.626836895942687988e-01,-4.187726676464080811e-01,-1.028065755963325500e-01,9.817222356796264648e-01,3.362562358379364014e-01,6.614347696304321289e-01,1.114483848214149475e-01,-5.834121704101562500e-01,6.349856406450271606e-02,-1.224731504917144775e-01,9.115402102470397949e-01,-4.327490031719207764e-01,1.547280400991439819e-01,-1.338921546936035156e+00,-9.439381211996078491e-02,-2.789105474948883057e-02,8.706296682357788086e-01,-1.615101695060729980e-01,5.138012766838073730e-02
1.501988023519515991e-01,1.117163002490997314e-01,6.526003479957580566e-01,-1.303466260433197021e-01,1.833198964595794678e-01,5.018732547760009766e-01,8.351806998252868652e-01,0.000000000000000000e+00,0.000000000000000000e+00,-1.236573308706283569e-01,-1.005734801292419434e+00,2.605583071708679199e-01,-4.241601526737213135e-01,-1.238218024373054504e-01,9.563521146774291992e-01,3.655646145343780518e-01,6.932613849639892578e-01,9.869787096977233887e-02,-6.157011389732360840e-01,7.301286607980728149e-02,-1.291220039129257202e-01,9.980944991111755371e-01,-3.697579205036163330e-01,1.326248943805694580e-01,-1.410547852516174316e+00,-5.503288656473159790e-02,-2.772985212504863739e-02,9.772599935531616211e-01,-2.202771902084350586e-01,2.273692749440670013e-02
1.575786769390106201e-01,1.210636869072914124e-01,6.396260857582092285e-01,-1.374804377555847168e-01,1.885939985513687134e-01,4.899981915950775146e-01,8.399007320404052734e-01,0.000000000000000000e+00,0.000000000000000000e+00,-1.281355023384094238e-01,-9.868791103363037109e-01,2.555824518203735352e-01,-4.281382262706756592e-01,-1.470594108104705811e-01,9.263906478881835938e-01,3.917981684207916260e-01,7.214170694351196289e-01,8.805207163095474243e-02,-6.437973380088806152e-01,8.199363946914672852e-02,-1.343830078840255737e-01,1.080727696418762207e+00,-3.016817569732666016e-01,1.120569780468940735e-01,-1.479667067527770996e+00,-1.627714559435844421e-02,-3.305263072252273560e-02,1.077349543571472168e+00,-2.762946188449859619e-01,-3.403692739084362984e-03
1.640846431255340576e-01,1.289864629507064819e-01,6.263688206672668457e-01,-1.417670994997024536e-01,1.925588697195053101e-01,4.810115993022918701e-01,8.434755802154541016e-01,0.000000000000000000e+00,0.000000000000000000e+00,-1.324397623538970947e-01,-9.703859686851501465e-01,2.520360052585601807e-01,-4.286808669567108154e-01,-1.696247756481170654e-01,8.971460461616516113e-01,4.141378104686737061e-01,7.483602166175842285e-01,7.739139348268508911e-02,-6.625379323959350586e-01,8.297105133533477783e-02,-1.431829780340194702e-01,1.152915835380554199e+00,-2.342351078987121582e-01,8.537724614143371582e-02,-1.542587757110595703e+00,1.485692150890827179e-02,-3.878599405288696289e-02,1.173828125000000000e+00,-3.274278640747070312e-01,-3.176669403910636902e-02
1.697594821453094482e-01,1.361709386110305786e-01,6.133683323860168457e-01,-1.443438678979873657e-01,1.970594972372055054e-01,4.724225997924804688e-01,8.468466997146606445e-01,0.000000000000000000e+00,0.000000000000000000e+00,-1.343531459569931030e-01,-9.517215490341186523e-01,2.504570782184600830e-01,-4.318335056304931641e-01,-1.925354301929473877e-01,8.668324351310729980e-01,4.382497370243072510e-01,7.718194723129272461e-01,6.698028743267059326e-02,-6.740882992744445801e-01,7.355477660894393921e-02,-1.535057425498962402e-01,1.215178847312927246e+00,-1.777871400117874146e-01,5.681414157152175903e-02,-1.602251410484313965e+00,4.114592820405960083e-02,-4.466571286320686340e-02,1.263074040412902832e+00,-3.712107539176940918e-01,-5.611196905374526978e-02
1.741026043891906738e-01,1.428760588169097900e-01,6.006532907485961914e-01,-1.469325125217437744e-01,2.007151395082473755e-01,4.640381634235382080e-01,8.501722812652587891e-01,0.000000000000000000e+00,0.000000000000000000e+00,-1.349842697381973267e-01,-9.353751540184020996e-01,2.439228445291519165e-01,-4.319643974304199219e-01,-2.139434367418289185e-01,8.379539251327514648e-01,4.567885696887969971e-01,7.894924283027648926e-01,6.049378961324691772e-02,-6.838886141777038574e-01,6.511372327804565430e-02,-1.580520272254943848e-01,1.273964762687683105e+00,-1.301508694887161255e-01,3.215796127915382385e-02,-1.657487630844116211e+00,6.182213872671127319e-02,-5.190557241439819336e-02,1.345170497894287109e+00,-4.086282849311828613e-01,-7.752977311611175537e-02
1.779739558696746826e-01,1.494086831808090210e-01,5.884292721748352051e-01,-1.493704915046691895e-01,2.063973844051361084e-01,4.580291807651519775e-01,8.516442179679870605e-01,0.000000000000000000e+00,0.000000000000000000e+00,-1.360805034637451172e-01,-9.230507612228393555e-01,2.306813597679138184e-01,-4.305605888366699219e-01,-2.344166636466979980e-01,8.113489747047424316e-01,4.713574647903442383e-01,8.000206351280212402e-01,5.068979412317276001e-02,-6.951575875282287598e-01,5.112933367490768433e-02,-1.616008728742599487e-01,1.329106807708740234e+00,-1.031715944409370422e-01,1.021829713135957718e-02,-1.713749885559082031e+00,7.769951224327087402e-02,-5.799283832311630249e-02,1.420947909355163574e+00,-4.397565722465515137e-01,-9.712217003107070923e-02
1.804623752832412720e-01,1.547404378652572632e-01,5.754183530807495117e-01,-1.500181406736373901e-01,2.088291794061660767e-01,4.547434747219085693e-01,8.526976704597473145e-01,0.000000000000000000e+00,0.000000000000000000e+00,-1.321987956762313843e-01,-9.109719395637512207e-01,2.170398533344268799e-01,-4.268253147602081299e-01,-2.523862421512603760e-01,7.897261977195739746e-01,4.842448830604553223e-01,8.049174547195434570e-01,3.996801748871803284e-02,-7.003757357597351074e-01,3.633834421634674072e-02,-1.644427776336669922e-01,1.385893702507019043e+00,-8.938287943601608276e-02,-1.341641228646039963e-02,-1.764660716056823730e+00,8.686347305774688721e-02,-6.580492854118347168e-02,1.498313069343566895e+00,-4.717296063899993896e-01,-1.202174350619316101e-01
1.818620115518569946e-01,1.590603590011596680e-01,5.631896853446960449e-01,-1.488711684942245483e-01,2.088596522808074951e-01,4.541296064853668213e-01,8.532181978225708008e-01,0.000000000000000000e+00,0.000000000000000000e+00,-1.240378394722938538e-01,-9.007939100265502930e-01,1.997774541378021240e-01,-4.236882627010345459e-01,-2.647202312946319580e-01,7.679558396339416504e-01,4.953333735466003418e-01,8.077833056449890137e-01,2.545909956097602844e-02,-6.970589756965637207e-01,2.248225361108779907e-02,-1.635675132274627686e-01,1.434766530990600586e+00,-8.440642803907394409e-02,-3.220981732010841370e-02,-1.799999952316284180e+00,9.286364167928695679e-02,-7.243414968252182007e-02,1.561349868774414062e+00,-4.951930940151214600e-01,-1.384690999984741211e-01
1.812030076980590820e-01,1.618056446313858032e-01,5.515112280845642090e-01,-1.457331329584121704e-01,2.007835060358047485e-01,4.561144411563873291e-01,8.546388149261474609e-01,0.000000000000000000e+00,0.000000000000000000e+00,-9.941146522760391235e-02,-8.873479366302490234e-01,1.860592663288116455e-01,-4.203840792179107666e-01,-2.641163468360900879e-01,7.515708804130554199e-01,5.092865228652954102e-01,8.058017492294311523e-01,9.355872869491577148e-03,-6.759433746337890625e-01,1.299994066357612610e-02,-1.626454293727874756e-01,1.479335427284240723e+00,-8.475512266159057617e-02,-4.699777811765670776e-02,-1.799999952316284180e+00,9.587179124355316162e-02,-8.183788508176803589e-02,1.603613972663879395e+00,-5.166350603103637695e-01,-1.550576388835906982e-01
1.800226718187332153e-01,1.637293696403503418e-01,5.400676131248474121e-01,-1.408205926418304443e-01,1.921970099210739136e-01,4.592677652835845947e-01,8.557470440864562988e-01,0.000000000000000000e+00,0.000000000000000000e+00,-7.510174810886383057e-02,-8.749947547912597656e-01,1.701986640691757202e-01,-4.184530079364776611e-01,-2.642013728618621826e-01,7.392925620079040527e-01,5.197887420654296875e-01,8.017987608909606934e-01,-6.530141923576593399e-03,-6.513115167617797852e-01,-1.779840211383998394e-03,-1.610991507768630981e-01,1.518052697181701660e+00,-8.186507970094680786e-02,-6.767275184392929077e-02,-1.799999952316284180e+00,9.239928424358367920e-02,-8.890652656555175781e-02,1.648130774497985840e+00,-5.390640497207641602e-01,-1.696905046701431274e-01
1.778203547000885010e-01,1.657602339982986450e-01,5.291140079498291016e-01,-1.379810720682144165e-01,1.824791133403778076e-01,4.600838422775268555e-01,8.578959107398986816e-01,0.000000000000000000e+00,0.000000000000000000e+00,-4.325760528445243835e-02,-8.601342439651489258e-01,1.531083583831787109e-01,-4.167077839374542236e-01,-2.631039023399353027e-01,7.333234548568725586e-01,5.320595502853393555e-01,7.954081892967224121e-01,-1.567593216896057129e-02,-6.251872777938842773e-01,-1.040353998541831970e-02,-1.584049612283706665e-01,1.551142454147338867e+00,-9.464617073535919189e-02,-7.957744598388671875e-02,-1.799999952316284180e+00,8.676604181528091431e-02,-9.768101572990417480e-02,1.691036820411682129e+00,-5.603373050689697266e-01,-1.793875247240066528e-01
1.751447319984436035e-01,1.675141453742980957e-01,5.183148980140686035e-01,-1.352508664131164551e-01,1.726656258106231689e-01,4.606435894966125488e-01,8.600588440895080566e-01,0.000000000000000000e+00,0.000000000000000000e+00,-1.437711529433727264e-02,-8.469760417938232422e-01,1.344784051179885864e-01,-4.116707742214202881e-01,-2.635459899902343750e-01,7.286922931671142578e-01,5.416429638862609863e-01,7.925077080726623535e-01,-2.263803221285343170e-02,-5.994239449501037598e-01,-2.060393989086151123e-02,-1.554308682680130005e-01,1.580774784088134766e+00,-9.500845521688461304e-02,-9.648449718952178955e-02,-1.799999952316284180e+00,7.824220508337020874e-02,-1.049347072839736938e-01,1.732370495796203613e+00,-5.830496549606323242e-01,-1.866509169340133667e-01
1.724253892898559570e-01,1.694381833076477051e-01,5.089520215988159180e-01,-1.336251944303512573e-01,1.643876880407333374e-01,4.607578516006469727e-01,8.618718981742858887e-01,0.000000000000000000e+00,0.000000000000000000e+00,1.326841395348310471e-02,-8.352587223052978516e-01,1.162522882223129272e-01,-4.028871059417724609e-01,-2.638240456581115723e-01,7.264370918273925781e-01,5.500192642211914062e-01,7.898755073547363281e-01,-2.774196490645408630e-02,-5.774401426315307617e-01,-3.547439351677894592e-02,-1.553677022457122803e-01,1.606953740119934082e+00,-9.822309017181396484e-02,-1.120756417512893677e-01,-1.799999952316284180e+00,7.033873349428176880e-02,-1.096398532390594482e-01,1.767219781875610352e+00,-6.012459993362426758e-01,-1.944951266050338745e-01
1.700210571289062500e-01,1.711564809083938599e-01,5.011864900588989258e-01,-1.320989280939102173e-01,1.577852666378021240e-01,4.626074433326721191e-01,8.623502850532531738e-01,0.000000000000000000e+00,0.000000000000000000e+00,3.645831719040870667e-02,-8.254210948944091797e-01,9.730033576488494873e-02,-3.957845866680145264e-01,-2.639943361282348633e-01,7.232311964035034180e-01,5.576059222221374512e-01,7.887398600578308105e-01,-3.404163569211959839e-02,-5.584924221038818359e-01,-5.355825275182723999e-02,-1.580284982919692993e-01,1.627350091934204102e+00,-1.038817390799522400e-01,-1.285132318735122681e-01,-1.799999952316284180e+00,6.282505393028259277e-02,-1.103909462690353394e-01,1.796490669250488281e+00,-6.181728839874267578e-01,-1.995027512311935425e-01
1.671529710292816162e-01,1.729158461093902588e-01,4.933675229549407959e-01,-1.320136338472366333e-01,1.506295204162597656e-01,4.623232483863830566e-01,8.637941479682922363e-01,0.000000000000000000e+00,0.000000000000000000e+00,5.870451033115386963e-02,-8.159631490707397461e-01,7.460826635360717773e-02,-3.870073258876800537e-01,-2.615398168563842773e-01,7.208560109138488770e-01,5.644295811653137207e-01,7.869889736175537109e-01,-3.540233150124549866e-02,-5.404035449028015137e-01,-6.452149897813796997e-02,-1.580205112695693970e-01,1.647697687149047852e+00,-1.072681173682212830e-01,-1.408332437276840210e-01,-1.799999952316284180e+00,5.387630313634872437e-02,-1.135141998529434204e-01,1.824405789375305176e+00,-6.352320909500122070e-01,-2.014610469341278076e-01
1.646339595317840576e-01,1.745100617408752441e-01,4.867678880691528320e-01,-1.320148408412933350e-01,1.449376046657562256e-01,4.627192914485931396e-01,8.645553588867187500e-01,0.000000000000000000e+00,0.000000000000000000e+00,7.811153680086135864e-02,-8.062911629676818848e-01,5.349422991275787354e-02,-3.824283480644226074e-01,-2.580814957618713379e-01,7.194636464118957520e-01,5.666211247444152832e-01,7.857080698013305664e-01,-3.725444898009300232e-02,-5.244631171226501465e-01,-7.726871967315673828e-02,-1.596329361200332642e-01,1.663073301315307617e+00,-1.116089895367622375e-01,-1.524512618780136108e-01,-1.799999952316284180e+00,4.580140858888626099e-02,-1.142852902412414551e-01,1.847428321838378906e+00,-6.479000449180603027e-01,-2.044406086206436157e-01
1.622070223093032837e-01,1.760721057653427124e-01,4.809144437313079834e-01,-1.330290138721466064e-01,1.399342566728591919e-01,4.636041820049285889e-01,8.647501468658447266e-01,0.000000000000000000e+00,0.000000000000000000e+00,9.291842579841613770e-02,-7.972161173820495605e-01,3.455886617302894592e-02,-3.805314898490905762e-01,-2.541146874427795410e-01,7.174183726310729980e-01,5.713007450103759766e-01,7.862367630004882812e-01,-4.007719829678535461e-02,-5.115221738815307617e-01,-8.872780203819274902e-02,-1.620331704616546631e-01,1.678407073020935059e+00,-1.178868860006332397e-01,-1.648972034454345703e-01,-1.799999952316284180e+00,3.757287934422492981e-02,-1.162750273942947388e-01,1.866685152053833008e+00,-6.588363647460937500e-01,-2.086186110973358154e-01
1.596726477146148682e-01,1.773803830146789551e-01,4.757501184940338135e-01,-1.341225504875183105e-01,1.348435729742050171e-01,4.630770981311798096e-01,8.656719923019409180e-01,0.000000000000000000e+00,0.000000000000000000e+00,1.061910688877105713e-01,-7.902272343635559082e-01,1.881380937993526459e-02,-3.781705796718597412e-01,-2.501100897789001465e-01,7.174661159515380859e-01,5.737325549125671387e-01,7.883030772209167480e-01,-3.990732133388519287e-02,-5.000334978103637695e-01,-9.854880720376968384e-02,-1.628085225820541382e-01,1.692571163177490234e+00,-1.114965975284576416e-01,-1.772310286760330200e-01,-1.799999952316284180e+00,3.150469809770584106e-02,-1.178583279252052307e-01,1.882931232452392578e+00,-6.696905493736267090e-01,-2.086850851774215698e-01
1.576335877180099487e-01,1.786699742078781128e-01,4.718728065490722656e-01,-1.352234184741973877e-01,1.316222399473190308e-01,4.626479446887969971e-01,8.662257790565490723e-01,0.000000000000000000e+00,0.000000000000000000e+00,1.165053471922874451e-01,-7.835599780082702637e-01,6.505302153527736664e-03,-3.746781647205352783e-01,-2.458288818597793579e-01,7.190195322036743164e-01,5.791628956794738770e-01,7.909291386604309082e-01,-3.890250995755195618e-02,-4.934153854846954346e-01,-1.086638048291206360e-01,-1.640054285526275635e-01,1.704205393791198730e+00,-1.068011149764060974e-01,-1.891435384750366211e-01,-1.799999952316284180e+00,2.540718577802181244e-02,-1.178850457072257996e-01,1.895250678062438965e+00,-6.796663403511047363e-01,-2.139221131801605225e-01
1.557762920856475830e-01,1.799632459878921509e-01,4.690505564212799072e-01,-1.370062083005905151e-01,1.292192041873931885e-01,4.620591700077056885e-01,8.666216135025024414e-01,0.000000000000000000e+00,0.000000000000000000e+00,1.215119883418083191e-01,-7.787951231002807617e-01,-3.625018522143363953e-03,-3.730990290641784668e-01,-2.407186627388000488e-01,7.200743556022644043e-01,5.853711366653442383e-01,7.931737303733825684e-01,-3.924913704395294189e-02,-4.884117543697357178e-01,-1.173811256885528564e-01,-1.655704081058502197e-01,1.712540507316589355e+00,-1.052207574248313904e-01,-1.995033323764801025e-01,-1.799999952316284180e+00,2.043021656572818756e-02,-1.195999458432197571e-01,1.902791976928710938e+00,-6.866748332977294922e-01,-2.150134146213531494e-01
1.539626270532608032e-01,1.811998635530471802e-01,4.666427373886108398e-01,-1.393149048089981079e-01,1.269853562116622925e-01,4.613257944583892822e-01,8.669744133949279785e-01,0.000000000000000000e+00,0.000000000000000000e+00,1.248941347002983093e-01,-7.735720872879028320e-01,-1.217877957969903946e-02,-3.715611398220062256e-01,-2.363521456718444824e-01,7.222431302070617676e-01,5.910363197326660156e-01,7.952435016632080078e-01,-3.851169720292091370e-02,-4.855924248695373535e-01,-1.224082708358764648e-01,-1.669161170721054077e-01,1.720858931541442871e+00,-1.040552482008934021e-01,-2.061799019575119019e-01,-1.799999952316284180e+00,1.620023325085639954e-02,-1.216481849551200867e-01,1.908695697784423828e+00,-6.935875415802001953e-01,-2.177675217390060425e-01
1.520731598138809204e-01,1.824805736541748047e-01,4.642416536808013916e-01,-1.423493325710296631e-01,1.246181130409240723e-01,4.602670669555664062e-01,8.673875927925109863e-01,0.000000000000000000e+00,0.000000000000000000e+00,1.282354742288589478e-01,-7.688261270523071289e-01,-1.812935993075370789e-02,-3.682653903961181641e-01,-2.320275008678436279e-01,7.256866693496704102e-01,5.967866778373718262e-01,7.978484034538269043e-01,-3.759037330746650696e-02,-4.829091131687164307e-01,-1.275826394557952881e-01,-1.687626838684082031e-01,1.729209661483764648e+00,-9.660100191831588745e-02,-2.174104303121566772e-01,-1.799999952316284180e+00,1.316865067929029465e-02,-1.252381801605224609e-01,1.913237333297729492e+00,-6.976230740547180176e-01,-2.203695923089981079e-01
1.506886780261993408e-01,1.837301105260848999e-01,4.627539217472076416e-01,-1.448903083801269531e-01,1.239932850003242493e-01,4.596560597419738770e-01,8.673804402351379395e-01,0.000000000000000000e+00,0.000000000000000000e+00,1.250381916761398315e-01,-7.684243321418762207e-01,-2.430671639740467072e-02,-3.652611374855041504e-01,-2.301385402679443359e-01,7.266186475753784180e-01,5.998249650001525879e-01,8.013796806335449219e-01,-3.806397318840026855e-02,-4.838961958885192871e-01,-1.340209096670150757e-01,-1.698857247829437256e-01,1.734890580177307129e+00,-8.718340843915939331e-02,-2.265207767486572266e-01,-1.799999952316284180e+00,1.100497040897607803e-02,-1.271085441112518311e-01,1.914473772048950195e+00,-7.014175057411193848e-01,-2.220744341611862183e-01
1.492831707000732422e-01,1.848918795585632324e-01,4.615621268749237061e-01,-1.480878740549087524e-01,1.227377206087112427e-01,4.590819478034973145e-01,8.673230409622192383e-01,0.000000000000000000e+00,0.000000000000000000e+00,1.276078522205352783e-01,-7.644659280776977539e-01,-2.725975960493087769e-02,-3.632173538208007812e-01,-2.252841293811798096e-01,7.346864342689514160e-01,6.022354364395141602e-01,7.985233068466186523e-01,-3.992967307567596436e-02,-4.822865128517150879e-01,-1.373535692691802979e-01,-1.723692864179611206e-01,1.738872766494750977e+00,-8.808767795562744141e-02,-2.349519133567810059e-01,-1.799999952316284180e+00,8.618495427072048187e-03,-1.326349824666976929e-01,1.915043592453002930e+00,-7.049486637115478516e-01,-2.254122793674468994e-01
1.478938162326812744e-01,1.862188130617141724e-01,4.603682756423950195e-01,-1.521529257297515869e-01,1.218597739934921265e-01,4.583217501640319824e-01,8.671452403068542480e-01,0.000000000000000000e+00,0.000000000000000000e+00,1.275547444820404053e-01,-7.603119611740112305e-01,-3.125444427132606506e-02,-3.628119826316833496e-01,-2.223187237977981567e-01,7.410251498222351074e-01,6.054608225822448730e-01,7.957414984703063965e-01,-4.225955903530120850e-02,-4.824948608875274658e-01,-1.380830556154251099e-01,-1.743121296167373657e-01,1.743428587913513184e+00,-9.161852300167083740e-02,-2.425725609064102173e-01,-1.799999952316284180e+00,7.218357641249895096e-03,-1.393989920616149902e-01,1.913711071014404297e+00,-7.064824104309082031e-01,-2.254294604063034058e-01
1.466056406497955322e-01,1.873614639043807983e-01,4.595362246036529541e-01,-1.560435891151428223e-01,1.210127249360084534e-01,4.581807553768157959e-01,8.666468262672424316e-01,0.000000000000000000e+00,0.000000000000000000e+00,1.263668537139892578e-01,-7.566081285476684570e-01,-3.466088324785232544e-02,-3.635110259056091309e-01,-2.196110785007476807e-01,7.465434670448303223e-01,6.070362329483032227e-01,7.917612195014953613e-01,-4.600868746638298035e-02,-4.830811619758605957e-01,-1.377090960741043091e-01,-1.758769899606704712e-01,1.747200608253479004e+00,-9.060723334550857544e-02,-2.497896403074264526e-01,-1.799999952316284180e+00,6.206575315445661545e-03,-1.464731693267822266e-01,1.911509752273559570e+00,-7.063546776771545410e-01,-2.260302454233169556e-01
1.452540904283523560e-01,1.884252727031707764e-01,4.584871828556060791e-01,-1.597469747066497803e-01,1.198442205786705017e-01,4.572885930538177490e-01,8.666056990623474121e-01,0.000000000000000000e+00,0.000000000000000000e+00,1.264258623123168945e-01,-7.526087760925292969e-01,-4.008760303258895874e-02,-3.638580739498138428e-01,-2.180005908012390137e-01,7.525768876075744629e-01,6.062576174736022949e-01,7.877678871154785156e-01,-4.863443970680236816e-02,-4.831407666206359863e-01,-1.381952911615371704e-01,-1.765891313552856445e-01,1.751886367797851562e+00,-8.683706820011138916e-02,-2.590368688106536865e-01,-1.799999952316284180e+00,5.812833551317453384e-03,-1.535296142101287842e-01,1.909695148468017578e+00,-7.056252956390380859e-01,-2.242314517498016357e-01
1.440866887569427490e-01,1.895032227039337158e-01,4.575994610786437988e-01,-1.636512279510498047e-01,1.191123276948928833e-01,4.565055668354034424e-01,8.663908839225769043e-01,0.000000000000000000e+00,0.000000000000000000e+00,1.256315112113952637e-01,-7.485096454620361328e-01,-4.639334231615066528e-02,-3.644431829452514648e-01,-2.154660671949386597e-01,7.578609585762023926e-01,6.049585342407226562e-01,7.825371026992797852e-01,-5.213053151965141296e-02,-4.837560355663299561e-01,-1.374622434377670288e-01,-1.776884049177169800e-01,1.755869388580322266e+00,-8.910987526178359985e-02,-2.659310698509216309e-01,-1.799999952316284180e+00,6.230480968952178955e-03,-1.610597819089889526e-01,1.906890630722045898e+00,-7.059493064880371094e-01,-2.238367795944213867e-01
1.430761665105819702e-01,1.903247833251953125e-01,4.569458067417144775e-01,-1.671908050775527954e-01,1.183528453111648560e-01,4.569905996322631836e-01,8.655630946159362793e-01,0.000000000000000000e+00,0.000000000000000000e+00,1.231227517127990723e-01,-7.436067461967468262e-01,-5.255675315856933594e-02,-3.668523728847503662e-01,-2.130432575941085815e-01,7.622454166412353516e-01,6.033256649971008301e-01,7.777422666549682617e-01,-5.666873604059219360e-02,-4.844939112663269043e-01,-1.362695693969726562e-01,-1.795681864023208618e-01,1.759383440017700195e+00,-8.751185238361358643e-02,-2.726663649082183838e-01,-1.799999952316284180e+00,5.498364102095365524e-03,-1.682386994361877441e-01,1.904690384864807129e+00,-7.043132185935974121e-01,-2.236420661211013794e-01
1.421380788087844849e-01,1.910047978162765503e-01,4.562776088714599609e-01,-1.703234314918518066e-01,1.175112351775169373e-01,4.572183489799499512e-01,8.649464845657348633e-01,0.000000000000000000e+00,0.000000000000000000e+00,1.213101670145988464e-01,-7.385934591293334961e-01,-5.921014770865440369e-02,-3.691272437572479248e-01,-2.103282064199447632e-01,7.652332782745361328e-01,6.019159555435180664e-01,7.727352380752563477e-01,-5.988078936934471130e-02,-4.849989414215087891e-01,-1.358159929513931274e-01,-1.817836761474609375e-01,1.763003587722778320e+00,-8.843180537223815918e-02,-2.783569097518920898e-01,-1.799999952316284180e+00,5.390345118939876556e-03,-1.741635352373123169e-01,1.902938365936279297e+00,-7.034880518913269043e-01,-2.231866121292114258e-01
1.413747370243072510e-01,1.915612667798995972e-01,4.559215307235717773e-01,-1.729427874088287354e-01,1.169555187225341797e-01,4.569752216339111328e-01,8.646304607391357422e-01,0.000000000000000000e+00,0.000000000000000000e+00,1.202193051576614380e-01,-7.337116599082946777e-01,-6.427814066410064697e-02,-3.709901571273803711e-01,-2.080527096986770630e-01,7.684356570243835449e-01,6.006217598915100098e-01,7.678665518760681152e-01,-6.211792677640914917e-02,-4.854055047035217285e-01,-1.356482356786727905e-01,-1.839792132377624512e-01,1.764708876609802246e+00,-9.261006116867065430e-02,-2.837826609611511230e-01,-1.799999952316284180e+00,5.654018372297286987e-03,-1.793895214796066284e-01,1.900583148002624512e+00,-7.011043429374694824e-01,-2.214873582124710083e-01
1.407240778207778931e-01,1.919184476137161255e-01,4.553842544555664062e-01,-1.750600188970565796e-01,1.163021922111511230e-01,4.573678374290466309e-01,8.640847802162170410e-01,0.000000000000000000e+00,0.000000000000000000e+00,1.185328960418701172e-01,-7.280395030975341797e-01,-6.865459680557250977e-02,-3.722938001155853271e-01,-2.058714330196380615e-01,7.715213894844055176e-01,5.989674329757690430e-01,7.622366547584533691e-01,-6.496404856443405151e-02,-4.860522747039794922e-01,-1.346179842948913574e-01,-1.851187348365783691e-01,1.767782449722290039e+00,-8.919309824705123901e-02,-2.895759046077728271e-01,-1.799999952316284180e+00,5.675464868545532227e-03,-1.838911026716232300e-01,1.899384498596191406e+00,-6.994535326957702637e-01,-2.206610441207885742e-01
1.401308178901672363e-01,1.920612752437591553e-01,4.550463557243347168e-01,-1.763010323047637939e-01,1.155161932110786438e-01,4.570622742176055908e-01,8.640995621681213379e-01,0.000000000000000000e+00,0.000000000000000000e+00,1.170942708849906921e-01,-7.233150601387023926e-01,-7.176088541746139526e-02,-3.726176023483276367e-01,-2.042788118124008179e-01,7.743926644325256348e-01,5.977633595466613770e-01,7.564368247985839844e-01,-6.614059954881668091e-02,-4.859981536865234375e-01,-1.348381787538528442e-01,-1.857607066631317139e-01,1.769588351249694824e+00,-8.848853409290313721e-02,-2.957855761051177979e-01,-1.799999952316284180e+00,4.796453751623630524e-03,-1.874119937419891357e-01,1.898508429527282715e+00,-6.950825452804565430e-01,-2.179824262857437134e-01
1.396332383155822754e-01,1.921180039644241333e-01,4.547028243541717529e-01,-1.773199886083602905e-01,1.148059368133544922e-01,4.573078155517578125e-01,8.638557791709899902e-01,0.000000000000000000e+00,0.000000000000000000e+00,1.148539185523986816e-01,-7.182024717330932617e-01,-7.468029111623764038e-02,-3.733335733413696289e-01,-2.031214982271194458e-01,7.778041958808898926e-01,5.965017676353454590e-01,7.494520545005798340e-01,-6.746408343315124512e-02,-4.864609539508819580e-01,-1.352031975984573364e-01,-1.868201792240142822e-01,1.772186994552612305e+00,-8.525924384593963623e-02,-3.005563020706176758e-01,-1.799999952316284180e+00,4.007770679891109467e-03,-1.898703128099441528e-01,1.898226261138916016e+00,-6.936345100402832031e-01,-2.185739427804946899e-01
1.393763273954391479e-01,1.921491324901580811e-01,4.546834826469421387e-01,-1.779307276010513306e-01,1.147059798240661621e-01,4.576260745525360107e-01,8.635748624801635742e-01,0.000000000000000000e+00,0.000000000000000000e+00,1.132216900587081909e-01,-7.132288217544555664e-01,-7.528026401996612549e-02,-3.750335276126861572e-01,-2.009814679622650146e-01,7.807918190956115723e-01,5.950593352317810059e-01,7.430763244628906250e-01,-6.873344630002975464e-02,-4.873773455619812012e-01,-1.361651420593261719e-01,-1.884276568889617920e-01,1.773036479949951172e+00,-8.479338139295578003e-02,-3.022205233573913574e-01,-1.799999952316284180e+00,4.771816078573465347e-03,-1.907216161489486694e-01,1.896844863891601562e+00,-6.905147433280944824e-01,-2.155322134494781494e-01
1.391921937465667725e-01,1.921584457159042358e-01,4.547558724880218506e-01,-1.780532598495483398e-01,1.147939264774322510e-01,4.575490653514862061e-01,8.635787367820739746e-01,0.000000000000000000e+00,0.000000000000000000e+00,1.118327304720878601e-01,-7.087532281875610352e-01,-7.552452385425567627e-02,-3.769234418869018555e-01,-1.992795914411544800e-01,7.832140922546386719e-01,5.939889550209045410e-01,7.371327280998229980e-01,-7.005953788757324219e-02,-4.877943396568298340e-01,-1.391969919204711914e-01,-1.893707364797592163e-01,1.772985339164733887e+00,-8.359528332948684692e-02,-3.068141341209411621e-01,-1.799999952316284180e+00,6.745078135281801224e-03,-1.906553804874420166e-01,1.895127773284912109e+00,-6.881408691406250000e-01,-2.134136259555816650e-01
1.389754414558410645e-01,1.921940594911575317e-01,4.547518193721771240e-01,-1.780776083469390869e-01,1.147708445787429810e-01,4.572526514530181885e-01,8.637337684631347656e-01,0.000000000000000000e+00,0.000000000000000000e+00,1.114764288067817688e-01,-7.033603191375732422e-01,-7.483821362257003784e-02,-3.797077834606170654e-01,-1.978938877582550049e-01,7.855849266052246094e-01,5.942281484603881836e-01,7.322778105735778809e-01,-7.138184458017349243e-02,-4.873357713222503662e-01,-1.436299234628677368e-01,-1.905885636806488037e-01,1.772733807563781738e+00,-8.293215185403823853e-02,-3.105373680591583252e-01,-1.799999952316284180e+00,8.728145621716976166e-03,-1.905591338872909546e-01,1.893784880638122559e+00,-6.853905916213989258e-01,-2.101061046123504639e-01
1.387749016284942627e-01,1.919729411602020264e-01,4.548750519752502441e-01,-1.770655810832977295e-01,1.144115328788757324e-01,4.569689035415649414e-01,8.641395568847656250e-01,0.000000000000000000e+00,0.000000000000000000e+00,1.102273687720298767e-01,-6.986925005912780762e-01,-7.446581125259399414e-02,-3.820084333419799805e-01,-1.974071115255355835e-01,7.873672246932983398e-01,5.932545065879821777e-01,7.284281849861145020e-01,-7.196109741926193237e-02,-4.861308038234710693e-01,-1.484963297843933105e-01,-1.908865869045257568e-01,1.771890282630920410e+00,-7.996324449777603149e-02,-3.151912093162536621e-01,-1.799999952316284180e+00,9.924595244228839874e-03,-1.890617311000823975e-01,1.893474698066711426e+00,-6.803274154663085938e-01,-2.080056667327880859e-01
1.387670785188674927e-01,1.919635087251663208e-01,4.554230570793151855e-01,-1.759597957134246826e-01,1.150565445423126221e-01,4.562825262546539307e-01,8.646423220634460449e-01,0.000000000000000000e+00,0.000000000000000000e+00,1.100717037916183472e-01,-6.936586499214172363e-01,-7.317357510328292847e-02,-3.845917582511901855e-01,-1.976068168878555298e-01,7.891696095466613770e-01,5.923249125480651855e-01,7.256621122360229492e-01,-7.223498076200485229e-02,-4.864248931407928467e-01,-1.541809886693954468e-01,-1.913372129201889038e-01,1.768849849700927734e+00,-7.719347625970840454e-02,-3.186166584491729736e-01,-1.799999952316284180e+00,1.198173686861991882e-02,-1.864245235919952393e-01,1.891428828239440918e+00,-6.757222414016723633e-01,-2.044571936130523682e-01
1.384971737861633301e-01,1.920261234045028687e-01,4.557118117809295654e-01,-1.750257909297943115e-01,1.150574162602424622e-01,4.550991356372833252e-01,8.654550909996032715e-01,0.000000000000000000e+00,0.000000000000000000e+00,1.099760606884956360e-01,-6.875903606414794922e-01,-7.336588948965072632e-02,-3.870152831077575684e-01,-1.982398480176925659e-01,7.896372079849243164e-01,5.915051698684692383e-01,7.239426970481872559e-01,-7.200087606906890869e-02,-4.854343533515930176e-01,-1.603644639253616333e-01,-1.916516870260238647e-01,1.766552209854125977e+00,-7.306206226348876953e-02,-3.212912082672119141e-01,-1.799999952316284180e+00,1.534815877676010132e-02,-1.836140006780624390e-01,1.889824390411376953e+00,-6.706478595733642578e-01,-2.012339532375335693e-01
1.386970579624176025e-01,1.923019587993621826e-01,4.570318162441253662e-01,-1.734476387500762939e-01,1.173035800457000732e-01,4.538837075233459473e-01,8.661093115806579590e-01,0.000000000000000000e+00,0.000000000000000000e+00,1.053388938307762146e-01,-6.840939521789550781e-01,-7.401905953884124756e-02,-3.891259431838989258e-01,-2.020097225904464722e-01,7.869821786880493164e-01,5.888171792030334473e-01,7.250368595123291016e-01,-7.221914082765579224e-02,-4.896221756935119629e-01,-1.687126606702804565e-01,-1.913758665323257446e-01,1.761352539062500000e+00,-6.880331784486770630e-02,-3.243944942951202393e-01,-1.799999952316284180e+00,1.959570497274398804e-02,-1.781489402055740356e-01,1.884657263755798340e+00,-6.664197444915771484e-01,-1.983908265829086304e-01
1.387709826231002808e-01,1.925169974565505981e-01,4.585044384002685547e-01,-1.716380119323730469e-01,1.191512346267700195e-01,4.529876112937927246e-01,8.666865825653076172e-01,0.000000000000000000e+00,0.000000000000000000e+00,1.038810461759567261e-01,-6.788593530654907227e-01,-7.116331160068511963e-02,-3.929305374622344971e-01,-2.046600431203842163e-01,7.853985428810119629e-01,5.853534340858459473e-01,7.251853346824645996e-01,-7.297854125499725342e-02,-4.922484159469604492e-01,-1.783249527215957642e-01,-1.921709179878234863e-01,1.755329728126525879e+00,-6.123669818043708801e-02,-3.283203244209289551e-01,-1.799999952316284180e+00,2.446679025888442993e-02,-1.717870682477951050e-01,1.879390120506286621e+00,-6.575118899345397949e-01,-1.949414163827896118e-01
1.389762312173843384e-01,1.928903758525848389e-01,4.606152474880218506e-01,-1.699452996253967285e-01,1.220616251230239868e-01,4.521943032741546631e-01,8.670293092727661133e-01,0.000000000000000000e+00,0.000000000000000000e+00,1.029707565903663635e-01,-6.731417775154113770e-01,-6.639263033866882324e-02,-3.974792659282684326e-01,-2.079958915710449219e-01,7.844747304916381836e-01,5.807407498359680176e-01,7.239102125167846680e-01,-7.413227856159210205e-02,-4.978427886962890625e-01,-1.875591129064559937e-01,-1.939366459846496582e-01,1.747922062873840332e+00,-6.153860688209533691e-02,-3.308578431606292725e-01,-1.799999952316284180e+00,2.899509482085704803e-02,-1.648880690336227417e-01,1.871726870536804199e+00,-6.485040187835693359e-01,-1.935409605503082275e-01
1.391340643167495728e-01,1.932749897241592407e-01,4.636015594005584717e-01,-1.681709736585617065e-01,1.254574358463287354e-01,4.511521458625793457e-01,8.674333691596984863e-01,0.000000000000000000e+00,0.000000000000000000e+00,1.006277054548263550e-01,-6.676157712936401367e-01,-6.041894108057022095e-02,-4.037347733974456787e-01,-2.143384218215942383e-01,7.846433520317077637e-01,5.743825435638427734e-01,7.197906374931335449e-01,-7.582191377878189087e-02,-5.043956637382507324e-01,-1.975467801094055176e-01,-1.965809613466262817e-01,1.737439513206481934e+00,-5.685757100582122803e-02,-3.321774899959564209e-01,-1.799999952316284180e+00,3.633345291018486023e-02,-1.570109575986862183e-01,1.861086368560791016e+00,-6.355434656143188477e-01,-1.917357891798019409e-01
1.395094692707061768e-01,1.938354671001434326e-01,4.677744805812835693e-01,-1.671156138181686401e-01,1.305276602506637573e-01,4.512611627578735352e-01,8.668323159217834473e-01,0.000000000000000000e+00,0.000000000000000000e+00,9.670278429985046387e-02,-6.603639721870422363e-01,-5.341522023081779480e-02,-4.139409363269805908e-01,-2.242462038993835449e-01,7.862653732299804688e-01,5.685093998908996582e-01,7.169734239578247070e-01,-8.462089300155639648e-02,-5.159904360771179199e-01,-2.000000029802322388e-01,-1.956984549760818481e-01,1.724367856979370117e+00,-5.974201112985610962e-02,-3.273193836212158203e-01,-1.799999952316284180e+00,4.835633933544158936e-02,-1.503825783729553223e-01,1.843516111373901367e+00,-6.207699179649353027e-01,-1.891087293624877930e-01
1.398092806339263916e-01,1.942306458950042725e-01,4.730138182640075684e-01,-1.655948013067245483e-01,1.362641304731369019e-01,4.508635997772216797e-01,8.664481639862060547e-01,0.000000000000000000e+00,0.000000000000000000e+00,9.156564623117446899e-02,-6.553324460983276367e-01,-4.666777327656745911e-02,-4.221621751785278320e-01,-2.366051673889160156e-01,7.893824577331542969e-01,5.598975419998168945e-01,7.120098471641540527e-01,-9.359459578990936279e-02,-5.310841798782348633e-01,-2.000000029802322388e-01,-1.924590766429901123e-01,1.709925055503845215e+00,-5.848128348588943481e-02,-3.228916823863983154e-01,-1.799999952316284180e+00,6.075292825698852539e-02,-1.430636197328567505e-01,1.821820497512817383e+00,-5.994626283645629883e-01,-1.838574856519699097e-01
1.404751688241958618e-01,1.944363862276077271e-01,4.799422025680541992e-01,-1.628846973180770874e-01,1.442351192235946655e-01,4.495383501052856445e-01,8.663602471351623535e-01,0.000000000000000000e+00,0.000000000000000000e+00,8.602523803710937500e-02,-6.529567837715148926e-01,-3.530430793762207031e-02,-4.324410557746887207e-01,-2.516387999057769775e-01,7.949824333190917969e-01,5.495957136154174805e-01,7.055097222328186035e-01,-1.017470285296440125e-01,-5.495125055313110352e-01,-2.000000029802322388e-01,-1.887558400630950928e-01,1.687901496887207031e+00,-6.866684556007385254e-02,-3.112828433513641357e-01,-1.799999952316284180e+00,7.459622621536254883e-02,-1.323337703943252563e-01,1.793808698654174805e+00,-5.739805698394775391e-01,-1.781117320060729980e-01
1.414005607366561890e-01,1.943691968917846680e-01,4.889591932296752930e-01,-1.593383550643920898e-01,1.544646173715591431e-01,4.490630328655242920e-01,8.655023574829101562e-01,0.000000000000000000e+00,0.000000000000000000e+00,7.692743092775344849e-02,-6.558865904808044434e-01,-2.141417376697063446e-02,-4.410193860530853271e-01,-2.691251933574676514e-01,7.992961406707763672e-01,5.371916294097900391e-01,6.987962126731872559e-01,-1.106875762343406677e-01,-5.745359659194946289e-01,-2.000000029802322388e-01,-1.845051199197769165e-01,1.663653612136840820e+00,-7.936120778322219849e-02,-2.987812459468841553e-01,-1.799999952316284180e+00,8.731047809123992920e-02,-1.181245744228363037e-01,1.759057760238647461e+00,-5.437915325164794922e-01,-1.720503717660903931e-01
1.419167667627334595e-01,1.940802186727523804e-01,4.990104138851165771e-01,-1.559821814298629761e-01,1.653254777193069458e-01,4.472721517086029053e-01,8.650345206260681152e-01,0.000000000000000000e+00,0.000000000000000000e+00,6.671985238790512085e-02,-6.629818677902221680e-01,-4.853395745158195496e-03,-4.480590522289276123e-01,-2.857736349105834961e-01,8.023743629455566406e-01,5.261440873146057129e-01,6.952998638153076172e-01,-1.128890812397003174e-01,-6.025606989860534668e-01,-2.000000029802322388e-01,-1.822998225688934326e-01,1.637145400047302246e+00,-9.245892614126205444e-02,-2.788424193859100342e-01,-1.799999952316284180e+00,9.835632145404815674e-02,-1.006325930356979370e-01,1.720492601394653320e+00,-5.140784978866577148e-01,-1.623335629701614380e-01
1.418736428022384644e-01,1.935015022754669189e-01,5.102155208587646484e-01,-1.534686684608459473e-01,1.766026318073272705e-01,4.459607899188995361e-01,8.639315962791442871e-01,0.000000000000000000e+00,0.000000000000000000e+00,5.200327187776565552e-02,-6.781194806098937988e-01,1.386408880352973938e-02,-4.557529687881469727e-01,-2.995721697807312012e-01,8.026378750801086426e-01,5.183415412902832031e-01,6.938940882682800293e-01,-1.111431568861007690e-01,-6.319025158882141113e-01,-2.000000029802322388e-01,-1.841643899679183960e-01,1.605703592300415039e+00,-1.136468648910522461e-01,-2.555108070373535156e-01,-1.799999952316284180e+00,1.025634855031967163e-01,-8.300609141588211060e-02,1.678783059120178223e+00,-4.844419360160827637e-01,-1.509496569633483887e-01
1.414946168661117554e-01,1.919905245304107666e-01,5.230274200439453125e-01,-1.494148820638656616e-01,1.885367631912231445e-01,4.465235471725463867e-01,8.618270158767700195e-01,0.000000000000000000e+00,0.000000000000000000e+00,3.081242181360721588e-02,-7.048365473747253418e-01,3.137349709868431091e-02,-4.585213959217071533e-01,-3.123859465122222900e-01,7.996397614479064941e-01,5.089817643165588379e-01,6.964973211288452148e-01,-1.090229600667953491e-01,-6.640210151672363281e-01,-2.000000029802322388e-01,-1.840505003929138184e-01,1.571359753608703613e+00,-1.289318054914474487e-01,-2.357069700956344604e-01,-1.799999952316284180e+00,9.954475611448287964e-02,-6.293209642171859741e-02,1.635811209678649902e+00,-4.535843133926391602e-01,-1.425301581621170044e-01
1.399107724428176880e-01,1.902278959751129150e-01,5.374035835266113281e-01,-1.478284001350402832e-01,1.998634636402130127e-01,4.473542869091033936e-01,8.591132164001464844e-01,0.000000000000000000e+00,0.000000000000000000e+00,1.130519341677427292e-02,-7.390905618667602539e-01,6.489362567663192749e-02,-4.599426090717315674e-01,-3.191963434219360352e-01,8.038728833198547363e-01,5.013954639434814453e-01,6.960083246231079102e-01,-9.957278519868850708e-02,-6.963101029396057129e-01,-1.938677579164505005e-01,-1.880601793527603149e-01,1.530659914016723633e+00,-1.538412570953369141e-01,-2.102866917848587036e-01,-1.799999952316284180e+00,8.923622965812683105e-02,-4.389887303113937378e-02,1.588381052017211914e+00,-4.213732481002807617e-01,-1.311202943325042725e-01
1.376120150089263916e-01,1.877460181713104248e-01,5.529615879058837891e-01,-1.453753411769866943e-01,2.122031152248382568e-01,4.484568238258361816e-01,8.559920191764831543e-01,0.000000000000000000e+00,0.000000000000000000e+00,-1.230250392109155655e-02,-7.772601246833801270e-01,9.643103927373886108e-02,-4.558130204677581787e-01,-3.267004787921905518e-01,8.036085963249206543e-01,4.945789873600006104e-01,7.010405659675598145e-01,-8.516947180032730103e-02,-7.316588163375854492e-01,-1.885324716567993164e-01,-1.877060830593109131e-01,1.482811570167541504e+00,-1.676908582448959351e-01,-1.893157958984375000e-01,-1.799999952316284180e+00,7.116835564374923706e-02,-2.094822376966476440e-02,1.538536310195922852e+00,-3.891412615776062012e-01,-1.204753145575523376e-01
1.342114210128784180e-01,1.845820993185043335e-01,5.685186386108398438e-01,-1.436871588230133057e-01,2.236933559179306030e-01,4.531964659690856934e-01,8.508397340774536133e-01,0.000000000000000000e+00,0.000000000000000000e+00,-4.123709350824356079e-02,-8.238909244537353516e-01,1.316045522689819336e-01,-4.515541791915893555e-01,-3.283850848674774170e-01,8.037921786308288574e-01,4.822716414928436279e-01,7.053672075271606445e-01,-7.295576483011245728e-02,-7.642126679420471191e-01,-1.889549344778060913e-01,-1.945413649082183838e-01,1.434054374694824219e+00,-1.856379359960556030e-01,-1.698495596647262573e-01,-1.799999952316284180e+00,4.250676557421684265e-02,-1.795154996216297150e-03,1.488583922386169434e+00,-3.588913977146148682e-01,-1.084674745798110962e-01
1.279164403676986694e-01,1.791442483663558960e-01,5.842754840850830078e-01,-1.402312666177749634e-01,2.243716120719909668e-01,4.626910984516143799e-01,8.461143374443054199e-01,0.000000000000000000e+00,0.000000000000000000e+00,-5.962713807821273804e-02,-8.722822070121765137e-01,1.847256422042846680e-01,-4.380679130554199219e-01,-3.088767826557159424e-01,8.099832534790039062e-01,4.615359008312225342e-01,7.053470611572265625e-01,-5.822642892599105835e-02,-7.739959955215454102e-01,-1.866793632507324219e-01,-2.078919261693954468e-01,1.380321145057678223e+00,-1.964837014675140381e-01,-1.490553170442581177e-01,-1.761443257331848145e+00,-9.251674555343925022e-07,1.040406897664070129e-02,1.421214342117309570e+00,-3.321339190006256104e-01,-9.245879203081130981e-02
1.195402219891548157e-01,1.724127382040023804e-01,6.015943884849548340e-01,-1.367633193731307983e-01,2.186638861894607544e-01,4.756220579147338867e-01,8.409907817840576172e-01,0.000000000000000000e+00,0.000000000000000000e+00,-6.094408407807350159e-02,-9.168878197669982910e-01,2.307961285114288330e-01,-4.268322587013244629e-01,-2.758753597736358643e-01,8.214603662490844727e-01,4.453335702419281006e-01,7.083473801612854004e-01,-4.454867169260978699e-02,-7.700783610343933105e-01,-1.722029000520706177e-01,-2.191108018159866333e-01,1.318630456924438477e+00,-2.152990400791168213e-01,-1.173801273107528687e-01,-1.685331225395202637e+00,-4.241884127259254456e-02,1.859892345964908600e-02,1.320630192756652832e+00,-2.963224649429321289e-01,-7.615377753973007202e-02
1.092382073402404785e-01,1.644216030836105347e-01,6.183544993400573730e-01,-1.329378485679626465e-01,2.078826427459716797e-01,4.878225624561309814e-01,8.373419046401977539e-01,0.000000000000000000e+00,0.000000000000000000e+00,-5.388078838586807251e-02,-9.574075937271118164e-01,2.690039277076721191e-01,-4.139598011970520020e-01,-2.391355335712432861e-01,8.381319046020507812e-01,4.191917777061462402e-01,7.109786868095397949e-01,-3.183007985353469849e-02,-7.553031444549560547e-01,-1.461929082870483398e-01,-2.250062972307205200e-01,1.250151157379150391e+00,-2.315319478511810303e-01,-8.304279297590255737e-02,-1.595275521278381348e+00,-8.199855685234069824e-02,1.709334366023540497e-02,1.207062482833862305e+00,-2.541987001895904541e-01,-5.674638226628303528e-02
9.878655523061752319e-02,1.560862511396408081e-01,6.354664564132690430e-01,-1.291669607162475586e-01,1.982518881559371948e-01,5.022700428962707520e-01,8.317072391510009766e-01,0.000000000000000000e+00,0.000000000000000000e+00,-4.653205350041389465e-02,-9.966871142387390137e-01,2.913985550403594971e-01,-4.013166725635528564e-01,-2.041813731193542480e-01,8.537295460700988770e-01,3.956063687801361084e-01,7.093379497528076172e-01,-2.093272283673286438e-02,-7.432350516319274902e-01,-1.041971445083618164e-01,-2.172229737043380737e-01,1.176512241363525391e+00,-2.553292512893676758e-01,-3.566047549247741699e-02,-1.499350786209106445e+00,-1.258907467126846313e-01,8.316333405673503876e-03,1.079216241836547852e+00,-2.075141966342926025e-01,-3.171751648187637329e-02
8.882316946983337402e-02,1.467719227075576782e-01,6.524924635887145996e-01,-1.217059046030044556e-01,1.898965686559677124e-01,5.181605219841003418e-01,8.250070810317993164e-01,0.000000000000000000e+00,0.000000000000000000e+00,-3.962929546833038330e-02,-1.031215071678161621e+00,3.155176043510437012e-01,-3.969821929931640625e-01,-1.767073869705200195e-01,8.693666458129882812e-01,3.755726516246795654e-01,7.032380700111389160e-01,-1.009362097829580307e-02,-7.239471077919006348e-01,-7.311305403709411621e-02,-2.067498117685317993e-01,1.090617656707763672e+00,-2.818020284175872803e-01,7.877497933804988861e-03,-1.399650573730468750e+00,-1.765903681516647339e-01,-4.212003201246261597e-03,9.450966119766235352e-01,-1.554791033267974854e-01,-7.149453740566968918e-03
7.867009937763214111e-02,1.372361779212951660e-01,6.681407094001770020e-01,-1.143252998590469360e-01,1.806743144989013672e-01,5.349764823913574219e-01,8.173657059669494629e-01,0.000000000000000000e+00,0.000000000000000000e+00,-3.152519837021827698e-02,-1.059349894523620605e+00,3.393253982067108154e-01,-3.921106457710266113e-01,-1.488550305366516113e-01,8.854529857635498047e-01,3.556245863437652588e-01,6.849728822708129883e-01,6.916568963788449764e-04,-6.955584287643432617e-01,-4.745617881417274475e-02,-1.914420276880264282e-01,9.987357854843139648e-01,-3.194344043731689453e-01,4.735817387700080872e-02,-1.290714740753173828e+00,-2.274250984191894531e-01,-2.841252088546752930e-02,7.988587617874145508e-01,-9.588843584060668945e-02,1.945649273693561554e-02
6.912219524383544922e-02,1.276734620332717896e-01,6.822539567947387695e-01,-1.052517294883728027e-01,1.733361333608627319e-01,5.507116317749023438e-01,8.096871972084045410e-01,0.000000000000000000e+00,0.000000000000000000e+00,-2.754749916493892670e-02,-1.085856795310974121e+00,3.604949712753295898e-01,-3.901523649692535400e-01,-1.290814876556396484e-01,8.974853754043579102e-01,3.412401676177978516e-01,6.616622805595397949e-01,1.378731150180101395e-02,-6.592004299163818359e-01,-3.869466483592987061e-02,-1.752164810895919800e-01,8.985005617141723633e-01,-3.559293448925018311e-01,7.930517941713333130e-02,-1.183448314666748047e+00,-2.804550528526306152e-01,-6.069114059209823608e-02,6.526334881782531738e-01,-3.310603275895118713e-02,4.807076603174209595e-02
5.954313278198242188e-02,1.174516156315803528e-01,6.938739418983459473e-01,-9.394881129264831543e-02,1.632989794015884399e-01,5.666976571083068848e-01,8.020977973937988281e-01,0.000000000000000000e+00,0.000000000000000000e+00,-2.057060040533542633e-02,-1.107862234115600586e+00,3.792386949062347412e-01,-3.877531588077545166e-01,-1.062800884246826172e-01,9.095643162727355957e-01,3.248247206211090088e-01,6.336728930473327637e-01,3.001894429326057434e-02,-6.092887520790100098e-01,-3.961807116866111755e-02,-1.574050486087799072e-01,7.946046590805053711e-01,-3.878811895847320557e-01,1.004870086908340454e-01,-1.061229825019836426e+00,-3.344742059707641602e-01,-1.100435703992843628e-01,4.947330057621002197e-01,4.384357854723930359e-02,7.372073829174041748e-02
5.009524524211883545e-02,1.078625172376632690e-01,7.028793096542358398e-01,-8.326970785856246948e-02,1.541083306074142456e-01,5.796328186988830566e-01,7.958282232284545898e-01,0.000000000000000000e+00,0.000000000000000000e+00,-1.403235737234354019e-02,-1.126099944114685059e+00,3.960522413253784180e-01,-3.960783481597900391e-01,-8.399534970521926880e-02,9.181022644042968750e-01,3.020943999290466309e-01,6.061685681343078613e-01,5.186335742473602295e-02,-5.567193627357482910e-01,-5.164581909775733948e-02,-1.472846716642379761e-01,6.959455013275146484e-01,-4.144536256790161133e-01,1.130246818065643311e-01,-9.437904357910156250e-01,-3.841528296470642090e-01,-1.713050901889801025e-01,3.387815356254577637e-01,1.440494954586029053e-01,1.045860573649406433e-01
4.123555123805999756e-02,9.863661974668502808e-02,7.089102268218994141e-01,-7.221336662769317627e-02,1.464886218309402466e-01,5.920572876930236816e-01,7.891733050346374512e-01,0.000000000000000000e+00,0.000000000000000000e+00,-6.843541748821735382e-03,-1.136994004249572754e+00,4.101860523223876953e-01,-4.122369885444641113e-01,-6.222129613161087036e-02,9.241986870765686035e-01,2.782655358314514160e-01,5.859886407852172852e-01,7.167101651430130005e-02,-5.088834762573242188e-01,-6.774165481328964233e-02,-1.358023136854171753e-01,6.093819737434387207e-01,-4.316923320293426514e-01,1.213202401995658875e-01,-8.435837030410766602e-01,-4.225375652313232422e-01,-2.334726154804229736e-01,2.072906643152236938e-01,2.363847494125366211e-01,1.386469006538391113e-01
3.210197389125823975e-02,9.022325277328491211e-02,7.126819491386413574e-01,-6.362007558345794678e-02,1.395849287509918213e-01,6.015461087226867676e-01,7.839711904525756836e-01,0.000000000000000000e+00,0.000000000000000000e+00,1.564899284858256578e-04,-1.142154574394226074e+00,4.147650897502899170e-01,-4.283297955989837646e-01,-4.349254816770553589e-02,9.322088360786437988e-01,2.480934858322143555e-01,5.686833262443542480e-01,9.228356182575225830e-02,-4.716040194034576416e-01,-8.566129207611083984e-02,-1.315651684999465942e-01,5.423884987831115723e-01,-4.447608590126037598e-01,1.279640048742294312e-01,-7.665671110153198242e-01,-4.435915052890777588e-01,-2.750437855720520020e-01,1.188037246465682983e-01,3.096296489238739014e-01,1.681191176176071167e-01
2.197959460318088531e-02,8.162610232830047607e-02,7.166444659233093262e-01,-5.713170766830444336e-02,1.285078376531600952e-01,6.105909347534179688e-01,7.793589830398559570e-01,0.000000000000000000e+00,0.000000000000000000e+00,6.092842202633619308e-03,-1.141189694404602051e+00,4.113231301307678223e-01,-4.439551830291748047e-01,-2.529610320925712585e-02,9.408246278762817383e-01,2.256773859262466431e-01,5.557059049606323242e-01,1.000749394297599792e-01,-4.411905705928802490e-01,-9.376809746026992798e-02,-1.281651109457015991e-01,4.951287508010864258e-01,-4.264712035655975342e-01,1.236134245991706848e-01,-7.111681699752807617e-01,-4.500858485698699951e-01,-3.002795279026031494e-01,7.075912505388259888e-02,3.359303474426269531e-01,1.783042252063751221e-01
1.166135631501674652e-02,7.426324486732482910e-02,7.207701802253723145e-01,-5.517036840319633484e-02,1.191555038094520569e-01,6.176186203956604004e-01,7.754389047622680664e-01,0.000000000000000000e+00,0.000000000000000000e+00,1.185038127005100250e-02,-1.132573843002319336e+00,4.060582816600799561e-01,-4.579682350158691406e-01,-9.109174832701683044e-03,9.550591707229614258e-01,2.080489248037338257e-01,5.457660555839538574e-01,1.018396094441413879e-01,-4.210277795791625977e-01,-9.686274826526641846e-02,-1.250546127557754517e-01,4.552268087863922119e-01,-4.096668064594268799e-01,1.237262114882469177e-01,-6.771601438522338867e-01,-4.455589652061462402e-01,-3.093045949935913086e-01,5.980181694030761719e-02,3.158808946609497070e-01,1.723394095897674561e-01
1.082125585526227951e-03,6.785944104194641113e-02,7.252509593963623047e-01,-5.723828077316284180e-02,1.098788306117057800e-01,6.235200166702270508e-01,7.719282507896423340e-01,0.000000000000000000e+00,0.000000000000000000e+00,1.593134924769401550e-02,-1.119741082191467285e+00,3.977195024490356445e-01,-4.635242223739624023e-01,3.610914805904030800e-03,9.718527197837829590e-01,1.989061385393142700e-01,5.332456231117248535e-01,9.569447487592697144e-02,-4.075431227684020996e-01,-9.395889937877655029e-02,-1.255311220884323120e-01,4.219832122325897217e-01,-3.926808536052703857e-01,1.268084794282913208e-01,-6.587578058242797852e-01,-4.301294386386871338e-01,-3.037748336791992188e-01,8.750381320714950562e-02,2.582926750183105469e-01,1.516227573156356812e-01
-9.350292384624481201e-03,6.196565926074981689e-02,7.295801639556884766e-01,-6.004440039396286011e-02,1.003600656986236572e-01,6.270585060119628906e-01,7.701429128646850586e-01,0.000000000000000000e+00,0.000000000000000000e+00,2.121655084192752838e-02,-1.106652259826660156e+00,3.932546377182006836e-01,-4.659667015075683594e-01,1.623699069023132324e-02,9.904218316078186035e-01,2.035000622272491455e-01,5.243960022926330566e-01,8.891442418098449707e-02,-3.944380879402160645e-01,-8.859425783157348633e-02,-1.258147954940795898e-01,3.921649158000946045e-01,-3.734571039676666260e-01,1.323793232440948486e-01,-6.522368788719177246e-01,-4.049928486347198486e-01,-2.835840880870819092e-01,1.486980020999908447e-01,1.950984299182891846e-01,1.297703683376312256e-01
-1.936244219541549683e-02,5.629467964172363281e-02,7.337508201599121094e-01,-6.274610757827758789e-02,8.927291631698608398e-02,6.306272149085998535e-01,7.683765888214111328e-01,0.000000000000000000e+00,0.000000000000000000e+00,2.689481712877750397e-02,-1.094858646392822266e+00,3.868818879127502441e-01,-4.619519114494323730e-01,2.689532004296779633e-02,1.010686397552490234e+00,2.210263162851333618e-01,5.130223631858825684e-01,7.958590239286422729e-02,-3.769221007823944092e-01,-7.928135246038436890e-02,-1.257476508617401123e-01,3.616029024124145508e-01,-3.521009683609008789e-01,1.335490643978118896e-01,-6.556106805801391602e-01,-3.690227568149566650e-01,-2.509333491325378418e-01,2.441084384918212891e-01,1.245420798659324646e-01,1.018293276429176331e-01
-2.792175859212875366e-02,5.233134329319000244e-02,7.369965910911560059e-01,-6.735708564519882202e-02,8.380923420190811157e-02,6.330865025520324707e-01,7.665771245956420898e-01,0.000000000000000000e+00,0.000000000000000000e+00,1.281528733670711517e-02,-1.088582873344421387e+00,3.792193531990051270e-01,-4.440685510635375977e-01,1.663523167371749878e-02,1.026699304580688477e+00,2.565437555313110352e-01,4.954980015754699707e-01,5.479453876614570618e-02,-3.787218928337097168e-01,-6.949359923601150513e-02,-1.093655452132225037e-01,3.541019856929779053e-01,-3.560120761394500732e-01,1.364289522171020508e-01,-6.973516345024108887e-01,-3.176752328872680664e-01,-1.860836446285247803e-01,3.822590708732604980e-01,5.339784547686576843e-02,7.940541207790374756e-02
-3.560860455036163330e-02,4.788506403565406799e-02,7.395627498626708984e-01,-6.831730902194976807e-02,7.489684224128723145e-02,6.361274719238281250e-01,7.648954391479492188e-01,0.000000000000000000e+00,0.000000000000000000e+00,1.750267297029495239e-02,-1.082787990570068359e+00,3.669278323650360107e-01,-4.352907240390777588e-01,2.488560974597930908e-02,1.043199181556701660e+00,2.786402404308319092e-01,4.845230877399444580e-01,5.618267878890037537e-02,-3.612421452999114990e-01,-6.736044585704803467e-02,-1.190263405442237854e-01,3.268594741821289062e-01,-3.410160541534423828e-01,1.346620321273803711e-01,-6.908232569694519043e-01,-2.671564221382141113e-01,-1.570535004138946533e-01,4.687768816947937012e-01,8.565612137317657471e-03,6.386671215295791626e-02
-4.200209304690361023e-02,4.412685334682464600e-02,7.417168617248535156e-01,-6.838283687829971313e-02,6.796039640903472900e-02,6.383751034736633301e-01,7.636637687683105469e-01,0.000000000000000000e+00,0.000000000000000000e+00,2.355364523828029633e-02,-1.078009605407714844e+00,3.581667542457580566e-01,-4.304294884204864502e-01,3.184429183602333069e-02,1.057262182235717773e+00,2.983814179897308350e-01,4.741889238357543945e-01,6.210457906126976013e-02,-3.419510126113891602e-01,-6.838986277580261230e-02,-1.318650543689727783e-01,2.950935065746307373e-01,-3.258208632469177246e-01,1.325311064720153809e-01,-6.708539724349975586e-01,-2.137149870395660400e-01,-1.381617784500122070e-01,5.264240503311157227e-01,-2.382754161953926086e-02,5.572970584034919739e-02
-4.697993770241737366e-02,4.055676981806755066e-02,7.433873414993286133e-01,-6.728979200124740601e-02,6.134238094091415405e-02,6.433180570602416992e-01,7.601651549339294434e-01,0.000000000000000000e+00,0.000000000000000000e+00,2.834766730666160583e-02,-1.077440500259399414e+00,3.490030169486999512e-01,-4.257251620292663574e-01,3.886958584189414978e-02,1.070197820663452148e+00,3.155479729175567627e-01,4.637500643730163574e-01,6.757746636867523193e-02,-3.227169811725616455e-01,-7.087368518114089966e-02,-1.482568532228469849e-01,2.659748494625091553e-01,-3.088567256927490234e-01,1.304005533456802368e-01,-6.377866268157958984e-01,-1.603311598300933838e-01,-1.222854405641555786e-01,5.543530583381652832e-01,-4.475213959813117981e-02,5.502726882696151733e-02
-5.087736994028091431e-02,3.685067221522331238e-02,7.447727918624877930e-01,-6.417160481214523315e-02,5.451868474483489990e-02,6.486274003982543945e-01,7.564338445663452148e-01,0.000000000000000000e+00,0.000000000000000000e+00,3.148185461759567261e-02,-1.077554821968078613e+00,3.472609221935272217e-01,-4.201985001564025879e-01,4.692063480615615845e-02,1.082772135734558105e+00,3.281705975532531738e-01,4.530255496501922607e-01,7.209397107362747192e-02,-2.980664372444152832e-01,-7.309484481811523438e-02,-1.618474423885345459e-01,2.337221652269363403e-01,-2.871609330177307129e-01,1.245989650487899780e-01,-5.904366970062255859e-01,-1.106676533818244934e-01,-1.100910007953643799e-01,5.509266853332519531e-01,-5.664401128888130188e-02,5.599707365036010742e-02
-5.359150096774101257e-02,3.347033262252807617e-02,7.456681132316589355e-01,-6.048051640391349792e-02,4.943719506263732910e-02,6.545602679252624512e-01,7.519633769989013672e-01,0.000000000000000000e+00,0.000000000000000000e+00,3.296712785959243774e-02,-1.081851601600646973e+00,3.443808555603027344e-01,-4.129179120063781738e-01,5.280734971165657043e-02,1.090887784957885742e+00,3.392232358455657959e-01,4.422295689582824707e-01,7.409636676311492920e-02,-2.755528688430786133e-01,-7.647427171468734741e-02,-1.728780418634414673e-01,2.037377357482910156e-01,-2.682198882102966309e-01,1.197367310523986816e-01,-5.346225500106811523e-01,-6.833308190107345581e-02,-9.983673691749572754e-02,5.217640995979309082e-01,-6.962349265813827515e-02,5.527105554938316345e-02
-5.543797090649604797e-02,2.983647026121616364e-02,7.462750077247619629e-01,-5.525329336524009705e-02,4.367141425609588623e-02,6.612626910209655762e-01,7.468410134315490723e-01,0.000000000000000000e+00,0.000000000000000000e+00,3.631753474473953247e-02,-1.087296009063720703e+00,3.429680466651916504e-01,-4.092055559158325195e-01,5.779583007097244263e-02,1.097683429718017578e+00,3.460209071636199951e-01,4.308331608772277832e-01,7.272204756736755371e-02,-2.501090764999389648e-01,-7.875660806894302368e-02,-1.801756918430328369e-01,1.751919090747833252e-01,-2.490078508853912354e-01,1.133476570248603821e-01,-4.713703989982604980e-01,-3.564446419477462769e-02,-8.759018033742904663e-02,4.693864583969116211e-01,-8.192440867424011230e-02,5.220246687531471252e-02
-5.641467124223709106e-02,2.621403895318508148e-02,7.463498115539550781e-01,-4.870157316327095032e-02,3.838870674371719360e-02,6.678308844566345215e-01,7.417252659797668457e-01,0.000000000000000000e+00,0.000000000000000000e+00,3.989080712199211121e-02,-1.094435453414916992e+00,3.431572020053863525e-01,-4.043795168399810791e-01,6.244811043143272400e-02,1.105744957923889160e+00,3.502162396907806396e-01,4.220077395439147949e-01,6.813702732324600220e-02,-2.252494543790817261e-01,-8.212884515523910522e-02,-1.845206022262573242e-01,1.515464931726455688e-01,-2.323882877826690674e-01,1.079309359192848206e-01,-4.051860570907592773e-01,-1.314995065331459045e-02,-7.789254933595657349e-02,4.047879278659820557e-01,-9.646643698215484619e-02,4.782424122095108032e-02
-5.682057887315750122e-02,2.261112444102764130e-02,7.461022138595581055e-01,-4.163832962512969971e-02,3.243917226791381836e-02,6.746295094490051270e-01,7.362669110298156738e-01,0.000000000000000000e+00,0.000000000000000000e+00,4.320177063345909119e-02,-1.102340102195739746e+00,3.453078567981719971e-01,-3.974134325981140137e-01,6.418699771165847778e-02,1.117154836654663086e+00,3.543145954608917236e-01,4.170750677585601807e-01,5.972052738070487976e-02,-2.003921270370483398e-01,-8.389475196599960327e-02,-1.852171570062637329e-01,1.325771808624267578e-01,-2.195327579975128174e-01,1.019194126129150391e-01,-3.434881865978240967e-01,5.198366125114262104e-05,-7.042850553989410400e-02,3.418839573860168457e-01,-1.117765456438064575e-01,3.987889364361763000e-02
-5.677914619445800781e-02,2.244893647730350494e-02,7.471689581871032715e-01,-4.493398964405059814e-02,3.701018542051315308e-02,6.793585419654846191e-01,7.314937710762023926e-01,0.000000000000000000e+00,0.000000000000000000e+00,8.211680687963962555e-03,-1.100923776626586914e+00,3.393959999084472656e-01,-3.897467553615570068e-01,2.687435969710350037e-02,1.118066072463989258e+00,3.681138157844543457e-01,4.233699440956115723e-01,4.584049433469772339e-02,-2.131288647651672363e-01,-8.380200713872909546e-02,-1.744073033332824707e-01,1.300798058509826660e-01,-2.231658101081848145e-01,9.649658203125000000e-02,-3.390823602676391602e-01,6.845900788903236389e-03,-5.848364531993865967e-02,3.235937952995300293e-01,-1.527594774961471558e-01,3.037426806986331940e-02
-5.607178434729576111e-02,2.022128738462924957e-02,7.468613386154174805e-01,-3.976114094257354736e-02,3.381510451436042786e-02,6.859526038169860840e-01,7.257717251777648926e-01,0.000000000000000000e+00,0.000000000000000000e+00,1.258913893252611160e-02,-1.112070322036743164e+00,3.419192731380462646e-01,-3.885632455348968506e-01,2.164271660149097443e-02,1.128182768821716309e+00,3.743213415145874023e-01,4.245002269744873047e-01,3.327473625540733337e-02,-1.953277885913848877e-01,-8.537045121192932129e-02,-1.732100248336791992e-01,1.155213788151741028e-01,-2.170006334781646729e-01,9.286352246999740601e-02,-2.929880023002624512e-01,7.584187667816877365e-03,-6.064508110284805298e-02,2.695311307907104492e-01,-1.762307137250900269e-01,1.740482263267040253e-02
-5.493403971195220947e-02,1.619053818285465240e-02,7.450219988822937012e-01,-2.722438238561153412e-02,2.287541888654232025e-02,6.939623951911926270e-01,7.191326022148132324e-01,0.000000000000000000e+00,0.000000000000000000e+00,5.378654971718788147e-02,-1.132411837577819824e+00,3.528266549110412598e-01,-3.957836627960205078e-01,4.605431109666824341e-02,1.147356748580932617e+00,3.699965178966522217e-01,4.221487045288085938e-01,2.198110334575176239e-02,-1.476531326770782471e-01,-8.672301471233367920e-02,-1.782568544149398804e-01,8.750613778829574585e-02,-2.027827799320220947e-01,9.123577922582626343e-02,-2.132001221179962158e-01,5.905264988541603088e-03,-7.242601364850997925e-02,1.919463723897933960e-01,-1.760040670633316040e-01,1.117531675845384598e-02
-5.402613058686256409e-02,1.519605424255132675e-02,7.445740699768066406e-01,-2.343139611184597015e-02,2.124478481709957123e-02,6.975683569908142090e-01,7.158198356628417969e-01,0.000000000000000000e+00,0.000000000000000000e+00,6.175698712468147278e-02,-1.141898155212402344e+00,3.536643087863922119e-01,-4.003607332706451416e-01,3.872204571962356567e-02,1.155380249023437500e+00,3.716388642787933350e-01,4.337991774082183838e-01,1.443460397422313690e-02,-1.333589553833007812e-01,-8.806917071342468262e-02,-1.764602512121200562e-01,7.472588866949081421e-02,-1.985722631216049194e-01,8.838295936584472656e-02,-1.837016493082046509e-01,4.207703284919261932e-03,-7.726966589689254761e-02,1.543257087469100952e-01,-1.849011778831481934e-01,6.396490614861249924e-03
-5.315218493342399597e-02,1.468690671026706696e-02,7.441745400428771973e-01,-2.049598097801208496e-02,2.017516270279884338e-02,7.003245949745178223e-01,7.132449150085449219e-01,0.000000000000000000e+00,0.000000000000000000e+00,6.614547222852706909e-02,-1.152183175086975098e+00,3.547624647617340088e-01,-4.006454646587371826e-01,2.815458551049232483e-02,1.161842703819274902e+00,3.754945993423461914e-01,4.462374746799468994e-01,7.412445265799760818e-03,-1.236884146928787231e-01,-8.929923176765441895e-02,-1.731200367212295532e-01,6.793130189180374146e-02,-1.970276385545730591e-01,8.534072339534759521e-02,-1.631324738264083862e-01,2.801009453833103180e-03,-7.981641590595245361e-02,1.283422261476516724e-01,-1.899798214435577393e-01,4.476441070437431335e-03
-5.244940519332885742e-02,1.444817520678043365e-02,7.438293099403381348e-01,-1.793793961405754089e-02,1.919344812631607056e-02,7.019159793853759766e-01,7.117751240730285645e-01,0.000000000000000000e+00,0.000000000000000000e+00,6.927806138992309570e-02,-1.162110567092895508e+00,3.578205704689025879e-01,-3.988957107067108154e-01,1.718032732605934143e-02,1.166908264160156250e+00,3.790634274482727051e-01,4.592704176902770996e-01,2.319013467058539391e-03,-1.154152825474739075e-01,-9.024981409311294556e-02,-1.689855009317398071e-01,6.331010907888412476e-02,-1.955496817827224731e-01,8.258017897605895996e-02,-1.472658365964889526e-01,1.633462263271212578e-03,-8.148611336946487427e-02,1.095773577690124512e-01,-1.922947615385055542e-01,2.470008097589015961e-03
-5.177294090390205383e-02,1.443460118025541306e-02,7.435406446456909180e-01,-1.574485376477241516e-02,1.845030300319194794e-02,7.034217715263366699e-01,7.103586792945861816e-01,0.000000000000000000e+00,0.000000000000000000e+00,7.211548089981079102e-02,-1.169962167739868164e+00,3.616152107715606689e-01,-3.973891139030456543e-01,7.042100187391042709e-03,1.170727968215942383e+00,3.829117119312286377e-01,4.729105234146118164e-01,-1.813769806176424026e-03,-1.083124354481697083e-01,-9.126201272010803223e-02,-1.662066280841827393e-01,5.952457711100578308e-02,-1.948765218257904053e-01,8.042486011981964111e-02,-1.350062191486358643e-01,3.806300228461623192e-04,-8.296961337327957153e-02,9.643376618623733521e-02,-1.935733854770660400e-01,9.997129673138260841e-04
-5.130875855684280396e-02,1.459216605871915817e-02,7.433081269264221191e-01,-1.408850401639938354e-02,1.774339005351066589e-02,7.044036984443664551e-01,7.094379067420959473e-01,0.000000000000000000e+00,0.000000000000000000e+00,7.364892214536666870e-02,-1.175875544548034668e+00,3.641253411769866943e-01,-3.954879045486450195e-01,-2.041546627879142761e-03,1.173108935356140137e+00,3.861856758594512939e-01,4.859161376953125000e-01,-4.175487905740737915e-03,-1.026997268199920654e-01,-9.191522002220153809e-02,-1.644329130649566650e-01,5.710527300834655762e-02,-1.940635144710540771e-01,7.887783646583557129e-02,-1.254468709230422974e-01,-3.662038943730294704e-04,-8.360125124454498291e-02,8.702404052019119263e-02,-1.941386014223098755e-01,-6.510944804176688194e-04
-5.101909115910530090e-02,1.482277456670999527e-02,7.430582642555236816e-01,-1.277419645339250565e-02,1.686004735529422760e-02,7.052552103996276855e-01,7.086378931999206543e-01,0.000000000000000000e+00,0.000000000000000000e+00,7.422791421413421631e-02,-1.179756999015808105e+00,3.675198554992675781e-01,-3.933818638324737549e-01,-9.153519757091999054e-03,1.174268126487731934e+00,3.882028758525848389e-01,4.967480897903442383e-01,-5.772811360657215118e-03,-9.739116579294204712e-02,-9.199384599924087524e-02,-1.624837964773178101e-01,5.497091263532638550e-02,-1.943833082914352417e-01,7.871554791927337646e-02,-1.176655516028404236e-01,-6.735224160365760326e-04,-8.434099704027175903e-02,8.070090413093566895e-02,-1.946214288473129272e-01,-1.349106663838028908e-03
-5.077794566750526428e-02,1.519238110631704330e-02,7.429057359695434570e-01,-1.180275436490774155e-02,1.643939502537250519e-02,7.060657143592834473e-01,7.078571319580078125e-01,0.000000000000000000e+00,0.000000000000000000e+00,7.460632175207138062e-02,-1.181584000587463379e+00,3.697007894515991211e-01,-3.926927745342254639e-01,-1.472518499940633774e-02,1.174873828887939453e+00,3.887550234794616699e-01,5.045709013938903809e-01,-6.758734583854675293e-03,-9.304440021514892578e-02,-9.239061176776885986e-02,-1.613326072692871094e-01,5.236331000924110413e-02,-1.936048716306686401e-01,7.682584226131439209e-02,-1.117660403251647949e-01,-1.334049040451645851e-03,-8.519046008586883545e-02,7.602721452713012695e-02,-1.953149884939193726e-01,-2.295885933563113213e-03
-5.064199864864349365e-02,1.571724377572536469e-02,7.428218722343444824e-01,-1.142392959445714951e-02,1.645148359239101410e-02,7.067922353744506836e-01,7.071376442909240723e-01,0.000000000000000000e+00,0.000000000000000000e+00,7.518402487039566040e-02,-1.182931065559387207e+00,3.695769906044006348e-01,-3.929573297500610352e-01,-1.844507642090320587e-02,1.174694061279296875e+00,3.901237845420837402e-01,5.094168186187744141e-01,-7.081327959895133972e-03,-9.047904610633850098e-02,-9.280372411012649536e-02,-1.610469073057174683e-01,5.031484737992286682e-02,-1.937685608863830566e-01,7.607553154230117798e-02,-1.082965657114982605e-01,-1.936671556904911995e-03,-8.542422205209732056e-02,7.325799763202667236e-02,-1.960896849632263184e-01,-3.817706368863582611e-03
-5.060836300253868103e-02,1.615939848124980927e-02,7.426995038986206055e-01,-1.106105465441942215e-02,1.616010814905166626e-02,7.075191140174865723e-01,7.064228057861328125e-01,0.000000000000000000e+00,0.000000000000000000e+00,7.558085769414901733e-02,-1.183668851852416992e+00,3.701042830944061279e-01,-3.933449685573577881e-01,-1.953030377626419067e-02,1.174438714981079102e+00,3.892496824264526367e-01,5.111825466156005859e-01,-6.952349096536636353e-03,-8.782215416431427002e-02,-9.293704479932785034e-02,-1.615421175956726074e-01,4.863106831908226013e-02,-1.946527212858200073e-01,7.673645764589309692e-02,-1.047411635518074036e-01,-2.209362108260393143e-03,-8.560204505920410156e-02,7.102058827877044678e-02,-1.967337727546691895e-01,-5.253551993519067764e-03
-5.067214369773864746e-02,1.658318005502223969e-02,7.426198720932006836e-01,-1.079735811799764633e-02,1.602005213499069214e-02,7.078676223754882812e-01,7.060808539390563965e-01,0.000000000000000000e+00,0.000000000000000000e+00,7.653287053108215332e-02,-1.184182882308959961e+00,3.714379370212554932e-01,-3.942834436893463135e-01,-1.994635537266731262e-02,1.174421072006225586e+00,3.875539302825927734e-01,5.105093717575073242e-01,-6.671545095741748810e-03,-8.541268110275268555e-02,-9.322420507669448853e-02,-1.622752994298934937e-01,4.666652530431747437e-02,-1.943899393081665039e-01,7.572075724601745605e-02,-1.016251072287559509e-01,-2.604506677016615868e-03,-8.614873141050338745e-02,6.849827617406845093e-02,-1.974537372589111328e-01,-5.651942919939756393e-03
-5.109219625592231750e-02,1.854817010462284088e-02,7.438378334045410156e-01,-1.582798175513744354e-02,2.214836329221725464e-02,7.057165503501892090e-01,7.079710960388183594e-01,0.000000000000000000e+00,0.000000000000000000e+00,5.295108258724212646e-02,-1.181090354919433594e+00,3.606374561786651611e-01,-3.935666382312774658e-01,-4.131573438644409180e-02,1.164016366004943848e+00,3.922600150108337402e-01,5.163627862930297852e-01,-1.771032810211181641e-03,-1.024905294179916382e-01,-9.354431182146072388e-02,-1.585907936096191406e-01,4.818563908338546753e-02,-1.952453851699829102e-01,7.474192976951599121e-02,-1.200168728828430176e-01,-3.280385630205273628e-03,-8.201020210981369019e-02,7.235925644636154175e-02,-1.989576220512390137e-01,-7.626385428011417389e-03
-5.112165585160255432e-02,1.939582452178001404e-02,7.440475225448608398e-01,-1.741957478225231171e-02,2.392365783452987671e-02,7.060832381248474121e-01,7.075101733207702637e-01,0.000000000000000000e+00,0.000000000000000000e+00,3.996219858527183533e-02,-1.181025743484497070e+00,3.604846894741058350e-01,-3.864091634750366211e-01,-5.123192444443702698e-02,1.161626696586608887e+00,3.988314270973205566e-01,5.114001035690307617e-01,-5.554531700909137726e-03,-1.095917373895645142e-01,-9.401585161685943604e-02,-1.537397205829620361e-01,5.430334806442260742e-02,-2.023864984512329102e-01,7.220968604087829590e-02,-1.313171684741973877e-01,-3.855608636513352394e-03,-7.748604565858840942e-02,8.482038229703903198e-02,-2.062470614910125732e-01,-8.740148507058620453e-03
-5.126106739044189453e-02,1.971429213881492615e-02,7.440562844276428223e-01,-1.777203753590583801e-02,2.408515103161334991e-02,7.065943479537963867e-01,7.069855332374572754e-01,0.000000000000000000e+00,0.000000000000000000e+00,3.844560310244560242e-02,-1.181785106658935547e+00,3.617734313011169434e-01,-3.859026730060577393e-01,-5.247984826564788818e-02,1.162124514579772949e+00,3.991346359252929688e-01,5.069284439086914062e-01,-7.080535404384136200e-03,-1.099423542618751526e-01,-9.402231127023696899e-02,-1.530801355838775635e-01,5.452824383974075317e-02,-2.041491270065307617e-01,7.218301296234130859e-02,-1.334575861692428589e-01,-4.027497954666614532e-03,-7.662997394800186157e-02,8.818169683218002319e-02,-2.077752351760864258e-01,-9.543241001665592194e-03
-5.144029483199119568e-02,1.982762850821018219e-02,7.440169453620910645e-01,-1.781313866376876831e-02,2.386749163269996643e-02,7.070919871330261230e-01,7.064941525459289551e-01,0.000000000000000000e+00,0.000000000000000000e+00,4.264682903885841370e-02,-1.182965397834777832e+00,3.618697822093963623e-01,-3.899453878402709961e-01,-4.957836493849754333e-02,1.163954138755798340e+00,3.952586352825164795e-01,5.043675899505615234e-01,-5.669363774359226227e-03,-1.072106063365936279e-01,-9.403461217880249023e-02,-1.570385545492172241e-01,4.986914619803428650e-02,-2.020764648914337158e-01,7.340724021196365356e-02,-1.315526664257049561e-01,-4.375284537672996521e-03,-7.958342134952545166e-02,8.635207265615463257e-02,-2.048491686582565308e-01,-9.070632047951221466e-03
-5.159987509250640869e-02,2.013851515948772430e-02,7.440963387489318848e-01,-1.855080947279930115e-02,2.450661361217498779e-02,7.072305083274841309e-01,7.063145637512207031e-01,0.000000000000000000e+00,0.000000000000000000e+00,4.325373470783233643e-02,-1.183143615722656250e+00,3.607901036739349365e-01,-3.920216262340545654e-01,-4.920214414596557617e-02,1.163403511047363281e+00,3.951579332351684570e-01,5.037552118301391602e-01,-4.027847200632095337e-03,-1.077392250299453735e-01,-9.414100646972656250e-02,-1.596099585294723511e-01,4.714800044894218445e-02,-2.014152407646179199e-01,7.325546443462371826e-02,-1.341489255428314209e-01,-4.879606422036886215e-03,-8.133643120527267456e-02,8.834432810544967651e-02,-2.043621242046356201e-01,-7.283462211489677429e-03
-5.192598327994346619e-02,2.055578306317329407e-02,7.442400455474853516e-01,-1.952045597136020660e-02,2.590558491647243500e-02,7.057296633720397949e-01,7.077382802963256836e-01,0.000000000000000000e+00,0.000000000000000000e+00,4.511691629886627197e-02,-1.182853937149047852e+00,3.631651401519775391e-01,-3.935608863830566406e-01,-5.162931233644485474e-02,1.162334918975830078e+00,3.968578577041625977e-01,5.048734545707702637e-01,-1.561351469717919827e-03,-1.114172637462615967e-01,-9.526941925287246704e-02,-1.615365147590637207e-01,4.794758930802345276e-02,-2.004200369119644165e-01,7.314596325159072876e-02,-1.415458619594573975e-01,-6.212023552507162094e-03,-8.193432539701461792e-02,9.510459750890731812e-02,-2.052000463008880615e-01,-5.405818112194538116e-03
