2.431620657444000244e-02,-6.590651720762252808e-02,2.408543080091476440e-01,7.425483316183090210e-03,-3.476011333987116814e-03,8.215942978858947754e-01,5.700137019157409668e-01,0.000000000000000000e+00,0.000000000000000000e+00,2.429730445146560669e-02,-1.229445695877075195e+00,-2.490624785423278809e-03,-5.173318088054656982e-03,2.182762324810028076e-02,1.220024824142456055e+00,-2.726375591009855270e-03,3.787587396800518036e-03,4.106348846107721329e-03,-7.140355557203292847e-02,-4.803440347313880920e-02,-1.043794560246169567e-03,4.842453636229038239e-03,8.018591254949569702e-02,4.538366943597793579e-02,-7.919447869062423706e-02,2.950317226350307465e-02,-7.560251746326684952e-03,3.587014740332961082e-03,8.879853785037994385e-02,-3.316147625446319580e-02
2.431872673332691193e-02,-6.591194868087768555e-02,2.408501207828521729e-01,7.446531206369400024e-03,-3.489117370918393135e-03,8.215950727462768555e-01,5.700121521949768066e-01,0.000000000000000000e+00,0.000000000000000000e+00,2.480569109320640564e-02,-1.229599833488464355e+00,-2.743779215961694717e-03,-5.898394156247377396e-03,2.197000570595264435e-02,1.220158576965332031e+00,-2.880362560972571373e-03,3.901852993294596672e-03,4.194521810859441757e-03,-7.121880352497100830e-02,-4.804357513785362244e-02,-1.147446339018642902e-03,4.568122327327728271e-03,8.043753355741500854e-02,4.540217295289039612e-02,-7.898455113172531128e-02,2.949367091059684753e-02,-7.655272725969552994e-03,3.314610570669174194e-03,8.901372551918029785e-02,-3.317514061927795410e-02
2.431873790919780731e-02,-6.591206043958663940e-02,2.408500164747238159e-01,7.447080686688423157e-03,-3.489514812827110291e-03,8.215949535369873047e-01,5.700123906135559082e-01,0.000000000000000000e+00,0.000000000000000000e+00,2.483052760362625122e-02,-1.229600310325622559e+00,-2.758828224614262581e-03,-5.936124362051486969e-03,2.197662182152271271e-02,1.220158815383911133e+00,-2.884231042116880417e-03,3.910519648343324661e-03,4.200818017125129700e-03,-7.121556997299194336e-02,-4.804398491978645325e-02,-1.153716002590954304e-03,4.563372582197189331e-03,8.044247329235076904e-02,4.540221020579338074e-02,-7.898005098104476929e-02,2.949323505163192749e-02,-7.661374285817146301e-03,3.310488769784569740e-03,8.901581168174743652e-02,-3.317525610327720642e-02
2.431873790919780731e-02,-6.591206789016723633e-02,2.408500164747238159e-01,7.447100710123777390e-03,-3.489529946818947792e-03,8.215949535369873047e-01,5.700123906135559082e-01,0.000000000000000000e+00,0.000000000000000000e+00,2.483178675174713135e-02,-1.229600310325622559e+00,-2.759617986157536507e-03,-5.938057787716388702e-03,2.197695523500442505e-02,1.220158815383911133e+00,-2.884398913010954857e-03,3.910997416824102402e-03,4.201227799057960510e-03,-7.121551781892776489e-02,-4.804401099681854248e-02,-1.154117053374648094e-03,4.563284572213888168e-03,8.044262230396270752e-02,4.540220648050308228e-02,-7.897991687059402466e-02,2.949320711195468903e-02,-7.661772426217794418e-03,3.310434753075242043e-03,8.901577442884445190e-02,-3.317525982856750488e-02
2.431873790919780731e-02,-6.591206789016723633e-02,2.408500164747238159e-01,7.447101641446352005e-03,-3.489530878141522408e-03,8.215949535369873047e-01,5.700123906135559082e-01,0.000000000000000000e+00,0.000000000000000000e+00,2.483185194432735443e-02,-1.229600310325622559e+00,-2.759658498689532280e-03,-5.938156507909297943e-03,2.197697386145591736e-02,1.220158815383911133e+00,-2.884407294914126396e-03,3.911022096872329712e-03,4.201254341751337051e-03,-7.121551781892776489e-02,-4.804401472210884094e-02,-1.154142897576093674e-03,4.563282709568738937e-03,8.044262975454330444e-02,4.540220648050308228e-02,-7.897990942001342773e-02,2.949320524930953979e-02,-7.661798503249883652e-03,3.310434753075242043e-03,8.901576697826385498e-02,-3.317526355385780334e-02
2.431873790919780731e-02,-6.591206789016723633e-02,2.408500164747238159e-01,7.447101641446352005e-03,-3.489530878141522408e-03,8.215949535369873047e-01,5.700123906135559082e-01,0.000000000000000000e+00,0.000000000000000000e+00,2.483185566961765289e-02,-1.229600310325622559e+00,-2.759660594165325165e-03,-5.938161630183458328e-03,2.197697386145591736e-02,1.220158815383911133e+00,-2.884407760575413704e-03,3.911023493856191635e-03,4.201255738735198975e-03,-7.121551781892776489e-02,-4.804401472210884094e-02,-1.154144527390599251e-03,4.563282243907451630e-03,8.044262975454330444e-02,4.540220648050308228e-02,-7.897990942001342773e-02,2.949320524930953979e-02,-7.661799900233745575e-03,3.310434520244598389e-03,8.901576697826385498e-02,-3.317526355385780334e-02
2.431873790919780731e-02,-6.591206789016723633e-02,2.408500164747238159e-01,7.447101641446352005e-03,-3.489530878141522408e-03,8.215949535369873047e-01,5.700123906135559082e-01,0.000000000000000000e+00,0.000000000000000000e+00,2.483185566961765289e-02,-1.229600310325622559e+00,-2.759660826995968819e-03,-5.938162095844745636e-03,2.197697386145591736e-02,1.220158815383911133e+00,-2.884407760575413704e-03,3.911023493856191635e-03,4.201256204396486282e-03,-7.121551781892776489e-02,-4.804401472210884094e-02,-1.154144643805921078e-03,4.563282243907451630e-03,8.044262975454330444e-02,4.540220648050308228e-02,-7.897990942001342773e-02,2.949320524930953979e-02,-7.661799900233745575e-03,3.310434520244598389e-03,8.901576697826385498e-02,-3.317526355385780334e-02
2.431873790919780731e-02,-6.591206789016723633e-02,2.408500164747238159e-01,7.447101641446352005e-03,-3.489530878141522408e-03,8.215949535369873047e-01,5.700123906135559082e-01,0.000000000000000000e+00,0.000000000000000000e+00,2.483185566961765289e-02,-1.229600310325622559e+00,-2.759660826995968819e-03,-5.938162095844745636e-03,2.197697386145591736e-02,1.220158815383911133e+00,-2.884407760575413704e-03,3.911023493856191635e-03,4.201256204396486282e-03,-7.121551781892776489e-02,-4.804401472210884094e-02,-1.154144643805921078e-03,4.563282243907451630e-03,8.044262975454330444e-02,4.540220648050308228e-02,-7.897990942001342773e-02,2.949320524930953979e-02,-7.661799900233745575e-03,3.310434520244598389e-03,8.901576697826385498e-02,-3.317526355385780334e-02
2.431873790919780731e-02,-6.591206789016723633e-02,2.408500164747238159e-01,7.447101641446352005e-03,-3.489530878141522408e-03,8.215949535369873047e-01,5.700123906135559082e-01,0.000000000000000000e+00,0.000000000000000000e+00,2.483185566961765289e-02,-1.229600310325622559e+00,-2.759660826995968819e-03,-5.938162095844745636e-03,2.197697386145591736e-02,1.220158815383911133e+00,-2.884407760575413704e-03,3.911023493856191635e-03,4.201256204396486282e-03,-7.121551781892776489e-02,-4.804401472210884094e-02,-1.154144643805921078e-03,4.563282243907451630e-03,8.044262975454330444e-02,4.540220648050308228e-02,-7.897990942001342773e-02,2.949320524930953979e-02,-7.661799900233745575e-03,3.310434520244598389e-03,8.901576697826385498e-02,-3.317526355385780334e-02
2.431873790919780731e-02,-6.591206789016723633e-02,2.408500164747238159e-01,7.447101641446352005e-03,-3.489530878141522408e-03,8.215949535369873047e-01,5.700123906135559082e-01,0.000000000000000000e+00,0.000000000000000000e+00,2.483185566961765289e-02,-1.229600310325622559e+00,-2.759660826995968819e-03,-5.938162095844745636e-03,2.197697386145591736e-02,1.220158815383911133e+00,-2.884407760575413704e-03,3.911023493856191635e-03,4.201256204396486282e-03,-7.121551781892776489e-02,-4.804401472210884094e-02,-1.154144643805921078e-03,4.563282243907451630e-03,8.044262975454330444e-02,4.540220648050308228e-02,-7.897990942001342773e-02,2.949320524930953979e-02,-7.661799900233745575e-03,3.310434520244598389e-03,8.901576697826385498e-02,-3.317526355385780334e-02
2.431873790919780731e-02,-6.591206789016723633e-02,2.408500164747238159e-01,7.447101641446352005e-03,-3.489530878141522408e-03,8.215949535369873047e-01,5.700123906135559082e-01,0.000000000000000000e+00,0.000000000000000000e+00,2.483185566961765289e-02,-1.229600310325622559e+00,-2.759660826995968819e-03,-5.938162095844745636e-03,2.197697386145591736e-02,1.220158815383911133e+00,-2.884407760575413704e-03,3.911023493856191635e-03,4.201256204396486282e-03,-7.121551781892776489e-02,-4.804401472210884094e-02,-1.154144643805921078e-03,4.563282243907451630e-03,8.044262975454330444e-02,4.540220648050308228e-02,-7.897990942001342773e-02,2.949320524930953979e-02,-7.661799900233745575e-03,3.310434520244598389e-03,8.901576697826385498e-02,-3.317526355385780334e-02
2.431873790919780731e-02,-6.591206789016723633e-02,2.408500164747238159e-01,7.447101641446352005e-03,-3.489530878141522408e-03,8.215949535369873047e-01,5.700123906135559082e-01,0.000000000000000000e+00,0.000000000000000000e+00,2.483185566961765289e-02,-1.229600310325622559e+00,-2.759660826995968819e-03,-5.938162095844745636e-03,2.197697386145591736e-02,1.220158815383911133e+00,-2.884407760575413704e-03,3.911023493856191635e-03,4.201256204396486282e-03,-7.121551781892776489e-02,-4.804401472210884094e-02,-1.154144643805921078e-03,4.563282243907451630e-03,8.044262975454330444e-02,4.540220648050308228e-02,-7.897990942001342773e-02,2.949320524930953979e-02,-7.661799900233745575e-03,3.310434520244598389e-03,8.901576697826385498e-02,-3.317526355385780334e-02
2.431873790919780731e-02,-6.591206789016723633e-02,2.408500164747238159e-01,7.447101641446352005e-03,-3.489530878141522408e-03,8.215949535369873047e-01,5.700123906135559082e-01,0.000000000000000000e+00,0.000000000000000000e+00,2.483185566961765289e-02,-1.229600310325622559e+00,-2.759660826995968819e-03,-5.938162095844745636e-03,2.197697386145591736e-02,1.220158815383911133e+00,-2.884407760575413704e-03,3.911023493856191635e-03,4.201256204396486282e-03,-7.121551781892776489e-02,-4.804401472210884094e-02,-1.154144643805921078e-03,4.563282243907451630e-03,8.044262975454330444e-02,4.540220648050308228e-02,-7.897990942001342773e-02,2.949320524930953979e-02,-7.661799900233745575e-03,3.310434520244598389e-03,8.901576697826385498e-02,-3.317526355385780334e-02
2.431873790919780731e-02,-6.591206789016723633e-02,2.408500164747238159e-01,7.447101641446352005e-03,-3.489530878141522408e-03,8.215949535369873047e-01,5.700123906135559082e-01,0.000000000000000000e+00,0.000000000000000000e+00,2.483185566961765289e-02,-1.229600310325622559e+00,-2.759660826995968819e-03,-5.938162095844745636e-03,2.197697386145591736e-02,1.220158815383911133e+00,-2.884407760575413704e-03,3.911023493856191635e-03,4.201256204396486282e-03,-7.121551781892776489e-02,-4.804401472210884094e-02,-1.154144643805921078e-03,4.563282243907451630e-03,8.044262975454330444e-02,4.540220648050308228e-02,-7.897990942001342773e-02,2.949320524930953979e-02,-7.661799900233745575e-03,3.310434520244598389e-03,8.901576697826385498e-02,-3.317526355385780334e-02
3.496542572975158691e-02,-6.617742031812667847e-02,2.371632754802703857e-01,4.019525274634361267e-02,2.035781741142272949e-03,8.447118401527404785e-01,5.337060689926147461e-01,0.000000000000000000e+00,0.000000000000000000e+00,3.705797344446182251e-02,-1.214781284332275391e+00,2.394866757094860077e-02,-1.297163069248199463e-01,3.679651394486427307e-02,1.205344676971435547e+00,2.501755207777023315e-02,1.304094791412353516e-01,7.271538022905588150e-03,-7.926816493272781372e-02,-4.141828417778015137e-02,5.858820863068103790e-03,8.838849142193794250e-03,9.165101498365402222e-02,3.689528629183769226e-02,-8.064760267734527588e-02,2.796185575425624847e-02,-3.267158567905426025e-02,4.154852591454982758e-03,1.023994386196136475e-01,-1.629503816366195679e-02
4.539362713694572449e-02,-6.571330130100250244e-02,2.326344400644302368e-01,7.458562403917312622e-02,7.482553366571664810e-03,8.643519878387451172e-01,4.972691833972930908e-01,0.000000000000000000e+00,0.000000000000000000e+00,5.177925899624824524e-02,-1.199340939521789551e+00,5.025846511125564575e-02,-2.570196092128753662e-01,5.409699305891990662e-02,1.189912080764770508e+00,5.154007673263549805e-02,2.602230608463287354e-01,1.072888541966676712e-02,-8.725848048925399780e-02,-3.483029827475547791e-02,1.237066835165023804e-02,1.317331381142139435e-02,1.029825210571289062e-01,2.839870564639568329e-02,-8.202322572469711304e-02,2.648385241627693176e-02,-5.781817436218261719e-02,4.970363341271877289e-03,1.158223450183868408e-01,7.388346712104976177e-04
5.546404421329498291e-02,-6.455209106206893921e-02,2.272673547267913818e-01,1.104356572031974792e-01,1.288965996354818344e-02,8.804571628570556641e-01,4.609045088291168213e-01,0.000000000000000000e+00,0.000000000000000000e+00,6.707839667797088623e-02,-1.183154582977294922e+00,7.688605040311813354e-02,-3.848911821842193604e-01,7.194261997938156128e-02,1.173841476440429688e+00,7.740754634141921997e-02,3.903534114360809326e-01,1.423986442387104034e-02,-9.525825083255767822e-02,-2.824596501886844635e-02,1.870761625468730927e-02,1.755618862807750702e-02,1.143854856491088867e-01,1.991481892764568329e-02,-8.327043801546096802e-02,2.510039135813713074e-02,-8.275361359119415283e-02,5.745350848883390427e-03,1.293681412935256958e-01,1.788748987019062042e-02
6.504037231206893921e-02,-6.274231523275375366e-02,2.210730761289596558e-01,1.475947946310043335e-01,1.826862804591655731e-02,8.929793238639831543e-01,4.248175919055938721e-01,0.000000000000000000e+00,0.000000000000000000e+00,8.284661173820495605e-02,-1.166157364845275879e+00,1.036799550056457520e-01,-5.132139921188354492e-01,9.023132175207138062e-02,1.157153367996215820e+00,1.025018021464347839e-01,5.206835865974426270e-01,1.778901927173137665e-02,-1.032748892903327942e-01,-2.165720984339714050e-02,2.487285993993282318e-02,2.199026755988597870e-02,1.258601248264312744e-01,1.143722981214523315e-02,-8.440163731575012207e-02,2.382626384496688843e-02,-1.074525713920593262e-01,6.476751994341611862e-03,1.430449932813644409e-01,3.515784069895744324e-02
7.399103045463562012e-02,-6.034321710467338562e-02,2.140757143497467041e-01,1.859064102172851562e-01,2.363115176558494568e-02,9.018849730491638184e-01,3.892093300819396973e-01,0.000000000000000000e+00,0.000000000000000000e+00,9.904175996780395508e-02,-1.148301124572753906e+00,1.304397135972976685e-01,-6.419701576232910156e-01,1.089354902505874634e-01,1.139877319335937500e+00,1.266659945249557495e-01,6.512020230293273926e-01,2.137596346437931061e-02,-1.113111302256584167e-01,-1.505852397531270981e-02,3.085438720881938934e-02,2.647656574845314026e-02,1.374105066061019897e-01,2.958653727546334267e-03,-8.542237430810928345e-02,2.267312817275524139e-02,-1.319063454866409302e-01,7.163139525800943375e-03,1.568564027547836304e-01,5.255785584449768066e-02
8.219096064567565918e-02,-5.742373317480087280e-02,2.063128501176834106e-01,2.252066880464553833e-01,2.898998931050300598e-02,9.071550965309143066e-01,3.542755246162414551e-01,0.000000000000000000e+00,0.000000000000000000e+00,1.156236231327056885e-01,-1.129555821418762207e+00,1.569573432207107544e-01,-7.711401581764221191e-01,1.280353814363479614e-01,1.122052431106567383e+00,1.497461795806884766e-01,7.818993926048278809e-01,2.500079944729804993e-02,-1.193671822547912598e-01,-8.446229621767997742e-03,3.664032369852066040e-02,3.101464919745922089e-02,1.490409076213836670e-01,-5.528050474822521210e-03,-8.633699268102645874e-02,2.165069431066513062e-02,-1.561075747013092041e-01,7.804105523973703384e-03,1.708043962717056274e-01,7.009658962488174438e-02
8.952362090349197388e-02,-5.406120792031288147e-02,1.978354603052139282e-01,2.653250992298126221e-01,3.435926884412765503e-02,9.087852239608764648e-01,3.202053606510162354e-01,0.000000000000000000e+00,0.000000000000000000e+00,1.325538903474807739e-01,-1.109911322593688965e+00,1.830214858055114746e-01,-9.007009267807006836e-01,1.475173085927963257e-01,1.103726863861083984e+00,1.715950816869735718e-01,9.127653241157531738e-01,2.866361476480960846e-02,-1.274418681859970093e-01,-1.818054355680942535e-03,4.221960902214050293e-02,3.560281544923782349e-02,1.607562154531478882e-01,-1.403048262000083923e-02,-8.714965730905532837e-02,2.076660469174385071e-02,-1.800495237112045288e-01,8.400186896324157715e-03,1.848902404308319092e-01,8.778363466262817383e-02
9.587787091732025146e-02,-5.034261569380760193e-02,1.887028068304061890e-01,3.061246573925018311e-01,3.974071145057678223e-02,9.067689180374145508e-01,2.871907651424407959e-01,0.000000000000000000e+00,0.000000000000000000e+00,1.524543613195419312e-01,-1.088630676269531250e+00,2.069690823554992676e-01,-1.034906148910522461e+00,1.701461374759674072e-01,1.084256291389465332e+00,1.904137432575225830e-01,1.048195719718933105e+00,3.283628448843955994e-02,-1.357217133045196533e-01,4.782867617905139923e-03,4.709035903215408325e-02,4.064065590500831604e-02,1.723605692386627197e-01,-2.256245538592338562e-02,-8.773383498191833496e-02,1.998873241245746613e-02,-2.041867226362228394e-01,9.040588513016700745e-03,1.989736557006835938e-01,1.058014109730720520e-01
1.011674106121063232e-01,-4.635380581021308899e-02,1.790010333061218262e-01,3.473459780216217041e-01,4.517650976777076721e-02,9.011587500572204590e-01,2.553874850273132324e-01,0.000000000000000000e+00,0.000000000000000000e+00,1.704057157039642334e-01,-1.067026138305664062e+00,2.311522960662841797e-01,-1.165831565856933594e+00,1.907983124256134033e-01,1.064934611320495605e+00,2.090381830930709839e-01,1.180016279220581055e+00,3.664524108171463013e-02,-1.438720822334289551e-01,1.143826171755790710e-02,5.214969441294670105e-02,4.540307819843292236e-02,1.842185854911804199e-01,-3.112625330686569214e-02,-8.832962810993194580e-02,1.939535327255725861e-02,-2.276538163423538208e-01,9.548900648951530457e-03,2.133342176675796509e-01,1.238593459129333496e-01
1.053078472614288330e-01,-4.219120368361473083e-02,1.688148975372314453e-01,3.888350427150726318e-01,5.067044496536254883e-02,8.919805884361267090e-01,2.249676734209060669e-01,0.000000000000000000e+00,0.000000000000000000e+00,1.885733008384704590e-01,-1.044596910476684570e+00,2.542676627635955811e-01,-1.296996474266052246e+00,2.117600440979003906e-01,1.045311689376831055e+00,2.260874807834625244e-01,1.311871170997619629e+00,4.047996550798416138e-02,-1.520353108644485474e-01,1.811077818274497986e-02,5.698567256331443787e-02,5.020914599299430847e-02,1.961713135242462158e-01,-3.973096981644630432e-02,-8.883865177631378174e-02,1.895624212920665741e-02,-2.508283853530883789e-01,1.001439616084098816e-02,2.278384715318679810e-01,1.421056538820266724e-01
1.082330048084259033e-01,-3.795191273093223572e-02,1.582441478967666626e-01,4.304001331329345703e-01,5.623856186866760254e-02,8.792856335639953613e-01,1.960859596729278564e-01,0.000000000000000000e+00,0.000000000000000000e+00,2.070271521806716919e-01,-1.021383047103881836e+00,2.760546505451202393e-01,-1.428490519523620605e+00,2.331266701221466064e-01,1.025444388389587402e+00,2.413935959339141846e-01,1.443869233131408691e+00,4.435527697205543518e-02,-1.602079421281814575e-01,2.479646727442741394e-02,6.157537549734115601e-02,5.505908280611038208e-02,2.082225829362869263e-01,-4.838405922055244446e-02,-8.925993740558624268e-02,1.867205835878849030e-02,-2.737202644348144531e-01,1.044205017387866974e-02,2.424803972244262695e-01,1.605523675680160522e-01
1.098930314183235168e-01,-3.373396396636962891e-02,1.473990380764007568e-01,4.718439579010009766e-01,6.189700216054916382e-02,8.631393909454345703e-01,1.688859313726425171e-01,0.000000000000000000e+00,0.000000000000000000e+00,2.257775366306304932e-01,-9.974548220634460449e-01,2.963134050369262695e-01,-1.560301423072814941e+00,2.549166083335876465e-01,1.005413532257080078e+00,2.548680603504180908e-01,1.575998544692993164e+00,4.827153682708740234e-02,-1.683859378099441528e-01,3.149259835481643677e-02,6.591136753559112549e-02,5.994848161935806274e-02,2.203763723373413086e-01,-5.709277838468551636e-02,-8.959802240133285522e-02,1.854391396045684814e-02,-2.963252365589141846e-01,1.083573792129755020e-02,2.572571933269500732e-01,1.792105436325073242e-01
1.102553158998489380e-01,-2.963460050523281097e-02,1.363985538482666016e-01,5.129660367965698242e-01,6.766100972890853882e-02,8.436205983161926270e-01,1.434993594884872437e-01,0.000000000000000000e+00,0.000000000000000000e+00,2.448460906744003296e-01,-9.728935956954956055e-01,3.148553669452667236e-01,-1.692418098449707031e+00,2.771481871604919434e-01,9.853042364120483398e-01,2.664434015750885010e-01,1.708239555358886719e+00,5.222824588418006897e-02,-1.765644997358322144e-01,3.819538652896881104e-02,6.998766213655471802e-02,6.487303972244262695e-02,2.326351553201675415e-01,-6.586323678493499756e-02,-8.985728770494461060e-02,1.857169531285762787e-02,-3.186392486095428467e-01,1.119973603636026382e-02,2.721650898456573486e-01,1.980915069580078125e-01
1.093053370714187622e-01,-2.574856393039226532e-02,1.253691315650939941e-01,5.535634160041809082e-01,7.354419678449630737e-02,8.208214640617370605e-01,1.200456917285919189e-01,0.000000000000000000e+00,0.000000000000000000e+00,2.642686069011688232e-01,-9.477881789207458496e-01,3.315029442310333252e-01,-1.824835300445556641e+00,2.998414933681488037e-01,9.652047157287597656e-01,2.760721445083618164e-01,1.840569376945495605e+00,5.622433871030807495e-02,-1.847399324178695679e-01,4.490114003419876099e-02,7.379888743162155151e-02,6.982856988906860352e-02,2.450013607740402222e-01,-7.470124214887619019e-02,-9.004309773445129395e-02,1.875506713986396790e-02,-3.406592309474945068e-01,1.153843943029642105e-02,2.872003912925720215e-01,2.172055095434188843e-01
1.070472374558448792e-01,-2.216628938913345337e-02,1.144427508115768433e-01,5.934317708015441895e-01,7.955855131149291992e-02,7.948465347290039062e-01,9.863152354955673218e-02,0.000000000000000000e+00,0.000000000000000000e+00,2.840937674045562744e-01,-9.222332835197448730e-01,3.460918962955474854e-01,-1.957552075386047363e+00,3.230164647102355957e-01,9.452047944068908691e-01,2.837284505367279053e-01,1.972961068153381348e+00,6.025822460651397705e-02,-1.929087638854980469e-01,5.160520970821380615e-02,7.734011113643646240e-02,7.481109350919723511e-02,2.574769854545593262e-01,-8.361192047595977783e-02,-9.016097337007522583e-02,1.909273862838745117e-02,-3.623832762241363525e-01,1.185635291039943695e-02,3.023589849472045898e-01,2.365619689226150513e-01
1.035042256116867065e-01,-1.897220872342586517e-02,1.037553176283836365e-01,6.323664784431457520e-01,8.571311086416244507e-02,7.658129334449768066e-01,7.934997230768203735e-02,0.000000000000000000e+00,0.000000000000000000e+00,3.043813705444335938e-01,-8.963266611099243164e-01,3.584737181663513184e-01,-2.090571165084838867e+00,3.466909527778625488e-01,9.253961443901062012e-01,2.894099056720733643e-01,2.105382442474365234e+00,6.432725489139556885e-02,-2.010677009820938110e-01,5.830282345414161682e-02,8.060710877180099487e-02,7.981691509485244751e-02,2.700629234313964844e-01,-9.259954094886779785e-02,-9.021630883216857910e-02,1.958316564559936523e-02,-3.838106989860534668e-01,1.215784158557653427e-02,3.176361322402954102e-01,2.561698853969573975e-01
1.035229191184043884e-01,-1.886422000825405121e-02,1.043797209858894348e-01,6.320883035659790039e-01,8.601906150579452515e-02,7.660365700721740723e-01,7.907628268003463745e-02,0.000000000000000000e+00,0.000000000000000000e+00,3.118132650852203369e-01,-8.956706523895263672e-01,3.569750189781188965e-01,-2.097171783447265625e+00,3.571097552776336670e-01,9.218362569808959961e-01,2.865897715091705322e-01,2.114316701889038086e+00,6.531002372503280640e-02,-1.974773108959197998e-01,5.690643191337585449e-02,8.173175901174545288e-02,7.324653863906860352e-02,2.725650966167449951e-01,-9.411171078681945801e-02,-8.858525753021240234e-02,1.912202127277851105e-02,-3.849605321884155273e-01,9.574955329298973083e-03,3.205014765262603760e-01,2.557579576969146729e-01
1.034922525286674500e-01,-1.858637295663356781e-02,1.041191443800926208e-01,6.325417757034301758e-01,8.437111228704452515e-02,7.660282254219055176e-01,7.728634029626846313e-02,0.000000000000000000e+00,0.000000000000000000e+00,3.113308250904083252e-01,-8.954399228096008301e-01,3.574029505252838135e-01,-2.099028348922729492e+00,3.620635569095611572e-01,9.199899435043334961e-01,2.832467257976531982e-01,2.116994857788085938e+00,6.434622406959533691e-02,-1.958468109369277954e-01,5.657879263162612915e-02,8.221969008445739746e-02,6.979577243328094482e-02,2.723011076450347900e-01,-9.601211547851562500e-02,-8.767833560705184937e-02,1.910244300961494446e-02,-3.855520188808441162e-01,9.671787731349468231e-03,3.213980495929718018e-01,2.550449967384338379e-01
1.034618541598320007e-01,-1.852459646761417389e-02,1.041394919157028198e-01,6.327775716781616211e-01,8.406232297420501709e-02,7.658969759941101074e-01,7.699289172887802124e-02,0.000000000000000000e+00,0.000000000000000000e+00,3.118006289005279541e-01,-8.963745236396789551e-01,3.574648499488830566e-01,-2.099067211151123047e+00,3.640582859516143799e-01,9.194303154945373535e-01,2.817767262458801270e-01,2.118081331253051758e+00,6.392853707075119019e-02,-1.942028403282165527e-01,5.674460157752037048e-02,8.402062207460403442e-02,6.817077845335006714e-02,2.717611491680145264e-01,-9.650467336177825928e-02,-8.662559837102890015e-02,1.927608996629714966e-02,-3.865172266960144043e-01,9.170661680400371552e-03,3.215190768241882324e-01,2.566807866096496582e-01
1.034763231873512268e-01,-1.835474930703639984e-02,1.040512472391128540e-01,6.327238082885742188e-01,8.388728648424148560e-02,7.660192847251892090e-01,7.640650123357772827e-02,0.000000000000000000e+00,0.000000000000000000e+00,3.119379878044128418e-01,-8.966929912567138672e-01,3.568971455097198486e-01,-2.098405361175537109e+00,3.653330802917480469e-01,9.204434752464294434e-01,2.805130481719970703e-01,2.119079589843750000e+00,6.339804828166961670e-02,-1.941745281219482422e-01,5.640299618244171143e-02,8.507011085748672485e-02,6.744186580181121826e-02,2.713094353675842285e-01,-9.835804998874664307e-02,-8.676799386739730835e-02,1.894751377403736115e-02,-3.872293233871459961e-01,8.797206915915012360e-03,3.209624886512756348e-01,2.572815418243408203e-01
1.035174652934074402e-01,-1.831717602908611298e-02,1.041746437549591064e-01,6.323439478874206543e-01,8.403184264898300171e-02,7.662968039512634277e-01,7.660941034555435181e-02,0.000000000000000000e+00,0.000000000000000000e+00,3.123367130756378174e-01,-8.970032930374145508e-01,3.554163873195648193e-01,-2.097890615463256836e+00,3.650993704795837402e-01,9.207320809364318848e-01,2.797647714614868164e-01,2.119707822799682617e+00,6.377936154603958130e-02,-1.945513635873794556e-01,5.678572505712509155e-02,8.641225844621658325e-02,6.687759608030319214e-02,2.710495293140411377e-01,-9.889934957027435303e-02,-8.737784624099731445e-02,1.928520388901233673e-02,-3.874877691268920898e-01,8.225209079682826996e-03,3.205329477787017822e-01,2.574618160724639893e-01
1.035088077187538147e-01,-1.831020787358283997e-02,1.041015908122062683e-01,6.322771906852722168e-01,8.527836948633193970e-02,7.661334276199340820e-01,7.741308212280273438e-02,0.000000000000000000e+00,0.000000000000000000e+00,3.145109415054321289e-01,-8.959965109825134277e-01,3.535693585872650146e-01,-2.096937656402587891e+00,3.628796637058258057e-01,9.223138093948364258e-01,2.813688516616821289e-01,2.121310949325561523e+00,6.416545808315277100e-02,-1.940473467111587524e-01,5.659874156117439270e-02,8.732044696807861328e-02,6.694657355546951294e-02,2.725970149040222168e-01,-9.847995638847351074e-02,-8.726846426725387573e-02,1.881102286279201508e-02,-3.880874812602996826e-01,7.468556519597768784e-03,3.195453584194183350e-01,2.578537464141845703e-01
1.035531163215637207e-01,-1.811092346906661987e-02,1.044903174042701721e-01,6.320993900299072266e-01,8.498385548591613770e-02,7.663683891296386719e-01,7.686111330986022949e-02,0.000000000000000000e+00,0.000000000000000000e+00,3.157023489475250244e-01,-8.967082500457763672e-01,3.519980013370513916e-01,-2.096286058425903320e+00,3.649407029151916504e-01,9.233239293098449707e-01,2.798506617546081543e-01,2.120685815811157227e+00,6.421745568513870239e-02,-1.936506330966949463e-01,5.639214068651199341e-02,8.873477578163146973e-02,6.620131433010101318e-02,2.709406018257141113e-01,-9.946362674236297607e-02,-8.687881380319595337e-02,1.869011670351028442e-02,-3.878168463706970215e-01,7.165424991399049759e-03,3.191037178039550781e-01,2.578427791595458984e-01
1.036031097173690796e-01,-1.800100319087505341e-02,1.046733334660530090e-01,6.318504214286804199e-01,8.506127446889877319e-02,7.665583491325378418e-01,7.692823559045791626e-02,0.000000000000000000e+00,0.000000000000000000e+00,3.167749047279357910e-01,-8.966016769409179688e-01,3.514841198921203613e-01,-2.095795631408691406e+00,3.663468062877655029e-01,9.246256351470947266e-01,2.790247201919555664e-01,2.121298789978027344e+00,6.434209644794464111e-02,-1.940071135759353638e-01,5.674561858177185059e-02,8.901366591453552246e-02,6.632211804389953613e-02,2.711416482925415039e-01,-9.832356870174407959e-02,-8.721662312746047974e-02,1.897753216326236725e-02,-3.867278397083282471e-01,6.989138200879096985e-03,3.188953697681427002e-01,2.571762502193450928e-01
1.036716997623443604e-01,-1.780807413160800934e-02,1.047841012477874756e-01,6.315896511077880859e-01,8.469545096158981323e-02,7.668540477752685547e-01,7.652477920055389404e-02,0.000000000000000000e+00,0.000000000000000000e+00,3.165615200996398926e-01,-8.972966670989990234e-01,3.509816527366638184e-01,-2.095280647277832031e+00,3.675532937049865723e-01,9.255283474922180176e-01,2.780087292194366455e-01,2.121566772460937500e+00,6.416897475719451904e-02,-1.941377669572830200e-01,5.695275589823722839e-02,8.855326473712921143e-02,6.509952247142791748e-02,2.719140052795410156e-01,-9.780966490507125854e-02,-8.786904811859130859e-02,1.926298066973686218e-02,-3.856282532215118408e-01,6.999325938522815704e-03,3.199700415134429932e-01,2.561335861682891846e-01
1.037585213780403137e-01,-1.760924048721790314e-02,1.047991886734962463e-01,6.313251256942749023e-01,8.492827415466308594e-02,7.670613527297973633e-01,7.637190073728561401e-02,0.000000000000000000e+00,0.000000000000000000e+00,3.169423341751098633e-01,-8.985714912414550781e-01,3.499898314476013184e-01,-2.093549251556396484e+00,3.677630126476287842e-01,9.270873665809631348e-01,2.779673337936401367e-01,2.122458457946777344e+00,6.384551525115966797e-02,-1.947890520095825195e-01,5.681305006146430969e-02,8.762843906879425049e-02,6.519198417663574219e-02,2.737005650997161865e-01,-9.763660281896591187e-02,-8.861849457025527954e-02,1.909282431006431580e-02,-3.845486640930175781e-01,6.825814023613929749e-03,3.200124204158782959e-01,2.543395459651947021e-01
1.038824170827865601e-01,-1.743057183921337128e-02,1.052634119987487793e-01,6.308456659317016602e-01,8.541580289602279663e-02,7.673931121826171875e-01,7.645714282989501953e-02,0.000000000000000000e+00,0.000000000000000000e+00,3.201014697551727295e-01,-9.004874825477600098e-01,3.485907316207885742e-01,-2.091877222061157227e+00,3.698436617851257324e-01,9.283366799354553223e-01,2.782296538352966309e-01,2.122778654098510742e+00,6.445547938346862793e-02,-1.950044333934783936e-01,5.649961158633232117e-02,8.761183917522430420e-02,6.497132778167724609e-02,2.747068703174591064e-01,-9.971155971288681030e-02,-8.907328546047210693e-02,1.879846118390560150e-02,-3.832761347293853760e-01,6.540312431752681732e-03,3.206210732460021973e-01,2.533757686614990234e-01
1.040022149682044983e-01,-1.723944768309593201e-02,1.054480597376823425e-01,6.304435729980468750e-01,8.483662456274032593e-02,7.678267359733581543e-01,7.606415450572967529e-02,0.000000000000000000e+00,0.000000000000000000e+00,3.203493952751159668e-01,-9.024255275726318359e-01,3.479210734367370605e-01,-2.091185808181762695e+00,3.711339533329010010e-01,9.293798208236694336e-01,2.779729366302490234e-01,2.122212409973144531e+00,6.434111297130584717e-02,-1.961766630411148071e-01,5.726768821477890015e-02,8.855989575386047363e-02,6.507457792758941650e-02,2.745014727115631104e-01,-9.923318773508071899e-02,-8.994112908840179443e-02,1.949470117688179016e-02,-3.824974000453948975e-01,6.458865944296121597e-03,3.217249214649200439e-01,2.525739073753356934e-01
1.041701957583427429e-01,-1.696390658617019653e-02,1.059145554900169373e-01,6.298208832740783691e-01,8.455608785152435303e-02,7.684308886528015137e-01,7.543168962001800537e-02,0.000000000000000000e+00,0.000000000000000000e+00,3.218460977077484131e-01,-9.048399925231933594e-01,3.467283248901367188e-01,-2.089671373367309570e+00,3.737570941448211670e-01,9.306785464286804199e-01,2.777512669563293457e-01,2.121454715728759766e+00,6.364633888006210327e-02,-1.973810940980911255e-01,5.719060450792312622e-02,8.846969157457351685e-02,6.543877720832824707e-02,2.750046551227569580e-01,-1.005226895213127136e-01,-9.088951349258422852e-02,1.948734559118747711e-02,-3.819587230682373047e-01,6.101463455706834793e-03,3.216627538204193115e-01,2.526789307594299316e-01
1.042683571577072144e-01,-1.667025126516819000e-02,1.059171706438064575e-01,6.297601461410522461e-01,8.441934734582901001e-02,7.685694098472595215e-01,7.467634230852127075e-02,0.000000000000000000e+00,0.000000000000000000e+00,3.222919106483459473e-01,-9.065472483634948730e-01,3.446519672870635986e-01,-2.087517499923706055e+00,3.749223649501800537e-01,9.332929253578186035e-01,2.760388255119323730e-01,2.121524333953857422e+00,6.288835406303405762e-02,-1.981657594442367554e-01,5.686971545219421387e-02,8.766952902078628540e-02,6.668531149625778198e-02,2.758090496063232422e-01,-1.011621430516242981e-01,-9.092166274785995483e-02,1.899806410074234009e-02,-3.823371231555938721e-01,5.802956409752368927e-03,3.215407729148864746e-01,2.519330382347106934e-01
1.044078767299652100e-01,-1.650976389646530151e-02,1.061899140477180481e-01,6.292809247970581055e-01,8.381568640470504761e-02,7.690638303756713867e-01,7.430528849363327026e-02,0.000000000000000000e+00,0.000000000000000000e+00,3.228148818016052246e-01,-9.089472889900207520e-01,3.432050347328186035e-01,-2.086290359497070312e+00,3.767667412757873535e-01,9.345750212669372559e-01,2.756944000720977783e-01,2.121254920959472656e+00,6.292421370744705200e-02,-1.993570774793624878e-01,5.768266320228576660e-02,8.782798796892166138e-02,6.685563921928405762e-02,2.750815451145172119e-01,-1.003756374120712280e-01,-9.192552417516708374e-02,1.969389989972114563e-02,-3.818237781524658203e-01,5.983986426144838333e-03,3.216017782688140869e-01,2.517299652099609375e-01
1.045037060976028442e-01,-1.651367545127868652e-02,1.064327880740165710e-01,6.290500164031982422e-01,8.482979238033294678e-02,7.690570950508117676e-01,7.517420500516891479e-02,0.000000000000000000e+00,0.000000000000000000e+00,3.257452249526977539e-01,-9.102368354797363281e-01,3.420323133468627930e-01,-2.084568738937377930e+00,3.764681518077850342e-01,9.370411634445190430e-01,2.763324081897735596e-01,2.120765924453735352e+00,6.347952038049697876e-02,-1.993495523929595947e-01,5.803167447447776794e-02,8.845628798007965088e-02,6.822913140058517456e-02,2.757609486579895020e-01,-1.000633388757705688e-01,-9.180520474910736084e-02,1.964734867215156555e-02,-3.829497992992401123e-01,5.502391606569290161e-03,3.209970295429229736e-01,2.531338930130004883e-01
1.045851632952690125e-01,-1.641896553337574005e-02,1.065122932195663452e-01,6.289563179016113281e-01,8.483461290597915649e-02,7.691334486007690430e-01,7.517134398221969604e-02,0.000000000000000000e+00,0.000000000000000000e+00,3.264955282211303711e-01,-9.109907150268554688e-01,3.408167958259582520e-01,-2.083474159240722656e+00,3.763390779495239258e-01,9.382270574569702148e-01,2.760806381702423096e-01,2.120080947875976562e+00,6.395436078310012817e-02,-1.992459446191787720e-01,5.832102149724960327e-02,8.832328766584396362e-02,6.804434210062026978e-02,2.749330997467041016e-01,-1.004938110709190369e-01,-9.180662035942077637e-02,1.981661282479763031e-02,-3.830281198024749756e-01,5.460289772599935532e-03,3.210786879062652588e-01,2.535631358623504639e-01
1.046495214104652405e-01,-1.633637025952339172e-02,1.066240146756172180e-01,6.288713216781616211e-01,8.595854043960571289e-02,7.690316438674926758e-01,7.564632594585418701e-02,0.000000000000000000e+00,0.000000000000000000e+00,3.287506997585296631e-01,-9.108980298042297363e-01,3.382837474346160889e-01,-2.081425189971923828e+00,3.758320808410644531e-01,9.392753839492797852e-01,2.768135070800781250e-01,2.120565891265869141e+00,6.461748480796813965e-02,-1.991247087717056274e-01,5.781899020075798035e-02,8.857584744691848755e-02,6.898514181375503540e-02,2.764940857887268066e-01,-1.004557386040687561e-01,-9.160029143095016479e-02,1.894197054207324982e-02,-3.838053047657012939e-01,5.195437464863061905e-03,3.209545612335205078e-01,2.539409697055816650e-01
1.047227978706359863e-01,-1.617081277072429657e-02,1.066844090819358826e-01,6.289286613464355469e-01,8.589100837707519531e-02,7.690243721008300781e-01,7.531950622797012329e-02,0.000000000000000000e+00,0.000000000000000000e+00,3.302639126777648926e-01,-9.105121493339538574e-01,3.386500179767608643e-01,-2.080885171890258789e+00,3.767654299736022949e-01,9.386495947837829590e-01,2.782987952232360840e-01,2.120229721069335938e+00,6.478954106569290161e-02,-1.985043287277221680e-01,5.769431218504905701e-02,8.892255276441574097e-02,6.843643635511398315e-02,2.759132683277130127e-01,-1.000174880027770996e-01,-9.112780541181564331e-02,1.879306323826313019e-02,-3.836279809474945068e-01,5.078592337667942047e-03,3.212103843688964844e-01,2.545485198497772217e-01
1.047914847731590271e-01,-1.608449220657348633e-02,1.067181602120399475e-01,6.289810538291931152e-01,8.598989993333816528e-02,7.689604759216308594e-01,7.542107999324798584e-02,0.000000000000000000e+00,0.000000000000000000e+00,3.308501839637756348e-01,-9.098676443099975586e-01,3.384847640991210938e-01,-2.080289363861083984e+00,3.766362965106964111e-01,9.387669563293457031e-01,2.791383564472198486e-01,2.119707822799682617e+00,6.524920463562011719e-02,-1.982502639293670654e-01,5.795865133404731750e-02,8.915231376886367798e-02,6.877848505973815918e-02,2.756922245025634766e-01,-1.001849398016929626e-01,-9.068141132593154907e-02,1.897176541388034821e-02,-3.839731514453887939e-01,4.962263628840446472e-03,3.219233155250549316e-01,2.557547688484191895e-01
1.048356145620346069e-01,-1.596064120531082153e-02,1.066839694976806641e-01,6.291449666023254395e-01,8.663161098957061768e-02,7.687343955039978027e-01,7.562423497438430786e-02,0.000000000000000000e+00,0.000000000000000000e+00,3.322953581809997559e-01,-9.087685942649841309e-01,3.381358981132507324e-01,-2.079380273818969727e+00,3.758673369884490967e-01,9.390684962272644043e-01,2.813910543918609619e-01,2.120012283325195312e+00,6.560270488262176514e-02,-1.982106566429138184e-01,5.774529278278350830e-02,8.917864412069320679e-02,7.027212530374526978e-02,2.774691879749298096e-01,-9.974304586648941040e-02,-8.996051549911499023e-02,1.850846223533153534e-02,-3.842529356479644775e-01,4.639094229787588120e-03,3.227715492248535156e-01,2.561436295509338379e-01
1.049129664897918701e-01,-1.583452709019184113e-02,1.067649275064468384e-01,6.291131973266601562e-01,8.713808655738830566e-02,7.686793804168701172e-01,7.586570829153060913e-02,0.000000000000000000e+00,0.000000000000000000e+00,3.337193131446838379e-01,-9.078288078308105469e-01,3.374639451503753662e-01,-2.078444719314575195e+00,3.741823732852935791e-01,9.397463202476501465e-01,2.835957407951354980e-01,2.119997024536132812e+00,6.611639261245727539e-02,-1.979640424251556396e-01,5.763866379857063293e-02,8.897345513105392456e-02,7.054190337657928467e-02,2.775472104549407959e-01,-1.000946313142776489e-01,-8.965800702571868896e-02,1.834017410874366760e-02,-3.845634460449218750e-01,4.490516148507595062e-03,3.227967321872711182e-01,2.566781044006347656e-01
1.050290912389755249e-01,-1.567617990076541901e-02,1.071225628256797791e-01,6.287930607795715332e-01,8.742105960845947266e-02,7.688981294631958008e-01,7.597742974758148193e-02,0.000000000000000000e+00,0.000000000000000000e+00,3.365171253681182861e-01,-9.073469042778015137e-01,3.365357518196105957e-01,-2.078123807907104492e+00,3.755833804607391357e-01,9.404949545860290527e-01,2.846164405345916748e-01,2.119804859161376953e+00,6.662788987159729004e-02,-1.977726370096206665e-01,5.759674310684204102e-02,8.961930871009826660e-02,7.001872360706329346e-02,2.769118547439575195e-01,-1.009201779961585999e-01,-8.971886336803436279e-02,1.843292452394962311e-02,-3.841064274311065674e-01,4.182673059403896332e-03,3.232508301734924316e-01,2.566193640232086182e-01
1.051603928208351135e-01,-1.528804469853639603e-02,1.072218567132949829e-01,6.285109519958496094e-01,8.733414858579635620e-02,7.692331075668334961e-01,7.501431554555892944e-02,0.000000000000000000e+00,0.000000000000000000e+00,3.376313745975494385e-01,-9.079214334487915039e-01,3.345222473144531250e-01,-2.077373981475830078e+00,3.762996494770050049e-01,9.409282207489013672e-01,2.857947051525115967e-01,2.120765447616577148e+00,6.547155976295471191e-02,-1.985470056533813477e-01,5.675744637846946716e-02,8.955241739749908447e-02,7.008216530084609985e-02,2.778225243091583252e-01,-1.017797961831092834e-01,-9.027365595102310181e-02,1.772246323525905609e-02,-3.844328522682189941e-01,3.868360538035631180e-03,3.233128488063812256e-01,2.552960216999053955e-01
1.052378118038177490e-01,-1.504744961857795715e-02,1.071291640400886536e-01,6.285208463668823242e-01,8.749461919069290161e-02,7.692320942878723145e-01,7.475453615188598633e-02,0.000000000000000000e+00,0.000000000000000000e+00,3.383527994155883789e-01,-9.092295169830322266e-01,3.321008384227752686e-01,-2.075269460678100586e+00,3.759685158729553223e-01,9.433919787406921387e-01,2.860205769538879395e-01,2.120816230773925781e+00,6.503201276063919067e-02,-1.993000954389572144e-01,5.674675107002258301e-02,8.984757214784622192e-02,7.162243127822875977e-02,2.789763212203979492e-01,-1.017858088016510010e-01,-9.002194553613662720e-02,1.765348948538303375e-02,-3.844006955623626709e-01,3.296167822554707527e-03,3.230327069759368896e-01,2.553710639476776123e-01
1.052896901965141296e-01,-1.501349825412034988e-02,1.073810160160064697e-01,6.284875273704528809e-01,8.851417154073715210e-02,7.690494656562805176e-01,7.570691406726837158e-02,0.000000000000000000e+00,0.000000000000000000e+00,3.425376117229461670e-01,-9.095699787139892578e-01,3.301248550415039062e-01,-2.073841333389282227e+00,3.755899965763092041e-01,9.457645416259765625e-01,2.873131632804870605e-01,2.120551586151123047e+00,6.522156298160552979e-02,-1.989495009183883667e-01,5.722128599882125854e-02,9.092989563941955566e-02,7.339198887348175049e-02,2.794682681560516357e-01,-1.016907691955566406e-01,-8.927942812442779541e-02,1.786535419523715973e-02,-3.843744099140167236e-01,2.753411652520298958e-03,3.229076564311981201e-01,2.561315596103668213e-01
1.054351180791854858e-01,-1.490171160548925400e-02,1.081012338399887085e-01,6.276844739913940430e-01,8.887729793787002563e-02,7.696182131767272949e-01,7.616294920444488525e-02,0.000000000000000000e+00,0.000000000000000000e+00,3.465557396411895752e-01,-9.103537201881408691e-01,3.280526995658874512e-01,-2.073929071426391602e+00,3.780994713306427002e-01,9.481398463249206543e-01,2.874349653720855713e-01,2.119630098342895508e+00,6.497343629598617554e-02,-2.008846253156661987e-01,5.788173153996467590e-02,9.228692948818206787e-02,7.584746927022933960e-02,2.788394391536712646e-01,-1.009548455476760864e-01,-9.008943289518356323e-02,1.854169741272926331e-02,-3.840083181858062744e-01,2.100497018545866013e-03,3.225407600402832031e-01,2.575684785842895508e-01
1.055642813444137573e-01,-1.452850550413131714e-02,1.082643643021583557e-01,6.271075010299682617e-01,8.892060816287994385e-02,7.701647877693176270e-01,7.533580064773559570e-02,0.000000000000000000e+00,0.000000000000000000e+00,3.480133116245269775e-01,-9.109135866165161133e-01,3.254829049110412598e-01,-2.073422908782958984e+00,3.787544965744018555e-01,9.488769769668579102e-01,2.881772220134735107e-01,2.121298313140869141e+00,6.349141150712966919e-02,-2.042235732078552246e-01,5.735843256115913391e-02,9.218238294124603271e-02,7.936565577983856201e-02,2.798748314380645752e-01,-1.008041054010391235e-01,-9.147323668003082275e-02,1.794549077749252319e-02,-3.844312429428100586e-01,1.892687869258224964e-03,3.208935260772705078e-01,2.570492327213287354e-01
1.056882962584495544e-01,-1.439355686306953430e-02,1.087058261036872864e-01,6.264588236808776855e-01,8.813433349132537842e-02,7.707970142364501953e-01,7.519083470106124878e-02,0.000000000000000000e+00,0.000000000000000000e+00,3.499829471111297607e-01,-9.114354252815246582e-01,3.240277171134948730e-01,-2.074734926223754883e+00,3.826263546943664551e-01,9.510840177536010742e-01,2.865565121173858643e-01,2.120758056640625000e+00,6.322768330574035645e-02,-2.071516811847686768e-01,5.880448967218399048e-02,9.263364225625991821e-02,8.230668306350708008e-02,2.786146998405456543e-01,-9.992299973964691162e-02,-9.230569005012512207e-02,1.950258761644363403e-02,-3.845379054546356201e-01,1.528225024230778217e-03,3.204291760921478271e-01,2.583359777927398682e-01
1.058067753911018372e-01,-1.444972306489944458e-02,1.091399267315864563e-01,6.256585717201232910e-01,8.933574706315994263e-02,7.711626887321472168e-01,7.667160779237747192e-02,0.000000000000000000e+00,0.000000000000000000e+00,3.533203899860382080e-01,-9.103251695632934570e-01,3.213021159172058105e-01,-2.075056314468383789e+00,3.814615011215209961e-01,9.540845751762390137e-01,2.869701087474822998e-01,2.121624469757080078e+00,6.323964148759841919e-02,-2.107957303524017334e-01,6.001248955726623535e-02,9.299718588590621948e-02,8.832492679357528687e-02,2.786891758441925049e-01,-9.689269214868545532e-02,-9.363652765750885010e-02,2.038967795670032501e-02,-3.843027949333190918e-01,1.133681624196469784e-03,3.181036710739135742e-01,2.596132755279541016e-01
1.059971302747726440e-01,-1.434493530541658401e-02,1.096480563282966614e-01,6.243952512741088867e-01,9.025895595550537109e-02,7.719997763633728027e-01,7.746133208274841309e-02,0.000000000000000000e+00,0.000000000000000000e+00,3.567068874835968018e-01,-9.099912643432617188e-01,3.181264996528625488e-01,-2.075438737869262695e+00,3.815907537937164307e-01,9.578443765640258789e-01,2.876058518886566162e-01,2.122212886810302734e+00,6.331669539213180542e-02,-2.157281190156936646e-01,6.049111858010292053e-02,9.305057674646377563e-02,9.362353384494781494e-02,2.775771617889404297e-01,-9.527678787708282471e-02,-9.616858512163162231e-02,2.086781710386276245e-02,-3.842024505138397217e-01,7.036587921902537346e-04,3.159258067607879639e-01,2.599195539951324463e-01
1.062047779560089111e-01,-1.387201715260744095e-02,1.099947541952133179e-01,6.231859326362609863e-01,9.001573175191879272e-02,7.731190919876098633e-01,7.631095498800277710e-02,0.000000000000000000e+00,0.000000000000000000e+00,3.577169775962829590e-01,-9.107792973518371582e-01,3.152383267879486084e-01,-2.075905561447143555e+00,3.834381401538848877e-01,9.616730213165283203e-01,2.868572175502777100e-01,2.123471498489379883e+00,6.165868416428565979e-02,-2.221558094024658203e-01,6.005047634243965149e-02,9.280350804328918457e-02,9.980312734842300415e-02,2.759859561920166016e-01,-9.471805393695831299e-02,-9.921085834503173828e-02,2.045080810785293579e-02,-3.845505416393280029e-01,7.815900025889277458e-04,3.134097456932067871e-01,2.593293786048889160e-01
1.062970533967018127e-01,-1.364318747073411942e-02,1.098504886031150818e-01,6.228229999542236328e-01,8.897503465414047241e-02,7.735753059387207031e-01,7.586990296840667725e-02,0.000000000000000000e+00,0.000000000000000000e+00,3.553166389465332031e-01,-9.109522104263305664e-01,3.125346302986145020e-01,-2.076128959655761719e+00,3.833891153335571289e-01,9.654746651649475098e-01,2.845053672790527344e-01,2.122642993927001953e+00,6.064785271883010864e-02,-2.272031456232070923e-01,6.172260269522666931e-02,9.255443513393402100e-02,1.063983738422393799e-01,2.730351686477661133e-01,-9.199521690607070923e-02,-1.001741513609886169e-01,2.221381291747093201e-02,-3.848043680191040039e-01,5.167505005374550819e-04,3.125016987323760986e-01,2.603562176227569580e-01
1.065677404403686523e-01,-1.316180825233459473e-02,1.105757430195808411e-01,6.208239197731018066e-01,8.945026248693466187e-02,7.751734852790832520e-01,7.538155466318130493e-02,0.000000000000000000e+00,0.000000000000000000e+00,3.577001690864562988e-01,-9.124490618705749512e-01,3.090254962444305420e-01,-2.075530529022216797e+00,3.850162029266357422e-01,9.694098830223083496e-01,2.836464345455169678e-01,2.124585628509521484e+00,5.940889567136764526e-02,-2.341624349355697632e-01,6.097526848316192627e-02,9.139644354581832886e-02,1.115814968943595886e-01,2.695316374301910400e-01,-9.215863049030303955e-02,-1.045405119657516479e-01,2.205825969576835632e-02,-3.844791352748870850e-01,6.459381296508581727e-08,3.090897798538208008e-01,2.609065771102905273e-01
1.067013964056968689e-01,-1.270390488207340240e-02,1.108860373497009277e-01,6.198097467422485352e-01,8.860251307487487793e-02,7.761605381965637207e-01,7.456771284341812134e-02,0.000000000000000000e+00,0.000000000000000000e+00,3.577429950237274170e-01,-9.136610031127929688e-01,3.052583932876586914e-01,-2.075678825378417969e+00,3.875423967838287354e-01,9.731621146202087402e-01,2.817847728729248047e-01,2.125863313674926758e+00,5.842979252338409424e-02,-2.405838817358016968e-01,6.157940253615379333e-02,9.049686789512634277e-02,1.185958385467529297e-01,2.669503390789031982e-01,-8.829209208488464355e-02,-1.068937405943870544e-01,2.321178279817104340e-02,-3.836973309516906738e-01,2.393372415099292994e-04,3.070622980594635010e-01,2.606975138187408447e-01
1.068947017192840576e-01,-1.217974256724119186e-02,1.119065657258033752e-01,6.178565621376037598e-01,8.886679261922836304e-02,7.777104973793029785e-01,7.431238144636154175e-02,0.000000000000000000e+00,0.000000000000000000e+00,3.611236810684204102e-01,-9.144495129585266113e-01,3.012306690216064453e-01,-2.075944185256958008e+00,3.908517658710479736e-01,9.779341816902160645e-01,2.799014449119567871e-01,2.127888202667236328e+00,5.705376341938972473e-02,-2.485306710004806519e-01,6.112490966916084290e-02,8.901399374008178711e-02,1.270178556442260742e-01,2.627919018268585205e-01,-8.642666786909103394e-02,-1.106496527791023254e-01,2.380883879959583282e-02,-3.829914331436157227e-01,2.991715319922150229e-08,3.036538362503051758e-01,2.606208622455596924e-01
1.068911701440811157e-01,-1.168425194919109344e-02,1.122937873005867004e-01,6.171478629112243652e-01,8.863402903079986572e-02,7.783202528953552246e-01,7.409501820802688599e-02,0.000000000000000000e+00,0.000000000000000000e+00,3.634573221206665039e-01,-9.172759652137756348e-01,2.965666949748992920e-01,-2.076143741607666016e+00,3.930068612098693848e-01,9.813419580459594727e-01,2.787424921989440918e-01,2.129343032836914062e+00,5.572195723652839661e-02,-2.556357979774475098e-01,6.088858097791671753e-02,8.835630118846893311e-02,1.381453126668930054e-01,2.586527466773986816e-01,-8.099399507045745850e-02,-1.119102686643600464e-01,2.504805848002433777e-02,-3.810853362083435059e-01,2.547307813074439764e-04,3.012742102146148682e-01,2.602319717407226562e-01
1.070015132427215576e-01,-1.093229465186595917e-02,1.134546697139739990e-01,6.148135066032409668e-01,8.878178894519805908e-02,7.802076935768127441e-01,7.347176223993301392e-02,0.000000000000000000e+00,0.000000000000000000e+00,3.680374324321746826e-01,-9.209125638008117676e-01,2.907028496265411377e-01,-2.076705694198608398e+00,3.962783217430114746e-01,9.884848594665527344e-01,2.758729457855224609e-01,2.132401466369628906e+00,5.297165364027023315e-02,-2.666768431663513184e-01,5.869277194142341614e-02,8.535751700401306152e-02,1.498889178037643433e-01,2.511861920356750488e-01,-7.851595431566238403e-02,-1.165645495057106018e-01,2.584640681743621826e-02,-3.791206181049346924e-01,3.184134911293767800e-08,2.954820394515991211e-01,2.597658038139343262e-01
1.069632396101951599e-01,-1.013939920812845230e-02,1.148215979337692261e-01,6.128724813461303711e-01,8.925451338291168213e-02,7.817268371582031250e-01,7.296665757894515991e-02,0.000000000000000000e+00,0.000000000000000000e+00,3.744690120220184326e-01,-9.263700842857360840e-01,2.837300896644592285e-01,-2.076216936111450195e+00,4.019215703010559082e-01,9.951634407043457031e-01,2.731644213199615479e-01,2.136220932006835938e+00,5.126577615737915039e-02,-2.780760228633880615e-01,5.579275637865066528e-02,8.463855087757110596e-02,1.642345935106277466e-01,2.407913058996200562e-01,-7.433369755744934082e-02,-1.201175227761268616e-01,2.594880759716033936e-02,-3.763792514801025391e-01,9.268030989915132523e-04,2.893764376640319824e-01,2.574923336505889893e-01
1.067002564668655396e-01,-9.601703844964504242e-03,1.165423095226287842e-01,6.109125614166259766e-01,8.911319822072982788e-02,7.832317352294921875e-01,7.343503832817077637e-02,0.000000000000000000e+00,0.000000000000000000e+00,3.799387514591217041e-01,-9.324063062667846680e-01,2.774722874164581299e-01,-2.078722000122070312e+00,4.086852967739105225e-01,1.002859115600585938e+00,2.657265365123748779e-01,2.137851238250732422e+00,4.889242351055145264e-02,-2.913864552974700928e-01,5.277395993471145630e-02,8.058043569326400757e-02,1.814469248056411743e-01,2.321090847253799438e-01,-6.618032604455947876e-02,-1.232947036623954773e-01,2.833585441112518311e-02,-3.722027540206909180e-01,2.197770634666085243e-03,2.838404476642608643e-01,2.564346790313720703e-01
1.064975410699844360e-01,-8.645885623991489410e-03,1.209572777152061462e-01,6.061315536499023438e-01,8.864223957061767578e-02,7.870820164680480957e-01,7.245007157325744629e-02,0.000000000000000000e+00,0.000000000000000000e+00,3.971796631813049316e-01,-9.409639835357666016e-01,2.715527415275573730e-01,-2.084152698516845703e+00,4.298902750015258789e-01,1.014208078384399414e+00,2.549885809421539307e-01,2.141252040863037109e+00,4.626975953578948975e-02,-3.110667765140533447e-01,4.868538677692413330e-02,7.450454682111740112e-02,2.030466794967651367e-01,2.195487171411514282e-01,-6.321488320827484131e-02,-1.301108747720718384e-01,2.947366610169410706e-02,-3.668729364871978760e-01,3.505322150886058807e-03,2.754447758197784424e-01,2.537415623664855957e-01
1.058955937623977661e-01,-7.784230634570121765e-03,1.248399987816810608e-01,6.026948094367980957e-01,8.600741624832153320e-02,7.901687622070312500e-01,7.067501544952392578e-02,0.000000000000000000e+00,0.000000000000000000e+00,4.068655967712402344e-01,-9.538508057594299316e-01,2.691208124160766602e-01,-2.090730428695678711e+00,4.523075520992279053e-01,1.022876381874084473e+00,2.401739060878753662e-01,2.144282341003417969e+00,4.271173477172851562e-02,-3.265037238597869873e-01,4.466349259018898010e-02,6.603649258613586426e-02,2.174958735704421997e-01,2.108436673879623413e-01,-5.724073946475982666e-02,-1.343837529420852661e-01,3.227780014276504517e-02,-3.614573776721954346e-01,6.225048098713159561e-03,2.682233452796936035e-01,2.493339478969573975e-01
1.050417348742485046e-01,-7.084952201694250107e-03,1.301279813051223755e-01,5.984525084495544434e-01,8.362717926502227783e-02,7.937265038490295410e-01,6.970924139022827148e-02,0.000000000000000000e+00,0.000000000000000000e+00,4.156646728515625000e-01,-9.680224061012268066e-01,2.695228457450866699e-01,-2.097049474716186523e+00,4.791969060897827148e-01,1.032605528831481934e+00,2.220349907875061035e-01,2.144154071807861328e+00,4.095035418868064880e-02,-3.381714224815368652e-01,3.986725956201553345e-02,5.603101104497909546e-02,2.239686250686645508e-01,2.002632617950439453e-01,-5.367381870746612549e-02,-1.396569609642028809e-01,3.496878594160079956e-02,-3.545155823230743408e-01,1.148714032024145126e-02,2.611523270606994629e-01,2.446893900632858276e-01
1.039474606513977051e-01,-6.481980439275503159e-03,1.375755518674850464e-01,5.929915308952331543e-01,8.059608936309814453e-02,7.981848716735839844e-01,6.903771311044692993e-02,0.000000000000000000e+00,0.000000000000000000e+00,4.166801869869232178e-01,-9.842526912689208984e-01,2.768870592117309570e-01,-2.102027654647827148e+00,5.111532211303710938e-01,1.042532086372375488e+00,2.031358033418655396e-01,2.137231826782226562e+00,3.976859897375106812e-02,-3.419793248176574707e-01,3.220983222126960754e-02,4.465815424919128418e-02,2.155380100011825562e-01,1.877400875091552734e-01,-4.845459759235382080e-02,-1.476368755102157593e-01,3.731132671236991882e-02,-3.474607169628143311e-01,2.344999648630619049e-02,2.520594596862792969e-01,2.403459101915359497e-01
1.023538261651992798e-01,-5.747426766902208328e-03,1.435721516609191895e-01,5.887579321861267090e-01,7.673867046833038330e-02,8.018301725387573242e-01,6.740633398294448853e-02,0.000000000000000000e+00,0.000000000000000000e+00,3.870423436164855957e-01,-9.950484037399291992e-01,2.897985279560089111e-01,-2.097794055938720703e+00,5.195804238319396973e-01,1.047694444656372070e+00,1.842833757400512695e-01,2.131207942962646484e+00,3.905088827013969421e-02,-3.453055322170257568e-01,2.529750578105449677e-02,3.064006194472312927e-02,2.099465131759643555e-01,1.746679693460464478e-01,-4.211534932255744934e-02,-1.606969833374023438e-01,3.693357855081558228e-02,-3.405720889568328857e-01,5.028651654720306396e-02,2.351361662149429321e-01,2.358869612216949463e-01
1.006857827305793762e-01,-4.741833545267581940e-03,1.504923850297927856e-01,5.840390324592590332e-01,7.383207231760025024e-02,8.057084679603576660e-01,6.542991101741790771e-02,0.000000000000000000e+00,0.000000000000000000e+00,3.493466079235076904e-01,-1.005092859268188477e+00,3.044028580188751221e-01,-2.083864688873291016e+00,4.976740479469299316e-01,1.051692485809326172e+00,1.722732633352279663e-01,2.114299535751342773e+00,3.913930431008338928e-02,-3.421685099601745605e-01,1.617607101798057556e-02,1.065380591899156570e-02,1.976237446069717407e-01,1.634687781333923340e-01,-3.545643016695976257e-02,-1.785624474287033081e-01,3.403672948479652405e-02,-3.301340639591217041e-01,9.311781078577041626e-02,2.055571079254150391e-01,2.238274067640304565e-01
9.909754246473312378e-02,-3.460493870079517365e-03,1.574679762125015259e-01,5.795458555221557617e-01,6.791154295206069946e-02,8.097895979881286621e-01,6.128146871924400330e-02,0.000000000000000000e+00,0.000000000000000000e+00,3.262926340103149414e-01,-1.008618116378784180e+00,3.168828785419464111e-01,-2.075490474700927734e+00,4.426802694797515869e-01,1.052955627441406250e+00,1.738499850034713745e-01,2.077883005142211914e+00,4.263984411954879761e-02,-3.364498019218444824e-01,7.624200545251369476e-03,-1.252522692084312439e-02,1.814032495021820068e-01,1.428205668926239014e-01,-2.225991338491439819e-02,-2.097035646438598633e-01,3.057249821722507477e-02,-3.135856091976165771e-01,1.752541810274124146e-01,1.571789681911468506e-01,2.100874483585357666e-01
9.709118306636810303e-02,-1.898553571663796902e-03,1.676005572080612183e-01,5.741316676139831543e-01,6.649613380432128906e-02,8.139865398406982422e-01,5.811139568686485291e-02,0.000000000000000000e+00,0.000000000000000000e+00,3.173637390136718750e-01,-1.009437561035156250e+00,3.224848210811614990e-01,-2.073070526123046875e+00,3.957361578941345215e-01,1.053370594978332520e+00,1.818805783987045288e-01,2.033807039260864258e+00,4.858326539397239685e-02,-3.274515569210052490e-01,-3.591933287680149078e-03,-3.729670122265815735e-02,1.677885353565216064e-01,1.237235963344573975e-01,-6.807893514633178711e-03,-2.539606392383575439e-01,1.521343272179365158e-02,-2.994581162929534912e-01,2.819800078868865967e-01,1.830012798309326172e-01,2.081957310438156128e-01
9.485285729169845581e-02,-1.150082098320126534e-03,1.778710037469863892e-01,5.684945583343505859e-01,7.272966951131820679e-02,8.170582652091979980e-01,6.277030706405639648e-02,0.000000000000000000e+00,0.000000000000000000e+00,3.095539510250091553e-01,-9.975640177726745605e-01,3.241091072559356689e-01,-2.083481311798095703e+00,3.775332570075988770e-01,1.049791812896728516e+00,1.920856684446334839e-01,2.010703325271606445e+00,6.149999797344207764e-02,-3.192221820354461670e-01,-1.254891883581876755e-02,-5.227280408143997192e-02,1.609122306108474731e-01,1.051701754331588745e-01,9.764976799488067627e-03,-3.088151514530181885e-01,-6.135546602308750153e-03,-2.939036786556243896e-01,3.924008905887603760e-01,2.578758001327514648e-01,2.189356982707977295e-01
9.296088665723800659e-02,3.780412498599616811e-06,1.890551298856735229e-01,5.638483166694641113e-01,8.052265644073486328e-02,8.190473914146423340e-01,6.893861293792724609e-02,0.000000000000000000e+00,0.000000000000000000e+00,3.042946159839630127e-01,-9.747229814529418945e-01,3.188718557357788086e-01,-2.099899291992187500e+00,3.813060224056243896e-01,1.042814016342163086e+00,1.948108226060867310e-01,2.006373167037963867e+00,7.984907180070877075e-02,-3.066788613796234131e-01,-2.031475119292736053e-02,-6.304806470870971680e-02,1.549230962991714478e-01,8.694141358137130737e-02,1.881254836916923523e-02,-3.712116181850433350e-01,-2.397809922695159912e-02,-2.911053001880645752e-01,4.811193346977233887e-01,2.687929868698120117e-01,2.196281105279922485e-01
9.085976332426071167e-02,1.393170561641454697e-03,2.027790993452072144e-01,5.590544939041137695e-01,8.760967850685119629e-02,8.209770917892456055e-01,7.602121680974960327e-02,0.000000000000000000e+00,0.000000000000000000e+00,3.017205595970153809e-01,-9.400293827056884766e-01,3.078826069831848145e-01,-2.121886730194091797e+00,3.929340839385986328e-01,1.027601718902587891e+00,1.961727142333984375e-01,2.014297962188720703e+00,1.023795753717422485e-01,-2.861053049564361572e-01,-2.539536729454994202e-02,-7.159531861543655396e-02,1.413868218660354614e-01,7.138566672801971436e-02,2.209245413541793823e-02,-4.232774972915649414e-01,-4.250366613268852234e-02,-2.972148954868316650e-01,5.264422297477722168e-01,2.553747594356536865e-01,2.234979271888732910e-01
8.845425397157669067e-02,3.351706312969326973e-03,2.163151949644088745e-01,5.557168722152709961e-01,9.476978331804275513e-02,8.218531012535095215e-01,8.218867331743240356e-02,0.000000000000000000e+00,0.000000000000000000e+00,2.997465431690216064e-01,-9.038220047950744629e-01,2.937479317188262939e-01,-2.146267890930175781e+00,4.010941386222839355e-01,1.006636142730712891e+00,1.955467611551284790e-01,2.027378797531127930e+00,1.300588101148605347e-01,-2.630059421062469482e-01,-3.177893161773681641e-02,-8.081016689538955688e-02,1.292363554239273071e-01,5.955699458718299866e-02,2.117094770073890686e-02,-4.640250205993652344e-01,-5.978437885642051697e-02,-3.065617382526397705e-01,5.284720063209533691e-01,2.349745482206344604e-01,2.279456257820129395e-01
8.576993644237518311e-02,6.693560630083084106e-03,2.304305732250213623e-01,5.555885434150695801e-01,9.472318738698959351e-02,8.222054839134216309e-01,7.954283803701400757e-02,0.000000000000000000e+00,0.000000000000000000e+00,2.971253395080566406e-01,-8.614060878753662109e-01,2.737219035625457764e-01,-2.171959400177001953e+00,4.034068882465362549e-01,9.820225238800048828e-01,1.937335878610610962e-01,2.042883634567260742e+00,1.545722186565399170e-01,-2.355352044105529785e-01,-3.800356015563011169e-02,-8.987405151128768921e-02,1.190417632460594177e-01,5.285548046231269836e-02,8.775920607149600983e-03,-4.854556024074554443e-01,-7.510017603635787964e-02,-3.241179883480072021e-01,4.760099351406097412e-01,2.102448195219039917e-01,2.379170060157775879e-01
8.290460705757141113e-02,9.656333364546298981e-03,2.427518218755722046e-01,5.569033026695251465e-01,9.793525189161300659e-02,8.208410143852233887e-01,8.054463565349578857e-02,0.000000000000000000e+00,0.000000000000000000e+00,2.899239361286163330e-01,-8.234347105026245117e-01,2.586703002452850342e-01,-2.191988229751586914e+00,3.928286433219909668e-01,9.621593952178955078e-01,1.882275342941284180e-01,2.060317754745483398e+00,1.789039373397827148e-01,-2.119395136833190918e-01,-4.253058508038520813e-02,-9.638773649930953979e-02,1.224305927753448486e-01,5.917243286967277527e-02,1.292581437155604362e-03,-4.853389561176300049e-01,-8.095184713602066040e-02,-3.433177173137664795e-01,3.756949305534362793e-01,2.007213532924652100e-01,2.512759864330291748e-01
7.986880093812942505e-02,1.310430187731981277e-02,2.557500600814819336e-01,5.588219761848449707e-01,1.017510294914245605e-01,8.191850781440734863e-01,7.937583327293395996e-02,0.000000000000000000e+00,0.000000000000000000e+00,2.901498377323150635e-01,-7.979944944381713867e-01,2.455631941556930542e-01,-2.202504158020019531e+00,3.849993944168090820e-01,9.564504027366638184e-01,1.764797121286392212e-01,2.081469297409057617e+00,1.955368965864181519e-01,-1.954922974109649658e-01,-4.850266128778457642e-02,-1.070053353905677795e-01,1.432496011257171631e-01,9.288870543241500854e-02,-1.907823979854583740e-02,-4.663358330726623535e-01,-7.642672210931777954e-02,-3.475782275199890137e-01,2.663924396038055420e-01,1.982417553663253784e-01,2.623735070228576660e-01
7.694993168115615845e-02,1.583691313862800598e-02,2.583431303501129150e-01,5.647795200347900391e-01,1.118104755878448486e-01,8.135300874710083008e-01,8.180051296949386597e-02,0.000000000000000000e+00,0.000000000000000000e+00,2.976674139499664307e-01,-7.931946516036987305e-01,2.304698824882507324e-01,-2.198022127151489258e+00,3.765446245670318604e-01,9.613082408905029297e-01,1.596294045448303223e-01,2.104611396789550781e+00,1.983243077993392944e-01,-1.946844011545181274e-01,-4.831674695014953613e-02,-1.148962900042533875e-01,2.007660567760467529e-01,1.545717716217041016e-01,-4.217462614178657532e-02,-4.297402799129486084e-01,-6.145789474248886108e-02,-3.389297127723693848e-01,1.818320602178573608e-01,2.053702622652053833e-01,2.611159682273864746e-01
7.474093884229660034e-02,1.949170418083667755e-02,2.613187134265899658e-01,5.675713419914245605e-01,1.179277598857879639e-01,8.112872838973999023e-01,7.595214992761611938e-02,0.000000000000000000e+00,0.000000000000000000e+00,3.041661381721496582e-01,-8.154067397117614746e-01,2.259213030338287354e-01,-2.172320365905761719e+00,3.676748573780059814e-01,9.801059365272521973e-01,1.422623097896575928e-01,2.128931522369384766e+00,1.948228031396865845e-01,-2.155039906501770020e-01,-3.669141232967376709e-02,-1.068297997117042542e-01,3.023183643817901611e-01,2.560541629791259766e-01,-5.270936712622642517e-02,-3.974269032478332520e-01,-5.133886262774467468e-02,-3.188887536525726318e-01,1.557088643312454224e-01,2.191876769065856934e-01,2.468014955520629883e-01
7.363533228635787964e-02,2.331652306020259857e-02,2.638851702213287354e-01,5.718218684196472168e-01,1.133711412549018860e-01,8.100389838218688965e-01,6.327424198389053345e-02,0.000000000000000000e+00,0.000000000000000000e+00,2.985471487045288086e-01,-8.602985739707946777e-01,2.302810251712799072e-01,-2.156533479690551758e+00,3.473704755306243896e-01,1.010130643844604492e+00,1.310343742370605469e-01,2.162888765335083008e+00,1.824403703212738037e-01,-2.666696012020111084e-01,-2.220445498824119568e-02,-9.227629005908966064e-02,4.489959180355072021e-01,3.476890623569488525e-01,-5.281628668308258057e-02,-3.745681345462799072e-01,-3.945476561784744263e-02,-2.970073223114013672e-01,1.820175796747207642e-01,2.184931635856628418e-01,2.186185568571090698e-01
7.310406118631362915e-02,2.648733928799629211e-02,2.659742236137390137e-01,5.798634290695190430e-01,1.007049903273582458e-01,8.069059848785400391e-01,5.019598454236984253e-02,0.000000000000000000e+00,0.000000000000000000e+00,2.839083075523376465e-01,-9.095628261566162109e-01,2.342859804630279541e-01,-2.155749797821044922e+00,3.130600154399871826e-01,1.035785555839538574e+00,1.289932131767272949e-01,2.199663162231445312e+00,1.513276994228363037e-01,-3.463395833969116211e-01,-7.638071198016405106e-03,-7.252674549818038940e-02,6.241080760955810547e-01,3.498364686965942383e-01,-4.600367695093154907e-02,-3.564109206199645996e-01,-2.212679758667945862e-02,-2.677460014820098877e-01,2.249499559402465820e-01,1.772253513336181641e-01,1.760307550430297852e-01
7.379569113254547119e-02,3.033252619206905365e-02,2.698614597320556641e-01,5.800033807754516602e-01,7.940804213285446167e-02,8.101497292518615723e-01,3.078733198344707489e-02,0.000000000000000000e+00,0.000000000000000000e+00,2.700348198413848877e-01,-9.659901857376098633e-01,2.386912256479263306e-01,-2.147093772888183594e+00,2.807628512382507324e-01,1.069016337394714355e+00,1.200914531946182251e-01,2.224908590316772461e+00,1.113496124744415283e-01,-4.349431991577148438e-01,1.162792439572513103e-03,-5.154242366552352905e-02,7.445226907730102539e-01,3.490042984485626221e-01,-2.324945665895938873e-02,-3.303266763687133789e-01,-5.782091058790683746e-03,-2.247571349143981934e-01,2.534185349941253662e-01,1.360310614109039307e-01,1.389302909374237061e-01
7.356452941894531250e-02,3.180213272571563721e-02,2.728977203369140625e-01,5.840278863906860352e-01,5.555691570043563843e-02,8.096088767051696777e-01,1.892947405576705933e-02,0.000000000000000000e+00,0.000000000000000000e+00,2.519749701023101807e-01,-1.008933901786804199e+00,2.355815023183822632e-01,-2.171216249465942383e+00,2.433601617813110352e-01,1.097232103347778320e+00,1.152030378580093384e-01,2.253828525543212891e+00,6.257367134094238281e-02,-5.053110122680664062e-01,1.020376104861497879e-02,-3.387115895748138428e-02,7.764678001403808594e-01,3.401341140270233154e-01,-1.421952154487371445e-02,-2.880341112613677979e-01,9.932412765920162201e-03,-2.020967155694961548e-01,2.549539804458618164e-01,1.171208769083023071e-01,1.242162808775901794e-01
7.210323214530944824e-02,3.213052451610565186e-02,2.764494717121124268e-01,5.891848206520080566e-01,3.994132205843925476e-02,8.068906068801879883e-01,1.391009334474802017e-02,0.000000000000000000e+00,0.000000000000000000e+00,2.380605489015579224e-01,-1.044543743133544922e+00,2.313853651285171509e-01,-2.182083129882812500e+00,2.195977121591567993e-01,1.110348105430603027e+00,1.183753982186317444e-01,2.275064706802368164e+00,1.168998423963785172e-02,-5.437736511230468750e-01,2.085858955979347229e-02,-5.781540647149085999e-03,7.188830971717834473e-01,2.774223387241363525e-01,-3.952395636588335037e-03,-2.316516339778900146e-01,1.713860407471656799e-02,-1.930620372295379639e-01,2.366755604743957520e-01,1.287416070699691772e-01,1.272261589765548706e-01
7.024102658033370972e-02,3.192610293626785278e-02,2.823506891727447510e-01,5.902719497680664062e-01,2.605629339814186096e-02,8.067170381546020508e-01,1.037605199962854385e-02,0.000000000000000000e+00,0.000000000000000000e+00,2.235537618398666382e-01,-1.074852108955383301e+00,2.291561067104339600e-01,-2.195198774337768555e+00,2.067938596010208130e-01,1.117786288261413574e+00,1.166825518012046814e-01,2.285412788391113281e+00,-3.916152939200401306e-02,-5.623305439949035645e-01,2.484004385769367218e-02,9.684833697974681854e-03,6.004425883293151855e-01,2.144592851400375366e-01,-6.459821481257677078e-03,-1.799676716327667236e-01,2.366779930889606476e-02,-2.016625255346298218e-01,2.171578407287597656e-01,1.605335325002670288e-01,1.452780216932296753e-01
6.772550940513610840e-02,3.196698427200317383e-02,2.893342971801757812e-01,5.908799171447753906e-01,1.136200968176126480e-02,8.066685199737548828e-01,4.215636290609836578e-03,0.000000000000000000e+00,0.000000000000000000e+00,2.110191285610198975e-01,-1.099249243736267090e+00,2.187057882547378540e-01,-2.202886819839477539e+00,2.050931453704833984e-01,1.121181130409240723e+00,1.145754233002662659e-01,2.295212984085083008e+00,-9.114834666252136230e-02,-5.522837638854980469e-01,1.805491000413894653e-02,1.723008044064044952e-02,4.214281737804412842e-01,1.582717597484588623e-01,-1.969750411808490753e-02,-1.439130306243896484e-01,2.238664031028747559e-02,-2.057589441537857056e-01,2.283410131931304932e-01,2.255291342735290527e-01,1.681503504514694214e-01
6.538666784763336182e-02,3.198495879769325256e-02,2.974660992622375488e-01,5.898267030715942383e-01,-1.633608830161392689e-03,8.075267076492309570e-01,-1.548746484331786633e-03,0.000000000000000000e+00,0.000000000000000000e+00,1.975599080324172974e-01,-1.122324466705322266e+00,2.242272794246673584e-01,-2.213491678237915039e+00,2.093781977891921997e-01,1.118854522705078125e+00,1.250541657209396362e-01,2.303182363510131836e+00,-1.294619888067245483e-01,-5.172575116157531738e-01,8.476709015667438507e-03,6.167949177324771881e-03,2.398561835289001465e-01,1.243039518594741821e-01,-4.467653483152389526e-02,-1.305220872163772583e-01,1.382583100348711014e-02,-2.067723572254180908e-01,2.806155085563659668e-01,3.209663927555084229e-01,1.839641630649566650e-01
6.275422871112823486e-02,3.205585479736328125e-02,3.056952953338623047e-01,5.919061303138732910e-01,-1.056751050055027008e-02,8.059294819831848145e-01,-3.625550540164113045e-03,0.000000000000000000e+00,0.000000000000000000e+00,1.830169558525085449e-01,-1.135462641716003418e+00,2.330048829317092896e-01,-2.223531007766723633e+00,2.142024934291839600e-01,1.122213125228881836e+00,1.347144246101379395e-01,2.302452802658081055e+00,-1.414955556392669678e-01,-4.873482286930084229e-01,5.519412225112318993e-04,-1.082638744264841080e-02,1.523844152688980103e-01,1.321479231119155884e-01,-5.221602693200111389e-02,-1.535736024379730225e-01,-3.411669982597231865e-03,-2.037107497453689575e-01,4.188295304775238037e-01,3.499999940395355225e-01,1.918850243091583252e-01
6.043056398630142212e-02,3.228869289159774780e-02,3.151969313621520996e-01,5.929217934608459473e-01,-1.382984966039657593e-02,8.051393032073974609e-01,-1.796082011424005032e-03,0.000000000000000000e+00,0.000000000000000000e+00,1.637197136878967285e-01,-1.136363148689270020e+00,2.348292022943496704e-01,-2.235886573791503906e+00,2.181925922632217407e-01,1.134601116180419922e+00,1.402597278356552124e-01,2.290627241134643555e+00,-1.269048452377319336e-01,-4.741614162921905518e-01,-7.410315796732902527e-03,-3.608460351824760437e-02,1.554722338914871216e-01,1.327421367168426514e-01,-3.191756084561347961e-02,-2.154996097087860107e-01,-2.454380691051483154e-02,-1.995569318532943726e-01,6.093145012855529785e-01,3.499999940395355225e-01,1.872908771038055420e-01
5.841503292322158813e-02,3.222256898880004883e-02,3.244666457176208496e-01,5.960471630096435547e-01,-7.858782075345516205e-03,8.028689622879028320e-01,8.209825493395328522e-03,0.000000000000000000e+00,0.000000000000000000e+00,1.459173709154129028e-01,-1.125272035598754883e+00,2.322804480791091919e-01,-2.249936103820800781e+00,2.268500477075576782e-01,1.151491761207580566e+00,1.328374892473220825e-01,2.262409925460815430e+00,-9.438650310039520264e-02,-4.645845293998718262e-01,-1.632932573556900024e-02,-6.574208289384841919e-02,2.058257460594177246e-01,1.174144148826599121e-01,5.794633179903030396e-04,-2.990301251411437988e-01,-4.257836937904357910e-02,-1.914776414632797241e-01,7.926820516586303711e-01,3.499999940395355225e-01,1.727601140737533569e-01
5.687152221798896790e-02,3.367463499307632446e-02,3.347486853599548340e-01,5.956776142120361328e-01,1.222348073497414589e-03,8.030474185943603516e-01,1.677804626524448395e-02,0.000000000000000000e+00,0.000000000000000000e+00,1.343323439359664917e-01,-1.101703286170959473e+00,2.235092073678970337e-01,-2.263114452362060547e+00,2.488808184862136841e-01,1.159798502922058105e+00,1.245128288865089417e-01,2.235148429870605469e+00,-5.481037870049476624e-02,-4.460022151470184326e-01,-2.555073238909244537e-02,-9.105368703603744507e-02,2.482032477855682373e-01,8.652587234973907471e-02,2.507295273244380951e-02,-3.901768028736114502e-01,-6.258375197649002075e-02,-1.917697936296463013e-01,9.127581715583801270e-01,3.499999940395355225e-01,1.500135064125061035e-01
5.472623556852340698e-02,3.755272552371025085e-02,3.434019684791564941e-01,5.973738431930541992e-01,1.511770952492952347e-02,8.015409111976623535e-01,2.116845361888408661e-02,0.000000000000000000e+00,0.000000000000000000e+00,1.236874610185623169e-01,-1.077043890953063965e+00,2.043813616037368774e-01,-2.254817008972167969e+00,2.672974169254302979e-01,1.153571963310241699e+00,1.171735525131225586e-01,2.205548763275146484e+00,-1.437856443226337433e-02,-4.187077581882476807e-01,-3.472505137324333191e-02,-9.662186354398727417e-02,2.699930071830749512e-01,6.208031252026557922e-02,3.534724190831184387e-02,-4.628010392189025879e-01,-8.240810781717300415e-02,-1.974603384733200073e-01,9.392538666725158691e-01,3.499999940395355225e-01,1.258979439735412598e-01
5.182082206010818481e-02,4.325555264949798584e-02,3.744819462299346924e-01,5.962187051773071289e-01,2.810434252023696899e-02,8.020291328430175781e-01,2.197158895432949066e-02,0.000000000000000000e+00,0.000000000000000000e+00,1.212551742792129517e-01,-1.050567865371704102e+00,1.864776909351348877e-01,-2.255081892013549805e+00,2.904542684555053711e-01,1.140093326568603516e+00,1.201518848538398743e-01,2.195899963378906250e+00,2.773918956518173218e-02,-3.712783455848693848e-01,-4.963239282369613647e-02,-1.144949942827224731e-01,2.893948256969451904e-01,5.708860605955123901e-02,3.168408945202827454e-02,-5.109940171241760254e-01,-1.035691127181053162e-01,-2.181367129087448120e-01,8.717011213302612305e-01,3.240272700786590576e-01,1.042373552918434143e-01
4.759607464075088501e-02,5.034366995096206665e-02,4.033864438533782959e-01,5.985069870948791504e-01,3.522450104355812073e-02,8.001613616943359375e-01,1.704163476824760437e-02,0.000000000000000000e+00,0.000000000000000000e+00,1.221262589097023010e-01,-1.016503691673278809e+00,1.667515039443969727e-01,-2.266457796096801758e+00,3.150625824928283691e-01,1.112551689147949219e+00,1.129250675439834595e-01,2.200927972793579102e+00,7.035226374864578247e-02,-3.088032305240631104e-01,-5.989371240139007568e-02,-1.405956298112869263e-01,2.811010777950286865e-01,6.825295090675354004e-02,3.470907686278223991e-03,-5.291211605072021484e-01,-1.233247369527816772e-01,-2.667167186737060547e-01,7.347686886787414551e-01,2.575999498367309570e-01,1.041165068745613098e-01
4.282407090067863464e-02,5.736412480473518372e-02,4.318192005157470703e-01,5.991284251213073730e-01,4.664361476898193359e-02,7.991711497306823730e-01,1.396243274211883545e-02,0.000000000000000000e+00,0.000000000000000000e+00,1.346259266138076782e-01,-9.842194318771362305e-01,1.606457978487014771e-01,-2.266525268554687500e+00,3.342813551425933838e-01,1.084326744079589844e+00,1.081603690981864929e-01,2.204123735427856445e+00,1.097479686141014099e-01,-2.549548149108886719e-01,-6.227560341358184814e-02,-1.519177854061126709e-01,2.779000103473663330e-01,1.213280782103538513e-01,-2.527212165296077728e-02,-5.036523938179016113e-01,-1.233640238642692566e-01,-3.127715885639190674e-01,5.249460935592651367e-01,2.191572189331054688e-01,1.304809153079986572e-01
3.863517940044403076e-02,6.361293047666549683e-02,4.395830929279327393e-01,5.996685028076171875e-01,6.093243509531021118e-02,7.978321313858032227e-01,1.219888310879468918e-02,0.000000000000000000e+00,0.000000000000000000e+00,1.552150845527648926e-01,-9.560293555259704590e-01,1.554687619209289551e-01,-2.245313882827758789e+00,3.429400622844696045e-01,1.066713452339172363e+00,9.434902667999267578e-02,2.202521085739135742e+00,1.480096727609634399e-01,-2.277097105979919434e-01,-5.046819895505905151e-02,-1.417966634035110474e-01,3.099056184291839600e-01,1.952411383390426636e-01,-3.575434163212776184e-02,-4.508381485939025879e-01,-1.040546074509620667e-01,-3.365219235420227051e-01,3.046656847000122070e-01,2.119251638650894165e-01,1.684145629405975342e-01
3.502890840172767639e-02,6.799010187387466431e-02,4.449811279773712158e-01,6.036046147346496582e-01,7.035880535840988159e-02,7.940904498100280762e-01,1.146670896559953690e-02,0.000000000000000000e+00,0.000000000000000000e+00,1.718039214611053467e-01,-9.349354505538940430e-01,1.488046199083328247e-01,-2.227651834487915039e+00,3.443065881729125977e-01,1.054121851921081543e+00,9.030174463987350464e-02,2.208386898040771484e+00,1.686349213123321533e-01,-2.189080268144607544e-01,-3.273670375347137451e-02,-1.233461201190948486e-01,3.806178867816925049e-01,3.257987201213836670e-01,-5.789856612682342529e-02,-4.062063097953796387e-01,-8.602879941463470459e-02,-3.522928655147552490e-01,1.772200912237167358e-01,2.387633621692657471e-01,1.945641189813613892e-01
3.221199288964271545e-02,7.128132134675979614e-02,4.492610394954681396e-01,6.088375449180603027e-01,7.127788662910461426e-02,7.900447845458984375e-01,8.096111007034778595e-03,0.000000000000000000e+00,0.000000000000000000e+00,1.824369579553604126e-01,-9.297618865966796875e-01,1.434805989265441895e-01,-2.231566190719604492e+00,3.349643051624298096e-01,1.043429017066955566e+00,9.377351403236389160e-02,2.219964981079101562e+00,1.615902483463287354e-01,-2.531724274158477783e-01,-1.885529980063438416e-02,-1.000103354454040527e-01,5.408152341842651367e-01,3.499999940395355225e-01,-7.794448733329772949e-02,-3.733101189136505127e-01,-6.985952705144882202e-02,-3.484812378883361816e-01,1.430114656686782837e-01,2.544704675674438477e-01,1.887848973274230957e-01
3.056596405804157257e-02,7.604357600212097168e-02,4.538431763648986816e-01,6.093914508819580078e-01,6.117887794971466064e-02,7.904495000839233398e-01,-9.425148367881774902e-03,0.000000000000000000e+00,0.000000000000000000e+00,1.842865049839019775e-01,-9.365108609199523926e-01,1.421104371547698975e-01,-2.219914913177490234e+00,3.244756758213043213e-01,1.045687913894653320e+00,8.840399980545043945e-02,2.236837387084960938e+00,1.373584717512130737e-01,-3.367096483707427979e-01,-7.417081855237483978e-03,-6.966345757246017456e-02,7.307005524635314941e-01,3.499999940395355225e-01,-7.401371747255325317e-02,-3.587772548198699951e-01,-5.874819308519363403e-02,-3.160518705844879150e-01,1.674250513315200806e-01,2.573699951171875000e-01,1.697424203157424927e-01
2.971486561000347137e-02,7.927335053682327271e-02,4.577028453350067139e-01,6.076892614364624023e-01,4.649898409843444824e-02,7.924430370330810547e-01,-2.420084364712238312e-02,0.000000000000000000e+00,0.000000000000000000e+00,1.812139004468917847e-01,-9.458400607109069824e-01,1.430352479219436646e-01,-2.213835000991821289e+00,2.928823232650756836e-01,1.053748250007629395e+00,8.879013359546661377e-02,2.262829542160034180e+00,1.011102646589279175e-01,-4.204655587673187256e-01,1.051225140690803528e-02,-4.539475589990615845e-02,8.594893217086791992e-01,3.499999940395355225e-01,-6.646930426359176636e-02,-3.433845043182373047e-01,-4.704586043953895569e-02,-2.875265479087829590e-01,2.043391615152359009e-01,2.498668581247329712e-01,1.509609371423721313e-01
2.942022681236267090e-02,8.113122731447219849e-02,4.602832198143005371e-01,6.071932315826416016e-01,3.192352876067161560e-02,7.931597828865051270e-01,-3.456697985529899597e-02,0.000000000000000000e+00,0.000000000000000000e+00,1.824873238801956177e-01,-9.569553732872009277e-01,1.481805294752120972e-01,-2.192529916763305664e+00,2.648038864135742188e-01,1.056841015815734863e+00,8.975851535797119141e-02,2.281656980514526367e+00,6.854636222124099731e-02,-4.889439344406127930e-01,1.965045742690563202e-02,-2.731085382401943207e-02,9.046701788902282715e-01,3.499999940395355225e-01,-5.129145085811614990e-02,-3.134633600711822510e-01,-3.557332232594490051e-02,-2.630129456520080566e-01,2.216565907001495361e-01,2.363848835229873657e-01,1.274111717939376831e-01
2.874550968408584595e-02,8.119607716798782349e-02,4.613938629627227783e-01,6.088439226150512695e-01,2.750901691615581512e-02,7.920416593551635742e-01,-3.496247157454490662e-02,0.000000000000000000e+00,0.000000000000000000e+00,1.925365775823593140e-01,-9.736161828041076660e-01,1.598756611347198486e-01,-2.171079874038696289e+00,2.445696294307708740e-01,1.058895587921142578e+00,8.066401630640029907e-02,2.295957088470458984e+00,3.274157270789146423e-02,-5.307912230491638184e-01,1.851396821439266205e-02,-9.887221269309520721e-03,8.571424484252929688e-01,3.499999940395355225e-01,-3.632699325680732727e-02,-2.656155824661254883e-01,-2.761241048574447632e-02,-2.477655559778213501e-01,2.168979942798614502e-01,2.394539117813110352e-01,1.184873357415199280e-01
2.739725634455680847e-02,8.197043091058731079e-02,4.627767801284790039e-01,6.093294620513916016e-01,1.572485081851482391e-02,7.915180921554565430e-01,-4.437902569770812988e-02,0.000000000000000000e+00,0.000000000000000000e+00,2.073974758386611938e-01,-9.934516549110412598e-01,1.586206406354904175e-01,-2.146715641021728516e+00,2.224356681108474731e-01,1.058331608772277832e+00,6.482360512018203735e-02,2.314924478530883789e+00,-2.350793918594717979e-03,-5.463159680366516113e-01,1.453420519828796387e-02,1.009133271872997284e-02,7.195162177085876465e-01,3.369476199150085449e-01,-3.057415969669818878e-02,-2.173412889242172241e-01,-2.400925010442733765e-02,-2.510895133018493652e-01,2.020782083272933960e-01,2.568820714950561523e-01,1.284709572792053223e-01
2.581742778420448303e-02,8.131169527769088745e-02,4.661928415298461914e-01,6.077749729156494141e-01,6.932824850082397461e-03,7.925894856452941895e-01,-4.861488565802574158e-02,0.000000000000000000e+00,0.000000000000000000e+00,2.224996984004974365e-01,-1.009407877922058105e+00,1.691579222679138184e-01,-2.120826721191406250e+00,2.193071395158767700e-01,1.054969429969787598e+00,5.921398103237152100e-02,2.321582794189453125e+00,-4.502483084797859192e-02,-5.464296936988830566e-01,1.863062195479869843e-02,3.584998846054077148e-02,5.773304700851440430e-01,2.476011514663696289e-01,-1.915943808853626251e-02,-1.831897199153900146e-01,-1.113551761955022812e-02,-2.361124008893966675e-01,1.950954496860504150e-01,2.685104310512542725e-01,1.420590877532958984e-01
2.386283688247203827e-02,8.093569427728652954e-02,4.706622958183288574e-01,6.048725247383117676e-01,-8.973069489002227783e-03,7.940614819526672363e-01,-5.928834155201911926e-02,0.000000000000000000e+00,0.000000000000000000e+00,2.392460703849792480e-01,-1.031208753585815430e+00,1.701094657182693481e-01,-2.100909709930419922e+00,2.084825485944747925e-01,1.048855900764465332e+00,5.407065153121948242e-02,2.333957195281982422e+00,-8.752053231000900269e-02,-5.255689024925231934e-01,1.254606060683727264e-02,3.634743019938468933e-02,3.835570216178894043e-01,1.716142594814300537e-01,-3.142791986465454102e-02,-1.568457484245300293e-01,-3.693315898999571800e-03,-2.321206778287887573e-01,2.004080414772033691e-01,2.975333929061889648e-01,1.542296409606933594e-01
2.117269113659858704e-02,8.137038350105285645e-02,4.740043282508850098e-01,6.082686185836791992e-01,-1.726752333343029022e-02,7.903919816017150879e-01,-7.065168768167495728e-02,0.000000000000000000e+00,0.000000000000000000e+00,2.718506455421447754e-01,-1.066452622413635254e+00,1.847229897975921631e-01,-2.106255292892456055e+00,2.431506961584091187e-01,1.038161158561706543e+00,4.209452494978904724e-02,2.338917493820190430e+00,-1.237244978547096252e-01,-4.568068385124206543e-01,-6.360305473208427429e-03,5.000344291329383850e-02,1.899275332689285278e-01,1.493388563394546509e-01,-4.921688884496688843e-02,-1.180842593312263489e-01,-1.370229478925466537e-02,-2.173317819833755493e-01,2.262903898954391479e-01,3.499240279197692871e-01,1.594942063093185425e-01
1.886941865086555481e-02,8.095176517963409424e-02,4.790643453598022461e-01,6.091449856758117676e-01,-3.157154098153114319e-02,7.883533835411071777e-01,-8.027798682451248169e-02,0.000000000000000000e+00,0.000000000000000000e+00,2.710466384887695312e-01,-1.083752393722534180e+00,1.920076459646224976e-01,-2.110978603363037109e+00,2.510866224765777588e-01,1.044427633285522461e+00,5.168388411402702332e-02,2.332091808319091797e+00,-1.265286356210708618e-01,-4.305195510387420654e-01,-1.553770806640386581e-02,3.250007331371307373e-02,1.380974948406219482e-01,1.462162882089614868e-01,-5.062579736113548279e-02,-1.424246728420257568e-01,-2.669346146285533905e-02,-2.121525108814239502e-01,3.584613502025604248e-01,3.499999940395355225e-01,1.678908765316009521e-01
1.724503561854362488e-02,7.915616780519485474e-02,4.845789968967437744e-01,6.096626520156860352e-01,-3.916528448462486267e-02,7.874552011489868164e-01,-8.180366456508636475e-02,0.000000000000000000e+00,0.000000000000000000e+00,2.603147029876708984e-01,-1.095941781997680664e+00,1.796259880065917969e-01,-2.115009784698486328e+00,2.549730539321899414e-01,1.060092568397521973e+00,5.529200285673141479e-02,2.302507162094116211e+00,-1.098329797387123108e-01,-4.157245159149169922e-01,-2.327706664800643921e-02,-6.971336901187896729e-03,1.523410528898239136e-01,1.505911499261856079e-01,-3.285011649131774902e-02,-2.003309428691864014e-01,-4.557063803076744080e-02,-2.162662744522094727e-01,5.320584177970886230e-01,3.499999940395355225e-01,1.606249660253524780e-01
1.731109805405139923e-02,7.473669946193695068e-02,4.918707609176635742e-01,6.021822690963745117e-01,-3.824877366423606873e-02,7.943840622901916504e-01,-6.976763904094696045e-02,0.000000000000000000e+00,0.000000000000000000e+00,2.029906958341598511e-01,-1.070315837860107422e+00,1.665844470262527466e-01,-2.130772829055786133e+00,2.380395233631134033e-01,1.083006262779235840e+00,7.165589928627014160e-02,2.268006801605224609e+00,-7.214976102113723755e-02,-4.353833794593811035e-01,-2.196067571640014648e-02,-4.396576434373855591e-02,1.914482861757278442e-01,1.409387439489364624e-01,-1.539474818855524063e-02,-3.198996186256408691e-01,-5.611494556069374084e-02,-2.035972476005554199e-01,7.341133952140808105e-01,3.499999940395355225e-01,1.648619621992111206e-01
1.651423610746860504e-02,7.099734991788864136e-02,4.967764616012573242e-01,6.049513220787048340e-01,-2.680044248700141907e-02,7.939246296882629395e-01,-5.476604402065277100e-02,0.000000000000000000e+00,0.000000000000000000e+00,1.773405671119689941e-01,-1.056679129600524902e+00,1.551694124937057495e-01,-2.151639223098754883e+00,2.419013679027557373e-01,1.097995400428771973e+00,8.590298891067504883e-02,2.222225666046142578e+00,-3.578146919608116150e-02,-4.174355268478393555e-01,-2.703908644616603851e-02,-6.236551329493522644e-02,2.167705148458480835e-01,1.330218911170959473e-01,-1.892543165013194084e-03,-4.043413996696472168e-01,-7.556112855672836304e-02,-2.043142020702362061e-01,8.501428365707397461e-01,3.499999940395355225e-01,1.506764739751815796e-01
1.557012647390365601e-02,6.831654161214828491e-02,5.018694996833801270e-01,6.055244803428649902e-01,-1.864522136747837067e-02,7.943413257598876953e-01,-4.488038271665573120e-02,0.000000000000000000e+00,0.000000000000000000e+00,1.522697210311889648e-01,-1.038806080818176270e+00,1.393404603004455566e-01,-2.183678388595581055e+00,2.427512258291244507e-01,1.121703267097473145e+00,1.004103347659111023e-01,2.189958095550537109e+00,1.467729569412767887e-03,-3.938948512077331543e-01,-3.279009088873863220e-02,-8.769776672124862671e-02,2.262261658906936646e-01,1.267497986555099487e-01,-3.551590954884886742e-03,-4.846763312816619873e-01,-9.334363043308258057e-02,-2.082333862781524658e-01,8.860233426094055176e-01,3.499999940395355225e-01,1.341039836406707764e-01
1.457022875547409058e-02,6.803616136312484741e-02,5.066074132919311523e-01,6.030890941619873047e-01,-1.061006169766187668e-02,7.963773012161254883e-01,-4.420667514204978943e-02,0.000000000000000000e+00,0.000000000000000000e+00,1.373635530471801758e-01,-1.019490361213684082e+00,1.273084282875061035e-01,-2.196534872055053711e+00,2.565030753612518311e-01,1.116654634475708008e+00,9.749986976385116577e-02,2.171419858932495117e+00,3.774597123265266418e-02,-3.611232638359069824e-01,-4.125421121716499329e-02,-9.473551064729690552e-02,2.298596799373626709e-01,1.215781494975090027e-01,-1.196831278502941132e-02,-5.335798263549804688e-01,-1.089096739888191223e-01,-2.210358679294586182e-01,8.165510892868041992e-01,3.487173914909362793e-01,1.211191564798355103e-01
1.195015758275985718e-02,6.890869140625000000e-02,5.424667596817016602e-01,6.000046730041503906e-01,-1.035593170672655106e-02,7.983489036560058594e-01,-5.026059225201606750e-02,0.000000000000000000e+00,0.000000000000000000e+00,1.264829635620117188e-01,-1.002785801887512207e+00,1.090823709964752197e-01,-2.213424682617187500e+00,3.073323071002960205e-01,1.116097092628479004e+00,8.979966491460800171e-02,2.166394948959350586e+00,8.049346506595611572e-02,-3.097552359104156494e-01,-4.835987836122512817e-02,-1.103238165378570557e-01,2.433594465255737305e-01,1.577528268098831177e-01,-3.945496305823326111e-02,-5.437705516815185547e-01,-1.202501207590103149e-01,-2.553105950355529785e-01,6.621667146682739258e-01,3.102014958858489990e-01,1.300428956747055054e-01
8.469659835100173950e-03,7.153493165969848633e-02,5.470600128173828125e-01,5.982946753501892090e-01,-7.178073283284902573e-03,7.988216280937194824e-01,-6.225674971938133240e-02,0.000000000000000000e+00,0.000000000000000000e+00,1.228588372468948364e-01,-9.800455570220947266e-01,9.355170279741287231e-02,-2.227025985717773438e+00,2.984862327575683594e-01,1.093851089477539062e+00,7.947177439928054810e-02,2.172192335128784180e+00,1.199599206447601318e-01,-2.786587476730346680e-01,-5.992448329925537109e-02,-1.236866861581802368e-01,2.557174265384674072e-01,1.906149834394454956e-01,-6.777118146419525146e-02,-5.170183181762695312e-01,-1.187666803598403931e-01,-2.950640022754669189e-01,4.499907493591308594e-01,2.730066180229187012e-01,1.552380323410034180e-01
5.081671755760908127e-03,7.274082303047180176e-02,5.503015518188476562e-01,5.996088385581970215e-01,2.419492229819297791e-03,7.976028919219970703e-01,-6.552071869373321533e-02,0.000000000000000000e+00,0.000000000000000000e+00,1.203418150544166565e-01,-9.537683129310607910e-01,7.872402667999267578e-02,-2.236463785171508789e+00,2.919334471225738525e-01,1.078739881515502930e+00,7.843694835901260376e-02,2.181351661682128906e+00,1.554909646511077881e-01,-2.540116906166076660e-01,-5.151059105992317200e-02,-1.185528412461280823e-01,3.070890307426452637e-01,2.914460897445678711e-01,-9.509371221065521240e-02,-4.749725461006164551e-01,-9.894029796123504639e-02,-3.280944228172302246e-01,2.433838099241256714e-01,2.623895108699798584e-01,1.885249167680740356e-01
1.713462523184716702e-03,7.326234132051467896e-02,5.507380962371826172e-01,6.116679310798645020e-01,1.512827165424823761e-02,7.883169054985046387e-01,-6.472948193550109863e-02,0.000000000000000000e+00,0.000000000000000000e+00,1.505449563264846802e-01,-9.601346850395202637e-01,5.210557952523231506e-02,-2.235167741775512695e+00,3.074315786361694336e-01,1.073479413986206055e+00,7.861299067735671997e-02,2.197867393493652344e+00,1.819909512996673584e-01,-2.340407371520996094e-01,-3.845799341797828674e-02,-1.085999533534049988e-01,4.108626246452331543e-01,3.499999940395355225e-01,-1.187493950128555298e-01,-3.979116976261138916e-01,-7.700832933187484741e-02,-3.660379350185394287e-01,1.089989915490150452e-01,2.794613540172576904e-01,1.964074522256851196e-01
-2.445703430566936731e-04,7.403945922851562500e-02,5.535908341407775879e-01,6.143946051597595215e-01,1.530800014734268188e-02,7.857085466384887695e-01,-7.033541798591613770e-02,0.000000000000000000e+00,0.000000000000000000e+00,1.488150060176849365e-01,-9.681870341300964355e-01,3.114410303533077240e-02,-2.224368810653686523e+00,3.002445101737976074e-01,1.061839818954467773e+00,7.108000665903091431e-02,2.223480701446533203e+00,1.647059321403503418e-01,-2.942120730876922607e-01,-2.780168130993843079e-02,-7.499601691961288452e-02,5.963513255119323730e-01,3.499999940395355225e-01,-1.250161230564117432e-01,-3.718499243259429932e-01,-5.563710629940032959e-02,-3.331817090511322021e-01,9.365096688270568848e-02,2.763086259365081787e-01,1.772131770849227905e-01
-1.789353438653051853e-03,7.630802690982818604e-02,5.553953051567077637e-01,6.187984943389892578e-01,7.249851245433092117e-03,7.808609604835510254e-01,-8.539339154958724976e-02,0.000000000000000000e+00,0.000000000000000000e+00,1.651968210935592651e-01,-9.882907867431640625e-01,1.540424674749374390e-02,-2.191577911376953125e+00,3.022978901863098145e-01,1.047328233718872070e+00,6.716951727867126465e-02,2.250675201416015625e+00,1.395307332277297974e-01,-3.571695089340209961e-01,-1.670916192233562469e-02,-4.994385316967964172e-02,7.487809658050537109e-01,3.499999940395355225e-01,-1.051169335842132568e-01,-3.353531956672668457e-01,-4.099265858530998230e-02,-2.988932728767395020e-01,1.142190396785736084e-01,2.742765843868255615e-01,1.523984223604202271e-01
-2.423334633931517601e-03,7.776397466659545898e-02,5.579037070274353027e-01,6.178915500640869141e-01,-1.193524990230798721e-02,7.797686457633972168e-01,-1.001417711377143860e-01,0.000000000000000000e+00,0.000000000000000000e+00,1.731926202774047852e-01,-1.003806114196777344e+00,1.137016434222459793e-02,-2.148985624313354492e+00,2.834180891513824463e-01,1.043658494949340820e+00,6.813331693410873413e-02,2.271785259246826172e+00,9.150541573762893677e-02,-4.378056526184082031e-01,-2.170309424400329590e-03,-2.561400644481182098e-02,8.542833924293518066e-01,3.499999940395355225e-01,-8.819154649972915649e-02,-3.152652680873870850e-01,-2.311098389327526093e-02,-2.483616769313812256e-01,1.544461548328399658e-01,2.591757476329803467e-01,1.143249794840812683e-01
-2.522603608667850494e-03,8.005271106958389282e-02,5.592668056488037109e-01,6.170405745506286621e-01,-2.455338090658187866e-02,7.780123353004455566e-01,-1.155634149909019470e-01,0.000000000000000000e+00,0.000000000000000000e+00,2.140482664108276367e-01,-1.032480478286743164e+00,2.773783728480339050e-02,-2.118350982666015625e+00,2.927532196044921875e-01,1.023583889007568359e+00,6.128161028027534485e-02,2.282348632812500000e+00,5.765162780880928040e-02,-4.855368733406066895e-01,8.045631460845470428e-03,-8.667907677590847015e-03,8.523748517036437988e-01,3.499999940395355225e-01,-4.802471399307250977e-02,-2.652401328086853027e-01,-1.747729629278182983e-02,-2.267756909132003784e-01,1.547540575265884399e-01,2.395483851432800293e-01,9.198208898305892944e-02
-2.892239252105355263e-03,8.021305501461029053e-02,5.612322092056274414e-01,6.104836463928222656e-01,-3.644397482275962830e-02,7.815633416175842285e-01,-1.230459362268447876e-01,0.000000000000000000e+00,0.000000000000000000e+00,2.218540906906127930e-01,-1.040827512741088867e+00,4.487609118223190308e-02,-2.101706981658935547e+00,2.767436802387237549e-01,1.023320913314819336e+00,5.311226844787597656e-02,2.296949863433837891e+00,2.565673179924488068e-02,-5.229097008705139160e-01,1.296219043433666229e-02,-6.516871508210897446e-04,7.519035935401916504e-01,3.499875068664550781e-01,-3.028125688433647156e-02,-2.409424036741256714e-01,-9.547281078994274139e-03,-2.162449657917022705e-01,1.627118438482284546e-01,2.378021329641342163e-01,9.362873435020446777e-02
-4.343680106103420258e-03,7.956705987453460693e-02,5.624788999557495117e-01,6.069657802581787109e-01,-4.305895045399665833e-02,7.832987904548645020e-01,-1.272062361240386963e-01,0.000000000000000000e+00,0.000000000000000000e+00,2.372701764106750488e-01,-1.053454160690307617e+00,6.119308620691299438e-02,-2.082740068435668945e+00,2.576589584350585938e-01,1.017832517623901367e+00,5.234141647815704346e-02,2.320194482803344727e+00,-1.103026233613491058e-02,-5.225362181663513184e-01,2.289547584950923920e-02,1.752294972538948059e-02,5.717084407806396484e-01,3.390912115573883057e-01,-2.271603234112262726e-02,-2.142886668443679810e-01,-5.439192056655883789e-03,-2.308371812105178833e-01,1.609157025814056396e-01,2.510769069194793701e-01,1.081815361976623535e-01
-6.216839421540498734e-03,7.655785232782363892e-02,5.660310387611389160e-01,5.996658205986022949e-01,-4.853994399309158325e-02,7.890670895576477051e-01,-1.241688355803489685e-01,0.000000000000000000e+00,0.000000000000000000e+00,2.342713922262191772e-01,-1.055803418159484863e+00,8.712515980005264282e-02,-2.059294462203979492e+00,2.280489355325698853e-01,1.010361433029174805e+00,8.170296251773834229e-02,2.334775924682617188e+00,-6.936213374137878418e-02,-5.224676132202148438e-01,4.176308214664459229e-02,4.863364994525909424e-02,3.890865147113800049e-01,2.483747452497482300e-01,-3.345762565732002258e-02,-2.047830522060394287e-01,6.010618060827255249e-03,-2.328016161918640137e-01,1.703004091978073120e-01,2.888212203979492188e-01,1.272755116224288940e-01
-8.568636141717433929e-03,7.627864181995391846e-02,5.694802403450012207e-01,5.963879823684692383e-01,-6.012258306145668030e-02,7.887551784515380859e-01,-1.362789124250411987e-01,0.000000000000000000e+00,0.000000000000000000e+00,2.662596106529235840e-01,-1.087991833686828613e+00,1.056731417775154114e-01,-2.076203584671020508e+00,2.499115467071533203e-01,9.855885505676269531e-01,9.349154680967330933e-02,2.356718063354492188e+00,-1.194750219583511353e-01,-4.811923801898956299e-01,4.184010252356529236e-02,7.592730224132537842e-02,1.945870518684387207e-01,2.134363055229187012e-01,-6.410638242959976196e-02,-1.651164889335632324e-01,6.139039993286132812e-03,-2.415571361780166626e-01,1.705751121044158936e-01,3.498673439025878906e-01,1.315285116434097290e-01
-1.065266691148281097e-02,7.589705288410186768e-02,5.728873610496520996e-01,5.958318114280700684e-01,-7.558945566415786743e-02,7.855729460716247559e-01,-1.488148123025894165e-01,0.000000000000000000e+00,0.000000000000000000e+00,2.863828241825103760e-01,-1.105112791061401367e+00,1.141391247510910034e-01,-2.097915410995483398e+00,2.667217850685119629e-01,9.698692560195922852e-01,1.026121452450752258e-01,2.369899272918701172e+00,-1.516930311918258667e-01,-4.460507333278656006e-01,4.561593756079673767e-02,8.835156261920928955e-02,9.318946301937103271e-02,2.154535502195358276e-01,-9.234420955181121826e-02,-1.549191027879714966e-01,1.655329717323184013e-03,-2.450120747089385986e-01,2.429243326187133789e-01,3.499999940395355225e-01,1.308936476707458496e-01
-1.230050437152385712e-02,7.402288913726806641e-02,5.755704641342163086e-01,5.977086424827575684e-01,-8.880238980054855347e-02,7.818620204925537109e-01,-1.534610092639923096e-01,0.000000000000000000e+00,0.000000000000000000e+00,2.948733270168304443e-01,-1.112066745758056641e+00,1.080740988254547119e-01,-2.122807502746582031e+00,2.823693454265594482e-01,9.704937338829040527e-01,1.029418408870697021e-01,2.380278825759887695e+00,-1.689755022525787354e-01,-4.175569713115692139e-01,5.205609649419784546e-02,8.626510202884674072e-02,6.666336208581924438e-02,2.359756380319595337e-01,-1.007830500602722168e-01,-1.692189723253250122e-01,-3.129468066617846489e-03,-2.395516633987426758e-01,3.524947762489318848e-01,3.499999940395355225e-01,1.250172704458236694e-01
-1.335889101028442383e-02,7.090011984109878540e-02,5.777519941329956055e-01,6.012223362922668457e-01,-9.565349668264389038e-02,7.790206074714660645e-01,-1.500299125909805298e-01,0.000000000000000000e+00,0.000000000000000000e+00,2.880672216415405273e-01,-1.109180569648742676e+00,8.679693192243576050e-02,-2.141623497009277344e+00,2.868292033672332764e-01,9.894658327102661133e-01,1.070013791322708130e-01,2.372647047042846680e+00,-1.635491698980331421e-01,-3.966675102710723877e-01,5.373967438936233521e-02,5.839182436466217041e-02,7.800919562578201294e-02,2.540143132209777832e-01,-9.093505144119262695e-02,-2.138919681310653687e-01,-1.465513277798891068e-02,-2.395416200160980225e-01,5.040646791458129883e-01,3.499999940395355225e-01,1.140011176466941833e-01
-1.391016598790884018e-02,6.777416914701461792e-02,5.796092152595520020e-01,6.053721904754638672e-01,-9.776365011930465698e-02,7.765078544616699219e-01,-1.449218094348907471e-01,0.000000000000000000e+00,0.000000000000000000e+00,2.832715511322021484e-01,-1.094896912574768066e+00,6.538967043161392212e-02,-2.147518873214721680e+00,2.939874529838562012e-01,1.016994237899780273e+00,1.161032766103744507e-01,2.344334602355957031e+00,-1.457449942827224731e-01,-3.760851621627807617e-01,5.047351866960525513e-02,2.948823943734169006e-02,9.941580146551132202e-02,2.579261064529418945e-01,-8.297220617532730103e-02,-2.741944491863250732e-01,-3.356186300516128540e-02,-2.489351183176040649e-01,6.478595733642578125e-01,3.499999940395355225e-01,1.012886315584182739e-01
-1.413061562925577164e-02,6.459881365299224854e-02,5.815731287002563477e-01,6.076543927192687988e-01,-9.804429113864898682e-02,7.756662964820861816e-01,-1.395895332098007202e-01,0.000000000000000000e+00,0.000000000000000000e+00,2.651379406452178955e-01,-1.075345873832702637e+00,5.227851867675781250e-02,-2.141842365264892578e+00,2.974229156970977783e-01,1.045738220214843750e+00,1.222061291337013245e-01,2.308214426040649414e+00,-1.185430213809013367e-01,-3.606724441051483154e-01,4.801340028643608093e-02,-7.463927031494677067e-04,1.242453902959823608e-01,2.560371160507202148e-01,-7.639231532812118530e-02,-3.358340263366699219e-01,-4.027072712779045105e-02,-2.524833083152770996e-01,7.268297672271728516e-01,3.499999940395355225e-01,8.732990920543670654e-02
-1.474911253899335861e-02,6.218217313289642334e-02,5.836561322212219238e-01,6.071408390998840332e-01,-9.799563139677047729e-02,7.763533592224121094e-01,-1.380301564931869507e-01,0.000000000000000000e+00,0.000000000000000000e+00,2.521364688873291016e-01,-1.058740973472595215e+00,5.186577513813972473e-02,-2.129735946655273438e+00,3.003048598766326904e-01,1.071903228759765625e+00,1.380110383033752441e-01,2.271041154861450195e+00,-8.896766602993011475e-02,-3.363400995731353760e-01,4.505265876650810242e-02,-2.784045226871967316e-02,1.375273615121841431e-01,2.659901380538940430e-01,-7.443164288997650146e-02,-3.803645372390747070e-01,-3.854115679860115051e-02,-2.569817304611206055e-01,7.102754116058349609e-01,3.499999940395355225e-01,7.836162298917770386e-02
-1.612969115376472473e-02,5.974177643656730652e-02,5.856497287750244141e-01,6.052777767181396484e-01,-8.862383663654327393e-02,7.798455953598022461e-01,-1.327610015869140625e-01,0.000000000000000000e+00,0.000000000000000000e+00,2.364871054887771606e-01,-1.039493680000305176e+00,5.416648834943771362e-02,-2.118294000625610352e+00,2.938320636749267578e-01,1.075236797332763672e+00,1.521385610103607178e-01,2.254304409027099609e+00,-5.537807941436767578e-02,-3.120473921298980713e-01,3.712222725152969360e-02,-5.401023849844932556e-02,1.465874314308166504e-01,2.778990268707275391e-01,-7.978367805480957031e-02,-4.057428538799285889e-01,-2.891074493527412415e-02,-2.645775973796844482e-01,6.005238294601440430e-01,3.499984443187713623e-01,8.713640272617340088e-02
-1.830682717263698578e-02,5.739150196313858032e-02,5.875101089477539062e-01,5.996780991554260254e-01,-7.874838262796401978e-02,7.859940528869628906e-01,-1.280556768178939819e-01,0.000000000000000000e+00,0.000000000000000000e+00,2.142071723937988281e-01,-1.013882517814636230e+00,6.041282042860984802e-02,-2.117817878723144531e+00,2.797984778881072998e-01,1.068349719047546387e+00,1.641749441623687744e-01,2.253110408782958984e+00,-1.378435641527175903e-02,-2.971518635749816895e-01,2.474314346909523010e-02,-7.928993552923202515e-02,1.427291780710220337e-01,2.895442247390747070e-01,-9.290990233421325684e-02,-4.273579120635986328e-01,-1.633713394403457642e-02,-2.697881162166595459e-01,4.654011428356170654e-01,3.298350274562835693e-01,1.070371195673942566e-01
-2.200924232602119446e-02,5.685061961412429810e-02,5.925496220588684082e-01,6.031254529953002930e-01,-6.525560468435287476e-02,7.846491932868957520e-01,-1.276988536119461060e-01,0.000000000000000000e+00,0.000000000000000000e+00,2.076163589954376221e-01,-9.922394156455993652e-01,7.880305498838424683e-02,-2.104878187179565430e+00,2.853451669216156006e-01,1.061930775642395020e+00,1.896280646324157715e-01,2.243062257766723633e+00,5.568388104438781738e-02,-2.669226825237274170e-01,2.430791733786463737e-03,-1.231916099786758423e-01,1.464651226997375488e-01,3.243770897388458252e-01,-1.098595187067985535e-01,-4.019628763198852539e-01,-1.462814025580883026e-02,-2.946564853191375732e-01,3.050233721733093262e-01,2.918950617313385010e-01,1.307872831821441650e-01
-2.560085430741310120e-02,5.603975430130958557e-02,5.951057672500610352e-01,6.101399064064025879e-01,-4.789046570658683777e-02,7.811099290847778320e-01,-1.237056329846382141e-01,0.000000000000000000e+00,0.000000000000000000e+00,2.215871363878250122e-01,-9.778592586517333984e-01,7.577046751976013184e-02,-2.100579738616943359e+00,2.875280082225799561e-01,1.056038498878479004e+00,2.027110159397125244e-01,2.245208024978637695e+00,1.052541732788085938e-01,-2.423268109560012817e-01,-8.355784229934215546e-03,-1.444523185491561890e-01,1.842849850654602051e-01,3.499999344348907471e-01,-1.243704110383987427e-01,-3.700472116470336914e-01,-7.191787008196115494e-03,-3.170820772647857666e-01,1.614333242177963257e-01,2.821596860885620117e-01,1.502968966960906982e-01
-2.845379896461963654e-02,5.512701719999313354e-02,5.943465828895568848e-01,6.141769289970397949e-01,-3.684044629335403442e-02,7.789460420608520508e-01,-1.211302727460861206e-01,0.000000000000000000e+00,0.000000000000000000e+00,2.149375230073928833e-01,-9.598527550697326660e-01,6.805403530597686768e-02,-2.096498250961303711e+00,2.735728919506072998e-01,1.048867225646972656e+00,2.014883607625961304e-01,2.248963356018066406e+00,1.176340728998184204e-01,-2.532820403575897217e-01,-9.200972504913806915e-03,-1.462019681930541992e-01,2.826584875583648682e-01,3.499999940395355225e-01,-1.429121196269989014e-01,-3.543747663497924805e-01,1.058682613074779510e-02,-2.999688088893890381e-01,9.650683403015136719e-02,2.842771112918853760e-01,1.588797420263290405e-01
-3.108176402747631073e-02,5.509932339191436768e-02,5.941106081008911133e-01,6.179391741752624512e-01,-3.087723255157470703e-02,7.760009169578552246e-01,-1.225574910640716553e-01,0.000000000000000000e+00,0.000000000000000000e+00,2.081138193607330322e-01,-9.572342038154602051e-01,5.548389256000518799e-02,-2.087403059005737305e+00,2.667824327945709229e-01,1.040134549140930176e+00,1.920529454946517944e-01,2.255203962326049805e+00,1.123020201921463013e-01,-2.810169160366058350e-01,-1.336633693426847458e-02,-1.436975449323654175e-01,4.019635021686553955e-01,3.499999940395355225e-01,-1.694942563772201538e-01,-3.403234481811523438e-01,2.294570766389369965e-02,-2.710166573524475098e-01,7.764330506324768066e-02,2.951236665248870850e-01,1.565062254667282104e-01
-3.345949947834014893e-02,5.621822923421859741e-02,5.939646363258361816e-01,6.202441453933715820e-01,-3.294607624411582947e-02,7.727633118629455566e-01,-1.305704712867736816e-01,0.000000000000000000e+00,0.000000000000000000e+00,2.042461931705474854e-01,-9.693601727485656738e-01,3.685288876295089722e-02,-2.084656476974487305e+00,2.796418070793151855e-01,1.024522304534912109e+00,1.626723855733871460e-01,2.268086910247802734e+00,1.021961420774459839e-01,-3.213015496730804443e-01,-2.093098871409893036e-02,-1.288007050752639771e-01,5.314540863037109375e-01,3.499999940395355225e-01,-1.849068701267242432e-01,-3.224111199378967285e-01,3.576754033565521240e-02,-2.287131398916244507e-01,8.240950107574462891e-02,3.173525631427764893e-01,1.457142829895019531e-01
-3.517786785960197449e-02,5.816547945141792297e-02,5.945770740509033203e-01,6.199663281440734863e-01,-3.887653723359107971e-02,7.707121968269348145e-01,-1.418910473585128784e-01,0.000000000000000000e+00,0.000000000000000000e+00,2.095187753438949585e-01,-9.757005572319030762e-01,1.235481537878513336e-02,-2.085694551467895508e+00,2.923137843608856201e-01,1.007824301719665527e+00,1.365246176719665527e-01,2.287995338439941406e+00,8.694692701101303101e-02,-3.706256449222564697e-01,-2.581081911921501160e-02,-1.043022051453590393e-01,6.367616653442382812e-01,3.499999940395355225e-01,-1.872798055410385132e-01,-3.032823503017425537e-01,4.754496738314628601e-02,-1.875651627779006958e-01,9.776564687490463257e-02,3.265147507190704346e-01,1.318528503179550171e-01
-3.640123084187507629e-02,5.915781855583190918e-02,5.943831205368041992e-01,6.210876107215881348e-01,-3.786739706993103027e-02,7.694061398506164551e-01,-1.443275809288024902e-01,0.000000000000000000e+00,0.000000000000000000e+00,2.208419442176818848e-01,-9.788007736206054688e-01,-1.753528974950313568e-02,-2.075893163681030273e+00,2.834669947624206543e-01,9.930261373519897461e-01,1.250335872173309326e-01,2.303141355514526367e+00,5.729920417070388794e-02,-4.167077541351318359e-01,-2.536764368414878845e-02,-7.436703890562057495e-02,6.941357851028442383e-01,3.499999940395355225e-01,-1.776506751775741577e-01,-2.845315039157867432e-01,5.810666084289550781e-02,-1.485227346420288086e-01,1.158852055668830872e-01,3.228460550308227539e-01,1.190136075019836426e-01
-3.718839213252067566e-02,6.045256182551383972e-02,5.952606201171875000e-01,6.174696683883666992e-01,-4.436016082763671875e-02,7.707511186599731445e-01,-1.506853550672531128e-01,0.000000000000000000e+00,0.000000000000000000e+00,2.254605889320373535e-01,-9.846148490905761719e-01,-3.917882218956947327e-02,-2.073248386383056641e+00,2.744465768337249756e-01,9.832424521446228027e-01,1.230072751641273499e-01,2.322510957717895508e+00,3.154052048921585083e-02,-4.514261186122894287e-01,-2.124771103262901306e-02,-4.662045836448669434e-02,6.836591958999633789e-01,3.499999940395355225e-01,-1.621313840150833130e-01,-2.692867219448089600e-01,6.107701733708381653e-02,-1.327106803655624390e-01,1.249243840575218201e-01,3.169236183166503906e-01,1.118943244218826294e-01
-3.854500502347946167e-02,6.159539893269538879e-02,5.959333777427673340e-01,6.138595342636108398e-01,-4.891784489154815674e-02,7.721947431564331055e-01,-1.565210223197937012e-01,0.000000000000000000e+00,0.000000000000000000e+00,2.351415157318115234e-01,-9.987036585807800293e-01,-5.971179530024528503e-02,-2.077427625656127930e+00,2.618578076362609863e-01,9.774987697601318359e-01,1.279294043779373169e-01,2.348881959915161133e+00,9.147479198873043060e-03,-4.626961648464202881e-01,-1.407519727945327759e-02,-1.917940378189086914e-02,6.183990836143493652e-01,3.499999940395355225e-01,-1.500914245843887329e-01,-2.553169727325439453e-01,6.116030737757682800e-02,-1.316403597593307495e-01,1.254246681928634644e-01,3.219081759452819824e-01,1.123442798852920532e-01
-4.073097184300422668e-02,6.242917850613594055e-02,5.958164334297180176e-01,6.139824986457824707e-01,-5.698489770293235779e-02,7.702007889747619629e-01,-1.629999279975891113e-01,0.000000000000000000e+00,0.000000000000000000e+00,2.498393505811691284e-01,-1.010922431945800781e+00,-8.565171808004379272e-02,-2.099351167678833008e+00,2.539991140365600586e-01,9.649092555046081543e-01,1.474464535713195801e-01,2.386943340301513672e+00,-1.351900119334459305e-02,-4.618834853172302246e-01,-4.221878014504909515e-03,4.032161086797714233e-03,5.150366425514221191e-01,3.499999940395355225e-01,-1.465855836868286133e-01,-2.487201243638992310e-01,6.917139142751693726e-02,-1.221043020486831665e-01,1.262161284685134888e-01,3.233026564121246338e-01,1.124114245176315308e-01
-4.282628744840621948e-02,6.227206066250801086e-02,6.018656492233276367e-01,6.118511557579040527e-01,-5.838426202535629272e-02,7.716771960258483887e-01,-1.635350584983825684e-01,0.000000000000000000e+00,0.000000000000000000e+00,2.709783017635345459e-01,-1.019340991973876953e+00,-1.054226532578468323e-01,-2.114222288131713867e+00,2.550671994686126709e-01,9.678081274032592773e-01,1.654314547777175903e-01,2.417520999908447266e+00,-3.751786425709724426e-02,-4.544287025928497314e-01,1.676254905760288239e-03,2.341179549694061279e-02,4.138497412204742432e-01,3.499999642372131348e-01,-1.423599123954772949e-01,-2.460406124591827393e-01,7.530780881643295288e-02,-1.160813570022583008e-01,1.310275942087173462e-01,3.266603648662567139e-01,1.155356615781784058e-01
-4.536500573158264160e-02,6.185806542634963989e-02,6.101593971252441406e-01,6.087771058082580566e-01,-5.838730558753013611e-02,7.739871144294738770e-01,-1.640893965959548950e-01,0.000000000000000000e+00,0.000000000000000000e+00,2.888618111610412598e-01,-1.026759266853332520e+00,-1.238523423671722412e-01,-2.126371383666992188e+00,2.545568943023681641e-01,9.730857014656066895e-01,1.840441077947616577e-01,2.439535379409790039e+00,-6.333047896623611450e-02,-4.483281075954437256e-01,6.806864403188228607e-03,3.675274923443794250e-02,3.311231732368469238e-01,3.499999642372131348e-01,-1.432422399520874023e-01,-2.478054612874984741e-01,8.472587913274765015e-02,-1.021104007959365845e-01,1.450318843126296997e-01,3.394741714000701904e-01,1.197077408432960510e-01
-4.826896637678146362e-02,6.162155047059059143e-02,6.136698126792907715e-01,6.087482571601867676e-01,-6.336428225040435791e-02,7.727546691894531250e-01,-1.681094169616699219e-01,0.000000000000000000e+00,0.000000000000000000e+00,3.013308048248291016e-01,-1.032244801521301270e+00,-1.362442076206207275e-01,-2.141928195953369141e+00,2.496533244848251343e-01,9.728293418884277344e-01,1.966561675071716309e-01,2.440000057220458984e+00,-8.359587937593460083e-02,-4.307089149951934814e-01,1.185486651957035065e-02,3.899362683296203613e-02,2.805154621601104736e-01,3.499999940395355225e-01,-1.519248038530349731e-01,-2.515979707241058350e-01,9.471958130598068237e-02,-8.512840420007705688e-02,1.684608161449432373e-01,3.499999940395355225e-01,1.218053922057151794e-01
-5.089550465345382690e-02,6.108374893665313721e-02,6.110785603523254395e-01,6.106352806091308594e-01,-7.182820141315460205e-02,7.696523070335388184e-01,-1.720481961965560913e-01,0.000000000000000000e+00,0.000000000000000000e+00,3.009023070335388184e-01,-1.038207054138183594e+00,-1.496139764785766602e-01,-2.148306369781494141e+00,2.388023138046264648e-01,9.742850065231323242e-01,1.975929439067840576e-01,2.435332775115966797e+00,-8.578273653984069824e-02,-4.153920412063598633e-01,1.250986754894256592e-02,2.352515421807765961e-02,2.646398246288299561e-01,3.499999940395355225e-01,-1.559610068798065186e-01,-2.673076391220092773e-01,9.917117655277252197e-02,-8.475997298955917358e-02,2.105330973863601685e-01,3.499999940395355225e-01,1.202998310327529907e-01
-5.322113633155822754e-02,5.933774262666702271e-02,6.062452197074890137e-01,6.127538084983825684e-01,-7.563649863004684448e-02,7.682526707649230957e-01,-1.691145002841949463e-01,0.000000000000000000e+00,0.000000000000000000e+00,3.016826510429382324e-01,-1.040605068206787109e+00,-1.682497560977935791e-01,-2.145204544067382812e+00,2.250134497880935669e-01,9.779835939407348633e-01,1.971059590578079224e-01,2.422596454620361328e+00,-8.312577009201049805e-02,-4.083171784877777100e-01,1.246777642518281937e-02,4.238913767039775848e-03,2.807438075542449951e-01,3.499999940395355225e-01,-1.531493812799453735e-01,-2.902132272720336914e-01,1.025919094681739807e-01,-8.941252529621124268e-02,2.576003074645996094e-01,3.499999940395355225e-01,1.192672252655029297e-01
-5.543383583426475525e-02,5.797845125198364258e-02,6.037167310714721680e-01,6.136372685432434082e-01,-7.903416454792022705e-02,7.673760056495666504e-01,-1.683358401060104370e-01,0.000000000000000000e+00,0.000000000000000000e+00,3.045170307159423828e-01,-1.039432644844055176e+00,-1.866786181926727295e-01,-2.134019136428833008e+00,2.253664731979370117e-01,9.931263923645019531e-01,2.044801712036132812e-01,2.403233051300048828e+00,-7.914697378873825073e-02,-3.996365964412689209e-01,1.165996212512254715e-02,-1.195779163390398026e-02,2.857185006141662598e-01,3.499999940395355225e-01,-1.623920351266860962e-01,-3.118976950645446777e-01,1.049105003476142883e-01,-8.914714306592941284e-02,3.036413490772247314e-01,3.499999940395355225e-01,1.141299083828926086e-01
-5.728499591350555420e-02,5.719476938247680664e-02,6.013210415840148926e-01,6.130198240280151367e-01,-8.408629894256591797e-02,7.667909860610961914e-01,-1.707856953144073486e-01,0.000000000000000000e+00,0.000000000000000000e+00,3.060371279716491699e-01,-1.036883831024169922e+00,-1.980275064706802368e-01,-2.115127325057983398e+00,2.293403446674346924e-01,1.004802823066711426e+00,2.145426273345947266e-01,2.373082876205444336e+00,-7.336541265249252319e-02,-3.863431215286254883e-01,1.088670361787080765e-02,-2.467902936041355133e-02,2.731194198131561279e-01,3.499999940395355225e-01,-1.714032441377639771e-01,-3.252939879894256592e-01,1.053523048758506775e-01,-8.915658295154571533e-02,3.237873613834381104e-01,3.499999940395355225e-01,1.135389953851699829e-01
-5.903550982475280762e-02,5.654018372297286987e-02,6.011652946472167969e-01,6.124522686004638672e-01,-8.351691067218780518e-02,7.671980857849121094e-01,-1.712725311517715454e-01,0.000000000000000000e+00,0.000000000000000000e+00,3.098183870315551758e-01,-1.026738047599792480e+00,-1.931578963994979858e-01,-2.083511114120483398e+00,2.377098202705383301e-01,1.008741021156311035e+00,2.258321344852447510e-01,2.334320306777954102e+00,-6.694205850362777710e-02,-3.696132004261016846e-01,8.406792767345905304e-03,-3.726151585578918457e-02,2.504059970378875732e-01,3.499999940395355225e-01,-1.813665181398391724e-01,-3.237293958663940430e-01,1.085084527730941772e-01,-7.636867463588714600e-02,3.050833046436309814e-01,3.499999940395355225e-01,1.170122623443603516e-01
-6.061821803450584412e-02,5.637416988611221313e-02,6.006250977516174316e-01,6.128062009811401367e-01,-8.253843337297439575e-02,7.666626572608947754e-01,-1.728709042072296143e-01,0.000000000000000000e+00,0.000000000000000000e+00,3.123807907104492188e-01,-1.023783087730407715e+00,-1.792935281991958618e-01,-2.041696310043334961e+00,2.474731057882308960e-01,1.005687117576599121e+00,2.289110869169235229e-01,2.284828901290893555e+00,-5.732565373182296753e-02,-3.451724350452423096e-01,4.173653665930032730e-03,-4.983625560998916626e-02,2.214854508638381958e-01,3.499999940395355225e-01,-1.855366975069046021e-01,-3.088668286800384521e-01,1.095096096396446228e-01,-6.972960382699966431e-02,2.549860179424285889e-01,3.499999940395355225e-01,1.209883615374565125e-01
-6.205304712057113647e-02,5.672827735543251038e-02,6.004384160041809082e-01,6.122599244117736816e-01,-8.056095987558364868e-02,7.665379643440246582e-01,-1.762591600418090820e-01,0.000000000000000000e+00,0.000000000000000000e+00,3.149737715721130371e-01,-1.025282263755798340e+00,-1.688077449798583984e-01,-1.992115974426269531e+00,2.534218728542327881e-01,1.000306844711303711e+00,2.355969101190567017e-01,2.240751981735229492e+00,-4.318130388855934143e-02,-3.270088434219360352e-01,-9.861729340627789497e-04,-6.509346514940261841e-02,1.989020556211471558e-01,3.499999940395355225e-01,-1.915592253208160400e-01,-2.941603660583496094e-01,1.081240326166152954e-01,-6.782145798206329346e-02,1.963203400373458862e-01,3.499999940395355225e-01,1.228822991251945496e-01
-6.314851343631744385e-02,5.669699236750602722e-02,5.998753905296325684e-01,6.126779913902282715e-01,-7.524417340755462646e-02,7.669781446456909180e-01,-1.752384305000305176e-01,0.000000000000000000e+00,0.000000000000000000e+00,3.141933083534240723e-01,-1.019365549087524414e+00,-1.382619142532348633e-01,-1.923359513282775879e+00,2.678501009941101074e-01,9.899932742118835449e-01,2.412712424993515015e-01,2.180234193801879883e+00,-2.418909221887588501e-02,-3.080024123191833496e-01,-6.582358386367559433e-03,-7.852219045162200928e-02,1.717167645692825317e-01,3.499999940395355225e-01,-1.938317120075225830e-01,-2.756996452808380127e-01,1.083960384130477905e-01,-5.927855148911476135e-02,1.404689997434616089e-01,3.492045104503631592e-01,1.246990188956260681e-01
-6.390622258186340332e-02,5.683296918869018555e-02,5.993207097053527832e-01,6.133103370666503906e-01,-7.058402150869369507e-02,7.671808600425720215e-01,-1.740742325782775879e-01,0.000000000000000000e+00,0.000000000000000000e+00,3.089616000652313232e-01,-1.019795775413513184e+00,-1.013236865401268005e-01,-1.842694997787475586e+00,2.769012749195098877e-01,9.785131216049194336e-01,2.533099949359893799e-01,2.114292144775390625e+00,-8.573194034397602081e-03,-2.949201762676239014e-01,-8.458815515041351318e-03,-9.012861549854278564e-02,1.524428725242614746e-01,3.499999940395355225e-01,-1.948606371879577637e-01,-2.633522748947143555e-01,1.082225367426872253e-01,-5.542604625225067139e-02,1.023966148495674133e-01,3.347135484218597412e-01,1.273559778928756714e-01
-6.448154151439666748e-02,5.689173191785812378e-02,5.990442633628845215e-01,6.127120852470397949e-01,-6.375521421432495117e-02,7.690283656120300293e-01,-1.706298887729644775e-01,0.000000000000000000e+00,0.000000000000000000e+00,3.015760779380798340e-01,-1.023355007171630859e+00,-6.927233934402465820e-02,-1.753428816795349121e+00,2.832760214805603027e-01,9.767067432403564453e-01,2.620491385459899902e-01,2.039878606796264648e+00,1.601929776370525360e-03,-2.899050712585449219e-01,-9.683780372142791748e-03,-9.641416370868682861e-02,1.437254697084426880e-01,3.499999940395355225e-01,-1.945900917053222656e-01,-2.557646334171295166e-01,1.094103753566741943e-01,-5.163659155368804932e-02,7.781179994344711304e-02,3.283506929874420166e-01,1.297060400247573853e-01
-6.519163399934768677e-02,5.814612284302711487e-02,6.002023816108703613e-01,6.137497425079345703e-01,-6.837754696607589722e-02,7.668566107749938965e-01,-1.748332381248474121e-01,0.000000000000000000e+00,0.000000000000000000e+00,2.860306203365325928e-01,-1.037703394889831543e+00,-2.201858907938003540e-02,-1.632047891616821289e+00,2.926336526870727539e-01,9.827355146408081055e-01,2.860896289348602295e-01,1.905454158782958984e+00,9.165666066110134125e-03,-2.789060771465301514e-01,-8.332946337759494781e-03,-1.094991564750671387e-01,1.293812692165374756e-01,3.499999940395355225e-01,-1.983880698680877686e-01,-2.435337156057357788e-01,1.110838502645492554e-01,-5.274033546447753906e-02,5.864352732896804810e-02,3.204647600650787354e-01,1.275039315223693848e-01
-6.564448028802871704e-02,5.902299657464027405e-02,6.053228378295898438e-01,6.117500662803649902e-01,-6.537698209285736084e-02,7.690550684928894043e-01,-1.733264178037643433e-01,0.000000000000000000e+00,0.000000000000000000e+00,2.699606418609619141e-01,-1.055511593818664551e+00,1.411188300698995590e-02,-1.507489919662475586e+00,2.936907410621643066e-01,1.000753879547119141e+00,3.020691573619842529e-01,1.758463025093078613e+00,1.392301265150308609e-02,-2.733811736106872559e-01,-7.718220818787813187e-03,-1.154280602931976318e-01,1.233296543359756470e-01,3.499999940395355225e-01,-1.956481337547302246e-01,-2.363134175539016724e-01,1.136705055832862854e-01,-5.411905050277709961e-02,4.692183062434196472e-02,3.098519146442413330e-01,1.301580369472503662e-01
-6.633813679218292236e-02,6.084564328193664551e-02,6.096299290657043457e-01,6.101006269454956055e-01,-6.648343801498413086e-02,7.696136832237243652e-01,-1.762156784534454346e-01,0.000000000000000000e+00,0.000000000000000000e+00,2.517088651657104492e-01,-1.082092523574829102e+00,4.670348763465881348e-02,-1.378690958023071289e+00,2.871289849281311035e-01,1.024245619773864746e+00,3.235515356063842773e-01,1.578210115432739258e+00,2.194849960505962372e-02,-2.682510912418365479e-01,-7.503497414290904999e-03,-1.233910620212554932e-01,1.147406697273254395e-01,3.499999940395355225e-01,-1.979691386222839355e-01,-2.300409525632858276e-01,1.153938472270965576e-01,-5.660166591405868530e-02,3.663284704089164734e-02,2.974479496479034424e-01,1.318263858556747437e-01
-6.721749901771545410e-02,6.313241273164749146e-02,6.141454577445983887e-01,6.087148785591125488e-01,-6.716176122426986694e-02,7.698151469230651855e-01,-1.798337548971176147e-01,0.000000000000000000e+00,0.000000000000000000e+00,2.279015183448791504e-01,-1.106671333312988281e+00,9.118942916393280029e-02,-1.225098967552185059e+00,2.757169902324676514e-01,1.057295441627502441e+00,3.390912115573883057e-01,1.377167344093322754e+00,2.711237780749797821e-02,-2.609211504459381104e-01,-7.253367453813552856e-03,-1.326604634523391724e-01,1.036587953567504883e-01,3.499999940395355225e-01,-1.990820318460464478e-01,-2.228436917066574097e-01,1.168427839875221252e-01,-5.745535343885421753e-02,2.826233580708503723e-02,2.894958257675170898e-01,1.311929374933242798e-01
-6.818138062953948975e-02,6.557416170835494995e-02,6.192004680633544922e-01,6.075333952903747559e-01,-6.574390828609466553e-02,7.701783776283264160e-01,-1.827736645936965942e-01,0.000000000000000000e+00,0.000000000000000000e+00,1.947357207536697388e-01,-1.131723642349243164e+00,1.495225876569747925e-01,-1.042695999145507812e+00,2.534920871257781982e-01,1.094519376754760742e+00,3.515543639659881592e-01,1.166625380516052246e+00,3.191268444061279297e-02,-2.512648999691009521e-01,-7.869510911405086517e-03,-1.437438577413558960e-01,9.226942062377929688e-02,3.499999940395355225e-01,-1.989450603723526001e-01,-2.158429771661758423e-01,1.187352612614631653e-01,-5.447494611144065857e-02,2.202928625047206879e-02,2.781769037246704102e-01,1.301017403602600098e-01
-6.899546831846237183e-02,6.755461543798446655e-02,6.242721080780029297e-01,6.060209870338439941e-01,-6.252209842205047607e-02,7.715314626693725586e-01,-1.832179129123687744e-01,0.000000000000000000e+00,0.000000000000000000e+00,1.675469279289245605e-01,-1.157457590103149414e+00,2.044814229011535645e-01,-8.586221933364868164e-01,2.336635589599609375e-01,1.126023054122924805e+00,3.580809235572814941e-01,9.728696346282958984e-01,3.588036075234413147e-02,-2.439361363649368286e-01,-6.863662507385015488e-03,-1.497520208358764648e-01,8.479695022106170654e-02,3.499999940395355225e-01,-1.981697678565979004e-01,-2.104507237672805786e-01,1.211196631193161011e-01,-5.410560965538024902e-02,1.629076525568962097e-02,2.649522125720977783e-01,1.290753781795501709e-01
-6.969254463911056519e-02,6.949863582849502563e-02,6.288447976112365723e-01,6.041637659072875977e-01,-6.172332540154457092e-02,7.725641131401062012e-01,-1.852592676877975464e-01,0.000000000000000000e+00,0.000000000000000000e+00,1.422834694385528564e-01,-1.184081077575683594e+00,2.498596310615539551e-01,-6.819807887077331543e-01,2.132280915975570679e-01,1.150045633316040039e+00,3.608415424823760986e-01,8.010933399200439453e-01,3.892147168517112732e-02,-2.360330522060394287e-01,-4.596821498125791550e-03,-1.504471004009246826e-01,7.071147859096527100e-02,3.499999940395355225e-01,-1.989162117242813110e-01,-2.052244096994400024e-01,1.224126964807510376e-01,-5.646856129169464111e-02,9.204673580825328827e-03,2.541779875755310059e-01,1.265417188405990601e-01
-7.020522654056549072e-02,7.104609906673431396e-02,6.310065388679504395e-01,6.028550863265991211e-01,-6.352695822715759277e-02,7.728313207626342773e-01,-1.877812445163726807e-01,0.000000000000000000e+00,0.000000000000000000e+00,1.273900568485260010e-01,-1.205615878105163574e+00,2.813511490821838379e-01,-5.428606867790222168e-01,1.971075683832168579e-01,1.167285442352294922e+00,3.558911681175231934e-01,6.752501130104064941e-01,4.219064861536026001e-02,-2.311200946569442749e-01,-1.098867855034768581e-03,-1.478042602539062500e-01,5.544197559356689453e-02,3.499999940395355225e-01,-1.999415010213851929e-01,-2.034523636102676392e-01,1.241374090313911438e-01,-6.499438732862472534e-02,2.376824850216507912e-03,2.410871535539627075e-01,1.236590296030044556e-01
-7.052966952323913574e-02,7.208579778671264648e-02,6.347223520278930664e-01,6.006551384925842285e-01,-6.212054938077926636e-02,7.745046019554138184e-01,-1.884066015481948853e-01,0.000000000000000000e+00,0.000000000000000000e+00,1.172200441360473633e-01,-1.219479799270629883e+00,3.010783195495605469e-01,-4.475884437561035156e-01,1.847839206457138062e-01,1.177720785140991211e+00,3.527973890304565430e-01,5.893952250480651855e-01,4.305704310536384583e-02,-2.274856120347976685e-01,2.081841957988217473e-04,-1.442814320325851440e-01,4.776174947619438171e-02,3.499999940395355225e-01,-1.995379477739334106e-01,-2.034240514039993286e-01,1.242305189371109009e-01,-6.964375078678131104e-02,1.753869582898914814e-07,2.312134355306625366e-01,1.198896765708923340e-01
-7.063772529363632202e-02,7.206499576568603516e-02,6.331477761268615723e-01,6.012341976165771484e-01,-6.065880879759788513e-02,7.749956250190734863e-01,-1.849857121706008911e-01,0.000000000000000000e+00,0.000000000000000000e+00,1.159349009394645691e-01,-1.223841786384582520e+00,3.072673082351684570e-01,-4.098407626152038574e-01,1.804360896348953247e-01,1.178485035896301270e+00,3.527819812297821045e-01,5.616322755813598633e-01,4.647756367921829224e-02,-2.244992107152938843e-01,4.612711258232593536e-03,-1.394745707511901855e-01,3.698284551501274109e-02,3.499999940395355225e-01,-1.906471699476242065e-01,-2.048357278108596802e-01,1.241989210247993469e-01,-8.070370554924011230e-02,1.936478497555071954e-07,2.237962484359741211e-01,1.213693246245384216e-01
-7.068912684917449951e-02,7.927943766117095947e-02,6.411436200141906738e-01,5.729429125785827637e-01,-6.254361569881439209e-02,7.853204011917114258e-01,-2.260455936193466187e-01,0.000000000000000000e+00,0.000000000000000000e+00,1.042466685175895691e-01,-1.226576089859008789e+00,2.955262064933776855e-01,-3.732401430606842041e-01,1.609481126070022583e-01,1.186027646064758301e+00,3.382793664932250977e-01,5.171890854835510254e-01,4.925385490059852600e-02,-2.127787321805953979e-01,2.715144772082567215e-03,-1.352521777153015137e-01,2.269767411053180695e-02,3.499999940395355225e-01,-1.770439893007278442e-01,-1.978587359189987183e-01,1.184499636292457581e-01,-8.258061856031417847e-02,5.660231181536801159e-07,2.142981141805648804e-01,1.117544025182723999e-01
-7.171362638473510742e-02,8.613868057727813721e-02,6.494885087013244629e-01,5.435456633567810059e-01,-6.335834413766860962e-02,7.933062911033630371e-01,-2.668500542640686035e-01,0.000000000000000000e+00,0.000000000000000000e+00,1.015597581863403320e-01,-1.227657318115234375e+00,2.785880565643310547e-01,-3.496466577053070068e-01,1.502573639154434204e-01,1.190355658531188965e+00,3.166068494319915771e-01,4.825450181961059570e-01,4.933779686689376831e-02,-1.984686255455017090e-01,7.716527325101196766e-04,-1.287376880645751953e-01,7.318393327295780182e-03,3.499999940395355225e-01,-1.631981581449508667e-01,-1.895002275705337524e-01,1.126576140522956848e-01,-8.195801824331283569e-02,4.859430191572755575e-07,2.052183151245117188e-01,1.021582782268524170e-01
-7.364381104707717896e-02,9.248176962137222290e-02,6.581717729568481445e-01,5.127139091491699219e-01,-6.321512162685394287e-02,7.993423342704772949e-01,-3.068878948688507080e-01,0.000000000000000000e+00,0.000000000000000000e+00,9.948813915252685547e-02,-1.228593111038208008e+00,2.605874836444854736e-01,-3.271482884883880615e-01,1.406339257955551147e-01,1.194173932075500488e+00,2.942673563957214355e-01,4.489888548851013184e-01,4.893957450985908508e-02,-1.880219876766204834e-01,-1.872703083790838718e-03,-1.217759773135185242e-01,2.852839600109291496e-07,3.463469147682189941e-01,-1.491891890764236450e-01,-1.809275150299072266e-01,1.068567857146263123e-01,-8.062346279621124268e-02,4.131285891162406188e-07,1.962943822145462036e-01,9.256962686777114868e-02
-7.650884240865707397e-02,9.817275404930114746e-02,6.672611236572265625e-01,4.803777933120727539e-01,-6.201907992362976074e-02,8.035315275192260742e-01,-3.460172414779663086e-01,0.000000000000000000e+00,0.000000000000000000e+00,9.725683182477951050e-02,-1.229807257652282715e+00,2.420320063829421997e-01,-3.046860098838806152e-01,1.313948780298233032e-01,1.197490334510803223e+00,2.717558741569519043e-01,4.156510829925537109e-01,4.492537304759025574e-02,-1.788695156574249268e-01,-4.529321566224098206e-03,-1.112546771764755249e-01,2.342016074408093118e-07,3.260110318660736084e-01,-1.350719332695007324e-01,-1.723804473876953125e-01,1.013623252511024475e-01,-7.549383491277694702e-02,3.645107824468141189e-07,1.878321766853332520e-01,8.291315287351608276e-02
-8.020755648612976074e-02,1.030287444591522217e-01,6.766628623008728027e-01,4.460139572620391846e-01,-6.038811802864074707e-02,8.063410520553588867e-01,-3.837172091007232666e-01,0.000000000000000000e+00,0.000000000000000000e+00,9.067492932081222534e-02,-1.230249762535095215e+00,2.224101275205612183e-01,-2.794997096061706543e-01,1.182040274143218994e-01,1.201389431953430176e+00,2.516416609287261963e-01,3.809906542301177979e-01,4.160090908408164978e-02,-1.716025322675704956e-01,-6.965509615838527679e-03,-1.010748520493507385e-01,4.028312559967162088e-06,3.057688176631927490e-01,-1.208624765276908875e-01,-1.657781153917312622e-01,9.614469856023788452e-02,-7.043143361806869507e-02,6.387451776390662417e-06,1.794523894786834717e-01,7.326003909111022949e-02
-8.487900346517562866e-02,1.073210611939430237e-01,6.859245896339416504e-01,4.110483229160308838e-01,-5.746491998434066772e-02,8.067387938499450684e-01,-4.206061661243438721e-01,0.000000000000000000e+00,0.000000000000000000e+00,8.800689131021499634e-02,-1.231577277183532715e+00,2.034137099981307983e-01,-2.565841376781463623e-01,1.096799522638320923e-01,1.204337239265441895e+00,2.286469340324401855e-01,3.473902046680450439e-01,3.755527362227439880e-02,-1.619751304388046265e-01,-9.982002899050712585e-03,-9.073122590780258179e-02,3.515850039548240602e-06,2.853759527206420898e-01,-1.064884066581726074e-01,-1.570046395063400269e-01,9.041353315114974976e-02,-6.494646519422531128e-02,5.586783572653075680e-06,1.711184531450271606e-01,6.361732631921768188e-02
-9.040554612874984741e-02,1.108344346284866333e-01,6.951230168342590332e-01,3.748309910297393799e-01,-5.372197553515434265e-02,8.053208589553833008e-01,-4.561513066291809082e-01,0.000000000000000000e+00,0.000000000000000000e+00,8.513105660676956177e-02,-1.232833504676818848e+00,1.839472800493240356e-01,-2.337210476398468018e-01,1.015298143029212952e-01,1.207075238227844238e+00,2.054267376661300659e-01,3.140635192394256592e-01,3.363811969757080078e-02,-1.522647440433502197e-01,-1.317266002297401428e-02,-8.060811460018157959e-02,3.145914433844154701e-06,2.649853825569152832e-01,-9.198649227619171143e-02,-1.482425928115844727e-01,8.457431197166442871e-02,-5.940232425928115845e-02,4.881777385890018195e-06,1.628305464982986450e-01,5.398270115256309509e-02
-9.674512594938278198e-02,1.135318055748939514e-01,7.041485309600830078e-01,3.374393284320831299e-01,-4.919850826263427734e-02,8.021151423454284668e-01,-4.902300834655761719e-01,0.000000000000000000e+00,0.000000000000000000e+00,8.193559944629669189e-02,-1.234028577804565430e+00,1.641032695770263672e-01,-2.107232511043548584e-01,9.362291544675827026e-02,1.209652662277221680e+00,1.820929944515228271e-01,2.807906270027160645e-01,2.988297492265701294e-02,-1.424832493066787720e-01,-1.653662696480751038e-02,-7.074999809265136719e-02,2.945131200249306858e-06,2.446086257696151733e-01,-7.735390961170196533e-02,-1.394935250282287598e-01,7.863048464059829712e-02,-5.383708328008651733e-02,4.293775418773293495e-06,1.545834392309188843e-01,4.435492306947708130e-02
-1.029020175337791443e-01,1.136042103171348572e-01,7.144914269447326660e-01,2.927181422710418701e-01,-5.044480413198471069e-02,8.012441396713256836e-01,-5.194027423858642578e-01,0.000000000000000000e+00,0.000000000000000000e+00,4.280569776892662048e-02,-1.217164516448974609e+00,1.375316232442855835e-01,-1.754751056432723999e-01,5.308911576867103577e-02,1.211473226547241211e+00,1.712748557329177856e-01,2.460391819477081299e-01,3.064306825399398804e-02,-1.560613065958023071e-01,-1.460849121212959290e-02,-6.118604540824890137e-02,4.325750749558210373e-03,2.227807193994522095e-01,-6.280928850173950195e-02,-1.547088474035263062e-01,7.836714386940002441e-02,-4.639135673642158508e-02,4.959333688020706177e-03,1.449600160121917725e-01,3.453118354082107544e-02
-1.108258590102195740e-01,1.147706210613250732e-01,7.226667404174804688e-01,2.539631426334381104e-01,-4.418056830763816833e-02,7.938126325607299805e-01,-5.508286952972412109e-01,0.000000000000000000e+00,0.000000000000000000e+00,4.021767526865005493e-02,-1.219558835029602051e+00,1.192178428173065186e-01,-1.500803530216217041e-01,4.700807109475135803e-02,1.213517904281616211e+00,1.472142785787582397e-01,2.098004668951034546e-01,2.650084160268306732e-02,-1.439379602670669556e-01,-1.891869865357875824e-02,-5.186907202005386353e-02,4.154513590037822723e-03,2.024453431367874146e-01,-4.781038314104080200e-02,-1.436977684497833252e-01,7.163769006729125977e-02,-4.107017442584037781e-02,4.637021571397781372e-03,1.368480026721954346e-01,2.478227391839027405e-02
-1.193829327821731567e-01,1.150692254304885864e-01,7.303536534309387207e-01,2.142730355262756348e-01,-3.716041520237922668e-02,7.847384810447692871e-01,-5.804236531257629395e-01,0.000000000000000000e+00,0.000000000000000000e+00,3.844748064875602722e-02,-1.221700549125671387e+00,9.979886561632156372e-02,-1.263070553541183472e-01,4.227768629789352417e-02,1.215094327926635742e+00,1.223018392920494080e-01,1.752888411283493042e-01,2.244751341640949249e-02,-1.317341923713684082e-01,-2.340381965041160583e-02,-4.275148734450340271e-02,3.997384104877710342e-03,1.821552217006683350e-01,-3.265838697552680969e-02,-1.326852887868881226e-01,6.480210274457931519e-02,-3.564039617776870728e-02,4.298699554055929184e-03,1.288372129201889038e-01,1.506792288273572922e-02
-1.284924000501632690e-01,1.144969314336776733e-01,7.374562025070190430e-01,1.737235337495803833e-01,-2.946987003087997437e-02,7.740771174430847168e-01,-6.080759167671203613e-01,0.000000000000000000e+00,0.000000000000000000e+00,3.642225265502929688e-02,-1.223661065101623535e+00,7.996287196874618530e-02,-1.025475561618804932e-01,3.783886134624481201e-02,1.216463804244995117e+00,9.729104489088058472e-02,1.409849524497985840e-01,1.854801736772060394e-02,-1.195375472307205200e-01,-2.804171293973922729e-02,-3.390523791313171387e-02,3.884802572429180145e-03,1.618727743625640869e-01,-1.735967583954334259e-02,-1.217436864972114563e-01,5.788387358188629150e-02,-3.016536124050617218e-02,3.975741565227508545e-03,1.208598613739013672e-01,5.376752000302076340e-03
-1.380697637796401978e-01,1.130649149417877197e-01,7.438805699348449707e-01,1.324090510606765747e-01,-2.117417007684707642e-02,7.618746161460876465e-01,-6.336928009986877441e-01,0.000000000000000000e+00,0.000000000000000000e+00,3.406015783548355103e-02,-1.225438833236694336e+00,5.978018790483474731e-02,-7.866440713405609131e-02,3.361507877707481384e-02,1.217648744583129883e+00,7.224749028682708740e-02,1.067549437284469604e-01,1.480394788086414337e-02,-1.073519438505172729e-01,-3.282894566655158997e-02,-2.534431219100952148e-02,3.820705693215131760e-03,1.416009664535522461e-01,-1.911012106575071812e-03,-1.108722090721130371e-01,5.088831856846809387e-02,-2.465354278683662415e-02,3.670392790809273720e-03,1.129120960831642151e-01,-4.293169360607862473e-03
-1.480244398117065430e-01,1.107947230339050293e-01,7.495399117469787598e-01,9.042888134717941284e-02,-1.233946066349744797e-02,7.481794953346252441e-01,-6.571893095970153809e-01,0.000000000000000000e+00,0.000000000000000000e+00,3.136262670159339905e-02,-1.227023243904113770e+00,3.926261886954307556e-02,-5.464153364300727844e-02,2.960769645869731903e-02,1.218655347824096680e+00,4.719057306647300720e-02,7.257983833551406860e-02,1.121193263679742813e-02,-9.517435729503631592e-02,-3.776206448674201965e-02,-1.707655191421508789e-02,3.808627370744943619e-03,1.213419288396835327e-01,1.369139924645423889e-02,-1.000650227069854736e-01,4.382009059190750122e-02,-1.910794340074062347e-02,3.384397365152835846e-03,1.049917414784431458e-01,-1.394332293421030045e-02
-1.582609266042709351e-01,1.077179610729217529e-01,7.543555498123168945e-01,4.788541793823242188e-02,-3.033432876691222191e-03,7.330427169799804688e-01,-6.784881949424743652e-01,0.000000000000000000e+00,0.000000000000000000e+00,2.833924815058708191e-02,-1.228404760360717773e+00,1.841948367655277252e-02,-3.047164343297481537e-02,2.582526206970214844e-02,1.219488143920898438e+00,2.213532291352748871e-02,3.844804316759109497e-02,7.767130155116319656e-03,-8.299941569566726685e-02,-4.283925145864486694e-02,-9.108169004321098328e-03,3.850697772577404976e-03,1.010988131165504456e-01,2.945240586996078491e-02,-8.931492269039154053e-02,3.668293729424476624e-02,-1.353067625313997269e-02,3.120197681710124016e-03,9.709563106298446655e-02,-2.357533946633338928e-02
-1.686798930168151855e-01,1.038695722818374634e-01,7.582638263702392578e-01,4.853078629821538925e-03,6.644567009061574936e-03,7.165176868438720703e-01,-6.975203752517700195e-01,0.000000000000000000e+00,0.000000000000000000e+00,2.495185099542140961e-02,-1.229573845863342285e+00,-2.744281664490699768e-03,-6.167901679873466492e-03,2.222836390137672424e-02,1.220150947570800781e+00,-2.911217045038938522e-03,4.367989487946033478e-03,4.463593475520610809e-03,-7.120609283447265625e-02,-4.805848002433776855e-02,-1.423439709469676018e-03,4.502555355429649353e-03,8.054929226636886597e-02,4.537635296583175659e-02,-7.894168049097061157e-02,2.947677671909332275e-02,-7.931021042168140411e-03,3.326395992189645767e-03,8.895529061555862427e-02,-3.319033980369567871e-02
-1.686800122261047363e-01,1.038688346743583679e-01,7.582644820213317871e-01,4.848621319979429245e-03,6.643146276473999023e-03,7.165141701698303223e-01,-6.975240707397460938e-01,0.000000000000000000e+00,0.000000000000000000e+00,2.483856864273548126e-02,-1.229600310325622559e+00,-2.763287164270877838e-03,-5.948181264102458954e-03,2.199022844433784485e-02,1.220159053802490234e+00,-2.891198964789509773e-03,3.931953106075525284e-03,4.218251444399356842e-03,-7.121621817350387573e-02,-4.804510623216629028e-02,-1.171683892607688904e-03,4.561803769320249557e-03,8.044722676277160645e-02,4.540198668837547302e-02,-7.897711545228958130e-02,2.949199080467224121e-02,-7.679317612200975418e-03,3.310979576781392097e-03,8.901186287403106689e-02,-3.317545726895332336e-02
-1.686800271272659302e-01,1.038688048720359802e-01,7.582644820213317871e-01,4.848374519497156143e-03,6.643012631684541702e-03,7.165139913558959961e-01,-6.975242495536804199e-01,0.000000000000000000e+00,0.000000000000000000e+00,2.483220584690570831e-02,-1.229600310325622559e+00,-2.759887371212244034e-03,-5.938671063631772995e-03,2.197765000164508820e-02,1.220158815383911133e+00,-2.884787740185856819e-03,3.912077285349369049e-03,4.202350508421659470e-03,-7.121558487415313721e-02,-4.804409295320510864e-02,-1.155271776951849461e-03,4.563213791698217392e-03,8.044290542602539062e-02,4.540220648050308228e-02,-7.897973060607910156e-02,2.949313819408416748e-02,-7.662928197532892227e-03,3.310453612357378006e-03,8.901552855968475342e-02,-3.317527845501899719e-02
-1.686800271272659302e-01,1.038688048720359802e-01,7.582644820213317871e-01,4.848361946642398834e-03,6.643007043749094009e-03,7.165139913558959961e-01,-6.975242495536804199e-01,0.000000000000000000e+00,0.000000000000000000e+00,2.483187429606914520e-02,-1.229600310325622559e+00,-2.759674331173300743e-03,-5.938189569860696793e-03,2.197701111435890198e-02,1.220158815383911133e+00,-2.884428016841411591e-03,3.911079838871955872e-03,4.201327450573444366e-03,-7.121551036834716797e-02,-4.804402589797973633e-02,-1.154217170551419258e-03,4.563265945762395859e-03,8.044265210628509521e-02,4.540221765637397766e-02,-7.897988706827163696e-02,2.949321083724498749e-02,-7.661873940378427505e-03,3.310424275696277618e-03,8.901575952768325806e-02,-3.317527100443840027e-02
-1.686800271272659302e-01,1.038688048720359802e-01,7.582644820213317871e-01,4.848361015319824219e-03,6.643006578087806702e-03,7.165139913558959961e-01,-6.975242495536804199e-01,0.000000000000000000e+00,0.000000000000000000e+00,2.483185753226280212e-02,-1.229600310325622559e+00,-2.759662689641118050e-03,-5.938164889812469482e-03,2.197697944939136505e-02,1.220158815383911133e+00,-2.884409856051206589e-03,3.911029081791639328e-03,4.201261792331933975e-03,-7.121551036834716797e-02,-4.804402217268943787e-02,-1.154149533249437809e-03,4.563268739730119705e-03,8.044263720512390137e-02,4.540221765637397766e-02,-7.897990196943283081e-02,2.949321642518043518e-02,-7.661806419491767883e-03,3.310422413051128387e-03,8.901577442884445190e-02,-3.317527100443840027e-02
-1.686800271272659302e-01,1.038688048720359802e-01,7.582644820213317871e-01,4.848361015319824219e-03,6.643006578087806702e-03,7.165139913558959961e-01,-6.975242495536804199e-01,0.000000000000000000e+00,0.000000000000000000e+00,2.483185753226280212e-02,-1.229600310325622559e+00,-2.759661991149187088e-03,-5.938163492828607559e-03,2.197697758674621582e-02,1.220158815383911133e+00,-2.884408924728631973e-03,3.911026287823915482e-03,4.201257601380348206e-03,-7.121551036834716797e-02,-4.804402217268943787e-02,-1.154145225882530212e-03,4.563268739730119705e-03,8.044263720512390137e-02,4.540221765637397766e-02,-7.897990196943283081e-02,2.949321642518043518e-02,-7.661802228540182114e-03,3.310422180220484734e-03,8.901577442884445190e-02,-3.317527100443840027e-02
-1.686800271272659302e-01,1.038688048720359802e-01,7.582644820213317871e-01,4.848361015319824219e-03,6.643006578087806702e-03,7.165139913558959961e-01,-6.975242495536804199e-01,0.000000000000000000e+00,0.000000000000000000e+00,2.483185753226280212e-02,-1.229600310325622559e+00,-2.759661991149187088e-03,-5.938163492828607559e-03,2.197697758674621582e-02,1.220158815383911133e+00,-2.884408924728631973e-03,3.911026287823915482e-03,4.201257135719060898e-03,-7.121551036834716797e-02,-4.804402217268943787e-02,-1.154144993051886559e-03,4.563268739730119705e-03,8.044263720512390137e-02,4.540221765637397766e-02,-7.897990196943283081e-02,2.949321642518043518e-02,-7.661801762878894806e-03,3.310422180220484734e-03,8.901577442884445190e-02,-3.317527100443840027e-02
-1.686800271272659302e-01,1.038688048720359802e-01,7.582644820213317871e-01,4.848361015319824219e-03,6.643006578087806702e-03,7.165139913558959961e-01,-6.975242495536804199e-01,0.000000000000000000e+00,0.000000000000000000e+00,2.483185753226280212e-02,-1.229600310325622559e+00,-2.759661991149187088e-03,-5.938163492828607559e-03,2.197697758674621582e-02,1.220158815383911133e+00,-2.884408924728631973e-03,3.911026287823915482e-03,4.201257135719060898e-03,-7.121551036834716797e-02,-4.804402217268943787e-02,-1.154144993051886559e-03,4.563268739730119705e-03,8.044263720512390137e-02,4.540221765637397766e-02,-7.897990196943283081e-02,2.949321642518043518e-02,-7.661801762878894806e-03,3.310422180220484734e-03,8.901577442884445190e-02,-3.317527100443840027e-02
-1.686800271272659302e-01,1.038688048720359802e-01,7.582644820213317871e-01,4.848361015319824219e-03,6.643006578087806702e-03,7.165139913558959961e-01,-6.975242495536804199e-01,0.000000000000000000e+00,0.000000000000000000e+00,2.483185753226280212e-02,-1.229600310325622559e+00,-2.759661991149187088e-03,-5.938163492828607559e-03,2.197697758674621582e-02,1.220158815383911133e+00,-2.884408924728631973e-03,3.911026287823915482e-03,4.201257135719060898e-03,-7.121551036834716797e-02,-4.804402217268943787e-02,-1.154144993051886559e-03,4.563268739730119705e-03,8.044263720512390137e-02,4.540221765637397766e-02,-7.897990196943283081e-02,2.949321642518043518e-02,-7.661801762878894806e-03,3.310422180220484734e-03,8.901577442884445190e-02,-3.317527100443840027e-02
-1.686800271272659302e-01,1.038688048720359802e-01,7.582644820213317871e-01,4.848361015319824219e-03,6.643006578087806702e-03,7.165139913558959961e-01,-6.975242495536804199e-01,0.000000000000000000e+00,0.000000000000000000e+00,2.483185753226280212e-02,-1.229600310325622559e+00,-2.759661991149187088e-03,-5.938163492828607559e-03,2.197697758674621582e-02,1.220158815383911133e+00,-2.884408924728631973e-03,3.911026287823915482e-03,4.201257135719060898e-03,-7.121551036834716797e-02,-4.804402217268943787e-02,-1.154144993051886559e-03,4.563268739730119705e-03,8.044263720512390137e-02,4.540221765637397766e-02,-7.897990196943283081e-02,2.949321642518043518e-02,-7.661801762878894806e-03,3.310422180220484734e-03,8.901577442884445190e-02,-3.317527100443840027e-02
-1.686800271272659302e-01,1.038688048720359802e-01,7.582644820213317871e-01,4.848361015319824219e-03,6.643006578087806702e-03,7.165139913558959961e-01,-6.975242495536804199e-01,0.000000000000000000e+00,0.000000000000000000e+00,2.483185753226280212e-02,-1.229600310325622559e+00,-2.759661991149187088e-03,-5.938163492828607559e-03,2.197697758674621582e-02,1.220158815383911133e+00,-2.884408924728631973e-03,3.911026287823915482e-03,4.201257135719060898e-03,-7.121551036834716797e-02,-4.804402217268943787e-02,-1.154144993051886559e-03,4.563268739730119705e-03,8.044263720512390137e-02,4.540221765637397766e-02,-7.897990196943283081e-02,2.949321642518043518e-02,-7.661801762878894806e-03,3.310422180220484734e-03,8.901577442884445190e-02,-3.317527100443840027e-02
-1.686800271272659302e-01,1.038688048720359802e-01,7.582644820213317871e-01,4.848361015319824219e-03,6.643006578087806702e-03,7.165139913558959961e-01,-6.975242495536804199e-01,0.000000000000000000e+00,0.000000000000000000e+00,2.483185753226280212e-02,-1.229600310325622559e+00,-2.759661991149187088e-03,-5.938163492828607559e-03,2.197697758674621582e-02,1.220158815383911133e+00,-2.884408924728631973e-03,3.911026287823915482e-03,4.201257135719060898e-03,-7.121551036834716797e-02,-4.804402217268943787e-02,-1.154144993051886559e-03,4.563268739730119705e-03,8.044263720512390137e-02,4.540221765637397766e-02,-7.897990196943283081e-02,2.949321642518043518e-02,-7.661801762878894806e-03,3.310422180220484734e-03,8.901577442884445190e-02,-3.317527100443840027e-02
-1.686800271272659302e-01,1.038688048720359802e-01,7.582644820213317871e-01,4.848361015319824219e-03,6.643006578087806702e-03,7.165139913558959961e-01,-6.975242495536804199e-01,0.000000000000000000e+00,0.000000000000000000e+00,2.483185753226280212e-02,-1.229600310325622559e+00,-2.759661991149187088e-03,-5.938163492828607559e-03,2.197697758674621582e-02,1.220158815383911133e+00,-2.884408924728631973e-03,3.911026287823915482e-03,4.201257135719060898e-03,-7.121551036834716797e-02,-4.804402217268943787e-02,-1.154144993051886559e-03,4.563268739730119705e-03,8.044263720512390137e-02,4.540221765637397766e-02,-7.897990196943283081e-02,2.949321642518043518e-02,-7.661801762878894806e-03,3.310422180220484734e-03,8.901577442884445190e-02,-3.317527100443840027e-02
-1.686800271272659302e-01,1.038688048720359802e-01,7.582644820213317871e-01,4.848361015319824219e-03,6.643006578087806702e-03,7.165139913558959961e-01,-6.975242495536804199e-01,0.000000000000000000e+00,0.000000000000000000e+00,2.483185753226280212e-02,-1.229600310325622559e+00,-2.759661991149187088e-03,-5.938163492828607559e-03,2.197697758674621582e-02,1.220158815383911133e+00,-2.884408924728631973e-03,3.911026287823915482e-03,4.201257135719060898e-03,-7.121551036834716797e-02,-4.804402217268943787e-02,-1.154144993051886559e-03,4.563268739730119705e-03,8.044263720512390137e-02,4.540221765637397766e-02,-7.897990196943283081e-02,2.949321642518043518e-02,-7.661801762878894806e-03,3.310422180220484734e-03,8.901577442884445190e-02,-3.317527100443840027e-02
-1.686800271272659302e-01,1.038688048720359802e-01,7.582644820213317871e-01,4.848361015319824219e-03,6.643006578087806702e-03,7.165139913558959961e-01,-6.975242495536804199e-01,0.000000000000000000e+00,0.000000000000000000e+00,2.483185753226280212e-02,-1.229600310325622559e+00,-2.759661991149187088e-03,-5.938163492828607559e-03,2.197697758674621582e-02,1.220158815383911133e+00,-2.884408924728631973e-03,3.911026287823915482e-03,4.201257135719060898e-03,-7.121551036834716797e-02,-4.804402217268943787e-02,-1.154144993051886559e-03,4.563268739730119705e-03,8.044263720512390137e-02,4.540221765637397766e-02,-7.897990196943283081e-02,2.949321642518043518e-02,-7.661801762878894806e-03,3.310422180220484734e-03,8.901577442884445190e-02,-3.317527100443840027e-02
-1.686800271272659302e-01,1.038688048720359802e-01,7.582644820213317871e-01,4.848361015319824219e-03,6.643006578087806702e-03,7.165139913558959961e-01,-6.975242495536804199e-01,0.000000000000000000e+00,0.000000000000000000e+00,2.483185753226280212e-02,-1.229600310325622559e+00,-2.759661991149187088e-03,-5.938163492828607559e-03,2.197697758674621582e-02,1.220158815383911133e+00,-2.884408924728631973e-03,3.911026287823915482e-03,4.201257135719060898e-03,-7.121551036834716797e-02,-4.804402217268943787e-02,-1.154144993051886559e-03,4.563268739730119705e-03,8.044263720512390137e-02,4.540221765637397766e-02,-7.897990196943283081e-02,2.949321642518043518e-02,-7.661801762878894806e-03,3.310422180220484734e-03,8.901577442884445190e-02,-3.317527100443840027e-02
-1.686800271272659302e-01,1.038688048720359802e-01,7.582644820213317871e-01,4.848361015319824219e-03,6.643006578087806702e-03,7.165139913558959961e-01,-6.975242495536804199e-01,0.000000000000000000e+00,0.000000000000000000e+00,2.483185753226280212e-02,-1.229600310325622559e+00,-2.759661991149187088e-03,-5.938163492828607559e-03,2.197697758674621582e-02,1.220158815383911133e+00,-2.884408924728631973e-03,3.911026287823915482e-03,4.201257135719060898e-03,-7.121551036834716797e-02,-4.804402217268943787e-02,-1.154144993051886559e-03,4.563268739730119705e-03,8.044263720512390137e-02,4.540221765637397766e-02,-7.897990196943283081e-02,2.949321642518043518e-02,-7.661801762878894806e-03,3.310422180220484734e-03,8.901577442884445190e-02,-3.317527100443840027e-02
-1.686800271272659302e-01,1.038688048720359802e-01,7.582644820213317871e-01,4.848361015319824219e-03,6.643006578087806702e-03,7.165139913558959961e-01,-6.975242495536804199e-01,0.000000000000000000e+00,0.000000000000000000e+00,2.483185753226280212e-02,-1.229600310325622559e+00,-2.759661991149187088e-03,-5.938163492828607559e-03,2.197697758674621582e-02,1.220158815383911133e+00,-2.884408924728631973e-03,3.911026287823915482e-03,4.201257135719060898e-03,-7.121551036834716797e-02,-4.804402217268943787e-02,-1.154144993051886559e-03,4.563268739730119705e-03,8.044263720512390137e-02,4.540221765637397766e-02,-7.897990196943283081e-02,2.949321642518043518e-02,-7.661801762878894806e-03,3.310422180220484734e-03,8.901577442884445190e-02,-3.317527100443840027e-02
-1.686800271272659302e-01,1.038688048720359802e-01,7.582644820213317871e-01,4.848361015319824219e-03,6.643006578087806702e-03,7.165139913558959961e-01,-6.975242495536804199e-01,0.000000000000000000e+00,0.000000000000000000e+00,2.483185753226280212e-02,-1.229600310325622559e+00,-2.759661991149187088e-03,-5.938163492828607559e-03,2.197697758674621582e-02,1.220158815383911133e+00,-2.884408924728631973e-03,3.911026287823915482e-03,4.201257135719060898e-03,-7.121551036834716797e-02,-4.804402217268943787e-02,-1.154144993051886559e-03,4.563268739730119705e-03,8.044263720512390137e-02,4.540221765637397766e-02,-7.897990196943283081e-02,2.949321642518043518e-02,-7.661801762878894806e-03,3.310422180220484734e-03,8.901577442884445190e-02,-3.317527100443840027e-02
-1.686800271272659302e-01,1.038688048720359802e-01,7.582644820213317871e-01,4.848361015319824219e-03,6.643006578087806702e-03,7.165139913558959961e-01,-6.975242495536804199e-01,0.000000000000000000e+00,0.000000000000000000e+00,2.483185753226280212e-02,-1.229600310325622559e+00,-2.759661991149187088e-03,-5.938163492828607559e-03,2.197697758674621582e-02,1.220158815383911133e+00,-2.884408924728631973e-03,3.911026287823915482e-03,4.201257135719060898e-03,-7.121551036834716797e-02,-4.804402217268943787e-02,-1.154144993051886559e-03,4.563268739730119705e-03,8.044263720512390137e-02,4.540221765637397766e-02,-7.897990196943283081e-02,2.949321642518043518e-02,-7.661801762878894806e-03,3.310422180220484734e-03,8.901577442884445190e-02,-3.317527100443840027e-02
-1.686800271272659302e-01,1.038688048720359802e-01,7.582644820213317871e-01,4.848361015319824219e-03,6.643006578087806702e-03,7.165139913558959961e-01,-6.975242495536804199e-01,0.000000000000000000e+00,0.000000000000000000e+00,2.483185753226280212e-02,-1.229600310325622559e+00,-2.759661991149187088e-03,-5.938163492828607559e-03,2.197697758674621582e-02,1.220158815383911133e+00,-2.884408924728631973e-03,3.911026287823915482e-03,4.201257135719060898e-03,-7.121551036834716797e-02,-4.804402217268943787e-02,-1.154144993051886559e-03,4.563268739730119705e-03,8.044263720512390137e-02,4.540221765637397766e-02,-7.897990196943283081e-02,2.949321642518043518e-02,-7.661801762878894806e-03,3.310422180220484734e-03,8.901577442884445190e-02,-3.317527100443840027e-02
-1.686800271272659302e-01,1.038688048720359802e-01,7.582644820213317871e-01,4.848361015319824219e-03,6.643006578087806702e-03,7.165139913558959961e-01,-6.975242495536804199e-01,0.000000000000000000e+00,0.000000000000000000e+00,2.483185753226280212e-02,-1.229600310325622559e+00,-2.759661991149187088e-03,-5.938163492828607559e-03,2.197697758674621582e-02,1.220158815383911133e+00,-2.884408924728631973e-03,3.911026287823915482e-03,4.201257135719060898e-03,-7.121551036834716797e-02,-4.804402217268943787e-02,-1.154144993051886559e-03,4.563268739730119705e-03,8.044263720512390137e-02,4.540221765637397766e-02,-7.897990196943283081e-02,2.949321642518043518e-02,-7.661801762878894806e-03,3.310422180220484734e-03,8.901577442884445190e-02,-3.317527100443840027e-02
-1.686800271272659302e-01,1.038688048720359802e-01,7.582644820213317871e-01,4.848361015319824219e-03,6.643006578087806702e-03,7.165139913558959961e-01,-6.975242495536804199e-01,0.000000000000000000e+00,0.000000000000000000e+00,2.483185753226280212e-02,-1.229600310325622559e+00,-2.759661991149187088e-03,-5.938163492828607559e-03,2.197697758674621582e-02,1.220158815383911133e+00,-2.884408924728631973e-03,3.911026287823915482e-03,4.201257135719060898e-03,-7.121551036834716797e-02,-4.804402217268943787e-02,-1.154144993051886559e-03,4.563268739730119705e-03,8.044263720512390137e-02,4.540221765637397766e-02,-7.897990196943283081e-02,2.949321642518043518e-02,-7.661801762878894806e-03,3.310422180220484734e-03,8.901577442884445190e-02,-3.317527100443840027e-02
-1.686800271272659302e-01,1.038688048720359802e-01,7.582644820213317871e-01,4.848361015319824219e-03,6.643006578087806702e-03,7.165139913558959961e-01,-6.975242495536804199e-01,0.000000000000000000e+00,0.000000000000000000e+00,2.483185753226280212e-02,-1.229600310325622559e+00,-2.759661991149187088e-03,-5.938163492828607559e-03,2.197697758674621582e-02,1.220158815383911133e+00,-2.884408924728631973e-03,3.911026287823915482e-03,4.201257135719060898e-03,-7.121551036834716797e-02,-4.804402217268943787e-02,-1.154144993051886559e-03,4.563268739730119705e-03,8.044263720512390137e-02,4.540221765637397766e-02,-7.897990196943283081e-02,2.949321642518043518e-02,-7.661801762878894806e-03,3.310422180220484734e-03,8.901577442884445190e-02,-3.317527100443840027e-02
-1.686800271272659302e-01,1.038688048720359802e-01,7.582644820213317871e-01,4.848361015319824219e-03,6.643006578087806702e-03,7.165139913558959961e-01,-6.975242495536804199e-01,0.000000000000000000e+00,0.000000000000000000e+00,2.483185753226280212e-02,-1.229600310325622559e+00,-2.759661991149187088e-03,-5.938163492828607559e-03,2.197697758674621582e-02,1.220158815383911133e+00,-2.884408924728631973e-03,3.911026287823915482e-03,4.201257135719060898e-03,-7.121551036834716797e-02,-4.804402217268943787e-02,-1.154144993051886559e-03,4.563268739730119705e-03,8.044263720512390137e-02,4.540221765637397766e-02,-7.897990196943283081e-02,2.949321642518043518e-02,-7.661801762878894806e-03,3.310422180220484734e-03,8.901577442884445190e-02,-3.317527100443840027e-02
-1.686800271272659302e-01,1.038688048720359802e-01,7.582644820213317871e-01,4.848361015319824219e-03,6.643006578087806702e-03,7.165139913558959961e-01,-6.975242495536804199e-01,0.000000000000000000e+00,0.000000000000000000e+00,2.483185753226280212e-02,-1.229600310325622559e+00,-2.759661991149187088e-03,-5.938163492828607559e-03,2.197697758674621582e-02,1.220158815383911133e+00,-2.884408924728631973e-03,3.911026287823915482e-03,4.201257135719060898e-03,-7.121551036834716797e-02,-4.804402217268943787e-02,-1.154144993051886559e-03,4.563268739730119705e-03,8.044263720512390137e-02,4.540221765637397766e-02,-7.897990196943283081e-02,2.949321642518043518e-02,-7.661801762878894806e-03,3.310422180220484734e-03,8.901577442884445190e-02,-3.317527100443840027e-02
-1.686800271272659302e-01,1.038688048720359802e-01,7.582644820213317871e-01,4.848361015319824219e-03,6.643006578087806702e-03,7.165139913558959961e-01,-6.975242495536804199e-01,0.000000000000000000e+00,0.000000000000000000e+00,2.483185753226280212e-02,-1.229600310325622559e+00,-2.759661991149187088e-03,-5.938163492828607559e-03,2.197697758674621582e-02,1.220158815383911133e+00,-2.884408924728631973e-03,3.911026287823915482e-03,4.201257135719060898e-03,-7.121551036834716797e-02,-4.804402217268943787e-02,-1.154144993051886559e-03,4.563268739730119705e-03,8.044263720512390137e-02,4.540221765637397766e-02,-7.897990196943283081e-02,2.949321642518043518e-02,-7.661801762878894806e-03,3.310422180220484734e-03,8.901577442884445190e-02,-3.317527100443840027e-02
-1.686800271272659302e-01,1.038688048720359802e-01,7.582644820213317871e-01,4.848361015319824219e-03,6.643006578087806702e-03,7.165139913558959961e-01,-6.975242495536804199e-01,0.000000000000000000e+00,0.000000000000000000e+00,2.483185753226280212e-02,-1.229600310325622559e+00,-2.759661991149187088e-03,-5.938163492828607559e-03,2.197697758674621582e-02,1.220158815383911133e+00,-2.884408924728631973e-03,3.911026287823915482e-03,4.201257135719060898e-03,-7.121551036834716797e-02,-4.804402217268943787e-02,-1.154144993051886559e-03,4.563268739730119705e-03,8.044263720512390137e-02,4.540221765637397766e-02,-7.897990196943283081e-02,2.949321642518043518e-02,-7.661801762878894806e-03,3.310422180220484734e-03,8.901577442884445190e-02,-3.317527100443840027e-02
-1.686800271272659302e-01,1.038688048720359802e-01,7.582644820213317871e-01,4.848361015319824219e-03,6.643006578087806702e-03,7.165139913558959961e-01,-6.975242495536804199e-01,0.000000000000000000e+00,0.000000000000000000e+00,2.483185753226280212e-02,-1.229600310325622559e+00,-2.759661991149187088e-03,-5.938163492828607559e-03,2.197697758674621582e-02,1.220158815383911133e+00,-2.884408924728631973e-03,3.911026287823915482e-03,4.201257135719060898e-03,-7.121551036834716797e-02,-4.804402217268943787e-02,-1.154144993051886559e-03,4.563268739730119705e-03,8.044263720512390137e-02,4.540221765637397766e-02,-7.897990196943283081e-02,2.949321642518043518e-02,-7.661801762878894806e-03,3.310422180220484734e-03,8.901577442884445190e-02,-3.317527100443840027e-02
-1.686800271272659302e-01,1.038688048720359802e-01,7.582644820213317871e-01,4.848361015319824219e-03,6.643006578087806702e-03,7.165139913558959961e-01,-6.975242495536804199e-01,0.000000000000000000e+00,0.000000000000000000e+00,2.483185753226280212e-02,-1.229600310325622559e+00,-2.759661991149187088e-03,-5.938163492828607559e-03,2.197697758674621582e-02,1.220158815383911133e+00,-2.884408924728631973e-03,3.911026287823915482e-03,4.201257135719060898e-03,-7.121551036834716797e-02,-4.804402217268943787e-02,-1.154144993051886559e-03,4.563268739730119705e-03,8.044263720512390137e-02,4.540221765637397766e-02,-7.897990196943283081e-02,2.949321642518043518e-02,-7.661801762878894806e-03,3.310422180220484734e-03,8.901577442884445190e-02,-3.317527100443840027e-02
-1.686800271272659302e-01,1.038688048720359802e-01,7.582644820213317871e-01,4.848361015319824219e-03,6.643006578087806702e-03,7.165139913558959961e-01,-6.975242495536804199e-01,0.000000000000000000e+00,0.000000000000000000e+00,2.483185753226280212e-02,-1.229600310325622559e+00,-2.759661991149187088e-03,-5.938163492828607559e-03,2.197697758674621582e-02,1.220158815383911133e+00,-2.884408924728631973e-03,3.911026287823915482e-03,4.201257135719060898e-03,-7.121551036834716797e-02,-4.804402217268943787e-02,-1.154144993051886559e-03,4.563268739730119705e-03,8.044263720512390137e-02,4.540221765637397766e-02,-7.897990196943283081e-02,2.949321642518043518e-02,-7.661801762878894806e-03,3.310422180220484734e-03,8.901577442884445190e-02,-3.317527100443840027e-02
-1.686800271272659302e-01,1.038688048720359802e-01,7.582644820213317871e-01,4.848361015319824219e-03,6.643006578087806702e-03,7.165139913558959961e-01,-6.975242495536804199e-01,0.000000000000000000e+00,0.000000000000000000e+00,2.483185753226280212e-02,-1.229600310325622559e+00,-2.759661991149187088e-03,-5.938163492828607559e-03,2.197697758674621582e-02,1.220158815383911133e+00,-2.884408924728631973e-03,3.911026287823915482e-03,4.201257135719060898e-03,-7.121551036834716797e-02,-4.804402217268943787e-02,-1.154144993051886559e-03,4.563268739730119705e-03,8.044263720512390137e-02,4.540221765637397766e-02,-7.897990196943283081e-02,2.949321642518043518e-02,-7.661801762878894806e-03,3.310422180220484734e-03,8.901577442884445190e-02,-3.317527100443840027e-02
-1.686800271272659302e-01,1.038688048720359802e-01,7.582644820213317871e-01,4.848361015319824219e-03,6.643006578087806702e-03,7.165139913558959961e-01,-6.975242495536804199e-01,0.000000000000000000e+00,0.000000000000000000e+00,2.483185753226280212e-02,-1.229600310325622559e+00,-2.759661991149187088e-03,-5.938163492828607559e-03,2.197697758674621582e-02,1.220158815383911133e+00,-2.884408924728631973e-03,3.911026287823915482e-03,4.201257135719060898e-03,-7.121551036834716797e-02,-4.804402217268943787e-02,-1.154144993051886559e-03,4.563268739730119705e-03,8.044263720512390137e-02,4.540221765637397766e-02,-7.897990196943283081e-02,2.949321642518043518e-02,-7.661801762878894806e-03,3.310422180220484734e-03,8.901577442884445190e-02,-3.317527100443840027e-02
-1.686800271272659302e-01,1.038688048720359802e-01,7.582644820213317871e-01,4.848361015319824219e-03,6.643006578087806702e-03,7.165139913558959961e-01,-6.975242495536804199e-01,0.000000000000000000e+00,0.000000000000000000e+00,2.483185753226280212e-02,-1.229600310325622559e+00,-2.759661991149187088e-03,-5.938163492828607559e-03,2.197697758674621582e-02,1.220158815383911133e+00,-2.884408924728631973e-03,3.911026287823915482e-03,4.201257135719060898e-03,-7.121551036834716797e-02,-4.804402217268943787e-02,-1.154144993051886559e-03,4.563268739730119705e-03,8.044263720512390137e-02,4.540221765637397766e-02,-7.897990196943283081e-02,2.949321642518043518e-02,-7.661801762878894806e-03,3.310422180220484734e-03,8.901577442884445190e-02,-3.317527100443840027e-02
-1.686800271272659302e-01,1.038688048720359802e-01,7.582644820213317871e-01,4.848361015319824219e-03,6.643006578087806702e-03,7.165139913558959961e-01,-6.975242495536804199e-01,0.000000000000000000e+00,0.000000000000000000e+00,2.483185753226280212e-02,-1.229600310325622559e+00,-2.759661991149187088e-03,-5.938163492828607559e-03,2.197697758674621582e-02,1.220158815383911133e+00,-2.884408924728631973e-03,3.911026287823915482e-03,4.201257135719060898e-03,-7.121551036834716797e-02,-4.804402217268943787e-02,-1.154144993051886559e-03,4.563268739730119705e-03,8.044263720512390137e-02,4.540221765637397766e-02,-7.897990196943283081e-02,2.949321642518043518e-02,-7.661801762878894806e-03,3.310422180220484734e-03,8.901577442884445190e-02,-3.317527100443840027e-02
-1.686800271272659302e-01,1.038688048720359802e-01,7.582644820213317871e-01,4.848361015319824219e-03,6.643006578087806702e-03,7.165139913558959961e-01,-6.975242495536804199e-01,0.000000000000000000e+00,0.000000000000000000e+00,2.483185753226280212e-02,-1.229600310325622559e+00,-2.759661991149187088e-03,-5.938163492828607559e-03,2.197697758674621582e-02,1.220158815383911133e+00,-2.884408924728631973e-03,3.911026287823915482e-03,4.201257135719060898e-03,-7.121551036834716797e-02,-4.804402217268943787e-02,-1.154144993051886559e-03,4.563268739730119705e-03,8.044263720512390137e-02,4.540221765637397766e-02,-7.897990196943283081e-02,2.949321642518043518e-02,-7.661801762878894806e-03,3.310422180220484734e-03,8.901577442884445190e-02,-3.317527100443840027e-02
-1.686800271272659302e-01,1.038688048720359802e-01,7.582644820213317871e-01,4.848361015319824219e-03,6.643006578087806702e-03,7.165139913558959961e-01,-6.975242495536804199e-01,0.000000000000000000e+00,0.000000000000000000e+00,2.483185753226280212e-02,-1.229600310325622559e+00,-2.759661991149187088e-03,-5.938163492828607559e-03,2.197697758674621582e-02,1.220158815383911133e+00,-2.884408924728631973e-03,3.911026287823915482e-03,4.201257135719060898e-03,-7.121551036834716797e-02,-4.804402217268943787e-02,-1.154144993051886559e-03,4.563268739730119705e-03,8.044263720512390137e-02,4.540221765637397766e-02,-7.897990196943283081e-02,2.949321642518043518e-02,-7.661801762878894806e-03,3.310422180220484734e-03,8.901577442884445190e-02,-3.317527100443840027e-02
-1.686800271272659302e-01,1.038688048720359802e-01,7.582644820213317871e-01,4.848361015319824219e-03,6.643006578087806702e-03,7.165139913558959961e-01,-6.975242495536804199e-01,0.000000000000000000e+00,0.000000000000000000e+00,2.483185753226280212e-02,-1.229600310325622559e+00,-2.759661991149187088e-03,-5.938163492828607559e-03,2.197697758674621582e-02,1.220158815383911133e+00,-2.884408924728631973e-03,3.911026287823915482e-03,4.201257135719060898e-03,-7.121551036834716797e-02,-4.804402217268943787e-02,-1.154144993051886559e-03,4.563268739730119705e-03,8.044263720512390137e-02,4.540221765637397766e-02,-7.897990196943283081e-02,2.949321642518043518e-02,-7.661801762878894806e-03,3.310422180220484734e-03,8.901577442884445190e-02,-3.317527100443840027e-02
-1.686800271272659302e-01,1.038688048720359802e-01,7.582644820213317871e-01,4.848361015319824219e-03,6.643006578087806702e-03,7.165139913558959961e-01,-6.975242495536804199e-01,0.000000000000000000e+00,0.000000000000000000e+00,2.483185753226280212e-02,-1.229600310325622559e+00,-2.759661991149187088e-03,-5.938163492828607559e-03,2.197697758674621582e-02,1.220158815383911133e+00,-2.884408924728631973e-03,3.911026287823915482e-03,4.201257135719060898e-03,-7.121551036834716797e-02,-4.804402217268943787e-02,-1.154144993051886559e-03,4.563268739730119705e-03,8.044263720512390137e-02,4.540221765637397766e-02,-7.897990196943283081e-02,2.949321642518043518e-02,-7.661801762878894806e-03,3.310422180220484734e-03,8.901577442884445190e-02,-3.317527100443840027e-02
-1.686800271272659302e-01,1.038688048720359802e-01,7.582644820213317871e-01,4.848361015319824219e-03,6.643006578087806702e-03,7.165139913558959961e-01,-6.975242495536804199e-01,0.000000000000000000e+00,0.000000000000000000e+00,2.483185753226280212e-02,-1.229600310325622559e+00,-2.759661991149187088e-03,-5.938163492828607559e-03,2.197697758674621582e-02,1.220158815383911133e+00,-2.884408924728631973e-03,3.911026287823915482e-03,4.201257135719060898e-03,-7.121551036834716797e-02,-4.804402217268943787e-02,-1.154144993051886559e-03,4.563268739730119705e-03,8.044263720512390137e-02,4.540221765637397766e-02,-7.897990196943283081e-02,2.949321642518043518e-02,-7.661801762878894806e-03,3.310422180220484734e-03,8.901577442884445190e-02,-3.317527100443840027e-02
-1.686800271272659302e-01,1.038688048720359802e-01,7.582644820213317871e-01,4.848361015319824219e-03,6.643006578087806702e-03,7.165139913558959961e-01,-6.975242495536804199e-01,0.000000000000000000e+00,0.000000000000000000e+00,2.483185753226280212e-02,-1.229600310325622559e+00,-2.759661991149187088e-03,-5.938163492828607559e-03,2.197697758674621582e-02,1.220158815383911133e+00,-2.884408924728631973e-03,3.911026287823915482e-03,4.201257135719060898e-03,-7.121551036834716797e-02,-4.804402217268943787e-02,-1.154144993051886559e-03,4.563268739730119705e-03,8.044263720512390137e-02,4.540221765637397766e-02,-7.897990196943283081e-02,2.949321642518043518e-02,-7.661801762878894806e-03,3.310422180220484734e-03,8.901577442884445190e-02,-3.317527100443840027e-02
-1.686800271272659302e-01,1.038688048720359802e-01,7.582644820213317871e-01,4.848361015319824219e-03,6.643006578087806702e-03,7.165139913558959961e-01,-6.975242495536804199e-01,0.000000000000000000e+00,0.000000000000000000e+00,2.483185753226280212e-02,-1.229600310325622559e+00,-2.759661991149187088e-03,-5.938163492828607559e-03,2.197697758674621582e-02,1.220158815383911133e+00,-2.884408924728631973e-03,3.911026287823915482e-03,4.201257135719060898e-03,-7.121551036834716797e-02,-4.804402217268943787e-02,-1.154144993051886559e-03,4.563268739730119705e-03,8.044263720512390137e-02,4.540221765637397766e-02,-7.897990196943283081e-02,2.949321642518043518e-02,-7.661801762878894806e-03,3.310422180220484734e-03,8.901577442884445190e-02,-3.317527100443840027e-02
-1.686800271272659302e-01,1.038688048720359802e-01,7.582644820213317871e-01,4.848361015319824219e-03,6.643006578087806702e-03,7.165139913558959961e-01,-6.975242495536804199e-01,0.000000000000000000e+00,0.000000000000000000e+00,2.483185753226280212e-02,-1.229600310325622559e+00,-2.759661991149187088e-03,-5.938163492828607559e-03,2.197697758674621582e-02,1.220158815383911133e+00,-2.884408924728631973e-03,3.911026287823915482e-03,4.201257135719060898e-03,-7.121551036834716797e-02,-4.804402217268943787e-02,-1.154144993051886559e-03,4.563268739730119705e-03,8.044263720512390137e-02,4.540221765637397766e-02,-7.897990196943283081e-02,2.949321642518043518e-02,-7.661801762878894806e-03,3.310422180220484734e-03,8.901577442884445190e-02,-3.317527100443840027e-02
-1.686800271272659302e-01,1.038688048720359802e-01,7.582644820213317871e-01,4.848361015319824219e-03,6.643006578087806702e-03,7.165139913558959961e-01,-6.975242495536804199e-01,0.000000000000000000e+00,0.000000000000000000e+00,2.483185753226280212e-02,-1.229600310325622559e+00,-2.759661991149187088e-03,-5.938163492828607559e-03,2.197697758674621582e-02,1.220158815383911133e+00,-2.884408924728631973e-03,3.911026287823915482e-03,4.201257135719060898e-03,-7.121551036834716797e-02,-4.804402217268943787e-02,-1.154144993051886559e-03,4.563268739730119705e-03,8.044263720512390137e-02,4.540221765637397766e-02,-7.897990196943283081e-02,2.949321642518043518e-02,-7.661801762878894806e-03,3.310422180220484734e-03,8.901577442884445190e-02,-3.317527100443840027e-02
-1.686800271272659302e-01,1.038688048720359802e-01,7.582644820213317871e-01,4.848361015319824219e-03,6.643006578087806702e-03,7.165139913558959961e-01,-6.975242495536804199e-01,0.000000000000000000e+00,0.000000000000000000e+00,2.483185753226280212e-02,-1.229600310325622559e+00,-2.759661991149187088e-03,-5.938163492828607559e-03,2.197697758674621582e-02,1.220158815383911133e+00,-2.884408924728631973e-03,3.911026287823915482e-03,4.201257135719060898e-03,-7.121551036834716797e-02,-4.804402217268943787e-02,-1.154144993051886559e-03,4.563268739730119705e-03,8.044263720512390137e-02,4.540221765637397766e-02,-7.897990196943283081e-02,2.949321642518043518e-02,-7.661801762878894806e-03,3.310422180220484734e-03,8.901577442884445190e-02,-3.317527100443840027e-02
