-4.828079417347908020e-02,-6.604770664125680923e-03,7.405607104301452637e-01,6.141583435237407684e-03,9.066573530435562134e-02,1.105857491493225098e-01,9.897034168243408203e-01,0.000000000000000000e+00,0.000000000000000000e+00,-2.714572101831436157e-02,-1.220081686973571777e+00,6.828572154045104980e-01,-4.672843515872955322e-01,8.004233986139297485e-02,1.222993612289428711e+00,5.115420818328857422e-01,5.437917113304138184e-01,7.852616906166076660e-02,-2.467674165964126587e-01,2.916484884917736053e-02,3.396994471549987793e-01,1.522113382816314697e-01,-4.474515467882156372e-02,1.072364896535873413e-01,-2.213795185089111328e-01,-1.604354977607727051e-01,-3.784336447715759277e-01,1.239133477210998535e-01,-2.080613188445568085e-02,-2.155550941824913025e-02
-5.124504491686820984e-02,-4.507900215685367584e-03,7.402791380882263184e-01,3.284075763076543808e-03,9.016624093055725098e-02,1.413316279649734497e-01,9.858421087265014648e-01,0.000000000000000000e+00,0.000000000000000000e+00,-3.459957242012023926e-02,-1.243579268455505371e+00,6.809337735176086426e-01,-4.386269748210906982e-01,8.465422689914703369e-02,1.214601278305053711e+00,4.844166636466979980e-01,5.370280146598815918e-01,7.004328817129135132e-02,-2.465405315160751343e-01,1.237623952329158783e-02,3.182631134986877441e-01,1.256566643714904785e-01,-6.840021908283233643e-02,1.182490438222885132e-01,-2.167408317327499390e-01,-1.725914180278778076e-01,-3.955433368682861328e-01,1.369344741106033325e-01,-8.755858987569808960e-03,-1.319649908691644669e-02
-5.432105436921119690e-02,-2.400210592895746231e-03,7.410486340522766113e-01,1.164554385468363762e-03,8.914965391159057617e-02,1.748334318399429321e-01,9.805530309677124023e-01,0.000000000000000000e+00,0.000000000000000000e+00,-2.950928360223770142e-02,-1.257881283760070801e+00,6.583713889122009277e-01,-4.327431023120880127e-01,1.000804454088211060e-01,1.198729515075683594e+00,4.417410492897033691e-01,5.484275221824645996e-01,6.304336339235305786e-02,-2.470360696315765381e-01,-7.126092445105314255e-03,2.833641171455383301e-01,1.001092791557312012e-01,-6.937385350465774536e-02,1.234422773122787476e-01,-2.165435701608657837e-01,-1.924833059310913086e-01,-4.000523984432220459e-01,1.624579131603240967e-01,2.580292522907257080e-02,-2.758190268650650978e-03
-5.730311572551727295e-02,9.083482291316613555e-05,7.418790459632873535e-01,-2.285482827574014664e-03,8.755128830671310425e-02,2.086359709501266479e-01,9.740639328956604004e-01,0.000000000000000000e+00,0.000000000000000000e+00,-2.121981792151927948e-02,-1.263545393943786621e+00,6.310991048812866211e-01,-4.305629432201385498e-01,1.147260367870330811e-01,1.182575702667236328e+00,4.009515345096588135e-01,5.667514801025390625e-01,5.923064798116683960e-02,-2.489217221736907959e-01,-2.356609702110290527e-02,2.378433048725128174e-01,7.835008203983306885e-02,-6.541941314935684204e-02,1.277659237384796143e-01,-2.273510396480560303e-01,-2.138293981552124023e-01,-3.808594942092895508e-01,1.978122889995574951e-01,3.793223202228546143e-02,-1.136423181742429733e-02
-6.002115085721015930e-02,3.135593840852379799e-03,7.431464791297912598e-01,-8.186493068933486938e-03,8.538433909416198730e-02,2.401083558797836304e-01,9.669490456581115723e-01,0.000000000000000000e+00,0.000000000000000000e+00,-1.180606335401535034e-02,-1.264090776443481445e+00,5.972469449043273926e-01,-4.276471436023712158e-01,1.269117593765258789e-01,1.166697144508361816e+00,3.643319904804229736e-01,5.912594199180603027e-01,5.972034856677055359e-02,-2.502031624317169189e-01,-3.412105515599250793e-02,1.900919675827026367e-01,5.871079489588737488e-02,-6.286437064409255981e-02,1.328408867120742798e-01,-2.573997974395751953e-01,-2.214821279048919678e-01,-3.324467539787292480e-01,2.508801817893981934e-01,-7.001239340752363205e-03,-3.967860713601112366e-02
-6.178837269544601440e-02,5.867448635399341583e-03,7.438491582870483398e-01,-1.435263361781835556e-02,8.396355062723159790e-02,2.709890604019165039e-01,9.588060379028320312e-01,0.000000000000000000e+00,0.000000000000000000e+00,-2.054434735327959061e-03,-1.260382413864135742e+00,5.657677054405212402e-01,-4.245049953460693359e-01,1.306720525026321411e-01,1.156780362129211426e+00,3.411213755607604980e-01,6.075111031532287598e-01,6.472934037446975708e-02,-2.530362010002136230e-01,-4.346427693963050842e-02,1.394159495830535889e-01,4.120397195219993591e-02,-5.962355807423591614e-02,1.336392760276794434e-01,-2.905527353286743164e-01,-2.083441317081451416e-01,-2.626626491546630859e-01,2.971646189689636230e-01,-3.165392577648162842e-02,-4.825641214847564697e-02
-6.286109983921051025e-02,7.741615176200866699e-03,7.443204522132873535e-01,-1.917341910302639008e-02,8.158617466688156128e-02,2.996396124362945557e-01,9.503642320632934570e-01,0.000000000000000000e+00,0.000000000000000000e+00,6.402164231985807419e-03,-1.258776187896728516e+00,5.292795896530151367e-01,-4.239264130592346191e-01,1.289327740669250488e-01,1.149848699569702148e+00,3.303597271442413330e-01,6.192597746849060059e-01,6.939232349395751953e-02,-2.557156980037689209e-01,-5.106696486473083496e-02,9.290926158428192139e-02,3.204479068517684937e-02,-5.482525750994682312e-02,1.329662352800369263e-01,-3.114357590675354004e-01,-1.845278441905975342e-01,-2.036537975072860718e-01,3.192232549190521240e-01,-4.556353390216827393e-02,-4.485566169023513794e-02
-6.280582398176193237e-02,9.018891490995883942e-03,7.445671558380126953e-01,-2.314136363565921783e-02,8.032232522964477539e-02,3.241322040557861328e-01,9.423115849494934082e-01,0.000000000000000000e+00,0.000000000000000000e+00,1.187823340296745300e-02,-1.256996035575866699e+00,4.967154860496520996e-01,-4.202291965484619141e-01,1.236781403422355652e-01,1.147716760635375977e+00,3.259545862674713135e-01,6.289162039756774902e-01,7.261407375335693359e-02,-2.563368678092956543e-01,-5.706354603171348572e-02,5.173604562878608704e-02,2.058057114481925964e-02,-4.875338450074195862e-02,1.283098310232162476e-01,-3.231308162212371826e-01,-1.543722152709960938e-01,-1.489758193492889404e-01,3.127121031284332275e-01,-6.109879165887832642e-02,-3.762153163552284241e-02
-6.185896322131156921e-02,9.281090460717678070e-03,7.443817257881164551e-01,-2.471386268734931946e-02,7.904151827096939087e-02,3.444127738475799561e-01,9.351585507392883301e-01,0.000000000000000000e+00,0.000000000000000000e+00,1.650939136743545532e-02,-1.256538271903991699e+00,4.716668426990509033e-01,-4.186535179615020752e-01,1.173484101891517639e-01,1.148799657821655273e+00,3.240971863269805908e-01,6.395105719566345215e-01,7.440596818923950195e-02,-2.538689672946929932e-01,-6.305511295795440674e-02,1.774745061993598938e-02,1.039118971675634384e-02,-4.255380481481552124e-02,1.199543178081512451e-01,-3.212215602397918701e-01,-1.256534308195114136e-01,-1.063180789351463318e-01,2.845399081707000732e-01,-6.908280402421951294e-02,-2.808984369039535522e-02
-6.037744507193565369e-02,8.686441928148269653e-03,7.439454197883605957e-01,-2.491828612983226776e-02,7.700759917497634888e-02,3.608070015907287598e-01,9.291217327117919922e-01,0.000000000000000000e+00,0.000000000000000000e+00,2.238596603274345398e-02,-1.257753372192382812e+00,4.544559121131896973e-01,-4.187815189361572266e-01,1.095360293984413147e-01,1.153027296066284180e+00,3.257014155387878418e-01,6.479043960571289062e-01,7.184041291475296021e-02,-2.500577867031097412e-01,-6.607214361429214478e-02,-8.402891457080841064e-03,5.744249094277620316e-03,-3.913693502545356750e-02,1.138436570763587952e-01,-3.072209954261779785e-01,-1.030831262469291687e-01,-7.830412685871124268e-02,2.445998340845108032e-01,-6.752213090658187866e-02,-1.954583637416362762e-02
-5.859052762389183044e-02,7.308106403797864914e-03,7.433565258979797363e-01,-2.397130802273750305e-02,7.385522127151489258e-02,3.734892606735229492e-01,9.243789911270141602e-01,0.000000000000000000e+00,0.000000000000000000e+00,2.753021381795406342e-02,-1.259673476219177246e+00,4.436971247196197510e-01,-4.187110066413879395e-01,1.010865643620491028e-01,1.157567501068115234e+00,3.346720635890960693e-01,6.587048172950744629e-01,6.504534184932708740e-02,-2.424666136503219604e-01,-6.594844162464141846e-02,-2.611319534480571747e-02,2.293422119691967964e-03,-3.623061999678611755e-02,1.084624901413917542e-01,-2.874628901481628418e-01,-8.817707002162933350e-02,-6.753150373697280884e-02,2.103619575500488281e-01,-6.674884259700775146e-02,-1.623651571571826935e-02
-5.653203651309013367e-02,5.389889702200889587e-03,7.427906394004821777e-01,-2.268264628946781158e-02,7.012296468019485474e-02,3.835048973560333252e-01,9.205934405326843262e-01,0.000000000000000000e+00,0.000000000000000000e+00,3.205497935414314270e-02,-1.262318849563598633e+00,4.393758177757263184e-01,-4.184181690216064453e-01,9.227486699819564819e-02,1.164145827293395996e+00,3.488902747631072998e-01,6.698588728904724121e-01,5.495830252766609192e-02,-2.332735508680343628e-01,-6.261081248521804810e-02,-3.642581030726432800e-02,2.866777606413961621e-07,-3.483270481228828430e-02,1.024432107806205750e-01,-2.637354135513305664e-01,-7.941595464944839478e-02,-7.149215787649154663e-02,1.822907775640487671e-01,-7.068394869565963745e-02,-2.235035225749015808e-02
-5.427992343902587891e-02,3.296281676739454269e-03,7.423170208930969238e-01,-2.160502970218658447e-02,6.643889099359512329e-02,3.910084962844848633e-01,9.177317023277282715e-01,0.000000000000000000e+00,0.000000000000000000e+00,3.604874759912490845e-02,-1.265598654747009277e+00,4.367377758026123047e-01,-4.155224561691284180e-01,8.305617421865463257e-02,1.171424269676208496e+00,3.667065203189849854e-01,6.804125308990478516e-01,4.522464796900749207e-02,-2.249850183725357056e-01,-5.716051906347274780e-02,-4.102459177374839783e-02,3.583472060753045696e-11,-3.469558060169219971e-02,9.841330349445343018e-02,-2.410149574279785156e-01,-7.266741245985031128e-02,-8.097877353429794312e-02,1.592690795660018921e-01,-7.766818255186080933e-02,-2.961147017776966095e-02
-5.186221376061439514e-02,1.283604535274207592e-03,7.419746518135070801e-01,-2.085102349519729614e-02,6.352191418409347534e-02,3.960649073123931885e-01,9.157853126525878906e-01,0.000000000000000000e+00,0.000000000000000000e+00,3.882244601845741272e-02,-1.269323229789733887e+00,4.375103116035461426e-01,-4.115987420082092285e-01,7.616019248962402344e-02,1.179110407829284668e+00,3.866371214389801025e-01,6.877644658088684082e-01,3.708663582801818848e-02,-2.179296016693115234e-01,-5.076822265982627869e-02,-4.217882081866264343e-02,4.481603043044509599e-15,-3.440977260470390320e-02,9.482863545417785645e-02,-2.209775447845458984e-01,-6.547474116086959839e-02,-8.960565924644470215e-02,1.374959945678710938e-01,-8.492407202720642090e-02,-3.537564724683761597e-02
-4.962804540991783142e-02,-5.891767214052379131e-04,7.417017817497253418e-01,-2.015285752713680267e-02,6.070386245846748352e-02,3.980412483215332031e-01,9.151349663734436035e-01,0.000000000000000000e+00,0.000000000000000000e+00,4.147082567214965820e-02,-1.272559404373168945e+00,4.419060051441192627e-01,-4.100074768066406250e-01,7.305935025215148926e-02,1.185662150382995605e+00,4.076791107654571533e-01,6.923084855079650879e-01,3.144651278853416443e-02,-2.105855643749237061e-01,-4.372552037239074707e-02,-3.998744487762451172e-02,-2.970258755119194218e-19,-3.404177352786064148e-02,9.194914251565933228e-02,-2.034074217081069946e-01,-5.792111903429031372e-02,-9.660256654024124146e-02,1.180154159665107727e-01,-8.992864191532135010e-02,-3.844695165753364563e-02
-4.746244102716445923e-02,-2.220462774857878685e-03,7.415743470191955566e-01,-1.940702833235263824e-02,5.882839858531951904e-02,3.974641859531402588e-01,9.155243635177612305e-01,0.000000000000000000e+00,0.000000000000000000e+00,4.313808679580688477e-02,-1.274688839912414551e+00,4.495449364185333252e-01,-4.102858304977416992e-01,7.079588621854782104e-02,1.191766977310180664e+00,4.272742867469787598e-01,6.952673196792602539e-01,2.870729379355907440e-02,-2.045571058988571167e-01,-3.750583156943321228e-02,-3.559797629714012146e-02,1.360101441562513252e-18,-3.318986296653747559e-02,8.788122236728668213e-02,-1.894493401050567627e-01,-5.124605074524879456e-02,-1.009523645043373108e-01,1.008499488234519958e-01,-9.332448989152908325e-02,-3.944541886448860168e-02
-4.580805823206901550e-02,-3.568334970623254776e-03,7.414103746414184570e-01,-1.905964873731136322e-02,5.651435628533363342e-02,3.943406641483306885e-01,9.170268774032592773e-01,0.000000000000000000e+00,0.000000000000000000e+00,4.228838533163070679e-02,-1.275905132293701172e+00,4.567671716213226318e-01,-4.125871360301971436e-01,6.684577465057373047e-02,1.197154521942138672e+00,4.476412534713745117e-01,6.989991068840026855e-01,2.944112196564674377e-02,-1.984835416078567505e-01,-3.039318509399890900e-02,-2.902480214834213257e-02,1.145718968473374844e-03,-3.292467817664146423e-02,8.558011800050735474e-02,-1.790233552455902100e-01,-4.396022111177444458e-02,-1.018197312951087952e-01,8.980205655097961426e-02,-9.561526030302047729e-02,-3.840820491313934326e-02
-4.435913637280464172e-02,-4.784842487424612045e-03,7.412740588188171387e-01,-1.836382411420345306e-02,5.456810444593429565e-02,3.899251818656921387e-01,9.190448522567749023e-01,0.000000000000000000e+00,0.000000000000000000e+00,3.879380598664283752e-02,-1.275861144065856934e+00,4.653357267379760742e-01,-4.175982475280761719e-01,6.000159308314323425e-02,1.201935529708862305e+00,4.664986431598663330e-01,7.030509114265441895e-01,3.214710950851440430e-02,-1.933794915676116943e-01,-2.470519952476024628e-02,-2.229554764926433563e-02,3.451692638918757439e-03,-3.312553465366363525e-02,8.218917250633239746e-02,-1.708967834711074829e-01,-3.821247443556785583e-02,-1.009340062737464905e-01,8.178158849477767944e-02,-9.756430238485336304e-02,-3.763532638549804688e-02
-4.314151778817176819e-02,-5.729686468839645386e-03,7.411593794822692871e-01,-1.787960529327392578e-02,5.314480140805244446e-02,3.844556212425231934e-01,9.214389920234680176e-01,0.000000000000000000e+00,0.000000000000000000e+00,3.215562552213668823e-02,-1.274188518524169922e+00,4.746106863021850586e-01,-4.245688915252685547e-01,5.177998542785644531e-02,1.205354571342468262e+00,4.814931750297546387e-01,7.060563564300537109e-01,3.638769686222076416e-02,-1.891081631183624268e-01,-1.952961832284927368e-02,-1.490428391844034195e-02,5.298027768731117249e-03,-3.437056392431259155e-02,8.018165826797485352e-02,-1.661392897367477417e-01,-3.318084031343460083e-02,-9.859518706798553467e-02,7.735251635313034058e-02,-9.940876811742782593e-02,-3.599770739674568176e-02
-4.215791448950767517e-02,-6.562008056789636612e-03,7.410397529602050781e-01,-1.716572046279907227e-02,5.185098946094512939e-02,3.785416483879089355e-01,9.239713549613952637e-01,0.000000000000000000e+00,0.000000000000000000e+00,2.417331561446189880e-02,-1.271031618118286133e+00,4.839420914649963379e-01,-4.357832670211791992e-01,4.663599282503128052e-02,1.205353140830993652e+00,4.922025501728057861e-01,7.061457633972167969e-01,4.151398316025733948e-02,-1.851413100957870483e-01,-1.545680407434701920e-02,-7.766874507069587708e-03,7.432475220412015915e-03,-3.588727489113807678e-02,7.965984195470809937e-02,-1.632080674171447754e-01,-2.936703339219093323e-02,-9.491148591041564941e-02,7.588400691747665405e-02,-1.014100611209869385e-01,-3.475136682391166687e-02
-4.132756590843200684e-02,-7.299635093659162521e-03,7.409495115280151367e-01,-1.609638892114162445e-02,5.095300823450088501e-02,3.723983764648437500e-01,9.265334010124206543e-01,0.000000000000000000e+00,0.000000000000000000e+00,1.310075167566537857e-02,-1.267571926116943359e+00,4.909419417381286621e-01,-4.518509805202484131e-01,4.556487128138542175e-02,1.203165650367736816e+00,4.961672723293304443e-01,7.041903138160705566e-01,4.671578481793403625e-02,-1.815516203641891479e-01,-1.284223329275846481e-02,1.911221625050529838e-04,9.371880441904067993e-03,-3.749361634254455566e-02,7.894442230463027954e-02,-1.623870283365249634e-01,-2.722848951816558838e-02,-9.127481281757354736e-02,7.716113328933715820e-02,-1.036655306816101074e-01,-3.352111205458641052e-02
-4.059882462024688721e-02,-7.916999049484729767e-03,7.408968210220336914e-01,-1.466239243745803833e-02,5.058590322732925415e-02,3.661248385906219482e-01,9.290741086006164551e-01,0.000000000000000000e+00,0.000000000000000000e+00,1.934753614477813244e-03,-1.263063907623291016e+00,4.969074726104736328e-01,-4.718316197395324707e-01,4.743418470025062561e-02,1.198796629905700684e+00,4.979621171951293945e-01,7.014839649200439453e-01,5.115041881799697876e-02,-1.782522499561309814e-01,-1.183791831135749817e-02,6.561586633324623108e-03,1.081349328160285950e-02,-3.901200369000434875e-02,7.927832752466201782e-02,-1.630579978227615356e-01,-2.658604271709918976e-02,-8.603199571371078491e-02,7.945306599140167236e-02,-1.055915802717208862e-01,-3.321140632033348083e-02
-3.996309265494346619e-02,-8.411994203925132751e-03,7.408885359764099121e-01,-1.305320486426353455e-02,5.066922307014465332e-02,3.602109849452972412e-01,9.314023256301879883e-01,0.000000000000000000e+00,0.000000000000000000e+00,-9.888291358947753906e-03,-1.257657408714294434e+00,5.013460516929626465e-01,-4.944822788238525391e-01,5.009982362389564514e-02,1.194043159484863281e+00,4.958465397357940674e-01,6.987164616584777832e-01,5.509081110358238220e-02,-1.759226173162460327e-01,-1.210896391421556473e-02,1.241326611489057541e-02,1.251053623855113983e-02,-4.094509035348892212e-02,7.988755404949188232e-02,-1.648840457201004028e-01,-2.719661965966224670e-02,-8.059948682785034180e-02,8.251079916954040527e-02,-1.068752259016036987e-01,-3.293427452445030212e-02
-3.951587900519371033e-02,-8.725722320377826691e-03,7.408766746520996094e-01,-1.161129493266344070e-02,5.081566423177719116e-02,3.547804355621337891e-01,9.334954619407653809e-01,0.000000000000000000e+00,0.000000000000000000e+00,-2.206176333129405975e-02,-1.252633690834045410e+00,5.037111043930053711e-01,-5.192804932594299316e-01,5.203833058476448059e-02,1.189111948013305664e+00,4.914874434471130371e-01,6.961319446563720703e-01,5.834627896547317505e-02,-1.746809780597686768e-01,-1.268124394118785858e-02,1.718587800860404968e-02,1.544970646500587463e-02,-4.276868700981140137e-02,8.176898211240768433e-02,-1.675144284963607788e-01,-2.810529991984367371e-02,-7.490890473127365112e-02,8.646879345178604126e-02,-1.072174012660980225e-01,-3.341796249151229858e-02
-3.921226784586906433e-02,-8.752544410526752472e-03,7.408479452133178711e-01,-1.051787659525871277e-02,5.126949399709701538e-02,3.496095240116119385e-01,9.354324936866760254e-01,0.000000000000000000e+00,0.000000000000000000e+00,-3.257352113723754883e-02,-1.247281074523925781e+00,5.055623054504394531e-01,-5.452750325202941895e-01,5.319399759173393250e-02,1.183994293212890625e+00,4.901445806026458740e-01,6.956219077110290527e-01,6.172046810388565063e-02,-1.742053627967834473e-01,-1.350620761513710022e-02,2.128448337316513062e-02,1.805012673139572144e-02,-4.527242481708526611e-02,8.355436474084854126e-02,-1.709345281124114990e-01,-2.915778197348117828e-02,-6.928254663944244385e-02,9.060434997081756592e-02,-1.086120009422302246e-01,-3.326161950826644897e-02
-3.912200406193733215e-02,-8.639398962259292603e-03,7.408102154731750488e-01,-9.243198670446872711e-03,5.134949833154678345e-02,3.447016179561614990e-01,9.372612237930297852e-01,0.000000000000000000e+00,0.000000000000000000e+00,-4.036337509751319885e-02,-1.242306232452392578e+00,5.055789947509765625e-01,-5.715274214744567871e-01,5.349570512771606445e-02,1.179891109466552734e+00,4.902589321136474609e-01,6.949567198753356934e-01,6.408933550119400024e-02,-1.727121025323867798e-01,-1.484776288270950317e-02,2.369047887623310089e-02,2.036621794104576111e-02,-4.701196774840354919e-02,8.741468936204910278e-02,-1.735472679138183594e-01,-3.068968094885349274e-02,-6.369783729314804077e-02,9.474170953035354614e-02,-1.095629185438156128e-01,-3.366524353623390198e-02
-3.920806199312210083e-02,-8.383206091821193695e-03,7.407276630401611328e-01,-8.063353598117828369e-03,5.094284564256668091e-02,3.406878709793090820e-01,9.387606382369995117e-01,0.000000000000000000e+00,0.000000000000000000e+00,-4.468761384487152100e-02,-1.238070368766784668e+00,5.055364966392517090e-01,-5.951449275016784668e-01,5.346771329641342163e-02,1.176762461662292480e+00,4.908806383609771729e-01,6.943368911743164062e-01,6.568966805934906006e-02,-1.692677289247512817e-01,-1.613851264119148254e-02,2.708148770034313202e-02,2.046119235455989838e-02,-4.840788617730140686e-02,9.020549058914184570e-02,-1.740079671144485474e-01,-3.218707442283630371e-02,-5.986531078815460205e-02,9.701460599899291992e-02,-1.101032793521881104e-01,-3.276893496513366699e-02
-3.927749767899513245e-02,-7.735245861113071442e-03,7.406908869743347168e-01,-7.432444952428340912e-03,5.111821368336677551e-02,3.369253873825073242e-01,9.401133060455322266e-01,0.000000000000000000e+00,0.000000000000000000e+00,-4.115061089396476746e-02,-1.234800696372985840e+00,5.065076947212219238e-01,-6.108475923538208008e-01,5.244759842753410339e-02,1.174688935279846191e+00,4.904510378837585449e-01,6.934390664100646973e-01,6.691060215234756470e-02,-1.652622371912002563e-01,-1.742302067577838898e-02,3.109591640532016754e-02,1.717787422239780426e-02,-4.997603967785835266e-02,9.305873513221740723e-02,-1.739901453256607056e-01,-3.344375640153884888e-02,-5.610226467251777649e-02,9.603872150182723999e-02,-1.099168360233306885e-01,-3.057032264769077301e-02
-3.933436796069145203e-02,-7.004568818956613541e-03,7.406016588211059570e-01,-6.576088722795248032e-03,5.110185220837593079e-02,3.341815769672393799e-01,9.410993456840515137e-01,0.000000000000000000e+00,0.000000000000000000e+00,-3.399259969592094421e-02,-1.233596205711364746e+00,5.075201988220214844e-01,-6.175802350044250488e-01,5.214615911245346069e-02,1.173208355903625488e+00,4.884824156761169434e-01,6.915245056152343750e-01,6.668175756931304932e-02,-1.604188233613967896e-01,-1.936288736760616302e-02,3.528709709644317627e-02,1.346527598798274994e-02,-5.103358626365661621e-02,9.371051937341690063e-02,-1.716535985469818115e-01,-3.533604741096496582e-02,-5.374493077397346497e-02,9.254240244626998901e-02,-1.099928766489028931e-01,-2.921651490032672882e-02
-3.945332020521163940e-02,-5.915386602282524109e-03,7.405359148979187012e-01,-6.517149973660707474e-03,5.105042457580566406e-02,3.317069411277770996e-01,9.419776201248168945e-01,0.000000000000000000e+00,0.000000000000000000e+00,-2.981432899832725525e-02,-1.233183979988098145e+00,5.124831199645996094e-01,-6.188316345214843750e-01,5.177110433578491211e-02,1.172674179077148438e+00,4.851883053779602051e-01,6.878712177276611328e-01,6.648400425910949707e-02,-1.560885310173034668e-01,-2.014553360641002655e-02,3.962514922022819519e-02,1.003282796591520309e-02,-5.338740348815917969e-02,9.534174948930740356e-02,-1.687622666358947754e-01,-3.587948530912399292e-02,-5.036317557096481323e-02,8.756514638662338257e-02,-1.091989725828170776e-01,-2.646299079060554504e-02
-3.945642709732055664e-02,-4.591585602611303329e-03,7.404829859733581543e-01,-6.585580762475728989e-03,5.152211710810661316e-02,3.292036354541778564e-01,9.428293108940124512e-01,0.000000000000000000e+00,0.000000000000000000e+00,-3.022441640496253967e-02,-1.234050154685974121e+00,5.201109647750854492e-01,-6.139531135559082031e-01,5.010748282074928284e-02,1.173131704330444336e+00,4.838680922985076904e-01,6.816270351409912109e-01,6.539610028266906738e-02,-1.534980833530426025e-01,-2.119663171470165253e-02,4.305059090256690979e-02,8.436533622443675995e-03,-5.689604952931404114e-02,9.729710221290588379e-02,-1.662404239177703857e-01,-3.656999021768569946e-02,-4.606366157531738281e-02,8.160633593797683716e-02,-1.102322489023208618e-01,-2.448859810829162598e-02
-3.954024240374565125e-02,-3.358960384503006935e-03,7.403943538665771484e-01,-6.654043681919574738e-03,5.098909884691238403e-02,3.282867968082427979e-01,9.431774020195007324e-01,0.000000000000000000e+00,0.000000000000000000e+00,-3.678742051124572754e-02,-1.241179227828979492e+00,5.285606980323791504e-01,-6.012347340583801270e-01,5.046935752034187317e-02,1.173825025558471680e+00,4.826824069023132324e-01,6.746779680252075195e-01,6.397705525159835815e-02,-1.500008255243301392e-01,-2.175492979586124420e-02,4.575447738170623779e-02,7.746648043394088745e-03,-5.857916176319122314e-02,9.846529364585876465e-02,-1.618590056896209717e-01,-3.688339889049530029e-02,-4.280973598361015320e-02,7.680486142635345459e-02,-1.093766838312149048e-01,-2.307286858558654785e-02
-3.959651663899421692e-02,-2.013611840084195137e-03,7.403142452239990234e-01,-7.079754956066608429e-03,5.045351386070251465e-02,3.278656303882598877e-01,9.433495998382568359e-01,0.000000000000000000e+00,0.000000000000000000e+00,-3.280575945973396301e-02,-1.248919844627380371e+00,5.337780714035034180e-01,-5.752851366996765137e-01,5.134360119700431824e-02,1.174955725669860840e+00,4.821545183658599854e-01,6.683739423751831055e-01,6.140789017081260681e-02,-1.462629586458206177e-01,-2.167509868741035461e-02,4.862003028392791748e-02,6.332960445433855057e-03,-5.983186513185501099e-02,9.949908405542373657e-02,-1.571512967348098755e-01,-3.660488128662109375e-02,-4.074982926249504089e-02,7.113985717296600342e-02,-1.076738387346267700e-01,-2.092863805592060089e-02
-3.958427160978317261e-02,-5.870480672456324100e-04,7.402517795562744141e-01,-7.896690629422664642e-03,5.003124848008155823e-02,3.281117975711822510e-01,9.432799816131591797e-01,0.000000000000000000e+00,0.000000000000000000e+00,-2.495964057743549347e-02,-1.254356622695922852e+00,5.372124910354614258e-01,-5.475120544433593750e-01,5.324253067374229431e-02,1.175426483154296875e+00,4.835288226604461670e-01,6.643453836441040039e-01,5.885811150074005127e-02,-1.430033445358276367e-01,-2.111458033323287964e-02,5.060753226280212402e-02,4.592143930494785309e-03,-6.131320446729660034e-02,1.008954420685768127e-01,-1.526493728160858154e-01,-3.581375256180763245e-02,-3.926015272736549377e-02,6.559317559003829956e-02,-1.057365462183952332e-01,-1.859502866864204407e-02
-3.953687846660614014e-02,6.753916386514902115e-04,7.401349544525146484e-01,-8.190312422811985016e-03,4.928464442491531372e-02,3.289712369441986084e-01,9.430174231529235840e-01,0.000000000000000000e+00,0.000000000000000000e+00,-1.636940240859985352e-02,-1.257626175880432129e+00,5.384249091148376465e-01,-5.202770233154296875e-01,5.576979741454124451e-02,1.175512552261352539e+00,4.852458834648132324e-01,6.619118452072143555e-01,5.553505569696426392e-02,-1.390465795993804932e-01,-2.131855860352516174e-02,5.163692682981491089e-02,3.235660493373870850e-03,-6.257526576519012451e-02,1.017122566699981689e-01,-1.474739462137222290e-01,-3.584206849336624146e-02,-3.864926844835281372e-02,6.103168055415153503e-02,-1.043667197227478027e-01,-1.736355945467948914e-02
-3.936030715703964233e-02,1.974320271983742714e-03,7.400406599044799805e-01,-8.519580587744712830e-03,4.891657829284667969e-02,3.303442001342773438e-01,9.425535798072814941e-01,0.000000000000000000e+00,0.000000000000000000e+00,-6.557853426784276962e-03,-1.260264635086059570e+00,5.365395545959472656e-01,-4.956111311912536621e-01,5.923200771212577820e-02,1.174152731895446777e+00,4.906949102878570557e-01,6.620923280715942383e-01,5.218831449747085571e-02,-1.362218856811523438e-01,-2.189280278980731964e-02,5.159421637654304504e-02,2.337970305234193802e-03,-6.339091062545776367e-02,1.011326164007186890e-01,-1.427278667688369751e-01,-3.623237460851669312e-02,-3.838765621185302734e-02,5.642707273364067078e-02,-1.037787646055221558e-01,-1.650956831872463226e-02
-3.920587524771690369e-02,3.415226703509688377e-03,7.399355769157409668e-01,-9.319765493273735046e-03,4.856978356838226318e-02,3.319798707962036133e-01,9.419891238212585449e-01,0.000000000000000000e+00,0.000000000000000000e+00,2.423923462629318237e-03,-1.261148691177368164e+00,5.336998105049133301e-01,-4.745059907436370850e-01,6.230896338820457458e-02,1.173339128494262695e+00,4.966369867324829102e-01,6.623403429985046387e-01,4.894640669226646423e-02,-1.338313519954681396e-01,-2.175481058657169342e-02,5.068594217300415039e-02,1.476683653891086578e-03,-6.511676311492919922e-02,1.013846695423126221e-01,-1.385443657636642456e-01,-3.589516878128051758e-02,-3.867446631193161011e-02,5.255626142024993896e-02,-1.039299517869949341e-01,-1.569182239472866058e-02
-3.904997184872627258e-02,5.016161594539880753e-03,7.398701310157775879e-01,-1.028249692171812057e-02,4.851645231246948242e-02,3.334878087043762207e-01,9.414490461349487305e-01,0.000000000000000000e+00,0.000000000000000000e+00,1.056829839944839478e-02,-1.260842204093933105e+00,5.268012881278991699e-01,-4.587950408458709717e-01,6.422454118728637695e-02,1.173000574111938477e+00,5.020648837089538574e-01,6.637492775917053223e-01,4.586905613541603088e-02,-1.324049383401870728e-01,-2.170838043093681335e-02,4.932615533471107483e-02,1.212590723298490047e-03,-6.706871837377548218e-02,1.021781936287879944e-01,-1.352488845586776733e-01,-3.570936620235443115e-02,-3.954522684216499329e-02,4.911999776959419250e-02,-1.034493148326873779e-01,-1.432436797767877579e-02
-3.895092010498046875e-02,6.813624408096075058e-03,7.397849559783935547e-01,-1.170517504215240479e-02,4.852183908224105835e-02,3.353078663349151611e-01,9.407854676246643066e-01,0.000000000000000000e+00,0.000000000000000000e+00,1.721302047371864319e-02,-1.260110735893249512e+00,5.196905136108398438e-01,-4.482060372829437256e-01,6.535708904266357422e-02,1.172687888145446777e+00,5.093421339988708496e-01,6.658284068107604980e-01,4.218505322933197021e-02,-1.309470534324645996e-01,-2.108419686555862427e-02,4.769540950655937195e-02,3.069929662160575390e-04,-7.066158950328826904e-02,1.039150506258010864e-01,-1.321983486413955688e-01,-3.493797779083251953e-02,-4.114455729722976685e-02,4.549258947372436523e-02,-1.026272550225257874e-01,-1.257779728621244431e-02
-3.894354403018951416e-02,8.740539662539958954e-03,7.396903634071350098e-01,-1.317396108061075211e-02,4.838907346129417419e-02,3.373120427131652832e-01,9.400561451911926270e-01,0.000000000000000000e+00,0.000000000000000000e+00,2.163118682801723480e-02,-1.259703755378723145e+00,5.128250122070312500e-01,-4.424844682216644287e-01,6.495636701583862305e-02,1.173625707626342773e+00,5.147048830986022949e-01,6.672491431236267090e-01,3.784703090786933899e-02,-1.294726282358169556e-01,-2.050369419157505035e-02,4.592898860573768616e-02,3.837411810536650592e-08,-7.437542080879211426e-02,1.068078652024269104e-01,-1.290371716022491455e-01,-3.427387028932571411e-02,-4.356708750128746033e-02,4.213923215866088867e-02,-1.016158312559127808e-01,-1.054758671671152115e-02
-3.900320827960968018e-02,1.095328573137521744e-02,7.395958900451660156e-01,-1.494799554347991943e-02,4.854036495089530945e-02,3.390531241893768311e-01,9.393952488899230957e-01,0.000000000000000000e+00,0.000000000000000000e+00,2.373803779482841492e-02,-1.262264370918273926e+00,5.079870820045471191e-01,-4.439516067504882812e-01,6.285377591848373413e-02,1.174664139747619629e+00,5.193784236907958984e-01,6.678724288940429688e-01,3.346270322799682617e-02,-1.287096440792083740e-01,-1.989197172224521637e-02,4.381799697875976562e-02,4.796764981745971212e-12,-7.942204922437667847e-02,1.105510964989662170e-01,-1.274477839469909668e-01,-3.359141200780868530e-02,-4.571050032973289490e-02,4.026361182332038879e-02,-1.009917408227920532e-01,-8.254898712038993835e-03
-3.909792378544807434e-02,1.337627600878477097e-02,7.395117878913879395e-01,-1.683515310287475586e-02,4.886235296726226807e-02,3.410997986793518066e-01,9.386053085327148438e-01,0.000000000000000000e+00,0.000000000000000000e+00,2.543320693075656891e-02,-1.266360282897949219e+00,5.041356682777404785e-01,-4.470959007740020752e-01,6.019202619791030884e-02,1.175706028938293457e+00,5.227161049842834473e-01,6.680399179458618164e-01,2.865827642381191254e-02,-1.282991170883178711e-01,-1.955381967127323151e-02,4.160325601696968079e-02,5.999012381348463839e-16,-8.441125601530075073e-02,1.149943917989730835e-01,-1.270615011453628540e-01,-3.325853869318962097e-02,-4.820285364985466003e-02,4.019797965884208679e-02,-1.007782220840454102e-01,-6.414033472537994385e-03
-3.912097215652465820e-02,1.614834927022457123e-02,7.394408583641052246e-01,-1.894715242087841034e-02,5.003698170185089111e-02,3.430737257003784180e-01,9.377834200859069824e-01,0.000000000000000000e+00,0.000000000000000000e+00,2.776359952986240387e-02,-1.270530104637145996e+00,5.013008117675781250e-01,-4.526382386684417725e-01,5.496586114168167114e-02,1.177550435066223145e+00,5.251678824424743652e-01,6.684589385986328125e-01,2.362966910004615784e-02,-1.298180818557739258e-01,-1.986790820956230164e-02,3.810009732842445374e-02,6.629970157518982887e-04,-9.057360887527465820e-02,1.202979460358619690e-01,-1.290486454963684082e-01,-3.353154659271240234e-02,-5.007489398121833801e-02,4.154473915696144104e-02,-1.021484732627868652e-01,-4.872142802923917770e-03
-3.920694813132286072e-02,1.922805048525333405e-02,7.393524050712585449e-01,-2.130635082721710205e-02,5.142948031425476074e-02,3.451644182205200195e-01,9.368898272514343262e-01,0.000000000000000000e+00,0.000000000000000000e+00,3.012248314917087555e-02,-1.273873567581176758e+00,5.006908774375915527e-01,-4.590202867984771729e-01,4.658069461584091187e-02,1.181069970130920410e+00,5.278744697570800781e-01,6.703731417655944824e-01,1.829122565686702728e-02,-1.319057345390319824e-01,-2.032563649117946625e-02,3.439697995781898499e-02,1.625479198992252350e-03,-9.762845188379287720e-02,1.252857297658920288e-01,-1.320818662643432617e-01,-3.395936265587806702e-02,-5.202020332217216492e-02,4.408971965312957764e-02,-1.044937819242477417e-01,-3.789854701608419418e-03
-3.945718333125114441e-02,2.249436452984809875e-02,7.392084002494812012e-01,-2.375435829162597656e-02,5.242361128330230713e-02,3.478047549724578857e-01,9.357987642288208008e-01,0.000000000000000000e+00,0.000000000000000000e+00,3.060254827141761780e-02,-1.274505138397216797e+00,4.997060000896453857e-01,-4.667554497718811035e-01,3.616967052221298218e-02,1.184976696968078613e+00,5.312932133674621582e-01,6.725043058395385742e-01,1.297905296087265015e-02,-1.335339546203613281e-01,-2.084479108452796936e-02,3.041092865169048309e-02,2.948214299976825714e-03,-1.048944443464279175e-01,1.305962353944778442e-01,-1.357635855674743652e-01,-3.457784280180931091e-02,-5.459384620189666748e-02,4.969160631299018860e-02,-1.067709028720855713e-01,-2.369312336668372154e-03
-3.966016322374343872e-02,2.616484835743904114e-02,7.390412092208862305e-01,-2.650891244411468506e-02,5.437427759170532227e-02,3.501795232295989990e-01,9.347272515296936035e-01,0.000000000000000000e+00,0.000000000000000000e+00,2.450122870504856110e-02,-1.268245339393615723e+00,4.973185062408447266e-01,-4.743261039257049561e-01,2.711569704115390778e-02,1.187383413314819336e+00,5.318787693977355957e-01,6.729465126991271973e-01,8.152626454830169678e-03,-1.366487145423889160e-01,-2.203514613211154938e-02,2.619696222245693207e-02,3.711356315761804581e-03,-1.141165271401405334e-01,1.373943239450454712e-01,-1.422161608934402466e-01,-3.581732884049415588e-02,-5.614065006375312805e-02,5.697417631745338440e-02,-1.102120503783226013e-01,-2.059562131762504578e-03
-3.980469703674316406e-02,3.014815039932727814e-02,7.388403415679931641e-01,-2.917212806642055511e-02,5.722740292549133301e-02,3.519204854965209961e-01,9.338233470916748047e-01,0.000000000000000000e+00,0.000000000000000000e+00,1.310000475496053696e-02,-1.258394241333007812e+00,4.959651231765747070e-01,-4.821418523788452148e-01,2.079431340098381042e-02,1.186748623847961426e+00,5.299367904663085938e-01,6.738723516464233398e-01,4.047610796988010406e-03,-1.411626189947128296e-01,-2.452534250915050507e-02,2.224661409854888916e-02,4.506196361035108566e-03,-1.247433722019195557e-01,1.435574293136596680e-01,-1.522922366857528687e-01,-3.840048238635063171e-02,-5.674555897712707520e-02,6.798059493303298950e-02,-1.157274022698402405e-01,-1.163250766694545746e-03
-3.996166959404945374e-02,3.443608060479164124e-02,7.386785745620727539e-01,-3.233312070369720459e-02,6.047544255852699280e-02,3.534631133079528809e-01,9.329314827919006348e-01,0.000000000000000000e+00,0.000000000000000000e+00,4.215573891997337341e-03,-1.253794431686401367e+00,4.946840405464172363e-01,-4.905634820461273193e-01,1.527216006070375443e-02,1.184585094451904297e+00,5.237752795219421387e-01,6.760275363922119141e-01,1.316184410825371742e-03,-1.468139141798019409e-01,-2.676511555910110474e-02,1.846735179424285889e-02,5.455441772937774658e-03,-1.358479857444763184e-01,1.508180946111679077e-01,-1.679693758487701416e-01,-4.096340760588645935e-02,-5.704422295093536377e-02,8.771772682666778564e-02,-1.202876940369606018e-01,-2.967530745081603527e-04
-4.004719108343124390e-02,3.879935666918754578e-02,7.386580109596252441e-01,-3.521268442273139954e-02,6.371206790208816528e-02,3.545500934123992920e-01,9.321990609169006348e-01,0.000000000000000000e+00,0.000000000000000000e+00,-1.034281565807759762e-03,-1.252226710319519043e+00,4.949962794780731201e-01,-4.992203414440155029e-01,1.020900812000036240e-02,1.181217312812805176e+00,5.131444334983825684e-01,6.813256144523620605e-01,8.304824004881083965e-04,-1.523241549730300903e-01,-2.976488135755062103e-02,1.462245639413595200e-02,6.544426549226045609e-03,-1.438730359077453613e-01,1.567281782627105713e-01,-1.910618394613265991e-01,-4.481626674532890320e-02,-5.733329802751541138e-02,1.222002580761909485e-01,-1.209741830825805664e-01,4.208450263831764460e-04
-3.998174890875816345e-02,4.334935918450355530e-02,7.386450767517089844e-01,-3.803234174847602844e-02,6.679556518793106079e-02,3.539884984493255615e-01,9.320858716964721680e-01,0.000000000000000000e+00,0.000000000000000000e+00,-5.160648841410875320e-03,-1.249440431594848633e+00,4.975776970386505127e-01,-5.073980689048767090e-01,4.379575140774250031e-03,1.175734758377075195e+00,5.024169683456420898e-01,6.888397932052612305e-01,5.287025705911219120e-04,-1.565443128347396851e-01,-3.221607580780982971e-02,1.301950868219137192e-02,7.549705915153026581e-03,-1.500003933906555176e-01,1.641781777143478394e-01,-2.251006364822387695e-01,-5.040704831480979919e-02,-7.301097363233566284e-02,1.753646731376647949e-01,-1.121063753962516785e-01,-2.764103002846240997e-03
-3.935724124312400818e-02,4.846360534429550171e-02,7.385812997817993164e-01,-4.072879999876022339e-02,7.101202756166458130e-02,3.503410816192626953e-01,9.330378174781799316e-01,0.000000000000000000e+00,0.000000000000000000e+00,-1.012770272791385651e-02,-1.245165228843688965e+00,4.986241757869720459e-01,-5.152981281280517578e-01,-1.679314649663865566e-03,1.165318965911865234e+00,4.941346943378448486e-01,7.051740288734436035e-01,6.634444463998079300e-03,-1.616813540458679199e-01,-3.586230799555778503e-02,1.277554593980312347e-02,8.171629160642623901e-03,-1.547136306762695312e-01,1.709699779748916626e-01,-2.879489958286285400e-01,-6.447408348321914673e-02,-1.039861962199211121e-01,2.744606137275695801e-01,-8.708352595567703247e-02,-8.490427397191524506e-03
-3.843282163143157959e-02,5.396467074751853943e-02,7.392757534980773926e-01,-4.315987974405288696e-02,7.204014807939529419e-02,3.461878299713134766e-01,9.343989491462707520e-01,0.000000000000000000e+00,0.000000000000000000e+00,-1.471706759184598923e-02,-1.236699104309082031e+00,5.032326579093933105e-01,-5.212836265563964844e-01,-6.903443951159715652e-03,1.160266995429992676e+00,4.850050210952758789e-01,7.169365286827087402e-01,2.440150827169418335e-02,-1.609382629394531250e-01,-3.890499100089073181e-02,4.615814425051212311e-03,9.183822199702262878e-03,-1.520893871784210205e-01,1.738758236169815063e-01,-3.795668482780456543e-01,-6.493197381496429443e-02,-9.452683478593826294e-02,4.051025211811065674e-01,-1.139778494834899902e-01,-2.817871421575546265e-02
-3.633306920528411865e-02,6.038383021950721741e-02,7.395653128623962402e-01,-4.533828422427177429e-02,7.409241795539855957e-02,3.392918407917022705e-01,9.366620779037475586e-01,0.000000000000000000e+00,0.000000000000000000e+00,-2.002662420272827148e-02,-1.225514888763427734e+00,5.122039914131164551e-01,-5.295097231864929199e-01,-1.450512371957302094e-02,1.156570434570312500e+00,4.798224270343780518e-01,7.245938181877136230e-01,4.465196281671524048e-02,-1.585923582315444946e-01,-4.267280921339988708e-02,-5.322197102941572666e-04,9.021560661494731903e-03,-1.501762866973876953e-01,1.734502911567687988e-01,-4.796815514564514160e-01,-7.107202708721160889e-02,-1.018428802490234375e-01,5.477281212806701660e-01,-8.518184721469879150e-02,-3.545363247394561768e-02
-3.201913088560104370e-02,6.816475838422775269e-02,7.396330833435058594e-01,-4.799831286072731018e-02,7.976939529180526733e-02,3.315791785717010498e-01,9.388228058815002441e-01,0.000000000000000000e+00,0.000000000000000000e+00,-2.503529377281665802e-02,-1.214797019958496094e+00,5.211844444274902344e-01,-5.385904312133789062e-01,-1.929132267832756042e-02,1.155791163444519043e+00,4.763101041316986084e-01,7.275481224060058594e-01,6.809958815574645996e-02,-1.583119481801986694e-01,-4.846887290477752686e-02,-6.825380027294158936e-03,5.461703985929489136e-03,-1.589989662170410156e-01,1.711532771587371826e-01,-5.828863978385925293e-01,-7.218760251998901367e-02,-1.093836948275566101e-01,6.738145351409912109e-01,-6.429949402809143066e-02,-2.999661304056644440e-02
-2.532387338578701019e-02,7.741576433181762695e-02,7.392610311508178711e-01,-5.159773305058479309e-02,8.870860934257507324e-02,3.231799304485321045e-01,9.407566785812377930e-01,0.000000000000000000e+00,0.000000000000000000e+00,-3.001929074525833130e-02,-1.206766247749328613e+00,5.290716886520385742e-01,-5.507568717002868652e-01,-2.051056921482086182e-02,1.156765818595886230e+00,4.752533733844757080e-01,7.241767048835754395e-01,9.330446273088455200e-02,-1.600558757781982422e-01,-5.497949942946434021e-02,-1.448725815862417221e-02,2.767719561234116554e-04,-1.782069057226181030e-01,1.676921099424362183e-01,-6.786964535713195801e-01,-6.800913810729980469e-02,-1.163329631090164185e-01,7.565233111381530762e-01,-6.664134562015533447e-02,-1.948173344135284424e-02
-1.702193357050418854e-02,8.738332986831665039e-02,7.383977174758911133e-01,-5.474371463060379028e-02,9.620169550180435181e-02,3.151953816413879395e-01,9.425498247146606445e-01,0.000000000000000000e+00,0.000000000000000000e+00,-3.497026860713958740e-02,-1.200770139694213867e+00,5.343507528305053711e-01,-5.687101483345031738e-01,-1.944664493203163147e-02,1.161347389221191406e+00,4.701736867427825928e-01,7.125333547592163086e-01,1.209103912115097046e-01,-1.579742878675460815e-01,-6.094930320978164673e-02,-2.458066493272781372e-02,4.324561975882490472e-12,-1.997605413198471069e-01,1.644005626440048218e-01,-7.640834450721740723e-01,-6.360083073377609253e-02,-1.250558793544769287e-01,7.877309322357177734e-01,-8.615711331367492676e-02,-6.454942747950553894e-03
-7.011515088379383087e-03,9.776150435209274292e-02,7.369009852409362793e-01,-5.683524161577224731e-02,1.023906618356704712e-01,3.088393509387969971e-01,9.438772201538085938e-01,0.000000000000000000e+00,0.000000000000000000e+00,-4.357033222913742065e-02,-1.200008749961853027e+00,5.367464423179626465e-01,-5.885369777679443359e-01,-1.614564470946788788e-02,1.167579412460327148e+00,4.595516324043273926e-01,6.969527602195739746e-01,1.466698348522186279e-01,-1.491057872772216797e-01,-6.641577929258346558e-02,-3.199810162186622620e-02,3.654526959651129025e-18,-2.196496725082397461e-01,1.597807407379150391e-01,-8.265508413314819336e-01,-5.985381826758384705e-02,-1.316860765218734741e-01,7.561394572257995605e-01,-1.055220812559127808e-01,8.170267567038536072e-03
4.857010208070278168e-03,1.085045561194419861e-01,7.345611453056335449e-01,-5.726687982678413391e-02,1.084452718496322632e-01,3.026926219463348389e-01,9.451652169227600098e-01,0.000000000000000000e+00,0.000000000000000000e+00,-5.191161110997200012e-02,-1.201090216636657715e+00,5.410838723182678223e-01,-6.092847585678100586e-01,-9.143619798123836517e-03,1.174635410308837891e+00,4.438030123710632324e-01,6.812705993652343750e-01,1.717113554477691650e-01,-1.350345313549041748e-01,-7.330207526683807373e-02,-3.926100209355354309e-02,2.571171820112878891e-18,-2.361712902784347534e-01,1.554176658391952515e-01,-8.618536591529846191e-01,-5.866235867142677307e-02,-1.397723108530044556e-01,6.663239002227783203e-01,-1.146405413746833801e-01,2.221242338418960571e-02
1.828797161579132080e-02,1.196918264031410217e-01,7.313488721847534180e-01,-5.650270730257034302e-02,1.131603047251701355e-01,2.961870133876800537e-01,9.467182159423828125e-01,0.000000000000000000e+00,0.000000000000000000e+00,-6.146434694528579712e-02,-1.201431274414062500e+00,5.514404177665710449e-01,-6.309791803359985352e-01,-1.973280915990471840e-03,1.182544231414794922e+00,4.174282550811767578e-01,6.590502858161926270e-01,1.979973614215850830e-01,-1.139174848794937134e-01,-7.978814095258712769e-02,-4.596354812383651733e-02,8.942583427861777951e-19,-2.484631687402725220e-01,1.516465544700622559e-01,-8.768759965896606445e-01,-6.072115153074264526e-02,-1.436250060796737671e-01,5.360963344573974609e-01,-1.225162595510482788e-01,3.717500343918800354e-02
3.343468531966209412e-02,1.310983598232269287e-01,7.276979684829711914e-01,-5.476764217019081116e-02,1.176642701029777527e-01,2.913326919078826904e-01,9.477767944335937500e-01,0.000000000000000000e+00,0.000000000000000000e+00,-7.050644606351852417e-02,-1.199952125549316406e+00,5.674945116043090820e-01,-6.479659080505371094e-01,7.600666489452123642e-03,1.190447092056274414e+00,3.863605260848999023e-01,6.313924789428710938e-01,2.173054069280624390e-01,-8.862418681383132935e-02,-8.568819612264633179e-02,-4.194941744208335876e-02,2.005750858041031718e-18,-2.556905746459960938e-01,1.412385404109954834e-01,-8.700314760208129883e-01,-5.845658481121063232e-02,-1.411540955305099487e-01,3.743677437305450439e-01,-1.307630389928817749e-01,4.696901515126228333e-02
4.810230806469917297e-02,1.416480094194412231e-01,7.225786447525024414e-01,-5.049436911940574646e-02,1.129504889249801636e-01,2.876587808132171631e-01,9.497078061103820801e-01,0.000000000000000000e+00,0.000000000000000000e+00,-4.820036515593528748e-02,-1.198866724967956543e+00,5.815134048461914062e-01,-6.491494178771972656e-01,4.422118514776229858e-02,1.213742256164550781e+00,3.556685745716094971e-01,6.004149317741394043e-01,2.443322390317916870e-01,-4.374653473496437073e-02,-8.483526110649108887e-02,-3.883940726518630981e-02,-9.109276864903464088e-19,-2.560027241706848145e-01,1.178517192602157593e-01,-8.105076551437377930e-01,-5.719047039747238159e-02,-1.727234721183776855e-01,1.967201828956604004e-01,-1.329213231801986694e-01,4.578004032373428345e-02
6.470490992069244385e-02,1.531099528074264526e-01,7.172921895980834961e-01,-4.539570957422256470e-02,1.120967268943786621e-01,2.823191881179809570e-01,9.516666531562805176e-01,0.000000000000000000e+00,0.000000000000000000e+00,-3.309740498661994934e-02,-1.191966176033020020e+00,5.914313197135925293e-01,-6.417523622512817383e-01,7.121050357818603516e-02,1.228069782257080078e+00,3.259635567665100098e-01,5.773546695709228516e-01,2.689905464649200439e-01,-2.556907478719949722e-03,-8.775729686021804810e-02,-5.026039853692054749e-02,2.053297199650579749e-18,-2.490654140710830688e-01,9.265982359647750854e-02,-7.675964832305908203e-01,-5.869124829769134521e-02,-1.901453882455825806e-01,8.962858468294143677e-02,-1.305115818977355957e-01,4.246803745627403259e-02
8.320245146751403809e-02,1.655750870704650879e-01,7.117620110511779785e-01,-3.941985219717025757e-02,1.150031760334968567e-01,2.754634618759155273e-01,9.535933136940002441e-01,0.000000000000000000e+00,0.000000000000000000e+00,-2.997563406825065613e-02,-1.191713929176330566e+00,5.942314863204956055e-01,-6.224321722984313965e-01,8.439148217439651489e-02,1.235273599624633789e+00,2.916217744350433350e-01,5.512606501579284668e-01,2.879384160041809082e-01,3.654413297772407532e-02,-9.635578095912933350e-02,-7.424098253250122070e-02,1.768434449331834912e-04,-2.279964834451675415e-01,7.164321839809417725e-02,-7.470338344573974609e-01,-6.536071747541427612e-02,-1.930537670850753784e-01,6.738308072090148926e-02,-1.145287305116653442e-01,3.089016862213611603e-02
1.035333946347236633e-01,1.793429702520370483e-01,7.092836499214172363e-01,-3.339876607060432434e-02,1.233730316162109375e-01,2.665018141269683838e-01,9.553221464157104492e-01,0.000000000000000000e+00,0.000000000000000000e+00,-3.863722458481788635e-02,-1.203321337699890137e+00,5.901558399200439453e-01,-5.916525721549987793e-01,8.522371947765350342e-02,1.232454895973205566e+00,2.640925645828247070e-01,5.222252011299133301e-01,2.958338558673858643e-01,5.454951152205467224e-02,-1.126556023955345154e-01,-9.564249962568283081e-02,3.068619407713413239e-02,-1.818363964557647705e-01,4.514655098319053650e-02,-7.484077215194702148e-01,-7.331718504428863525e-02,-1.732249557971954346e-01,1.178292855620384216e-01,-7.942103594541549683e-02,1.045969501137733459e-02
1.214798390865325928e-01,1.934001892805099487e-01,7.084102034568786621e-01,-2.872175164520740509e-02,1.193771138787269592e-01,2.583870291709899902e-01,9.582068324089050293e-01,0.000000000000000000e+00,0.000000000000000000e+00,-2.419796213507652283e-02,-1.215764880180358887e+00,5.779343247413635254e-01,-5.479947924613952637e-01,9.429746121168136597e-02,1.235382556915283203e+00,2.456213384866714478e-01,4.959771335124969482e-01,3.135695755481719971e-01,7.624652236700057983e-02,-1.112114116549491882e-01,-1.081646680831909180e-01,8.372728526592254639e-02,-1.058299690485000610e-01,2.381738275289535522e-02,-7.244533896446228027e-01,-7.990179955959320068e-02,-1.633409410715103149e-01,1.743839234113693237e-01,-4.602912440896034241e-02,-1.225651428103446960e-02
1.399010866880416870e-01,2.085311859846115112e-01,7.097029089927673340e-01,-2.772642485797405243e-02,1.165250986814498901e-01,2.535507380962371826e-01,9.598776698112487793e-01,0.000000000000000000e+00,0.000000000000000000e+00,-5.756299011409282684e-03,-1.224416017532348633e+00,5.646706223487854004e-01,-5.041810274124145508e-01,1.009946018457412720e-01,1.238188862800598145e+00,2.420536130666732788e-01,4.810004830360412598e-01,3.171010017395019531e-01,7.291291654109954834e-02,-1.045105233788490295e-01,-1.055295690894126892e-01,1.685468852519989014e-01,2.741690538823604584e-02,-6.757544819265604019e-03,-6.955850720405578613e-01,-7.568522542715072632e-02,-1.502124220132827759e-01,2.273993790149688721e-01,-3.211940452456474304e-02,-4.156545549631118774e-02
1.614490747451782227e-01,2.241936624050140381e-01,7.144206762313842773e-01,-2.577304467558860779e-02,1.261650621891021729e-01,2.520223855972290039e-01,9.591156840324401855e-01,0.000000000000000000e+00,0.000000000000000000e+00,-1.978793367743492126e-02,-1.233512520790100098e+00,5.573644042015075684e-01,-4.799043536186218262e-01,8.142379671335220337e-02,1.208274126052856445e+00,2.459890544414520264e-01,4.884000122547149658e-01,2.819511890411376953e-01,8.772646076977252960e-03,-1.230587512254714966e-01,-6.942470371723175049e-02,3.130430281162261963e-01,2.031277120113372803e-01,-4.234184697270393372e-02,-6.904822587966918945e-01,-6.535638123750686646e-02,-9.987222403287887573e-02,2.720388174057006836e-01,-5.372671782970428467e-02,-7.847021520137786865e-02
1.820722967386245728e-01,2.405528277158737183e-01,7.198743820190429688e-01,-2.606400288641452789e-02,1.258461922407150269e-01,2.548148632049560547e-01,9.584115743637084961e-01,0.000000000000000000e+00,0.000000000000000000e+00,-6.510910112410783768e-03,-1.225478649139404297e+00,5.481984615325927734e-01,-4.773434996604919434e-01,8.469870686531066895e-02,1.195330977439880371e+00,2.597106695175170898e-01,5.149413347244262695e-01,2.560034096240997314e-01,-6.740274280309677124e-02,-1.104638278484344482e-01,-3.575179353356361389e-02,4.703779518604278564e-01,3.360679745674133301e-01,-5.159040167927742004e-02,-6.375248432159423828e-01,-4.945566877722740173e-02,-9.243684262037277222e-02,2.738667428493499756e-01,-8.854152262210845947e-02,-1.131411567330360413e-01
2.030646651983261108e-01,2.567968070507049561e-01,7.242854833602905273e-01,-2.440040558576583862e-02,1.232229173183441162e-01,2.598970830440521240e-01,9.574310779571533203e-01,0.000000000000000000e+00,0.000000000000000000e+00,4.097499884665012360e-03,-1.212228178977966309e+00,5.322234034538269043e-01,-4.947606325149536133e-01,8.576887845993041992e-02,1.175120353698730469e+00,2.741938233375549316e-01,5.520135164260864258e-01,2.110779881477355957e-01,-1.759448349475860596e-01,-8.892230689525604248e-02,7.466302253305912018e-03,6.320856213569641113e-01,3.472856283187866211e-01,-2.850676327943801880e-02,-5.768653154373168945e-01,-2.698092535138130188e-02,-7.951587438583374023e-02,2.625581622123718262e-01,-1.246097385883331299e-01,-1.352860629558563232e-01
2.236883491277694702e-01,2.729493677616119385e-01,7.278468608856201172e-01,-2.375229261815547943e-02,1.201453953981399536e-01,2.651498615741729736e-01,9.563976526260375977e-01,0.000000000000000000e+00,0.000000000000000000e+00,1.151025481522083282e-02,-1.198791980743408203e+00,5.101646780967712402e-01,-5.227891206741333008e-01,8.039630204439163208e-02,1.151890039443969727e+00,2.907403111457824707e-01,5.959013104438781738e-01,1.591465473175048828e-01,-3.000016212463378906e-01,-6.502160429954528809e-02,4.540701210498809814e-02,7.584437727928161621e-01,3.018454611301422119e-01,3.749514697119593620e-03,-5.113672018051147461e-01,-3.244900377467274666e-03,-6.703719496726989746e-02,2.371905893087387085e-01,-1.567514091730117798e-01,-1.448045074939727783e-01
2.434419989585876465e-01,2.889997065067291260e-01,7.298725247383117676e-01,-2.587055414915084839e-02,1.156011298298835754e-01,2.714027166366577148e-01,9.551479816436767578e-01,0.000000000000000000e+00,0.000000000000000000e+00,1.844858936965465546e-02,-1.186959147453308105e+00,4.884231984615325928e-01,-5.587397217750549316e-01,7.433854788541793823e-02,1.130919337272644043e+00,3.012603223323822021e-01,6.456738114356994629e-01,1.030914932489395142e-01,-4.182321727275848389e-01,-4.073332622647285461e-02,7.912794500589370728e-02,8.262825608253479004e-01,2.280699908733367920e-01,3.114922903478145599e-02,-4.421725571155548096e-01,2.220879122614860535e-02,-5.471329763531684875e-02,2.024638056755065918e-01,-1.784450709819793701e-01,-1.415630728006362915e-01
2.625823616981506348e-01,3.042738735675811768e-01,7.310652136802673340e-01,-2.706296555697917938e-02,1.096479371190071106e-01,2.777736186981201172e-01,9.539846777915954590e-01,0.000000000000000000e+00,0.000000000000000000e+00,2.504997886717319489e-02,-1.175958275794982910e+00,4.754839837551116943e-01,-5.951727032661437988e-01,6.559910625219345093e-02,1.109216809272766113e+00,3.124609589576721191e-01,6.936686038970947266e-01,5.073090642690658569e-02,-5.170921683311462402e-01,-1.792346499860286713e-02,1.007014065980911255e-01,8.250511288642883301e-01,1.639729887247085571e-01,4.495714604854583740e-02,-3.626411855220794678e-01,4.259546473622322083e-02,-3.473356738686561584e-02,1.501165032386779785e-01,-1.915237158536911011e-01,-1.300204694271087646e-01
2.817590236663818359e-01,3.194287717342376709e-01,7.306283712387084961e-01,-2.790095470845699310e-02,1.043273657560348511e-01,2.836826443672180176e-01,9.528176784515380859e-01,0.000000000000000000e+00,0.000000000000000000e+00,3.306767344474792480e-02,-1.171375870704650879e+00,4.619595706462860107e-01,-6.180617213249206543e-01,5.638360977172851562e-02,1.090312361717224121e+00,3.194715380668640137e-01,7.458135485649108887e-01,-1.824232516810297966e-03,-5.948835015296936035e-01,4.993340931832790375e-03,1.204517483711242676e-01,7.435097098350524902e-01,1.037743985652923584e-01,5.095719173550605774e-02,-2.824631333351135254e-01,5.805715918540954590e-02,-8.722806349396705627e-03,9.323822706937789917e-02,-1.968639045953750610e-01,-1.091902181506156921e-01
3.005987703800201416e-01,3.347898721694946289e-01,7.282723784446716309e-01,-2.754962071776390076e-02,9.778528660535812378e-02,2.857052683830261230e-01,9.529173970222473145e-01,0.000000000000000000e+00,0.000000000000000000e+00,4.067603871226310730e-02,-1.174047827720642090e+00,4.453386962413787842e-01,-6.287479400634765625e-01,4.398850724101066589e-02,1.073272705078125000e+00,3.309253156185150146e-01,7.961457371711730957e-01,-4.848713800311088562e-02,-6.412932872772216797e-01,2.730477415025234222e-02,1.221183389425277710e-01,6.044229269027709961e-01,5.605398863554000854e-02,5.045402050018310547e-02,-2.097088098526000977e-01,6.639602780342102051e-02,1.568756625056266785e-02,5.550331622362136841e-02,-2.038338780403137207e-01,-8.835349231958389282e-02
3.185170888900756836e-01,3.497688174247741699e-01,7.236548662185668945e-01,-2.434999868273735046e-02,8.498332649469375610e-02,2.859213650226593018e-01,9.541665911674499512e-01,0.000000000000000000e+00,0.000000000000000000e+00,7.730913907289505005e-02,-1.184286832809448242e+00,4.392899274826049805e-01,-6.253580451011657715e-01,5.711559206247329712e-02,1.068953394889831543e+00,3.404749333858489990e-01,8.342196941375732422e-01,-1.029071882367134094e-01,-6.128770112991333008e-01,5.623967945575714111e-02,1.374366432428359985e-01,3.852420449256896973e-01,3.649726137518882751e-02,4.870050773024559021e-02,-1.252944767475128174e-01,6.802124530076980591e-02,4.497274011373519897e-02,2.442105673253536224e-02,-2.086292505264282227e-01,-6.991940736770629883e-02
3.375691771507263184e-01,3.665032982826232910e-01,7.183824777603149414e-01,-2.562400139868259430e-02,7.719414681196212769e-02,2.848542034626007080e-01,9.551138877868652344e-01,0.000000000000000000e+00,0.000000000000000000e+00,1.009219735860824585e-01,-1.191516876220703125e+00,4.389408826828002930e-01,-6.175287961959838867e-01,6.135566905140876770e-02,1.059194922447204590e+00,3.479149043560028076e-01,8.656823635101318359e-01,-1.553493142127990723e-01,-5.999096035957336426e-01,8.596877008676528931e-02,1.538549363613128662e-01,1.826687753200531006e-01,1.070049963891506195e-02,3.568164631724357605e-02,-5.926865711808204651e-02,6.763839721679687500e-02,7.482324540615081787e-02,6.121622398495674133e-03,-2.101090997457504272e-01,-5.067844316363334656e-02
3.572857081890106201e-01,3.845960199832916260e-01,7.119822502136230469e-01,-2.969204261898994446e-02,7.349073886871337891e-02,2.810508906841278076e-01,9.564141035079956055e-01,0.000000000000000000e+00,0.000000000000000000e+00,1.123104393482208252e-01,-1.199491143226623535e+00,4.415678083896636963e-01,-6.000165939331054688e-01,5.220654606819152832e-02,1.050422906875610352e+00,3.574886322021484375e-01,8.881458640098571777e-01,-1.747517883777618408e-01,-6.000584959983825684e-01,9.761578589677810669e-02,1.482761502265930176e-01,2.330067008733749390e-02,-2.563432231545448303e-02,2.408287301659584045e-02,-9.801262058317661285e-03,6.224689260125160217e-02,9.084445238113403320e-02,8.084665983915328979e-03,-2.260873466730117798e-01,-3.621275350451469421e-02
3.770435452461242676e-01,4.029449820518493652e-01,7.050540447235107422e-01,-3.342537209391593933e-02,6.945041567087173462e-02,2.755765914916992188e-01,9.581841826438903809e-01,0.000000000000000000e+00,0.000000000000000000e+00,1.198751926422119141e-01,-1.211605429649353027e+00,4.446722865104675293e-01,-5.650695562362670898e-01,4.382569715380668640e-02,1.052174806594848633e+00,3.601282238960266113e-01,8.939953446388244629e-01,-1.822446435689926147e-01,-6.166014075279235840e-01,1.058908328413963318e-01,1.453263908624649048e-01,1.820364345372915693e-11,-5.592854321002960205e-02,2.150438167154788971e-02,2.748592756688594818e-02,5.415718629956245422e-02,9.614586085081100464e-02,3.799922391772270203e-02,-2.442336082458496094e-01,-2.637925557792186737e-02
3.971055746078491211e-01,4.214836955070495605e-01,6.987656950950622559e-01,-3.665610402822494507e-02,6.439460813999176025e-02,2.688218057155609131e-01,9.603356122970581055e-01,0.000000000000000000e+00,0.000000000000000000e+00,1.205267384648323059e-01,-1.225731253623962402e+00,4.527117908000946045e-01,-5.138837099075317383e-01,3.761882334947586060e-02,1.067091703414916992e+00,3.562694787979125977e-01,8.787987232208251953e-01,-1.957601904869079590e-01,-5.921648740768432617e-01,1.109898984432220459e-01,1.489857584238052368e-01,1.031871670420514420e-05,-1.520335022360086441e-02,3.412779420614242554e-02,4.942378401756286621e-02,4.428922384977340698e-02,1.025889068841934204e-01,9.704775363206863403e-02,-2.274446040391921997e-01,-9.229126386344432831e-03
4.179484248161315918e-01,4.396609961986541748e-01,6.956520676612854004e-01,-3.721507266163825989e-02,6.238324940204620361e-02,2.594947814941406250e-01,9.630087614059448242e-01,0.000000000000000000e+00,0.000000000000000000e+00,1.013845205307006836e-01,-1.241650581359863281e+00,4.603593945503234863e-01,-4.542493522167205811e-01,2.360958978533744812e-02,1.085917115211486816e+00,3.549892902374267578e-01,8.472137451171875000e-01,-1.862456500530242920e-01,-5.836610198020935059e-01,1.017218232154846191e-01,1.307782977819442749e-01,5.470193922519683838e-02,5.081096664071083069e-02,5.443017184734344482e-02,4.715686291456222534e-02,2.843773365020751953e-02,7.694417983293533325e-02,1.880282163619995117e-01,-1.458078026771545410e-01,1.590184681117534637e-02
4.397254884243011475e-01,4.576181471347808838e-01,6.964160799980163574e-01,-3.670131415128707886e-02,6.745010614395141602e-02,2.482830286026000977e-01,9.656391739845275879e-01,0.000000000000000000e+00,0.000000000000000000e+00,6.254681944847106934e-02,-1.248848676681518555e+00,4.652067124843597412e-01,-4.059292674064636230e-01,3.457315964624285698e-03,1.101846218109130859e+00,3.580691814422607422e-01,8.067464828491210938e-01,-1.556511670351028442e-01,-5.910148024559020996e-01,7.834351062774658203e-02,9.326201677322387695e-02,1.226861476898193359e-01,8.772218972444534302e-02,8.191411942243576050e-02,6.982649676501750946e-03,1.128358021378517151e-02,3.464603796601295471e-02,3.202846646308898926e-01,2.321971580386161804e-02,4.769533872604370117e-02
4.600255787372589111e-01,4.744279384613037109e-01,6.994520425796508789e-01,-3.492173552513122559e-02,6.423873454332351685e-02,2.401679605245590210e-01,9.679737687110900879e-01,0.000000000000000000e+00,0.000000000000000000e+00,3.781447932124137878e-02,-1.259341716766357422e+00,4.767979979515075684e-01,-3.762995302677154541e-01,6.961634382605552673e-03,1.127290129661560059e+00,3.683168590068817139e-01,7.498755455017089844e-01,-1.427325606346130371e-01,-5.559500455856323242e-01,5.923430249094963074e-02,8.368524163961410522e-02,1.569258570671081543e-01,7.966500520706176758e-02,1.155905425548553467e-01,-4.019489139318466187e-02,-1.183347124606370926e-02,1.279782503843307495e-02,4.567993283271789551e-01,2.477789372205734253e-01,6.695625931024551392e-02
4.815046191215515137e-01,4.918880164623260498e-01,7.054132819175720215e-01,-3.454068303108215332e-02,6.282380968332290649e-02,2.304603755474090576e-01,9.704371094703674316e-01,0.000000000000000000e+00,0.000000000000000000e+00,6.061073858290910721e-03,-1.254580020904541016e+00,4.922947585582733154e-01,-3.866774737834930420e-01,1.003390923142433167e-02,1.158020973205566406e+00,3.854362964630126953e-01,6.934916377067565918e-01,-1.111266836524009705e-01,-5.037502050399780273e-01,3.451545163989067078e-02,7.612461596727371216e-02,1.541350632905960083e-01,5.394738912582397461e-02,1.399478763341903687e-01,-1.179036125540733337e-01,-2.238095551729202271e-02,-9.773956611752510071e-03,6.085243225097656250e-01,3.477407991886138916e-01,6.005417555570602417e-02
5.035182237625122070e-01,5.090206861495971680e-01,7.117083668708801270e-01,-3.482165187597274780e-02,6.161140277981758118e-02,2.202694863080978394e-01,9.728683829307556152e-01,0.000000000000000000e+00,0.000000000000000000e+00,-3.224234655499458313e-02,-1.237713456153869629e+00,5.177471637725830078e-01,-4.282709956169128418e-01,1.203483063727617264e-02,1.188413739204406738e+00,4.094820320606231689e-01,6.431631445884704590e-01,-6.373307108879089355e-02,-4.406552612781524658e-01,6.502962671220302582e-03,6.219295784831047058e-02,1.283804774284362793e-01,2.583106048405170441e-02,1.547786742448806763e-01,-2.325862199068069458e-01,-2.917472645640373230e-02,-4.478586465120315552e-02,7.465082406997680664e-01,3.472252190113067627e-01,3.787150606513023376e-02
5.262825489044189453e-01,5.249533653259277344e-01,7.176210880279541016e-01,-3.211226314306259155e-02,6.290593743324279785e-02,2.070571631193161011e-01,9.757760763168334961e-01,0.000000000000000000e+00,0.000000000000000000e+00,-7.753332704305648804e-02,-1.217508792877197266e+00,5.385484099388122559e-01,-4.879924058914184570e-01,1.986687816679477692e-02,1.209510564804077148e+00,4.398666024208068848e-01,6.077525615692138672e-01,-1.202892977744340897e-02,-3.660476207733154297e-01,-2.435506694018840790e-02,4.518468677997589111e-02,8.489299565553665161e-02,-1.438590581528842449e-03,1.601943075656890869e-01,-3.559740185737609863e-01,-4.139526188373565674e-02,-8.756364881992340088e-02,8.477156162261962891e-01,2.797435820102691650e-01,1.985218189656734467e-02
5.492692589759826660e-01,5.388866066932678223e-01,7.220956683158874512e-01,-2.561334334313869476e-02,6.328076869249343872e-02,1.936300843954086304e-01,9.786965250968933105e-01,0.000000000000000000e+00,0.000000000000000000e+00,-1.200527548789978027e-01,-1.194023966789245605e+00,5.422009825706481934e-01,-5.615646839141845703e-01,3.067569062113761902e-02,1.219470739364624023e+00,4.550512433052062988e-01,5.898361206054687500e-01,4.210052266716957092e-02,-2.945803999900817871e-01,-5.582145228981971741e-02,2.234782837331295013e-02,4.968828707933425903e-02,-2.646072953939437866e-02,1.562360227108001709e-01,-4.655624032020568848e-01,-5.717196688055992126e-02,-1.271510720252990723e-01,8.853715062141418457e-01,1.834053695201873779e-01,9.199834428727626801e-03
5.725052952766418457e-01,5.516664981842041016e-01,7.246258854866027832e-01,-1.878306083381175995e-02,6.319396942853927612e-02,1.801273375749588013e-01,9.814315438270568848e-01,0.000000000000000000e+00,0.000000000000000000e+00,-1.597127169370651245e-01,-1.168036699295043945e+00,5.323408246040344238e-01,-6.413539648056030273e-01,4.165824130177497864e-02,1.221630573272705078e+00,4.571152627468109131e-01,5.902907252311706543e-01,9.353815019130706787e-02,-2.293554395437240601e-01,-8.082139492034912109e-02,-8.945852518081665039e-03,2.392933331429958344e-02,-5.440499261021614075e-02,1.509480029344558716e-01,-5.553864240646362305e-01,-7.285637408494949341e-02,-1.653105169534683228e-01,8.462925553321838379e-01,9.366494417190551758e-02,3.773994045332074165e-03
5.964323282241821289e-01,5.639293789863586426e-01,7.233059406280517578e-01,-1.220527850091457367e-02,6.484906375408172607e-02,1.636092215776443481e-01,9.843158125877380371e-01,0.000000000000000000e+00,0.000000000000000000e+00,-1.960344910621643066e-01,-1.143740296363830566e+00,5.117205381393432617e-01,-7.218835949897766113e-01,4.889922961592674255e-02,1.219993233680725098e+00,4.507702589035034180e-01,5.911065340042114258e-01,1.386282444000244141e-01,-1.724050492048263550e-01,-1.005079671740531921e-01,-3.291815519332885742e-02,9.192666038870811462e-03,-9.844660758972167969e-02,1.464543491601943970e-01,-6.188594102859497070e-01,-8.401980251073837280e-02,-1.944419592618942261e-01,7.509496212005615234e-01,1.981210894882678986e-02,2.613965887576341629e-03
6.217191219329833984e-01,5.752484798431396484e-01,7.201603055000305176e-01,-6.001912057399749756e-03,6.966679543256759644e-02,1.496189087629318237e-01,9.862680435180664062e-01,0.000000000000000000e+00,0.000000000000000000e+00,-2.357093244791030884e-01,-1.122414469718933105e+00,4.954056739807128906e-01,-7.872447371482849121e-01,5.468051135540008545e-02,1.219885468482971191e+00,4.341248273849487305e-01,5.887399315834045410e-01,1.756941676139831543e-01,-1.236099749803543091e-01,-1.165891140699386597e-01,-5.066793411970138550e-02,2.195338485762476921e-03,-1.404808759689331055e-01,1.391827613115310669e-01,-6.540554165840148926e-01,-8.827959746122360229e-02,-2.172103971242904663e-01,5.908701419830322266e-01,-3.200614824891090393e-02,7.158662658184766769e-03
6.470827460289001465e-01,5.857704877853393555e-01,7.153809666633605957e-01,-1.746029709465801716e-03,7.146205008029937744e-02,1.386227756738662720e-01,9.877620339393615723e-01,0.000000000000000000e+00,0.000000000000000000e+00,-2.663040161132812500e-01,-1.103050947189331055e+00,4.858597218990325928e-01,-8.373647332191467285e-01,5.967286974191665649e-02,1.224079251289367676e+00,4.087764918804168701e-01,5.813846588134765625e-01,2.114339470863342285e-01,-7.067526876926422119e-02,-1.249341741204261780e-01,-6.933294981718063354e-02,1.372086622097867803e-08,-1.748750358819961548e-01,1.271864473819732666e-01,-6.577837467193603516e-01,-8.611523360013961792e-02,-2.371299117803573608e-01,3.899839818477630615e-01,-7.848599553108215332e-02,2.145162224769592285e-02
6.732572913169860840e-01,5.950061082839965820e-01,7.120400071144104004e-01,3.750497708097100258e-03,7.539597153663635254e-02,1.290882229804992676e-01,9.887555837631225586e-01,0.000000000000000000e+00,0.000000000000000000e+00,-2.844865918159484863e-01,-1.080991268157958984e+00,4.798639714717864990e-01,-8.672272562980651855e-01,5.900759249925613403e-02,1.236298203468322754e+00,3.820744454860687256e-01,5.657573342323303223e-01,2.328966557979583740e-01,-1.591393165290355682e-02,-1.285895854234695435e-01,-7.992296665906906128e-02,4.288859848863846302e-15,-1.879705935716629028e-01,9.464073926210403442e-02,-6.301558613777160645e-01,-6.823666393756866455e-02,-2.516365051269531250e-01,1.640206873416900635e-01,-1.168305948376655579e-01,3.229275718331336975e-02
6.992409229278564453e-01,6.034702658653259277e-01,7.080427408218383789e-01,9.482229128479957581e-03,7.827856391668319702e-02,1.206168085336685181e-01,9.895625710487365723e-01,0.000000000000000000e+00,0.000000000000000000e+00,-2.943877577781677246e-01,-1.072353482246398926e+00,4.708600938320159912e-01,-8.688986301422119141e-01,5.366429314017295837e-02,1.248004794120788574e+00,3.634959161281585693e-01,5.479199886322021484e-01,2.429191917181015015e-01,3.463086858391761780e-02,-1.271334290504455566e-01,-8.856531232595443726e-02,8.805237710475921631e-03,-1.934729665517807007e-01,6.629765778779983521e-02,-6.050318479537963867e-01,-5.323483794927597046e-02,-2.641755342483520508e-01,2.423425018787384033e-02,-1.331865340471267700e-01,3.640141338109970093e-02
7.244330048561096191e-01,6.117745637893676758e-01,7.031731605529785156e-01,1.398291531950235367e-02,7.644621282815933228e-02,1.134447008371353149e-01,9.905002713203430176e-01,0.000000000000000000e+00,0.000000000000000000e+00,-2.938115298748016357e-01,-1.082839965820312500e+00,4.597105383872985840e-01,-8.458024263381958008e-01,4.970024526119232178e-02,1.254416465759277344e+00,3.521975576877593994e-01,5.272547602653503418e-01,2.563419640064239502e-01,7.155293971300125122e-02,-1.233381927013397217e-01,-9.545942395925521851e-02,4.548144713044166565e-02,-1.831557750701904297e-01,4.987919330596923828e-02,-5.870915055274963379e-01,-5.522435531020164490e-02,-2.748079895973205566e-01,1.384328678250312805e-02,-1.240184083580970764e-01,1.913196966052055359e-02
7.492192983627319336e-01,6.202645301818847656e-01,6.993243694305419922e-01,1.617649383842945099e-02,7.262808084487915039e-02,1.058779209852218628e-01,9.915913343429565430e-01,0.000000000000000000e+00,0.000000000000000000e+00,-2.818274796009063721e-01,-1.105082511901855469e+00,4.529178738594055176e-01,-7.978765368461608887e-01,4.345698654651641846e-02,1.259075999259948730e+00,3.523714542388916016e-01,5.022917389869689941e-01,2.657217979431152344e-01,8.519940823316574097e-02,-1.170501187443733215e-01,-9.898328781127929688e-02,1.199164241552352905e-01,-1.449808329343795776e-01,3.713189065456390381e-02,-5.744854211807250977e-01,-6.464866548776626587e-02,-2.737687826156616211e-01,8.203437179327011108e-02,-9.829700738191604614e-02,-1.864430867135524750e-02
7.736443281173706055e-01,6.288229823112487793e-01,6.979127526283264160e-01,1.486078184098005295e-02,6.902600824832916260e-02,9.865253418684005737e-02,9.926138520240783691e-01,0.000000000000000000e+00,0.000000000000000000e+00,-2.583450973033905029e-01,-1.138575673103332520e+00,4.480995535850524902e-01,-7.228664159774780273e-01,3.425382450222969055e-02,1.260394811630249023e+00,3.735697269439697266e-01,4.787136316299438477e-01,2.624186575412750244e-01,6.332834064960479736e-02,-1.100848093628883362e-01,-8.788806945085525513e-02,2.452110797166824341e-01,-4.622797295451164246e-02,9.781748987734317780e-03,-5.685556530952453613e-01,-6.986489146947860718e-02,-2.632109820842742920e-01,1.713967770338058472e-01,-8.709609508514404297e-02,-6.961488723754882812e-02
7.987343072891235352e-01,6.371542215347290039e-01,6.994166374206542969e-01,1.030730642378330231e-02,7.005988806486129761e-02,9.401774406433105469e-02,9.930488467216491699e-01,0.000000000000000000e+00,0.000000000000000000e+00,-2.282155007123947144e-01,-1.171741127967834473e+00,4.673130810260772705e-01,-6.269602179527282715e-01,2.130130678415298462e-02,1.255603671073913574e+00,4.101437628269195557e-01,4.682787656784057617e-01,2.480362504720687866e-01,2.621891209855675697e-03,-9.838871657848358154e-02,-6.596732884645462036e-02,4.126900136470794678e-01,1.576456427574157715e-01,-3.177856281399726868e-02,-5.552614927291870117e-01,-6.183164939284324646e-02,-2.581503689289093018e-01,2.325344085693359375e-01,-1.038019880652427673e-01,-1.320656090974807739e-01
8.251104950904846191e-01,6.445305347442626953e-01,7.044954895973205566e-01,7.835011929273605347e-03,7.379827648401260376e-02,9.219169616699218750e-02,9.929718375205993652e-01,0.000000000000000000e+00,0.000000000000000000e+00,-1.955662071704864502e-01,-1.203096628189086914e+00,5.009121298789978027e-01,-5.331649184226989746e-01,1.099758967757225037e-02,1.239133238792419434e+00,4.311941564083099365e-01,4.799395799636840820e-01,2.217603176832199097e-01,-8.210670202970504761e-02,-8.115491271018981934e-02,-3.335793316364288330e-02,5.721867680549621582e-01,3.060816228389739990e-01,-4.256004467606544495e-02,-5.195196270942687988e-01,-4.472721368074417114e-02,-2.506955564022064209e-01,2.472020834684371948e-01,-1.305976659059524536e-01,-1.754005104303359985e-01
8.508172035217285156e-01,6.507924199104309082e-01,7.093541622161865234e-01,6.135654170066118240e-03,7.243137806653976440e-02,9.403707087039947510e-02,9.929113984107971191e-01,0.000000000000000000e+00,0.000000000000000000e+00,-1.577203273773193359e-01,-1.233203291893005371e+00,5.318307876586914062e-01,-4.538095593452453613e-01,2.512856444809585810e-04,1.218618512153625488e+00,4.391404092311859131e-01,5.077019929885864258e-01,1.771348714828491211e-01,-1.949376463890075684e-01,-6.196166202425956726e-02,3.712966572493314743e-03,7.222704887390136719e-01,3.276408612728118896e-01,-2.248156629502773285e-02,-4.598130285739898682e-01,-1.656496711075305939e-02,-2.361611276865005493e-01,2.247572541236877441e-01,-1.576936095952987671e-01,-1.946678906679153442e-01
8.759722709655761719e-01,6.561602950096130371e-01,7.137342095375061035e-01,4.995400086045265198e-03,7.091154903173446655e-02,9.604996442794799805e-02,9.928348064422607422e-01,0.000000000000000000e+00,0.000000000000000000e+00,-1.114190965890884399e-01,-1.248746275901794434e+00,5.612102746963500977e-01,-4.064326286315917969e-01,-4.735091235488653183e-03,1.192847728729248047e+00,4.452179968357086182e-01,5.544964671134948730e-01,1.234024018049240112e-01,-3.101361393928527832e-01,-3.983601927757263184e-02,3.811724483966827393e-02,8.296442031860351562e-01,2.749583721160888672e-01,1.166261150501668453e-03,-3.891329765319824219e-01,1.501159556210041046e-02,-2.152412235736846924e-01,1.735465675592422485e-01,-1.744155436754226685e-01,-1.930647492408752441e-01
8.998009562492370605e-01,6.609543561935424805e-01,7.162790298461914062e-01,1.970384037122130394e-03,6.645467132329940796e-02,9.846719354391098022e-02,9.929169416427612305e-01,0.000000000000000000e+00,0.000000000000000000e+00,-5.851342901587486267e-02,-1.257210850715637207e+00,5.540907979011535645e-01,-3.830060362815856934e-01,-3.682112321257591248e-03,1.167621493339538574e+00,4.232025742530822754e-01,6.238374710083007812e-01,6.662943959236145020e-02,-4.116785228252410889e-01,-2.115506306290626526e-02,6.157327443361282349e-02,8.748034238815307617e-01,2.154889404773712158e-01,1.489050220698118210e-02,-3.134888112545013428e-01,4.779313132166862488e-02,-1.905524432659149170e-01,1.155616194009780884e-01,-1.847324818372726440e-01,-1.829789131879806519e-01
9.230137467384338379e-01,6.649206876754760742e-01,7.170069217681884766e-01,1.427350798621773720e-04,6.110790744423866272e-02,9.833465516567230225e-02,9.932754635810852051e-01,0.000000000000000000e+00,0.000000000000000000e+00,1.767324400134384632e-03,-1.247467041015625000e+00,5.304772853851318359e-01,-3.871241211891174316e-01,-3.426054259762167931e-03,1.139300227165222168e+00,3.830008506774902344e-01,7.306615710258483887e-01,1.500034891068935394e-02,-4.955616593360900879e-01,-4.755389411002397537e-03,7.779602706432342529e-02,8.445816636085510254e-01,1.561131179332733154e-01,2.638442255556583405e-02,-2.373564988374710083e-01,7.566944509744644165e-02,-1.554979830980300903e-01,6.031875312328338623e-02,-1.954136937856674194e-01,-1.626182049512863159e-01
9.464676976203918457e-01,6.684188842773437500e-01,7.158558368682861328e-01,-2.027161419391632080e-03,5.717748031020164490e-02,9.779894351959228516e-02,9.935602545738220215e-01,0.000000000000000000e+00,0.000000000000000000e+00,5.763447657227516174e-02,-1.239383697509765625e+00,4.990106523036956787e-01,-3.939803540706634521e-01,-4.509052727371454239e-03,1.111564397811889648e+00,3.429277241230010986e-01,8.407505750656127930e-01,-3.840050473809242249e-02,-5.571368932723999023e-01,1.318306662142276764e-02,7.917147129774093628e-02,7.473084330558776855e-01,1.035257726907730103e-01,4.109472781419754028e-02,-1.695752441883087158e-01,9.859003871679306030e-02,-1.121036112308502197e-01,1.965802349150180817e-02,-2.060938030481338501e-01,-1.423877179622650146e-01
9.702527523040771484e-01,6.717796325683593750e-01,7.131727337837219238e-01,-4.052536562085151672e-03,5.392565578222274780e-02,9.391430020332336426e-02,9.941105246543884277e-01,0.000000000000000000e+00,0.000000000000000000e+00,1.056004390120506287e-01,-1.234859943389892578e+00,4.626325368881225586e-01,-3.930355906486511230e-01,-1.605344563722610474e-02,1.089426636695861816e+00,3.095360398292541504e-01,9.224818348884582520e-01,-8.651022613048553467e-02,-5.943932533264160156e-01,2.844240330159664154e-02,7.221943140029907227e-02,5.954604148864746094e-01,5.709736794233322144e-02,5.026365071535110474e-02,-1.149149984121322632e-01,1.141113042831420898e-01,-7.010081410408020020e-02,4.702412988990545273e-03,-2.262527644634246826e-01,-1.228036656975746155e-01
9.930148720741271973e-01,6.740218400955200195e-01,7.083024382591247559e-01,-4.741946235299110413e-03,4.289282113313674927e-02,9.292554110288619995e-02,9.947374463081359863e-01,0.000000000000000000e+00,0.000000000000000000e+00,1.667633801698684692e-01,-1.236691951751708984e+00,4.332662820816040039e-01,-3.800562024116516113e-01,-6.712334696203470230e-03,1.082385540008544922e+00,2.855520546436309814e-01,9.710177183151245117e-01,-1.492507308721542358e-01,-5.619411468505859375e-01,4.390539973974227905e-02,8.249137550592422485e-02,3.654785454273223877e-01,3.265497833490371704e-02,5.272474884986877441e-02,-4.759444296360015869e-02,1.211412623524665833e-01,-2.135932259261608124e-02,1.469504073980942849e-09,-2.420065850019454956e-01,-1.039315387606620789e-01
1.016804933547973633e+00,6.765173077583312988e-01,7.033501863479614258e-01,-6.666026078164577484e-03,3.522651642560958862e-02,8.924296498298645020e-02,9.953644275665283203e-01,0.000000000000000000e+00,0.000000000000000000e+00,2.063718736171722412e-01,-1.233790874481201172e+00,4.187822341918945312e-01,-3.711403310298919678e-01,-4.242481663823127747e-03,1.068002223968505859e+00,2.716447710990905762e-01,1.012920379638671875e+00,-2.083133608102798462e-01,-5.432527065277099609e-01,5.754587799310684204e-02,8.690106123685836792e-02,1.521843820810317993e-01,-1.235821470618247986e-02,3.894539177417755127e-02,9.494484402239322662e-03,1.233976110816001892e-01,2.881316468119621277e-02,2.276035762787428744e-17,-2.469692826271057129e-01,-8.870968222618103027e-02
1.042044520378112793e+00,6.793208718299865723e-01,6.990259289741516113e-01,-8.222800679504871368e-03,3.514426946640014648e-02,8.092807233333587646e-02,9.960662126541137695e-01,0.000000000000000000e+00,0.000000000000000000e+00,2.218658328056335449e-01,-1.236949443817138672e+00,4.089264273643493652e-01,-3.624671399593353271e-01,-1.092967949807643890e-02,1.055857062339782715e+00,2.640631794929504395e-01,1.040202379226684570e+00,-2.242590785026550293e-01,-5.424178242683410645e-01,5.200661346316337585e-02,7.046383619308471680e-02,7.678886875510215759e-03,-7.254116982221603394e-02,2.705275267362594604e-02,5.281445384025573730e-02,1.195263415575027466e-01,4.396466910839080811e-02,2.308982035713170815e-18,-2.565135061740875244e-01,-7.730542868375778198e-02
1.067602634429931641e+00,6.821104884147644043e-01,6.944959163665771484e-01,-9.171494282782077789e-03,3.496163710951805115e-02,7.083851844072341919e-02,9.968327283859252930e-01,0.000000000000000000e+00,0.000000000000000000e+00,2.241170406341552734e-01,-1.241542935371398926e+00,3.998316824436187744e-01,-3.472821414470672607e-01,-1.906449720263481140e-02,1.056976556777954102e+00,2.657751142978668213e-01,1.040823221206665039e+00,-2.341874539852142334e-01,-5.574652552604675293e-01,5.081032216548919678e-02,5.930488556623458862e-02,5.999122205946338937e-12,-9.838467836380004883e-02,2.758345380425453186e-02,9.441357851028442383e-02,1.115042716264724731e-01,6.081968918442726135e-02,6.013038102537393570e-03,-2.602242231369018555e-01,-7.112235575914382935e-02
1.094027519226074219e+00,6.854611039161682129e-01,6.893816590309143066e-01,-1.224967837333679199e-02,3.604444861412048340e-02,5.891891941428184509e-02,9.975365996360778809e-01,0.000000000000000000e+00,0.000000000000000000e+00,2.113096266984939575e-01,-1.245699763298034668e+00,3.941101729869842529e-01,-3.288201987743377686e-01,-2.780568413436412811e-02,1.076095700263977051e+00,2.736696898937225342e-01,1.014244794845581055e+00,-2.461240738630294800e-01,-5.343744158744812012e-01,5.516440421342849731e-02,4.897865280508995056e-02,9.995833970606327057e-03,-4.754660278558731079e-02,4.332013055682182312e-02,1.074606999754905701e-01,1.077306121587753296e-01,8.336459100246429443e-02,6.612888723611831665e-02,-2.686536610126495361e-01,-6.108305975794792175e-02
1.120983719825744629e+00,6.886165738105773926e-01,6.858204603195190430e-01,-1.325253490358591080e-02,3.961702436208724976e-02,4.354422912001609802e-02,9.981777071952819824e-01,0.000000000000000000e+00,0.000000000000000000e+00,1.715622842311859131e-01,-1.255799055099487305e+00,3.947508931159973145e-01,-3.027470707893371582e-01,-3.851946443319320679e-02,1.103428959846496582e+00,2.891217768192291260e-01,9.634434580802917480e-01,-2.299706339836120605e-01,-5.384175777435302734e-01,4.799984395503997803e-02,2.398739941418170929e-02,8.269003033638000488e-02,1.396127883344888687e-02,6.721472740173339844e-02,9.608584642410278320e-02,1.020447760820388794e-01,6.704012304544448853e-02,1.614115536212921143e-01,-2.260479480028152466e-01,-3.455545008182525635e-02
1.148143291473388672e+00,6.910107731819152832e-01,6.867589950561523438e-01,-8.647628128528594971e-03,4.729747027158737183e-02,2.368227951228618622e-02,9.985626339912414551e-01,0.000000000000000000e+00,0.000000000000000000e+00,1.086468473076820374e-01,-1.259888887405395508e+00,3.953190445899963379e-01,-2.896973788738250732e-01,-6.099652871489524841e-02,1.126400709152221680e+00,3.242795467376708984e-01,8.933820724487304688e-01,-1.931501477956771851e-01,-5.485688447952270508e-01,3.064254485070705414e-02,-1.323640625923871994e-02,1.495935618877410889e-01,4.474478214979171753e-02,9.510339796543121338e-02,3.954368457198143005e-02,9.041445702314376831e-02,2.212871983647346497e-02,3.096149861812591553e-01,-7.346030324697494507e-02,1.566703803837299347e-02
1.173989295959472656e+00,6.934124231338500977e-01,6.906608343124389648e-01,-5.890395492315292358e-03,4.800570383667945862e-02,4.723183810710906982e-03,9.988185167312622070e-01,0.000000000000000000e+00,0.000000000000000000e+00,5.906289070844650269e-02,-1.264284849166870117e+00,4.114826619625091553e-01,-2.935164868831634521e-01,-6.164242699742317200e-02,1.161570549011230469e+00,3.653885424137115479e-01,7.929019331932067871e-01,-1.777886301279067993e-01,-5.158703327178955078e-01,2.258022315800189972e-02,-1.560966111719608307e-02,1.769071370363235474e-01,2.220424637198448181e-02,1.321304291486740112e-01,-2.234604582190513611e-02,6.136218830943107605e-02,-1.886974461376667023e-02,4.617109298706054688e-01,1.436052024364471436e-01,4.256344214081764221e-02
1.201732754707336426e+00,6.964610815048217773e-01,6.969087719917297363e-01,-6.065433844923973083e-03,5.215865746140480042e-02,-1.921847276389598846e-02,9.984354376792907715e-01,0.000000000000000000e+00,0.000000000000000000e+00,4.877070430666208267e-03,-1.252703189849853516e+00,4.358485341072082520e-01,-3.235177397727966309e-01,-6.982837617397308350e-02,1.199093818664550781e+00,4.151613414287567139e-01,6.880326271057128906e-01,-1.476548463106155396e-01,-4.740111231803894043e-01,1.839275844395160675e-02,-1.168271247297525406e-02,1.817985177040100098e-01,-8.186462335288524628e-03,1.587833315134048462e-01,-1.202797219157218933e-01,3.196188062429428101e-02,-6.570471078157424927e-02,6.300851106643676758e-01,2.745377421379089355e-01,3.208722546696662903e-02
1.229915738105773926e+00,6.992804408073425293e-01,7.029845714569091797e-01,-8.256337605416774750e-03,5.447386577725410461e-02,-4.571826756000518799e-02,9.974338412284851074e-01,0.000000000000000000e+00,0.000000000000000000e+00,-5.021072924137115479e-02,-1.225275754928588867e+00,4.566989243030548096e-01,-3.738203048706054688e-01,-7.015175372362136841e-02,1.225709915161132812e+00,4.580160081386566162e-01,6.103585958480834961e-01,-9.695545583963394165e-02,-4.183877706527709961e-01,9.345375001430511475e-03,-1.491274219006299973e-02,1.621867120265960693e-01,-3.949217498302459717e-02,1.720650345087051392e-01,-2.418712675571441650e-01,6.580361165106296539e-03,-1.111473590135574341e-01,7.716711759567260742e-01,2.756151556968688965e-01,3.589223138988018036e-03
1.258171916007995605e+00,7.000845074653625488e-01,7.075241804122924805e-01,-6.911995355039834976e-03,5.681620165705680847e-02,-7.133397459983825684e-02,9.958090186119079590e-01,0.000000000000000000e+00,0.000000000000000000e+00,-1.007064133882522583e-01,-1.195600390434265137e+00,4.653130471706390381e-01,-4.368423223495483398e-01,-5.829155445098876953e-02,1.234614968299865723e+00,4.879910051822662354e-01,5.733436942100524902e-01,-4.216662421822547913e-02,-3.570967018604278564e-01,-6.077087484300136566e-03,-2.368125878274440765e-02,1.298399865627288818e-01,-6.985791027545928955e-02,1.761468797922134399e-01,-3.614503145217895508e-01,-1.642516441643238068e-02,-1.538500338792800903e-01,8.596155047416687012e-01,2.114725410938262939e-01,-1.672999188303947449e-02
1.285629868507385254e+00,6.994214653968811035e-01,7.101892232894897461e-01,-4.290338605642318726e-03,5.640893802046775818e-02,-9.684471040964126587e-02,9.936904311180114746e-01,0.000000000000000000e+00,0.000000000000000000e+00,-1.445691138505935669e-01,-1.165073871612548828e+00,4.626603424549102783e-01,-5.167499184608459473e-01,-3.774039819836616516e-02,1.231921076774597168e+00,4.950008690357208252e-01,5.590657591819763184e-01,1.149560138583183289e-02,-2.858792245388031006e-01,-2.224834822118282318e-02,-3.184955939650535583e-02,8.876536041498184204e-02,-1.006608158349990845e-01,1.741478294134140015e-01,-4.557997584342956543e-01,-3.750922530889511108e-02,-1.961779743432998657e-01,8.763089179992675781e-01,1.321488916873931885e-01,-2.278139255940914154e-02
1.313163042068481445e+00,6.970737576484680176e-01,7.111334204673767090e-01,-2.108087530359625816e-03,5.755410715937614441e-02,-1.183095276355743408e-01,9.913051724433898926e-01,0.000000000000000000e+00,0.000000000000000000e+00,-1.817424595355987549e-01,-1.135362029075622559e+00,4.474914669990539551e-01,-6.083046793937683105e-01,-1.529450342059135437e-02,1.224636912345886230e+00,4.834790825843811035e-01,5.550373792648315430e-01,5.927231162786483765e-02,-2.156705409288406372e-01,-3.423168510198593140e-02,-3.297156840562820435e-02,4.815310239791870117e-02,-1.349519938230514526e-01,1.663101762533187866e-01,-5.283934473991394043e-01,-6.147553771734237671e-02,-2.367144823074340820e-01,8.331269025802612305e-01,6.319483369588851929e-02,-2.266378514468669891e-02
1.339967489242553711e+00,6.924123167991638184e-01,7.096782922744750977e-01,3.597907256335020065e-03,5.617749318480491638e-02,-1.389492899179458618e-01,9.886982440948486328e-01,0.000000000000000000e+00,0.000000000000000000e+00,-2.135435491800308228e-01,-1.107084989547729492e+00,4.247127473354339600e-01,-7.009204626083374023e-01,5.315802991390228271e-03,1.214248776435852051e+00,4.601640701293945312e-01,5.641947984695434570e-01,1.041470244526863098e-01,-1.517460346221923828e-01,-4.854298010468482971e-02,-3.994711115956306458e-02,2.302306704223155975e-02,-1.651391685009002686e-01,1.585436910390853882e-01,-5.833956599235534668e-01,-8.430669456720352173e-02,-2.762322127819061279e-01,7.307673096656799316e-01,-1.341216359287500381e-02,-2.122986130416393280e-02
1.367266058921813965e+00,6.864360570907592773e-01,7.070941329002380371e-01,6.429068278521299362e-03,5.779004469513893127e-02,-1.562871485948562622e-01,9.859986305236816406e-01,0.000000000000000000e+00,0.000000000000000000e+00,-2.432072311639785767e-01,-1.082932233810424805e+00,4.103193283081054688e-01,-7.800752520561218262e-01,2.305129729211330414e-02,1.205817580223083496e+00,4.370492994785308838e-01,5.693109631538391113e-01,1.413288712501525879e-01,-9.741038829088211060e-02,-5.337139591574668884e-02,-4.167059436440467834e-02,6.436343770474195480e-03,-1.948435604572296143e-01,1.486186236143112183e-01,-6.152871251106262207e-01,-9.792279452085494995e-02,-3.031424283981323242e-01,5.752350687980651855e-01,-6.261066347360610962e-02,-9.552630595862865448e-03
1.394670724868774414e+00,6.786563992500305176e-01,7.027691006660461426e-01,8.970446884632110596e-03,6.033263355493545532e-02,-1.714241802692413330e-01,9.833073019981384277e-01,0.000000000000000000e+00,0.000000000000000000e+00,-2.607191205024719238e-01,-1.058951616287231445e+00,4.039847254753112793e-01,-8.476197123527526855e-01,4.269573837518692017e-02,1.202223300933837891e+00,4.067747592926025391e-01,5.714102387428283691e-01,1.734350472688674927e-01,-4.990561679005622864e-02,-5.546009168028831482e-02,-4.111736267805099487e-02,1.271512475796043873e-03,-2.242991626262664795e-01,1.337357461452484131e-01,-6.282323002815246582e-01,-1.037521138787269592e-01,-3.201826512813568115e-01,3.890538513660430908e-01,-1.011972427368164062e-01,7.177364081144332886e-03
1.421773910522460938e+00,6.685361266136169434e-01,6.977840662002563477e-01,1.468544360250234604e-02,6.458677351474761963e-02,-1.841975748538970947e-01,9.806549549102783203e-01,0.000000000000000000e+00,0.000000000000000000e+00,-2.629536986351013184e-01,-1.035232186317443848e+00,3.997504413127899170e-01,-9.068716168403625488e-01,5.629999190568923950e-02,1.206428408622741699e+00,3.797284066677093506e-01,5.669541358947753906e-01,1.892377436161041260e-01,-5.924851633608341217e-03,-5.884515866637229919e-02,-3.117038868367671967e-02,1.160143758170306683e-03,-2.390473484992980957e-01,1.022398620843887329e-01,-6.191324591636657715e-01,-9.264314174652099609e-02,-3.253691196441650391e-01,1.784875392913818359e-01,-1.331992298364639282e-01,2.198011055588722229e-02
1.448374152183532715e+00,6.571657061576843262e-01,6.913963556289672852e-01,2.135353349149227142e-02,6.995802372694015503e-02,-1.955371350049972534e-01,9.779648184776306152e-01,0.000000000000000000e+00,0.000000000000000000e+00,-2.579317092895507812e-01,-1.025759220123291016e+00,3.907017111778259277e-01,-9.388121366500854492e-01,6.447600573301315308e-02,1.213486433029174805e+00,3.622046113014221191e-01,5.613265633583068848e-01,1.913014054298400879e-01,3.672327473759651184e-02,-5.937718227505683899e-02,-3.425025194883346558e-02,8.934951387345790863e-03,-2.482265979051589966e-01,6.854321062564849854e-02,-6.051534414291381836e-01,-8.011874556541442871e-02,-3.291976153850555420e-01,3.218632936477661133e-02,-1.437066346406936646e-01,3.411358967423439026e-02
1.473764538764953613e+00,6.463979482650756836e-01,6.885570287704467773e-01,2.199178189039230347e-02,7.129286974668502808e-02,-2.013507038354873657e-01,9.766737222671508789e-01,0.000000000000000000e+00,0.000000000000000000e+00,-2.457310855388641357e-01,-1.034605383872985840e+00,3.879979848861694336e-01,-9.339767098426818848e-01,7.053013145923614502e-02,1.218821525573730469e+00,3.502270281314849854e-01,5.476971268653869629e-01,2.021316289901733398e-01,6.363685429096221924e-02,-5.021540448069572449e-02,-3.194230422377586365e-02,5.080909654498100281e-02,-2.190453559160232544e-01,4.422683641314506531e-02,-5.909325480461120605e-01,-8.382896333932876587e-02,-3.309163749217987061e-01,3.482099156826734543e-03,-1.270788311958312988e-01,2.987716346979141235e-02
1.497426390647888184e+00,6.354872584342956543e-01,6.858902573585510254e-01,2.271727845072746277e-02,6.641965359449386597e-02,-2.065132856369018555e-01,9.759224653244018555e-01,0.000000000000000000e+00,0.000000000000000000e+00,-2.239060103893280029e-01,-1.056248307228088379e+00,3.891904950141906738e-01,-8.977820277214050293e-01,7.274294644594192505e-02,1.222281336784362793e+00,3.546996414661407471e-01,5.230647921562194824e-01,2.131344527006149292e-01,7.575257867574691772e-02,-4.037924855947494507e-02,-3.544383496046066284e-02,1.262593716382980347e-01,-1.692283749580383301e-01,2.719292975962162018e-02,-5.723342299461364746e-01,-9.443881362676620483e-02,-3.263299763202667236e-01,4.797625541687011719e-02,-8.237144351005554199e-02,7.440869696438312531e-03
1.520021080970764160e+00,6.244893074035644531e-01,6.853355765342712402e-01,2.250062860548496246e-02,6.077005714178085327e-02,-2.099723368883132935e-01,9.755574464797973633e-01,0.000000000000000000e+00,0.000000000000000000e+00,-1.987800002098083496e-01,-1.088227391242980957e+00,3.958663344383239746e-01,-8.271231651306152344e-01,6.643810123205184937e-02,1.226402521133422852e+00,3.780556321144104004e-01,4.934442639350891113e-01,2.138342857360839844e-01,5.994397029280662537e-02,-2.682707831263542175e-02,-3.456837311387062073e-02,2.399161010980606079e-01,-6.873041391372680664e-02,9.961852803826332092e-03,-5.542038083076477051e-01,-9.757044166326522827e-02,-3.144249916076660156e-01,1.047697290778160095e-01,-4.780606925487518311e-02,-2.752323448657989502e-02
1.542261838912963867e+00,6.138968467712402344e-01,6.872273087501525879e-01,1.886494830250740051e-02,5.680967867374420166e-02,-2.131093740463256836e-01,9.751929044723510742e-01,0.000000000000000000e+00,0.000000000000000000e+00,-1.669300645589828491e-01,-1.118862271308898926e+00,4.165008664131164551e-01,-7.337342500686645508e-01,5.452617630362510681e-02,1.227506995201110840e+00,4.139703810214996338e-01,4.779008626937866211e-01,2.092132121324539185e-01,1.630131341516971588e-02,-9.937158785760402679e-03,-2.432606741786003113e-02,3.807177841663360596e-01,1.025044918060302734e-01,-1.312778703868389130e-02,-5.308326482772827148e-01,-8.720899373292922974e-02,-3.051388859748840332e-01,1.490094512701034546e-01,-4.221853613853454590e-02,-7.175843417644500732e-02
1.564755797386169434e+00,6.022052168846130371e-01,6.912658214569091797e-01,1.703003793954849243e-02,5.554246902465820312e-02,-2.147896736860275269e-01,9.749310016632080078e-01,0.000000000000000000e+00,0.000000000000000000e+00,-1.381568610668182373e-01,-1.151982307434082031e+00,4.525387585163116455e-01,-6.255370974540710449e-01,3.655059263110160828e-02,1.218485116958618164e+00,4.518034160137176514e-01,4.805300831794738770e-01,1.913409531116485596e-01,-5.677709355950355530e-02,7.281959988176822662e-03,-1.341773546300828457e-03,5.370709896087646484e-01,2.630012333393096924e-01,-1.711286418139934540e-02,-4.981170892715454102e-01,-6.856688857078552246e-02,-2.954293489456176758e-01,1.722073405981063843e-01,-6.768593937158584595e-02,-1.152199879288673401e-01
1.587820291519165039e+00,5.893315076828002930e-01,6.964661478996276855e-01,1.768355444073677063e-02,5.669920891523361206e-02,-2.150588780641555786e-01,9.747933745384216309e-01,0.000000000000000000e+00,0.000000000000000000e+00,-1.097341999411582947e-01,-1.186866521835327148e+00,4.922809302806854248e-01,-5.275623202323913574e-01,1.302514411509037018e-02,1.206956744194030762e+00,4.858709275722503662e-01,4.928029477596282959e-01,1.575478166341781616e-01,-1.538536399602890015e-01,1.915471442043781281e-02,2.168924175202846527e-02,6.836761236190795898e-01,3.097900152206420898e-01,5.170833319425582886e-03,-4.585728645324707031e-01,-4.522143304347991943e-02,-2.784164845943450928e-01,1.747567504644393921e-01,-9.269325435161590576e-02,-1.425769925117492676e-01
1.610357284545898438e+00,5.760421752929687500e-01,7.007413506507873535e-01,1.797660440206527710e-02,5.689832568168640137e-02,-2.119491696357727051e-01,9.754573106765747070e-01,0.000000000000000000e+00,0.000000000000000000e+00,-8.007916808128356934e-02,-1.215138673782348633e+00,5.316984653472900391e-01,-4.507384896278381348e-01,-1.252667140215635300e-02,1.192946791648864746e+00,5.070518255233764648e-01,5.131183266639709473e-01,1.121579557657241821e-01,-2.675813138484954834e-01,2.791885100305080414e-02,4.367378726601600647e-02,8.023652434349060059e-01,2.770372927188873291e-01,3.134661540389060974e-02,-4.098820984363555908e-01,-1.743620447814464569e-02,-2.602106630802154541e-01,1.576339155435562134e-01,-1.184202507138252258e-01,-1.543990522623062134e-01
1.632694005966186523e+00,5.625301599502563477e-01,7.043480277061462402e-01,1.720215380191802979e-02,5.832393094897270203e-02,-2.061430811882019043e-01,9.766306281089782715e-01,0.000000000000000000e+00,0.000000000000000000e+00,-4.584644734859466553e-02,-1.233217716217041016e+00,5.599769353866577148e-01,-4.023511707782745361e-01,-3.742564842104911804e-02,1.177494168281555176e+00,5.283862352371215820e-01,5.395049452781677246e-01,5.788519605994224548e-02,-3.776403963565826416e-01,2.817978523671627045e-02,6.083653122186660767e-02,8.638914227485656738e-01,2.128382176160812378e-01,4.330908879637718201e-02,-3.565117120742797852e-01,1.299177110195159912e-02,-2.377457022666931152e-01,1.250114589929580688e-01,-1.379968225955963135e-01,-1.493443399667739868e-01
1.654001593589782715e+00,5.493503212928771973e-01,7.062213420867919922e-01,1.568390056490898132e-02,5.598081275820732117e-02,-2.025516331195831299e-01,9.775443673133850098e-01,0.000000000000000000e+00,0.000000000000000000e+00,-6.530418992042541504e-03,-1.244158506393432617e+00,5.672587156295776367e-01,-3.766415417194366455e-01,-5.793484672904014587e-02,1.162851691246032715e+00,5.352687239646911621e-01,5.710095167160034180e-01,1.239592209458351135e-03,-4.677646160125732422e-01,2.549355849623680115e-02,7.321540266275405884e-02,8.525043129920959473e-01,1.469942033290863037e-01,5.244595184922218323e-02,-2.964567542076110840e-01,4.176694154739379883e-02,-2.092544585466384888e-01,9.105852246284484863e-02,-1.588873118162155151e-01,-1.396973580121994019e-01
1.675787687301635742e+00,5.359977483749389648e-01,7.067283391952514648e-01,1.312324125319719315e-02,5.645839124917984009e-02,-1.991978138685226440e-01,9.782435894012451172e-01,0.000000000000000000e+00,0.000000000000000000e+00,3.377008810639381409e-02,-1.246279954910278320e+00,5.572246313095092773e-01,-3.732606172561645508e-01,-7.410302758216857910e-02,1.151648044586181641e+00,5.354264974594116211e-01,6.084798574447631836e-01,-5.396449565887451172e-02,-5.377280116081237793e-01,2.808184549212455750e-02,8.422687649726867676e-02,7.732623219490051270e-01,8.335488289594650269e-02,6.372466683387756348e-02,-2.420165687799453735e-01,6.883735209703445435e-02,-1.763996630907058716e-01,6.348430365324020386e-02,-1.803677380084991455e-01,-1.288394033908843994e-01
1.695812702178955078e+00,5.226654410362243652e-01,7.046632766723632812e-01,1.014562509953975677e-02,4.858777299523353577e-02,-1.947566270828247070e-01,9.795948863029479980e-01,0.000000000000000000e+00,0.000000000000000000e+00,1.023238822817802429e-01,-1.249812841415405273e+00,5.506735444068908691e-01,-3.750902116298675537e-01,-6.191159412264823914e-02,1.150959610939025879e+00,5.180306434631347656e-01,6.370505690574645996e-01,-1.159292683005332947e-01,-5.322027206420898438e-01,2.857526764273643494e-02,1.038308516144752502e-01,5.895103812217712402e-01,4.941133782267570496e-02,7.873488962650299072e-02,-1.637732386589050293e-01,8.671620488166809082e-02,-1.473585516214370728e-01,3.034856356680393219e-02,-2.028470337390899658e-01,-1.086653098464012146e-01
1.717730522155761719e+00,5.088562369346618652e-01,7.016714215278625488e-01,7.945791818201541901e-03,4.917395487427711487e-02,-1.934051364660263062e-01,9.798536896705627441e-01,0.000000000000000000e+00,0.000000000000000000e+00,1.372382044792175293e-01,-1.244973182678222656e+00,5.401700139045715332e-01,-3.768021464347839355e-01,-7.443287223577499390e-02,1.144537806510925293e+00,5.046339631080627441e-01,6.654250621795654297e-01,-1.702739447355270386e-01,-5.448869466781616211e-01,3.653799742460250854e-02,1.111808121204376221e-01,4.083651006221771240e-01,1.502491999417543411e-03,7.961485534906387329e-02,-1.080157682299613953e-01,1.026075333356857300e-01,-1.067683920264244080e-01,9.150324389338493347e-03,-2.222589850425720215e-01,-9.555529057979583740e-02
1.738473534584045410e+00,4.950563311576843262e-01,6.973196268081665039e-01,6.016913335770368576e-03,4.376168176531791687e-02,-1.918299347162246704e-01,9.804335832595825195e-01,0.000000000000000000e+00,0.000000000000000000e+00,1.779715269804000854e-01,-1.240101456642150879e+00,5.382648706436157227e-01,-3.776194751262664795e-01,-7.212615758180618286e-02,1.139963507652282715e+00,4.867519438266754150e-01,6.839636564254760742e-01,-2.310594767332077026e-01,-5.252175331115722656e-01,4.461551457643508911e-02,1.295659095048904419e-01,1.990846097469329834e-01,-3.541640937328338623e-02,7.153371721506118774e-02,-4.703978076577186584e-02,1.078169271349906921e-01,-6.053417548537254333e-02,1.726962727843783796e-05,-2.319779247045516968e-01,-8.565183728933334351e-02
1.759356975555419922e+00,4.817107617855072021e-01,6.930344104766845703e-01,4.728818312287330627e-03,3.948057815432548523e-02,-1.941014975309371948e-01,9.801752567291259766e-01,0.000000000000000000e+00,0.000000000000000000e+00,2.045067548751831055e-01,-1.238645434379577637e+00,5.359463095664978027e-01,-3.772254586219787598e-01,-7.258103787899017334e-02,1.133779287338256836e+00,4.711522161960601807e-01,7.029320001602172852e-01,-2.661911249160766602e-01,-5.164259076118469238e-01,4.281740263104438782e-02,1.459936052560806274e-01,3.140448033809661865e-02,-8.702450990676879883e-02,5.619147047400474548e-02,4.763760603964328766e-03,1.059751510620117188e-01,-3.517774119973182678e-02,5.250382173471734859e-07,-2.398186028003692627e-01,-7.864741981029510498e-02
1.781139850616455078e+00,4.687708616256713867e-01,6.886716485023498535e-01,3.555695991963148117e-03,3.925422206521034241e-02,-1.995079219341278076e-01,9.791032075881958008e-01,0.000000000000000000e+00,0.000000000000000000e+00,2.162832766771316528e-01,-1.239485859870910645e+00,5.296131968498229980e-01,-3.745212852954864502e-01,-8.014020323753356934e-02,1.131911993026733398e+00,4.622854590415954590e-01,7.142073512077331543e-01,-2.866284251213073730e-01,-5.332542061805725098e-01,4.577313736081123352e-02,1.550030857324600220e-01,9.813899914945523051e-09,-1.248578727245330811e-01,4.919066280126571655e-02,4.991823062300682068e-02,1.027956977486610413e-01,-1.849828846752643585e-02,1.058435300365090370e-04,-2.528058588504791260e-01,-7.793791592121124268e-02
1.804040789604187012e+00,4.567194879055023193e-01,6.839725971221923828e-01,-3.708816802827641368e-05,4.148570448160171509e-02,-2.077196389436721802e-01,9.773082733154296875e-01,0.000000000000000000e+00,0.000000000000000000e+00,2.135928124189376831e-01,-1.240328073501586914e+00,5.230798125267028809e-01,-3.648293316364288330e-01,-8.913598954677581787e-02,1.140080809593200684e+00,4.609544575214385986e-01,7.182977795600891113e-01,-2.949589788913726807e-01,-5.176441073417663574e-01,4.757452756166458130e-02,1.545803993940353394e-01,6.133722680158951168e-14,-1.019210293889045715e-01,5.997528880834579468e-02,7.267057150602340698e-02,1.021508425474166870e-01,6.793646141886711121e-03,4.230079799890518188e-02,-2.633557319641113281e-01,-7.200062274932861328e-02
1.826809048652648926e+00,4.454055726528167725e-01,6.796991229057312012e-01,-4.702847916632890701e-03,4.262931644916534424e-02,-2.171937674283981323e-01,9.751858711242675781e-01,0.000000000000000000e+00,0.000000000000000000e+00,1.938711702823638916e-01,-1.246633529663085938e+00,5.179501175880432129e-01,-3.429957926273345947e-01,-9.860870987176895142e-02,1.159820914268493652e+00,4.670631885528564453e-01,7.022709250450134277e-01,-2.861444056034088135e-01,-4.960366189479827881e-01,4.235061258077621460e-02,1.345456540584564209e-01,3.127364441752433777e-02,-4.271791875362396240e-02,8.361900597810745239e-02,7.745619863271713257e-02,9.995909035205841064e-02,1.103242300450801849e-02,1.216346099972724915e-01,-2.439801096916198730e-01,-5.203521251678466797e-02
1.848992109298706055e+00,4.338952302932739258e-01,6.789246797561645508e-01,-4.311058204621076584e-03,4.402073472738265991e-02,-2.288298457860946655e-01,9.724610447883605957e-01,0.000000000000000000e+00,0.000000000000000000e+00,1.570481061935424805e-01,-1.253748416900634766e+00,5.139193534851074219e-01,-3.278596401214599609e-01,-1.053781509399414062e-01,1.174675941467285156e+00,4.801194965839385986e-01,6.849507689476013184e-01,-2.638957798480987549e-01,-4.920461475849151611e-01,3.124417364597320557e-02,9.972217679023742676e-02,9.898290783166885376e-02,1.708929659798741341e-03,1.143141239881515503e-01,5.507108196616172791e-02,8.314348757266998291e-02,-2.184209227561950684e-02,2.380499690771102905e-01,-1.508239209651947021e-01,-1.928266882896423340e-02
1.872289657592773438e+00,4.224851727485656738e-01,6.823858618736267090e-01,1.032022992148995399e-04,5.344989150762557983e-02,-2.432532757520675659e-01,9.684889912605285645e-01,0.000000000000000000e+00,0.000000000000000000e+00,9.913502633571624756e-02,-1.248561382293701172e+00,5.118156075477600098e-01,-3.337060511112213135e-01,-1.206926032900810242e-01,1.185853719711303711e+00,4.988261163234710693e-01,6.704372167587280273e-01,-2.212546467781066895e-01,-4.980755746364593506e-01,1.446399372071027756e-02,5.555257573723793030e-02,1.469918340444564819e-01,6.421089172363281250e-03,1.509753018617630005e-01,-2.652882039546966553e-02,6.245516240596771240e-02,-6.768340617418289185e-02,4.138622581958770752e-01,3.332614526152610779e-02,2.359723858535289764e-02
1.894142866134643555e+00,4.119825661182403564e-01,6.867200732231140137e-01,3.219055477529764175e-03,5.402825400233268738e-02,-2.586502134799957275e-01,9.644535779953002930e-01,0.000000000000000000e+00,0.000000000000000000e+00,6.024537980556488037e-02,-1.241942286491394043e+00,5.247188210487365723e-01,-3.640544116497039795e-01,-1.124854385852813721e-01,1.201626062393188477e+00,5.166943669319152832e-01,6.432178616523742676e-01,-1.950869411230087280e-01,-4.588972032070159912e-01,2.411742170806974173e-04,4.997421056032180786e-02,1.518033444881439209e-01,-1.138370390981435776e-02,1.807564049959182739e-01,-1.100382879376411438e-01,2.956056036055088043e-02,-9.714125096797943115e-02,5.789566040039062500e-01,2.314636558294296265e-01,4.001568630337715149e-02
1.916112661361694336e+00,4.025726616382598877e-01,6.913096308708190918e-01,2.607832662761211395e-03,5.239628627896308899e-02,-2.777890264987945557e-01,9.592085480690002441e-01,0.000000000000000000e+00,0.000000000000000000e+00,1.867262087762355804e-02,-1.222085237503051758e+00,5.381453037261962891e-01,-4.150717854499816895e-01,-9.974626451730728149e-02,1.212356686592102051e+00,5.369774103164672852e-01,6.242815852165222168e-01,-1.534532308578491211e-01,-4.029457867145538330e-01,-1.385784801095724106e-02,4.320111870765686035e-02,1.349374353885650635e-01,-3.345195576548576355e-02,1.994117647409439087e-01,-2.138543576002120972e-01,2.941343700513243675e-03,-1.250828057527542114e-01,7.282713055610656738e-01,3.059223890304565430e-01,2.878610044717788696e-02
1.937200784683227539e+00,3.935509920120239258e-01,6.949864625930786133e-01,5.946689052507281303e-04,4.795563220977783203e-02,-2.970298230648040771e-01,9.536630511283874512e-01,0.000000000000000000e+00,0.000000000000000000e+00,-2.660102583467960358e-02,-1.199605226516723633e+00,5.475230813026428223e-01,-4.692682325839996338e-01,-8.133728057146072388e-02,1.213711977005004883e+00,5.523725748062133789e-01,6.170051693916320801e-01,-1.015359833836555481e-01,-3.373817801475524902e-01,-3.012469783425331116e-02,3.224969282746315002e-02,1.038298979401588440e-01,-5.635934695601463318e-02,2.091372758150100708e-01,-3.219011425971984863e-01,-2.203449979424476624e-02,-1.518704593181610107e-01,8.367671966552734375e-01,2.829068303108215332e-01,9.805058129131793976e-03
1.957392454147338867e+00,3.838001489639282227e-01,6.977217197418212891e-01,-4.479226117837242782e-05,4.388483986258506775e-02,-3.127513527870178223e-01,9.488207101821899414e-01,0.000000000000000000e+00,0.000000000000000000e+00,-7.050804793834686279e-02,-1.179859399795532227e+00,5.491660237312316895e-01,-5.290437340736389160e-01,-5.639170482754707336e-02,1.208568334579467773e+00,5.568017363548278809e-01,6.183543205261230469e-01,-5.272532999515533447e-02,-2.680406570434570312e-01,-4.837951809167861938e-02,1.618547178804874420e-02,6.099031120538711548e-02,-7.516894489526748657e-02,2.101497352123260498e-01,-4.099134802818298340e-01,-4.539080709218978882e-02,-1.792674809694290161e-01,8.776440620422363281e-01,2.205489724874496460e-01,-2.062583807855844498e-04
1.976763606071472168e+00,3.732697069644927979e-01,6.987097263336181641e-01,5.747216055169701576e-04,3.985342383384704590e-02,-3.264124095439910889e-01,9.443867206573486328e-01,0.000000000000000000e+00,0.000000000000000000e+00,-1.128000915050506592e-01,-1.163412690162658691e+00,5.373787879943847656e-01,-5.937840342521667480e-01,-3.293607756495475769e-02,1.199801564216613770e+00,5.503153800964355469e-01,6.209970116615295410e-01,-2.244312316179275513e-03,-2.038487195968627930e-01,-6.659532338380813599e-02,-4.791078623384237289e-03,2.345337346196174622e-02,-9.598124027252197266e-02,2.064464986324310303e-01,-4.745056629180908203e-01,-6.576211750507354736e-02,-2.057114690542221069e-01,8.392427563667297363e-01,1.459431499242782593e-01,-2.879820065572857857e-03
1.995366930961608887e+00,3.612869679927825928e-01,6.981737017631530762e-01,3.313960041850805283e-03,3.654523938894271851e-02,-3.359539508819580078e-01,9.411633014678955078e-01,0.000000000000000000e+00,0.000000000000000000e+00,-1.518986970186233521e-01,-1.149920582771301270e+00,5.156130790710449219e-01,-6.676886081695556641e-01,-9.381143376231193542e-03,1.191405892372131348e+00,5.327261686325073242e-01,6.264045238494873047e-01,3.928859904408454895e-02,-1.510792821645736694e-01,-8.350564539432525635e-02,-2.548325061798095703e-02,3.547288244590163231e-03,-1.288970559835433960e-01,1.977120935916900635e-01,-5.153991580009460449e-01,-8.452347666025161743e-02,-2.317809611558914185e-01,7.288536429405212402e-01,7.386504113674163818e-02,8.421273087151348591e-04
2.013130664825439453e+00,3.479151725769042969e-01,6.964249014854431152e-01,7.550211623311042786e-03,3.272949159145355225e-02,-3.423140943050384521e-01,9.389849901199340820e-01,0.000000000000000000e+00,0.000000000000000000e+00,-1.956632882356643677e-01,-1.138191819190979004e+00,4.985925853252410889e-01,-7.343152761459350586e-01,1.079720724374055862e-02,1.187562823295593262e+00,5.043832063674926758e-01,6.300436258316040039e-01,7.420060783624649048e-02,-1.065327897667884827e-01,-9.932258725166320801e-02,-4.537465795874595642e-02,2.217055161679581943e-08,-1.640716195106506348e-01,1.866576671600341797e-01,-5.389050245285034180e-01,-9.516038000583648682e-02,-2.444316297769546509e-01,5.669214129447937012e-01,8.981069549918174744e-03,1.069001480937004089e-02
2.032147884368896484e+00,3.336563706398010254e-01,6.940562129020690918e-01,1.037707738578319550e-02,3.487168624997138977e-02,-3.501475453376770020e-01,9.359877109527587891e-01,0.000000000000000000e+00,0.000000000000000000e+00,-2.254147827625274658e-01,-1.126566410064697266e+00,4.797683954238891602e-01,-8.002772927284240723e-01,2.932232059538364410e-02,1.188734173774719238e+00,4.755845963954925537e-01,6.293049454689025879e-01,1.066730543971061707e-01,-7.207012921571731567e-02,-1.063185557723045349e-01,-6.555799394845962524e-02,1.385693046852126686e-13,-2.000377178192138672e-01,1.772983670234680176e-01,-5.590755939483642578e-01,-1.040525808930397034e-01,-2.525977194309234619e-01,4.102430939674377441e-01,-2.658790349960327148e-02,3.391764312982559204e-02
2.050369739532470703e+00,3.177923560142517090e-01,6.905919313430786133e-01,1.635567098855972290e-02,3.718666732311248779e-02,-3.557314872741699219e-01,9.337048530578613281e-01,0.000000000000000000e+00,0.000000000000000000e+00,-2.433550208806991577e-01,-1.117922067642211914e+00,4.652499854564666748e-01,-8.573734760284423828e-01,4.547082632780075073e-02,1.193324565887451172e+00,4.502828717231750488e-01,6.271319389343261719e-01,1.324155181646347046e-01,-3.832614421844482422e-02,-1.162168607115745544e-01,-8.752947300672531128e-02,-2.444748844012724354e-18,-2.342238724231719971e-01,1.626307517290115356e-01,-5.721698999404907227e-01,-1.075251176953315735e-01,-2.518433034420013428e-01,2.447333484888076782e-01,-4.900481924414634705e-02,5.836210399866104126e-02
2.065766811370849609e+00,3.033159077167510986e-01,6.846722960472106934e-01,1.892138272523880005e-02,2.761971205472946167e-02,-3.614593744277954102e-01,9.317865967750549316e-01,0.000000000000000000e+00,0.000000000000000000e+00,-2.120324522256851196e-01,-1.132073163986206055e+00,4.537819623947143555e-01,-8.968120217323303223e-01,9.507521986961364746e-02,1.205510854721069336e+00,4.291698634624481201e-01,6.165847778320312500e-01,1.791788786649703979e-01,2.100508473813533783e-02,-1.213173046708106995e-01,-1.273459941148757935e-01,-6.742038153009408639e-18,-2.620969414710998535e-01,1.431413292884826660e-01,-5.214821696281433105e-01,-1.236244887113571167e-01,-2.898467779159545898e-01,6.774379312992095947e-02,-5.298618972301483154e-02,8.306133002042770386e-02
2.082839727401733398e+00,2.869729399681091309e-01,6.801831722259521484e-01,2.333948574960231781e-02,3.252020850777626038e-02,-3.644489049911499023e-01,9.303627014160156250e-01,0.000000000000000000e+00,0.000000000000000000e+00,-2.102141231298446655e-01,-1.134429216384887695e+00,4.523306190967559814e-01,-9.180029034614562988e-01,1.060777232050895691e-01,1.213097095489501953e+00,4.059210717678070068e-01,6.139073371887207031e-01,1.904572397470474243e-01,5.245065689086914062e-02,-1.203423663973808289e-01,-1.442351639270782471e-01,2.278492158334466215e-18,-2.876383066177368164e-01,1.293786913156509399e-01,-5.305134057998657227e-01,-1.326594352722167969e-01,-2.798611223697662354e-01,9.828506335907150060e-06,-6.177159398794174194e-02,9.869288653135299683e-02
2.098142147064208984e+00,2.710120379924774170e-01,6.762816905975341797e-01,2.589782513678073883e-02,3.335124626755714417e-02,-3.638807833194732666e-01,9.304879307746887207e-01,0.000000000000000000e+00,0.000000000000000000e+00,-2.028737068176269531e-01,-1.146525025367736816e+00,4.660198688507080078e-01,-9.097015261650085449e-01,1.149149239063262939e-01,1.215547680854797363e+00,3.869335055351257324e-01,6.063742637634277344e-01,2.027729004621505737e-01,9.185011684894561768e-02,-1.152877733111381531e-01,-1.703121364116668701e-01,6.855272204120410606e-06,-2.852436006069183350e-01,1.159004271030426025e-01,-5.319774746894836426e-01,-1.471029967069625854e-01,-2.704218327999114990e-01,1.535702039709777034e-13,-5.499825626611709595e-02,1.047284826636314392e-01
2.111581087112426758e+00,2.553407549858093262e-01,6.729645729064941406e-01,2.868783473968505859e-02,3.011722676455974579e-02,-3.608533143997192383e-01,9.316946268081665039e-01,0.000000000000000000e+00,0.000000000000000000e+00,-1.884247958660125732e-01,-1.167369961738586426e+00,4.885454475879669189e-01,-8.686906099319458008e-01,1.190145462751388550e-01,1.215797066688537598e+00,3.707754313945770264e-01,5.916060805320739746e-01,2.126806825399398804e-01,1.136456951498985291e-01,-1.131440103054046631e-01,-1.865454316139221191e-01,3.372804448008537292e-02,-2.591753900051116943e-01,9.955168515443801880e-02,-5.017811059951782227e-01,-1.561877876520156860e-01,-2.660259604454040527e-01,2.346124965697526932e-04,-5.044872406870126724e-03,9.920533001422882080e-02
2.125870943069458008e+00,2.387507259845733643e-01,6.724237799644470215e-01,3.388059884309768677e-02,3.795085102319717407e-02,-3.570002019405364990e-01,9.327179193496704102e-01,0.000000000000000000e+00,0.000000000000000000e+00,-1.984208375215530396e-01,-1.178054094314575195e+00,5.116208791732788086e-01,-8.076232075691223145e-01,8.470811694860458374e-02,1.208080410957336426e+00,3.659965991973876953e-01,5.838415026664733887e-01,1.849662959575653076e-01,8.750911802053451538e-02,-1.177816390991210938e-01,-1.645983606576919556e-01,1.064507290720939636e-01,-2.122881114482879639e-01,7.375169545412063599e-02,-5.267431735992431641e-01,-1.505571901798248291e-01,-2.159619629383087158e-01,5.174200236797332764e-02,3.997131064534187317e-02,8.354976773262023926e-02
2.136908054351806641e+00,2.251472324132919312e-01,6.727700233459472656e-01,3.461697325110435486e-02,3.196321800351142883e-02,-3.547531664371490479e-01,9.337720274925231934e-01,0.000000000000000000e+00,0.000000000000000000e+00,-1.679982990026473999e-01,-1.213998556137084961e+00,5.332004427909851074e-01,-7.041907310485839844e-01,8.309163153171539307e-02,1.202992439270019531e+00,3.750725090503692627e-01,5.721587538719177246e-01,1.827599704265594482e-01,6.447990238666534424e-02,-1.139342039823532104e-01,-1.516763865947723389e-01,2.090867459774017334e-01,-1.258778721094131470e-01,4.884330183267593384e-02,-5.057035088539123535e-01,-1.528661847114562988e-01,-2.030280828475952148e-01,9.021935611963272095e-02,7.542537897825241089e-02,6.196001172065734863e-02
2.147611379623413086e+00,2.121880352497100830e-01,6.754044890403747559e-01,3.460787981748580933e-02,2.881824411451816559e-02,-3.532076478004455566e-01,9.344603419303894043e-01,0.000000000000000000e+00,0.000000000000000000e+00,-1.350601464509963989e-01,-1.247280478477478027e+00,5.544634461402893066e-01,-5.838963389396667480e-01,7.840948551893234253e-02,1.193516492843627930e+00,3.846114277839660645e-01,5.788481235504150391e-01,1.806783527135848999e-01,1.566920056939125061e-02,-1.065237745642662048e-01,-1.256256252527236938e-01,3.403663933277130127e-01,5.145906470715999603e-03,1.575919054448604584e-02,-4.739668071269989014e-01,-1.484037041664123535e-01,-2.007880806922912598e-01,1.021222919225692749e-01,7.985121756792068481e-02,2.917731553316116333e-02
2.157968997955322266e+00,1.991966515779495239e-01,6.795312762260437012e-01,3.493933007121086121e-02,2.777547761797904968e-02,-3.501108288764953613e-01,9.356442689895629883e-01,0.000000000000000000e+00,0.000000000000000000e+00,-1.025543808937072754e-01,-1.272865176200866699e+00,5.727105736732482910e-01,-4.710025787353515625e-01,7.021138817071914673e-02,1.177899479866027832e+00,3.935905694961547852e-01,6.074311137199401855e-01,1.716709583997726440e-01,-4.998181387782096863e-02,-9.329353272914886475e-02,-8.112746477127075195e-02,4.813611507415771484e-01,1.373671442270278931e-01,-8.700015954673290253e-03,-4.386593699455261230e-01,-1.381693184375762939e-01,-1.974311023950576782e-01,9.565693885087966919e-02,6.431479007005691528e-02,-2.052516443654894829e-03
2.168448686599731445e+00,1.856896281242370605e-01,6.844325065612792969e-01,3.595580160617828369e-02,3.036071173846721649e-02,-3.443729579448699951e-01,9.376527667045593262e-01,0.000000000000000000e+00,0.000000000000000000e+00,-6.720051914453506470e-02,-1.283910155296325684e+00,5.768693089485168457e-01,-4.020452499389648438e-01,6.206659227609634399e-02,1.157576084136962891e+00,3.883485198020935059e-01,6.537874937057495117e-01,1.531847268342971802e-01,-1.267149448394775391e-01,-7.401299476623535156e-02,-3.502175584435462952e-02,5.993476510047912598e-01,1.944496929645538330e-01,-1.319211092777550220e-03,-4.059573709964752197e-01,-1.243741512298583984e-01,-1.942711025476455688e-01,7.741313427686691284e-02,5.079307779669761658e-02,-1.790105737745761871e-02
2.178355693817138672e+00,1.724214255809783936e-01,6.886974573135375977e-01,3.747409582138061523e-02,3.353092074394226074e-02,-3.378615081310272217e-01,9.398515820503234863e-01,0.000000000000000000e+00,0.000000000000000000e+00,-3.338550403714179993e-02,-1.284013986587524414e+00,5.618185400962829590e-01,-3.637654483318328857e-01,4.983735457062721252e-02,1.135627746582031250e+00,3.662382066249847412e-01,7.075800299644470215e-01,1.228007078170776367e-01,-2.107678800821304321e-01,-5.506351217627525330e-02,1.026797760277986526e-02,6.861249208450317383e-01,1.795573830604553223e-01,2.285300195217132568e-02,-3.822828531265258789e-01,-1.084811314940452576e-01,-1.851554661989212036e-01,6.459799408912658691e-02,3.479427099227905273e-02,-2.502200193703174591e-02
2.187335014343261719e+00,1.600421816110610962e-01,6.919105648994445801e-01,3.864958509802818298e-02,3.581858053803443909e-02,-3.317030072212219238e-01,9.419109821319580078e-01,0.000000000000000000e+00,0.000000000000000000e+00,-3.795209340751171112e-04,-1.273312807083129883e+00,5.285512804985046387e-01,-3.553116619586944580e-01,3.396866843104362488e-02,1.113414168357849121e+00,3.408346176147460938e-01,7.570918798446655273e-01,9.024196118116378784e-02,-2.865734994411468506e-01,-4.366549104452133179e-02,3.980062901973724365e-02,7.161483764648437500e-01,1.287425458431243896e-01,4.698808491230010986e-02,-3.618297576904296875e-01,-9.267551451921463013e-02,-1.756508946418762207e-01,5.523325875401496887e-02,1.781283691525459290e-02,-2.741526998579502106e-02
2.195298910140991211e+00,1.485714316368103027e-01,6.943575143814086914e-01,3.959544375538825989e-02,3.755107894539833069e-02,-3.248632848262786865e-01,9.441853761672973633e-01,0.000000000000000000e+00,0.000000000000000000e+00,2.415010333061218262e-02,-1.259799003601074219e+00,4.745651781558990479e-01,-3.646952509880065918e-01,1.882385462522506714e-02,1.093302249908447266e+00,3.111809194087982178e-01,8.056926727294921875e-01,5.469072610139846802e-02,-3.447709977626800537e-01,-3.846539929509162903e-02,5.484015494585037231e-02,6.845262050628662109e-01,5.925457924604415894e-02,6.907603144645690918e-02,-3.453544676303863525e-01,-7.749112695455551147e-02,-1.638593524694442749e-01,5.056140571832656860e-02,2.311922609806060791e-03,-2.657073177397251129e-02
2.202407360076904297e+00,1.385815441608428955e-01,6.959398984909057617e-01,3.975556418299674988e-02,3.821603953838348389e-02,-3.209634125232696533e-01,9.454848170280456543e-01,0.000000000000000000e+00,0.000000000000000000e+00,4.323625192046165466e-02,-1.247731685638427734e+00,4.229421019554138184e-01,-3.757165372371673584e-01,3.600067226216197014e-03,1.078323960304260254e+00,2.830617725849151611e-01,8.487842679023742676e-01,2.321724966168403625e-02,-3.761226236820220947e-01,-4.402206093072891235e-02,5.228547751903533936e-02,5.945919156074523926e-01,-8.452691137790679932e-03,8.372402191162109375e-02,-3.264708518981933594e-01,-6.182446330785751343e-02,-1.505420804023742676e-01,4.163390025496482849e-02,-1.077181100845336914e-02,-2.177599444985389709e-02
2.206417083740234375e+00,1.310504674911499023e-01,6.956722736358642578e-01,3.594701364636421204e-02,2.687114290893077850e-02,-3.164389729499816895e-01,9.475505948066711426e-01,0.000000000000000000e+00,0.000000000000000000e+00,8.465493470430374146e-02,-1.240312218666076660e+00,3.866665065288543701e-01,-3.852068781852722168e-01,1.671685464680194855e-02,1.077072739601135254e+00,2.568131983280181885e-01,8.798823952674865723e-01,-3.076266497373580933e-03,-3.462568223476409912e-01,-5.513917654752731323e-02,3.100374154746532440e-02,4.375479221343994141e-01,-4.275844991207122803e-02,9.190263599157333374e-02,-2.768756747245788574e-01,-5.000285431742668152e-02,-1.490325331687927246e-01,2.502906695008277893e-02,-2.112744189798831940e-02,-1.760897599160671234e-02
2.210578441619873047e+00,1.244132891297340393e-01,6.951705813407897949e-01,3.236669674515724182e-02,2.090313471853733063e-02,-3.137502372264862061e-01,9.487234950065612793e-01,0.000000000000000000e+00,0.000000000000000000e+00,1.095314174890518188e-01,-1.231108069419860840e+00,3.561559021472930908e-01,-3.963282108306884766e-01,2.270216494798660278e-02,1.071206092834472656e+00,2.397225648164749146e-01,9.107320308685302734e-01,-2.703046798706054688e-02,-3.209600448608398438e-01,-6.579646468162536621e-02,6.870592478662729263e-04,2.982107996940612793e-01,-7.553498446941375732e-02,8.816531300544738770e-02,-2.431089431047439575e-01,-3.566003218293190002e-02,-1.317746341228485107e-01,1.098789647221565247e-02,-2.598839625716209412e-02,-1.147525291889905930e-02
2.214146375656127930e+00,1.186954751610755920e-01,6.948636770248413086e-01,3.071947954595088959e-02,1.700020954012870789e-02,-3.132568001747131348e-01,9.490191936492919922e-01,0.000000000000000000e+00,0.000000000000000000e+00,1.251939684152603149e-01,-1.222331404685974121e+00,3.373613357543945312e-01,-4.069614112377166748e-01,2.240825444459915161e-02,1.068742871284484863e+00,2.336249351501464844e-01,9.277319908142089844e-01,-4.333443939685821533e-02,-3.004379272460937500e-01,-6.991317123174667358e-02,-2.288291417062282562e-02,1.985868662595748901e-01,-8.859036117792129517e-02,8.227010816335678101e-02,-2.204114794731140137e-01,-2.650795876979827881e-02,-1.162337586283683777e-01,4.278257489204406738e-03,-3.078098222613334656e-02,-7.596422452479600906e-03
2.217147827148437500e+00,1.137564703822135925e-01,6.947894096374511719e-01,2.957955561578273773e-02,1.628110744059085846e-02,-3.100713193416595459e-01,9.501135349273681641e-01,0.000000000000000000e+00,0.000000000000000000e+00,1.281265020370483398e-01,-1.217069149017333984e+00,3.277001082897186279e-01,-4.120084643363952637e-01,1.854522339999675751e-02,1.066649198532104492e+00,2.376155704259872437e-01,9.381521344184875488e-01,-5.314036086201667786e-02,-2.890896499156951904e-01,-6.947948783636093140e-02,-3.142580017447471619e-02,1.457506865262985229e-01,-9.230665117502212524e-02,8.217696845531463623e-02,-2.095804661512374878e-01,-1.986497454345226288e-02,-1.027258411049842834e-01,6.549116224050521851e-03,-3.973852470517158508e-02,-8.233379572629928589e-03
