3.848784836009144783e-03,-6.211644038558006287e-02,6.952923536300659180e-01,-2.197270654141902924e-02,2.240778692066669464e-02,7.201898097991943359e-01,6.930668950080871582e-01,0.000000000000000000e+00,0.000000000000000000e+00,3.621445223689079285e-02,-1.221712589263916016e+00,5.167696475982666016e-01,-5.433223247528076172e-01,-3.239016607403755188e-02,1.254351377487182617e+00,4.079393744468688965e-01,6.137263178825378418e-01,-1.095570530742406845e-02,-1.177719905972480774e-01,-5.720047652721405029e-02,4.568433761596679688e-02,-5.506991324018734079e-18,-9.287334978580474854e-02,1.114689707756042480e-01,-9.776221960783004761e-02,2.413004077970981598e-02,-8.973249793052673340e-02,2.966440075821343166e-18,-1.152731031179428101e-01,7.015821989625692368e-03
3.470461349934339523e-03,-6.134017929434776306e-02,6.959722042083740234e-01,-2.511809580028057098e-02,2.538304962217807770e-02,7.185649275779724121e-01,6.945424675941467285e-01,0.000000000000000000e+00,0.000000000000000000e+00,2.044354379177093506e-02,-1.217666745185852051e+00,5.170208811759948730e-01,-5.389123558998107910e-01,-4.973173141479492188e-02,1.250137925148010254e+00,4.157007634639739990e-01,6.092252731323242188e-01,-7.653658743947744370e-03,-1.260792762041091919e-01,-5.683994293212890625e-02,4.477252438664436340e-02,2.659676836933602640e-18,-9.567647427320480347e-02,1.107406541705131531e-01,-1.064189225435256958e-01,2.432181686162948608e-02,-8.783710002899169922e-02,-1.272536308712802881e-18,-1.172227934002876282e-01,8.368860930204391479e-03
3.447675146162509918e-03,-6.139949709177017212e-02,6.959987878799438477e-01,-2.527618594467639923e-02,2.563917636871337891e-02,7.181166410446166992e-01,6.949908137321472168e-01,0.000000000000000000e+00,0.000000000000000000e+00,1.742735505104064941e-02,-1.218234181404113770e+00,5.182495713233947754e-01,-5.351567864418029785e-01,-5.518598482012748718e-02,1.251405954360961914e+00,4.196304976940155029e-01,6.039626598358154297e-01,-6.733507383614778519e-03,-1.267716288566589355e-01,-5.692818760871887207e-02,4.525484889745712280e-02,1.913743227634513429e-17,-9.592017531394958496e-02,1.105323061347007751e-01,-1.072867959737777710e-01,2.416853420436382294e-02,-8.838169276714324951e-02,1.722901410662199223e-19,-1.169854477047920227e-01,8.494929410517215729e-03
3.461838001385331154e-03,-6.165056303143501282e-02,6.959516406059265137e-01,-2.482420764863491058e-02,2.537818253040313721e-02,7.176261544227600098e-01,6.955231428146362305e-01,0.000000000000000000e+00,0.000000000000000000e+00,1.660878211259841919e-02,-1.218495011329650879e+00,5.200613737106323242e-01,-5.323668122291564941e-01,-5.831696465611457825e-02,1.252874851226806641e+00,4.215953648090362549e-01,5.996948480606079102e-01,-5.799108650535345078e-03,-1.259226202964782715e-01,-5.704416707158088684e-02,4.617546871304512024e-02,-4.143691795412937683e-18,-9.529722481966018677e-02,1.101225018501281738e-01,-1.066501662135124207e-01,2.396441437304019928e-02,-8.900188654661178589e-02,-7.869746716992752117e-19,-1.163377761840820312e-01,8.926140144467353821e-03
3.514831420034170151e-03,-6.185253337025642395e-02,6.959376335144042969e-01,-2.463892288506031036e-02,2.520384825766086578e-02,7.173830866813659668e-01,6.957867741584777832e-01,0.000000000000000000e+00,0.000000000000000000e+00,1.583749055862426758e-02,-1.218718528747558594e+00,5.212498307228088379e-01,-5.301043391227722168e-01,-6.049653515219688416e-02,1.253783822059631348e+00,4.238363206386566162e-01,5.965867042541503906e-01,-5.040569230914115906e-03,-1.256670206785202026e-01,-5.688089877367019653e-02,4.686547070741653442e-02,-3.007502975789700566e-18,-9.457823634147644043e-02,1.101055294275283813e-01,-1.064157783985137939e-01,2.405107952654361725e-02,-8.971752971410751343e-02,1.345007256539798742e-18,-1.156266778707504272e-01,8.640985004603862762e-03
3.654152853414416313e-03,-6.206950545310974121e-02,6.959128975868225098e-01,-2.426010929048061371e-02,2.515939064323902130e-02,7.171733379364013672e-01,6.960178613662719727e-01,0.000000000000000000e+00,0.000000000000000000e+00,1.520884316414594650e-02,-1.218716979026794434e+00,5.228607058525085449e-01,-5.282143354415893555e-01,-6.244758889079093933e-02,1.254901170730590820e+00,4.243746995925903320e-01,5.938929915428161621e-01,-4.202800802886486053e-03,-1.253651976585388184e-01,-5.713281407952308655e-02,4.790111631155014038e-02,1.325917582363299969e-18,-9.394249320030212402e-02,1.095818206667900085e-01,-1.060755923390388489e-01,2.372370474040508270e-02,-9.058396518230438232e-02,1.130072646174020031e-18,-1.153606995940208435e-01,8.396486751735210419e-03
3.852613037452101707e-03,-6.227544322609901428e-02,6.958845257759094238e-01,-2.388882637023925781e-02,2.515547908842563629e-02,7.171906232833862305e-01,6.960130333900451660e-01,0.000000000000000000e+00,0.000000000000000000e+00,1.436587050557136536e-02,-1.218816757202148438e+00,5.235828161239624023e-01,-5.266122221946716309e-01,-6.382103264331817627e-02,1.255483746528625488e+00,4.256693422794342041e-01,5.922047495841979980e-01,-3.943191375583410263e-03,-1.251509338617324829e-01,-5.740324035286903381e-02,4.838061705231666565e-02,9.636898981704088108e-18,-9.368034452199935913e-02,1.086122468113899231e-01,-1.057804077863693237e-01,2.340661734342575073e-02,-9.124729782342910767e-02,3.838672253256458940e-18,-1.152402982115745544e-01,8.191926404833793640e-03
4.055778030306100845e-03,-6.243354082107543945e-02,6.958823800086975098e-01,-2.360841259360313416e-02,2.530155330896377563e-02,7.171170115470886230e-01,6.960931420326232910e-01,0.000000000000000000e+00,0.000000000000000000e+00,1.366050541400909424e-02,-1.218951702117919922e+00,5.239896178245544434e-01,-5.250304937362670898e-01,-6.513488292694091797e-02,1.256135344505310059e+00,4.264954030513763428e-01,5.908800363540649414e-01,-3.144879359751939774e-03,-1.253050565719604492e-01,-5.777202919125556946e-02,4.886347427964210510e-02,-7.834062145367214503e-19,-9.280889481306076050e-02,1.076626554131507874e-01,-1.057575345039367676e-01,2.298448793590068817e-02,-9.167291224002838135e-02,2.228039104052406845e-18,-1.153460219502449036e-01,6.867650896310806274e-03
4.219997208565473557e-03,-6.252706050872802734e-02,6.958996653556823730e-01,-2.367726154625415802e-02,2.542982436716556549e-02,7.171425819396972656e-01,6.960597634315490723e-01,0.000000000000000000e+00,0.000000000000000000e+00,1.261269673705101013e-02,-1.219330787658691406e+00,5.234984159469604492e-01,-5.231641530990600586e-01,-6.613698601722717285e-02,1.256752729415893555e+00,4.270578324794769287e-01,5.896174907684326172e-01,-2.355465665459632874e-03,-1.259229779243469238e-01,-5.762449279427528381e-02,4.944511130452156067e-02,-1.015446919970096774e-19,-9.233453124761581421e-02,1.072669476270675659e-01,-1.061523929238319397e-01,2.313717454671859741e-02,-9.194537252187728882e-02,2.966863592294970316e-18,-1.153171509504318237e-01,7.224243599921464920e-03
4.445664584636688232e-03,-6.266023218631744385e-02,6.958938241004943848e-01,-2.344342693686485291e-02,2.554792352020740509e-02,7.172676920890808105e-01,6.959344744682312012e-01,0.000000000000000000e+00,0.000000000000000000e+00,1.160581223666667938e-02,-1.219480991363525391e+00,5.234981179237365723e-01,-5.214302539825439453e-01,-6.700483709573745728e-02,1.257324218750000000e+00,4.275166690349578857e-01,5.885275006294250488e-01,-2.016872400417923927e-03,-1.260768771171569824e-01,-5.788113921880722046e-02,4.994221776723861694e-02,1.646201915543832285e-18,-9.202844649553298950e-02,1.063077524304389954e-01,-1.061045005917549133e-01,2.284114807844161987e-02,-9.233578294515609741e-02,-4.373618227200627468e-19,-1.155114322900772095e-01,6.462997756898403168e-03
4.647726193070411682e-03,-6.270539015531539917e-02,6.959086656570434570e-01,-2.345730178058147430e-02,2.587852999567985535e-02,7.172848582267761230e-01,6.959040760993957520e-01,0.000000000000000000e+00,0.000000000000000000e+00,1.077051460742950439e-02,-1.219401001930236816e+00,5.240279436111450195e-01,-5.203232169151306152e-01,-6.787779927253723145e-02,1.257891654968261719e+00,4.274208247661590576e-01,5.882026553153991699e-01,-9.891592198982834816e-04,-1.268916726112365723e-01,-5.815208330750465393e-02,5.021177232265472412e-02,-1.495998489449513265e-17,-9.213222563266754150e-02,1.055666431784629822e-01,-1.065978854894638062e-01,2.259866707026958466e-02,-9.232887625694274902e-02,1.506155274754929381e-18,-1.159404069185256958e-01,6.004953756928443909e-03
4.820839501917362213e-03,-6.277897208929061890e-02,6.959125399589538574e-01,-2.349083125591278076e-02,2.589949406683444977e-02,7.174861431121826172e-01,6.956946849822998047e-01,0.000000000000000000e+00,0.000000000000000000e+00,9.947146289050579071e-03,-1.219227552413940430e+00,5.240408778190612793e-01,-5.197261571884155273e-01,-6.826482713222503662e-02,1.258414626121520996e+00,4.271684288978576660e-01,5.878378748893737793e-01,-2.840598463080823421e-04,-1.272967457771301270e-01,-5.795450881123542786e-02,5.033997818827629089e-02,8.762125705427209433e-18,-9.217233210802078247e-02,1.049508303403854370e-01,-1.066443398594856262e-01,2.282234840095043182e-02,-9.256114065647125244e-02,-3.325414954973430798e-19,-1.160952895879745483e-01,5.949935410171747208e-03
4.992008209228515625e-03,-6.276661157608032227e-02,6.959487795829772949e-01,-2.366235479712486267e-02,2.615900337696075439e-02,7.176050543785095215e-01,6.955564022064208984e-01,0.000000000000000000e+00,0.000000000000000000e+00,9.290541522204875946e-03,-1.219320178031921387e+00,5.230551958084106445e-01,-5.189898610115051270e-01,-6.868715584278106689e-02,1.258810281753540039e+00,4.271207749843597412e-01,5.878384709358215332e-01,4.746538470499217510e-04,-1.281868517398834229e-01,-5.790716782212257385e-02,4.999078065156936646e-02,-5.579095003653756395e-18,-9.177412092685699463e-02,1.050226017832756042e-01,-1.072048619389533997e-01,2.288508228957653046e-02,-9.225757420063018799e-02,-1.040661039401938163e-18,-1.161159351468086243e-01,4.687380511313676834e-03
5.237913224846124649e-03,-6.277167797088623047e-02,6.959547996520996094e-01,-2.364942058920860291e-02,2.631145901978015900e-02,7.180823683738708496e-01,6.950584053993225098e-01,0.000000000000000000e+00,0.000000000000000000e+00,8.676363155245780945e-03,-1.219226002693176270e+00,5.220733880996704102e-01,-5.189433693885803223e-01,-6.845422089099884033e-02,1.258854866027832031e+00,4.276689887046813965e-01,5.881103277206420898e-01,6.937160505913197994e-04,-1.286946088075637817e-01,-5.798284709453582764e-02,4.950299486517906189e-02,1.929614507483690881e-17,-9.095620363950729370e-02,1.047879382967948914e-01,-1.072299703955650330e-01,2.284433692693710327e-02,-9.263750165700912476e-02,6.181471086772022633e-19,-1.162919253110885620e-01,3.610789543017745018e-03
5.399441812187433243e-03,-6.266780197620391846e-02,6.960016489028930664e-01,-2.413245290517807007e-02,2.647248469293117523e-02,7.185007333755493164e-01,6.946031451225280762e-01,0.000000000000000000e+00,0.000000000000000000e+00,8.022372610867023468e-03,-1.219012975692749023e+00,5.203790068626403809e-01,-5.191531777381896973e-01,-6.813687831163406372e-02,1.259535789489746094e+00,4.267047941684722900e-01,5.881832838058471680e-01,1.481774845160543919e-03,-1.299253404140472412e-01,-5.742343142628669739e-02,4.846874251961708069e-02,5.631386053256908593e-18,-9.131163358688354492e-02,1.047502979636192322e-01,-1.078591495752334595e-01,2.348561026155948639e-02,-9.286341816186904907e-02,3.064378260347621642e-18,-1.161699891090393066e-01,2.630147617310285568e-03
5.562177859246730804e-03,-6.246459484100341797e-02,6.960725188255310059e-01,-2.484516613185405731e-02,2.684826590120792389e-02,7.189002633094787598e-01,6.941500902175903320e-01,0.000000000000000000e+00,0.000000000000000000e+00,7.413346786051988602e-03,-1.218881249427795410e+00,5.180456042289733887e-01,-5.195140838623046875e-01,-6.817602366209030151e-02,1.260179638862609863e+00,4.257619082927703857e-01,5.879974365234375000e-01,2.131227869540452957e-03,-1.316870599985122681e-01,-5.682814121246337891e-02,4.748824983835220337e-02,-8.064077912661060015e-18,-9.131943434476852417e-02,1.050278395414352417e-01,-1.090871244668960571e-01,2.416884526610374451e-02,-9.314301609992980957e-02,4.484228818711218328e-19,-1.165337637066841125e-01,1.893132925033569336e-03
5.853184033185243607e-03,-6.217249482870101929e-02,6.961687207221984863e-01,-2.561734057962894440e-02,2.758067660033702850e-02,7.196646928787231445e-01,6.933006644248962402e-01,0.000000000000000000e+00,0.000000000000000000e+00,6.378412246704101562e-03,-1.219030022621154785e+00,5.145485401153564453e-01,-5.200936794281005859e-01,-6.773546338081359863e-02,1.260432600975036621e+00,4.252330362796783447e-01,5.885382294654846191e-01,2.333075273782014847e-03,-1.341132372617721558e-01,-5.669879913330078125e-02,4.565154016017913818e-02,3.715873982600511770e-18,-9.173746407032012939e-02,1.046089828014373779e-01,-1.107391342520713806e-01,2.443820051848888397e-02,-9.337855875492095947e-02,3.058766667072061903e-18,-1.172546669840812683e-01,-5.776587568107061088e-05
6.420322228223085403e-03,-6.293859332799911499e-02,6.955270767211914062e-01,-2.303119935095310211e-02,2.452174946665763855e-02,7.217434644699096680e-01,6.913426518440246582e-01,0.000000000000000000e+00,0.000000000000000000e+00,1.985368318855762482e-02,-1.225187301635742188e+00,5.178543329238891602e-01,-5.187415480613708496e-01,-5.377143621444702148e-02,1.269222974777221680e+00,4.187923371791839600e-01,5.837669372558593750e-01,-1.739937142701819539e-04,-1.269398629665374756e-01,-5.587913095951080322e-02,4.497555270791053772e-02,3.374625583975435520e-18,-8.860366046428680420e-02,1.063946560025215149e-01,-1.026680544018745422e-01,2.558854036033153534e-02,-9.735236316919326782e-02,-1.266395319845209204e-18,-1.146706938743591309e-01,-2.504110336303710938e-03
6.781818345189094543e-03,-6.263329833745956421e-02,6.956477165222167969e-01,-2.412257716059684753e-02,2.495926059782505035e-02,7.230117321014404297e-01,6.899631619453430176e-01,0.000000000000000000e+00,0.000000000000000000e+00,1.914584450423717499e-02,-1.224770903587341309e+00,5.146425962448120117e-01,-5.211028456687927246e-01,-5.204391106963157654e-02,1.269824266433715820e+00,4.166866838932037354e-01,5.842064023017883301e-01,2.464076260366709903e-06,-1.296231150627136230e-01,-5.479901283979415894e-02,4.261722415685653687e-02,2.198837974068059862e-18,-8.926616609096527100e-02,1.075042188167572021e-01,-1.041977256536483765e-01,2.687086537480354309e-02,-9.791039675474166870e-02,3.304735439659605106e-19,-1.144619211554527283e-01,-3.885620040819048882e-03
7.301967591047286987e-03,-6.225248798727989197e-02,6.957985758781433105e-01,-2.536277100443840027e-02,2.580809593200683594e-02,7.244834899902343750e-01,6.883416771888732910e-01,0.000000000000000000e+00,0.000000000000000000e+00,1.777419261634349823e-02,-1.224080801010131836e+00,5.101765394210815430e-01,-5.242561697959899902e-01,-5.099437758326530457e-02,1.270598053932189941e+00,4.144051671028137207e-01,5.843955874443054199e-01,1.520913501735776663e-04,-1.332458704710006714e-01,-5.399418994784355164e-02,4.040465131402015686e-02,5.119619334437701006e-18,-8.901584148406982422e-02,1.078360378742218018e-01,-1.064407899975776672e-01,2.785294502973556519e-02,-9.977549314498901367e-02,-4.053863289612129090e-19,-1.146779507398605347e-01,-5.416273605078458786e-03
7.908555679023265839e-03,-6.183445453643798828e-02,6.959801316261291504e-01,-2.681211009621620178e-02,2.674000151455402374e-02,7.259703278541564941e-01,6.866827607154846191e-01,0.000000000000000000e+00,0.000000000000000000e+00,1.608048938214778900e-02,-1.223314404487609863e+00,5.049445033073425293e-01,-5.270254015922546387e-01,-5.007813498377799988e-02,1.271825551986694336e+00,4.114493429660797119e-01,5.849276185035705566e-01,1.454120501875877380e-04,-1.373544782400131226e-01,-5.280480533838272095e-02,3.811552003026008606e-02,5.011199117189150563e-18,-8.865720778703689575e-02,1.079510226845741272e-01,-1.091450750827789307e-01,2.921829558908939362e-02,-1.018283814191818237e-01,-2.974955073046964033e-19,-1.150154247879981995e-01,-7.631292100995779037e-03
8.765086531639099121e-03,-6.133654341101646423e-02,6.961947679519653320e-01,-2.845519781112670898e-02,2.791602164506912231e-02,7.280976176261901855e-01,6.843134164810180664e-01,0.000000000000000000e+00,0.000000000000000000e+00,1.340639032423496246e-02,-1.222204327583312988e+00,4.993761479854583740e-01,-5.303375720977783203e-01,-4.898191988468170166e-02,1.273434162139892578e+00,4.078996479511260986e-01,5.848529934883117676e-01,-3.978142922278493643e-04,-1.423537582159042358e-01,-5.152645334601402283e-02,3.549772500991821289e-02,-1.311287073432952058e-17,-8.733855187892913818e-02,1.074966043233871460e-01,-1.122884005308151245e-01,3.071530908346176147e-02,-1.047304421663284302e-01,2.628018046380020678e-05,-1.157655492424964905e-01,-9.484733454883098602e-03
9.928654879331588745e-03,-6.108035147190093994e-02,6.962261199951171875e-01,-2.903104014694690704e-02,2.805614843964576721e-02,7.311754822731018066e-01,6.809936761856079102e-01,0.000000000000000000e+00,0.000000000000000000e+00,1.547509618103504181e-02,-1.222259521484375000e+00,4.957199096679687500e-01,-5.336295366287231445e-01,-4.200942814350128174e-02,1.277315616607666016e+00,4.011189937591552734e-01,5.830956697463989258e-01,-1.898178015835583210e-03,-1.444725692272186279e-01,-5.011394992470741272e-02,3.150613978505134583e-02,6.136244159600073292e-18,-8.603656291961669922e-02,1.079406067728996277e-01,-1.126206740736961365e-01,3.241901472210884094e-02,-1.089430600404739380e-01,1.249005668796598911e-03,-1.171927824616432190e-01,-1.180529315024614334e-02
1.122215948998928070e-02,-6.026980653405189514e-02,6.964678168296813965e-01,-3.142728656530380249e-02,2.976479195058345795e-02,7.344956398010253906e-01,6.772314906120300293e-01,0.000000000000000000e+00,0.000000000000000000e+00,1.144913770258426666e-02,-1.220400571823120117e+00,4.884625077247619629e-01,-5.383918881416320801e-01,-3.967760875821113586e-02,1.279473662376403809e+00,3.960749506950378418e-01,5.835919976234436035e-01,-3.825567895546555519e-03,-1.516029685735702515e-01,-4.824848473072052002e-02,2.717465348541736603e-02,-2.177635680607100657e-18,-8.504219353199005127e-02,1.077317595481872559e-01,-1.228890866041183472e-01,3.403692319989204407e-02,-1.126689761877059937e-01,1.211082842200994492e-02,-1.246838569641113281e-01,-1.458081789314746857e-02
1.271650195121765137e-02,-5.918439477682113647e-02,6.967089772224426270e-01,-3.425934165716171265e-02,3.198615834116935730e-02,7.383849620819091797e-01,6.727487444877624512e-01,0.000000000000000000e+00,0.000000000000000000e+00,6.309469230473041534e-03,-1.218995213508605957e+00,4.782290756702423096e-01,-5.436801910400390625e-01,-3.744327276945114136e-02,1.281613588333129883e+00,3.902001380920410156e-01,5.844783782958984375e-01,-7.012037560343742371e-03,-1.601213663816452026e-01,-4.636414721608161926e-02,2.241040579974651337e-02,3.769131179159125903e-19,-8.272496610879898071e-02,1.076252162456512451e-01,-1.365387886762619019e-01,3.543397784233093262e-02,-1.160905137658119202e-01,2.724672667682170868e-02,-1.353393495082855225e-01,-1.859307661652565002e-02
1.451678760349750519e-02,-5.778464674949645996e-02,6.968890428543090820e-01,-3.721014782786369324e-02,3.477571904659271240e-02,7.434645295143127441e-01,6.668332219123840332e-01,0.000000000000000000e+00,0.000000000000000000e+00,-1.060724243870936334e-04,-1.217805385589599609e+00,4.670816361904144287e-01,-5.498431324958801270e-01,-3.608001396059989929e-02,1.282901167869567871e+00,3.838730752468109131e-01,5.853576660156250000e-01,-1.201100088655948639e-02,-1.756664067506790161e-01,-4.511861503124237061e-02,1.621276326477527618e-02,1.094168517738580704e-02,-8.271174877882003784e-02,1.070183068513870239e-01,-1.520380675792694092e-01,3.597458824515342712e-02,-1.201936900615692139e-01,4.517176002264022827e-02,-1.492758691310882568e-01,-2.500731498003005981e-02
1.647553965449333191e-02,-5.614872276782989502e-02,6.969510912895202637e-01,-3.986686095595359802e-02,3.748122230172157288e-02,7.497152090072631836e-01,6.594944000244140625e-01,0.000000000000000000e+00,0.000000000000000000e+00,-4.786629229784011841e-03,-1.218426227569580078e+00,4.535188078880310059e-01,-5.566584467887878418e-01,-3.603856638073921204e-02,1.282569408416748047e+00,3.754095435142517090e-01,5.857640504837036133e-01,-1.776542514562606812e-02,-2.194976806640625000e-01,-4.436420649290084839e-02,1.062125526368618011e-02,7.555858045816421509e-02,-1.001789197325706482e-01,1.048621833324432373e-01,-1.679823398590087891e-01,3.558176010847091675e-02,-1.263714134693145752e-01,6.692788004875183105e-02,-1.666944026947021484e-01,-3.145996108651161194e-02
1.828957349061965942e-02,-5.386227741837501526e-02,6.969177722930908203e-01,-4.392369836568832397e-02,4.076846316456794739e-02,7.569642066955566406e-01,6.507025957107543945e-01,0.000000000000000000e+00,0.000000000000000000e+00,-1.125902589410543442e-02,-1.218253970146179199e+00,4.387375116348266602e-01,-5.644038319587707520e-01,-4.501943662762641907e-02,1.280986547470092773e+00,3.658017516136169434e-01,5.858574509620666504e-01,-2.492921613156795502e-02,-2.874950170516967773e-01,-4.204607009887695312e-02,1.296021509915590286e-02,1.773806214332580566e-01,-1.177241727709770203e-01,9.878442436456680298e-02,-1.870412379503250122e-01,3.556396439671516418e-02,-1.340502351522445679e-01,9.070051461458206177e-02,-1.852536946535110474e-01,-3.806088119745254517e-02
1.979296654462814331e-02,-5.085086822509765625e-02,6.966761350631713867e-01,-4.945177212357521057e-02,4.450944066047668457e-02,7.650588154792785645e-01,6.405141949653625488e-01,0.000000000000000000e+00,0.000000000000000000e+00,-1.514873187988996506e-02,-1.217561125755310059e+00,4.202112257480621338e-01,-5.689993500709533691e-01,-5.680391937494277954e-02,1.279802441596984863e+00,3.566708266735076904e-01,5.851615667343139648e-01,-3.401966020464897156e-02,-3.644516468048095703e-01,-3.080804087221622467e-02,3.621532395482063293e-02,2.801930010318756104e-01,-1.089779660105705261e-01,8.665194362401962280e-02,-2.078272998332977295e-01,3.618322312831878662e-02,-1.437629461288452148e-01,1.141851246356964111e-01,-2.035814523696899414e-01,-4.422443732619285583e-02
2.145792916417121887e-02,-4.721770808100700378e-02,6.968477368354797363e-01,-5.365834757685661316e-02,4.999874532222747803e-02,7.738473415374755859e-01,6.291114687919616699e-01,0.000000000000000000e+00,0.000000000000000000e+00,-8.325302042067050934e-03,-1.218268513679504395e+00,3.989330232143402100e-01,-5.676619410514831543e-01,-6.300767511129379272e-02,1.274722814559936523e+00,3.472590446472167969e-01,5.808045268058776855e-01,-3.873295336961746216e-02,-4.562570750713348389e-01,-9.876538999378681183e-03,6.298719346523284912e-02,3.965008258819580078e-01,-1.501250863075256348e-01,1.059464812278747559e-01,-2.278618514537811279e-01,2.974865213036537170e-02,-1.596922427415847778e-01,1.397931724786758423e-01,-2.260853499174118042e-01,-4.763631150126457214e-02
2.220063284039497375e-02,-4.295517504215240479e-02,6.965378522872924805e-01,-5.909000709652900696e-02,5.470964685082435608e-02,7.821202278137207031e-01,6.179022192955017090e-01,0.000000000000000000e+00,0.000000000000000000e+00,-3.588711377233266830e-03,-1.213349103927612305e+00,3.761782050132751465e-01,-5.649299025535583496e-01,-6.778246909379959106e-02,1.271051168441772461e+00,3.385260105133056641e-01,5.759392976760864258e-01,-4.669180884957313538e-02,-5.512077212333679199e-01,1.350009068846702576e-02,8.230496942996978760e-02,5.085406899452209473e-01,-1.810397356748580933e-01,1.135015338659286499e-01,-2.493349015712738037e-01,2.555462718009948730e-02,-1.732211709022521973e-01,1.679343134164810181e-01,-2.502141892910003662e-01,-4.943733662366867065e-02
2.206967957317829132e-02,-3.803096711635589600e-02,6.959016919136047363e-01,-6.532534211874008179e-02,5.926201492547988892e-02,7.899580597877502441e-01,6.067840456962585449e-01,0.000000000000000000e+00,0.000000000000000000e+00,-1.830050023272633553e-03,-1.207118988037109375e+00,3.534992337226867676e-01,-5.628675222396850586e-01,-7.242060452699661255e-02,1.268190979957580566e+00,3.306557238101959229e-01,5.708205699920654297e-01,-5.587342008948326111e-02,-6.368165612220764160e-01,3.885119780898094177e-02,9.698724001646041870e-02,5.935729146003723145e-01,-1.941312551498413086e-01,1.107954904437065125e-01,-2.717898488044738770e-01,2.161563560366630554e-02,-1.854753494262695312e-01,1.982237845659255981e-01,-2.768464088439941406e-01,-5.006273090839385986e-02
2.102264761924743652e-02,-3.260556235909461975e-02,6.952921748161315918e-01,-7.145760953426361084e-02,6.457007676362991333e-02,7.960721850395202637e-01,5.974894165992736816e-01,0.000000000000000000e+00,0.000000000000000000e+00,7.295640534721314907e-05,-1.201540827751159668e+00,3.315260410308837891e-01,-5.586755871772766113e-01,-7.863590866327285767e-02,1.264781832695007324e+00,3.221926689147949219e-01,5.647296309471130371e-01,-6.199685484170913696e-02,-7.109193205833435059e-01,6.577760726213455200e-02,1.088029518723487854e-01,6.417934894561767578e-01,-2.039303779602050781e-01,1.105763316154479980e-01,-2.948353290557861328e-01,1.450466830283403397e-02,-1.973586678504943848e-01,2.299644500017166138e-01,-3.046982884407043457e-01,-4.871909692883491516e-02
1.915319636464118958e-02,-2.676405757665634155e-02,6.944393515586853027e-01,-7.768381386995315552e-02,7.020678371191024780e-02,8.021417260169982910e-01,5.878816843032836914e-01,0.000000000000000000e+00,0.000000000000000000e+00,1.923078554682433605e-03,-1.197142601013183594e+00,3.066259324550628662e-01,-5.504251718521118164e-01,-8.599074929952621460e-02,1.260945200920104980e+00,3.112474977970123291e-01,5.585387945175170898e-01,-6.456752121448516846e-02,-7.741988301277160645e-01,9.017010778188705444e-02,1.166502609848976135e-01,6.532679200172424316e-01,-2.122622877359390259e-01,1.112999469041824341e-01,-3.182447552680969238e-01,3.953601233661174774e-03,-2.109638303518295288e-01,2.649913132190704346e-01,-3.364310562610626221e-01,-4.629016667604446411e-02
1.664164103567600250e-02,-2.127126976847648621e-02,6.932060718536376953e-01,-8.154523372650146484e-02,7.457158714532852173e-02,8.083100914955139160e-01,5.782942175865173340e-01,0.000000000000000000e+00,0.000000000000000000e+00,9.704576805233955383e-03,-1.192252993583679199e+00,2.836082875728607178e-01,-5.418193936347961426e-01,-8.918258547782897949e-02,1.257611274719238281e+00,3.003577888011932373e-01,5.497551560401916504e-01,-6.217537075281143188e-02,-8.240506052970886230e-01,1.071079969406127930e-01,1.142236143350601196e-01,6.320002079010009766e-01,-2.172510027885437012e-01,1.125258952379226685e-01,-3.427375257015228271e-01,-1.325671281665563583e-02,-2.276820391416549683e-01,3.165977895259857178e-01,-3.738735318183898926e-01,-4.337893798947334290e-02
1.280398759990930557e-02,-1.557410322129726410e-02,6.917005181312561035e-01,-8.666519820690155029e-02,7.965059578418731689e-02,8.125936388969421387e-01,5.708208680152893066e-01,0.000000000000000000e+00,0.000000000000000000e+00,1.356821786612272263e-02,-1.186509013175964355e+00,2.605829834938049316e-01,-5.312967896461486816e-01,-9.750882536172866821e-02,1.252465009689331055e+00,2.895340621471405029e-01,5.440813899040222168e-01,-5.248643830418586731e-02,-8.611339330673217773e-01,1.170333176851272583e-01,1.119296476244926453e-01,5.769872069358825684e-01,-2.144813388586044312e-01,1.112912371754646301e-01,-3.679228723049163818e-01,-3.369611501693725586e-02,-2.456854581832885742e-01,3.666386008262634277e-01,-4.116718173027038574e-01,-3.775537386536598206e-02
7.968466728925704956e-03,-1.055900380015373230e-02,6.896743774414062500e-01,-9.053394943475723267e-02,8.295193314552307129e-02,8.161666989326477051e-01,5.646188855171203613e-01,0.000000000000000000e+00,0.000000000000000000e+00,1.721589453518390656e-02,-1.182059526443481445e+00,2.399806678295135498e-01,-5.220537185668945312e-01,-1.048563197255134583e-01,1.246577501296997070e+00,2.756909728050231934e-01,5.386447906494140625e-01,-3.605591133236885071e-02,-8.844702243804931641e-01,1.157626137137413025e-01,1.017708554863929749e-01,4.997471570968627930e-01,-2.071002572774887085e-01,1.053942367434501648e-01,-3.901203870773315430e-01,-5.833924189209938049e-02,-2.665917575359344482e-01,4.227433800697326660e-01,-4.477502107620239258e-01,-3.134107217192649841e-02
2.337784972041845322e-03,-6.138579454272985458e-03,6.867809295654296875e-01,-9.367422014474868774e-02,8.467043936252593994e-02,8.201431632041931152e-01,5.580512881278991699e-01,0.000000000000000000e+00,0.000000000000000000e+00,1.917442865669727325e-02,-1.178490519523620605e+00,2.168239802122116089e-01,-5.169476270675659180e-01,-1.096264719963073730e-01,1.239206671714782715e+00,2.604255378246307373e-01,5.376004576683044434e-01,-1.536575611680746078e-02,-8.930908441543579102e-01,1.051250174641609192e-01,8.807742595672607422e-02,4.037991464138031006e-01,-1.961190253496170044e-01,9.825389832258224487e-02,-4.108644425868988037e-01,-8.678919821977615356e-02,-2.896618843078613281e-01,4.869656860828399658e-01,-4.867441356182098389e-01,-2.425405383110046387e-02
-4.223872907459735870e-03,-1.600782969035208225e-03,6.830796599388122559e-01,-9.819729626178741455e-02,8.698082715272903442e-02,8.234707713127136230e-01,5.519850254058837891e-01,0.000000000000000000e+00,0.000000000000000000e+00,1.970903016626834869e-02,-1.175320625305175781e+00,1.913681477308273315e-01,-5.144856572151184082e-01,-1.155588626861572266e-01,1.231516003608703613e+00,2.439188659191131592e-01,5.379590392112731934e-01,7.157021202147006989e-03,-8.907864093780517578e-01,9.254541248083114624e-02,7.933501899242401123e-02,3.064838349819183350e-01,-1.794121414422988892e-01,8.981307595968246460e-02,-4.351297914981842041e-01,-1.175102293491363525e-01,-3.094208538532257080e-01,5.555824637413024902e-01,-5.307948589324951172e-01,-1.818813011050224304e-02
-1.178403571248054504e-02,2.939054975286126137e-03,6.784859299659729004e-01,-1.048036068677902222e-01,8.915623277425765991e-02,8.261428475379943848e-01,5.464022755622863770e-01,0.000000000000000000e+00,0.000000000000000000e+00,1.317221857607364655e-02,-1.169521331787109375e+00,1.694290935993194580e-01,-5.144612193107604980e-01,-1.266439110040664673e-01,1.220750212669372559e+00,2.294863015413284302e-01,5.420669317245483398e-01,2.060316875576972961e-02,-8.965034484863281250e-01,8.694831281900405884e-02,7.183876633644104004e-02,2.417443096637725830e-01,-1.595610380172729492e-01,8.166993409395217896e-02,-4.616515934467315674e-01,-1.410860866308212280e-01,-3.164098858833312988e-01,6.173848509788513184e-01,-5.735408067703247070e-01,-1.370592787861824036e-02
-1.941380463540554047e-02,6.600948981940746307e-03,6.730881333351135254e-01,-1.085825935006141663e-01,9.033062309026718140e-02,8.281967639923095703e-01,5.423470139503479004e-01,0.000000000000000000e+00,0.000000000000000000e+00,9.699537418782711029e-03,-1.163088917732238770e+00,1.508599519729614258e-01,-5.141665339469909668e-01,-1.330803334712982178e-01,1.211080789566040039e+00,2.081566452980041504e-01,5.434834957122802734e-01,3.361028432846069336e-02,-9.051614403724670410e-01,8.238282054662704468e-02,6.945807486772537231e-02,2.097057104110717773e-01,-1.348638534545898438e-01,7.526507228612899780e-02,-4.882272183895111084e-01,-1.678921729326248169e-01,-3.172526955604553223e-01,6.903179287910461426e-01,-6.192471385002136230e-01,-1.362557988613843918e-02
-2.748114429414272308e-02,1.000112295150756836e-02,6.668140888214111328e-01,-1.133625656366348267e-01,9.070058166980743408e-02,8.306334018707275391e-01,5.375596880912780762e-01,0.000000000000000000e+00,0.000000000000000000e+00,2.335902536287903786e-03,-1.155117273330688477e+00,1.358274072408676147e-01,-5.134810209274291992e-01,-1.378999203443527222e-01,1.198500752449035645e+00,1.852595806121826172e-01,5.464796423912048340e-01,4.319687560200691223e-02,-9.286186099052429199e-01,7.816342264413833618e-02,6.570295244455337524e-02,2.229413092136383057e-01,-1.127716302871704102e-01,6.903606653213500977e-02,-5.176603198051452637e-01,-1.911597549915313721e-01,-3.126623630523681641e-01,7.660089731216430664e-01,-6.650484800338745117e-01,-1.319567300379276276e-02
-3.526357933878898621e-02,1.317332778126001358e-02,6.602581739425659180e-01,-1.170180812478065491e-01,9.222576022148132324e-02,8.326461911201477051e-01,5.333868861198425293e-01,0.000000000000000000e+00,0.000000000000000000e+00,-9.932926855981349945e-03,-1.147046566009521484e+00,1.225329935550689697e-01,-5.147795081138610840e-01,-1.426169723272323608e-01,1.183001637458801270e+00,1.531468480825424194e-01,5.539602041244506836e-01,5.267780274152755737e-02,-9.706759452819824219e-01,7.399331778287887573e-02,6.849765032529830933e-02,2.870890498161315918e-01,-1.036888211965560913e-01,6.853061169385910034e-02,-5.495315790176391602e-01,-2.167389839887619019e-01,-3.017281293869018555e-01,8.449798822402954102e-01,-7.000592350959777832e-01,-1.586731150746345520e-02
-4.313895478844642639e-02,1.598561741411685944e-02,6.527372002601623535e-01,-1.203844100236892700e-01,9.278773516416549683e-02,8.347963094711303711e-01,5.291627049446105957e-01,0.000000000000000000e+00,0.000000000000000000e+00,-2.592253126204013824e-02,-1.135801434516906738e+00,1.106307432055473328e-01,-5.161914825439453125e-01,-1.428194791078567505e-01,1.160547018051147461e+00,1.211723461747169495e-01,5.661500692367553711e-01,6.197658553719520569e-02,-1.037148952484130859e+00,6.792180240154266357e-02,7.281580567359924316e-02,4.019334316253662109e-01,-1.016374304890632629e-01,6.983491033315658569e-02,-5.847849845886230469e-01,-2.369567304849624634e-01,-2.791576981544494629e-01,9.285793900489807129e-01,-7.189857363700866699e-01,-1.622694730758666992e-02
-5.099723488092422485e-02,1.928840391337871552e-02,6.444457173347473145e-01,-1.247641369700431824e-01,9.514237940311431885e-02,8.363852500915527344e-01,5.252062082290649414e-01,0.000000000000000000e+00,0.000000000000000000e+00,-4.539131373167037964e-02,-1.122047305107116699e+00,1.030018329620361328e-01,-5.187930464744567871e-01,-1.411702185869216919e-01,1.136634945869445801e+00,7.823596894741058350e-02,5.826209783554077148e-01,7.348265498876571655e-02,-1.121114373207092285e+00,5.964784696698188782e-02,7.680606096982955933e-02,5.488424301147460938e-01,-1.171626746654510498e-01,7.590711116790771484e-02,-6.285177469253540039e-01,-2.533650994300842285e-01,-2.438304275274276733e-01,1.015789866447448730e+00,-7.276806235313415527e-01,-1.630665734410285950e-02
-5.892051011323928833e-02,2.323986589908599854e-02,6.349558830261230469e-01,-1.312277764081954956e-01,9.817980974912643433e-02,8.386551141738891602e-01,5.194204449653625488e-01,0.000000000000000000e+00,0.000000000000000000e+00,-6.711433827877044678e-02,-1.104853630065917969e+00,9.985544532537460327e-02,-5.269231796264648438e-01,-1.385507136583328247e-01,1.111452698707580566e+00,3.480854257941246033e-02,6.016030311584472656e-01,8.164355158805847168e-02,-1.210293531417846680e+00,5.098905414342880249e-02,8.165952563285827637e-02,6.971805691719055176e-01,-1.490848958492279053e-01,8.467345684766769409e-02,-6.795431971549987793e-01,-2.633011341094970703e-01,-2.051975280046463013e-01,1.105977654457092285e+00,-7.359786629676818848e-01,-1.261154469102621078e-02
-6.649864464998245239e-02,2.754266001284122467e-02,6.251441836357116699e-01,-1.374639570713043213e-01,1.017042323946952820e-01,8.411720991134643555e-01,5.130199193954467773e-01,0.000000000000000000e+00,0.000000000000000000e+00,-9.272965043783187866e-02,-1.086895942687988281e+00,9.251504391431808472e-02,-5.388079285621643066e-01,-1.328627616167068481e-01,1.086050987243652344e+00,-1.240698061883449554e-02,6.162455677986145020e-01,8.279853314161300659e-02,-1.296404838562011719e+00,4.122229292988777161e-02,8.530779927968978882e-02,8.346409201622009277e-01,-1.884693652391433716e-01,9.416493028402328491e-02,-7.312141656875610352e-01,-2.703160345554351807e-01,-1.688187271356582642e-01,1.192915439605712891e+00,-7.415173649787902832e-01,-1.274185534566640854e-02
-7.348214834928512573e-02,3.208723664283752441e-02,6.147496700286865234e-01,-1.423033326864242554e-01,1.044471114873886108e-01,8.457517623901367188e-01,5.035321116447448730e-01,0.000000000000000000e+00,0.000000000000000000e+00,-1.114328280091285706e-01,-1.066531300544738770e+00,8.722349256277084351e-02,-5.547741055488586426e-01,-1.202888041734695435e-01,1.060851573944091797e+00,-5.744304135441780090e-02,6.296342611312866211e-01,7.605178654193878174e-02,-1.378981113433837891e+00,3.528349474072456360e-02,9.204033017158508301e-02,9.673537015914916992e-01,-2.349107414484024048e-01,1.011681780219078064e-01,-7.757515311241149902e-01,-2.763128876686096191e-01,-1.390175521373748779e-01,1.275307416915893555e+00,-7.452118396759033203e-01,-1.356433704495429993e-02
-8.056348562240600586e-02,3.711981326341629028e-02,6.044104695320129395e-01,-1.484564542770385742e-01,1.078195571899414062e-01,8.488249778747558594e-01,4.958142042160034180e-01,0.000000000000000000e+00,0.000000000000000000e+00,-1.353469341993331909e-01,-1.041995763778686523e+00,8.210057765245437622e-02,-5.716814994812011719e-01,-1.157539784908294678e-01,1.038995742797851562e+00,-9.714734554290771484e-02,6.407400965690612793e-01,7.425036281347274780e-02,-1.451218962669372559e+00,2.514876425266265869e-02,9.614486247301101685e-02,1.073755383491516113e+00,-2.706270813941955566e-01,1.086577624082565308e-01,-8.125117421150207520e-01,-2.822972238063812256e-01,-1.155145242810249329e-01,1.344986200332641602e+00,-7.416337728500366211e-01,-1.350314449518918991e-02
-8.735071867704391479e-02,4.234383627772331238e-02,5.935941338539123535e-01,-1.542833000421524048e-01,1.106772422790527344e-01,8.524773120880126953e-01,4.870623052120208740e-01,0.000000000000000000e+00,0.000000000000000000e+00,-1.590901762247085571e-01,-1.017094850540161133e+00,8.075169473886489868e-02,-5.906866192817687988e-01,-1.123321577906608582e-01,1.020326137542724609e+00,-1.322311758995056152e-01,6.469107270240783691e-01,7.414561510086059570e-02,-1.517954945564270020e+00,1.230425387620925903e-02,1.014076769351959229e-01,1.169569492340087891e+00,-3.029401600360870361e-01,1.136312633752822876e-01,-8.388807177543640137e-01,-2.900808155536651611e-01,-9.964020550251007080e-02,1.406914114952087402e+00,-7.413569092750549316e-01,-1.669445820152759552e-02
-9.402049332857131958e-02,4.714317619800567627e-02,5.829387903213500977e-01,-1.587368398904800415e-01,1.118457540869712830e-01,8.552251458168029785e-01,4.805029332637786865e-01,0.000000000000000000e+00,0.000000000000000000e+00,-1.767559349536895752e-01,-9.925917387008666992e-01,7.827053964138031006e-02,-6.111004948616027832e-01,-1.068230196833610535e-01,1.003363251686096191e+00,-1.613797545433044434e-01,6.567402482032775879e-01,7.580617815256118774e-02,-1.576763987541198730e+00,1.479052123613655567e-03,1.055043116211891174e-01,1.259393334388732910e+00,-3.327426612377166748e-01,1.208567544817924500e-01,-8.539870977401733398e-01,-2.892089486122131348e-01,-8.201885968446731567e-02,1.461065292358398438e+00,-7.436711788177490234e-01,-1.867668330669403076e-02
-9.997805207967758179e-02,5.181175097823143005e-02,5.715250968933105469e-01,-1.612123548984527588e-01,1.136318668723106384e-01,8.575266599655151367e-01,4.751277565956115723e-01,0.000000000000000000e+00,0.000000000000000000e+00,-1.952175647020339966e-01,-9.645393490791320801e-01,7.814239710569381714e-02,-6.319545507431030273e-01,-1.065850183367729187e-01,9.876947402954101562e-01,-1.862119138240814209e-01,6.615243554115295410e-01,7.862528413534164429e-02,-1.629964947700500488e+00,-7.843386381864547729e-03,1.137798726558685303e-01,1.343532681465148926e+00,-3.583295643329620361e-01,1.249295845627784729e-01,-8.635051846504211426e-01,-2.938159406185150146e-01,-6.792069971561431885e-02,1.515265822410583496e+00,-7.511005401611328125e-01,-2.184738963842391968e-02
-1.055929586291313171e-01,5.624730512499809265e-02,5.604671835899353027e-01,-1.631989032030105591e-01,1.148790419101715088e-01,8.599775433540344238e-01,4.696887731552124023e-01,0.000000000000000000e+00,0.000000000000000000e+00,-2.120316773653030396e-01,-9.389707446098327637e-01,7.186760008335113525e-02,-6.514182090759277344e-01,-1.081986799836158752e-01,9.738600254058837891e-01,-2.105796337127685547e-01,6.647617816925048828e-01,8.085918426513671875e-02,-1.677678108215332031e+00,-1.579391211271286011e-02,1.227827295660972595e-01,1.420220255851745605e+00,-3.837270438671112061e-01,1.273839324712753296e-01,-8.663581013679504395e-01,-2.942163944244384766e-01,-5.540346354246139526e-02,1.564053416252136230e+00,-7.556511163711547852e-01,-2.160900086164474487e-02
-1.108847931027412415e-01,6.034776195883750916e-02,5.500900149345397949e-01,-1.645613461732864380e-01,1.161831691861152649e-01,8.614275455474853516e-01,4.662227630615234375e-01,0.000000000000000000e+00,0.000000000000000000e+00,-2.246821373701095581e-01,-9.144660234451293945e-01,6.787716597318649292e-02,-6.679574251174926758e-01,-1.122906208038330078e-01,9.576528668403625488e-01,-2.302923053503036499e-01,6.676643490791320801e-01,8.269072324037551880e-02,-1.719128012657165527e+00,-1.846764981746673584e-02,1.331018507480621338e-01,1.489670038223266602e+00,-4.085083305835723877e-01,1.331803053617477417e-01,-8.663961291313171387e-01,-2.962793707847595215e-01,-4.499585181474685669e-02,1.607952117919921875e+00,-7.561239600181579590e-01,-1.937623880803585052e-02
-1.154432669281959534e-01,6.374755501747131348e-02,5.388357639312744141e-01,-1.635546088218688965e-01,1.165424734354019165e-01,8.632573485374450684e-01,4.630922675132751465e-01,0.000000000000000000e+00,0.000000000000000000e+00,-2.368303239345550537e-01,-8.926051855087280273e-01,6.794577091932296753e-02,-6.825981736183166504e-01,-1.152217760682106018e-01,9.375864267349243164e-01,-2.468339055776596069e-01,6.713106036186218262e-01,8.385063707828521729e-02,-1.757547974586486816e+00,-2.008418180048465729e-02,1.432387828826904297e-01,1.559555888175964355e+00,-4.307858347892761230e-01,1.387430280447006226e-01,-8.612073659896850586e-01,-2.976869642734527588e-01,-3.399324417114257812e-02,1.652825951576232910e+00,-7.554441094398498535e-01,-1.648195460438728333e-02
-1.197572126984596252e-01,6.690979003906250000e-02,5.282385945320129395e-01,-1.627880930900573730e-01,1.168270781636238098e-01,8.646961450576782227e-01,4.605996012687683105e-01,0.000000000000000000e+00,0.000000000000000000e+00,-2.470041662454605103e-01,-8.727681636810302734e-01,6.888953596353530884e-02,-6.938235759735107422e-01,-1.167266145348548889e-01,9.150415062904357910e-01,-2.669186890125274658e-01,6.795984506607055664e-01,8.704046905040740967e-02,-1.792052268981933594e+00,-2.123222500085830688e-02,1.540889292955398560e-01,1.622150421142578125e+00,-4.555581510066986084e-01,1.438170671463012695e-01,-8.525875210762023926e-01,-2.954804003238677979e-01,-2.317670173943042755e-02,1.692914128303527832e+00,-7.551354169845581055e-01,-4.329371731728315353e-03
-1.226014941930770874e-01,6.918900460004806519e-02,5.181785821914672852e-01,-1.561218500137329102e-01,1.174168139696121216e-01,8.659078478813171387e-01,4.604810774326324463e-01,0.000000000000000000e+00,0.000000000000000000e+00,-2.494423836469650269e-01,-8.606438636779785156e-01,6.949375569820404053e-02,-7.029208540916442871e-01,-1.137965843081474304e-01,8.911725282669067383e-01,-2.851102650165557861e-01,6.774406433105468750e-01,9.198793768882751465e-02,-1.799999952316284180e+00,-2.319378592073917389e-02,1.686153113842010498e-01,1.667000293731689453e+00,-4.780333638191223145e-01,1.476131975650787354e-01,-8.331311345100402832e-01,-2.963424921035766602e-01,-9.570306167006492615e-03,1.731024861335754395e+00,-7.511036396026611328e-01,8.305122144520282745e-03
-1.246233806014060974e-01,7.073395699262619019e-02,5.081666111946105957e-01,-1.463081240653991699e-01,1.180232539772987366e-01,8.655279278755187988e-01,4.642476439476013184e-01,0.000000000000000000e+00,0.000000000000000000e+00,-2.481431812047958374e-01,-8.513198494911193848e-01,7.084098458290100098e-02,-7.117669582366943359e-01,-1.086249202489852905e-01,8.667685389518737793e-01,-2.967550754547119141e-01,6.767644882202148438e-01,9.560772776603698730e-02,-1.799999952316284180e+00,-1.604459434747695923e-02,1.830635666847229004e-01,1.712402701377868652e+00,-5.005874633789062500e-01,1.518714874982833862e-01,-8.116058111190795898e-01,-3.016755282878875732e-01,6.165502592921257019e-03,1.768169283866882324e+00,-7.515456676483154297e-01,1.816833578050136566e-02
-1.266202181577682495e-01,7.208704203367233276e-02,4.991031885147094727e-01,-1.379476934671401978e-01,1.176480650901794434e-01,8.652988672256469727e-01,4.673191606998443604e-01,0.000000000000000000e+00,0.000000000000000000e+00,-2.445143163204193115e-01,-8.422738909721374512e-01,7.454389333724975586e-02,-7.185048460960388184e-01,-1.026746779680252075e-01,8.440515398979187012e-01,-3.084278404712677002e-01,6.757573485374450684e-01,9.686692059040069580e-02,-1.799999952316284180e+00,-7.689999882131814957e-03,1.937741935253143311e-01,1.754420399665832520e+00,-5.224620103836059570e-01,1.581545770168304443e-01,-7.905561923980712891e-01,-3.033541738986968994e-01,1.810501888394355774e-02,1.801055192947387695e+00,-7.410035133361816406e-01,3.051086142659187317e-02
-1.285266578197479248e-01,7.305724173784255981e-02,4.906667172908782959e-01,-1.301422417163848877e-01,1.162884980440139771e-01,8.644916415214538574e-01,4.713747203350067139e-01,0.000000000000000000e+00,0.000000000000000000e+00,-2.398216724395751953e-01,-8.350383043289184570e-01,7.704886049032211304e-02,-7.216195464134216309e-01,-9.860675036907196045e-02,8.216039538383483887e-01,-3.175307810306549072e-01,6.761340498924255371e-01,9.824253618717193604e-02,-1.799999952316284180e+00,4.033765755593776703e-03,2.018832862377166748e-01,1.795540332794189453e+00,-5.433720946311950684e-01,1.641141325235366821e-01,-7.697842717170715332e-01,-3.025102019309997559e-01,2.921118959784507751e-02,1.828942179679870605e+00,-7.283992767333984375e-01,4.499507322907447815e-02
-1.301480680704116821e-01,7.426536083221435547e-02,4.836165308952331543e-01,-1.236179322004318237e-01,1.159354895353317261e-01,8.636775016784667969e-01,4.746986329555511475e-01,0.000000000000000000e+00,0.000000000000000000e+00,-2.355895489454269409e-01,-8.283667564392089844e-01,7.966379076242446899e-02,-7.237374186515808105e-01,-9.831783175468444824e-02,8.033357858657836914e-01,-3.268695473670959473e-01,6.756170392036437988e-01,9.795494377613067627e-02,-1.799999952316284180e+00,1.623529382050037384e-02,2.093317210674285889e-01,1.830639600753784180e+00,-5.587403774261474609e-01,1.690318286418914795e-01,-7.525855302810668945e-01,-3.016806542873382568e-01,3.991545364260673523e-02,1.851229310035705566e+00,-7.118918895721435547e-01,6.018740683794021606e-02
-1.313127428293228149e-01,7.564648240804672241e-02,4.764876067638397217e-01,-1.171311512589454651e-01,1.168416142463684082e-01,8.627053499221801758e-01,4.778783917427062988e-01,0.000000000000000000e+00,0.000000000000000000e+00,-2.313675135374069214e-01,-8.224588632583618164e-01,8.049001544713973999e-02,-7.250295281410217285e-01,-9.650518000125885010e-02,7.846052050590515137e-01,-3.392328023910522461e-01,6.758173108100891113e-01,9.835871309041976929e-02,-1.799999952316284180e+00,2.892117947340011597e-02,2.188531160354614258e-01,1.864011049270629883e+00,-5.748190879821777344e-01,1.715029627084732056e-01,-7.364456057548522949e-01,-3.004642426967620850e-01,5.263450741767883301e-02,1.873775601387023926e+00,-6.991829872131347656e-01,7.210935652256011963e-02
-1.323653906583786011e-01,7.708539068698883057e-02,4.704711735248565674e-01,-1.118377372622489929e-01,1.181317344307899475e-01,8.617362976074218750e-01,4.805702269077301025e-01,0.000000000000000000e+00,0.000000000000000000e+00,-2.265871763229370117e-01,-8.206738829612731934e-01,8.077166974544525146e-02,-7.256338596343994141e-01,-9.611502289772033691e-02,7.685780525207519531e-01,-3.503187596797943115e-01,6.761721968650817871e-01,9.759902209043502808e-02,-1.799999952316284180e+00,4.110203310847282410e-02,2.271717786788940430e-01,1.892868757247924805e+00,-5.892426967620849609e-01,1.735706627368927002e-01,-7.232731580734252930e-01,-2.993968129158020020e-01,6.429570168256759644e-02,1.892034530639648438e+00,-6.828191876411437988e-01,8.489093929529190063e-02
-1.332040727138519287e-01,7.864740490913391113e-02,4.652154445648193359e-01,-1.073614731431007385e-01,1.202422678470611572e-01,8.607788085937500000e-01,4.827786087989807129e-01,0.000000000000000000e+00,0.000000000000000000e+00,-2.218012958765029907e-01,-8.196340799331665039e-01,7.884225994348526001e-02,-7.284774780273437500e-01,-9.626457095146179199e-02,7.544096708297729492e-01,-3.643775582313537598e-01,6.779375672340393066e-01,9.685202687978744507e-02,-1.799999952316284180e+00,5.151361227035522461e-02,2.354615926742553711e-01,1.917440652847290039e+00,-6.004961729049682617e-01,1.755053251981735229e-01,-7.126622796058654785e-01,-2.972915470600128174e-01,7.648288458585739136e-02,1.907657742500305176e+00,-6.643823385238647461e-01,9.752798080444335938e-02
-1.337975561618804932e-01,8.017590641975402832e-02,4.603088200092315674e-01,-1.033048853278160095e-01,1.223614141345024109e-01,8.607874512672424316e-01,4.831156730651855469e-01,0.000000000000000000e+00,0.000000000000000000e+00,-2.157044261693954468e-01,-8.206904530525207520e-01,7.923330366611480713e-02,-7.316189408302307129e-01,-9.399498999118804932e-02,7.404807209968566895e-01,-3.849637806415557861e-01,6.811534166336059570e-01,9.407381713390350342e-02,-1.799999952316284180e+00,6.089208275079727173e-02,2.440317422151565552e-01,1.939031481742858887e+00,-6.110139489173889160e-01,1.745087802410125732e-01,-7.023987174034118652e-01,-2.953427433967590332e-01,8.688852190971374512e-02,1.920951604843139648e+00,-6.446123719215393066e-01,1.113350465893745422e-01
-1.344605982303619385e-01,8.165085315704345703e-02,4.563556909561157227e-01,-1.002412736415863037e-01,1.250929981470108032e-01,8.598648309707641602e-01,4.847019016742706299e-01,0.000000000000000000e+00,0.000000000000000000e+00,-2.112275511026382446e-01,-8.221935629844665527e-01,7.741428911685943604e-02,-7.366874217987060547e-01,-9.500244259834289551e-02,7.302807569503784180e-01,-4.031228423118591309e-01,6.855055093765258789e-01,9.334389120340347290e-02,-1.799999952316284180e+00,7.058519870042800903e-02,2.525607943534851074e-01,1.957063913345336914e+00,-6.198635697364807129e-01,1.750905066728591919e-01,-6.954762935638427734e-01,-2.941761910915374756e-01,9.831739962100982666e-02,1.931535840034484863e+00,-6.296966671943664551e-01,1.245854720473289490e-01
-1.351149231195449829e-01,8.269025385379791260e-02,4.527615308761596680e-01,-9.744007885456085205e-02,1.262791156768798828e-01,8.597536087036132812e-01,4.851625859737396240e-01,0.000000000000000000e+00,0.000000000000000000e+00,-2.071655988693237305e-01,-8.247670531272888184e-01,7.382386177778244019e-02,-7.407107353210449219e-01,-9.750180691480636597e-02,7.223067283630371094e-01,-4.249246418476104736e-01,6.880170106887817383e-01,9.112436324357986450e-02,-1.799999952316284180e+00,8.077123761177062988e-02,2.589175403118133545e-01,1.974150896072387695e+00,-6.260986328125000000e-01,1.766751855611801147e-01,-6.880896091461181641e-01,-2.923260033130645752e-01,1.061353534460067749e-01,1.939689517021179199e+00,-6.079381108283996582e-01,1.396634578704833984e-01
-1.357404142618179321e-01,8.416859060525894165e-02,4.502660930156707764e-01,-9.605035930871963501e-02,1.294209361076354980e-01,8.594972491264343262e-01,4.850660264492034912e-01,0.000000000000000000e+00,0.000000000000000000e+00,-2.018493264913558960e-01,-8.274125456809997559e-01,7.207655161619186401e-02,-7.456456422805786133e-01,-9.847638756036758423e-02,7.135172486305236816e-01,-4.415724575519561768e-01,6.883692741394042969e-01,8.959998190402984619e-02,-1.799999952316284180e+00,8.648677915334701538e-02,2.673510313034057617e-01,1.984597206115722656e+00,-6.329771280288696289e-01,1.758465617895126343e-01,-6.847257018089294434e-01,-2.911458909511566162e-01,1.153691783547401428e-01,1.945385217666625977e+00,-5.908090472221374512e-01,1.523522436618804932e-01
-1.359981596469879150e-01,8.560094982385635376e-02,4.475091695785522461e-01,-9.397827833890914917e-02,1.330292820930480957e-01,8.599234819412231445e-01,4.837384521961212158e-01,0.000000000000000000e+00,0.000000000000000000e+00,-1.979517489671707153e-01,-8.315507769584655762e-01,7.175208628177642822e-02,-7.521133422851562500e-01,-9.748167544603347778e-02,7.028746604919433594e-01,-4.567582607269287109e-01,6.862637400627136230e-01,8.733353763818740845e-02,-1.799999952316284180e+00,9.165552258491516113e-02,2.778878211975097656e-01,1.994682312011718750e+00,-6.380808949470520020e-01,1.745742261409759521e-01,-6.799674034118652344e-01,-2.916457355022430420e-01,1.241104006767272949e-01,1.951677441596984863e+00,-5.742055773735046387e-01,1.631058305501937866e-01
-1.367259323596954346e-01,8.655270189046859741e-02,4.453067481517791748e-01,-9.298777580261230469e-02,1.345003098249435425e-01,8.601529002189636230e-01,4.831148386001586914e-01,0.000000000000000000e+00,0.000000000000000000e+00,-1.938256174325942993e-01,-8.333030939102172852e-01,7.331609725952148438e-02,-7.570875883102416992e-01,-9.847873449325561523e-02,6.954360008239746094e-01,-4.682154655456542969e-01,6.815556287765502930e-01,8.631701022386550903e-02,-1.799999952316284180e+00,9.771694242954254150e-02,2.849082350730895996e-01,2.004482030868530273e+00,-6.443477272987365723e-01,1.752606630325317383e-01,-6.750773787498474121e-01,-2.906976640224456787e-01,1.288679838180541992e-01,1.955057144165039062e+00,-5.590760707855224609e-01,1.754884570837020874e-01
-1.374983191490173340e-01,8.737957477569580078e-02,4.435668587684631348e-01,-9.234254062175750732e-02,1.357484012842178345e-01,8.600424528121948242e-01,4.830860793590545654e-01,0.000000000000000000e+00,0.000000000000000000e+00,-1.893552094697952271e-01,-8.340720534324645996e-01,7.667244225740432739e-02,-7.607034444808959961e-01,-1.015216410160064697e-01,6.883013844490051270e-01,-4.755277037620544434e-01,6.769185662269592285e-01,8.471840620040893555e-02,-1.799999952316284180e+00,1.035268381237983704e-01,2.900314927101135254e-01,2.013134717941284180e+00,-6.505617499351501465e-01,1.767811328172683716e-01,-6.724795103073120117e-01,-2.902027964591979980e-01,1.336683034896850586e-01,1.957724809646606445e+00,-5.440418124198913574e-01,1.866486072540283203e-01
-1.380083560943603516e-01,8.835036307573318481e-02,4.418983757495880127e-01,-9.152981638908386230e-02,1.377517729997634888e-01,8.602137565612792969e-01,4.823682010173797607e-01,0.000000000000000000e+00,0.000000000000000000e+00,-1.855164170265197754e-01,-8.352281451225280762e-01,8.219860494136810303e-02,-7.651106119155883789e-01,-1.033977791666984558e-01,6.794385910034179688e-01,-4.809696078300476074e-01,6.707807183265686035e-01,8.230742812156677246e-02,-1.799999952316284180e+00,1.085025891661643982e-01,2.959329187870025635e-01,2.020710468292236328e+00,-6.546911001205444336e-01,1.775743514299392700e-01,-6.700673699378967285e-01,-2.900081872940063477e-01,1.393376141786575317e-01,1.960556387901306152e+00,-5.312899351119995117e-01,1.969642639160156250e-01
-1.386733502149581909e-01,8.910253643989562988e-02,4.406701326370239258e-01,-9.129039198160171509e-02,1.387761980295181274e-01,8.603413105010986328e-01,4.818921387195587158e-01,0.000000000000000000e+00,0.000000000000000000e+00,-1.827879697084426880e-01,-8.364080190658569336e-01,8.637692779302597046e-02,-7.685551643371582031e-01,-1.049186140298843384e-01,6.723297834396362305e-01,-4.833279550075531006e-01,6.632578969001770020e-01,8.032924681901931763e-02,-1.799999952316284180e+00,1.132567077875137329e-01,2.998898327350616455e-01,2.027272462844848633e+00,-6.599717736244201660e-01,1.784363389015197754e-01,-6.679523587226867676e-01,-2.879357933998107910e-01,1.434284299612045288e-01,1.961791038513183594e+00,-5.188992619514465332e-01,2.052712291479110718e-01
-1.391509622335433960e-01,9.000697731971740723e-02,4.399127662181854248e-01,-9.128282964229583740e-02,1.405187845230102539e-01,8.605557680130004883e-01,4.810048341751098633e-01,0.000000000000000000e+00,0.000000000000000000e+00,-1.803230494260787964e-01,-8.380097150802612305e-01,9.070889651775360107e-02,-7.715044021606445312e-01,-1.060231253504753113e-01,6.656207442283630371e-01,-4.847800433635711670e-01,6.564696431159973145e-01,7.811896502971649170e-02,-1.799999952316284180e+00,1.159063726663589478e-01,3.041126132011413574e-01,2.031198740005493164e+00,-6.630805134773254395e-01,1.786506772041320801e-01,-6.670984625816345215e-01,-2.863383889198303223e-01,1.477999836206436157e-01,1.962172508239746094e+00,-5.082024335861206055e-01,2.122415900230407715e-01
-1.395506262779235840e-01,9.062451124191284180e-02,4.388895630836486816e-01,-9.101077914237976074e-02,1.414337456226348877e-01,8.606122732162475586e-01,4.806870520114898682e-01,0.000000000000000000e+00,0.000000000000000000e+00,-1.784417778253555298e-01,-8.387516736984252930e-01,9.282585978507995605e-02,-7.738997936248779297e-01,-1.087570562958717346e-01,6.603102087974548340e-01,-4.864681065082550049e-01,6.507623195648193359e-01,7.701114565134048462e-02,-1.799999952316284180e+00,1.203760504722595215e-01,3.074106574058532715e-01,2.036437034606933594e+00,-6.677016615867614746e-01,1.785184592008590698e-01,-6.652042269706726074e-01,-2.836647033691406250e-01,1.509823352098464966e-01,1.963501930236816406e+00,-4.972912371158599854e-01,2.191032320261001587e-01
-1.399254053831100464e-01,9.102261811494827271e-02,4.381448030471801758e-01,-9.077599644660949707e-02,1.416908204555511475e-01,8.606824874877929688e-01,4.805299639701843262e-01,0.000000000000000000e+00,0.000000000000000000e+00,-1.767931729555130005e-01,-8.396293520927429199e-01,9.355122596025466919e-02,-7.762310504913330078e-01,-1.110915467143058777e-01,6.566790342330932617e-01,-4.869389533996582031e-01,6.465522646903991699e-01,7.566459476947784424e-02,-1.799999952316284180e+00,1.242511272430419922e-01,3.089639246463775635e-01,2.041031360626220703e+00,-6.704407930374145508e-01,1.790028065443038940e-01,-6.639316082000732422e-01,-2.822625041007995605e-01,1.529161483049392700e-01,1.964231610298156738e+00,-4.861745536327362061e-01,2.253665477037429810e-01
-1.400748938322067261e-01,9.135930240154266357e-02,4.372400939464569092e-01,-9.014216810464859009e-02,1.421343684196472168e-01,8.607127070426940918e-01,4.804641604423522949e-01,0.000000000000000000e+00,0.000000000000000000e+00,-1.759000718593597412e-01,-8.401032090187072754e-01,9.462963789701461792e-02,-7.766733169555664062e-01,-1.133191585540771484e-01,6.524518728256225586e-01,-4.867781996726989746e-01,6.444156765937805176e-01,7.530797272920608521e-02,-1.799999952316284180e+00,1.274017989635467529e-01,3.110796809196472168e-01,2.045431852340698242e+00,-6.730660796165466309e-01,1.773746013641357422e-01,-6.616968512535095215e-01,-2.802000343799591064e-01,1.550697982311248779e-01,1.965835452079772949e+00,-4.759913682937622070e-01,2.304125428199768066e-01
-1.402085423469543457e-01,9.169075638055801392e-02,4.364410936832427979e-01,-8.981162309646606445e-02,1.426034122705459595e-01,8.605446219444274902e-01,4.806881546974182129e-01,0.000000000000000000e+00,0.000000000000000000e+00,-1.747809648513793945e-01,-8.395121693611145020e-01,9.650309383869171143e-02,-7.766647338867187500e-01,-1.143468096852302551e-01,6.477550864219665527e-01,-4.841301143169403076e-01,6.434114575386047363e-01,7.518840581178665161e-02,-1.799999952316284180e+00,1.301195323467254639e-01,3.124101459980010986e-01,2.049269914627075195e+00,-6.767218112945556641e-01,1.792436391115188599e-01,-6.607234477996826172e-01,-2.782999575138092041e-01,1.572241783142089844e-01,1.967779278755187988e+00,-4.674195349216461182e-01,2.354154437780380249e-01
-1.402593106031417847e-01,9.180724620819091797e-02,4.355413019657135010e-01,-8.926482498645782471e-02,1.423180848360061646e-01,8.607465624809265137e-01,4.805129468441009521e-01,0.000000000000000000e+00,0.000000000000000000e+00,-1.750533580780029297e-01,-8.391505479812622070e-01,9.830328077077865601e-02,-7.764084339141845703e-01,-1.146323382854461670e-01,6.439179182052612305e-01,-4.817969202995300293e-01,6.418476104736328125e-01,7.555568963289260864e-02,-1.799999952316284180e+00,1.324904859066009521e-01,3.135117888450622559e-01,2.053257703781127930e+00,-6.801390051841735840e-01,1.795176714658737183e-01,-6.580428481101989746e-01,-2.754467725753784180e-01,1.572803109884262085e-01,1.969750642776489258e+00,-4.576028287410736084e-01,2.398900240659713745e-01
-1.402733474969863892e-01,9.183673560619354248e-02,4.347413182258605957e-01,-8.864809572696685791e-02,1.422088295221328735e-01,8.602474331855773926e-01,4.815521836280822754e-01,0.000000000000000000e+00,0.000000000000000000e+00,-1.742859482765197754e-01,-8.375821709632873535e-01,1.000174731016159058e-01,-7.737639546394348145e-01,-1.163028031587600708e-01,6.408642530441284180e-01,-4.775358736515045166e-01,6.430208086967468262e-01,7.648689299821853638e-02,-1.799999952316284180e+00,1.355445533990859985e-01,3.136952221393585205e-01,2.057293415069580078e+00,-6.828444004058837891e-01,1.802565902471542358e-01,-6.573030948638916016e-01,-2.733387649059295654e-01,1.589672863483428955e-01,1.972544908523559570e+00,-4.469946026802062988e-01,2.438017576932907104e-01
-1.402430087327957153e-01,9.201177209615707397e-02,4.341619014739990234e-01,-8.835208415985107422e-02,1.427083164453506470e-01,8.597151041030883789e-01,4.824087619781494141e-01,0.000000000000000000e+00,0.000000000000000000e+00,-1.741842180490493774e-01,-8.365025520324707031e-01,1.027130633592605591e-01,-7.704728245735168457e-01,-1.173872500658035278e-01,6.371635198593139648e-01,-4.723431766033172607e-01,6.442341804504394531e-01,7.780828326940536499e-02,-1.799999952316284180e+00,1.375834792852401733e-01,3.146723210811614990e-01,2.059748411178588867e+00,-6.849592924118041992e-01,1.803833842277526855e-01,-6.572644710540771484e-01,-2.716022133827209473e-01,1.611966490745544434e-01,1.974736809730529785e+00,-4.400149285793304443e-01,2.473566830158233643e-01
-1.401233077049255371e-01,9.213620424270629883e-02,4.334389865398406982e-01,-8.784832060337066650e-02,1.433941423892974854e-01,8.588677048683166504e-01,4.838048219680786133e-01,0.000000000000000000e+00,0.000000000000000000e+00,-1.737770140171051025e-01,-8.352246284484863281e-01,1.049403473734855652e-01,-7.663937807083129883e-01,-1.201093867421150208e-01,6.335894465446472168e-01,-4.667179584503173828e-01,6.466602087020874023e-01,7.957232743501663208e-02,-1.799999952316284180e+00,1.406346261501312256e-01,3.157557845115661621e-01,2.062570095062255859e+00,-6.860669255256652832e-01,1.807978749275207520e-01,-6.578119993209838867e-01,-2.695095539093017578e-01,1.643387079238891602e-01,1.978121757507324219e+00,-4.327661991119384766e-01,2.496396452188491821e-01
-1.400061547756195068e-01,9.230828285217285156e-02,4.330144226551055908e-01,-8.757127821445465088e-02,1.444394886493682861e-01,8.579652905464172363e-01,4.851433038711547852e-01,0.000000000000000000e+00,0.000000000000000000e+00,-1.737500876188278198e-01,-8.344508409500122070e-01,1.077918708324432373e-01,-7.616727948188781738e-01,-1.226251125335693359e-01,6.304233670234680176e-01,-4.613182246685028076e-01,6.492068171501159668e-01,8.142650872468948364e-02,-1.799999952316284180e+00,1.429099589586257935e-01,3.173562586307525635e-01,2.063940048217773438e+00,-6.856759786605834961e-01,1.805539429187774658e-01,-6.593196392059326172e-01,-2.684493064880371094e-01,1.677979975938796997e-01,1.980755686759948730e+00,-4.280977249145507812e-01,2.518348991870880127e-01
-1.400094777345657349e-01,9.242227673530578613e-02,4.325957000255584717e-01,-8.758991956710815430e-02,1.453681141138076782e-01,8.566819429397583008e-01,4.871264398097991943e-01,0.000000000000000000e+00,0.000000000000000000e+00,-1.736976504325866699e-01,-8.336469531059265137e-01,1.091583818197250366e-01,-7.563950419425964355e-01,-1.262052506208419800e-01,6.284602880477905273e-01,-4.561186134815216064e-01,6.532837748527526855e-01,8.378744125366210938e-02,-1.799999952316284180e+00,1.461952030658721924e-01,3.184424042701721191e-01,2.065539360046386719e+00,-6.866051554679870605e-01,1.807423979043960571e-01,-6.617686748504638672e-01,-2.672881484031677246e-01,1.716075837612152100e-01,1.983575582504272461e+00,-4.249932765960693359e-01,2.550814151763916016e-01
-1.400538831949234009e-01,9.239858388900756836e-02,4.321397244930267334e-01,-8.760656416416168213e-02,1.456930935382843018e-01,8.558888435363769531e-01,4.884187877178192139e-01,0.000000000000000000e+00,0.000000000000000000e+00,-1.752496510744094849e-01,-8.348281979560852051e-01,1.076738163828849792e-01,-7.521609067916870117e-01,-1.273318082094192505e-01,6.267743706703186035e-01,-4.509866833686828613e-01,6.561152935028076172e-01,8.565811067819595337e-02,-1.799999952316284180e+00,1.486549377441406250e-01,3.193285465240478516e-01,2.067221164703369141e+00,-6.895729899406433105e-01,1.808578968048095703e-01,-6.630067825317382812e-01,-2.650746703147888184e-01,1.740160584449768066e-01,1.986027479171752930e+00,-4.211537241935729980e-01,2.584186792373657227e-01
-1.401438117027282715e-01,9.228790551424026489e-02,4.315917789936065674e-01,-8.761124312877655029e-02,1.459021568298339844e-01,8.548071384429931641e-01,4.902464747428894043e-01,0.000000000000000000e+00,0.000000000000000000e+00,-1.755514144897460938e-01,-8.358872532844543457e-01,1.045186668634414673e-01,-7.482067942619323730e-01,-1.300790160894393921e-01,6.265963315963745117e-01,-4.481592774391174316e-01,6.599121689796447754e-01,8.721549063920974731e-02,-1.799999952316284180e+00,1.531900912523269653e-01,3.197040855884552002e-01,2.069807529449462891e+00,-6.917368173599243164e-01,1.814370155334472656e-01,-6.652355194091796875e-01,-2.635162770748138428e-01,1.770758330821990967e-01,1.989247560501098633e+00,-4.190930426120758057e-01,2.609440982341766357e-01
-1.401163935661315918e-01,9.218140691518783569e-02,4.310899674892425537e-01,-8.728892356157302856e-02,1.465201228857040405e-01,8.535930514335632324e-01,4.922310709953308105e-01,0.000000000000000000e+00,0.000000000000000000e+00,-1.753643155097961426e-01,-8.374894261360168457e-01,1.006727740168571472e-01,-7.436683773994445801e-01,-1.329522430896759033e-01,6.263487339019775391e-01,-4.455462098121643066e-01,6.653754115104675293e-01,8.846405148506164551e-02,-1.799999952316284180e+00,1.568651795387268066e-01,3.199888765811920166e-01,2.072092771530151367e+00,-6.924205422401428223e-01,1.825448423624038696e-01,-6.673135757446289062e-01,-2.609763145446777344e-01,1.819051802158355713e-01,1.992344498634338379e+00,-4.188958108425140381e-01,2.642429769039154053e-01
-1.400594115257263184e-01,9.205664694309234619e-02,4.307376742362976074e-01,-8.710180968046188354e-02,1.469562798738479614e-01,8.528441786766052246e-01,4.934307932853698730e-01,0.000000000000000000e+00,0.000000000000000000e+00,-1.751492619514465332e-01,-8.388280868530273438e-01,9.874941408634185791e-02,-7.403205037117004395e-01,-1.337443292140960693e-01,6.260507106781005859e-01,-4.431464970111846924e-01,6.687820553779602051e-01,8.900354057550430298e-02,-1.799999952316284180e+00,1.599899232387542725e-01,3.205852508544921875e-01,2.073474168777465820e+00,-6.920533180236816406e-01,1.833676099777221680e-01,-6.692690849304199219e-01,-2.579861879348754883e-01,1.854296177625656128e-01,1.994879722595214844e+00,-4.170753955841064453e-01,2.673296630382537842e-01
-1.399539560079574585e-01,9.196429699659347534e-02,4.300662577152252197e-01,-8.691399544477462769e-02,1.475833654403686523e-01,8.521794080734252930e-01,4.944243133068084717e-01,0.000000000000000000e+00,0.000000000000000000e+00,-1.749370098114013672e-01,-8.410279154777526855e-01,9.395273774862289429e-02,-7.367387413978576660e-01,-1.334629803895950317e-01,6.244304776191711426e-01,-4.405420124530792236e-01,6.717883944511413574e-01,8.947160094976425171e-02,-1.799999952316284180e+00,1.628272831439971924e-01,3.217266201972961426e-01,2.075314044952392578e+00,-6.956607103347778320e-01,1.848938167095184326e-01,-6.716246604919433594e-01,-2.568172216415405273e-01,1.887262761592864990e-01,1.998985886573791504e+00,-4.150723516941070557e-01,2.691531479358673096e-01
-1.397356241941452026e-01,9.182638674974441528e-02,4.294919073581695557e-01,-8.657975494861602783e-02,1.482363492250442505e-01,8.516194820404052734e-01,4.952516555786132812e-01,0.000000000000000000e+00,0.000000000000000000e+00,-1.738835126161575317e-01,-8.422854542732238770e-01,9.017050266265869141e-02,-7.332265973091125488e-01,-1.333105862140655518e-01,6.228898167610168457e-01,-4.381148815155029297e-01,6.736410856246948242e-01,8.996845036745071411e-02,-1.799999952316284180e+00,1.656755656003952026e-01,3.231107890605926514e-01,2.076705455780029297e+00,-6.964027285575866699e-01,1.864528208971023560e-01,-6.734946370124816895e-01,-2.544042468070983887e-01,1.920912712812423706e-01,2.002763509750366211e+00,-4.119912981986999512e-01,2.704674899578094482e-01
-1.394414305686950684e-01,9.164547175168991089e-02,4.292214810848236084e-01,-8.636796474456787109e-02,1.487929672002792358e-01,8.511967658996582031e-01,4.958480298519134521e-01,0.000000000000000000e+00,0.000000000000000000e+00,-1.731592267751693726e-01,-8.436499834060668945e-01,8.630912750959396362e-02,-7.284540534019470215e-01,-1.333458870649337769e-01,6.224303245544433594e-01,-4.357269108295440674e-01,6.742044687271118164e-01,8.955597877502441406e-02,-1.799999952316284180e+00,1.672422885894775391e-01,3.233748078346252441e-01,2.076803445816040039e+00,-6.961505413055419922e-01,1.877417564392089844e-01,-6.761901974678039551e-01,-2.515895962715148926e-01,1.953146308660507202e-01,2.005818605422973633e+00,-4.110018014907836914e-01,2.718971371650695801e-01
-1.390464305877685547e-01,9.141918271780014038e-02,4.289342164993286133e-01,-8.616945147514343262e-02,1.495498269796371460e-01,8.506103754043579102e-01,4.966605305671691895e-01,0.000000000000000000e+00,0.000000000000000000e+00,-1.726320087909698486e-01,-8.445135354995727539e-01,8.192182332277297974e-02,-7.226245999336242676e-01,-1.342468112707138062e-01,6.214585304260253906e-01,-4.316175580024719238e-01,6.752600669860839844e-01,8.992306143045425415e-02,-1.799999952316284180e+00,1.685073673725128174e-01,3.239953517913818359e-01,2.076315879821777344e+00,-6.973412036895751953e-01,1.871806830167770386e-01,-6.794408559799194336e-01,-2.503961920738220215e-01,1.985448747873306274e-01,2.009375810623168945e+00,-4.115611612796783447e-01,2.733883559703826904e-01
-1.384687423706054688e-01,9.110536426305770874e-02,4.287217855453491211e-01,-8.590029180049896240e-02,1.501834243535995483e-01,8.502846956253051758e-01,4.970734417438507080e-01,0.000000000000000000e+00,0.000000000000000000e+00,-1.724627763032913208e-01,-8.454273939132690430e-01,7.783091813325881958e-02,-7.158617973327636719e-01,-1.352674812078475952e-01,6.206431388854980469e-01,-4.277189373970031738e-01,6.747686266899108887e-01,9.016784280538558960e-02,-1.799999952316284180e+00,1.689562946557998657e-01,3.244700431823730469e-01,2.074947595596313477e+00,-6.968842744827270508e-01,1.877416223287582397e-01,-6.825184226036071777e-01,-2.487551718950271606e-01,2.007984668016433716e-01,2.012996912002563477e+00,-4.139342010021209717e-01,2.741304636001586914e-01
-1.376810073852539062e-01,9.051994979381561279e-02,4.285211861133575439e-01,-8.540011942386627197e-02,1.499359011650085449e-01,8.506448864936828613e-01,4.966178536415100098e-01,0.000000000000000000e+00,0.000000000000000000e+00,-1.735000759363174438e-01,-8.453876972198486328e-01,7.474527508020401001e-02,-7.096540927886962891e-01,-1.349125057458877563e-01,6.202954053878784180e-01,-4.249366819858551025e-01,6.719179153442382812e-01,8.950987458229064941e-02,-1.799999952316284180e+00,1.694485545158386230e-01,3.240293562412261963e-01,2.073253393173217773e+00,-6.951997876167297363e-01,1.885127872228622437e-01,-6.848225593566894531e-01,-2.466767728328704834e-01,2.005406916141510010e-01,2.016425609588623047e+00,-4.122840762138366699e-01,2.756195068359375000e-01
-1.365389227867126465e-01,9.015984833240509033e-02,4.286064505577087402e-01,-8.503834903240203857e-02,1.511660516262054443e-01,8.504973053932189941e-01,4.965598285198211670e-01,0.000000000000000000e+00,0.000000000000000000e+00,-1.730827540159225464e-01,-8.445652723312377930e-01,7.248698920011520386e-02,-7.014517188072204590e-01,-1.357626169919967651e-01,6.184632182121276855e-01,-4.210908412933349609e-01,6.693018078804016113e-01,8.923478424549102783e-02,-1.799999952316284180e+00,1.680666357278823853e-01,3.241591751575469971e-01,2.068867683410644531e+00,-6.920594573020935059e-01,1.886982768774032593e-01,-6.901816129684448242e-01,-2.443505525588989258e-01,2.030171304941177368e-01,2.020809412002563477e+00,-4.118502736091613770e-01,2.747125625610351562e-01
-1.353263854980468750e-01,8.967939764261245728e-02,4.291933774948120117e-01,-8.535180240869522095e-02,1.521792560815811157e-01,8.502513170242309570e-01,4.966177642345428467e-01,0.000000000000000000e+00,0.000000000000000000e+00,-1.735691428184509277e-01,-8.421638011932373047e-01,7.037604600191116333e-02,-6.912013888359069824e-01,-1.374269276857376099e-01,6.181103587150573730e-01,-4.143926501274108887e-01,6.659137010574340820e-01,9.028717130422592163e-02,-1.799999952316284180e+00,1.661071479320526123e-01,3.242027163505554199e-01,2.061867952346801758e+00,-6.888669133186340332e-01,1.872999519109725952e-01,-6.973809003829956055e-01,-2.423792183399200439e-01,2.039601653814315796e-01,2.024454832077026367e+00,-4.136824011802673340e-01,2.740716934204101562e-01
-1.338455826044082642e-01,8.897187560796737671e-02,4.302822947502136230e-01,-8.580650389194488525e-02,1.524970084428787231e-01,8.506382703781127930e-01,4.957785904407501221e-01,0.000000000000000000e+00,0.000000000000000000e+00,-1.759675741195678711e-01,-8.395995497703552246e-01,6.713465601205825806e-02,-6.804134249687194824e-01,-1.402160823345184326e-01,6.196182966232299805e-01,-4.074889719486236572e-01,6.575374603271484375e-01,9.084417670965194702e-02,-1.799999952316284180e+00,1.627493351697921753e-01,3.230402767658233643e-01,2.052347898483276367e+00,-6.831831932067871094e-01,1.845095604658126831e-01,-7.044392228126525879e-01,-2.391728460788726807e-01,2.025113850831985474e-01,2.026462078094482422e+00,-4.175353646278381348e-01,2.720578610897064209e-01
-1.319562494754791260e-01,8.838514983654022217e-02,4.318276643753051758e-01,-8.663201332092285156e-02,1.538228839635848999e-01,8.509297370910644531e-01,4.947241842746734619e-01,0.000000000000000000e+00,0.000000000000000000e+00,-1.786642968654632568e-01,-8.363173007965087891e-01,6.270289421081542969e-02,-6.696574687957763672e-01,-1.421481072902679443e-01,6.190593838691711426e-01,-3.972883820533752441e-01,6.490060091018676758e-01,9.225768595933914185e-02,-1.799999952316284180e+00,1.565051674842834473e-01,3.224005997180938721e-01,2.038998842239379883e+00,-6.757316589355468750e-01,1.807257682085037231e-01,-7.139841914176940918e-01,-2.356179505586624146e-01,2.015862613916397095e-01,2.028525829315185547e+00,-4.222884476184844971e-01,2.696844339370727539e-01
-1.298636645078659058e-01,8.765926957130432129e-02,4.342118501663208008e-01,-8.836726844310760498e-02,1.545785367488861084e-01,8.519524931907653809e-01,4.924161136150360107e-01,0.000000000000000000e+00,0.000000000000000000e+00,-1.821832209825515747e-01,-8.314880728721618652e-01,5.868037045001983643e-02,-6.610834598541259766e-01,-1.444283425807952881e-01,6.181275844573974609e-01,-3.893283307552337646e-01,6.373851299285888672e-01,9.410306066274642944e-02,-1.799999952316284180e+00,1.474921554327011108e-01,3.210455775260925293e-01,2.021117210388183594e+00,-6.670719385147094727e-01,1.763580143451690674e-01,-7.243708372116088867e-01,-2.293053716421127319e-01,1.973001211881637573e-01,2.028155803680419922e+00,-4.293603897094726562e-01,2.677139639854431152e-01
-1.273745745420455933e-01,8.688817918300628662e-02,4.377825856208801270e-01,-9.072636067867279053e-02,1.557935178279876709e-01,8.535009026527404785e-01,4.889103472232818604e-01,0.000000000000000000e+00,0.000000000000000000e+00,-1.875538676977157593e-01,-8.259344696998596191e-01,5.105974897742271423e-02,-6.510258316993713379e-01,-1.495407223701477051e-01,6.145597696304321289e-01,-3.824352920055389404e-01,6.257493495941162109e-01,9.625249356031417847e-02,-1.799999952316284180e+00,1.337027102708816528e-01,3.197480142116546631e-01,1.996787905693054199e+00,-6.537560224533081055e-01,1.708273142576217651e-01,-7.373595237731933594e-01,-2.226416021585464478e-01,1.915089935064315796e-01,2.025058269500732422e+00,-4.357585608959197998e-01,2.649362981319427490e-01
-1.247216761112213135e-01,8.590404689311981201e-02,4.420003890991210938e-01,-9.383515268564224243e-02,1.574574708938598633e-01,8.542075157165527344e-01,4.865507483482360840e-01,0.000000000000000000e+00,0.000000000000000000e+00,-1.948710381984710693e-01,-8.199922442436218262e-01,4.438847675919532776e-02,-6.412411928176879883e-01,-1.569570451974868774e-01,6.099392175674438477e-01,-3.765681684017181396e-01,6.185232996940612793e-01,1.015673205256462097e-01,-1.799999952316284180e+00,1.200988367199897766e-01,3.190028369426727295e-01,1.968899846076965332e+00,-6.378492116928100586e-01,1.629329770803451538e-01,-7.538961172103881836e-01,-2.173538357019424438e-01,1.850642561912536621e-01,2.020821332931518555e+00,-4.498840570449829102e-01,2.605581879615783691e-01
-1.220267266035079956e-01,8.484578877687454224e-02,4.479631185531616211e-01,-9.860868752002716064e-02,1.594995558261871338e-01,8.547155261039733887e-01,4.840429723262786865e-01,0.000000000000000000e+00,0.000000000000000000e+00,-2.018001973628997803e-01,-8.106026649475097656e-01,3.915825486183166504e-02,-6.324046850204467773e-01,-1.665399372577667236e-01,6.086890101432800293e-01,-3.723780512809753418e-01,6.133965253829956055e-01,1.079518347978591919e-01,-1.799999952316284180e+00,1.051847338676452637e-01,3.176370263099670410e-01,1.933849096298217773e+00,-6.135652661323547363e-01,1.524558812379837036e-01,-7.747802734375000000e-01,-2.162143141031265259e-01,1.758238077163696289e-01,2.010741233825683594e+00,-4.744063019752502441e-01,2.475663870573043823e-01
-1.193969249725341797e-01,8.332039415836334229e-02,4.548728168010711670e-01,-1.043803989887237549e-01,1.606744378805160522e-01,8.547149896621704102e-01,4.824425280094146729e-01,0.000000000000000000e+00,0.000000000000000000e+00,-2.084566652774810791e-01,-8.003968000411987305e-01,3.636838495731353760e-02,-6.239503026008605957e-01,-1.773913353681564331e-01,6.098119616508483887e-01,-3.707328438758850098e-01,6.103165745735168457e-01,1.157405152916908264e-01,-1.799999952316284180e+00,9.045471996068954468e-02,3.141792714595794678e-01,1.895463109016418457e+00,-5.861063003540039062e-01,1.480604857206344604e-01,-7.981192469596862793e-01,-2.202797830104827881e-01,1.622533947229385376e-01,1.996657013893127441e+00,-5.035101175308227539e-01,2.298541218042373657e-01
-1.168695390224456787e-01,8.109004795551300049e-02,4.626005887985229492e-01,-1.106803789734840393e-01,1.597147136926651001e-01,8.551736474037170410e-01,4.805404245853424072e-01,0.000000000000000000e+00,0.000000000000000000e+00,-2.159058153629302979e-01,-7.895438075065612793e-01,3.329428285360336304e-02,-6.138073801994323730e-01,-1.877821087837219238e-01,6.119889020919799805e-01,-3.718411624431610107e-01,6.134912967681884766e-01,1.229593604803085327e-01,-1.799999952316284180e+00,7.561753690242767334e-02,3.073845505714416504e-01,1.854992032051086426e+00,-5.573032498359680176e-01,1.431018859148025513e-01,-8.207749128341674805e-01,-2.289034128189086914e-01,1.428819447755813599e-01,1.977982044219970703e+00,-5.317876338958740234e-01,2.086906284093856812e-01
-1.142652481794357300e-01,7.898627966642379761e-02,4.711183011531829834e-01,-1.179354414343833923e-01,1.599306464195251465e-01,8.550283312797546387e-01,4.789989292621612549e-01,0.000000000000000000e+00,0.000000000000000000e+00,-2.220700383186340332e-01,-7.789159417152404785e-01,2.551453746855258942e-02,-6.041375994682312012e-01,-2.021838873624801636e-01,6.167949438095092773e-01,-3.738691210746765137e-01,6.217922568321228027e-01,1.306742578744888306e-01,-1.799999952316284180e+00,6.081183999776840210e-02,3.014359474182128906e-01,1.810310006141662598e+00,-5.266258120536804199e-01,1.351729780435562134e-01,-8.454975485801696777e-01,-2.428369075059890747e-01,1.226552203297615051e-01,1.956387877464294434e+00,-5.657657980918884277e-01,1.826749593019485474e-01
-1.120326071977615356e-01,7.631335407495498657e-02,4.805136620998382568e-01,-1.261416524648666382e-01,1.580958217382431030e-01,8.545287251472473145e-01,4.784084856510162354e-01,0.000000000000000000e+00,0.000000000000000000e+00,-2.279850095510482788e-01,-7.717028856277465820e-01,1.458634622395038605e-02,-5.933315753936767578e-01,-2.158994525671005249e-01,6.282382011413574219e-01,-3.785667121410369873e-01,6.328760981559753418e-01,1.384065598249435425e-01,-1.799999952316284180e+00,4.700219258666038513e-02,2.911565005779266357e-01,1.764404654502868652e+00,-4.982048571109771729e-01,1.272896975278854370e-01,-8.677995204925537109e-01,-2.539114356040954590e-01,9.910275042057037354e-02,1.928616762161254883e+00,-6.032987236976623535e-01,1.557653546333312988e-01
-1.098629161715507507e-01,7.377278804779052734e-02,4.910121560096740723e-01,-1.353383362293243408e-01,1.570268571376800537e-01,8.533703684806823730e-01,4.783148467540740967e-01,0.000000000000000000e+00,0.000000000000000000e+00,-2.326557338237762451e-01,-7.652167081832885742e-01,2.669464563950896263e-03,-5.814133882522583008e-01,-2.303287684917449951e-01,6.453291773796081543e-01,-3.820714354515075684e-01,6.435993313789367676e-01,1.438072770833969116e-01,-1.799999952316284180e+00,3.643233329057693481e-02,2.801710665225982666e-01,1.715865135192871094e+00,-4.680243134498596191e-01,1.203632801771163940e-01,-8.904788494110107422e-01,-2.632963359355926514e-01,7.683940231800079346e-02,1.895088672637939453e+00,-6.478362083435058594e-01,1.241908594965934753e-01
-1.080698221921920776e-01,7.080941647291183472e-02,5.018264055252075195e-01,-1.453431695699691772e-01,1.542293280363082886e-01,8.517674207687377930e-01,4.791460633277893066e-01,0.000000000000000000e+00,0.000000000000000000e+00,-2.374685257673263550e-01,-7.643689513206481934e-01,-8.745905011892318726e-03,-5.682070255279541016e-01,-2.451331317424774170e-01,6.639925837516784668e-01,-3.815860152244567871e-01,6.548016667366027832e-01,1.491417884826660156e-01,-1.799999952316284180e+00,2.956618927419185638e-02,2.667020857334136963e-01,1.668872356414794922e+00,-4.450458884239196777e-01,1.102596074342727661e-01,-9.091643095016479492e-01,-2.645744085311889648e-01,5.410761386156082153e-02,1.857722878456115723e+00,-6.913862824440002441e-01,9.909524768590927124e-02
-1.059942841529846191e-01,6.782284379005432129e-02,5.123625397682189941e-01,-1.544789671897888184e-01,1.525943577289581299e-01,8.489829301834106445e-01,4.817459881305694580e-01,0.000000000000000000e+00,0.000000000000000000e+00,-2.408006340265274048e-01,-7.642087936401367188e-01,-1.476007699966430664e-02,-5.542771816253662109e-01,-2.593953907489776611e-01,6.837764382362365723e-01,-3.730293512344360352e-01,6.669426560401916504e-01,1.527723968029022217e-01,-1.799999952316284180e+00,2.755085751414299011e-02,2.536402046680450439e-01,1.624522328376770020e+00,-4.190138578414916992e-01,1.018305048346519470e-01,-9.276399612426757812e-01,-2.620316743850708008e-01,3.773659467697143555e-02,1.818769216537475586e+00,-7.365917563438415527e-01,7.190710306167602539e-02
-1.038006544113159180e-01,6.457140296697616577e-02,5.235891938209533691e-01,-1.634984016418457031e-01,1.503326743841171265e-01,8.462383747100830078e-01,4.843025505542755127e-01,0.000000000000000000e+00,0.000000000000000000e+00,-2.460220009088516235e-01,-7.620181441307067871e-01,-1.685568876564502716e-02,-5.435034632682800293e-01,-2.727960348129272461e-01,7.067365050315856934e-01,-3.682210743427276611e-01,6.752679944038391113e-01,1.501445621252059937e-01,-1.799999952316284180e+00,3.220989555120468140e-02,2.376889586448669434e-01,1.581787109375000000e+00,-3.919757902622222900e-01,9.709515422582626343e-02,-9.470073580741882324e-01,-2.517642676830291748e-01,2.440492995083332062e-02,1.773221850395202637e+00,-7.633816599845886230e-01,4.997792094945907593e-02
-1.006023734807968140e-01,6.051158159971237183e-02,5.356406569480895996e-01,-1.670784205198287964e-01,1.474893838167190552e-01,8.443543314933776855e-01,4.872344434261322021e-01,0.000000000000000000e+00,0.000000000000000000e+00,-2.359143644571304321e-01,-7.655358910560607910e-01,-1.209429651498794556e-02,-5.314783453941345215e-01,-2.704997658729553223e-01,7.274625897407531738e-01,-3.523955345153808594e-01,6.822494864463806152e-01,1.449581980705261230e-01,-1.772598385810852051e+00,3.594632074236869812e-02,2.250082939863204956e-01,1.522400259971618652e+00,-3.683219850063323975e-01,9.084372967481613159e-02,-9.523226618766784668e-01,-2.389006465673446655e-01,1.531004346907138824e-02,1.721691966056823730e+00,-7.822595834732055664e-01,3.530633822083473206e-02
-9.639807045459747314e-02,5.586846545338630676e-02,5.489510893821716309e-01,-1.659347265958786011e-01,1.457802206277847290e-01,8.415534496307373047e-01,4.929519295692443848e-01,0.000000000000000000e+00,0.000000000000000000e+00,-2.210146188735961914e-01,-7.757745385169982910e-01,-2.804666059091687202e-03,-5.207473635673522949e-01,-2.638188302516937256e-01,7.443647384643554688e-01,-3.352087438106536865e-01,6.827446818351745605e-01,1.395386755466461182e-01,-1.720621585845947266e+00,4.403666779398918152e-02,2.197645455598831177e-01,1.445324063301086426e+00,-3.423864543437957764e-01,8.958064019680023193e-02,-9.508710503578186035e-01,-2.292138785123825073e-01,1.312491670250892639e-02,1.662998914718627930e+00,-7.876213788986206055e-01,2.466819994151592255e-02
-9.216463565826416016e-02,5.118190869688987732e-02,5.624486804008483887e-01,-1.650135368108749390e-01,1.437849253416061401e-01,8.395206332206726074e-01,4.972942173480987549e-01,0.000000000000000000e+00,0.000000000000000000e+00,-2.059979587793350220e-01,-7.879155874252319336e-01,6.358071696013212204e-03,-5.080458521842956543e-01,-2.551766633987426758e-01,7.586982846260070801e-01,-3.172495365142822266e-01,6.799066066741943359e-01,1.346749216318130493e-01,-1.666062831878662109e+00,4.999598488211631775e-02,2.168026715517044067e-01,1.361961722373962402e+00,-3.171835541725158691e-01,8.846498280763626099e-02,-9.456412196159362793e-01,-2.179268151521682739e-01,1.191085204482078552e-02,1.599189877510070801e+00,-7.799695730209350586e-01,2.449179440736770630e-02
-8.745424449443817139e-02,4.666486009955406189e-02,5.764058232307434082e-01,-1.629009991884231567e-01,1.435344517230987549e-01,8.368072509765625000e-01,5.026079416275024414e-01,0.000000000000000000e+00,0.000000000000000000e+00,-1.938944458961486816e-01,-8.041059374809265137e-01,1.089008711278438568e-02,-4.944379329681396484e-01,-2.495791763067245483e-01,7.715792655944824219e-01,-2.946706116199493408e-01,6.678450703620910645e-01,1.272284537553787231e-01,-1.604476332664489746e+00,5.930020660161972046e-02,2.187209278345108032e-01,1.270045876502990723e+00,-2.954188287258148193e-01,8.707596361637115479e-02,-9.400982856750488281e-01,-2.089672982692718506e-01,1.391705870628356934e-02,1.532313346862792969e+00,-7.604183554649353027e-01,2.926394529640674591e-02
-8.251747488975524902e-02,4.214043170213699341e-02,5.892526507377624512e-01,-1.596578210592269897e-01,1.438183933496475220e-01,8.335263729095458984e-01,5.089787840843200684e-01,0.000000000000000000e+00,0.000000000000000000e+00,-1.788281649351119995e-01,-8.224737048149108887e-01,1.824889890849590302e-02,-4.814962148666381836e-01,-2.407789677381515503e-01,7.871997356414794922e-01,-2.765023112297058105e-01,6.549272537231445312e-01,1.215306892991065979e-01,-1.542091608047485352e+00,6.883444637060165405e-02,2.241097390651702881e-01,1.178831458091735840e+00,-2.721209824085235596e-01,8.556293696165084839e-02,-9.324171543121337891e-01,-1.983693093061447144e-01,2.119810506701469421e-02,1.469318151473999023e+00,-7.386649847030639648e-01,3.506359457969665527e-02
-7.723557204008102417e-02,3.711597993969917297e-02,6.008828282356262207e-01,-1.535878926515579224e-01,1.432809382677078247e-01,8.294977545738220215e-01,5.175083279609680176e-01,0.000000000000000000e+00,0.000000000000000000e+00,-1.633310765027999878e-01,-8.383980989456176758e-01,2.503483742475509644e-02,-4.690611958503723145e-01,-2.341977655887603760e-01,8.069694638252258301e-01,-2.623741328716278076e-01,6.438868045806884766e-01,1.171663478016853333e-01,-1.475498676300048828e+00,8.101723343133926392e-02,2.323561757802963257e-01,1.090142607688903809e+00,-2.522118985652923584e-01,8.782295882701873779e-02,-9.205343127250671387e-01,-1.921979039907455444e-01,2.756452932953834534e-02,1.410252690315246582e+00,-7.093192338943481445e-01,4.106039926409721375e-02
-7.232361286878585815e-02,3.243470937013626099e-02,6.126074194908142090e-01,-1.483232378959655762e-01,1.435009241104125977e-01,8.226629495620727539e-01,5.297484397888183594e-01,0.000000000000000000e+00,0.000000000000000000e+00,-1.448386907577514648e-01,-8.509956598281860352e-01,2.202142216265201569e-02,-4.585725367069244385e-01,-2.354569435119628906e-01,8.300349116325378418e-01,-2.513578236103057861e-01,6.284242272377014160e-01,1.146610975265502930e-01,-1.406664013862609863e+00,9.797329455614089966e-02,2.446423470973968506e-01,9.965303540229797363e-01,-2.344795167446136475e-01,8.738832920789718628e-02,-9.083932042121887207e-01,-1.862150430679321289e-01,3.406811505556106567e-02,1.347108244895935059e+00,-6.884835958480834961e-01,4.742192104458808899e-02
-6.789302080869674683e-02,2.737510018050670624e-02,6.229619979858398438e-01,-1.431470066308975220e-01,1.405298262834548950e-01,8.161484599113464355e-01,5.419059395790100098e-01,0.000000000000000000e+00,0.000000000000000000e+00,-1.295560151338577271e-01,-8.639230132102966309e-01,1.428751461207866669e-02,-4.446273148059844971e-01,-2.396965771913528442e-01,8.570668101310729980e-01,-2.422335743904113770e-01,6.187265515327453613e-01,1.128130853176116943e-01,-1.339353203773498535e+00,1.131326481699943542e-01,2.523531317710876465e-01,9.043517112731933594e-01,-2.218564301729202271e-01,8.831921964883804321e-02,-8.896709680557250977e-01,-1.793123930692672729e-01,3.235388547182083130e-02,1.285525679588317871e+00,-6.689045429229736328e-01,5.695238336920738220e-02
-6.322902441024780273e-02,2.307829819619655609e-02,6.333261132240295410e-01,-1.385232061147689819e-01,1.389313340187072754e-01,8.102574348449707031e-01,5.522610545158386230e-01,0.000000000000000000e+00,0.000000000000000000e+00,-1.156485751271247864e-01,-8.727136850357055664e-01,1.474770344793796539e-02,-4.367677569389343262e-01,-2.427632957696914673e-01,8.845595717430114746e-01,-2.243873178958892822e-01,6.005598306655883789e-01,1.097373887896537781e-01,-1.266711592674255371e+00,1.210048943758010864e-01,2.614904642105102539e-01,7.955408692359924316e-01,-2.055187672376632690e-01,8.415403962135314941e-02,-8.670899271965026855e-01,-1.729109287261962891e-01,3.008088096976280212e-02,1.219903826713562012e+00,-6.608403921127319336e-01,5.889183282852172852e-02
-5.822805315256118774e-02,1.898612082004547119e-02,6.430780291557312012e-01,-1.337092518806457520e-01,1.365542262792587280e-01,8.064579963684082031e-01,5.595536231994628906e-01,0.000000000000000000e+00,0.000000000000000000e+00,-1.062709912657737732e-01,-8.875079751014709473e-01,6.574870087206363678e-03,-4.306444227695465088e-01,-2.438824474811553955e-01,9.146603941917419434e-01,-2.084635943174362183e-01,5.766471028327941895e-01,1.041241511702537537e-01,-1.190030097961425781e+00,1.202251762151718140e-01,2.624147832393646240e-01,6.737353801727294922e-01,-1.827881485223770142e-01,7.442582398653030396e-02,-8.373808264732360840e-01,-1.667820811271667480e-01,2.180956304073333740e-02,1.151134729385375977e+00,-6.555840373039245605e-01,5.932877957820892334e-02
-5.306940525770187378e-02,1.480526197701692581e-02,6.537878513336181641e-01,-1.290728002786636353e-01,1.331364363431930542e-01,8.030962944030761719e-01,5.662608146667480469e-01,0.000000000000000000e+00,0.000000000000000000e+00,-1.004175990819931030e-01,-8.995468020439147949e-01,3.054732922464609146e-03,-4.219975173473358154e-01,-2.570758759975433350e-01,9.439427852630615234e-01,-1.804180890321731567e-01,5.418759584426879883e-01,1.062921285629272461e-01,-1.091318726539611816e+00,1.025312691926956177e-01,2.530740499496459961e-01,5.034708380699157715e-01,-1.436482220888137817e-01,5.826763808727264404e-02,-7.934364080429077148e-01,-1.646461039781570435e-01,3.574049565941095352e-03,1.064448714256286621e+00,-6.403227448463439941e-01,6.612942367792129517e-02
-4.753810539841651917e-02,1.046326849609613419e-02,6.636061668395996094e-01,-1.239760741591453552e-01,1.279591470956802368e-01,8.021647930145263672e-01,5.699018239974975586e-01,0.000000000000000000e+00,0.000000000000000000e+00,-9.044604003429412842e-02,-9.110437035560607910e-01,-5.977936554700136185e-03,-4.236673414707183838e-01,-2.545842826366424561e-01,9.706943631172180176e-01,-1.687384098768234253e-01,5.193103551864624023e-01,1.051401346921920776e-01,-9.874027371406555176e-01,8.430977165699005127e-02,2.431395202875137329e-01,3.268974423408508301e-01,-1.109818443655967712e-01,4.234107583761215210e-02,-7.431424260139465332e-01,-1.588400304317474365e-01,-1.837129332125186920e-02,9.743019938468933105e-01,-6.124436259269714355e-01,7.594203203916549683e-02
-4.157751798629760742e-02,6.452973000705242157e-03,6.728309988975524902e-01,-1.190993934869766235e-01,1.236430928111076355e-01,8.017407655715942383e-01,5.724853277206420898e-01,0.000000000000000000e+00,0.000000000000000000e+00,-8.211520314216613770e-02,-9.239151477813720703e-01,-1.745245046913623810e-02,-4.247390031814575195e-01,-2.509435117244720459e-01,9.939906597137451172e-01,-1.575773954391479492e-01,5.024629831314086914e-01,9.885085374116897583e-02,-8.863638639450073242e-01,7.266008108854293823e-02,2.342221140861511230e-01,1.685926914215087891e-01,-8.096204698085784912e-02,2.753927372395992279e-02,-6.930636763572692871e-01,-1.504755616188049316e-01,-3.975477814674377441e-02,8.805080652236938477e-01,-5.713983774185180664e-01,8.786159008741378784e-02
-3.563989326357841492e-02,2.503360388800501823e-03,6.810425519943237305e-01,-1.148644089698791504e-01,1.194397285580635071e-01,8.004515171051025391e-01,5.760362148284912109e-01,0.000000000000000000e+00,0.000000000000000000e+00,-7.687852531671524048e-02,-9.341448545455932617e-01,-2.293027564883232117e-02,-4.216251373291015625e-01,-2.470574378967285156e-01,1.014599919319152832e+00,-1.393581032752990723e-01,4.903827607631683350e-01,8.723833411931991577e-02,-8.098363280296325684e-01,7.160872220993041992e-02,2.238018661737442017e-01,7.951027899980545044e-02,-7.564151287078857422e-02,2.346573770046234131e-02,-6.441522240638732910e-01,-1.328170746564865112e-01,-4.995848983526229858e-02,7.825991511344909668e-01,-5.262147784233093262e-01,9.490430355072021484e-02
-2.913013845682144165e-02,-2.147924154996871948e-03,6.877598166465759277e-01,-1.074779257178306580e-01,1.137873679399490356e-01,8.003075122833251953e-01,5.787994861602783203e-01,0.000000000000000000e+00,0.000000000000000000e+00,-6.776597350835800171e-02,-9.475682377815246582e-01,-2.357331104576587677e-02,-4.196255505084991455e-01,-2.311812788248062134e-01,1.030332326889038086e+00,-1.314717680215835571e-01,4.916220307350158691e-01,7.623209059238433838e-02,-7.537203431129455566e-01,6.842479854822158813e-02,2.056780606508255005e-01,5.499018728733062744e-02,-8.697184920310974121e-02,2.584616094827651978e-02,-5.925011038780212402e-01,-1.161566972732543945e-01,-5.806694924831390381e-02,6.945769786834716797e-01,-4.758511781692504883e-01,1.000996977090835571e-01
-2.246479876339435577e-02,-6.741577293723821640e-03,6.932703256607055664e-01,-9.912653267383575439e-02,1.089642271399497986e-01,7.998546361923217773e-01,5.818361043930053711e-01,0.000000000000000000e+00,0.000000000000000000e+00,-5.689026042819023132e-02,-9.636389017105102539e-01,-2.727586776018142700e-02,-4.178721904754638672e-01,-2.118577957153320312e-01,1.041304945945739746e+00,-1.277042031288146973e-01,5.000033378601074219e-01,6.181148067116737366e-02,-7.199601531028747559e-01,6.574659794569015503e-02,1.812701970338821411e-01,1.032255515456199646e-01,-1.175693571567535400e-01,3.529252856969833374e-02,-5.450295805931091309e-01,-9.916197508573532104e-02,-5.797166004776954651e-02,6.149973869323730469e-01,-4.318042993545532227e-01,1.005656272172927856e-01
-1.606653071939945221e-02,-1.149937883019447327e-02,6.979940533638000488e-01,-8.962331712245941162e-02,1.035470142960548401e-01,7.990222573280334473e-01,5.854990482330322266e-01,0.000000000000000000e+00,0.000000000000000000e+00,-4.568545892834663391e-02,-9.804995656013488770e-01,-2.801609225571155548e-02,-4.139734804630279541e-01,-1.901663392782211304e-01,1.049134016036987305e+00,-1.255654841661453247e-01,5.133244991302490234e-01,4.292061924934387207e-02,-6.999782323837280273e-01,6.294297426939010620e-02,1.610102206468582153e-01,2.154459804296493530e-01,-1.659734994173049927e-01,5.143325775861740112e-02,-4.955803453922271729e-01,-8.012629300355911255e-02,-4.988052695989608765e-02,5.353782773017883301e-01,-3.818802237510681152e-01,9.844060242176055908e-02
-1.007939968258142471e-02,-1.614862866699695587e-02,7.012214064598083496e-01,-7.981508970260620117e-02,9.739885479211807251e-02,7.992287874221801758e-01,5.876873135566711426e-01,0.000000000000000000e+00,0.000000000000000000e+00,-3.573920577764511108e-02,-9.969154596328735352e-01,-2.944893576204776764e-02,-4.078598022460937500e-01,-1.651051938533782959e-01,1.053261160850524902e+00,-1.199319064617156982e-01,5.309311151504516602e-01,1.681899651885032654e-02,-6.746667623519897461e-01,5.793055891990661621e-02,1.526009142398834229e-01,3.399223387241363525e-01,-2.125268280506134033e-01,6.347980350255966187e-02,-4.490999877452850342e-01,-5.848085507750511169e-02,-3.045898489654064178e-02,4.648769497871398926e-01,-3.371559381484985352e-01,9.252489358186721802e-02
-4.950475879013538361e-03,-2.111620269715785980e-02,7.031995058059692383e-01,-6.944076716899871826e-02,8.911211788654327393e-02,7.993113398551940918e-01,5.902020335197448730e-01,0.000000000000000000e+00,0.000000000000000000e+00,-2.491851337254047394e-02,-1.012529373168945312e+00,-2.712402492761611938e-02,-4.082127213478088379e-01,-1.385174989700317383e-01,1.055486202239990234e+00,-1.199793592095375061e-01,5.497363805770874023e-01,-9.279535152018070221e-03,-6.265712976455688477e-01,4.083389416337013245e-02,1.493808776140213013e-01,4.310660064220428467e-01,-2.488048523664474487e-01,7.239598035812377930e-02,-4.055644571781158447e-01,-3.712045028805732727e-02,-8.012777194380760193e-03,4.086677730083465576e-01,-2.946492433547973633e-01,8.791390061378479004e-02
-9.981485782191157341e-04,-2.596811577677726746e-02,7.041047811508178711e-01,-6.007282808423042297e-02,8.001077175140380859e-02,7.979217171669006348e-01,5.943992733955383301e-01,0.000000000000000000e+00,0.000000000000000000e+00,-1.393320877104997635e-02,-1.024605274200439453e+00,-2.791733294725418091e-02,-4.120574593544006348e-01,-1.159603744745254517e-01,1.059053778648376465e+00,-1.210244670510292053e-01,5.624818801879882812e-01,-2.758201584219932556e-02,-5.618732571601867676e-01,1.444116793572902679e-02,1.491300314664840698e-01,4.732923507690429688e-01,-2.744219005107879639e-01,7.928179204463958740e-02,-3.639760613441467285e-01,-1.826643384993076324e-02,1.328017096966505051e-02,3.595777451992034912e-01,-2.603764533996582031e-01,8.489746600389480591e-02
1.902460004203021526e-03,-3.021260723471641541e-02,7.043285369873046875e-01,-5.283841490745544434e-02,7.096868008375167847e-02,7.964196205139160156e-01,5.982368588447570801e-01,0.000000000000000000e+00,0.000000000000000000e+00,-4.089514724910259247e-03,-1.038109660148620605e+00,-3.537725657224655151e-02,-4.188484847545623779e-01,-9.551728516817092896e-02,1.062721967697143555e+00,-1.240880861878395081e-01,5.725623965263366699e-01,-4.087436944246292114e-02,-4.819147288799285889e-01,-1.924594677984714508e-02,1.496108919382095337e-01,4.655291438102722168e-01,-2.849505543708801270e-01,8.378389477729797363e-02,-3.260085582733154297e-01,-1.350770704448223114e-03,3.141172230243682861e-02,3.158045411109924316e-01,-2.334137409925460815e-01,8.309000730514526367e-02
3.757163183763623238e-03,-3.380247578024864197e-02,7.042564153671264648e-01,-4.731695353984832764e-02,6.321787089109420776e-02,7.926518917083740234e-01,6.045390963554382324e-01,0.000000000000000000e+00,0.000000000000000000e+00,6.689017172902822495e-03,-1.047016501426696777e+00,-3.733581677079200745e-02,-4.265501797199249268e-01,-7.849836349487304688e-02,1.068216800689697266e+00,-1.264368593692779541e-01,5.756726861000061035e-01,-4.491818696260452271e-02,-4.009018242359161377e-01,-5.159895494580268860e-02,1.455593556165695190e-01,4.202077686786651611e-01,-2.857271432876586914e-01,9.123844653367996216e-02,-2.915062308311462402e-01,1.120381522923707962e-02,4.340097680687904358e-02,2.740536034107208252e-01,-2.130825817584991455e-01,8.194214850664138794e-02
4.113794304430484772e-03,-3.469577059149742126e-02,7.053666710853576660e-01,-5.154887214303016663e-02,6.292229890823364258e-02,7.874804139137268066e-01,6.109485030174255371e-01,0.000000000000000000e+00,0.000000000000000000e+00,-2.901984378695487976e-02,-1.043438076972961426e+00,-4.253537580370903015e-02,-4.130539894104003906e-01,-1.050459146499633789e-01,1.062282919883728027e+00,-1.137866303324699402e-01,5.665922760963439941e-01,-2.550456859171390533e-02,-3.429562747478485107e-01,-8.302778750658035278e-02,1.229514256119728088e-01,3.395113945007324219e-01,-2.769979536533355713e-01,1.012583822011947632e-01,-2.798695266246795654e-01,1.484492886811494827e-02,3.296321630477905273e-02,2.382419854402542114e-01,-2.071517705917358398e-01,8.560865372419357300e-02
5.264072678983211517e-03,-3.722622618079185486e-02,7.051295638084411621e-01,-4.741535335779190063e-02,5.754137784242630005e-02,7.833417057991027832e-01,6.171033978462219238e-01,0.000000000000000000e+00,0.000000000000000000e+00,-1.839030347764492035e-02,-1.048501491546630859e+00,-4.144920408725738525e-02,-4.173290431499481201e-01,-9.083744883537292480e-02,1.070586800575256348e+00,-1.115900650620460510e-01,5.662286877632141113e-01,-2.224328182637691498e-02,-2.811523377895355225e-01,-9.563539922237396240e-02,1.165934354066848755e-01,2.749365568161010742e-01,-2.697692513465881348e-01,1.076429411768913269e-01,-2.532713115215301514e-01,2.103990875184535980e-02,3.193499892950057983e-02,2.067236900329589844e-01,-1.963182836771011353e-01,8.505965024232864380e-02
6.211122497916221619e-03,-3.950228542089462280e-02,7.049249410629272461e-01,-4.384852573275566101e-02,5.265881866216659546e-02,7.796096801757812500e-01,6.225054860115051270e-01,0.000000000000000000e+00,0.000000000000000000e+00,-1.099906396120786667e-02,-1.053913474082946777e+00,-3.520839661359786987e-02,-4.180398285388946533e-01,-8.069995045661926270e-02,1.079432368278503418e+00,-1.140636056661605835e-01,5.627878904342651367e-01,-1.784092001616954803e-02,-2.283684015274047852e-01,-1.007698178291320801e-01,1.126941144466400146e-01,2.089785933494567871e-01,-2.578436732292175293e-01,1.103892922401428223e-01,-2.274282872676849365e-01,2.574201300740242004e-02,2.571008726954460144e-02,1.750430911779403687e-01,-1.846447438001632690e-01,8.556556701660156250e-02
6.825807970017194748e-03,-4.187074303627014160e-02,7.045548558235168457e-01,-4.035064950585365295e-02,4.752904176712036133e-02,7.755421400070190430e-01,6.282095313072204590e-01,0.000000000000000000e+00,0.000000000000000000e+00,-3.126641735434532166e-03,-1.059114933013916016e+00,-2.555601112544536591e-02,-4.193748831748962402e-01,-7.127612084150314331e-02,1.088402986526489258e+00,-1.173189356923103333e-01,5.605487823486328125e-01,-1.488455571234226227e-02,-1.911982297897338867e-01,-1.002359166741371155e-01,1.123356819152832031e-01,1.609890013933181763e-01,-2.528047859668731689e-01,1.134089529514312744e-01,-2.070625722408294678e-01,3.124064952135086060e-02,2.137591131031513214e-02,1.529604643583297729e-01,-1.754306256771087646e-01,8.870910108089447021e-02
7.401247974485158920e-03,-4.398151114583015442e-02,7.043905854225158691e-01,-3.728282451629638672e-02,4.354752227663993835e-02,7.720425724983215332e-01,6.329801678657531738e-01,0.000000000000000000e+00,0.000000000000000000e+00,5.049446481280028820e-04,-1.065758109092712402e+00,-1.396984793245792389e-02,-4.156886041164398193e-01,-6.550662219524383545e-02,1.097265481948852539e+00,-1.184929534792900085e-01,5.563789606094360352e-01,-1.107635628432035446e-02,-1.612041443586349487e-01,-9.841742366552352905e-02,1.129963770508766174e-01,1.206620708107948303e-01,-2.412189245223999023e-01,1.143379062414169312e-01,-1.900567412376403809e-01,3.473995998501777649e-02,1.644241996109485626e-02,1.339236497879028320e-01,-1.655872315168380737e-01,8.985807746648788452e-02
7.847936823964118958e-03,-4.586666449904441833e-02,7.042217850685119629e-01,-3.529524430632591248e-02,3.999726846814155579e-02,7.698600292205810547e-01,6.359795331954956055e-01,0.000000000000000000e+00,0.000000000000000000e+00,-1.123255351558327675e-04,-1.071651816368103027e+00,-2.415959723293781281e-03,-4.107454121112823486e-01,-6.194685772061347961e-02,1.104741811752319336e+00,-1.212074011564254761e-01,5.501717329025268555e-01,-8.135165087878704071e-03,-1.388929635286331177e-01,-9.565255790948867798e-02,1.130150407552719116e-01,9.021364897489547729e-02,-2.308541238307952881e-01,1.164481341838836670e-01,-1.783213913440704346e-01,3.860324993729591370e-02,1.115027628839015961e-02,1.212985292077064514e-01,-1.574730277061462402e-01,9.276084601879119873e-02
8.124233223497867584e-03,-4.770111292600631714e-02,7.040625214576721191e-01,-3.341317176818847656e-02,3.675275295972824097e-02,7.679090499877929688e-01,6.386301517486572266e-01,0.000000000000000000e+00,0.000000000000000000e+00,-1.203737687319517136e-03,-1.077223658561706543e+00,4.860223736613988876e-03,-4.052752256393432617e-01,-5.983911827206611633e-02,1.111482858657836914e+00,-1.210537403821945190e-01,5.466142892837524414e-01,-5.486200563609600067e-03,-1.214895769953727722e-01,-9.321418404579162598e-02,1.125808879733085632e-01,6.782500445842742920e-02,-2.217352092266082764e-01,1.180070191621780396e-01,-1.686664074659347534e-01,4.180652275681495667e-02,6.952960509806871414e-03,1.116081252694129944e-01,-1.504285484552383423e-01,9.627833962440490723e-02
8.267715573310852051e-03,-4.920057579874992371e-02,7.039585113525390625e-01,-3.244876116514205933e-02,3.426094725728034973e-02,7.667239904403686523e-01,6.402402520179748535e-01,0.000000000000000000e+00,0.000000000000000000e+00,-2.814377192407846451e-03,-1.081452488899230957e+00,1.225244998931884766e-02,-4.007409811019897461e-01,-5.806124210357666016e-02,1.116335391998291016e+00,-1.200563460588455200e-01,5.435623526573181152e-01,-3.558635944500565529e-03,-1.103031188249588013e-01,-9.070216864347457886e-02,1.126065850257873535e-01,5.247282609343528748e-02,-2.143900394439697266e-01,1.189870312809944153e-01,-1.624209433794021606e-01,4.467210918664932251e-02,3.102215472608804703e-03,1.046444326639175415e-01,-1.457263976335525513e-01,9.860672801733016968e-02
8.309241384267807007e-03,-5.045126751065254211e-02,7.039055228233337402e-01,-3.169319406151771545e-02,3.245754912495613098e-02,7.656259536743164062e-01,6.416844725608825684e-01,0.000000000000000000e+00,0.000000000000000000e+00,-3.340098541229963303e-03,-1.084773302078247070e+00,1.877159439027309418e-02,-3.984205126762390137e-01,-5.734184011816978455e-02,1.120377302169799805e+00,-1.183265075087547302e-01,5.420599579811096191e-01,-2.032627817243337631e-03,-1.037956029176712036e-01,-8.887644857168197632e-02,1.127298027276992798e-01,4.396890476346015930e-02,-2.092162966728210449e-01,1.194495260715484619e-01,-1.584047228097915649e-01,4.650301858782768250e-02,1.093299360945820808e-04,9.996988624334335327e-02,-1.417131274938583374e-01,1.005715504288673401e-01
8.259664289653301239e-03,-5.100931599736213684e-02,7.040014863014221191e-01,-3.292872011661529541e-02,3.186674043536186218e-02,7.656987905502319336e-01,6.415649652481079102e-01,0.000000000000000000e+00,0.000000000000000000e+00,-4.509470891207456589e-03,-1.086248278617858887e+00,2.782620117068290710e-02,-4.000685811042785645e-01,-5.729386210441589355e-02,1.122086644172668457e+00,-1.111735701560974121e-01,5.394837856292724609e-01,-7.701854920014739037e-04,-1.052585467696189880e-01,-8.624266833066940308e-02,1.116597279906272888e-01,4.154446348547935486e-02,-2.073265612125396729e-01,1.220511347055435181e-01,-1.596755087375640869e-01,4.874664917588233948e-02,-3.447758266702294350e-03,9.825282543897628784e-02,-1.405932456254959106e-01,1.019990965723991394e-01
