4.775927867740392685e-03,2.592319808900356293e-02,6.937215924263000488e-01,-2.716156421229243279e-03,-6.832483224570751190e-03,-5.214387774467468262e-01,8.532570004463195801e-01,0.000000000000000000e+00,0.000000000000000000e+00,2.060419134795665741e-02,-1.226882219314575195e+00,-1.747371978126466274e-03,-3.980282228440046310e-03,1.788130775094032288e-02,1.218470811843872070e+00,-1.887834980152547359e-03,2.053621923550963402e-03,4.291960503906011581e-03,-7.709050178527832031e-02,-4.086693748831748962e-02,-1.650524558499455452e-03,8.905760012567043304e-03,7.963670790195465088e-02,3.833265230059623718e-02,-8.501889556646347046e-02,2.290460653603076935e-02,-7.171925157308578491e-03,7.964300923049449921e-03,8.812420070171356201e-02,-2.625180594623088837e-02
4.773019347339868546e-03,2.592978253960609436e-02,6.937166452407836914e-01,-2.730995416641235352e-03,-6.859987042844295502e-03,-5.214449167251586914e-01,8.532530069351196289e-01,0.000000000000000000e+00,0.000000000000000000e+00,2.107080630958080292e-02,-1.227055311203002930e+00,-2.052377909421920776e-03,-4.583747591823339462e-03,1.845268532633781433e-02,1.218613862991333008e+00,-2.181905554607510567e-03,2.849833108484745026e-03,4.510780330747365952e-03,-7.691166549921035767e-02,-4.088712111115455627e-02,-1.874634064733982086e-03,8.635888807475566864e-03,7.992555946111679077e-02,3.834550082683563232e-02,-8.476505428552627563e-02,2.288357913494110107e-02,-7.388307712972164154e-03,7.666224148124456406e-03,8.835189044475555420e-02,-2.625884488224983215e-02
4.772947635501623154e-03,2.593001350760459900e-02,6.937164664268493652e-01,-2.731891581788659096e-03,-6.861290428787469864e-03,-5.214452743530273438e-01,8.532527685165405273e-01,0.000000000000000000e+00,0.000000000000000000e+00,2.110812440514564514e-02,-1.227056026458740234e+00,-2.075606491416692734e-03,-4.638613667339086533e-03,1.849845983088016510e-02,1.218614697456359863e+00,-2.208516001701354980e-03,2.919030142948031425e-03,4.532249178737401962e-03,-7.690630108118057251e-02,-4.088865593075752258e-02,-1.896937261335551739e-03,8.626841939985752106e-03,7.993727177381515503e-02,3.834547474980354309e-02,-8.475406467914581299e-02,2.288190647959709167e-02,-7.410354912281036377e-03,7.657896727323532104e-03,8.835443854331970215e-02,-2.625906839966773987e-02
4.772945772856473923e-03,2.593002468347549438e-02,6.937164068222045898e-01,-2.731954678893089294e-03,-6.861374713480472565e-03,-5.214453339576721191e-01,8.532527685165405273e-01,0.000000000000000000e+00,0.000000000000000000e+00,2.111127600073814392e-02,-1.227056145668029785e+00,-2.077549463137984276e-03,-4.643341992050409317e-03,1.850230805575847626e-02,1.218614816665649414e+00,-2.210791921243071556e-03,2.924917964264750481e-03,4.534398205578327179e-03,-7.690618187189102173e-02,-4.088880866765975952e-02,-1.899164752103388309e-03,8.626519702374935150e-03,7.993797212839126587e-02,3.834546357393264771e-02,-8.475341647863388062e-02,2.288173884153366089e-02,-7.412574253976345062e-03,7.657712791115045547e-03,8.835415542125701904e-02,-2.625908330082893372e-02
4.772945772856473923e-03,2.593002468347549438e-02,6.937164068222045898e-01,-2.731960033997893333e-03,-6.861381698399782181e-03,-5.214453339576721191e-01,8.532527685165405273e-01,0.000000000000000000e+00,0.000000000000000000e+00,2.111154422163963318e-02,-1.227056145668029785e+00,-2.077715471386909485e-03,-4.643745720386505127e-03,1.850263215601444244e-02,1.218614816665649414e+00,-2.210984472185373306e-03,2.925417385995388031e-03,4.534613806754350662e-03,-7.690618187189102173e-02,-4.088882356882095337e-02,-1.899387803860008717e-03,8.626504801213741302e-03,7.993802428245544434e-02,3.834545984864234924e-02,-8.475337177515029907e-02,2.288172207772731781e-02,-7.412796840071678162e-03,7.657712325453758240e-03,8.835411071777343750e-02,-2.625908516347408295e-02
4.772945772856473923e-03,2.593002654612064362e-02,6.937164068222045898e-01,-2.731960266828536987e-03,-6.861382164061069489e-03,-5.214453339576721191e-01,8.532527685165405273e-01,0.000000000000000000e+00,0.000000000000000000e+00,2.111156657338142395e-02,-1.227056145668029785e+00,-2.077729674056172371e-03,-4.643780179321765900e-03,1.850266009569168091e-02,1.218614816665649414e+00,-2.211000537499785423e-03,2.925459761172533035e-03,4.534635227173566818e-03,-7.690618187189102173e-02,-4.088882356882095337e-02,-1.899410155601799488e-03,8.626503869891166687e-03,7.993803173303604126e-02,3.834545984864234924e-02,-8.475336432456970215e-02,2.288172021508216858e-02,-7.412819191813468933e-03,7.657712791115045547e-03,8.835411071777343750e-02,-2.625908516347408295e-02
4.772945772856473923e-03,2.593002654612064362e-02,6.937164068222045898e-01,-2.731960732489824295e-03,-6.861382164061069489e-03,-5.214453339576721191e-01,8.532527685165405273e-01,0.000000000000000000e+00,0.000000000000000000e+00,2.111157029867172241e-02,-1.227056145668029785e+00,-2.077730838209390640e-03,-4.643782973289489746e-03,1.850266195833683014e-02,1.218614816665649414e+00,-2.211001934483647346e-03,2.925463253632187843e-03,4.534637555480003357e-03,-7.690618187189102173e-02,-4.088882356882095337e-02,-1.899412367492914200e-03,8.626503869891166687e-03,7.993803173303604126e-02,3.834545984864234924e-02,-8.475336432456970215e-02,2.288172021508216858e-02,-7.412821520119905472e-03,7.657713256776332855e-03,8.835411071777343750e-02,-2.625908516347408295e-02
4.772945772856473923e-03,2.593002654612064362e-02,6.937164068222045898e-01,-2.731960499659180641e-03,-6.861382164061069489e-03,-5.214453339576721191e-01,8.532527685165405273e-01,0.000000000000000000e+00,0.000000000000000000e+00,2.111157029867172241e-02,-1.227056145668029785e+00,-2.077731071040034294e-03,-4.643783438950777054e-03,1.850266195833683014e-02,1.218614816665649414e+00,-2.211002167314291000e-03,2.925463486462831497e-03,4.534637555480003357e-03,-7.690618187189102173e-02,-4.088882356882095337e-02,-1.899412600323557854e-03,8.626503869891166687e-03,7.993803173303604126e-02,3.834545984864234924e-02,-8.475336432456970215e-02,2.288172021508216858e-02,-7.412821520119905472e-03,7.657713256776332855e-03,8.835411071777343750e-02,-2.625908516347408295e-02
4.772945772856473923e-03,2.593002654612064362e-02,6.937164068222045898e-01,-2.731960499659180641e-03,-6.861382164061069489e-03,-5.214453339576721191e-01,8.532527685165405273e-01,0.000000000000000000e+00,0.000000000000000000e+00,2.111157029867172241e-02,-1.227056145668029785e+00,-2.077730838209390640e-03,-4.643783438950777054e-03,1.850266382098197937e-02,1.218614816665649414e+00,-2.211002167314291000e-03,2.925463486462831497e-03,4.534637555480003357e-03,-7.690618187189102173e-02,-4.088882356882095337e-02,-1.899412600323557854e-03,8.626503869891166687e-03,7.993803173303604126e-02,3.834545984864234924e-02,-8.475336432456970215e-02,2.288172021508216858e-02,-7.412821520119905472e-03,7.657713256776332855e-03,8.835411071777343750e-02,-2.625908516347408295e-02
4.772945772856473923e-03,2.593002654612064362e-02,6.937164068222045898e-01,-2.731960499659180641e-03,-6.861382164061069489e-03,-5.214453339576721191e-01,8.532527685165405273e-01,0.000000000000000000e+00,0.000000000000000000e+00,2.111157029867172241e-02,-1.227056145668029785e+00,-2.077731071040034294e-03,-4.643783438950777054e-03,1.850266382098197937e-02,1.218614816665649414e+00,-2.211002167314291000e-03,2.925463486462831497e-03,4.534637555480003357e-03,-7.690618187189102173e-02,-4.088882356882095337e-02,-1.899412600323557854e-03,8.626503869891166687e-03,7.993803173303604126e-02,3.834545984864234924e-02,-8.475336432456970215e-02,2.288172021508216858e-02,-7.412821520119905472e-03,7.657713256776332855e-03,8.835411071777343750e-02,-2.625908516347408295e-02
4.772945772856473923e-03,2.593002654612064362e-02,6.937164068222045898e-01,-2.731960499659180641e-03,-6.861382164061069489e-03,-5.214453339576721191e-01,8.532527685165405273e-01,0.000000000000000000e+00,0.000000000000000000e+00,2.111157029867172241e-02,-1.227056145668029785e+00,-2.077731071040034294e-03,-4.643783438950777054e-03,1.850266382098197937e-02,1.218614816665649414e+00,-2.211002167314291000e-03,2.925463486462831497e-03,4.534637555480003357e-03,-7.690618187189102173e-02,-4.088882356882095337e-02,-1.899412600323557854e-03,8.626503869891166687e-03,7.993803173303604126e-02,3.834545984864234924e-02,-8.475336432456970215e-02,2.288172021508216858e-02,-7.412821520119905472e-03,7.657713256776332855e-03,8.835411071777343750e-02,-2.625908516347408295e-02
4.772945772856473923e-03,2.593002654612064362e-02,6.937164068222045898e-01,-2.731960499659180641e-03,-6.861382164061069489e-03,-5.214453339576721191e-01,8.532527685165405273e-01,0.000000000000000000e+00,0.000000000000000000e+00,2.111157029867172241e-02,-1.227056145668029785e+00,-2.077731071040034294e-03,-4.643783438950777054e-03,1.850266382098197937e-02,1.218614816665649414e+00,-2.211002167314291000e-03,2.925463486462831497e-03,4.534637555480003357e-03,-7.690618187189102173e-02,-4.088882356882095337e-02,-1.899412600323557854e-03,8.626503869891166687e-03,7.993803173303604126e-02,3.834545984864234924e-02,-8.475336432456970215e-02,2.288172021508216858e-02,-7.412821520119905472e-03,7.657713256776332855e-03,8.835411071777343750e-02,-2.625908516347408295e-02
4.772945772856473923e-03,2.593002654612064362e-02,6.937164068222045898e-01,-2.731960499659180641e-03,-6.861382164061069489e-03,-5.214453339576721191e-01,8.532527685165405273e-01,0.000000000000000000e+00,0.000000000000000000e+00,2.111157029867172241e-02,-1.227056145668029785e+00,-2.077731071040034294e-03,-4.643783438950777054e-03,1.850266382098197937e-02,1.218614816665649414e+00,-2.211002167314291000e-03,2.925463486462831497e-03,4.534637555480003357e-03,-7.690618187189102173e-02,-4.088882356882095337e-02,-1.899412600323557854e-03,8.626503869891166687e-03,7.993803173303604126e-02,3.834545984864234924e-02,-8.475336432456970215e-02,2.288172021508216858e-02,-7.412821520119905472e-03,7.657713256776332855e-03,8.835411071777343750e-02,-2.625908516347408295e-02
4.772945772856473923e-03,2.593002654612064362e-02,6.937164068222045898e-01,-2.731960499659180641e-03,-6.861382164061069489e-03,-5.214453339576721191e-01,8.532527685165405273e-01,0.000000000000000000e+00,0.000000000000000000e+00,2.111157029867172241e-02,-1.227056145668029785e+00,-2.077730838209390640e-03,-4.643783438950777054e-03,1.850266382098197937e-02,1.218614816665649414e+00,-2.211002167314291000e-03,2.925463486462831497e-03,4.534638021141290665e-03,-7.690618187189102173e-02,-4.088882356882095337e-02,-1.899412716738879681e-03,8.626503869891166687e-03,7.993803173303604126e-02,3.834545984864234924e-02,-8.475336432456970215e-02,2.288172021508216858e-02,-7.412821985781192780e-03,7.657713722437620163e-03,8.835411071777343750e-02,-2.625908516347408295e-02
4.261877387762069702e-03,2.231052704155445099e-02,6.954870820045471191e-01,5.683205556124448776e-03,4.819991067051887512e-03,-5.080644488334655762e-01,8.612868189811706543e-01,0.000000000000000000e+00,0.000000000000000000e+00,4.453668370842933655e-02,-1.203317761421203613e+00,1.274852897040545940e-03,-3.776036575436592102e-02,-1.479785703122615814e-02,1.182340741157531738e+00,2.766484022140502930e-02,6.163799390196800232e-02,-3.107763268053531647e-02,-1.290972530841827393e-01,-2.715750411152839661e-02,2.769103273749351501e-02,2.631940133869647980e-02,9.149394929409027100e-02,2.955445460975170135e-02,-8.565612882375717163e-02,1.285761222243309021e-02,-3.368828073143959045e-02,1.173251774162054062e-02,8.907183259725570679e-02,-1.048603933304548264e-02
3.831825684756040573e-03,1.858955435454845428e-02,6.972045302391052246e-01,1.438475400209426880e-02,1.639058999717235565e-02,-4.943560957908630371e-01,8.689858913421630859e-01,0.000000000000000000e+00,0.000000000000000000e+00,6.942594796419143677e-02,-1.179623126983642578e+00,3.036130219697952271e-03,-7.340707629919052124e-02,-4.656540602445602417e-02,1.146216273307800293e+00,5.812510102987289429e-02,1.242966055870056152e-01,-6.838401407003402710e-02,-1.817071586847305298e-01,-1.195675134658813477e-02,5.834353342652320862e-02,4.534585028886795044e-02,1.020140498876571655e-01,2.072790823876857758e-02,-8.696015924215316772e-02,3.814887721091508865e-03,-5.864264070987701416e-02,1.577165164053440094e-02,9.024380147457122803e-02,5.442983005195856094e-03
3.477197838947176933e-03,1.477945595979690552e-02,6.988580226898193359e-01,2.333305962383747101e-02,2.783491276204586029e-02,-4.803118705749511719e-01,8.763453960418701172e-01,0.000000000000000000e+00,0.000000000000000000e+00,9.391642361879348755e-02,-1.156146764755249023e+00,4.092377144843339920e-03,-1.083982512354850769e-01,-7.747676223516464233e-02,1.110561609268188477e+00,8.835732936859130859e-02,1.890439242124557495e-01,-1.056738197803497314e-01,-2.343955338001251221e-01,4.575442057102918625e-03,8.803518861532211304e-02,6.470503658056259155e-02,1.126365214586257935e-01,1.183690037578344345e-02,-8.834847807884216309e-02,-4.324138164520263672e-03,-8.406540006399154663e-02,1.978699304163455963e-02,9.146495163440704346e-02,2.129476703703403473e-02
3.202692838385701180e-03,1.088851783424615860e-02,7.004401087760925293e-01,3.251054883003234863e-02,3.915814682841300964e-02,-4.659510850906372070e-01,8.833454847335815430e-01,0.000000000000000000e+00,0.000000000000000000e+00,1.177321001887321472e-01,-1.132873177528381348e+00,4.637373611330986023e-03,-1.423216313123703003e-01,-1.076355949044227600e-01,1.075432419776916504e+00,1.181746348738670349e-01,2.557396590709686279e-01,-1.426057368516921997e-01,-2.872706055641174316e-01,2.232169173657894135e-02,1.163251399993896484e-01,8.444339781999588013e-02,1.234626695513725281e-01,2.883958397433161736e-03,-8.975796401500701904e-02,-1.152866147458553314e-02,-1.102527976036071777e-01,2.376983128488063812e-02,9.268756210803985596e-02,3.706306219100952148e-02
1.381538226269185543e-03,7.778848055750131607e-03,7.010725736618041992e-01,3.951918706297874451e-02,4.247918352484703064e-02,-4.478259086608886719e-01,8.922363519668579102e-01,0.000000000000000000e+00,0.000000000000000000e+00,1.727546751499176025e-01,-1.119742393493652344e+00,1.428731158375740051e-02,-1.941303610801696777e-01,-1.094271987676620483e-01,1.045661568641662598e+00,1.316341012716293335e-01,3.228451013565063477e-01,-2.072310745716094971e-01,-3.111283481121063232e-01,4.042302072048187256e-02,1.672277748584747314e-01,8.903038501739501953e-02,1.380984038114547729e-01,-4.876466933637857437e-03,-7.573942840099334717e-02,-2.228075265884399414e-02,-1.195154711604118347e-01,2.295843325555324554e-02,9.857582300901412964e-02,5.314149707555770874e-02
9.543605847284197807e-04,3.790013492107391357e-03,7.024316787719726562e-01,4.898628219962120056e-02,5.232661962509155273e-02,-4.320220053195953369e-01,8.990101814270019531e-01,0.000000000000000000e+00,0.000000000000000000e+00,1.985162645578384399e-01,-1.096188426017761230e+00,1.640891656279563904e-02,-2.285900712013244629e-01,-1.348021030426025391e-01,1.011088132858276367e+00,1.569399535655975342e-01,3.913639485836029053e-01,-2.491151690483093262e-01,-3.597157001495361328e-01,6.059263646602630615e-02,1.972979456186294556e-01,1.067760139703750610e-01,1.498982906341552734e-01,-1.350809168070554733e-02,-7.557044923305511475e-02,-2.877409383654594421e-02,-1.440727859735488892e-01,2.612029202282428741e-02,1.006105467677116394e-01,6.865312904119491577e-02
6.112771807238459587e-04,-2.730457345023751259e-04,7.037051320075988770e-01,5.867632478475570679e-02,6.203237548470497131e-02,-4.159282147884368896e-01,9.053798913955688477e-01,0.000000000000000000e+00,0.000000000000000000e+00,2.230409830808639526e-01,-1.072559833526611328e+00,1.844025030732154846e-02,-2.613838613033294678e-01,-1.596279442310333252e-01,9.771903157234191895e-01,1.817226111888885498e-01,4.613412618637084961e-01,-2.894171178340911865e-01,-4.091916680335998535e-01,8.148026466369628906e-02,2.245516777038574219e-01,1.256064176559448242e-01,1.617689877748489380e-01,-2.208108268678188324e-02,-7.525458186864852905e-02,-3.440855070948600769e-02,-1.706808656454086304e-01,2.930529043078422546e-02,1.024072244763374329e-01,8.409667015075683594e-02
-1.816719122871290892e-05,-4.226942081004381180e-03,7.047982215881347656e-01,6.800501793622970581e-02,6.992217898368835449e-02,-3.984837532043457031e-01,9.119741916656494141e-01,0.000000000000000000e+00,0.000000000000000000e+00,2.516911923885345459e-01,-1.048859834671020508e+00,2.389062382280826569e-02,-2.967108786106109619e-01,-1.792996376752853394e-01,9.451096653938293457e-01,1.983556896448135376e-01,5.257409811019897461e-01,-3.422670066356658936e-01,-4.479649960994720459e-01,1.055135577917098999e-01,2.614783942699432373e-01,1.356675475835800171e-01,1.771610081195831299e-01,-3.102459385991096497e-02,-7.305527478456497192e-02,-3.941615298390388489e-02,-1.869297772645950317e-01,3.089949861168861389e-02,1.069758161902427673e-01,9.912735223770141602e-02
-6.610605050809681416e-04,-8.227393962442874908e-03,7.057703733444213867e-01,7.761349529027938843e-02,7.716598361730575562e-02,-3.808014988899230957e-01,9.181567430496215820e-01,0.000000000000000000e+00,0.000000000000000000e+00,2.831885516643524170e-01,-1.024495363235473633e+00,2.876188233494758606e-02,-3.358082771301269531e-01,-1.940977573394775391e-01,9.116147160530090332e-01,2.151957005262374878e-01,5.985231399536132812e-01,-3.937728703022003174e-01,-4.890692234039306641e-01,1.305093765258789062e-01,2.958258390426635742e-01,1.514564901590347290e-01,1.895230561494827271e-01,-3.993845731019973755e-02,-7.027500867843627930e-02,-4.449526220560073853e-02,-2.051262855529785156e-01,3.264737501740455627e-02,1.110154986381530762e-01,1.141670197248458862e-01
-9.475781116634607315e-04,-1.240068580955266953e-02,7.067277431488037109e-01,8.769707381725311279e-02,8.545716851949691772e-02,-3.634081184864044189e-01,9.235479831695556641e-01,0.000000000000000000e+00,0.000000000000000000e+00,3.083151280879974365e-01,-1.000009059906005859e+00,3.080802783370018005e-02,-3.687504827976226807e-01,-2.125208228826522827e-01,8.796952962875366211e-01,2.329840511083602905e-01,6.726251840591430664e-01,-4.372149109840393066e-01,-5.359877347946166992e-01,1.551281958818435669e-01,3.214381933212280273e-01,1.703171283006668091e-01,2.021697312593460083e-01,-4.854165017604827881e-02,-6.900087743997573853e-02,-4.791038483381271362e-02,-2.306347489356994629e-01,3.541832789778709412e-02,1.135751008987426758e-01,1.291922181844711304e-01
-1.126176677644252777e-03,-1.661201752722263336e-02,7.075741291046142578e-01,9.791836887598037720e-02,9.361789375543594360e-02,-3.458239734172821045e-01,9.284683465957641602e-01,0.000000000000000000e+00,0.000000000000000000e+00,3.318800032138824463e-01,-9.752566218376159668e-01,3.278485313057899475e-02,-3.996603786945343018e-01,-2.303743064403533936e-01,8.488858342170715332e-01,2.498316913843154907e-01,7.479276657104492188e-01,-4.781415760517120361e-01,-5.844396948814392090e-01,1.796581745147705078e-01,3.431580960750579834e-01,1.905078887939453125e-01,2.149088233709335327e-01,-5.693415924906730652e-02,-6.730274856090545654e-02,-5.034598335623741150e-02,-2.589889764785766602e-01,3.818516805768013000e-02,1.157600060105323792e-01,1.441772431135177612e-01
-1.213788520544767380e-03,-2.084865607321262360e-02,7.083005905151367188e-01,1.082548424601554871e-01,1.015603244304656982e-01,-3.280056118965148926e-01,9.329409003257751465e-01,0.000000000000000000e+00,0.000000000000000000e+00,3.544415235519409180e-01,-9.502365589141845703e-01,3.464468196034431458e-02,-4.293190538883209229e-01,-2.470204979181289673e-01,8.191178441047668457e-01,2.649237811565399170e-01,8.247226476669311523e-01,-5.177693963050842285e-01,-6.339604854583740234e-01,2.042768746614456177e-01,3.620692789554595947e-01,2.117984890937805176e-01,2.276604920625686646e-01,-6.514568626880645752e-02,-6.523009389638900757e-02,-5.179315060377120972e-02,-2.889915704727172852e-01,4.089300706982612610e-02,1.178096234798431396e-01,1.591095924377441406e-01
-1.435848535038530827e-03,-2.503887936472892761e-02,7.088516354560852051e-01,1.185343787074089050e-01,1.082420721650123596e-01,-3.095083534717559814e-01,9.372501373291015625e-01,0.000000000000000000e+00,0.000000000000000000e+00,3.802641928195953369e-01,-9.239009618759155273e-01,3.812787681818008423e-02,-4.625766575336456299e-01,-2.569987475872039795e-01,7.890524268150329590e-01,2.747647762298583984e-01,9.048323035240173340e-01,-5.607701539993286133e-01,-6.812902688980102539e-01,2.299236953258514404e-01,3.821293115615844727e-01,2.338708788156509399e-01,2.395990788936614990e-01,-7.332521677017211914e-02,-6.154090911149978638e-02,-5.323237553238868713e-02,-3.170418143272399902e-01,4.291630536317825317e-02,1.204959526658058167e-01,1.739747822284698486e-01
-1.385606476105749607e-03,-2.930687554180622101e-02,7.093178033828735352e-01,1.290914565324783325e-01,1.155098006129264832e-01,-2.911380529403686523e-01,9.408674240112304688e-01,0.000000000000000000e+00,0.000000000000000000e+00,4.018347561359405518e-01,-8.980368375778198242e-01,3.967658057808876038e-02,-4.912648797035217285e-01,-2.689395844936370850e-01,7.607749104499816895e-01,2.837039828300476074e-01,9.859792590141296387e-01,-5.997382402420043945e-01,-7.324010729789733887e-01,2.550712227821350098e-01,3.969814479351043701e-01,2.575632929801940918e-01,2.519014477729797363e-01,-8.121789246797561646e-02,-5.879306420683860779e-02,-5.292547494173049927e-02,-3.485540151596069336e-01,4.547965526580810547e-02,1.225530654191970825e-01,1.888006776571273804e-01
-1.219959114678204060e-03,-3.358197212219238281e-02,7.096489667892456055e-01,1.397480666637420654e-01,1.226193532347679138e-01,-2.726116180419921875e-01,9.439904093742370605e-01,0.000000000000000000e+00,0.000000000000000000e+00,4.219274818897247314e-01,-8.719267249107360840e-01,4.127778485417366028e-02,-5.182536244392395020e-01,-2.799565494060516357e-01,7.337501049041748047e-01,2.908445596694946289e-01,1.068335771560668945e+00,-6.372258067131042480e-01,-7.852246165275573730e-01,2.797827422618865967e-01,4.087824523448944092e-01,2.826696932315826416e-01,2.640129923820495605e-01,-8.885976672172546387e-02,-5.577105656266212463e-02,-5.152131989598274231e-02,-3.817252218723297119e-01,4.801520705223083496e-02,1.244378611445426941e-01,2.036205381155014038e-01
-1.114204525947570801e-03,-3.782983869314193726e-02,7.098084092140197754e-01,1.504212021827697754e-01,1.287584453821182251e-01,-2.535470724105834961e-01,9.468413591384887695e-01,0.000000000000000000e+00,0.000000000000000000e+00,4.435621201992034912e-01,-8.443425297737121582e-01,4.431684315204620361e-02,-5.475570559501647949e-01,-2.850146293640136719e-01,7.066029906272888184e-01,2.923502326011657715e-01,1.153792977333068848e+00,-6.770840883255004883e-01,-8.374212980270385742e-01,3.052847087383270264e-01,4.206104278564453125e-01,3.094812333583831787e-01,2.749935984611511230e-01,-9.639959037303924561e-02,-5.171413719654083252e-02,-4.988480731844902039e-02,-4.136315882205963135e-01,5.010965466499328613e-02,1.267517507076263428e-01,2.184138447046279907e-01
1.043845899403095245e-02,-4.611336812376976013e-02,7.134340405464172363e-01,1.459355503320693970e-01,1.147534772753715515e-01,-2.477814108133316040e-01,9.508621692657470703e-01,0.000000000000000000e+00,0.000000000000000000e+00,4.499590992927551270e-01,-8.033630847930908203e-01,-1.370636397041380405e-03,-5.068067908287048340e-01,-2.544365227222442627e-01,7.080534100532531738e-01,2.406347841024398804e-01,1.122123360633850098e+00,-7.184748649597167969e-01,-8.003289103507995605e-01,3.233348131179809570e-01,4.868200123310089111e-01,2.798948585987091064e-01,3.043197989463806152e-01,-1.019139736890792847e-01,1.527767255902290344e-02,-9.386070817708969116e-02,-3.832598030567169189e-01,8.186733722686767578e-02,2.186580449342727661e-01,2.224023789167404175e-01
2.276812493801116943e-02,-5.294870585203170776e-02,7.145480513572692871e-01,1.345204859972000122e-01,8.785737305879592896e-02,-2.529705762863159180e-01,9.540393948554992676e-01,0.000000000000000000e+00,0.000000000000000000e+00,4.337964355945587158e-01,-7.154528498649597168e-01,-7.083842158317565918e-02,-4.596957564353942871e-01,-2.037037461996078491e-01,7.191044688224792480e-01,1.587497591972351074e-01,1.047157168388366699e+00,-7.627312541007995605e-01,-7.312541007995605469e-01,3.421635627746582031e-01,5.594133734703063965e-01,2.302879095077514648e-01,3.499808013439178467e-01,-1.257559806108474731e-01,1.159949749708175659e-01,-1.758993566036224365e-01,-3.246772587299346924e-01,1.863383054733276367e-01,3.499971032142639160e-01,1.951529383659362793e-01
4.100604355335235596e-02,-5.898996070027351379e-02,7.104240655899047852e-01,1.120439842343330383e-01,6.993423402309417725e-02,-2.790963947772979736e-01,9.511364698410034180e-01,0.000000000000000000e+00,0.000000000000000000e+00,3.016999065876007080e-01,-4.930611848831176758e-01,-8.114914596080780029e-02,-3.412413001060485840e-01,-8.709915727376937866e-02,7.590258717536926270e-01,6.140871904790401459e-03,9.232382178306579590e-01,-7.215663194656372070e-01,-6.881563067436218262e-01,3.249326348304748535e-01,4.922963976860046387e-01,2.202996909618377686e-01,3.499999940395355225e-01,-1.449039578437805176e-01,2.408224493265151978e-01,-3.067365288734436035e-01,-2.532058954238891602e-01,5.699821710586547852e-01,3.499999940395355225e-01,8.513338863849639893e-02
5.973986536264419556e-02,-6.813488155603408813e-02,6.980342864990234375e-01,9.350844472646713257e-02,5.019799619913101196e-02,-2.913247942924499512e-01,9.507187604904174805e-01,0.000000000000000000e+00,0.000000000000000000e+00,2.053102552890777588e-01,-3.250060975551605225e-01,-5.737021937966346741e-02,-3.612909018993377686e-01,-4.936571931466460228e-04,8.018103241920471191e-01,-9.366268664598464966e-02,8.385508656501770020e-01,-6.189078092575073242e-01,-6.548996567726135254e-01,2.641835808753967285e-01,4.061340093612670898e-01,1.922447383403778076e-01,3.499999940395355225e-01,-1.037425249814987183e-01,2.891556620597839355e-01,-3.814547061920166016e-01,-1.889477968215942383e-01,9.247620105743408203e-01,3.499999940395355225e-01,2.559175714850425720e-02
7.892058789730072021e-02,-7.704101502895355225e-02,6.805344223976135254e-01,7.409729808568954468e-02,3.208233043551445007e-02,-3.086575865745544434e-01,9.477398395538330078e-01,0.000000000000000000e+00,0.000000000000000000e+00,1.353189200162887573e-01,-1.890120059251785278e-01,-7.374072913080453873e-03,-4.311790168285369873e-01,1.053703725337982178e-01,8.539169430732727051e-01,-1.670039147138595581e-01,7.456372976303100586e-01,-5.074977278709411621e-01,-6.204538941383361816e-01,1.936206072568893433e-01,3.161472082138061523e-01,1.751861721277236938e-01,3.422841429710388184e-01,-4.648161306977272034e-02,2.779829204082489014e-01,-4.150990843772888184e-01,-9.991402924060821533e-02,1.203311443328857422e+00,3.499999940395355225e-01,-2.978210896253585815e-02
1.012980043888092041e-01,-8.988522738218307495e-02,6.656089425086975098e-01,7.180484384298324585e-02,3.057751245796680450e-02,-3.373511731624603271e-01,9.381381869316101074e-01,0.000000000000000000e+00,0.000000000000000000e+00,3.957725316286087036e-02,-8.136888593435287476e-02,3.201731666922569275e-02,-5.446090698242187500e-01,2.148913741111755371e-01,9.010294079780578613e-01,-2.078569680452346802e-01,6.607918143272399902e-01,-3.426577746868133545e-01,-6.451393961906433105e-01,1.105665341019630432e-01,2.066667377948760986e-01,2.628201842308044434e-01,2.237004637718200684e-01,4.592354595661163330e-02,1.512960195541381836e-01,-3.884233832359313965e-01,3.295086324214935303e-02,1.546689987182617188e+00,3.499999940395355225e-01,-9.033192694187164307e-02
1.250768601894378662e-01,-1.040304079651832581e-01,6.580916643142700195e-01,7.249666750431060791e-02,4.160622507333755493e-02,-3.710892200469970703e-01,9.248275160789489746e-01,0.000000000000000000e+00,0.000000000000000000e+00,-2.380566112697124481e-02,-2.920100465416908264e-02,4.338553547859191895e-02,-6.402219533920288086e-01,2.793988883495330811e-01,9.100719094276428223e-01,-2.113798707723617554e-01,5.822654366493225098e-01,-1.744291633367538452e-01,-6.882963776588439941e-01,4.291525855660438538e-02,1.417810767889022827e-01,3.452137112617492676e-01,1.144170761108398438e-01,1.106419861316680908e-01,-5.852958932518959045e-02,-2.999757826328277588e-01,1.347349584102630615e-01,1.769255042076110840e+00,3.499999940395355225e-01,-1.167932972311973572e-01
1.503855884075164795e-01,-1.188866198062896729e-01,6.548640727996826172e-01,8.628638088703155518e-02,5.718700587749481201e-02,-4.326233565807342529e-01,8.956122398376464844e-01,0.000000000000000000e+00,0.000000000000000000e+00,-2.600709162652492523e-02,-3.304211888462305069e-03,6.678263098001480103e-02,-7.417731285095214844e-01,3.356968760490417480e-01,8.381877541542053223e-01,-2.180245965719223022e-01,5.398383140563964844e-01,1.234636921435594559e-02,-7.231202125549316406e-01,-1.889080181717872620e-02,7.638385891914367676e-02,4.114698171615600586e-01,6.646546721458435059e-02,1.305902898311614990e-01,-4.023953974246978760e-01,-2.018328905105590820e-01,1.585296988487243652e-01,1.727273821830749512e+00,3.499980270862579346e-01,-1.613485515117645264e-01
1.741214692592620850e-01,-1.369310170412063599e-01,6.632962226867675781e-01,9.759299457073211670e-02,8.683243393898010254e-02,-4.727062284946441650e-01,8.714841008186340332e-01,0.000000000000000000e+00,0.000000000000000000e+00,-6.085187569260597229e-02,1.490714843384921551e-03,6.069258600473403931e-02,-8.363785147666931152e-01,3.002026677131652832e-01,7.701185345649719238e-01,-2.072218209505081177e-01,5.216220021247863770e-01,1.349163651466369629e-01,-7.533205151557922363e-01,-5.198323726654052734e-02,4.703404754400253296e-02,4.332014024257659912e-01,2.863567695021629333e-02,1.303502619266510010e-01,-6.404654979705810547e-01,-1.476764678955078125e-01,1.416190415620803833e-01,1.680746555328369141e+00,3.229726850986480713e-01,-1.690926402807235718e-01
1.932224780321121216e-01,-1.530539542436599731e-01,6.733586192131042480e-01,1.000946834683418274e-01,1.018210947513580322e-01,-5.035922527313232422e-01,8.520612120628356934e-01,0.000000000000000000e+00,0.000000000000000000e+00,-4.895403236150741577e-02,8.659241721034049988e-03,5.507147684693336487e-02,-9.142384529113769531e-01,3.095495998859405518e-01,7.350161671638488770e-01,-1.778193116188049316e-01,5.488293766975402832e-01,2.113382369279861450e-01,-7.078735232353210449e-01,-6.400240957736968994e-02,2.613136172294616699e-02,3.822016417980194092e-01,4.047844931483268738e-02,1.089085787534713745e-01,-7.885233759880065918e-01,-1.133231148123741150e-01,9.688311815261840820e-02,1.590328097343444824e+00,2.514518201351165771e-01,-1.976962089538574219e-01
2.104282230138778687e-01,-1.702319085597991943e-01,6.843141317367553711e-01,1.060531958937644958e-01,1.213355585932731628e-01,-5.274555087089538574e-01,8.341588973999023438e-01,0.000000000000000000e+00,0.000000000000000000e+00,-6.384436786174774170e-02,1.685605943202972412e-02,4.400971531867980957e-02,-9.893002510070800781e-01,2.914235293865203857e-01,7.012134790420532227e-01,-1.319763213396072388e-01,5.764740705490112305e-01,2.708052098751068115e-01,-6.800529360771179199e-01,-7.083542644977569580e-02,1.555612590163946152e-02,3.345701694488525391e-01,6.543642282485961914e-02,6.227665767073631287e-02,-9.316805005073547363e-01,-8.651457726955413818e-02,3.441468626260757446e-02,1.408369421958923340e+00,1.753719896078109741e-01,-2.042196094989776611e-01
2.266553491353988647e-01,-1.861716657876968384e-01,6.929111480712890625e-01,1.058230921626091003e-01,1.412025094032287598e-01,-5.442634224891662598e-01,8.201467394828796387e-01,0.000000000000000000e+00,0.000000000000000000e+00,-7.154031097888946533e-02,2.279052324593067169e-02,2.569423615932464600e-02,-1.057111620903015137e+00,2.547915577888488770e-01,6.507869958877563477e-01,-7.416564971208572388e-02,5.876033902168273926e-01,3.519678115844726562e-01,-6.652063131332397461e-01,-6.813948601484298706e-02,6.413237750530242920e-02,2.927428781986236572e-01,1.122898384928703308e-01,9.393199346959590912e-03,-1.064503431320190430e+00,-5.780176445841789246e-02,-5.425909161567687988e-02,1.038601160049438477e+00,9.558391571044921875e-02,-1.669238805770874023e-01
2.403562963008880615e-01,-1.986201554536819458e-01,7.022203803062438965e-01,1.003244891762733459e-01,1.474014371633529663e-01,-5.639721155166625977e-01,8.063145875930786133e-01,0.000000000000000000e+00,0.000000000000000000e+00,-6.161822751164436340e-02,2.731824107468128204e-02,2.013814449310302734e-02,-1.090719819068908691e+00,2.616140246391296387e-01,6.095270514488220215e-01,-3.976203501224517822e-02,6.215512752532958984e-01,4.313971400260925293e-01,-6.059470176696777344e-01,-7.154994457960128784e-02,1.016749441623687744e-01,2.272318601608276367e-01,1.600526273250579834e-01,-4.054585099220275879e-02,-1.091979980468750000e+00,-3.704975172877311707e-02,-1.357114464044570923e-01,6.733912825584411621e-01,1.054408028721809387e-01,-9.694255888462066650e-02
2.512624561786651611e-01,-2.074702829122543335e-01,7.082300782203674316e-01,8.826541155576705933e-02,1.352807730436325073e-01,-5.831902027130126953e-01,7.961140275001525879e-01,0.000000000000000000e+00,0.000000000000000000e+00,-1.832300983369350433e-02,4.997358098626136780e-02,2.468498982489109039e-02,-1.119423031806945801e+00,2.544873654842376709e-01,5.673357844352722168e-01,-3.256551921367645264e-02,6.541885733604431152e-01,5.250746607780456543e-01,-5.274134874343872070e-01,-7.831192016601562500e-02,1.286981999874114990e-01,1.555759012699127197e-01,2.594748437404632568e-01,-9.615872800350189209e-02,-1.089527845382690430e+00,-3.050652518868446350e-02,-2.961554229259490967e-01,2.481351643800735474e-01,9.429099410772323608e-02,1.938627846539020538e-02
2.603291869163513184e-01,-2.168817818164825439e-01,7.157427668571472168e-01,8.097755908966064453e-02,1.304631233215332031e-01,-5.932528376579284668e-01,7.902361154556274414e-01,0.000000000000000000e+00,0.000000000000000000e+00,1.156544592231512070e-02,6.850178539752960205e-02,1.665927097201347351e-02,-1.132176995277404785e+00,2.557955980300903320e-01,5.227593779563903809e-01,-2.997787483036518097e-02,6.976625323295593262e-01,5.645868778228759766e-01,-4.900155365467071533e-01,-7.864672690629959106e-02,1.468604505062103271e-01,1.288052052259445190e-01,2.991178631782531738e-01,-1.574027538299560547e-01,-1.103854179382324219e+00,-3.641930222511291504e-02,-4.004771113395690918e-01,7.645406574010848999e-02,1.071591079235076904e-01,8.964817970991134644e-02
2.677163779735565186e-01,-2.270389944314956665e-01,7.218626141548156738e-01,7.990295439958572388e-02,1.271714568138122559e-01,-5.967113971710205078e-01,7.882755994796752930e-01,0.000000000000000000e+00,0.000000000000000000e+00,3.326700255274772644e-02,8.322952687740325928e-02,1.630330458283424377e-02,-1.150822281837463379e+00,2.435280978679656982e-01,4.761590957641601562e-01,-3.004074282944202423e-02,7.366933226585388184e-01,5.837079882621765137e-01,-4.614734053611755371e-01,-7.843889296054840088e-02,1.789324581623077393e-01,1.214023604989051819e-01,3.306432962417602539e-01,-2.017800509929656982e-01,-1.107646107673645020e+00,-5.174783989787101746e-02,-4.667191803455352783e-01,6.147160660475492477e-03,1.405277103185653687e-01,1.292786747217178345e-01
2.742025256156921387e-01,-2.382402420043945312e-01,7.258674502372741699e-01,8.408273756504058838e-02,1.236581876873970032e-01,-5.955373644828796387e-01,7.892870306968688965e-01,0.000000000000000000e+00,0.000000000000000000e+00,5.687422677874565125e-02,1.013505533337593079e-01,3.100752644240856171e-02,-1.167016625404357910e+00,2.203906625509262085e-01,4.206734001636505127e-01,-3.830146789550781250e-02,7.732784152030944824e-01,6.016644835472106934e-01,-4.426991045475006104e-01,-8.364626765251159668e-02,2.056657820940017700e-01,1.328001320362091064e-01,3.499999940395355225e-01,-2.385172843933105469e-01,-1.096808195114135742e+00,-8.551388978958129883e-02,-5.178788900375366211e-01,1.357885867037111893e-05,1.853244155645370483e-01,1.524845957756042480e-01
2.799191176891326904e-01,-2.503659725189208984e-01,7.264766693115234375e-01,9.319879859685897827e-02,1.183865144848823547e-01,-5.903145670890808105e-01,7.929863333702087402e-01,0.000000000000000000e+00,0.000000000000000000e+00,9.253966808319091797e-02,1.271218955516815186e-01,7.260005176067352295e-02,-1.174358487129211426e+00,1.836847811937332153e-01,3.517073690891265869e-01,-5.725311860442161560e-02,8.047747015953063965e-01,6.262520551681518555e-01,-4.357084631919860840e-01,-8.659380674362182617e-02,2.205619364976882935e-01,1.917804628610610962e-01,3.499999940395355225e-01,-2.713071703910827637e-01,-1.065003514289855957e+00,-1.263874918222427368e-01,-5.652589797973632812e-01,2.095535025000572205e-02,2.392624765634536743e-01,1.564812809228897095e-01
2.845281064510345459e-01,-2.627456188201904297e-01,7.254489064216613770e-01,1.040612161159515381e-01,1.092253625392913818e-01,-5.859036445617675781e-01,7.962148189544677734e-01,0.000000000000000000e+00,0.000000000000000000e+00,1.131750866770744324e-01,1.322039365768432617e-01,1.230555996298789978e-01,-1.160524487495422363e+00,1.351478397846221924e-01,2.730501294136047363e-01,-8.266138285398483276e-02,8.318147659301757812e-01,6.454799175262451172e-01,-4.259978234767913818e-01,-8.636054396629333496e-02,2.326383888721466064e-01,2.699737250804901123e-01,3.499999940395355225e-01,-2.926185429096221924e-01,-1.002999305725097656e+00,-1.733392626047134399e-01,-6.058426499366760254e-01,4.349685460329055786e-02,2.764692008495330811e-01,1.495768725872039795e-01
2.871031761169433594e-01,-2.759268879890441895e-01,7.222523093223571777e-01,1.235349848866462708e-01,9.268586337566375732e-02,-5.872904062271118164e-01,7.945051193237304688e-01,0.000000000000000000e+00,0.000000000000000000e+00,1.405915021896362305e-01,1.333156079053878784e-01,1.994429230690002441e-01,-1.142207264900207520e+00,6.676089018583297729e-02,1.781409233808517456e-01,-1.201369240880012512e-01,8.591090440750122070e-01,6.473557949066162109e-01,-4.244239032268524170e-01,-8.039733767509460449e-02,2.285106033086776733e-01,4.045022130012512207e-01,3.499999940395355225e-01,-3.270836770534515381e-01,-8.986743092536926270e-01,-2.088708281517028809e-01,-6.446047425270080566e-01,6.908905506134033203e-02,2.654760181903839111e-01,1.236744150519371033e-01
2.913361787796020508e-01,-2.900089919567108154e-01,7.183930277824401855e-01,1.336492002010345459e-01,8.457005769014358521e-02,-5.798486471176147461e-01,7.992254495620727539e-01,0.000000000000000000e+00,0.000000000000000000e+00,1.539885997772216797e-01,1.197192221879959106e-01,2.621840238571166992e-01,-1.128530025482177734e+00,9.229613468050956726e-03,1.045964732766151428e-01,-1.423865705728530884e-01,9.015290737152099609e-01,6.339139342308044434e-01,-4.170181751251220703e-01,-6.495004892349243164e-02,2.301476001739501953e-01,4.805897176265716553e-01,3.499999940395355225e-01,-3.320627510547637939e-01,-8.308361172676086426e-01,-2.296082228422164917e-01,-6.826131939888000488e-01,9.633783251047134399e-02,2.461099326610565186e-01,9.680773317813873291e-02
2.957845330238342285e-01,-3.041521012783050537e-01,7.138655185699462891e-01,1.385920047760009766e-01,7.527721673250198364e-02,-5.712621212005615234e-01,8.054720163345336914e-01,0.000000000000000000e+00,0.000000000000000000e+00,1.640417277812957764e-01,9.718930721282958984e-02,3.001381456851959229e-01,-1.109964370727539062e+00,-3.205364942550659180e-02,3.945874422788619995e-02,-1.599352955818176270e-01,9.465972185134887695e-01,6.036329865455627441e-01,-4.121102094650268555e-01,-3.816071152687072754e-02,2.360606640577316284e-01,5.472517609596252441e-01,3.499999940395355225e-01,-3.165943920612335205e-01,-7.782933115959167480e-01,-2.376893013715744019e-01,-7.071024775505065918e-01,1.366151720285415649e-01,2.358305454254150391e-01,6.531114876270294189e-02
3.006075024604797363e-01,-3.182382583618164062e-01,7.096017599105834961e-01,1.395541876554489136e-01,6.820654124021530151e-02,-5.638999342918395996e-01,8.111037611961364746e-01,0.000000000000000000e+00,0.000000000000000000e+00,1.733873784542083740e-01,5.735604092478752136e-02,3.275674283504486084e-01,-1.097455620765686035e+00,-3.520587831735610962e-02,3.570948913693428040e-02,-1.665568947792053223e-01,1.007175087928771973e+00,5.577166080474853516e-01,-3.918332457542419434e-01,1.355557003989815712e-03,2.254913151264190674e-01,5.985862612724304199e-01,3.499999940395355225e-01,-2.892514169216156006e-01,-7.215881943702697754e-01,-2.198948413133621216e-01,-7.191518545150756836e-01,1.767833828926086426e-01,2.017050385475158691e-01,3.390659764409065247e-02
3.036951422691345215e-01,-3.315469622611999512e-01,7.044880986213684082e-01,1.429255753755569458e-01,5.268887430429458618e-02,-5.642816424369812012e-01,8.114076256752014160e-01,0.000000000000000000e+00,0.000000000000000000e+00,1.791412830352783203e-01,-1.215574704110622406e-02,3.292463719844818115e-01,-1.085445165634155273e+00,3.779486753046512604e-03,8.626425266265869141e-02,-1.629512012004852295e-01,1.083512187004089355e+00,4.920334815979003906e-01,-3.721236288547515869e-01,5.644737929105758667e-02,1.960393041372299194e-01,6.738865971565246582e-01,3.499999940395355225e-01,-2.484174966812133789e-01,-6.556529402732849121e-01,-1.758064627647399902e-01,-7.131268978118896484e-01,2.160393595695495605e-01,1.451399922370910645e-01,-7.067861501127481461e-03
3.064548671245574951e-01,-3.437454700469970703e-01,6.959143280982971191e-01,1.360055208206176758e-01,3.866663947701454163e-02,-5.632208585739135742e-01,8.141189217567443848e-01,0.000000000000000000e+00,0.000000000000000000e+00,1.862421333789825439e-01,-8.410868793725967407e-02,3.274042606353759766e-01,-1.063866972923278809e+00,1.954155415296554565e-02,1.343375295400619507e-01,-1.843541264533996582e-01,1.137067556381225586e+00,4.232633113861083984e-01,-3.507302701473236084e-01,1.117286682128906250e-01,1.694495230913162231e-01,7.215687036514282227e-01,3.499999940395355225e-01,-1.762784719467163086e-01,-5.954300761222839355e-01,-1.312568932771682739e-01,-7.007173299789428711e-01,2.531577348709106445e-01,7.461241632699966431e-02,-4.363632574677467346e-02
3.084725141525268555e-01,-3.602514863014221191e-01,6.840025782585144043e-01,1.400451809167861938e-01,4.167259857058525085e-02,-5.563345551490783691e-01,8.180113434791564941e-01,0.000000000000000000e+00,0.000000000000000000e+00,1.200157105922698975e-01,-1.446685791015625000e-01,3.196997046470642090e-01,-1.057814002037048340e+00,-7.392437011003494263e-02,1.770453304052352905e-01,-2.095635831356048584e-01,1.138751029968261719e+00,2.833972275257110596e-01,-3.907751441001892090e-01,1.726786643266677856e-01,1.742360144853591919e-01,8.083178400993347168e-01,3.499999940395355225e-01,-9.766940027475357056e-02,-6.524172425270080566e-01,-9.645061939954757690e-02,-6.131616830825805664e-01,3.850748836994171143e-01,-6.963612139225006104e-02,-1.093489751219749451e-01
3.083402812480926514e-01,-3.760953545570373535e-01,6.721683740615844727e-01,1.483016610145568848e-01,4.126557707786560059e-02,-5.616719126701354980e-01,8.129135370254516602e-01,0.000000000000000000e+00,0.000000000000000000e+00,1.044453233480453491e-01,-2.496771961450576782e-01,2.764792740345001221e-01,-1.009773612022399902e+00,-1.337254941463470459e-01,2.385506778955459595e-01,-2.865326702594757080e-01,1.169416904449462891e+00,1.689806580543518066e-01,-4.793935418128967285e-01,2.250518947839736938e-01,8.532860130071640015e-02,9.276463985443115234e-01,3.482909500598907471e-01,5.073568783700466156e-03,-6.896638870239257812e-01,-6.650971621274948120e-02,-5.553251504898071289e-01,4.962637424468994141e-01,-2.529379427433013916e-01,-1.894530355930328369e-01
3.077373802661895752e-01,-3.896633088588714600e-01,6.605497598648071289e-01,1.469968259334564209e-01,3.196239098906517029e-02,-5.655092000961303711e-01,8.109067082405090332e-01,0.000000000000000000e+00,0.000000000000000000e+00,1.415791958570480347e-01,-3.422579765319824219e-01,2.339455634355545044e-01,-9.558115005493164062e-01,-1.737127453088760376e-01,2.885208725929260254e-01,-3.489870429039001465e-01,1.240478873252868652e+00,7.361238449811935425e-02,-5.919960737228393555e-01,2.414176911115646362e-01,3.571244655176997185e-03,1.078058123588562012e+00,2.345426380634307861e-01,1.105817332863807678e-01,-7.069480419158935547e-01,-2.027799002826213837e-02,-5.021577477455139160e-01,5.869778990745544434e-01,-3.685463368892669678e-01,-2.398048192262649536e-01
3.063489794731140137e-01,-4.045408964157104492e-01,6.504663228988647461e-01,1.508572846651077271e-01,2.788053080439567566e-02,-5.695126056671142578e-01,8.075395822525024414e-01,0.000000000000000000e+00,0.000000000000000000e+00,1.880398541688919067e-01,-4.292641282081604004e-01,1.883197426795959473e-01,-9.111471176147460938e-01,-2.224114686250686646e-01,3.297412693500518799e-01,-3.943983614444732666e-01,1.365667700767517090e+00,-1.292552892118692398e-02,-7.239449024200439453e-01,2.157129347324371338e-01,-5.238524079322814941e-02,1.195586562156677246e+00,1.447053253650665283e-01,1.812354624271392822e-01,-7.232336997985839844e-01,3.958442434668540955e-02,-4.384529888629913330e-01,6.345734596252441406e-01,-4.435613453388214111e-01,-2.606668174266815186e-01
3.024236559867858887e-01,-4.170435070991516113e-01,6.482219099998474121e-01,1.502490937709808350e-01,1.279141753911972046e-02,-5.728422999382019043e-01,8.056756854057312012e-01,0.000000000000000000e+00,0.000000000000000000e+00,2.944274246692657471e-01,-5.288689732551574707e-01,1.630349606275558472e-01,-9.049544334411621094e-01,-2.324478030204772949e-01,3.857888579368591309e-01,-4.332156479358673096e-01,1.536963582038879395e+00,-9.986852109432220459e-02,-8.080245852470397949e-01,1.539696007966995239e-01,-9.329888969659805298e-02,1.255070328712463379e+00,1.096361055970191956e-01,2.264275699853897095e-01,-6.563112139701843262e-01,9.523113816976547241e-02,-3.997263312339782715e-01,5.791262984275817871e-01,-4.473473727703094482e-01,-2.446509301662445068e-01
2.994403541088104248e-01,-4.341052472591400146e-01,6.574602127075195312e-01,1.593647003173828125e-01,1.544126123189926147e-02,-5.727007985115051270e-01,8.039765357971191406e-01,0.000000000000000000e+00,0.000000000000000000e+00,4.187874197959899902e-01,-6.380736827850341797e-01,1.734488606452941895e-01,-9.924948811531066895e-01,-2.767739593982696533e-01,4.742870330810546875e-01,-4.691269695758819580e-01,1.772201299667358398e+00,-1.846611946821212769e-01,-9.095154404640197754e-01,6.340716034173965454e-02,-1.436369717121124268e-01,1.296210408210754395e+00,9.199816733598709106e-02,2.386396080255508423e-01,-5.899901390075683594e-01,1.531789600849151611e-01,-3.545537590980529785e-01,4.566198587417602539e-01,-3.871063888072967529e-01,-1.801490783691406250e-01
2.952035069465637207e-01,-4.505477547645568848e-01,6.676200628280639648e-01,1.659370809793472290e-01,1.446194853633642197e-02,-5.706923007965087891e-01,8.040933012962341309e-01,0.000000000000000000e+00,0.000000000000000000e+00,5.244224071502685547e-01,-7.133852839469909668e-01,2.055111825466156006e-01,-1.051089882850646973e+00,-2.984551787376403809e-01,5.319735407829284668e-01,-4.622171521186828613e-01,1.931662201881408691e+00,-2.593144178390502930e-01,-9.659139513969421387e-01,-9.571485221385955811e-03,-1.699769496917724609e-01,1.288152217864990234e+00,9.778868407011032104e-02,2.306284159421920776e-01,-5.165172815322875977e-01,1.967783421277999878e-01,-2.888819575309753418e-01,3.423617482185363770e-01,-3.115231394767761230e-01,-1.242520362138748169e-01
2.905148863792419434e-01,-4.680169522762298584e-01,6.767048239707946777e-01,1.753500252962112427e-01,1.513917371630668640e-02,-5.719325542449951172e-01,8.011968135833740234e-01,0.000000000000000000e+00,0.000000000000000000e+00,6.003224849700927734e-01,-7.723629474639892578e-01,2.357241213321685791e-01,-1.096209168434143066e+00,-3.181670606136322021e-01,5.651382803916931152e-01,-4.210439920425415039e-01,2.059381484985351562e+00,-2.830333709716796875e-01,-1.004405975341796875e+00,-9.508700668811798096e-02,-1.955878138542175293e-01,1.235066652297973633e+00,1.132585257291793823e-01,2.176223546266555786e-01,-4.741671979427337646e-01,2.000000029802322388e-01,-2.637442946434020996e-01,2.824442088603973389e-01,-2.501740753650665283e-01,-6.949196010828018188e-02
2.841201424598693848e-01,-4.853244423866271973e-01,6.841878294944763184e-01,1.811424344778060913e-01,1.289036683738231659e-02,-5.721171498298645020e-01,7.998144626617431641e-01,0.000000000000000000e+00,0.000000000000000000e+00,6.760694980621337891e-01,-8.159377574920654297e-01,2.712689638137817383e-01,-1.145722270011901855e+00,-3.179798722267150879e-01,5.760003328323364258e-01,-3.606373369693756104e-01,2.147661685943603516e+00,-3.064349591732025146e-01,-1.022409081459045410e+00,-1.660303771495819092e-01,-2.084026038646697998e-01,1.144582033157348633e+00,1.351407021284103394e-01,2.039839774370193481e-01,-4.259099662303924561e-01,2.000000029802322388e-01,-2.529746592044830322e-01,2.303851991891860962e-01,-1.942727714776992798e-01,-2.606106922030448914e-02
2.752758562564849854e-01,-5.027623772621154785e-01,6.894875764846801758e-01,1.868178099393844604e-01,4.562209825962781906e-03,-5.723533630371093750e-01,7.984296679496765137e-01,0.000000000000000000e+00,0.000000000000000000e+00,7.590590119361877441e-01,-8.673676252365112305e-01,3.306697607040405273e-01,-1.204624891281127930e+00,-2.939877510070800781e-01,5.635798573493957520e-01,-2.876909971237182617e-01,2.202425241470336914e+00,-3.713197410106658936e-01,-1.027114748954772949e+00,-2.000000029802322388e-01,-1.664001494646072388e-01,1.013189196586608887e+00,1.516824215650558472e-01,1.863159239292144775e-01,-3.695541918277740479e-01,2.000000029802322388e-01,-2.182681262493133545e-01,1.938133537769317627e-01,-1.512812972068786621e-01,3.409478114917874336e-03
2.639903724193572998e-01,-5.184954404830932617e-01,6.928145885467529297e-01,1.830025315284729004e-01,-1.294758170843124390e-02,-5.710020661354064941e-01,8.001868724822998047e-01,0.000000000000000000e+00,0.000000000000000000e+00,8.265048265457153320e-01,-9.029431939125061035e-01,3.631646931171417236e-01,-1.258257389068603516e+00,-2.385499328374862671e-01,5.318467020988464355e-01,-2.281970232725143433e-01,2.218911170959472656e+00,-4.914386570453643799e-01,-1.005705595016479492e+00,-2.000000029802322388e-01,-9.709761291742324829e-02,8.646205067634582520e-01,1.449808925390243530e-01,1.649204194545745850e-01,-2.996603250503540039e-01,2.000000029802322388e-01,-1.542802900075912476e-01,1.686758399009704590e-01,-9.213449060916900635e-02,3.104769065976142883e-02
2.507793009281158447e-01,-5.346642732620239258e-01,6.849653720855712891e-01,1.753220707178115845e-01,-3.202283754944801331e-02,-5.699576139450073242e-01,8.021128773689270020e-01,0.000000000000000000e+00,0.000000000000000000e+00,8.689006567001342773e-01,-9.738028645515441895e-01,3.718748390674591064e-01,-1.302446007728576660e+00,-1.957346200942993164e-01,5.134488344192504883e-01,-1.750548332929611206e-01,2.240876197814941406e+00,-6.285132765769958496e-01,-9.516353607177734375e-01,-2.000000029802322388e-01,2.141300588846206665e-02,6.531454920768737793e-01,1.382810771465301514e-01,1.263513863086700439e-01,-2.113574594259262085e-01,2.000000029802322388e-01,-7.877864688634872437e-02,1.507591605186462402e-01,-1.077335923910140991e-01,4.284000769257545471e-02
2.357804179191589355e-01,-5.504628419876098633e-01,6.739256381988525391e-01,1.565492302179336548e-01,-5.026096105575561523e-02,-5.624767541885375977e-01,8.102999925613403320e-01,0.000000000000000000e+00,0.000000000000000000e+00,8.961474895477294922e-01,-1.029922127723693848e+00,3.436205685138702393e-01,-1.342871904373168945e+00,-1.513166576623916626e-01,5.168759226799011230e-01,-1.297503709793090820e-01,2.240226268768310547e+00,-7.732027173042297363e-01,-8.873336911201477051e-01,-2.000000029802322388e-01,1.387944370508193970e-01,4.755530059337615967e-01,1.231874600052833557e-01,8.533601462841033936e-02,-9.444642066955566406e-02,2.000000029802322388e-01,1.314446423202753067e-02,1.153535991907119751e-01,-8.982870727777481079e-02,4.914279282093048096e-02
2.206419110298156738e-01,-5.664877891540527344e-01,6.590517163276672363e-01,1.346213221549987793e-01,-5.957629904150962830e-02,-5.592808723449707031e-01,8.158018589019775391e-01,0.000000000000000000e+00,0.000000000000000000e+00,8.844407200813293457e-01,-1.106213092803955078e+00,3.035469055175781250e-01,-1.374506711959838867e+00,-1.110200732946395874e-01,5.539798140525817871e-01,-7.595433294773101807e-02,2.221165418624877930e+00,-8.939898610115051270e-01,-8.180563449859619141e-01,-1.993641704320907593e-01,2.459080070257186890e-01,3.568856418132781982e-01,9.135337173938751221e-02,6.761418282985687256e-02,2.490751259028911591e-02,2.000000029802322388e-01,9.224325418472290039e-02,9.595574438571929932e-02,-8.625866472721099854e-02,5.673767253756523132e-02
2.054698616266250610e-01,-5.833321213722229004e-01,6.493163108825683594e-01,1.179597750306129456e-01,-5.872581526637077332e-02,-5.607921481132507324e-01,8.174037933349609375e-01,0.000000000000000000e+00,0.000000000000000000e+00,8.426931500434875488e-01,-1.158279180526733398e+00,2.593210339546203613e-01,-1.399805903434753418e+00,-8.106895536184310913e-02,5.887494087219238281e-01,-2.868967875838279724e-02,2.199839830398559570e+00,-9.456649422645568848e-01,-7.612170577049255371e-01,-1.879540979862213135e-01,3.238144814968109131e-01,3.074915409088134766e-01,5.141969770193099976e-02,7.382784783840179443e-02,1.062592715024948120e-01,2.000000029802322388e-01,1.433618366718292236e-01,9.384430199861526489e-02,-2.667039632797241211e-02,9.025228023529052734e-02
1.894914507865905762e-01,-5.986439585685729980e-01,6.394800543785095215e-01,9.644018113613128662e-02,-5.379059538245201111e-02,-5.672925710678100586e-01,8.160790205001831055e-01,0.000000000000000000e+00,0.000000000000000000e+00,7.835450768470764160e-01,-1.196459889411926270e+00,2.145139425992965698e-01,-1.422948598861694336e+00,-3.992074355483055115e-02,6.703839302062988281e-01,2.670041657984256744e-02,2.138365745544433594e+00,-1.031422376632690430e+00,-6.757175922393798828e-01,-1.348469853401184082e-01,4.024143517017364502e-01,3.138353824615478516e-01,-1.352952606976032257e-02,1.149687767028808594e-01,1.897093206644058228e-01,2.000000029802322388e-01,2.100312113761901855e-01,1.150084137916564941e-01,4.068551585078239441e-02,1.047922447323799133e-01
1.715914011001586914e-01,-6.148706078529357910e-01,6.330376267433166504e-01,8.028151839971542358e-02,-4.498587548732757568e-02,-5.768704414367675781e-01,8.116351366043090820e-01,0.000000000000000000e+00,0.000000000000000000e+00,6.956561207771301270e-01,-1.222548007965087891e+00,1.915583014488220215e-01,-1.443706512451171875e+00,-2.060057409107685089e-02,7.826559543609619141e-01,8.129090070724487305e-02,2.038366079330444336e+00,-1.076602816581726074e+00,-6.073319315910339355e-01,-7.819137722253799438e-02,4.298726916313171387e-01,3.857194185256958008e-01,-1.138404905796051025e-01,1.769960820674896240e-01,2.310071736574172974e-01,2.000000029802322388e-01,2.482021003961563110e-01,1.729736477136611938e-01,1.133707761764526367e-01,1.419405490159988403e-01
1.491007059812545776e-01,-6.339294314384460449e-01,6.339538097381591797e-01,8.872185647487640381e-02,-4.178748652338981628e-02,-5.981743335723876953e-01,7.953425049781799316e-01,0.000000000000000000e+00,0.000000000000000000e+00,5.827186107635498047e-01,-1.244408130645751953e+00,2.214764505624771118e-01,-1.455331087112426758e+00,-2.491028420627117157e-02,8.696631193161010742e-01,1.512786746025085449e-01,1.888957738876342773e+00,-1.003031611442565918e+00,-6.127085089683532715e-01,-7.452896982431411743e-02,3.582164049148559570e-01,4.906380772590637207e-01,-1.777066737413406372e-01,2.213932722806930542e-01,1.464130729436874390e-01,2.000000029802322388e-01,1.525678038597106934e-01,3.581162691116333008e-01,1.809123605489730835e-01,1.706046015024185181e-01
1.243088990449905396e-01,-6.569936871528625488e-01,6.346083283424377441e-01,1.225134283304214478e-01,-2.615571953356266022e-02,-6.189309954643249512e-01,7.753906846046447754e-01,0.000000000000000000e+00,0.000000000000000000e+00,4.377894401550292969e-01,-1.273934483528137207e+00,2.723262012004852295e-01,-1.490949153900146484e+00,-3.505921363830566406e-02,8.860778212547302246e-01,1.902675926685333252e-01,1.833627581596374512e+00,-7.431073188781738281e-01,-6.614665985107421875e-01,-1.626305878162384033e-01,1.584273427724838257e-01,5.339488387107849121e-01,-1.863945424556732178e-01,2.536866366863250732e-01,-8.600740134716033936e-02,2.000000029802322388e-01,-1.316656321287155151e-01,6.401216983795166016e-01,1.645659059286117554e-01,1.536059081554412842e-01
1.039055883884429932e-01,-6.808549165725708008e-01,6.360265016555786133e-01,1.386079043149948120e-01,1.560051273554563522e-02,-6.504337191581726074e-01,7.466461062431335449e-01,0.000000000000000000e+00,0.000000000000000000e+00,2.679525911808013916e-01,-1.207065224647521973e+00,3.242872059345245361e-01,-1.567277669906616211e+00,-8.450276404619216919e-02,9.183930754661560059e-01,2.203959673643112183e-01,1.823656439781188965e+00,-4.976904988288879395e-01,-7.016319036483764648e-01,-1.856818497180938721e-01,-4.201229289174079895e-02,6.016939282417297363e-01,-1.882338225841522217e-01,2.419011145830154419e-01,-3.166311085224151611e-01,2.000000029802322388e-01,-3.322376012802124023e-01,8.621426224708557129e-01,1.465202271938323975e-01,1.212159097194671631e-01
8.183388411998748779e-02,-7.028694748878479004e-01,6.366443634033203125e-01,1.399638354778289795e-01,4.746291413903236389e-02,-6.754423975944519043e-01,7.224506735801696777e-01,0.000000000000000000e+00,0.000000000000000000e+00,1.473836004734039307e-01,-1.097237944602966309e+00,3.667837679386138916e-01,-1.654521226882934570e+00,-1.229434385895729065e-01,9.504455327987670898e-01,2.681087255477905273e-01,1.818644165992736816e+00,-3.988351821899414062e-01,-7.115923166275024414e-01,-1.320452243089675903e-01,-1.343608945608139038e-01,6.699122190475463867e-01,-2.244335711002349854e-01,2.139083743095397949e-01,-4.935677647590637207e-01,2.000000029802322388e-01,-3.515037000179290771e-01,1.019038081169128418e+00,1.267801076173782349e-01,6.347173452377319336e-02
6.101246550679206848e-02,-7.257454395294189453e-01,6.379692554473876953e-01,1.493778526782989502e-01,7.536946237087249756e-02,-7.061414718627929688e-01,6.880188584327697754e-01,0.000000000000000000e+00,0.000000000000000000e+00,4.422595351934432983e-02,-9.399408698081970215e-01,3.363686203956604004e-01,-1.822903990745544434e+00,-1.907502114772796631e-01,9.410311579704284668e-01,3.466133177280426025e-01,1.855961322784423828e+00,-2.847361266613006592e-01,-7.480447292327880859e-01,-8.675958961248397827e-02,-1.921283006668090820e-01,7.482647299766540527e-01,-2.659985423088073730e-01,1.882210373878479004e-01,-7.951143383979797363e-01,1.223284900188446045e-01,-3.580012321472167969e-01,1.298496961593627930e+00,1.296521537005901337e-02,2.213447168469429016e-02
3.252771869301795959e-02,-7.425937056541442871e-01,6.443201303482055664e-01,1.595315337181091309e-01,6.299144029617309570e-02,-7.282696962356567383e-01,6.634794473648071289e-01,0.000000000000000000e+00,0.000000000000000000e+00,2.566697075963020325e-02,-8.783859610557556152e-01,3.252664208412170410e-01,-1.927510380744934082e+00,-1.164191514253616333e-01,8.894369602203369141e-01,3.540579974651336670e-01,1.891501188278198242e+00,-2.117742151021957397e-01,-6.615569591522216797e-01,-7.312806695699691772e-02,-1.943816393613815308e-01,6.576753854751586914e-01,-2.149302363395690918e-01,1.438554823398590088e-01,-9.413526654243469238e-01,3.006875701248645782e-02,-3.220792710781097412e-01,1.413905858993530273e+00,-3.133824467658996582e-02,-1.848818734288215637e-02
5.979086272418498993e-03,-7.615458369255065918e-01,6.575660705566406250e-01,1.714710593223571777e-01,6.226027011871337891e-02,-7.463570833206176758e-01,6.400566101074218750e-01,0.000000000000000000e+00,0.000000000000000000e+00,1.636195182800292969e-02,-8.553233742713928223e-01,2.685230374336242676e-01,-1.994276165962219238e+00,-7.224153261631727219e-03,8.415983915328979492e-01,3.411770462989807129e-01,1.894558787345886230e+00,-1.469636708498001099e-01,-5.415071845054626465e-01,-3.816731646656990051e-02,-1.759623736143112183e-01,5.026399493217468262e-01,-1.494040936231613159e-01,1.216195002198219299e-01,-1.071932554244995117e+00,-5.663362890481948853e-02,-2.595822513103485107e-01,1.470010757446289062e+00,-6.856743991374969482e-02,-4.416609928011894226e-02
-2.087039500474929810e-02,-7.788380384445190430e-01,6.649575233459472656e-01,1.841588318347930908e-01,5.389741063117980957e-02,-7.611826658248901367e-01,6.195010542869567871e-01,0.000000000000000000e+00,0.000000000000000000e+00,1.743909716606140137e-02,-8.417395353317260742e-01,2.257702648639678955e-01,-2.016336917877197266e+00,7.726600021123886108e-02,8.269381523132324219e-01,3.132752180099487305e-01,1.870052218437194824e+00,-9.739183634519577026e-02,-4.175319671630859375e-01,-1.778904348611831665e-02,-1.478903740644454956e-01,3.612891733646392822e-01,-3.990987688302993774e-02,7.368917763233184814e-02,-1.155419111251831055e+00,-1.093870624899864197e-01,-2.138614207506179810e-01,1.486323356628417969e+00,-8.128167688846588135e-02,-5.088481307029724121e-02
-4.350723326206207275e-02,-7.959558963775634766e-01,6.715658903121948242e-01,1.884726136922836304e-01,5.451256409287452698e-02,-7.801759243011474609e-01,5.939966440200805664e-01,0.000000000000000000e+00,0.000000000000000000e+00,2.376534603536128998e-02,-8.249625563621520996e-01,1.682854741811752319e-01,-2.032400608062744141e+00,1.564106941223144531e-01,8.323053717613220215e-01,2.724573016166687012e-01,1.819083690643310547e+00,-5.449609085917472839e-02,-2.919301688671112061e-01,7.864221930503845215e-03,-1.312781572341918945e-01,2.492461502552032471e-01,1.050395742058753967e-01,3.002157807350158691e-02,-1.238118886947631836e+00,-1.524602025747299194e-01,-1.484887748956680298e-01,1.470465302467346191e+00,-1.257969737052917480e-01,-5.082447081804275513e-02
-6.787949800491333008e-02,-8.120158910751342773e-01,6.763481497764587402e-01,1.954737603664398193e-01,4.791935533285140991e-02,-7.885507345199584961e-01,5.811037421226501465e-01,0.000000000000000000e+00,0.000000000000000000e+00,2.491447143256664276e-02,-8.208506703376770020e-01,1.445834934711456299e-01,-2.032508373260498047e+00,2.070995867252349854e-01,8.330982327461242676e-01,2.471442967653274536e-01,1.769765615463256836e+00,-2.828826941549777985e-02,-2.219618558883666992e-01,1.955551467835903168e-02,-9.904172271490097046e-02,2.010332345962524414e-01,1.870720535516738892e-01,-8.603805676102638245e-03,-1.267270684242248535e+00,-1.852735131978988647e-01,-1.186899095773696899e-01,1.413045644760131836e+00,-1.271263360977172852e-01,-4.222300648689270020e-02
-9.087347239255905151e-02,-8.281369209289550781e-01,6.789168715476989746e-01,2.009692788124084473e-01,4.441633448004722595e-02,-7.966433763504028320e-01,5.683290362358093262e-01,0.000000000000000000e+00,0.000000000000000000e+00,3.162154927849769592e-02,-8.216560482978820801e-01,1.296287775039672852e-01,-2.015682220458984375e+00,2.422755211591720581e-01,8.444837927818298340e-01,2.158693075180053711e-01,1.715870499610900879e+00,-6.913602817803621292e-03,-1.706795692443847656e-01,3.018675185739994049e-02,-6.543190777301788330e-02,1.901983767747879028e-01,2.347641736268997192e-01,-3.027907945215702057e-02,-1.268196940422058105e+00,-2.223494946956634521e-01,-1.023592650890350342e-01,1.308782935142517090e+00,-1.388830393552780151e-01,-3.580793738365173340e-02
-1.111122816801071167e-01,-8.411765098571777344e-01,6.784192323684692383e-01,1.883301138877868652e-01,3.871361538767814636e-02,-8.023304343223571777e-01,5.650653839111328125e-01,0.000000000000000000e+00,0.000000000000000000e+00,5.903364345431327820e-02,-8.203404545783996582e-01,1.224719285964965820e-01,-1.993715524673461914e+00,2.918114662170410156e-01,8.688448071479797363e-01,1.988066136837005615e-01,1.677338242530822754e+00,1.471248082816600800e-02,-1.073407381772994995e-01,5.172609910368919373e-02,-3.925569355487823486e-02,1.735020428895950317e-01,2.444062829017639160e-01,-4.759394377470016479e-02,-1.201442241668701172e+00,-2.592251896858215332e-01,-1.245867386460304260e-01,1.172819972038269043e+00,-1.153963059186935425e-01,-3.284680843353271484e-02
-1.322392225265502930e-01,-8.566174507141113281e-01,6.744658350944519043e-01,1.894780695438385010e-01,3.639400750398635864e-02,-8.089970350265502930e-01,5.552452802658081055e-01,0.000000000000000000e+00,0.000000000000000000e+00,6.208223849534988403e-02,-8.327703475952148438e-01,1.144803017377853394e-01,-1.964833378791809082e+00,3.026633262634277344e-01,8.753002882003784180e-01,1.590052992105484009e-01,1.635623693466186523e+00,2.701527625322341919e-02,-8.110743016004562378e-02,5.937657877802848816e-02,-1.472708489745855331e-02,1.954521387815475464e-01,2.253672182559967041e-01,-4.282891005277633667e-02,-1.178973793983459473e+00,-2.957837283611297607e-01,-1.109178140759468079e-01,1.031888604164123535e+00,-1.251328736543655396e-01,-9.286421351134777069e-03
-1.512521058320999146e-01,-8.701833486557006836e-01,6.685274839401245117e-01,1.801687031984329224e-01,3.279967233538627625e-02,-8.159629702568054199e-01,5.483318567276000977e-01,0.000000000000000000e+00,0.000000000000000000e+00,1.058999896049499512e-01,-8.278039693832397461e-01,1.109216734766960144e-01,-1.946746349334716797e+00,3.200544416904449463e-01,8.923155665397644043e-01,1.324236094951629639e-01,1.622629642486572266e+00,6.242092698812484741e-02,-4.069083929061889648e-02,7.342887669801712036e-02,-3.557467134669423103e-04,2.062886506319046021e-01,2.166058570146560669e-01,-4.439143463969230652e-02,-1.119641304016113281e+00,-3.327804505825042725e-01,-1.281530559062957764e-01,8.809239268302917480e-01,-9.816027432680130005e-02,1.712221652269363403e-02
-1.703601330518722534e-01,-8.850545287132263184e-01,6.633427739143371582e-01,1.805589199066162109e-01,2.993301860988140106e-02,-8.281883001327514648e-01,5.297231674194335938e-01,0.000000000000000000e+00,0.000000000000000000e+00,1.257650554180145264e-01,-8.461381196975708008e-01,1.362232714891433716e-01,-1.891916513442993164e+00,2.995412349700927734e-01,9.008666872978210449e-01,8.846397697925567627e-02,1.583566427230834961e+00,7.842557132244110107e-02,-2.956498228013515472e-02,8.022747933864593506e-02,2.653028443455696106e-02,2.560277879238128662e-01,1.871813982725143433e-01,-4.061970859766006470e-02,-1.093198537826538086e+00,-3.450242280960083008e-01,-1.007859334349632263e-01,6.867954730987548828e-01,-9.824871271848678589e-02,5.403163656592369080e-02
-1.883983463048934937e-01,-8.992172479629516602e-01,6.616455912590026855e-01,1.778078973293304443e-01,2.729018777608871460e-02,-8.401348590850830078e-01,5.116766691207885742e-01,0.000000000000000000e+00,0.000000000000000000e+00,1.817767024040222168e-01,-8.603022098541259766e-01,1.382758319377899170e-01,-1.841501474380493164e+00,2.930495440959930420e-01,9.071938991546630859e-01,5.439535528421401978e-02,1.567658305168151855e+00,1.229652687907218933e-01,-7.074192631989717484e-03,8.493402600288391113e-02,2.770209126174449921e-02,2.782952189445495605e-01,1.982086598873138428e-01,-5.123067274689674377e-02,-1.037523508071899414e+00,-3.686996996402740479e-01,-1.216161847114562988e-01,5.129666924476623535e-01,-6.559958308935165405e-02,8.658076077699661255e-02
-2.040399312973022461e-01,-9.114527106285095215e-01,6.633498668670654297e-01,1.671648174524307251e-01,2.155703119933605194e-02,-8.563625812530517578e-01,4.880925714969635010e-01,0.000000000000000000e+00,0.000000000000000000e+00,2.199729233980178833e-01,-8.937007784843444824e-01,1.950642913579940796e-01,-1.713924288749694824e+00,2.519775032997131348e-01,9.185982942581176758e-01,2.217407710850238800e-02,1.501930236816406250e+00,1.590633541345596313e-01,1.966629363596439362e-02,9.025840461254119873e-02,4.962147772312164307e-02,3.018551170825958252e-01,1.747379451990127563e-01,-6.572155654430389404e-02,-9.573708772659301758e-01,-3.667208254337310791e-01,-1.523858159780502319e-01,2.755332887172698975e-01,-3.295395150780677795e-02,1.429013758897781372e-01
-2.222656905651092529e-01,-9.243954420089721680e-01,6.639575958251953125e-01,1.703780889511108398e-01,1.660172268748283386e-02,-8.655787110328674316e-01,4.706051051616668701e-01,0.000000000000000000e+00,0.000000000000000000e+00,2.425152361392974854e-01,-9.296529293060302734e-01,2.226025015115737915e-01,-1.594164013862609863e+00,2.097148746252059937e-01,9.146446585655212402e-01,7.533408701419830322e-03,1.460938453674316406e+00,1.820660531520843506e-01,2.649922296404838562e-02,8.951809257268905640e-02,7.071249186992645264e-02,3.430063724517822266e-01,1.846555471420288086e-01,-7.265722006559371948e-02,-9.239118695259094238e-01,-3.674176633358001709e-01,-1.753782033920288086e-01,1.840522736310958862e-01,1.154855079948902130e-02,1.649541407823562622e-01
-2.372854948043823242e-01,-9.375278353691101074e-01,6.643983721733093262e-01,1.650230735540390015e-01,2.114470675587654114e-02,-8.740592002868652344e-01,4.564436376094818115e-01,0.000000000000000000e+00,0.000000000000000000e+00,2.767245173454284668e-01,-9.874114394187927246e-01,2.320507317781448364e-01,-1.436461567878723145e+00,1.670412868261337280e-01,9.092602729797363281e-01,3.445790708065032959e-02,1.402935385704040527e+00,2.141622155904769897e-01,3.853690251708030701e-02,1.035705655813217163e-01,7.233098894357681274e-02,3.994976580142974854e-01,1.877688169479370117e-01,-6.572507321834564209e-02,-8.658731579780578613e-01,-3.759478330612182617e-01,-2.183818817138671875e-01,1.494669765233993530e-01,4.516376182436943054e-02,1.654603332281112671e-01
-2.531494200229644775e-01,-9.453694820404052734e-01,6.620518565177917480e-01,1.602230817079544067e-01,8.065112866461277008e-03,-8.782556056976318359e-01,4.504781663417816162e-01,0.000000000000000000e+00,0.000000000000000000e+00,3.054104745388031006e-01,-1.021043658256530762e+00,2.207041978836059570e-01,-1.326852321624755859e+00,1.405284553766250610e-01,9.190713167190551758e-01,3.347313404083251953e-02,1.377316951751708984e+00,2.212126851081848145e-01,4.408254474401473999e-02,1.184968650341033936e-01,7.321380823850631714e-02,4.704100787639617920e-01,2.178624719381332397e-01,-5.754411220550537109e-02,-8.186797499656677246e-01,-3.734132349491119385e-01,-2.605676054954528809e-01,1.442681998014450073e-01,4.623196646571159363e-02,1.583637893199920654e-01
-2.653018236160278320e-01,-9.545988440513610840e-01,6.585331559181213379e-01,1.503227949142456055e-01,1.415688730776309967e-02,-8.773001432418823242e-01,4.555733501911163330e-01,0.000000000000000000e+00,0.000000000000000000e+00,3.242844343185424805e-01,-1.064899444580078125e+00,1.575008481740951538e-01,-1.232207059860229492e+00,1.039021983742713928e-01,9.231395125389099121e-01,3.321462497115135193e-02,1.350479722023010254e+00,1.987599283456802368e-01,2.135243639349937439e-02,1.330412924289703369e-01,7.609513401985168457e-02,6.055131554603576660e-01,2.197938859462738037e-01,-3.753018379211425781e-02,-7.902625799179077148e-01,-3.580850362777709961e-01,-2.981068789958953857e-01,1.750532090663909912e-01,3.986083902418613434e-03,1.321935355663299561e-01
-2.768954932689666748e-01,-9.603520631790161133e-01,6.558328270912170410e-01,1.426586657762527466e-01,9.636982344090938568e-03,-8.743911981582641602e-01,4.636762738227844238e-01,0.000000000000000000e+00,0.000000000000000000e+00,3.743711411952972412e-01,-1.082768321037292480e+00,1.094621047377586365e-01,-1.198051929473876953e+00,1.215114220976829529e-01,9.240829348564147949e-01,1.639672182500362396e-02,1.355353116989135742e+00,1.980736851692199707e-01,1.090964395552873611e-02,1.460072994232177734e-01,5.919749662280082703e-02,6.693428754806518555e-01,2.384938597679138184e-01,-2.838792093098163605e-02,-7.271311879158020020e-01,-3.549418747425079346e-01,-3.512836396694183350e-01,1.582137346267700195e-01,-1.826481707394123077e-02,1.164911836385726929e-01
-2.745501399040222168e-01,-9.591277241706848145e-01,6.544486880302429199e-01,1.322188079357147217e-01,9.597277268767356873e-03,-8.754980564117431641e-01,4.646818637847900391e-01,0.000000000000000000e+00,0.000000000000000000e+00,3.655796051025390625e-01,-1.091245532035827637e+00,9.437108784914016724e-02,-1.140188097953796387e+00,1.254472136497497559e-01,9.444710016250610352e-01,8.322888053953647614e-03,1.287094116210937500e+00,2.053565829992294312e-01,7.254634983837604523e-03,1.384069770574569702e-01,3.536649048328399658e-02,6.151329874992370605e-01,2.366088330745697021e-01,-2.676648832857608795e-02,-6.766429543495178223e-01,-3.356423974037170410e-01,-3.545260429382324219e-01,1.455404460430145264e-01,-1.383090950548648834e-02,1.088477373123168945e-01
-2.723674178123474121e-01,-9.579031467437744141e-01,6.529675722122192383e-01,1.220395863056182861e-01,9.352351538836956024e-03,-8.762284517288208008e-01,4.660929441452026367e-01,0.000000000000000000e+00,0.000000000000000000e+00,3.477776646614074707e-01,-1.099947690963745117e+00,8.871096372604370117e-02,-1.070730566978454590e+00,1.214406341314315796e-01,9.647035002708435059e-01,6.228806450963020325e-03,1.205919027328491211e+00,2.058034092187881470e-01,6.841144058853387833e-03,1.300058364868164062e-01,1.805211231112480164e-02,5.586457252502441406e-01,2.353389114141464233e-01,-2.479081973433494568e-02,-6.298594474792480469e-01,-3.121152818202972412e-01,-3.512040376663208008e-01,1.330951005220413208e-01,-8.547578938305377960e-03,1.005806773900985718e-01
-2.702564597129821777e-01,-9.567083120346069336e-01,6.514003276824951172e-01,1.119735315442085266e-01,9.111826308071613312e-03,-8.767800927162170410e-01,4.675848186016082764e-01,0.000000000000000000e+00,0.000000000000000000e+00,3.274477124214172363e-01,-1.108696460723876953e+00,8.474515378475189209e-02,-9.979315400123596191e-01,1.153658330440521240e-01,9.849375486373901367e-01,5.858858115971088409e-03,1.121770977973937988e+00,2.033075839281082153e-01,6.036752834916114807e-03,1.213310658931732178e-01,3.563571954146027565e-03,5.046527981758117676e-01,2.325193434953689575e-01,-2.249644324183464050e-02,-5.853510499000549316e-01,-2.867164313793182373e-01,-3.442319035530090332e-01,1.212631762027740479e-01,-3.065492026507854462e-03,9.197553247213363647e-02
-2.682151198387145996e-01,-9.555422663688659668e-01,6.497648358345031738e-01,1.019915342330932617e-01,8.849910460412502289e-03,-8.771953582763671875e-01,4.690923988819122314e-01,0.000000000000000000e+00,0.000000000000000000e+00,3.063480556011199951e-01,-1.117506742477416992e+00,8.062269538640975952e-02,-9.241660237312316895e-01,1.088207513093948364e-01,1.005135536193847656e+00,5.792730487883090973e-03,1.036918401718139648e+00,1.987710744142532349e-01,4.277831409126520157e-03,1.123104467988014221e-01,-8.942682296037673950e-03,4.538075625896453857e-01,2.279592901468276978e-01,-1.989987865090370178e-02,-5.425232052803039551e-01,-2.602595984935760498e-01,-3.342856168746948242e-01,1.100346073508262634e-01,2.530589466914534569e-03,8.315769582986831665e-02
-2.662536501884460449e-01,-9.544024467468261719e-01,6.480799317359924316e-01,9.209915250539779663e-02,8.530747145414352417e-03,-8.774856328964233398e-01,4.705995619297027588e-01,0.000000000000000000e+00,0.000000000000000000e+00,2.849394679069519043e-01,-1.126414656639099121e+00,7.593674212694168091e-02,-8.500537276268005371e-01,1.022177487611770630e-01,1.025230526924133301e+00,5.656077526509761810e-03,9.519104361534118652e-01,1.923347562551498413e-01,1.485763932578265667e-03,1.028322651982307434e-01,-1.953949779272079468e-02,4.061608612537384033e-01,2.216684520244598389e-01,-1.698811352252960205e-02,-5.010902285575866699e-01,-2.331270873546600342e-01,-3.214472532272338867e-01,9.935678541660308838e-02,8.261936716735363007e-03,7.417161017656326294e-02
-2.662149667739868164e-01,-9.562525153160095215e-01,6.473238468170166016e-01,9.738568216562271118e-02,1.644758321344852448e-02,-8.761808276176452637e-01,4.717549383640289307e-01,0.000000000000000000e+00,0.000000000000000000e+00,1.958872377872467041e-01,-1.127235651016235352e+00,7.974380999803543091e-02,-7.413909435272216797e-01,3.029742464423179626e-02,1.034819841384887695e+00,2.689020335674285889e-02,8.409563899040222168e-01,1.272313892841339111e-01,-5.436049774289131165e-02,8.749372512102127075e-02,2.933525480329990387e-02,4.189556837081909180e-01,1.707460880279541016e-01,-1.358280144631862640e-02,-5.368347764015197754e-01,-1.873073130846023560e-01,-2.368779331445693970e-01,1.231691166758537292e-01,9.717240929603576660e-03,6.135486066341400146e-02
-2.643366456031799316e-01,-9.548985362052917480e-01,6.456513404846191406e-01,8.665179461240768433e-02,1.506260875612497330e-02,-8.764765262603759766e-01,4.733429253101348877e-01,0.000000000000000000e+00,0.000000000000000000e+00,1.786558628082275391e-01,-1.136979579925537109e+00,7.352590560913085938e-02,-6.684949398040771484e-01,2.832651138305664062e-02,1.054141640663146973e+00,2.456957101821899414e-02,7.565505504608154297e-01,1.185745224356651306e-01,-5.489724874496459961e-02,7.706697285175323486e-02,2.153354883193969727e-02,3.726992309093475342e-01,1.641945689916610718e-01,-9.651591069996356964e-03,-4.906946718692779541e-01,-1.620188653469085693e-01,-2.211837768554687500e-01,1.100774258375167847e-01,1.693354174494743347e-02,5.262996256351470947e-02
-2.625447213649749756e-01,-9.535338282585144043e-01,6.439812183380126953e-01,7.593411952257156372e-02,1.349629834294319153e-02,-8.766604661941528320e-01,4.748876392841339111e-01,0.000000000000000000e+00,0.000000000000000000e+00,1.627613455057144165e-01,-1.146800994873046875e+00,6.581082195043563843e-02,-5.974515676498413086e-01,2.791209891438484192e-02,1.073274731636047363e+00,2.112272568047046661e-02,6.742223501205444336e-01,1.108990758657455444e-01,-5.605845525860786438e-02,6.605667620897293091e-02,1.278733555227518082e-02,3.277538716793060303e-01,1.576845645904541016e-01,-5.532367154955863953e-03,-4.441815316677093506e-01,-1.379335373640060425e-01,-2.054462879896163940e-01,9.712031483650207520e-02,2.407629229128360748e-02,4.397270828485488892e-02
-2.608556747436523438e-01,-9.521830677986145020e-01,6.423109173774719238e-01,6.537146121263504028e-02,1.182556618005037308e-02,-8.766835331916809082e-01,4.764584600925445557e-01,0.000000000000000000e+00,0.000000000000000000e+00,1.452695280313491821e-01,-1.156679272651672363e+00,5.852902308106422424e-02,-5.240925550460815430e-01,2.620286867022514343e-02,1.092243194580078125e+00,1.855334825813770294e-02,5.900117754936218262e-01,1.007442325353622437e-01,-5.797432363033294678e-02,5.459470674395561218e-02,6.766946520656347275e-03,2.852645814418792725e-01,1.494040489196777344e-01,-1.087792566977441311e-03,-3.987045884132385254e-01,-1.137145757675170898e-01,-1.863325387239456177e-01,8.454962074756622314e-02,3.160579502582550049e-02,3.517234325408935547e-02
-2.592628300189971924e-01,-9.508258700370788574e-01,6.406632065773010254e-01,5.490648746490478516e-02,9.992329403758049011e-03,-8.765653371810913086e-01,4.780362248420715332e-01,0.000000000000000000e+00,0.000000000000000000e+00,1.276441365480422974e-01,-1.166621327400207520e+00,5.082196742296218872e-02,-4.504697620868682861e-01,2.461001835763454437e-02,1.111001729965209961e+00,1.588728651404380798e-02,5.058577060699462891e-01,8.955202251672744751e-02,-6.033426150679588318e-02,4.258205741643905640e-02,2.022810745984315872e-03,2.442020773887634277e-01,1.404139548540115356e-01,3.646215423941612244e-03,-3.535582125186920166e-01,-9.027239680290222168e-02,-1.652851551771163940e-01,7.237950712442398071e-02,3.927277401089668274e-02,2.633850462734699249e-02
-2.577631175518035889e-01,-9.494554400444030762e-01,6.390517950057983398e-01,4.454011842608451843e-02,7.987154647707939148e-03,-8.763043880462646484e-01,4.796279370784759521e-01,0.000000000000000000e+00,0.000000000000000000e+00,1.099774837493896484e-01,-1.176618933677673340e+00,4.268939420580863953e-02,-3.766893148422241211e-01,2.321051433682441711e-02,1.129535198211669922e+00,1.308245118707418442e-02,4.218571782112121582e-01,7.744795083999633789e-02,-6.303522735834121704e-02,3.000417351722717285e-02,-1.536405179649591446e-03,2.042510062456130981e-01,1.308734118938446045e-01,8.673257194459438324e-03,-3.086160719394683838e-01,-6.785596162080764771e-02,-1.425021886825561523e-01,6.061522290110588074e-02,4.706604033708572388e-02,1.749201677739620209e-02
-2.563517093658447266e-01,-9.480656385421752930e-01,6.374886035919189453e-01,3.427530080080032349e-02,5.805766675621271133e-03,-8.758975863456726074e-01,4.812430739402770996e-01,0.000000000000000000e+00,0.000000000000000000e+00,9.228912740945816040e-02,-1.186662077903747559e+00,3.418540954589843750e-02,-3.027566671371459961e-01,2.200791053473949432e-02,1.147832989692687988e+00,1.015187706798315048e-02,3.380084633827209473e-01,6.448731571435928345e-02,-6.595498323440551758e-02,1.686179265379905701e-02,-3.932620398700237274e-03,1.650745123624801636e-01,1.209254562854766846e-01,1.399969030171632767e-02,-2.637997865676879883e-01,-4.666340723633766174e-02,-1.181285902857780457e-01,4.926408082246780396e-02,5.498614162206649780e-02,8.650746196508407593e-03
-2.550220787525177002e-01,-9.466503858566284180e-01,6.359834074974060059e-01,2.411401271820068359e-02,3.447628580033779144e-03,-8.753411173820495605e-01,4.828918874263763428e-01,0.000000000000000000e+00,0.000000000000000000e+00,7.459601014852523804e-02,-1.196737289428710938e+00,2.536785416305065155e-02,-2.286748886108398438e-01,2.100082486867904663e-02,1.165888071060180664e+00,7.111496292054653168e-03,2.543051242828369141e-01,5.073210969567298889e-02,-6.895865499973297119e-02,3.167333081364631653e-03,-5.200896877795457840e-03,1.263078302145004272e-01,1.107221469283103943e-01,1.963043957948684692e-02,-2.190478593111038208e-01,-2.686923556029796600e-02,-9.233047068119049072e-02,3.833072260022163391e-02,6.303210556507110596e-02,-1.662177237449213862e-04
-2.537660598754882812e-01,-9.452040195465087891e-01,6.345438957214355469e-01,1.405690982937812805e-02,9.158247266896069050e-04,-8.746306896209716797e-01,4.845850765705108643e-01,0.000000000000000000e+00,0.000000000000000000e+00,5.691608786582946777e-02,-1.206828951835632324e+00,1.629596203565597534e-02,-1.544492989778518677e-01,2.018685825169086456e-02,1.183696508407592773e+00,3.977521322667598724e-03,1.707405298948287964e-01,3.625471144914627075e-02,-7.190068811178207397e-02,-1.105599105358123779e-02,-5.394386127591133118e-03,8.756474405527114868e-02,1.004235595464706421e-01,2.556816488504409790e-02,-1.743141114711761475e-01,-8.621292188763618469e-03,-6.529709696769714355e-02,2.781490609049797058e-02,7.120077311992645264e-02,-8.938336744904518127e-03
-2.525742650032043457e-01,-9.437216520309448242e-01,6.331750750541687012e-01,4.102680832147598267e-03,-1.782258972525596619e-03,-8.737618923187255859e-01,4.863334000110626221e-01,0.000000000000000000e+00,0.000000000000000000e+00,3.926855698227882385e-02,-1.216917991638183594e+00,7.030372973531484604e-03,-8.008739352226257324e-02,1.956337690353393555e-02,1.201260209083557129e+00,7.662502466700971127e-04,8.730804175138473511e-02,2.113729715347290039e-02,-7.462559640407562256e-02,-2.577425725758075714e-02,-4.584455862641334534e-03,4.844408109784126282e-02,9.019505977630615234e-02,3.181347623467445374e-02,-1.295664161443710327e-01,7.966306060552597046e-03,-3.723823651671409607e-02,1.770868152379989624e-02,7.948737591505050659e-02,-1.764503307640552521e-02
-2.514365911483764648e-01,-9.421993494033813477e-01,6.318789720535278320e-01,-5.751655437052249908e-03,-4.635531455278396606e-03,-8.727299571037292480e-01,4.881474077701568604e-01,0.000000000000000000e+00,0.000000000000000000e+00,2.167358808219432831e-02,-1.226982474327087402e+00,-2.366771921515464783e-03,-5.598501767963171005e-03,1.912780851125717163e-02,1.218584418296813965e+00,-2.506000455468893051e-03,4.001123365014791489e-03,5.471408367156982422e-03,-7.697048038244247437e-02,-4.094525054097175598e-02,-2.860713750123977661e-03,8.537903428077697754e-03,8.020476251840591431e-02,3.836414217948913574e-02,-8.478431403636932373e-02,2.281475812196731567e-02,-8.380035869777202606e-03,7.995134219527244568e-03,8.788455277681350708e-02,-2.626570500433444977e-02
-2.514380812644958496e-01,-9.421963691711425781e-01,6.318787932395935059e-01,-5.745515227317810059e-03,-4.641802981495857239e-03,-8.727228641510009766e-01,4.881600439548492432e-01,0.000000000000000000e+00,0.000000000000000000e+00,2.116198092699050903e-02,-1.227055668830871582e+00,-2.109230961650609970e-03,-4.720598924905061722e-03,1.855798624455928802e-02,1.218615770339965820e+00,-2.241394016891717911e-03,3.012423869222402573e-03,4.630188923329114914e-03,-7.691342383623123169e-02,-4.089543968439102173e-02,-1.997787039726972580e-03,8.621567860245704651e-03,7.996112108230590820e-02,3.834492340683937073e-02,-8.474266529083251953e-02,2.287426963448524475e-02,-7.511248812079429626e-03,7.669148966670036316e-03,8.832553774118423462e-02,-2.625965513288974762e-02
-2.514382600784301758e-01,-9.421963095664978027e-01,6.318788528442382812e-01,-5.744389723986387253e-03,-4.641713108867406845e-03,-8.727220892906188965e-01,4.881614744663238525e-01,0.000000000000000000e+00,0.000000000000000000e+00,2.111587673425674438e-02,-1.227056026458740234e+00,-2.080552512779831886e-03,-4.650269635021686554e-03,1.850734092295169830e-02,1.218614816665649414e+00,-2.213614527136087418e-03,2.932786475867033005e-03,4.544252064079046249e-03,-7.690698653459548950e-02,-4.088951274752616882e-02,-1.909308135509490967e-03,8.626104332506656647e-03,7.994028180837631226e-02,3.834540396928787231e-02,-8.475194871425628662e-02,2.288096025586128235e-02,-7.422719150781631470e-03,7.658227346837520599e-03,8.835171163082122803e-02,-2.625914104282855988e-02
-2.514382898807525635e-01,-9.421963095664978027e-01,6.318789124488830566e-01,-5.744282621890306473e-03,-4.641702398657798767e-03,-8.727220296859741211e-01,4.881616234779357910e-01,0.000000000000000000e+00,0.000000000000000000e+00,2.111192792654037476e-02,-1.227056026458740234e+00,-2.077976940199732780e-03,-4.644335247576236725e-03,1.850304752588272095e-02,1.218614816665649414e+00,-2.211220096796751022e-03,2.926084911450743675e-03,4.535592626780271530e-03,-7.690627127885818481e-02,-4.088890552520751953e-02,-1.900394563563168049e-03,8.626462891697883606e-03,7.993824779987335205e-02,3.834546729922294617e-02,-8.475320041179656982e-02,2.288164012134075165e-02,-7.413803599774837494e-03,7.657748647034168243e-03,8.835385739803314209e-02,-2.625908702611923218e-02
-2.514382898807525635e-01,-9.421963095664978027e-01,6.318789124488830566e-01,-5.744272377341985703e-03,-4.641701467335224152e-03,-8.727219700813293457e-01,4.881616234779357910e-01,0.000000000000000000e+00,0.000000000000000000e+00,2.111158892512321472e-02,-1.227056026458740234e+00,-2.077752491459250450e-03,-4.643831402063369751e-03,1.850268431007862091e-02,1.218614816665649414e+00,-2.211020095273852348e-03,2.925517968833446503e-03,4.534723237156867981e-03,-7.690619677305221558e-02,-4.088884592056274414e-02,-1.899499795399606228e-03,8.626496419310569763e-03,7.993804663419723511e-02,3.834547474980354309e-02,-8.475333452224731445e-02,2.288170903921127319e-02,-7.412908598780632019e-03,7.657716982066631317e-03,8.835405856370925903e-02,-2.625908143818378448e-02
-2.514382898807525635e-01,-9.421963095664978027e-01,6.318789124488830566e-01,-5.744271911680698395e-03,-4.641701467335224152e-03,-8.727219700813293457e-01,4.881616234779357910e-01,0.000000000000000000e+00,0.000000000000000000e+00,2.111156098544597626e-02,-1.227056026458740234e+00,-2.077732933685183525e-03,-4.643788095563650131e-03,1.850265450775623322e-02,1.218614816665649414e+00,-2.211003564298152924e-03,2.925470005720853806e-03,4.534635692834854126e-03,-7.690618932247161865e-02,-4.088883846998214722e-02,-1.899410039186477661e-03,8.626500144600868225e-03,7.993802428245544434e-02,3.834547474980354309e-02,-8.475334942340850830e-02,2.288171648979187012e-02,-7.412818726152181625e-03,7.657714188098907471e-03,8.835407346487045288e-02,-2.625908143818378448e-02
-2.514382898807525635e-01,-9.421963095664978027e-01,6.318789124488830566e-01,-5.744271446019411087e-03,-4.641701467335224152e-03,-8.727219700813293457e-01,4.881616234779357910e-01,0.000000000000000000e+00,0.000000000000000000e+00,2.111155726015567780e-02,-1.227056026458740234e+00,-2.077731303870677948e-03,-4.643784835934638977e-03,1.850265078246593475e-02,1.218614816665649414e+00,-2.211002400144934654e-03,2.925465814769268036e-03,4.534627310931682587e-03,-7.690618932247161865e-02,-4.088883846998214722e-02,-1.899400958791375160e-03,8.626500144600868225e-03,7.993802428245544434e-02,3.834547474980354309e-02,-8.475334942340850830e-02,2.288171648979187012e-02,-7.412809878587722778e-03,7.657714188098907471e-03,8.835408091545104980e-02,-2.625908143818378448e-02
-2.514382898807525635e-01,-9.421963095664978027e-01,6.318789124488830566e-01,-5.744271446019411087e-03,-4.641701467335224152e-03,-8.727219700813293457e-01,4.881616234779357910e-01,0.000000000000000000e+00,0.000000000000000000e+00,2.111155726015567780e-02,-1.227056026458740234e+00,-2.077731071040034294e-03,-4.643784370273351669e-03,1.850265078246593475e-02,1.218614816665649414e+00,-2.211002167314291000e-03,2.925465581938624382e-03,4.534626379609107971e-03,-7.690618932247161865e-02,-4.088883846998214722e-02,-1.899400143884122372e-03,8.626500144600868225e-03,7.993802428245544434e-02,3.834547474980354309e-02,-8.475334942340850830e-02,2.288171648979187012e-02,-7.412808947265148163e-03,7.657714188098907471e-03,8.835408091545104980e-02,-2.625908143818378448e-02
-2.514382898807525635e-01,-9.421963095664978027e-01,6.318789124488830566e-01,-5.744271446019411087e-03,-4.641701467335224152e-03,-8.727219700813293457e-01,4.881616234779357910e-01,0.000000000000000000e+00,0.000000000000000000e+00,2.111155726015567780e-02,-1.227056026458740234e+00,-2.077731071040034294e-03,-4.643784370273351669e-03,1.850265078246593475e-02,1.218614816665649414e+00,-2.211002167314291000e-03,2.925465581938624382e-03,4.534626379609107971e-03,-7.690618932247161865e-02,-4.088883846998214722e-02,-1.899400027468800545e-03,8.626500144600868225e-03,7.993802428245544434e-02,3.834547474980354309e-02,-8.475334942340850830e-02,2.288171648979187012e-02,-7.412808947265148163e-03,7.657714188098907471e-03,8.835408091545104980e-02,-2.625908143818378448e-02
-2.514382898807525635e-01,-9.421963095664978027e-01,6.318789124488830566e-01,-5.744271446019411087e-03,-4.641701467335224152e-03,-8.727219700813293457e-01,4.881616234779357910e-01,0.000000000000000000e+00,0.000000000000000000e+00,2.111155726015567780e-02,-1.227056026458740234e+00,-2.077731071040034294e-03,-4.643784370273351669e-03,1.850265078246593475e-02,1.218614816665649414e+00,-2.211002167314291000e-03,2.925465581938624382e-03,4.534625913947820663e-03,-7.690618932247161865e-02,-4.088883846998214722e-02,-1.899400027468800545e-03,8.626500144600868225e-03,7.993802428245544434e-02,3.834547474980354309e-02,-8.475334942340850830e-02,2.288171648979187012e-02,-7.412808947265148163e-03,7.657714188098907471e-03,8.835408091545104980e-02,-2.625908143818378448e-02
-2.514382898807525635e-01,-9.421963095664978027e-01,6.318789124488830566e-01,-5.744271446019411087e-03,-4.641701467335224152e-03,-8.727219700813293457e-01,4.881616234779357910e-01,0.000000000000000000e+00,0.000000000000000000e+00,2.111155726015567780e-02,-1.227056026458740234e+00,-2.077731071040034294e-03,-4.643784370273351669e-03,1.850265078246593475e-02,1.218614816665649414e+00,-2.211002167314291000e-03,2.925465581938624382e-03,4.534626379609107971e-03,-7.690618932247161865e-02,-4.088883846998214722e-02,-1.899400027468800545e-03,8.626500144600868225e-03,7.993802428245544434e-02,3.834547474980354309e-02,-8.475334942340850830e-02,2.288171648979187012e-02,-7.412808947265148163e-03,7.657714188098907471e-03,8.835408091545104980e-02,-2.625908143818378448e-02
-2.514382898807525635e-01,-9.421963095664978027e-01,6.318789124488830566e-01,-5.744271446019411087e-03,-4.641701467335224152e-03,-8.727219700813293457e-01,4.881616234779357910e-01,0.000000000000000000e+00,0.000000000000000000e+00,2.111155726015567780e-02,-1.227056026458740234e+00,-2.077731071040034294e-03,-4.643784370273351669e-03,1.850265078246593475e-02,1.218614816665649414e+00,-2.211002167314291000e-03,2.925465581938624382e-03,4.534626379609107971e-03,-7.690618932247161865e-02,-4.088883846998214722e-02,-1.899400027468800545e-03,8.626500144600868225e-03,7.993802428245544434e-02,3.834547474980354309e-02,-8.475334942340850830e-02,2.288171648979187012e-02,-7.412808947265148163e-03,7.657714188098907471e-03,8.835408091545104980e-02,-2.625908143818378448e-02
-2.514382898807525635e-01,-9.421963095664978027e-01,6.318789124488830566e-01,-5.744271446019411087e-03,-4.641701467335224152e-03,-8.727219700813293457e-01,4.881616234779357910e-01,0.000000000000000000e+00,0.000000000000000000e+00,2.111155726015567780e-02,-1.227056026458740234e+00,-2.077731071040034294e-03,-4.643784370273351669e-03,1.850265078246593475e-02,1.218614816665649414e+00,-2.211002167314291000e-03,2.925465581938624382e-03,4.534626379609107971e-03,-7.690618932247161865e-02,-4.088883846998214722e-02,-1.899400027468800545e-03,8.626500144600868225e-03,7.993802428245544434e-02,3.834547474980354309e-02,-8.475334942340850830e-02,2.288171648979187012e-02,-7.412808947265148163e-03,7.657714188098907471e-03,8.835408091545104980e-02,-2.625908143818378448e-02
-2.514382898807525635e-01,-9.421963095664978027e-01,6.318789124488830566e-01,-5.744271446019411087e-03,-4.641701467335224152e-03,-8.727219700813293457e-01,4.881616234779357910e-01,0.000000000000000000e+00,0.000000000000000000e+00,2.111155726015567780e-02,-1.227056026458740234e+00,-2.077731071040034294e-03,-4.643784370273351669e-03,1.850265078246593475e-02,1.218614816665649414e+00,-2.211002167314291000e-03,2.925465581938624382e-03,4.534626379609107971e-03,-7.690618932247161865e-02,-4.088883846998214722e-02,-1.899400027468800545e-03,8.626500144600868225e-03,7.993802428245544434e-02,3.834547474980354309e-02,-8.475334942340850830e-02,2.288171648979187012e-02,-7.412808947265148163e-03,7.657714188098907471e-03,8.835408091545104980e-02,-2.625908143818378448e-02
-2.514382898807525635e-01,-9.421963095664978027e-01,6.318789124488830566e-01,-5.744271446019411087e-03,-4.641701467335224152e-03,-8.727219700813293457e-01,4.881616234779357910e-01,0.000000000000000000e+00,0.000000000000000000e+00,2.111155726015567780e-02,-1.227056026458740234e+00,-2.077731071040034294e-03,-4.643784370273351669e-03,1.850265078246593475e-02,1.218614816665649414e+00,-2.211002167314291000e-03,2.925465581938624382e-03,4.534626379609107971e-03,-7.690618932247161865e-02,-4.088883846998214722e-02,-1.899400027468800545e-03,8.626500144600868225e-03,7.993802428245544434e-02,3.834547474980354309e-02,-8.475334942340850830e-02,2.288171648979187012e-02,-7.412808947265148163e-03,7.657714188098907471e-03,8.835408091545104980e-02,-2.625908143818378448e-02
-2.514382898807525635e-01,-9.421963095664978027e-01,6.318789124488830566e-01,-5.744271446019411087e-03,-4.641701467335224152e-03,-8.727219700813293457e-01,4.881616234779357910e-01,0.000000000000000000e+00,0.000000000000000000e+00,2.111155726015567780e-02,-1.227056026458740234e+00,-2.077731071040034294e-03,-4.643784370273351669e-03,1.850265078246593475e-02,1.218614816665649414e+00,-2.211002167314291000e-03,2.925465581938624382e-03,4.534626379609107971e-03,-7.690618932247161865e-02,-4.088883846998214722e-02,-1.899400027468800545e-03,8.626500144600868225e-03,7.993802428245544434e-02,3.834547474980354309e-02,-8.475334942340850830e-02,2.288171648979187012e-02,-7.412808947265148163e-03,7.657714188098907471e-03,8.835408091545104980e-02,-2.625908143818378448e-02
-2.514382898807525635e-01,-9.421963095664978027e-01,6.318789124488830566e-01,-5.744271446019411087e-03,-4.641701467335224152e-03,-8.727219700813293457e-01,4.881616234779357910e-01,0.000000000000000000e+00,0.000000000000000000e+00,2.111155726015567780e-02,-1.227056026458740234e+00,-2.077731071040034294e-03,-4.643784370273351669e-03,1.850265078246593475e-02,1.218614816665649414e+00,-2.211002167314291000e-03,2.925465581938624382e-03,4.534626379609107971e-03,-7.690618932247161865e-02,-4.088883846998214722e-02,-1.899400027468800545e-03,8.626500144600868225e-03,7.993802428245544434e-02,3.834547474980354309e-02,-8.475334942340850830e-02,2.288171648979187012e-02,-7.412808947265148163e-03,7.657714188098907471e-03,8.835408091545104980e-02,-2.625908143818378448e-02
-2.514382898807525635e-01,-9.421963095664978027e-01,6.318789124488830566e-01,-5.744271446019411087e-03,-4.641701467335224152e-03,-8.727219700813293457e-01,4.881616234779357910e-01,0.000000000000000000e+00,0.000000000000000000e+00,2.111155726015567780e-02,-1.227056026458740234e+00,-2.077731071040034294e-03,-4.643784370273351669e-03,1.850265078246593475e-02,1.218614816665649414e+00,-2.211002167314291000e-03,2.925465581938624382e-03,4.534626379609107971e-03,-7.690618932247161865e-02,-4.088883846998214722e-02,-1.899400027468800545e-03,8.626500144600868225e-03,7.993802428245544434e-02,3.834547474980354309e-02,-8.475334942340850830e-02,2.288171648979187012e-02,-7.412808947265148163e-03,7.657714188098907471e-03,8.835408091545104980e-02,-2.625908143818378448e-02
-2.514382898807525635e-01,-9.421963095664978027e-01,6.318789124488830566e-01,-5.744271446019411087e-03,-4.641701467335224152e-03,-8.727219700813293457e-01,4.881616234779357910e-01,0.000000000000000000e+00,0.000000000000000000e+00,2.111155726015567780e-02,-1.227056026458740234e+00,-2.077731071040034294e-03,-4.643784370273351669e-03,1.850265078246593475e-02,1.218614816665649414e+00,-2.211002167314291000e-03,2.925465581938624382e-03,4.534626379609107971e-03,-7.690618932247161865e-02,-4.088883846998214722e-02,-1.899400027468800545e-03,8.626500144600868225e-03,7.993802428245544434e-02,3.834547474980354309e-02,-8.475334942340850830e-02,2.288171648979187012e-02,-7.412808947265148163e-03,7.657714188098907471e-03,8.835408091545104980e-02,-2.625908143818378448e-02
-2.514382898807525635e-01,-9.421963095664978027e-01,6.318789124488830566e-01,-5.744271446019411087e-03,-4.641701467335224152e-03,-8.727219700813293457e-01,4.881616234779357910e-01,0.000000000000000000e+00,0.000000000000000000e+00,2.111155726015567780e-02,-1.227056026458740234e+00,-2.077731071040034294e-03,-4.643784370273351669e-03,1.850265078246593475e-02,1.218614816665649414e+00,-2.211002167314291000e-03,2.925465581938624382e-03,4.534626379609107971e-03,-7.690618932247161865e-02,-4.088883846998214722e-02,-1.899400027468800545e-03,8.626500144600868225e-03,7.993802428245544434e-02,3.834547474980354309e-02,-8.475334942340850830e-02,2.288171648979187012e-02,-7.412808947265148163e-03,7.657714188098907471e-03,8.835408091545104980e-02,-2.625908143818378448e-02
-2.514382898807525635e-01,-9.421963095664978027e-01,6.318789124488830566e-01,-5.744271446019411087e-03,-4.641701467335224152e-03,-8.727219700813293457e-01,4.881616234779357910e-01,0.000000000000000000e+00,0.000000000000000000e+00,2.111155726015567780e-02,-1.227056026458740234e+00,-2.077731071040034294e-03,-4.643784370273351669e-03,1.850265078246593475e-02,1.218614816665649414e+00,-2.211002167314291000e-03,2.925465581938624382e-03,4.534626379609107971e-03,-7.690618932247161865e-02,-4.088883846998214722e-02,-1.899400027468800545e-03,8.626500144600868225e-03,7.993802428245544434e-02,3.834547474980354309e-02,-8.475334942340850830e-02,2.288171648979187012e-02,-7.412808947265148163e-03,7.657714188098907471e-03,8.835408091545104980e-02,-2.625908143818378448e-02
-2.514382898807525635e-01,-9.421963095664978027e-01,6.318789124488830566e-01,-5.744271446019411087e-03,-4.641701467335224152e-03,-8.727219700813293457e-01,4.881616234779357910e-01,0.000000000000000000e+00,0.000000000000000000e+00,2.111155726015567780e-02,-1.227056026458740234e+00,-2.077731071040034294e-03,-4.643784370273351669e-03,1.850265078246593475e-02,1.218614816665649414e+00,-2.211002167314291000e-03,2.925465581938624382e-03,4.534626379609107971e-03,-7.690618932247161865e-02,-4.088883846998214722e-02,-1.899400027468800545e-03,8.626500144600868225e-03,7.993802428245544434e-02,3.834547474980354309e-02,-8.475334942340850830e-02,2.288171648979187012e-02,-7.412808947265148163e-03,7.657714188098907471e-03,8.835408091545104980e-02,-2.625908143818378448e-02
-2.514382898807525635e-01,-9.421963095664978027e-01,6.318789124488830566e-01,-5.744271446019411087e-03,-4.641701467335224152e-03,-8.727219700813293457e-01,4.881616234779357910e-01,0.000000000000000000e+00,0.000000000000000000e+00,2.111155726015567780e-02,-1.227056026458740234e+00,-2.077731071040034294e-03,-4.643784370273351669e-03,1.850265078246593475e-02,1.218614816665649414e+00,-2.211002167314291000e-03,2.925465581938624382e-03,4.534626379609107971e-03,-7.690618932247161865e-02,-4.088883846998214722e-02,-1.899400027468800545e-03,8.626500144600868225e-03,7.993802428245544434e-02,3.834547474980354309e-02,-8.475334942340850830e-02,2.288171648979187012e-02,-7.412808947265148163e-03,7.657714188098907471e-03,8.835408091545104980e-02,-2.625908143818378448e-02
-2.514382898807525635e-01,-9.421963095664978027e-01,6.318789124488830566e-01,-5.744271446019411087e-03,-4.641701467335224152e-03,-8.727219700813293457e-01,4.881616234779357910e-01,0.000000000000000000e+00,0.000000000000000000e+00,2.111155726015567780e-02,-1.227056026458740234e+00,-2.077731071040034294e-03,-4.643784370273351669e-03,1.850265078246593475e-02,1.218614816665649414e+00,-2.211002167314291000e-03,2.925465581938624382e-03,4.534626379609107971e-03,-7.690618932247161865e-02,-4.088883846998214722e-02,-1.899400027468800545e-03,8.626500144600868225e-03,7.993802428245544434e-02,3.834547474980354309e-02,-8.475334942340850830e-02,2.288171648979187012e-02,-7.412808947265148163e-03,7.657714188098907471e-03,8.835408091545104980e-02,-2.625908143818378448e-02
-2.514382898807525635e-01,-9.421963095664978027e-01,6.318789124488830566e-01,-5.744271446019411087e-03,-4.641701467335224152e-03,-8.727219700813293457e-01,4.881616234779357910e-01,0.000000000000000000e+00,0.000000000000000000e+00,2.111155726015567780e-02,-1.227056026458740234e+00,-2.077731071040034294e-03,-4.643784370273351669e-03,1.850265078246593475e-02,1.218614816665649414e+00,-2.211002167314291000e-03,2.925465581938624382e-03,4.534626379609107971e-03,-7.690618932247161865e-02,-4.088883846998214722e-02,-1.899400027468800545e-03,8.626500144600868225e-03,7.993802428245544434e-02,3.834547474980354309e-02,-8.475334942340850830e-02,2.288171648979187012e-02,-7.412808947265148163e-03,7.657714188098907471e-03,8.835408091545104980e-02,-2.625908143818378448e-02
-2.514382898807525635e-01,-9.421963095664978027e-01,6.318789124488830566e-01,-5.744271446019411087e-03,-4.641701467335224152e-03,-8.727219700813293457e-01,4.881616234779357910e-01,0.000000000000000000e+00,0.000000000000000000e+00,2.111155726015567780e-02,-1.227056026458740234e+00,-2.077731071040034294e-03,-4.643784370273351669e-03,1.850265078246593475e-02,1.218614816665649414e+00,-2.211002167314291000e-03,2.925465581938624382e-03,4.534626379609107971e-03,-7.690618932247161865e-02,-4.088883846998214722e-02,-1.899400027468800545e-03,8.626500144600868225e-03,7.993802428245544434e-02,3.834547474980354309e-02,-8.475334942340850830e-02,2.288171648979187012e-02,-7.412808947265148163e-03,7.657714188098907471e-03,8.835408091545104980e-02,-2.625908143818378448e-02
-2.514382898807525635e-01,-9.421963095664978027e-01,6.318789124488830566e-01,-5.744271446019411087e-03,-4.641701467335224152e-03,-8.727219700813293457e-01,4.881616234779357910e-01,0.000000000000000000e+00,0.000000000000000000e+00,2.111155726015567780e-02,-1.227056026458740234e+00,-2.077731071040034294e-03,-4.643784370273351669e-03,1.850265078246593475e-02,1.218614816665649414e+00,-2.211002167314291000e-03,2.925465581938624382e-03,4.534625913947820663e-03,-7.690618932247161865e-02,-4.088883846998214722e-02,-1.899400027468800545e-03,8.626500144600868225e-03,7.993802428245544434e-02,3.834547474980354309e-02,-8.475334942340850830e-02,2.288171648979187012e-02,-7.412808947265148163e-03,7.657714188098907471e-03,8.835408091545104980e-02,-2.625908143818378448e-02
-2.514382898807525635e-01,-9.421963095664978027e-01,6.318789124488830566e-01,-5.744271446019411087e-03,-4.641701467335224152e-03,-8.727219700813293457e-01,4.881616234779357910e-01,0.000000000000000000e+00,0.000000000000000000e+00,2.111155726015567780e-02,-1.227056026458740234e+00,-2.077731071040034294e-03,-4.643784370273351669e-03,1.850265078246593475e-02,1.218614816665649414e+00,-2.211002167314291000e-03,2.925465581938624382e-03,4.534625913947820663e-03,-7.690618932247161865e-02,-4.088883846998214722e-02,-1.899400027468800545e-03,8.626500144600868225e-03,7.993802428245544434e-02,3.834547474980354309e-02,-8.475334942340850830e-02,2.288171648979187012e-02,-7.412808947265148163e-03,7.657714188098907471e-03,8.835408091545104980e-02,-2.625908143818378448e-02
-2.514382898807525635e-01,-9.421963095664978027e-01,6.318789124488830566e-01,-5.744271446019411087e-03,-4.641701467335224152e-03,-8.727219700813293457e-01,4.881616234779357910e-01,0.000000000000000000e+00,0.000000000000000000e+00,2.111155726015567780e-02,-1.227056026458740234e+00,-2.077731071040034294e-03,-4.643784370273351669e-03,1.850265078246593475e-02,1.218614816665649414e+00,-2.211002167314291000e-03,2.925465581938624382e-03,4.534626379609107971e-03,-7.690618932247161865e-02,-4.088883846998214722e-02,-1.899400027468800545e-03,8.626500144600868225e-03,7.993802428245544434e-02,3.834547474980354309e-02,-8.475334942340850830e-02,2.288171648979187012e-02,-7.412808947265148163e-03,7.657714188098907471e-03,8.835408091545104980e-02,-2.625908143818378448e-02
-2.514382898807525635e-01,-9.421963095664978027e-01,6.318789124488830566e-01,-5.744271446019411087e-03,-4.641701467335224152e-03,-8.727219700813293457e-01,4.881616234779357910e-01,0.000000000000000000e+00,0.000000000000000000e+00,2.111155726015567780e-02,-1.227056026458740234e+00,-2.077731071040034294e-03,-4.643784370273351669e-03,1.850265078246593475e-02,1.218614816665649414e+00,-2.211002167314291000e-03,2.925465581938624382e-03,4.534626379609107971e-03,-7.690618932247161865e-02,-4.088883846998214722e-02,-1.899400027468800545e-03,8.626500144600868225e-03,7.993802428245544434e-02,3.834547474980354309e-02,-8.475334942340850830e-02,2.288171648979187012e-02,-7.412808947265148163e-03,7.657714188098907471e-03,8.835408091545104980e-02,-2.625908143818378448e-02
-2.514382898807525635e-01,-9.421963095664978027e-01,6.318789124488830566e-01,-5.744271446019411087e-03,-4.641701467335224152e-03,-8.727219700813293457e-01,4.881616234779357910e-01,0.000000000000000000e+00,0.000000000000000000e+00,2.111155726015567780e-02,-1.227056026458740234e+00,-2.077731071040034294e-03,-4.643784370273351669e-03,1.850265078246593475e-02,1.218614816665649414e+00,-2.211002167314291000e-03,2.925465581938624382e-03,4.534626379609107971e-03,-7.690618932247161865e-02,-4.088883846998214722e-02,-1.899400027468800545e-03,8.626500144600868225e-03,7.993802428245544434e-02,3.834547474980354309e-02,-8.475334942340850830e-02,2.288171648979187012e-02,-7.412808947265148163e-03,7.657714188098907471e-03,8.835408091545104980e-02,-2.625908143818378448e-02
-2.514382898807525635e-01,-9.421963095664978027e-01,6.318789124488830566e-01,-5.744271446019411087e-03,-4.641701467335224152e-03,-8.727219700813293457e-01,4.881616234779357910e-01,0.000000000000000000e+00,0.000000000000000000e+00,2.111155726015567780e-02,-1.227056026458740234e+00,-2.077731071040034294e-03,-4.643784370273351669e-03,1.850265078246593475e-02,1.218614816665649414e+00,-2.211002167314291000e-03,2.925465581938624382e-03,4.534626379609107971e-03,-7.690618932247161865e-02,-4.088883846998214722e-02,-1.899400027468800545e-03,8.626500144600868225e-03,7.993802428245544434e-02,3.834547474980354309e-02,-8.475334942340850830e-02,2.288171648979187012e-02,-7.412808947265148163e-03,7.657714188098907471e-03,8.835408091545104980e-02,-2.625908143818378448e-02
-2.514382898807525635e-01,-9.421963095664978027e-01,6.318789124488830566e-01,-5.744271446019411087e-03,-4.641701467335224152e-03,-8.727219700813293457e-01,4.881616234779357910e-01,0.000000000000000000e+00,0.000000000000000000e+00,2.111155726015567780e-02,-1.227056026458740234e+00,-2.077731071040034294e-03,-4.643784370273351669e-03,1.850265078246593475e-02,1.218614816665649414e+00,-2.211002167314291000e-03,2.925465581938624382e-03,4.534626379609107971e-03,-7.690618932247161865e-02,-4.088883846998214722e-02,-1.899400027468800545e-03,8.626500144600868225e-03,7.993802428245544434e-02,3.834547474980354309e-02,-8.475334942340850830e-02,2.288171648979187012e-02,-7.412808947265148163e-03,7.657714188098907471e-03,8.835408091545104980e-02,-2.625908143818378448e-02
-2.514382898807525635e-01,-9.421963095664978027e-01,6.318789124488830566e-01,-5.744271446019411087e-03,-4.641701467335224152e-03,-8.727219700813293457e-01,4.881616234779357910e-01,0.000000000000000000e+00,0.000000000000000000e+00,2.111155726015567780e-02,-1.227056026458740234e+00,-2.077731071040034294e-03,-4.643784370273351669e-03,1.850265078246593475e-02,1.218614816665649414e+00,-2.211002167314291000e-03,2.925465581938624382e-03,4.534626379609107971e-03,-7.690618932247161865e-02,-4.088883846998214722e-02,-1.899400027468800545e-03,8.626500144600868225e-03,7.993802428245544434e-02,3.834547474980354309e-02,-8.475334942340850830e-02,2.288171648979187012e-02,-7.412808947265148163e-03,7.657714188098907471e-03,8.835408091545104980e-02,-2.625908143818378448e-02
-2.514382898807525635e-01,-9.421963095664978027e-01,6.318789124488830566e-01,-5.744271446019411087e-03,-4.641701467335224152e-03,-8.727219700813293457e-01,4.881616234779357910e-01,0.000000000000000000e+00,0.000000000000000000e+00,2.111155726015567780e-02,-1.227056026458740234e+00,-2.077731071040034294e-03,-4.643784370273351669e-03,1.850265078246593475e-02,1.218614816665649414e+00,-2.211002167314291000e-03,2.925465581938624382e-03,4.534626379609107971e-03,-7.690618932247161865e-02,-4.088883846998214722e-02,-1.899400027468800545e-03,8.626500144600868225e-03,7.993802428245544434e-02,3.834547474980354309e-02,-8.475334942340850830e-02,2.288171648979187012e-02,-7.412808947265148163e-03,7.657714188098907471e-03,8.835408091545104980e-02,-2.625908143818378448e-02
-2.514382898807525635e-01,-9.421963095664978027e-01,6.318789124488830566e-01,-5.744271446019411087e-03,-4.641701467335224152e-03,-8.727219700813293457e-01,4.881616234779357910e-01,0.000000000000000000e+00,0.000000000000000000e+00,2.111155726015567780e-02,-1.227056026458740234e+00,-2.077731071040034294e-03,-4.643784370273351669e-03,1.850265078246593475e-02,1.218614816665649414e+00,-2.211002167314291000e-03,2.925465581938624382e-03,4.534626379609107971e-03,-7.690618932247161865e-02,-4.088883846998214722e-02,-1.899400027468800545e-03,8.626500144600868225e-03,7.993802428245544434e-02,3.834547474980354309e-02,-8.475334942340850830e-02,2.288171648979187012e-02,-7.412808947265148163e-03,7.657714188098907471e-03,8.835408091545104980e-02,-2.625908143818378448e-02
-2.514382898807525635e-01,-9.421963095664978027e-01,6.318789124488830566e-01,-5.744271446019411087e-03,-4.641701467335224152e-03,-8.727219700813293457e-01,4.881616234779357910e-01,0.000000000000000000e+00,0.000000000000000000e+00,2.111155726015567780e-02,-1.227056026458740234e+00,-2.077731071040034294e-03,-4.643784370273351669e-03,1.850265078246593475e-02,1.218614816665649414e+00,-2.211002167314291000e-03,2.925465581938624382e-03,4.534626379609107971e-03,-7.690618932247161865e-02,-4.088883846998214722e-02,-1.899400027468800545e-03,8.626500144600868225e-03,7.993802428245544434e-02,3.834547474980354309e-02,-8.475334942340850830e-02,2.288171648979187012e-02,-7.412808947265148163e-03,7.657714188098907471e-03,8.835408091545104980e-02,-2.625908143818378448e-02
-2.514382898807525635e-01,-9.421963095664978027e-01,6.318789124488830566e-01,-5.744271446019411087e-03,-4.641701467335224152e-03,-8.727219700813293457e-01,4.881616234779357910e-01,0.000000000000000000e+00,0.000000000000000000e+00,2.111155726015567780e-02,-1.227056026458740234e+00,-2.077731071040034294e-03,-4.643784370273351669e-03,1.850265078246593475e-02,1.218614816665649414e+00,-2.211002167314291000e-03,2.925465581938624382e-03,4.534626379609107971e-03,-7.690618932247161865e-02,-4.088883846998214722e-02,-1.899400027468800545e-03,8.626500144600868225e-03,7.993802428245544434e-02,3.834547474980354309e-02,-8.475334942340850830e-02,2.288171648979187012e-02,-7.412808947265148163e-03,7.657714188098907471e-03,8.835408091545104980e-02,-2.625908143818378448e-02
-2.514382898807525635e-01,-9.421963095664978027e-01,6.318789124488830566e-01,-5.744271446019411087e-03,-4.641701467335224152e-03,-8.727219700813293457e-01,4.881616234779357910e-01,0.000000000000000000e+00,0.000000000000000000e+00,2.111155726015567780e-02,-1.227056026458740234e+00,-2.077731071040034294e-03,-4.643784370273351669e-03,1.850265078246593475e-02,1.218614816665649414e+00,-2.211002167314291000e-03,2.925465581938624382e-03,4.534626379609107971e-03,-7.690618932247161865e-02,-4.088883846998214722e-02,-1.899400027468800545e-03,8.626500144600868225e-03,7.993802428245544434e-02,3.834547474980354309e-02,-8.475334942340850830e-02,2.288171648979187012e-02,-7.412808947265148163e-03,7.657714188098907471e-03,8.835408091545104980e-02,-2.625908143818378448e-02
-2.514382898807525635e-01,-9.421963095664978027e-01,6.318789124488830566e-01,-5.744271446019411087e-03,-4.641701467335224152e-03,-8.727219700813293457e-01,4.881616234779357910e-01,0.000000000000000000e+00,0.000000000000000000e+00,2.111155726015567780e-02,-1.227056026458740234e+00,-2.077731071040034294e-03,-4.643784370273351669e-03,1.850265078246593475e-02,1.218614816665649414e+00,-2.211002167314291000e-03,2.925465581938624382e-03,4.534626379609107971e-03,-7.690618932247161865e-02,-4.088883846998214722e-02,-1.899400027468800545e-03,8.626500144600868225e-03,7.993802428245544434e-02,3.834547474980354309e-02,-8.475334942340850830e-02,2.288171648979187012e-02,-7.412808947265148163e-03,7.657714188098907471e-03,8.835408091545104980e-02,-2.625908143818378448e-02
-2.514382898807525635e-01,-9.421963095664978027e-01,6.318789124488830566e-01,-5.744271446019411087e-03,-4.641701467335224152e-03,-8.727219700813293457e-01,4.881616234779357910e-01,0.000000000000000000e+00,0.000000000000000000e+00,2.111155726015567780e-02,-1.227056026458740234e+00,-2.077731071040034294e-03,-4.643784370273351669e-03,1.850265078246593475e-02,1.218614816665649414e+00,-2.211002167314291000e-03,2.925465581938624382e-03,4.534626379609107971e-03,-7.690618932247161865e-02,-4.088883846998214722e-02,-1.899400027468800545e-03,8.626500144600868225e-03,7.993802428245544434e-02,3.834547474980354309e-02,-8.475334942340850830e-02,2.288171648979187012e-02,-7.412808947265148163e-03,7.657714188098907471e-03,8.835408091545104980e-02,-2.625908143818378448e-02
-2.514382898807525635e-01,-9.421963095664978027e-01,6.318789124488830566e-01,-5.744271446019411087e-03,-4.641701467335224152e-03,-8.727219700813293457e-01,4.881616234779357910e-01,0.000000000000000000e+00,0.000000000000000000e+00,2.111155726015567780e-02,-1.227056026458740234e+00,-2.077731071040034294e-03,-4.643784370273351669e-03,1.850265078246593475e-02,1.218614816665649414e+00,-2.211002167314291000e-03,2.925465581938624382e-03,4.534625913947820663e-03,-7.690618932247161865e-02,-4.088883846998214722e-02,-1.899400027468800545e-03,8.626500144600868225e-03,7.993802428245544434e-02,3.834547474980354309e-02,-8.475334942340850830e-02,2.288171648979187012e-02,-7.412808947265148163e-03,7.657714188098907471e-03,8.835408091545104980e-02,-2.625908143818378448e-02
-2.514382898807525635e-01,-9.421963095664978027e-01,6.318789124488830566e-01,-5.744271446019411087e-03,-4.641701467335224152e-03,-8.727219700813293457e-01,4.881616234779357910e-01,0.000000000000000000e+00,0.000000000000000000e+00,2.111155726015567780e-02,-1.227056026458740234e+00,-2.077731071040034294e-03,-4.643784370273351669e-03,1.850265078246593475e-02,1.218614816665649414e+00,-2.211002167314291000e-03,2.925465581938624382e-03,4.534625913947820663e-03,-7.690618932247161865e-02,-4.088883846998214722e-02,-1.899400027468800545e-03,8.626500144600868225e-03,7.993802428245544434e-02,3.834547474980354309e-02,-8.475334942340850830e-02,2.288171648979187012e-02,-7.412808947265148163e-03,7.657714188098907471e-03,8.835408091545104980e-02,-2.625908143818378448e-02
-2.514382898807525635e-01,-9.421963095664978027e-01,6.318789124488830566e-01,-5.744271446019411087e-03,-4.641701467335224152e-03,-8.727219700813293457e-01,4.881616234779357910e-01,0.000000000000000000e+00,0.000000000000000000e+00,2.111155726015567780e-02,-1.227056026458740234e+00,-2.077731071040034294e-03,-4.643784370273351669e-03,1.850265078246593475e-02,1.218614816665649414e+00,-2.211002167314291000e-03,2.925465581938624382e-03,4.534626379609107971e-03,-7.690618932247161865e-02,-4.088883846998214722e-02,-1.899400027468800545e-03,8.626500144600868225e-03,7.993802428245544434e-02,3.834547474980354309e-02,-8.475334942340850830e-02,2.288171648979187012e-02,-7.412808947265148163e-03,7.657714188098907471e-03,8.835408091545104980e-02,-2.625908143818378448e-02
-2.514382898807525635e-01,-9.421963095664978027e-01,6.318789124488830566e-01,-5.744271446019411087e-03,-4.641701467335224152e-03,-8.727219700813293457e-01,4.881616234779357910e-01,0.000000000000000000e+00,0.000000000000000000e+00,2.111155726015567780e-02,-1.227056026458740234e+00,-2.077731071040034294e-03,-4.643784370273351669e-03,1.850265078246593475e-02,1.218614816665649414e+00,-2.211002167314291000e-03,2.925465581938624382e-03,4.534626379609107971e-03,-7.690618932247161865e-02,-4.088883846998214722e-02,-1.899400027468800545e-03,8.626500144600868225e-03,7.993802428245544434e-02,3.834547474980354309e-02,-8.475334942340850830e-02,2.288171648979187012e-02,-7.412808947265148163e-03,7.657714188098907471e-03,8.835408091545104980e-02,-2.625908143818378448e-02
