5.242484807968139648e-02,-4.271263629198074341e-02,6.060150861740112305e-01,6.050848867744207382e-03,-1.069671940058469772e-03,9.449917078018188477e-01,3.270365297794342041e-01,0.000000000000000000e+00,0.000000000000000000e+00,1.422285195440053940e-02,-1.238511323928833008e+00,-1.531982677988708019e-03,-2.014390192925930023e-03,1.336708758026361465e-02,1.231391549110412598e+00,-1.243459992110729218e-03,2.867545001208782196e-03,1.597329275682568550e-03,-4.988027736544609070e-02,-7.794278860092163086e-02,2.413168316707015038e-03,1.509176030672909619e-12,5.626930296421051025e-02,7.005693018436431885e-02,-5.822602286934852600e-02,6.081089004874229431e-02,-6.102063227444887161e-03,-9.030314203629152066e-19,6.376355886459350586e-02,-5.799026414752006531e-02
5.244143307209014893e-02,-4.272067546844482422e-02,6.060184240341186523e-01,5.976317450404167175e-03,-1.032458967529237270e-03,9.450076818466186523e-01,3.269918859004974365e-01,0.000000000000000000e+00,0.000000000000000000e+00,1.444075722247362137e-02,-1.239943504333496094e+00,-1.428521471098065376e-03,-2.459268551319837570e-03,1.230297330766916275e-02,1.232765316963195801e+00,-1.433365978300571442e-03,1.134700025431811810e-03,1.338401227258145809e-03,-5.031614750623703003e-02,-7.819553464651107788e-02,2.666756277903914452e-03,1.849870193617740750e-16,5.723253265023231506e-02,7.105863094329833984e-02,-5.872175097465515137e-02,6.097031757235527039e-02,-5.997786298394203186e-03,7.278248058929558193e-18,6.486914306879043579e-02,-5.877362191677093506e-02
5.244155228137969971e-02,-4.272079467773437500e-02,6.060184836387634277e-01,5.974959582090377808e-03,-1.031790277920663357e-03,9.450076818466186523e-01,3.269918560981750488e-01,0.000000000000000000e+00,0.000000000000000000e+00,1.444922573864459991e-02,-1.239945769309997559e+00,-1.433765515685081482e-03,-2.476774388924241066e-03,1.225908286869525909e-02,1.232766747474670410e+00,-1.411033561453223228e-03,1.065375981852412224e-03,1.322889700531959534e-03,-5.032089725136756897e-02,-7.819758355617523193e-02,2.683735918253660202e-03,-1.934199735055194824e-18,5.724179372191429138e-02,7.106891274452209473e-02,-5.873107910156250000e-02,6.097245961427688599e-02,-5.982350558042526245e-03,7.444054758354587485e-18,6.488634645938873291e-02,-5.878094583749771118e-02
5.244155228137969971e-02,-4.272079840302467346e-02,6.060184836387634277e-01,5.974928382784128189e-03,-1.031771418638527393e-03,9.450076818466186523e-01,3.269918560981750488e-01,0.000000000000000000e+00,0.000000000000000000e+00,1.444962527602910995e-02,-1.239945769309997559e+00,-1.434055855497717857e-03,-2.477501286193728447e-03,1.225713919848203659e-02,1.232766747474670410e+00,-1.409816904924809933e-03,1.062317285686731339e-03,1.321691670455038548e-03,-5.032084882259368896e-02,-7.819756865501403809e-02,2.685011131688952446e-03,-1.306018925547724335e-18,5.724165588617324829e-02,7.106902450323104858e-02,-5.873139202594757080e-02,6.097253039479255676e-02,-5.981091409921646118e-03,-3.703745860459259278e-18,6.488681584596633911e-02,-5.878100171685218811e-02
5.244155228137969971e-02,-4.272079840302467346e-02,6.060184836387634277e-01,5.974926985800266266e-03,-1.031770487315952778e-03,9.450076818466186523e-01,3.269918560981750488e-01,0.000000000000000000e+00,0.000000000000000000e+00,1.444964203983545303e-02,-1.239945769309997559e+00,-1.434068544767796993e-03,-2.477533183991909027e-03,1.225705258548259735e-02,1.232766747474670410e+00,-1.409761491231620312e-03,1.062180264852941036e-03,1.321597024798393250e-03,-5.032084137201309204e-02,-7.819756120443344116e-02,2.685109619051218033e-03,-2.088042094100257123e-18,5.724163353443145752e-02,7.106903195381164551e-02,-5.873141065239906311e-02,6.097253412008285522e-02,-5.980992689728736877e-03,1.084531390369300539e-18,6.488684564828872681e-02,-5.878100171685218811e-02
5.244155228137969971e-02,-4.272079840302467346e-02,6.060184836387634277e-01,5.974926985800266266e-03,-1.031770370900630951e-03,9.450076818466186523e-01,3.269918560981750488e-01,0.000000000000000000e+00,0.000000000000000000e+00,1.444964297115802765e-02,-1.239945769309997559e+00,-1.434069126844406128e-03,-2.477534813806414604e-03,1.225704886019229889e-02,1.232766747474670410e+00,-1.409759162925183773e-03,1.062174327671527863e-03,1.321589574217796326e-03,-5.032084137201309204e-02,-7.819756120443344116e-02,2.685117302462458611e-03,-8.049989372468056847e-19,5.724162980914115906e-02,7.106903195381164551e-02,-5.873141065239906311e-02,6.097253412008285522e-02,-5.980985239148139954e-03,-1.991256999347877567e-18,6.488684564828872681e-02,-5.878100171685218811e-02
5.244155228137969971e-02,-4.272079840302467346e-02,6.060184836387634277e-01,5.974926520138978958e-03,-1.031770254485309124e-03,9.450076818466186523e-01,3.269918560981750488e-01,0.000000000000000000e+00,0.000000000000000000e+00,1.444964297115802765e-02,-1.239945769309997559e+00,-1.434069126844406128e-03,-2.477534813806414604e-03,1.225704792886972427e-02,1.232766747474670410e+00,-1.409759046509861946e-03,1.062174094840884209e-03,1.321588992141187191e-03,-5.032084137201309204e-02,-7.819756120443344116e-02,2.685118000954389572e-03,-2.978379600782933567e-19,5.724162980914115906e-02,7.106903195381164551e-02,-5.873141065239906311e-02,6.097253412008285522e-02,-5.980984773486852646e-03,-6.318324810396470849e-18,6.488684564828872681e-02,-5.878100171685218811e-02
5.244155228137969971e-02,-4.272079840302467346e-02,6.060184836387634277e-01,5.974926985800266266e-03,-1.031770370900630951e-03,9.450076818466186523e-01,3.269918560981750488e-01,0.000000000000000000e+00,0.000000000000000000e+00,1.444964297115802765e-02,-1.239945769309997559e+00,-1.434069126844406128e-03,-2.477534813806414604e-03,1.225704792886972427e-02,1.232766747474670410e+00,-1.409759046509861946e-03,1.062173978425562382e-03,1.321588992141187191e-03,-5.032084137201309204e-02,-7.819756120443344116e-02,2.685118000954389572e-03,-1.924564735280177158e-18,5.724162980914115906e-02,7.106903195381164551e-02,-5.873141065239906311e-02,6.097253412008285522e-02,-5.980984773486852646e-03,5.516207770403799913e-18,6.488684564828872681e-02,-5.878100171685218811e-02
5.244155228137969971e-02,-4.272079840302467346e-02,6.060184836387634277e-01,5.974926520138978958e-03,-1.031770254485309124e-03,9.450076818466186523e-01,3.269918560981750488e-01,0.000000000000000000e+00,0.000000000000000000e+00,1.444964297115802765e-02,-1.239945769309997559e+00,-1.434069126844406128e-03,-2.477534813806414604e-03,1.225704792886972427e-02,1.232766747474670410e+00,-1.409759046509861946e-03,1.062174094840884209e-03,1.321588992141187191e-03,-5.032084137201309204e-02,-7.819756120443344116e-02,2.685118000954389572e-03,3.417566183934288293e-18,5.724162980914115906e-02,7.106903195381164551e-02,-5.873141065239906311e-02,6.097253412008285522e-02,-5.980984773486852646e-03,-1.218552847576367189e-19,6.488684564828872681e-02,-5.878100171685218811e-02
5.244155228137969971e-02,-4.272079840302467346e-02,6.060184836387634277e-01,5.974926985800266266e-03,-1.031770254485309124e-03,9.450076818466186523e-01,3.269918560981750488e-01,0.000000000000000000e+00,0.000000000000000000e+00,1.444964297115802765e-02,-1.239945769309997559e+00,-1.434069126844406128e-03,-2.477534813806414604e-03,1.225704792886972427e-02,1.232766747474670410e+00,-1.409759162925183773e-03,1.062173978425562382e-03,1.321588992141187191e-03,-5.032084137201309204e-02,-7.819756120443344116e-02,2.685118000954389572e-03,1.978880723022859167e-18,5.724162980914115906e-02,7.106903195381164551e-02,-5.873141065239906311e-02,6.097253412008285522e-02,-5.980984773486852646e-03,1.949987304226381910e-18,6.488684564828872681e-02,-5.878100171685218811e-02
5.244155228137969971e-02,-4.272079840302467346e-02,6.060184836387634277e-01,5.974926520138978958e-03,-1.031770254485309124e-03,9.450076818466186523e-01,3.269918560981750488e-01,0.000000000000000000e+00,0.000000000000000000e+00,1.444964297115802765e-02,-1.239945769309997559e+00,-1.434069126844406128e-03,-2.477534813806414604e-03,1.225704792886972427e-02,1.232766747474670410e+00,-1.409759046509861946e-03,1.062174094840884209e-03,1.321588992141187191e-03,-5.032084137201309204e-02,-7.819756120443344116e-02,2.685118000954389572e-03,-1.839120286725899611e-18,5.724162980914115906e-02,7.106903195381164551e-02,-5.873141065239906311e-02,6.097253412008285522e-02,-5.980984773486852646e-03,-1.083661196364894754e-18,6.488684564828872681e-02,-5.878100171685218811e-02
5.244155228137969971e-02,-4.272079840302467346e-02,6.060184836387634277e-01,5.974926985800266266e-03,-1.031770254485309124e-03,9.450076818466186523e-01,3.269918560981750488e-01,0.000000000000000000e+00,0.000000000000000000e+00,1.444964297115802765e-02,-1.239945769309997559e+00,-1.434069126844406128e-03,-2.477534813806414604e-03,1.225704792886972427e-02,1.232766747474670410e+00,-1.409759162925183773e-03,1.062173978425562382e-03,1.321588875725865364e-03,-5.032084137201309204e-02,-7.819756120443344116e-02,2.685118000954389572e-03,6.281490457719484527e-18,5.724162980914115906e-02,7.106903195381164551e-02,-5.873141065239906311e-02,6.097253412008285522e-02,-5.980984773486852646e-03,5.532513154638445195e-18,6.488684564828872681e-02,-5.878100171685218811e-02
5.244155228137969971e-02,-4.272079840302467346e-02,6.060184836387634277e-01,5.974926520138978958e-03,-1.031770254485309124e-03,9.450076818466186523e-01,3.269918560981750488e-01,0.000000000000000000e+00,0.000000000000000000e+00,1.444964297115802765e-02,-1.239945769309997559e+00,-1.434069126844406128e-03,-2.477534813806414604e-03,1.225704792886972427e-02,1.232766747474670410e+00,-1.409759046509861946e-03,1.062174094840884209e-03,1.321588992141187191e-03,-5.032084137201309204e-02,-7.819756120443344116e-02,2.685118000954389572e-03,5.485597124655662571e-19,5.724162980914115906e-02,7.106903195381164551e-02,-5.873141065239906311e-02,6.097253412008285522e-02,-5.980984773486852646e-03,2.305741142073188053e-18,6.488684564828872681e-02,-5.878100171685218811e-02
5.244155228137969971e-02,-4.272079840302467346e-02,6.060184836387634277e-01,5.974926985800266266e-03,-1.031770254485309124e-03,9.450076818466186523e-01,3.269918560981750488e-01,0.000000000000000000e+00,0.000000000000000000e+00,1.444964297115802765e-02,-1.239945769309997559e+00,-1.434069126844406128e-03,-2.477534813806414604e-03,1.225704792886972427e-02,1.232766747474670410e+00,-1.409759046509861946e-03,1.062173978425562382e-03,1.321588875725865364e-03,-5.032084137201309204e-02,-7.819756120443344116e-02,2.685118000954389572e-03,-4.105992211815220894e-18,5.724162980914115906e-02,7.106903195381164551e-02,-5.873141065239906311e-02,6.097253412008285522e-02,-5.980984773486852646e-03,-1.972198758034655810e-18,6.488684564828872681e-02,-5.878100171685218811e-02
5.227750539779663086e-02,-4.219747334718704224e-02,6.064123511314392090e-01,4.382083658128976822e-03,8.745261584408581257e-04,9.450864791870117188e-01,3.267897963523864746e-01,0.000000000000000000e+00,0.000000000000000000e+00,3.674386441707611084e-02,-1.234279990196228027e+00,2.219948917627334595e-02,-1.186638921499252319e-01,2.577996440231800079e-02,1.223680496215820312e+00,3.386790305376052856e-02,1.138759776949882507e-01,1.779363723471760750e-03,-5.301683023571968079e-02,-7.666670531034469604e-02,1.020115427672863007e-02,-5.267671429194892112e-18,4.739356786012649536e-02,7.274805754423141479e-02,-6.435695290565490723e-02,5.791625380516052246e-02,-5.022026132792234421e-03,1.297348418366943499e-18,6.348259747028350830e-02,-5.068688467144966125e-02
5.211059376597404480e-02,-4.168551415205001831e-02,6.068000793457031250e-01,2.790476195514202118e-03,2.772979205474257469e-03,9.451414346694946289e-01,3.266376554965972900e-01,0.000000000000000000e+00,0.000000000000000000e+00,5.948866531252861023e-02,-1.228028059005737305e+00,4.398001357913017273e-02,-2.362042963504791260e-01,4.000995308160781860e-02,1.213537931442260742e+00,6.786929070949554443e-02,2.280428260564804077e-01,2.244189381599426270e-03,-5.570777505636215210e-02,-7.519756257534027100e-02,1.785955764353275299e-02,7.366804360948260230e-19,3.765581920742988586e-02,7.452569156885147095e-02,-7.004100829362869263e-02,5.488885194063186646e-02,-3.966401331126689911e-03,9.610763383069862646e-19,6.233480200171470642e-02,-4.269733652472496033e-02
5.193501710891723633e-02,-4.118026420474052429e-02,6.071853041648864746e-01,1.184653490781784058e-03,4.663500469177961349e-03,9.451729655265808105e-01,3.265347778797149658e-01,0.000000000000000000e+00,0.000000000000000000e+00,8.187154680490493774e-02,-1.221230030059814453e+00,6.419559568166732788e-02,-3.538643717765808105e-01,5.421189218759536743e-02,1.202348470687866211e+00,1.007813736796379089e-01,3.424840867519378662e-01,2.852843608707189560e-03,-5.839703604578971863e-02,-7.374550402164459229e-02,2.550158277153968811e-02,6.279769922045374229e-18,2.790344692766666412e-02,7.622466981410980225e-02,-7.573944330215454102e-02,5.186459049582481384e-02,-2.944795414805412292e-03,-7.821174671423638332e-19,6.122181937098503113e-02,-3.468998521566390991e-02
5.175026133656501770e-02,-4.068147763609886169e-02,6.075685024261474609e-01,-4.386238870210945606e-04,6.546184420585632324e-03,9.451812505722045898e-01,3.264802098274230957e-01,0.000000000000000000e+00,0.000000000000000000e+00,1.038892492651939392e-01,-1.213990688323974609e+00,8.272062987089157104e-02,-4.716823697090148926e-01,6.835339218378067017e-02,1.190169811248779297e+00,1.324332207441329956e-01,4.572235345840454102e-01,3.610226325690746307e-03,-6.109223142266273499e-02,-7.231096923351287842e-02,3.311637789011001587e-02,9.346240949342755032e-18,1.813805848360061646e-02,7.784644514322280884e-02,-8.145720511674880981e-02,4.884331673383712769e-02,-1.961107132956385612e-03,2.102875096844558016e-19,6.014228984713554382e-02,-2.666467987000942230e-02
5.155577510595321655e-02,-4.018892720341682434e-02,6.079499721527099609e-01,-2.082424471154808998e-03,8.420904166996479034e-03,9.451667070388793945e-01,3.264729678630828857e-01,0.000000000000000000e+00,0.000000000000000000e+00,1.255604475736618042e-01,-1.206419110298156738e+00,9.944452345371246338e-02,-5.897172689437866211e-01,8.242256194353103638e-02,1.177069783210754395e+00,1.626571565866470337e-01,5.723014473915100098e-01,4.516105633229017258e-03,-6.379999965429306030e-02,-7.089374959468841553e-02,4.069780930876731873e-02,-1.044523972862560802e-18,8.360712788999080658e-03,7.939311116933822632e-02,-8.719968795776367188e-02,4.582548514008522034e-02,-1.014509471133351326e-03,5.047057396743324313e-18,5.909661948680877686e-02,-1.862158812582492828e-02
5.135109275579452515e-02,-3.970223665237426758e-02,6.083300709724426270e-01,-3.749632276594638824e-03,1.028791535645723343e-02,9.451297521591186523e-01,3.265115916728973389e-01,0.000000000000000000e+00,0.000000000000000000e+00,1.469129174947738647e-01,-1.198627948760986328e+00,1.142801865935325623e-01,-7.080289721488952637e-01,9.641948342323303223e-02,1.163123846054077148e+00,1.912957429885864258e-01,6.877598166465759277e-01,5.569097585976123810e-03,-6.652664393186569214e-02,-6.949473917484283447e-02,4.824056103825569153e-02,-7.448595979917503607e-19,-1.427689101547002792e-03,8.086733520030975342e-02,-9.297209978103637695e-02,4.281079024076461792e-02,-1.033654625643976033e-04,5.628545515033401495e-18,5.808525159955024719e-02,-1.056107319891452789e-02
5.113570019602775574e-02,-3.922104462981224060e-02,6.087092757225036621e-01,-5.443025380373001099e-03,1.214722916483879089e-02,9.450707435607910156e-01,3.265946507453918457e-01,0.000000000000000000e+00,0.000000000000000000e+00,1.679816097021102905e-01,-1.190732121467590332e+00,1.271652579307556152e-01,-8.266755938529968262e-01,1.103573963046073914e-01,1.148414015769958496e+00,2.182026207447052002e-01,8.036422133445739746e-01,6.766674574464559555e-03,-6.927794963121414185e-02,-6.811426579952239990e-02,5.574038997292518616e-02,1.672493024133217716e-18,-1.122626103460788727e-02,8.227200806140899658e-02,-9.877943247556686401e-02,3.979953005909919739e-02,7.748229545541107655e-04,-1.413370425444856267e-19,5.710890516638755798e-02,-2.483729040250182152e-03
5.090919137001037598e-02,-3.874490410089492798e-02,6.090876460075378418e-01,-7.164896931499242783e-03,1.399927493184804916e-02,9.449900984764099121e-01,3.267207145690917969e-01,0.000000000000000000e+00,0.000000000000000000e+00,1.888069063425064087e-01,-1.182847380638122559e+00,1.380633413791656494e-01,-9.457113146781921387e-01,1.242636516690254211e-01,1.133025288581848145e+00,2.432425767183303833e-01,9.199946522712707520e-01,8.105761371552944183e-03,-7.205895334482192993e-02,-6.675364822149276733e-02,6.319386512041091919e-02,1.072026073868723867e-20,-2.103400416672229767e-02,8.361020684242248535e-02,-1.046260595321655273e-01,3.679088130593299866e-02,1.623113406822085381e-03,-4.473276947401016242e-19,5.616845190525054932e-02,5.609781946986913681e-03
5.067120864987373352e-02,-3.827339038252830505e-02,6.094655394554138184e-01,-8.917129598557949066e-03,1.584444753825664520e-02,9.448879957199096680e-01,3.268885314464569092e-01,0.000000000000000000e+00,0.000000000000000000e+00,2.094322890043258667e-01,-1.175089716911315918e+00,1.469652503728866577e-01,-1.065184116363525391e+00,1.381801515817642212e-01,1.117044687271118164e+00,2.662919759750366211e-01,1.036866068840026855e+00,9.582818485796451569e-03,-7.487373054027557373e-02,-6.541436910629272461e-02,7.059861719608306885e-02,-5.286994368304130838e-18,-3.084991872310638428e-02,8.488521724939346313e-02,-1.105155870318412781e-01,3.378403931856155396e-02,2.445178572088479996e-03,2.016161753230624124e-18,5.526486039161682129e-02,1.371861621737480164e-02
5.042146518826484680e-02,-3.780611604452133179e-02,6.098431348800659180e-01,-1.070103980600833893e-02,1.768318191170692444e-02,9.447646737098693848e-01,3.270971477031707764e-01,0.000000000000000000e+00,0.000000000000000000e+00,2.299021184444427490e-01,-1.167574167251586914e+00,1.538904905319213867e-01,-1.185133337974548340e+00,1.521633714437484741e-01,1.100558757781982422e+00,2.872389554977416992e-01,1.154308080673217773e+00,1.119429524987936020e-02,-7.772511988878250122e-02,-6.409817934036254883e-02,7.795315235853195190e-02,-2.057654787117509099e-18,-4.067294672131538391e-02,8.610029518604278564e-02,-1.164508014917373657e-01,3.077789396047592163e-02,3.245030296966433525e-03,1.024497930232652002e-18,5.439934879541397095e-02,2.184184454381465912e-02
5.015855282545089722e-02,-3.734172508120536804e-02,6.102211475372314453e-01,-1.252423040568828583e-02,1.951833255589008331e-02,9.446198940277099609e-01,3.273459970951080322e-01,0.000000000000000000e+00,0.000000000000000000e+00,2.502519190311431885e-01,-1.160413503646850586e+00,1.588874459266662598e-01,-1.305590748786926270e+00,1.662764847278594971e-01,1.083650827407836914e+00,3.059827387332916260e-01,1.272378087043762207e+00,1.293753739446401596e-02,-8.062890917062759399e-02,-6.280735880136489868e-02,8.525634557008743286e-02,1.660184576618428665e-18,-5.050224065780639648e-02,8.725864440202713013e-02,-1.224583312869071960e-01,2.776806429028511047e-02,4.024992696940898895e-03,1.460720886825583875e-05,5.354510247707366943e-02,2.997867390513420105e-02
4.987834393978118896e-02,-3.687684237957000732e-02,6.106020212173461914e-01,-1.440868433564901352e-02,2.135730721056461334e-02,9.444528818130493164e-01,3.276354372501373291e-01,0.000000000000000000e+00,0.000000000000000000e+00,2.704984545707702637e-01,-1.153716206550598145e+00,1.620331406593322754e-01,-1.426581382751464844e+00,1.805803179740905762e-01,1.066400766372680664e+00,3.224331140518188477e-01,1.391140937805175781e+00,1.481297798454761505e-02,-8.363025635480880737e-02,-6.154363974928855896e-02,9.250523149967193604e-02,-2.792667627097428218e-18,-6.033726036548614502e-02,8.836323022842407227e-02,-1.286138296127319336e-01,2.474425360560417175e-02,4.782732576131820679e-03,8.644689660286530852e-05,5.260767042636871338e-02,3.812789171934127808e-02
4.958551377058029175e-02,-3.641482815146446228e-02,6.109828352928161621e-01,-1.632821373641490936e-02,2.319288067519664764e-02,9.442636370658874512e-01,3.279659748077392578e-01,0.000000000000000000e+00,0.000000000000000000e+00,2.907005250453948975e-01,-1.147591352462768555e+00,1.634457707405090332e-01,-1.548097014427185059e+00,1.951958090066909790e-01,1.048883557319641113e+00,3.365218341350555420e-01,1.510642290115356445e+00,1.681654155254364014e-02,-8.667549490928649902e-02,-6.031162291765213013e-02,9.970398992300033569e-02,-2.837719191979516317e-18,-7.017589360475540161e-02,8.941733837127685547e-02,-1.348261982202529907e-01,2.171189524233341217e-02,5.531493108719587326e-03,1.610530307516455650e-04,5.169778317213058472e-02,4.628856107592582703e-02
4.928098991513252258e-02,-3.595627099275588989e-02,6.113629341125488281e-01,-1.827712170779705048e-02,2.502459660172462463e-02,9.440512657165527344e-01,3.283396661281585693e-01,0.000000000000000000e+00,0.000000000000000000e+00,3.108819723129272461e-01,-1.142142176628112793e+00,1.632773131132125854e-01,-1.670115828514099121e+00,2.102255225181579590e-01,1.031169772148132324e+00,3.481971323490142822e-01,1.630929350852966309e+00,1.894613541662693024e-02,-8.975306898355484009e-02,-5.911528319120407104e-02,1.068566516041755676e-01,-1.396704390463137865e-18,-8.001692593097686768e-02,9.042368084192276001e-02,-1.410796493291854858e-01,1.866965368390083313e-02,6.278494838625192642e-03,2.299491025041788816e-04,5.083985254168510437e-02,5.446008592844009399e-02
4.896498471498489380e-02,-3.550114482641220093e-02,6.117420792579650879e-01,-2.025359682738780975e-02,2.685351483523845673e-02,9.438146948814392090e-01,3.287589848041534424e-01,0.000000000000000000e+00,0.000000000000000000e+00,3.310506343841552734e-01,-1.137464523315429688e+00,1.617132872343063354e-01,-1.792601346969604492e+00,2.257710844278335571e-01,1.013324379920959473e+00,3.574265837669372559e-01,1.752045273780822754e+00,2.120331674814224243e-02,-9.285941720008850098e-02,-5.795925483107566833e-02,1.139656826853752136e-01,-2.914852129738861042e-19,-8.985923230648040771e-02,9.138473868370056152e-02,-1.473717093467712402e-01,1.561404112726449966e-02,7.027729414403438568e-03,2.932866336777806282e-04,5.003565922379493713e-02,6.264172494411468506e-02
4.864520579576492310e-02,-3.505618497729301453e-02,6.121175885200500488e-01,-2.221846394240856171e-02,2.866619825363159180e-02,9.435536265373229980e-01,3.292281031608581543e-01,0.000000000000000000e+00,0.000000000000000000e+00,3.512363731861114502e-01,-1.133646130561828613e+00,1.589792519807815552e-01,-1.915482163429260254e+00,2.419691830873489380e-01,9.954099655151367188e-01,3.642096519470214844e-01,1.874010205268859863e+00,2.359190024435520172e-02,-9.591543674468994141e-02,-5.684389919042587280e-02,1.210327968001365662e-01,1.550123233034573014e-18,-9.969840943813323975e-02,9.230283647775650024e-02,-1.542934775352478027e-01,1.256958860903978348e-02,7.779641076922416687e-03,1.627452671527862549e-03,4.883961006999015808e-02,7.083310186862945557e-02
4.840841144323348999e-02,-3.517272323369979858e-02,6.122607588768005371e-01,-2.315068431198596954e-02,2.898440696299076080e-02,9.428975582122802734e-01,3.310107886791229248e-01,0.000000000000000000e+00,0.000000000000000000e+00,3.599507510662078857e-01,-1.135623693466186523e+00,1.496199816465377808e-01,-1.925300002098083496e+00,2.464894354343414307e-01,9.920031428337097168e-01,3.603815138339996338e-01,1.883448004722595215e+00,2.199336700141429901e-02,-9.738755226135253906e-02,-5.661701411008834839e-02,1.235963478684425354e-01,-6.528241743166502895e-18,-9.831466525793075562e-02,9.325664490461349487e-02,-1.565672159194946289e-01,1.328619197010993958e-02,1.018674951046705246e-02,1.150810421677306294e-04,5.127763003110885620e-02,7.408345490694046021e-02
4.847681149840354919e-02,-3.531056642532348633e-02,6.122472882270812988e-01,-2.291696891188621521e-02,2.942289039492607117e-02,9.424444437026977539e-01,3.322763144969940186e-01,0.000000000000000000e+00,0.000000000000000000e+00,3.637540340423583984e-01,-1.135801434516906738e+00,1.456317156553268433e-01,-1.927557945251464844e+00,2.469658553600311279e-01,9.913802146911621094e-01,3.592445552349090576e-01,1.885871767997741699e+00,2.117761038243770599e-02,-9.700633585453033447e-02,-5.741013959050178528e-02,1.258559376001358032e-01,1.511265596579281986e-18,-9.630476683378219604e-02,9.200381487607955933e-02,-1.572591066360473633e-01,1.257967483252286911e-02,1.141066011041402817e-02,7.012141577433794737e-05,5.218410491943359375e-02,7.464694976806640625e-02
4.844143614172935486e-02,-3.536893054842948914e-02,6.123085021972656250e-01,-2.332425117492675781e-02,2.977722324430942535e-02,9.421472549438476562e-01,3.330582678318023682e-01,0.000000000000000000e+00,0.000000000000000000e+00,3.652616441249847412e-01,-1.136027455329895020e+00,1.445761173963546753e-01,-1.928328871726989746e+00,2.465956360101699829e-01,9.904455542564392090e-01,3.596444725990295410e-01,1.886486291885375977e+00,2.113439142704010010e-02,-9.799513220787048340e-02,-5.775975435972213745e-02,1.269034594297409058e-01,-2.387044724481025143e-19,-9.621661901473999023e-02,9.199619293212890625e-02,-1.587863266468048096e-01,1.233666390180587769e-02,1.300039514899253845e-02,2.902505002566613257e-05,5.339581146836280823e-02,7.563331723213195801e-02
4.844710230827331543e-02,-3.545939177274703979e-02,6.123291850090026855e-01,-2.347418293356895447e-02,2.988827414810657501e-02,9.419674873352050781e-01,3.335460126399993896e-01,0.000000000000000000e+00,0.000000000000000000e+00,3.661198318004608154e-01,-1.136085152626037598e+00,1.445109248161315918e-01,-1.928718924522399902e+00,2.465213835239410400e-01,9.902618527412414551e-01,3.597291409969329834e-01,1.886632084846496582e+00,2.107744477689266205e-02,-9.837657213211059570e-02,-5.785717815160751343e-02,1.278337985277175903e-01,5.578717809294432214e-18,-9.610184282064437866e-02,9.152004122734069824e-02,-1.595257669687271118e-01,1.230062637478113174e-02,1.365089137107133865e-02,3.628131128863287813e-09,5.410374328494071960e-02,7.619769126176834106e-02
4.842342808842658997e-02,-3.560886904597282410e-02,6.123455166816711426e-01,-2.351133897900581360e-02,2.981198765337467194e-02,9.417135715484619141e-01,3.342664241790771484e-01,0.000000000000000000e+00,0.000000000000000000e+00,3.667023181915283203e-01,-1.135590910911560059e+00,1.450644433498382568e-01,-1.929064512252807617e+00,2.457251697778701782e-01,9.903052449226379395e-01,3.593875169754028320e-01,1.885728597640991211e+00,2.129711769521236420e-02,-9.833064675331115723e-02,-5.766982212662696838e-02,1.285963058471679688e-01,3.178332315894151841e-18,-9.621400386095046997e-02,9.210899472236633301e-02,-1.599215567111968994e-01,1.257079746574163437e-02,1.431996468454599380e-02,4.535156701134662738e-13,5.525189265608787537e-02,7.770744711160659790e-02
4.837594926357269287e-02,-3.568721190094947815e-02,6.123446226119995117e-01,-2.366554178297519684e-02,2.984208427369594574e-02,9.415246248245239258e-01,3.347846865653991699e-01,0.000000000000000000e+00,0.000000000000000000e+00,3.669336736202239990e-01,-1.133905768394470215e+00,1.458789259195327759e-01,-1.930024743080139160e+00,2.454399913549423218e-01,9.908213615417480469e-01,3.591522872447967529e-01,1.885945558547973633e+00,2.098962850868701935e-02,-9.849762171506881714e-02,-5.760034546256065369e-02,1.293071508407592773e-01,6.230297903969802750e-18,-9.693066030740737915e-02,9.244201332330703735e-02,-1.605902165174484253e-01,1.273107808083295822e-02,1.498436369001865387e-02,5.697576384128911825e-17,5.541222915053367615e-02,7.831846922636032104e-02
4.825263842940330505e-02,-3.567042574286460876e-02,6.123862266540527344e-01,-2.423943951725959778e-02,2.996616251766681671e-02,9.414237737655639648e-01,3.350159823894500732e-01,0.000000000000000000e+00,0.000000000000000000e+00,3.670480847358703613e-01,-1.133546829223632812e+00,1.450172215700149536e-01,-1.930782794952392578e+00,2.444868683815002441e-01,9.912931919097900391e-01,3.582057654857635498e-01,1.885968685150146484e+00,2.103409729897975922e-02,-9.958785027265548706e-02,-5.752851441502571106e-02,1.297377496957778931e-01,8.997872180004822321e-18,-9.772018343210220337e-02,9.205462038516998291e-02,-1.618508994579315186e-01,1.289687026292085648e-02,1.539733540266752243e-02,1.423845840722227809e-18,5.492945387959480286e-02,7.895547151565551758e-02
4.824554920196533203e-02,-3.567367419600486755e-02,6.123631596565246582e-01,-2.426432073116302490e-02,3.006608597934246063e-02,9.414129257202148438e-01,3.350358009338378906e-01,0.000000000000000000e+00,0.000000000000000000e+00,3.668306469917297363e-01,-1.133949995040893555e+00,1.439898014068603516e-01,-1.931136727333068848e+00,2.441060394048690796e-01,9.916386008262634277e-01,3.568599522113800049e-01,1.885946035385131836e+00,2.106622792780399323e-02,-9.968382120132446289e-02,-5.778368189930915833e-02,1.297230422496795654e-01,2.434531509086469356e-18,-9.839299321174621582e-02,9.218390285968780518e-02,-1.619956940412521362e-01,1.265917345881462097e-02,1.569807343184947968e-02,2.205961653503366537e-18,5.456249788403511047e-02,7.861400395631790161e-02
4.825719073414802551e-02,-3.574170172214508057e-02,6.123129725456237793e-01,-2.401658333837985992e-02,3.018371574580669403e-02,9.412398934364318848e-01,3.355289101600646973e-01,0.000000000000000000e+00,0.000000000000000000e+00,3.668070733547210693e-01,-1.133989930152893066e+00,1.425129622220993042e-01,-1.930883169174194336e+00,2.437604218721389771e-01,9.929019808769226074e-01,3.555982410907745361e-01,1.885944128036499023e+00,2.072466537356376648e-02,-9.906963258981704712e-02,-5.818102136254310608e-02,1.297193467617034912e-01,-3.417195607019864537e-18,-9.898632019758224487e-02,9.296295791864395142e-02,-1.618535667657852173e-01,1.237916108220815659e-02,1.672600395977497101e-02,2.402231760527498731e-19,5.380226299166679382e-02,7.778941839933395386e-02
4.826690629124641418e-02,-3.580394759774208069e-02,6.122795343399047852e-01,-2.386791817843914032e-02,3.021137788891792297e-02,9.411750435829162598e-01,3.357188105583190918e-01,0.000000000000000000e+00,0.000000000000000000e+00,3.666960597038269043e-01,-1.133928656578063965e+00,1.412778496742248535e-01,-1.930918097496032715e+00,2.431783825159072876e-01,9.936254024505615234e-01,3.545545041561126709e-01,1.885584712028503418e+00,2.065390162169933319e-02,-9.874626994132995605e-02,-5.841068550944328308e-02,1.302203088998794556e-01,1.028456816644330793e-18,-9.921601414680480957e-02,9.239497780799865723e-02,-1.616937667131423950e-01,1.219891291111707687e-02,1.652357727289199829e-02,3.157414572563910877e-19,5.365696549415588379e-02,7.809970527887344360e-02
4.824015125632286072e-02,-3.584838658571243286e-02,6.122934222221374512e-01,-2.399538084864616394e-02,3.021411597728729248e-02,9.411756396293640137e-01,3.357078731060028076e-01,0.000000000000000000e+00,0.000000000000000000e+00,3.660911023616790771e-01,-1.134258747100830078e+00,1.406989991664886475e-01,-1.931344270706176758e+00,2.433443367481231689e-01,9.943091869354248047e-01,3.531866073608398438e-01,1.885551095008850098e+00,2.072241902351379395e-02,-9.904605150222778320e-02,-5.843328684568405151e-02,1.305745542049407959e-01,-5.045139992083426395e-20,-9.958697855472564697e-02,9.303584694862365723e-02,-1.619770973920822144e-01,1.217794511467218399e-02,1.661172509193420410e-02,2.614883352402631086e-20,5.362886190414428711e-02,7.840520888566970825e-02
4.826549068093299866e-02,-3.603353351354598999e-02,6.122481226921081543e-01,-2.368598803877830505e-02,2.994048409163951874e-02,9.410815238952636719e-01,3.360179662704467773e-01,0.000000000000000000e+00,0.000000000000000000e+00,3.662371039390563965e-01,-1.134792685508728027e+00,1.402049809694290161e-01,-1.931608200073242188e+00,2.434140294790267944e-01,9.948090910911560059e-01,3.515099883079528809e-01,1.885198116302490234e+00,2.068511210381984711e-02,-9.827458858489990234e-02,-5.818276852369308472e-02,1.312251240015029907e-01,-3.475746759498818048e-18,-9.968033432960510254e-02,9.337465465068817139e-02,-1.614226400852203369e-01,1.245784666389226913e-02,1.630234718322753906e-02,4.929327587888110429e-06,5.374582484364509583e-02,7.941717654466629028e-02
4.833997413516044617e-02,-3.617639467120170593e-02,6.122043132781982422e-01,-2.334734238684177399e-02,2.979976497590541840e-02,9.410808682441711426e-01,3.360560238361358643e-01,0.000000000000000000e+00,0.000000000000000000e+00,3.658711612224578857e-01,-1.135616064071655273e+00,1.403359919786453247e-01,-1.931827902793884277e+00,2.439918816089630127e-01,9.950885772705078125e-01,3.495990931987762451e-01,1.884909033775329590e+00,2.062764018774032593e-02,-9.763909131288528442e-02,-5.822490155696868896e-02,1.318026185035705566e-01,-2.154269482663702731e-18,-9.956113994121551514e-02,9.337028861045837402e-02,-1.608253270387649536e-01,1.240045856684446335e-02,1.634754799306392670e-02,6.161659515946382726e-10,5.412508547306060791e-02,7.966911047697067261e-02
4.842801019549369812e-02,-3.637618198990821838e-02,6.121587753295898438e-01,-2.289092354476451874e-02,2.945827879011631012e-02,9.410530328750610352e-01,3.361955285072326660e-01,0.000000000000000000e+00,0.000000000000000000e+00,3.658098578453063965e-01,-1.135519623756408691e+00,1.407356858253479004e-01,-1.932025194168090820e+00,2.446402609348297119e-01,9.952593445777893066e-01,3.479566872119903564e-01,1.884455919265747070e+00,2.056905254721641541e-02,-9.664884954690933228e-02,-5.790533125400543213e-02,1.323639154434204102e-01,-5.162506994837350385e-18,-9.919469058513641357e-02,9.379059076309204102e-02,-1.599183231592178345e-01,1.270845066756010056e-02,1.611033454537391663e-02,7.702017056901086511e-14,5.469818413257598877e-02,8.034113794565200806e-02
4.852763563394546509e-02,-3.648506104946136475e-02,6.121116280555725098e-01,-2.260183915495872498e-02,2.939714305102825165e-02,9.410617947578430176e-01,3.361957967281341553e-01,0.000000000000000000e+00,0.000000000000000000e+00,3.653712272644042969e-01,-1.134458661079406738e+00,1.418951302766799927e-01,-1.932427644729614258e+00,2.450180947780609131e-01,9.952005147933959961e-01,3.455905318260192871e-01,1.883984923362731934e+00,2.027324773371219635e-02,-9.619047492742538452e-02,-5.803920701146125793e-02,1.322895884513854980e-01,5.210152598120404779e-18,-9.970945864915847778e-02,9.305218607187271118e-02,-1.595258116722106934e-01,1.261236239224672318e-02,1.593605615198612213e-02,1.086412399082246124e-17,5.457238852977752686e-02,8.174696564674377441e-02
4.868867620825767517e-02,-3.665535897016525269e-02,6.120132207870483398e-01,-2.196104824542999268e-02,2.913594990968704224e-02,9.410477876663208008e-01,3.363003134727478027e-01,0.000000000000000000e+00,0.000000000000000000e+00,3.651267886161804199e-01,-1.133520960807800293e+00,1.426189690828323364e-01,-1.932667136192321777e+00,2.456815391778945923e-01,9.953235983848571777e-01,3.437378108501434326e-01,1.883994340896606445e+00,1.992564648389816284e-02,-9.488290548324584961e-02,-5.793789029121398926e-02,1.320385187864303589e-01,1.411739225276901696e-18,-1.000474616885185242e-01,9.332747012376785278e-02,-1.584037244319915771e-01,1.273747347295284271e-02,1.623837463557720184e-02,-4.327279569285406857e-19,5.393896624445915222e-02,8.181113004684448242e-02
4.876510426402091980e-02,-3.675553202629089355e-02,6.119767427444458008e-01,-2.182338200509548187e-02,2.892354689538478851e-02,9.410220980644226074e-01,3.363994359970092773e-01,0.000000000000000000e+00,0.000000000000000000e+00,3.650183379650115967e-01,-1.132730364799499512e+00,1.431351006031036377e-01,-1.933223962783813477e+00,2.459433525800704956e-01,9.958919882774353027e-01,3.422295749187469482e-01,1.884303808212280273e+00,1.943922787904739380e-02,-9.452514350414276123e-02,-5.756229534745216370e-02,1.317211240530014038e-01,4.449569951045246469e-19,-1.010703295469284058e-01,9.409926831722259521e-02,-1.582442522048950195e-01,1.320622768253087997e-02,1.641744747757911682e-02,2.483924117823235744e-19,5.287973210215568542e-02,8.269001543521881104e-02
4.890064522624015808e-02,-3.679761290550231934e-02,6.119191050529479980e-01,-2.159946598112583160e-02,2.881356701254844666e-02,9.410926103591918945e-01,3.362260758876800537e-01,0.000000000000000000e+00,0.000000000000000000e+00,3.646785616874694824e-01,-1.132960677146911621e+00,1.431996971368789673e-01,-1.933321475982666016e+00,2.466654777526855469e-01,9.967859387397766113e-01,3.409064114093780518e-01,1.884776234626770020e+00,1.884025894105434418e-02,-9.415174275636672974e-02,-5.742646008729934692e-02,1.314149349927902222e-01,5.861203297203741377e-18,-1.016003489494323730e-01,9.371812641620635986e-02,-1.579175889492034912e-01,1.340019889175891876e-02,1.630824431777000427e-02,-2.224599687065411356e-18,5.202591419219970703e-02,8.370792865753173828e-02
4.906424134969711304e-02,-3.677732497453689575e-02,6.118763089179992676e-01,-2.146236412227153778e-02,2.871947921812534332e-02,9.412924051284790039e-01,3.356831073760986328e-01,0.000000000000000000e+00,0.000000000000000000e+00,3.638092279434204102e-01,-1.133524894714355469e+00,1.429658681154251099e-01,-1.932970643043518066e+00,2.472895979881286621e-01,9.973353743553161621e-01,3.399702608585357666e-01,1.885524034500122070e+00,1.787296682596206665e-02,-9.406996518373489380e-02,-5.717484652996063232e-02,1.308968514204025269e-01,1.048362090904806851e-18,-1.017741337418556213e-01,9.386128932237625122e-02,-1.577280759811401367e-01,1.361340470612049103e-02,1.576820947229862213e-02,9.532164681265073956e-19,5.124972015619277954e-02,8.390186727046966553e-02
4.925528168678283691e-02,-3.673113882541656494e-02,6.118295192718505859e-01,-2.128073573112487793e-02,2.868462540209293365e-02,9.415247440338134766e-01,3.350455164909362793e-01,0.000000000000000000e+00,0.000000000000000000e+00,3.631829023361206055e-01,-1.133622765541076660e+00,1.429749429225921631e-01,-1.932830333709716797e+00,2.479354590177536011e-01,9.971721172332763672e-01,3.387700319290161133e-01,1.886619210243225098e+00,1.696728728711605072e-02,-9.398064017295837402e-02,-5.708506703376770020e-02,1.301809102296829224e-01,3.616142470506218329e-18,-1.020203158259391785e-01,9.407392144203186035e-02,-1.574445962905883789e-01,1.368183642625808716e-02,1.526131853461265564e-02,-7.402273865614534057e-20,5.011542513966560364e-02,8.371105790138244629e-02
4.945818707346916199e-02,-3.675357997417449951e-02,6.117686629295349121e-01,-2.092307619750499725e-02,2.839854173362255096e-02,9.417220354080200195e-01,3.345374464988708496e-01,0.000000000000000000e+00,0.000000000000000000e+00,3.626196086406707764e-01,-1.131759166717529297e+00,1.444049179553985596e-01,-1.933674454689025879e+00,2.491812258958816528e-01,9.968898892402648926e-01,3.385652005672454834e-01,1.887539505958557129e+00,1.640258543193340302e-02,-9.338507801294326782e-02,-5.659806355834007263e-02,1.295638084411621094e-01,6.046491754415619577e-18,-1.020983904600143433e-01,9.482634067535400391e-02,-1.566506326198577881e-01,1.413461659103631973e-02,1.466228999197483063e-02,-1.818447388856974344e-18,4.932508990168571472e-02,8.437168598175048828e-02
4.971622675657272339e-02,-3.670778125524520874e-02,6.116804480552673340e-01,-2.040481939911842346e-02,2.851666882634162903e-02,9.418723583221435547e-01,3.341360986232757568e-01,0.000000000000000000e+00,0.000000000000000000e+00,3.625468909740447998e-01,-1.130967736244201660e+00,1.450709998607635498e-01,-1.933507919311523438e+00,2.498902529478073120e-01,9.971802234649658203e-01,3.386949598789215088e-01,1.888672471046447754e+00,1.563108712434768677e-02,-9.268914163112640381e-02,-5.697695165872573853e-02,1.290265321731567383e-01,3.934520979555428469e-18,-1.021870002150535583e-01,9.456028789281845093e-02,-1.559181362390518188e-01,1.371942553669214249e-02,1.425132993608713150e-02,1.665083800617139786e-05,4.822225123643875122e-02,8.416281640529632568e-02
4.996642470359802246e-02,-3.667448461055755615e-02,6.116226911544799805e-01,-1.994788832962512970e-02,2.826417051255702972e-02,9.422081708908081055e-01,3.332370519638061523e-01,0.000000000000000000e+00,0.000000000000000000e+00,3.617396652698516846e-01,-1.129489660263061523e+00,1.459603160619735718e-01,-1.933280467987060547e+00,2.508905231952667236e-01,9.961120486259460449e-01,3.391107618808746338e-01,1.888763427734375000e+00,1.509162783622741699e-02,-9.199742227792739868e-02,-5.664763972163200378e-02,1.286777406930923462e-01,-2.634219526401670661e-18,-1.025213971734046936e-01,9.460707753896713257e-02,-1.548643857240676880e-01,1.396870519965887070e-02,1.431299373507499695e-02,5.845697160111740232e-05,4.853283241391181946e-02,8.427491784095764160e-02
5.017709732055664062e-02,-3.659747913479804993e-02,6.115690469741821289e-01,-1.967334747314453125e-02,2.809130027890205383e-02,9.425290822982788086e-01,3.323593437671661377e-01,0.000000000000000000e+00,0.000000000000000000e+00,3.608922064304351807e-01,-1.127615928649902344e+00,1.470921933650970459e-01,-1.933214902877807617e+00,2.514390051364898682e-01,9.950628876686096191e-01,3.398827910423278809e-01,1.889321565628051758e+00,1.424824353307485580e-02,-9.164126217365264893e-02,-5.632046610116958618e-02,1.276813447475433350e-01,-3.816412822972656965e-19,-1.035558581352233887e-01,9.508828818798065186e-02,-1.542053371667861938e-01,1.428322214633226395e-02,1.493749395012855530e-02,5.105430682306177914e-05,4.817568138241767883e-02,8.410228043794631958e-02
5.035101994872093201e-02,-3.650743886828422546e-02,6.114907860755920410e-01,-1.938057504594326019e-02,2.819035388529300690e-02,9.426395297050476074e-01,3.320548534393310547e-01,0.000000000000000000e+00,0.000000000000000000e+00,3.608468472957611084e-01,-1.127674698829650879e+00,1.476249098777770996e-01,-1.932597279548645020e+00,2.512132823467254639e-01,9.940173029899597168e-01,3.407436609268188477e-01,1.890408873558044434e+00,1.377009693533182144e-02,-9.121463447809219360e-02,-5.651871487498283386e-02,1.275958120822906494e-01,1.044523972862560802e-17,-1.042016744613647461e-01,9.455761313438415527e-02,-1.537821590900421143e-01,1.410954538732767105e-02,1.546335127204656601e-02,6.506733188871294260e-05,4.699380695819854736e-02,8.368378877639770508e-02
5.044950544834136963e-02,-3.639994189143180847e-02,6.114410758018493652e-01,-1.930823549628257751e-02,2.807363867759704590e-02,9.427974224090576172e-01,3.316203653812408447e-01,0.000000000000000000e+00,0.000000000000000000e+00,3.613243997097015381e-01,-1.127411842346191406e+00,1.469897776842117310e-01,-1.932727813720703125e+00,2.525381147861480713e-01,9.928618073463439941e-01,3.407362997531890869e-01,1.891968131065368652e+00,1.336212176829576492e-02,-9.105655550956726074e-02,-5.612301826477050781e-02,1.270598769187927246e-01,-8.318392937629263267e-19,-1.044293269515037537e-01,9.512712806463241577e-02,-1.534649282693862915e-01,1.451378967612981796e-02,1.559592690318822861e-02,6.195376045070588589e-05,4.558857530355453491e-02,8.449798077344894409e-02
5.051654577255249023e-02,-3.613875061273574829e-02,6.114230751991271973e-01,-1.946489512920379639e-02,2.852547727525234222e-02,9.429255127906799316e-01,3.312082290649414062e-01,0.000000000000000000e+00,0.000000000000000000e+00,3.615024983882904053e-01,-1.127197027206420898e+00,1.460703164339065552e-01,-1.932591915130615234e+00,2.534098029136657715e-01,9.931455850601196289e-01,3.399226963520050049e-01,1.893766880035400391e+00,1.244964171200990677e-02,-9.161259233951568604e-02,-5.664973706007003784e-02,1.264050751924514771e-01,-6.350100126447082854e-19,-1.050406172871589661e-01,9.530629217624664307e-02,-1.540313512086868286e-01,1.398150715976953506e-02,1.583253405988216400e-02,7.523791282437741756e-05,4.407560080289840698e-02,8.392631262540817261e-02
5.059095844626426697e-02,-3.587597236037254333e-02,6.113721132278442383e-01,-1.942757144570350647e-02,2.872518263757228851e-02,9.431943893432617188e-01,3.304266631603240967e-01,0.000000000000000000e+00,0.000000000000000000e+00,3.615394532680511475e-01,-1.125273346900939941e+00,1.461385637521743774e-01,-1.933500528335571289e+00,2.549294233322143555e-01,9.929472804069519043e-01,3.394300639629364014e-01,1.895946145057678223e+00,1.157100778073072433e-02,-9.166540950536727905e-02,-5.686941370368003845e-02,1.248318776488304138e-01,-4.325320805594881288e-18,-1.056656464934349060e-01,9.565202891826629639e-02,-1.538107395172119141e-01,1.373718772083520889e-02,1.586487144231796265e-02,8.498255920130759478e-05,4.216123744845390320e-02,8.305585384368896484e-02
5.045123770833015442e-02,-3.550340980291366577e-02,6.114102005958557129e-01,-2.014821767807006836e-02,2.914003655314445496e-02,9.433792829513549805e-01,3.298187255859375000e-01,0.000000000000000000e+00,0.000000000000000000e+00,3.625654578208923340e-01,-1.124574780464172363e+00,1.471641361713409424e-01,-1.934501528739929199e+00,2.560163140296936035e-01,9.923759698867797852e-01,3.393324911594390869e-01,1.898326516151428223e+00,1.103541441261768341e-02,-9.311585128307342529e-02,-5.707813799381256104e-02,1.239587962627410889e-01,3.278546901466176250e-19,-1.070879548788070679e-01,9.541714191436767578e-02,-1.550288498401641846e-01,1.356209162622690201e-02,1.566418074071407318e-02,1.109195072785951197e-04,3.965204581618309021e-02,8.382777124643325806e-02
5.027335137128829956e-02,-3.510164469480514526e-02,6.114395856857299805e-01,-2.075523696839809418e-02,2.933473326265811920e-02,9.437087178230285645e-01,3.288199007511138916e-01,0.000000000000000000e+00,0.000000000000000000e+00,3.642128705978393555e-01,-1.124554276466369629e+00,1.467412710189819336e-01,-1.935505270957946777e+00,2.588946223258972168e-01,9.914027452468872070e-01,3.394747674465179443e-01,1.901483416557312012e+00,1.081529539078474045e-02,-9.424053877592086792e-02,-5.698350444436073303e-02,1.223151758313179016e-01,-2.415896784246874748e-18,-1.068948283791542053e-01,9.576700627803802490e-02,-1.555372923612594604e-01,1.354817952960729599e-02,1.461079809814691544e-02,1.573934277985244989e-04,3.718598186969757080e-02,8.416709303855895996e-02
4.994024708867073059e-02,-3.464337438344955444e-02,6.115090847015380859e-01,-2.159683033823966980e-02,2.974260412156581879e-02,9.439020156860351562e-01,3.281736075878143311e-01,0.000000000000000000e+00,0.000000000000000000e+00,3.658756613731384277e-01,-1.124701738357543945e+00,1.460542678833007812e-01,-1.936370253562927246e+00,2.609976530075073242e-01,9.904808998107910156e-01,3.391318917274475098e-01,1.903786301612854004e+00,1.076165679842233658e-02,-9.565502405166625977e-02,-5.723297223448753357e-02,1.204047724604606628e-01,1.408192274810274314e-18,-1.083973944187164307e-01,9.676676243543624878e-02,-1.565511822700500488e-01,1.327619329094886780e-02,1.450219191610813141e-02,2.017158840317279100e-04,3.579451143741607666e-02,8.426755666732788086e-02
4.954532906413078308e-02,-3.418970853090286255e-02,6.115162372589111328e-01,-2.202230505645275116e-02,3.017994947731494904e-02,9.440057873725891113e-01,3.278067111968994141e-01,0.000000000000000000e+00,0.000000000000000000e+00,3.690457046031951904e-01,-1.122410774230957031e+00,1.472234129905700684e-01,-1.937926054000854492e+00,2.634229063987731934e-01,9.902275800704956055e-01,3.384841680526733398e-01,1.905855894088745117e+00,1.019425224512815475e-02,-9.587170183658599854e-02,-5.785029381513595581e-02,1.189459338784217834e-01,-3.276852835571667649e-18,-1.098383516073226929e-01,9.753563255071640015e-02,-1.567325443029403687e-01,1.267881598323583603e-02,1.393756270408630371e-02,2.439478557789698243e-04,3.374774008989334106e-02,8.452787250280380249e-02
4.893460497260093689e-02,-3.366094082593917847e-02,6.115342974662780762e-01,-2.260417491197586060e-02,3.075620345771312714e-02,9.440075159072875977e-01,3.277085125446319580e-01,0.000000000000000000e+00,0.000000000000000000e+00,3.741352856159210205e-01,-1.120325326919555664e+00,1.485508680343627930e-01,-1.939853072166442871e+00,2.680943012237548828e-01,9.880819916725158691e-01,3.374614715576171875e-01,1.909385561943054199e+00,9.273932315409183502e-03,-9.600301831960678101e-02,-5.869926139712333679e-02,1.173556819558143616e-01,1.653143615244377293e-18,-1.105420291423797607e-01,9.854089468717575073e-02,-1.570884436368942261e-01,1.190304569900035858e-02,1.343567948788404465e-02,2.682770136743783951e-04,3.078208491206169128e-02,8.575349301099777222e-02
4.800800979137420654e-02,-3.308016061782836914e-02,6.116353869438171387e-01,-2.361271157860755920e-02,3.123197518289089203e-02,9.439589381217956543e-01,3.277324140071868896e-01,0.000000000000000000e+00,0.000000000000000000e+00,3.798617124557495117e-01,-1.118067979812622070e+00,1.512245237827301025e-01,-1.942510008811950684e+00,2.728913426399230957e-01,9.858989715576171875e-01,3.357933461666107178e-01,1.911612153053283691e+00,9.106875397264957428e-03,-9.652115404605865479e-02,-5.933571979403495789e-02,1.153451129794120789e-01,-8.969020120238972715e-19,-1.121250763535499573e-01,1.005028188228607178e-01,-1.575815081596374512e-01,1.136371213942766190e-02,1.248944085091352463e-02,1.990763703361153603e-04,2.976998500525951385e-02,8.831583708524703979e-02
4.692552238702774048e-02,-3.219316899776458740e-02,6.116845607757568359e-01,-2.483315207064151764e-02,3.200677409768104553e-02,9.444603323936462402e-01,3.261188566684722900e-01,0.000000000000000000e+00,0.000000000000000000e+00,3.872093260288238525e-01,-1.117638945579528809e+00,1.519507467746734619e-01,-1.945626378059387207e+00,2.815956473350524902e-01,9.805126190185546875e-01,3.326111435890197754e-01,1.916333675384521484e+00,6.670122500509023666e-03,-9.742212295532226562e-02,-6.064811721444129944e-02,1.125069931149482727e-01,6.962610826430348787e-19,-1.144697517156600952e-01,9.918406605720520020e-02,-1.580833345651626587e-01,1.004713214933872223e-02,1.073162350803613663e-02,1.897025067592039704e-04,2.585376985371112823e-02,8.825177699327468872e-02
4.521420225501060486e-02,-3.115669265389442444e-02,6.119020581245422363e-01,-2.761679887771606445e-02,3.269311785697937012e-02,9.449326992034912109e-01,3.244544863700866699e-01,0.000000000000000000e+00,0.000000000000000000e+00,3.949053287506103516e-01,-1.119476795196533203e+00,1.527375876903533936e-01,-1.949402809143066406e+00,2.914563119411468506e-01,9.754097461700439453e-01,3.281445503234863281e-01,1.921981453895568848e+00,4.218335729092359543e-03,-1.006657332181930542e-01,-6.108319014310836792e-02,1.088456958532333374e-01,3.339427394550079087e-19,-1.181742250919342041e-01,9.976770728826522827e-02,-1.608091443777084351e-01,9.753642603754997253e-03,8.525226265192031860e-03,1.037821784848347306e-04,2.121680788695812225e-02,9.114263951778411865e-02
4.325644299387931824e-02,-3.010579198598861694e-02,6.120433807373046875e-01,-3.000523336231708527e-02,3.346129879355430603e-02,9.454472661018371582e-01,3.226599693298339844e-01,0.000000000000000000e+00,0.000000000000000000e+00,4.038364887237548828e-01,-1.121531009674072266e+00,1.537788212299346924e-01,-1.953766584396362305e+00,3.005708456039428711e-01,9.693508148193359375e-01,3.212538361549377441e-01,1.929647564888000488e+00,1.012509339489042759e-03,-1.026605591177940369e-01,-6.230383738875389099e-02,1.046849787235260010e-01,7.754189585419094151e-19,-1.209097430109977722e-01,1.008143350481987000e-01,-1.624033451080322266e-01,8.632312528789043427e-03,6.228070240467786789e-03,1.397562118654605001e-05,1.594659872353076935e-02,9.334439784288406372e-02
4.072343185544013977e-02,-2.895651012659072876e-02,6.122313141822814941e-01,-3.350354731082916260e-02,3.389524668455123901e-02,9.462593197822570801e-01,3.198780119419097900e-01,0.000000000000000000e+00,0.000000000000000000e+00,4.111614227294921875e-01,-1.122913956642150879e+00,1.568757295608520508e-01,-1.960196852684020996e+00,2.964046299457550049e-01,9.645098447799682617e-01,3.139604926109313965e-01,1.944105029106140137e+00,-3.829941386356949806e-03,-1.061562746763229370e-01,-6.251446157693862915e-02,1.001994833350181580e-01,1.765056513249874115e-04,-1.257791221141815186e-01,1.034844517707824707e-01,-1.653252393007278442e-01,8.497646078467369080e-03,4.443372134119272232e-03,1.746952582593053194e-09,1.039512548595666885e-02,9.671460092067718506e-02
3.756917640566825867e-02,-2.756009623408317566e-02,6.125053167343139648e-01,-3.840401768684387207e-02,3.478577360510826111e-02,9.472795128822326660e-01,3.161908090114593506e-01,0.000000000000000000e+00,0.000000000000000000e+00,4.133892655372619629e-01,-1.124043226242065430e+00,1.582772433757781982e-01,-1.965264439582824707e+00,2.737679183483123779e-01,9.630016684532165527e-01,3.116051256656646729e-01,1.961882114410400391e+00,-1.013655960559844971e-02,-1.186995953321456909e-01,-6.262466311454772949e-02,9.583254903554916382e-02,1.273134537041187286e-02,-1.353262066841125488e-01,1.061073541641235352e-01,-1.705152839422225952e-01,7.864639163017272949e-03,1.241961494088172913e-03,2.183683328561489279e-13,3.192935604602098465e-03,1.010595932602882385e-01
3.400978818535804749e-02,-2.617940120398998260e-02,6.127198934555053711e-01,-4.320723190903663635e-02,3.585007414221763611e-02,9.483265876770019531e-01,3.122892379760742188e-01,0.000000000000000000e+00,0.000000000000000000e+00,4.006783068180084229e-01,-1.120776891708374023e+00,1.531509757041931152e-01,-1.962667346000671387e+00,2.631860673427581787e-01,9.601011872291564941e-01,3.100723326206207275e-01,1.968448638916015625e+00,-1.741845533251762390e-02,-1.398538500070571899e-01,-6.294869631528854370e-02,9.237229079008102417e-02,4.288666695356369019e-02,-1.514061093330383301e-01,1.095580831170082092e-01,-1.751678138971328735e-01,6.339115556329488754e-03,-3.645784454420208931e-04,2.765283316610492705e-17,-5.131374113261699677e-03,1.046626195311546326e-01
2.978245913982391357e-02,-2.499045431613922119e-02,6.128540635108947754e-01,-4.854860156774520874e-02,3.632804751396179199e-02,9.492252469062805176e-01,3.086984455585479736e-01,0.000000000000000000e+00,0.000000000000000000e+00,3.759129941463470459e-01,-1.109640359878540039e+00,1.469331681728363037e-01,-1.949530839920043945e+00,2.585976719856262207e-01,9.569688439369201660e-01,3.081220388412475586e-01,1.970665335655212402e+00,-2.531290426850318909e-02,-1.653327345848083496e-01,-6.201010197401046753e-02,8.995777368545532227e-02,8.166165649890899658e-02,-1.722178310155868530e-01,1.166481524705886841e-01,-1.800067871809005737e-01,5.839215125888586044e-03,-2.786079188808798790e-03,1.684801471648006768e-20,-1.305972598493099213e-02,1.100114136934280396e-01
2.485059574246406555e-02,-2.347244694828987122e-02,6.129660010337829590e-01,-5.542607977986335754e-02,3.716580197215080261e-02,9.506571292877197266e-01,3.029814064502716064e-01,0.000000000000000000e+00,0.000000000000000000e+00,3.595402836799621582e-01,-1.105436205863952637e+00,1.476932466030120850e-01,-1.932132959365844727e+00,2.567299604415893555e-01,9.549580216407775879e-01,3.045342564582824707e-01,1.973663330078125000e+00,-3.623594343662261963e-02,-1.971067488193511963e-01,-6.133213266730308533e-02,8.623750507831573486e-02,1.272837370634078979e-01,-1.968974769115447998e-01,1.213685721158981323e-01,-1.869145780801773071e-01,5.113976541906595230e-03,-5.703055765479803085e-03,7.098797842481079264e-19,-2.417158335447311401e-02,1.149574369192123413e-01
1.930083334445953369e-02,-2.199205569922924042e-02,6.128349304199218750e-01,-6.274314969778060913e-02,3.684103116393089294e-02,9.526274800300598145e-01,2.953082025051116943e-01,0.000000000000000000e+00,0.000000000000000000e+00,3.508043885231018066e-01,-1.103573322296142578e+00,1.519573181867599487e-01,-1.914322257041931152e+00,2.577630281448364258e-01,9.556519985198974609e-01,2.975883781909942627e-01,1.976349353790283203e+00,-4.830136522650718689e-02,-2.301326096057891846e-01,-5.907413363456726074e-02,7.998073101043701172e-02,1.761458665132522583e-01,-2.278597056865692139e-01,1.285542100667953491e-01,-1.923954784870147705e-01,6.271930877119302750e-03,-9.121158160269260406e-03,1.438381058446009612e-18,-3.808918595314025879e-02,1.200678199529647827e-01
1.302599348127841949e-02,-2.043768391013145447e-02,6.127030253410339355e-01,-7.027266174554824829e-02,3.686485812067985535e-02,9.540860652923583984e-01,2.888296544551849365e-01,0.000000000000000000e+00,0.000000000000000000e+00,3.426946103572845459e-01,-1.104373097419738770e+00,1.555320620536804199e-01,-1.900097250938415527e+00,2.586525976657867432e-01,9.559026360511779785e-01,2.899232506752014160e-01,1.975503325462341309e+00,-5.856668576598167419e-02,-2.624665796756744385e-01,-5.825520679354667664e-02,7.408407330513000488e-02,2.250712364912033081e-01,-2.576076388359069824e-01,1.357091665267944336e-01,-1.974760591983795166e-01,6.413798779249191284e-03,-1.183581631630659103e-02,1.945925847418746545e-19,-5.066426098346710205e-02,1.235952749848365784e-01
5.364917684346437454e-03,-1.858195476233959198e-02,6.126373410224914551e-01,-8.098317682743072510e-02,3.577273711562156677e-02,9.554178118705749512e-01,2.816715240478515625e-01,0.000000000000000000e+00,0.000000000000000000e+00,3.309738337993621826e-01,-1.104402780532836914e+00,1.578320860862731934e-01,-1.889399647712707520e+00,2.617922425270080566e-01,9.557808637619018555e-01,2.803906798362731934e-01,1.972653388977050781e+00,-6.607986986637115479e-02,-2.962069511413574219e-01,-5.464994534850120544e-02,6.515162438154220581e-02,2.690349817276000977e-01,-2.921357452869415283e-01,1.496866643428802490e-01,-2.105244547128677368e-01,1.032966189086437225e-02,-1.345544867217540741e-02,8.875387720763683319e-03,-6.572328507900238037e-02,1.271013617515563965e-01
-3.058939706534147263e-03,-1.645621843636035919e-02,6.127067804336547852e-01,-9.134949743747711182e-02,3.460015356540679932e-02,9.561457037925720215e-01,2.761223018169403076e-01,0.000000000000000000e+00,0.000000000000000000e+00,3.161453008651733398e-01,-1.102847099304199219e+00,1.561826467514038086e-01,-1.882859230041503906e+00,2.678909897804260254e-01,9.564510583877563477e-01,2.662731707096099854e-01,1.971120715141296387e+00,-6.652142852544784546e-02,-3.302937746047973633e-01,-5.310735851526260376e-02,5.413324758410453796e-02,3.181261718273162842e-01,-3.281632959842681885e-01,1.654415428638458252e-01,-2.620648741722106934e-01,1.264573168009519577e-02,-1.591551490128040314e-02,9.547786414623260498e-02,-9.980742633342742920e-02,1.273196190595626831e-01
-1.204004045575857162e-02,-1.356780808418989182e-02,6.119250059127807617e-01,-1.008123159408569336e-01,3.460576757788658142e-02,9.564117789268493652e-01,2.718747258186340332e-01,0.000000000000000000e+00,0.000000000000000000e+00,3.004283010959625244e-01,-1.095851540565490723e+00,1.521527767181396484e-01,-1.890738487243652344e+00,2.750009894371032715e-01,9.581225514411926270e-01,2.482576072216033936e-01,1.973147273063659668e+00,-5.839211493730545044e-02,-3.598663210868835449e-01,-5.622893199324607849e-02,4.158857464790344238e-02,3.624074459075927734e-01,-3.623108267784118652e-01,1.828861832618713379e-01,-3.559026122093200684e-01,9.758162312209606171e-03,-1.038309745490550995e-02,2.591240108013153076e-01,-1.279664635658264160e-01,1.286757141351699829e-01
-2.249279804527759552e-02,-9.410174563527107239e-03,6.101517677307128906e-01,-1.122036874294281006e-01,3.741672262549400330e-02,9.547718167304992676e-01,2.728022038936614990e-01,0.000000000000000000e+00,0.000000000000000000e+00,2.812886536121368408e-01,-1.080307483673095703e+00,1.436026841402053833e-01,-1.910658955574035645e+00,2.809710800647735596e-01,9.574420452117919922e-01,2.340995669364929199e-01,1.976814985275268555e+00,-4.697741568088531494e-02,-3.937780559062957764e-01,-6.261413544416427612e-02,3.429608792066574097e-02,4.119353294372558594e-01,-3.993896543979644775e-01,2.019114494323730469e-01,-4.912665486335754395e-01,-6.315432023257017136e-03,-2.385338395833969116e-02,4.839912056922912598e-01,-1.700894832611083984e-01,1.063671782612800598e-01
-3.433165326714515686e-02,-3.809760790318250656e-03,6.072904467582702637e-01,-1.244666054844856262e-01,4.241666197776794434e-02,9.517932534217834473e-01,2.771254479885101318e-01,0.000000000000000000e+00,0.000000000000000000e+00,2.620447874069213867e-01,-1.053378820419311523e+00,1.292110085487365723e-01,-1.948423147201538086e+00,2.872909009456634521e-01,9.539471268653869629e-01,2.195479571819305420e-01,1.987981438636779785e+00,-2.388574555516242981e-02,-4.335668385028839111e-01,-7.405487447977066040e-02,2.849266864359378815e-02,4.717671871185302734e-01,-4.331990778446197510e-01,2.173866629600524902e-01,-6.474446654319763184e-01,-2.383307181298732758e-02,-3.019417449831962585e-02,7.246799468994140625e-01,-2.143790423870086670e-01,8.358265459537506104e-02
-4.792228713631629944e-02,4.159421194344758987e-03,6.036441922187805176e-01,-1.386366784572601318e-01,5.220677703619003296e-02,9.472662210464477539e-01,2.841497361660003662e-01,0.000000000000000000e+00,0.000000000000000000e+00,2.400554120540618896e-01,-1.016901731491088867e+00,1.073877438902854919e-01,-2.001123428344726562e+00,2.953100204467773438e-01,9.479496479034423828e-01,1.958411484956741333e-01,2.004095554351806641e+00,9.504518471658229828e-03,-4.686659276485443115e-01,-9.575654566287994385e-02,2.352698147296905518e-02,5.178896784782409668e-01,-4.635700285434722900e-01,2.224453240633010864e-01,-7.895625233650207520e-01,-3.900143504142761230e-02,-3.001096099615097046e-02,9.209528565406799316e-01,-2.140543460845947266e-01,8.071514219045639038e-02
-6.304945796728134155e-02,1.246533822268247604e-02,6.018695235252380371e-01,-1.509787589311599731e-01,5.928152054548263550e-02,9.419392943382263184e-01,2.940093576908111572e-01,0.000000000000000000e+00,0.000000000000000000e+00,2.169903516769409180e-01,-9.856905341148376465e-01,7.331651449203491211e-02,-2.063619852066040039e+00,3.097525238990783691e-01,9.354395270347595215e-01,1.673901677131652832e-01,2.021310567855834961e+00,4.625428095459938049e-02,-4.740172326564788818e-01,-1.110162287950515747e-01,2.593620494008064270e-02,5.264481306076049805e-01,-4.745803475379943848e-01,2.180359214544296265e-01,-9.007852673530578613e-01,-4.717135429382324219e-02,-2.048855461180210114e-02,1.037032008171081543e+00,-2.170903384685516357e-01,8.418623358011245728e-02
-7.930621504783630371e-02,2.075772918760776520e-02,6.030829548835754395e-01,-1.594237089157104492e-01,6.298502534627914429e-02,9.362760186195373535e-01,3.066009283065795898e-01,0.000000000000000000e+00,0.000000000000000000e+00,2.021892964839935303e-01,-9.506583809852600098e-01,2.365029044449329376e-02,-2.143535614013671875e+00,3.339528441429138184e-01,9.165915846824645996e-01,1.262786388397216797e-01,2.053999662399291992e+00,9.039094299077987671e-02,-4.173874855041503906e-01,-1.122912988066673279e-01,5.576566234230995178e-02,4.296629428863525391e-01,-4.149624705314636230e-01,2.090198993682861328e-01,-9.862878918647766113e-01,-5.184344947338104248e-02,-3.208132693544030190e-03,1.083876490592956543e+00,-2.227032631635665894e-01,9.639550745487213135e-02
-9.597571939229965210e-02,3.064865246415138245e-02,6.051647067070007324e-01,-1.629007607698440552e-01,6.886702775955200195e-02,9.300952553749084473e-01,3.219370543956756592e-01,0.000000000000000000e+00,0.000000000000000000e+00,1.846455037593841553e-01,-9.166126251220703125e-01,-2.369546703994274139e-02,-2.209906816482543945e+00,3.559253513813018799e-01,8.974633216857910156e-01,9.166432917118072510e-02,2.075587511062622070e+00,1.180584356188774109e-01,-3.180629611015319824e-01,-1.277136057615280151e-01,6.906688213348388672e-02,2.873649001121520996e-01,-3.301495909690856934e-01,1.735490560531616211e-01,-1.038186550140380859e+00,-3.078061342239379883e-02,2.876078523695468903e-02,1.049516797065734863e+00,-2.207340151071548462e-01,1.114372685551643372e-01
-1.139008775353431702e-01,4.083426669239997864e-02,6.117535829544067383e-01,-1.647002846002578735e-01,7.049536705017089844e-02,9.245939850807189941e-01,3.361995816230773926e-01,0.000000000000000000e+00,0.000000000000000000e+00,1.771333664655685425e-01,-8.926581144332885742e-01,-6.356185674667358398e-02,-2.260438442230224609e+00,3.717771172523498535e-01,8.794748187065124512e-01,7.073348015546798706e-02,2.093395709991455078e+00,1.308376342058181763e-01,-2.206706553697586060e-01,-1.512649804353713989e-01,4.273346066474914551e-02,1.474140733480453491e-01,-2.220814824104309082e-01,1.192680597305297852e-01,-1.053873419761657715e+00,6.782423239201307297e-03,7.205277681350708008e-02,9.590423703193664551e-01,-2.042322903871536255e-01,1.280224323272705078e-01
-1.322387754917144775e-01,5.114638060331344604e-02,6.190946698188781738e-01,-1.624230891466140747e-01,6.854001432657241821e-02,9.219168424606323242e-01,3.449498414993286133e-01,0.000000000000000000e+00,0.000000000000000000e+00,1.809721291065216064e-01,-8.876309394836425781e-01,-7.817128300666809082e-02,-2.285031557083129883e+00,3.820066750049591064e-01,8.680842518806457520e-01,6.240000948309898376e-02,2.099183320999145508e+00,1.361586302518844604e-01,-1.458833217620849609e-01,-1.577645987272262573e-01,5.959897488355636597e-02,8.094366639852523804e-02,-9.736464917659759521e-02,7.144887000322341919e-02,-1.025704026222229004e+00,4.182314127683639526e-02,1.178200989961624146e-01,8.361735939979553223e-01,-1.567045003175735474e-01,1.458497941493988037e-01
-1.506576985120773315e-01,6.313818693161010742e-02,6.266876459121704102e-01,-1.581858545541763306e-01,6.902424246072769165e-02,9.210481047630310059e-01,3.491178750991821289e-01,0.000000000000000000e+00,0.000000000000000000e+00,1.955938041210174561e-01,-8.884500265121459961e-01,-7.579167187213897705e-02,-2.291433811187744141e+00,3.876941800117492676e-01,8.704304099082946777e-01,6.640475243330001831e-02,2.101244211196899414e+00,1.261429935693740845e-01,-9.029403328895568848e-02,-1.570611894130706787e-01,9.375803917646408081e-02,6.688923388719558716e-02,3.745365142822265625e-02,2.235681377351284027e-02,-9.537525773048400879e-01,7.544072717428207397e-02,1.691665649414062500e-01,6.399320363998413086e-01,-8.466571569442749023e-02,1.588184386491775513e-01
-1.699996590614318848e-01,7.705786079168319702e-02,6.320980191230773926e-01,-1.546279788017272949e-01,7.181044667959213257e-02,9.220401644706726074e-01,3.475274741649627686e-01,0.000000000000000000e+00,0.000000000000000000e+00,2.135183960199356079e-01,-8.998178839683532715e-01,-4.966826736927032471e-02,-2.272701740264892578e+00,3.840630948543548584e-01,8.819200396537780762e-01,7.932694256305694580e-02,2.091367483139038086e+00,1.101491376757621765e-01,-7.669273018836975098e-02,-1.506613492965698242e-01,1.315257549285888672e-01,1.396688967943191528e-01,1.465750038623809814e-01,-1.940156146883964539e-02,-8.527738451957702637e-01,8.644416183233261108e-02,1.989314258098602295e-01,4.292551279067993164e-01,-2.109945751726627350e-03,1.651799678802490234e-01
-1.889114081859588623e-01,9.205612540245056152e-02,6.312016248703002930e-01,-1.444341093301773071e-01,7.627605646848678589e-02,9.260603189468383789e-01,3.401955962181091309e-01,0.000000000000000000e+00,0.000000000000000000e+00,2.290829718112945557e-01,-9.300662279129028320e-01,-1.331081148236989975e-02,-2.237491369247436523e+00,3.709942698478698730e-01,8.892600536346435547e-01,8.778021484613418579e-02,2.083549499511718750e+00,9.436228871345520020e-02,-1.190914064645767212e-01,-1.339473426342010498e-01,1.603416651487350464e-01,3.227020800113677979e-01,1.861059814691543579e-01,-3.026008233428001404e-02,-8.118126988410949707e-01,8.735435456037521362e-02,1.930021345615386963e-01,4.039700031280517578e-01,1.303820405155420303e-02,1.520644724369049072e-01
-2.095781862735748291e-01,1.065295040607452393e-01,6.215403676033020020e-01,-1.341463327407836914e-01,7.384382933378219604e-02,9.324815273284912109e-01,3.271544873714447021e-01,0.000000000000000000e+00,0.000000000000000000e+00,2.478060871362686157e-01,-9.782130718231201172e-01,1.834993623197078705e-02,-2.186413526535034180e+00,3.344975113868713379e-01,8.915235400199890137e-01,9.799394756555557251e-02,2.094001531600952148e+00,7.056633383035659790e-02,-2.133730351924896240e-01,-9.866447001695632935e-02,1.823951452970504761e-01,5.769888162612915039e-01,1.650318354368209839e-01,-5.369441583752632141e-03,-8.292308449745178223e-01,9.723415970802307129e-02,1.674643307924270630e-01,5.477419495582580566e-01,-5.003692209720611572e-02,1.123590320348739624e-01
-2.327735573053359985e-01,1.215764358639717102e-01,6.070973873138427734e-01,-1.305803209543228149e-01,6.776049733161926270e-02,9.400281310081481934e-01,3.077407479286193848e-01,0.000000000000000000e+00,0.000000000000000000e+00,2.531741261482238770e-01,-1.040723919868469238e+00,3.808930888772010803e-02,-2.122427701950073242e+00,2.691667079925537109e-01,8.912248015403747559e-01,1.064041778445243835e-01,2.125266790390014648e+00,3.964776545763015747e-02,-3.670687973499298096e-01,-4.179245606064796448e-02,1.898071467876434326e-01,8.776027560234069824e-01,8.827506005764007568e-02,3.797977417707443237e-02,-8.929461240768432617e-01,1.117990538477897644e-01,1.272216886281967163e-01,7.768165469169616699e-01,-2.028542459011077881e-01,4.724575951695442200e-02
-2.584904730319976807e-01,1.366977840662002563e-01,5.956496596336364746e-01,-1.332599520683288574e-01,5.657934769988059998e-02,9.490182995796203613e-01,2.800086438655853271e-01,0.000000000000000000e+00,0.000000000000000000e+00,2.546043992042541504e-01,-1.107155919075012207e+00,4.503684118390083313e-02,-2.066487550735473633e+00,1.925541907548904419e-01,8.954391479492187500e-01,8.410213887691497803e-02,2.191625356674194336e+00,-4.209703765809535980e-03,-5.412634015083312988e-01,2.717741578817367554e-02,1.924679428339004517e-01,1.130200266838073730e+00,-5.771212745457887650e-03,8.369642496109008789e-02,-9.123241305351257324e-01,1.292856335639953613e-01,9.268274158239364624e-02,9.250765442848205566e-01,-3.563113212585449219e-01,1.343826064839959145e-03
-2.838328182697296143e-01,1.526332944631576538e-01,5.968986153602600098e-01,-1.320989876985549927e-01,4.757029935717582703e-02,9.598952531814575195e-01,2.426686286926269531e-01,0.000000000000000000e+00,0.000000000000000000e+00,2.634354829788208008e-01,-1.155623674392700195e+00,5.319817736744880676e-02,-2.025617361068725586e+00,1.247096285223960876e-01,9.230628013610839844e-01,4.707742109894752502e-02,2.275584220886230469e+00,-4.813384637236595154e-02,-6.913427710533142090e-01,8.970453590154647827e-02,1.758827120065689087e-01,1.273049116134643555e+00,-1.022586300969123840e-01,1.103404909372329712e-01,-8.302971720695495605e-01,1.177474483847618103e-01,4.750077798962593079e-02,9.231352210044860840e-01,-4.229385256767272949e-01,-1.709038764238357544e-02
-3.084051012992858887e-01,1.673728376626968384e-01,6.073938608169555664e-01,-1.230424270033836365e-01,3.641191869974136353e-02,9.709097146987915039e-01,2.021608650684356689e-01,0.000000000000000000e+00,0.000000000000000000e+00,2.863456010818481445e-01,-1.175957441329956055e+00,5.694126337766647339e-02,-2.019469022750854492e+00,9.259937703609466553e-02,9.607062935829162598e-01,1.938681676983833313e-02,2.340354681015014648e+00,-8.726889640092849731e-02,-7.764775156974792480e-01,1.111776009202003479e-01,1.495196670293807983e-01,1.229869484901428223e+00,-1.615850031375885010e-01,1.142465397715568542e-01,-6.444504261016845703e-01,9.744948148727416992e-02,-1.278112735599279404e-02,7.622762322425842285e-01,-3.664105832576751709e-01,-4.712098278105258942e-03
-3.347032964229583740e-01,1.813785582780838013e-01,6.228038668632507324e-01,-1.156969368457794189e-01,2.631355077028274536e-02,9.794549345970153809e-01,1.630639433860778809e-01,0.000000000000000000e+00,0.000000000000000000e+00,3.160625994205474854e-01,-1.190640211105346680e+00,5.747659131884574890e-02,-2.027147531509399414e+00,9.541857987642288208e-02,9.902226328849792480e-01,1.040227990597486496e-02,2.377872467041015625e+00,-9.778535366058349609e-02,-8.039966225624084473e-01,7.946258038282394409e-02,1.228672638535499573e-01,1.045611262321472168e+00,-1.909808069467544556e-01,1.077508404850959778e-01,-4.357507526874542236e-01,8.666963875293731689e-02,-5.808864161372184753e-02,5.541984438896179199e-01,-1.958274245262145996e-01,6.138407811522483826e-02
-3.606728911399841309e-01,1.935405582189559937e-01,6.374971270561218262e-01,-1.036852225661277771e-01,1.833946816623210907e-02,9.853255152702331543e-01,1.343377828598022461e-01,0.000000000000000000e+00,0.000000000000000000e+00,3.348917961120605469e-01,-1.208374977111816406e+00,5.948104336857795715e-02,-2.020879983901977539e+00,1.152433976531028748e-01,9.961802363395690918e-01,-3.712457837536931038e-03,2.404951333999633789e+00,-8.088889718055725098e-02,-7.437925934791564941e-01,2.607951173558831215e-03,1.001412719488143921e-01,7.204169034957885742e-01,-1.616230458021163940e-01,8.694338053464889526e-02,-2.757171690464019775e-01,5.924450606107711792e-02,-1.164700314402580261e-01,4.350766539573669434e-01,7.394633139483630657e-04,1.238873377442359924e-01
-3.867296576499938965e-01,2.036345452070236206e-01,6.443978548049926758e-01,-8.887001872062683105e-02,1.205562148243188858e-02,9.885334372520446777e-01,1.214841008186340332e-01,0.000000000000000000e+00,0.000000000000000000e+00,3.493371605873107910e-01,-1.224072933197021484e+00,5.641692131757736206e-02,-2.018772363662719727e+00,1.297154128551483154e-01,9.898638129234313965e-01,3.624613862484693527e-03,2.412738323211669922e+00,-5.533392354846000671e-02,-5.975590944290161133e-01,-7.569313049316406250e-02,7.537191361188888550e-02,3.055684864521026611e-01,-6.200681626796722412e-02,5.370616912841796875e-02,-2.105425000190734863e-01,2.544751390814781189e-02,-1.705673635005950928e-01,4.878770411014556885e-01,1.552211642265319824e-01,1.676748692989349365e-01
-4.152183532714843750e-01,2.136608809232711792e-01,6.402195096015930176e-01,-7.778351753950119019e-02,8.232165127992630005e-03,9.899625778198242188e-01,1.177118048071861267e-01,0.000000000000000000e+00,0.000000000000000000e+00,3.480663299560546875e-01,-1.224615335464477539e+00,5.720898509025573730e-02,-2.048266649246215820e+00,1.444262117147445679e-01,9.849838614463806152e-01,2.315286733210086823e-02,2.408255338668823242e+00,-3.437523171305656433e-02,-4.995144605636596680e-01,-1.211911365389823914e-01,4.360327124595642090e-02,1.122366115450859070e-01,-1.496705319732427597e-02,6.714119762182235718e-02,-2.279307097196578979e-01,-2.587237861007452011e-03,-1.865392774343490601e-01,6.813915967941284180e-01,2.243163287639617920e-01,1.757884770631790161e-01
-4.458938241004943848e-01,2.241611182689666748e-01,6.289333105087280273e-01,-7.241304963827133179e-02,6.770412437617778778e-03,9.904254674911499023e-01,1.173369586467742920e-01,0.000000000000000000e+00,0.000000000000000000e+00,3.081980347633361816e-01,-1.197338581085205078e+00,6.000369414687156677e-02,-2.104959011077880859e+00,1.586424559354782104e-01,9.977344274520874023e-01,1.187009457498788834e-02,2.384616136550903320e+00,-6.625693291425704956e-03,-5.031569600105285645e-01,-1.435475945472717285e-01,3.619128605350852013e-03,1.990139037370681763e-01,-6.497836858034133911e-02,1.425177752971649170e-01,-3.012645542621612549e-01,-3.348008170723915100e-02,-1.888686567544937134e-01,9.180886149406433105e-01,2.267252504825592041e-01,1.464971452951431274e-01
-4.783867597579956055e-01,2.361461669206619263e-01,6.170371770858764648e-01,-7.400787621736526489e-02,9.628042578697204590e-03,9.906795024871826172e-01,1.139483600854873657e-01,0.000000000000000000e+00,0.000000000000000000e+00,2.390932887792587280e-01,-1.148459315299987793e+00,6.870923191308975220e-02,-2.177621126174926758e+00,1.764927804470062256e-01,1.017960786819458008e+00,-7.170075085014104843e-03,2.340229988098144531e+00,2.022558823227882385e-02,-5.938416123390197754e-01,-1.553237885236740112e-01,-1.643405295908451080e-02,4.833401441574096680e-01,-2.259052544832229614e-01,2.541876435279846191e-01,-4.280387759208679199e-01,-7.237953692674636841e-02,-1.840958744287490845e-01,1.145398616790771484e+00,1.830523610115051270e-01,1.083030775189399719e-01
-5.125842690467834473e-01,2.470428794622421265e-01,6.110675334930419922e-01,-8.031917363405227661e-02,1.084183342754840851e-02,9.895726442337036133e-01,1.190682500600814819e-01,0.000000000000000000e+00,0.000000000000000000e+00,1.622828245162963867e-01,-1.104645133018493652e+00,7.428690791130065918e-02,-2.236267328262329102e+00,2.031110525131225586e-01,1.031513690948486328e+00,-4.295647609978914261e-03,2.301736593246459961e+00,5.465969443321228027e-02,-6.385197639465332031e-01,-1.648730635643005371e-01,-1.981161162257194519e-02,6.822780370712280273e-01,-3.617008030414581299e-01,3.032352626323699951e-01,-5.618923902511596680e-01,-9.394026547670364380e-02,-1.692710369825363159e-01,1.284587740898132324e+00,1.164995580911636353e-01,7.244200259447097778e-02
-5.450571179389953613e-01,2.571589052677154541e-01,6.122423410415649414e-01,-7.929534465074539185e-02,1.597893610596656799e-02,9.874289035797119141e-01,1.357979923486709595e-01,0.000000000000000000e+00,0.000000000000000000e+00,1.071735247969627380e-01,-1.081454753875732422e+00,7.168591022491455078e-02,-2.308840990066528320e+00,2.427578419446945190e-01,1.014175295829772949e+00,-9.633222594857215881e-03,2.292138099670410156e+00,8.483853936195373535e-02,-5.855312347412109375e-01,-1.575626879930496216e-01,8.825766853988170624e-03,7.303348779678344727e-01,-4.237166047096252441e-01,2.898951470851898193e-01,-6.881785988807678223e-01,-9.812257438898086548e-02,-1.324084252119064331e-01,1.346496701240539551e+00,3.874403238296508789e-02,5.104964599013328552e-02
-5.767651200294494629e-01,2.668522000312805176e-01,6.254900097846984863e-01,-7.659579813480377197e-02,2.177179604768753052e-02,9.845246076583862305e-01,1.561101377010345459e-01,0.000000000000000000e+00,0.000000000000000000e+00,7.878677546977996826e-02,-1.072437644004821777e+00,5.884984508156776428e-02,-2.356285095214843750e+00,2.993808090686798096e-01,9.801583290100097656e-01,-6.874839309602975845e-03,2.291842460632324219e+00,1.295063942670822144e-01,-4.317831993103027344e-01,-1.490729749202728271e-01,2.920508570969104767e-02,5.953509211540222168e-01,-3.285820186138153076e-01,2.254523336887359619e-01,-7.594884037971496582e-01,-8.733922988176345825e-02,-9.465435892343521118e-02,1.271886706352233887e+00,-2.308256737887859344e-02,5.218742787837982178e-02
-6.067602038383483887e-01,2.737986147403717041e-01,6.415454745292663574e-01,-6.688956916332244873e-02,1.926135271787643433e-02,9.817590117454528809e-01,1.769294887781143188e-01,0.000000000000000000e+00,0.000000000000000000e+00,7.403757423162460327e-02,-1.073327660560607910e+00,4.913499578833580017e-02,-2.381135940551757812e+00,3.480047881603240967e-01,9.469335079193115234e-01,-1.542066223919391632e-03,2.281424045562744141e+00,1.678479015827178955e-01,-2.383861690759658813e-01,-1.423676908016204834e-01,4.531401395797729492e-02,3.894208371639251709e-01,-1.560942828655242920e-01,1.408535093069076538e-01,-7.666509747505187988e-01,-5.750348791480064392e-02,-4.833584278821945190e-02,1.086314797401428223e+00,-4.764639586210250854e-02,6.940108537673950195e-02
-6.350373625755310059e-01,2.797692418098449707e-01,6.563993692398071289e-01,-5.275051295757293701e-02,1.364918332546949387e-02,9.796403646469116211e-01,1.932247430086135864e-01,0.000000000000000000e+00,0.000000000000000000e+00,9.809675067663192749e-02,-1.074899792671203613e+00,5.578739941120147705e-02,-2.385431766510009766e+00,3.944002389907836914e-01,9.318895339965820312e-01,1.262824609875679016e-02,2.254976749420166016e+00,1.811976283788681030e-01,-6.955482065677642822e-02,-1.223776414990425110e-01,9.297966957092285156e-02,2.374375909566879272e-01,4.612666368484497070e-02,4.355876147747039795e-02,-7.034190297126770020e-01,-9.111146442592144012e-03,2.003394765779376030e-03,7.757299542427062988e-01,-2.880864776670932770e-02,9.650962054729461670e-02
-6.622692346572875977e-01,2.874640226364135742e-01,6.669420003890991211e-01,-3.982789814472198486e-02,1.312631648033857346e-02,9.790368676185607910e-01,1.993195712566375732e-01,0.000000000000000000e+00,0.000000000000000000e+00,1.288469880819320679e-01,-1.071665763854980469e+00,8.278264850378036499e-02,-2.373905658721923828e+00,4.228461682796478271e-01,9.360774755477905273e-01,3.304667398333549500e-02,2.213451385498046875e+00,1.650906354188919067e-01,2.247058600187301636e-02,-9.408306330442428589e-02,1.645141094923019409e-01,2.298830300569534302e-01,2.059709131717681885e-01,-4.367887973785400391e-02,-5.478833913803100586e-01,3.313219919800758362e-02,4.507442191243171692e-02,3.342732787132263184e-01,6.889766454696655273e-02,1.334761679172515869e-01
-6.914822459220886230e-01,2.969973981380462646e-01,6.674160361289978027e-01,-3.474710509181022644e-02,1.734578981995582581e-02,9.796088337898254395e-01,1.971251219511032104e-01,0.000000000000000000e+00,0.000000000000000000e+00,1.482876986265182495e-01,-1.071917653083801270e+00,1.073602586984634399e-01,-2.360590219497680664e+00,4.256276786327362061e-01,9.348276853561401367e-01,4.308284446597099304e-02,2.182211160659790039e+00,1.454509049654006958e-01,1.497325114905834198e-02,-6.147653609514236450e-02,2.174960225820541382e-01,3.871099948883056641e-01,2.548114061355590820e-01,-7.238098233938217163e-02,-4.381876289844512939e-01,4.965945705771446228e-02,6.562156975269317627e-02,6.138386204838752747e-02,1.589594632387161255e-01,1.578320264816284180e-01
-7.213000059127807617e-01,3.048075139522552490e-01,6.578127741813659668e-01,-3.030082210898399353e-02,1.208618376404047012e-02,9.818598628044128418e-01,1.867805570363998413e-01,0.000000000000000000e+00,0.000000000000000000e+00,1.657727509737014771e-01,-1.084920763969421387e+00,1.165083870291709900e-01,-2.338739156723022461e+00,4.140955507755279541e-01,9.321599006652832031e-01,6.346914172172546387e-02,2.155150413513183594e+00,1.134929731488227844e-01,-5.925052240490913391e-02,-3.146999049931764603e-03,2.574777901172637939e-01,6.400018334388732910e-01,2.298830747604370117e-01,-4.716747999191284180e-02,-4.340679943561553955e-01,7.327915728092193604e-02,7.453604042530059814e-02,9.850375354290008545e-02,1.258491724729537964e-01,1.277912706136703491e-01
-7.522538304328918457e-01,3.120657503604888916e-01,6.445242762565612793e-01,-3.277752175927162170e-02,2.426864812150597572e-03,9.849148988723754883e-01,1.698892116546630859e-01,0.000000000000000000e+00,0.000000000000000000e+00,1.697131991386413574e-01,-1.114768266677856445e+00,1.190508231520652771e-01,-2.292249679565429688e+00,3.678289651870727539e-01,9.287959337234497070e-01,1.070186868309974670e-01,2.134953737258911133e+00,6.876098364591598511e-02,-2.072812765836715698e-01,7.748005539178848267e-02,2.669424116611480713e-01,9.414457082748413086e-01,1.534436196088790894e-01,7.004851941019296646e-03,-5.469396114349365234e-01,1.080584079027175903e-01,5.811072885990142822e-02,3.977858424186706543e-01,-5.619880557060241699e-02,4.616621136665344238e-02
-7.872770428657531738e-01,3.196258544921875000e-01,6.326871514320373535e-01,-5.224416404962539673e-02,-5.288970656692981720e-03,9.874675273895263672e-01,1.488303989171981812e-01,0.000000000000000000e+00,0.000000000000000000e+00,1.922088861465454102e-01,-1.132271766662597656e+00,1.203228086233139038e-01,-2.205514192581176758e+00,3.001398146152496338e-01,9.235749840736389160e-01,1.255370527505874634e-01,2.140786170959472656e+00,2.252385579049587250e-02,-3.965580761432647705e-01,1.384292244911193848e-01,2.379855662584304810e-01,1.195671200752258301e+00,3.917486220598220825e-02,8.181810379028320312e-02,-6.841171383857727051e-01,1.260887980461120605e-01,3.661016374826431274e-02,7.137585878372192383e-01,-2.365119308233261108e-01,-1.580318622291088104e-02
-8.207980394363403320e-01,3.283775448799133301e-01,6.292525529861450195e-01,-6.838031113147735596e-02,-5.240909289568662643e-03,9.905506968498229980e-01,1.187683865427970886e-01,0.000000000000000000e+00,0.000000000000000000e+00,2.192634046077728271e-01,-1.143007040023803711e+00,1.035091280937194824e-01,-2.150930166244506836e+00,2.306275963783264160e-01,9.302748441696166992e-01,1.229530572891235352e-01,2.182805776596069336e+00,-2.846497297286987305e-02,-5.648729205131530762e-01,1.687233000993728638e-01,2.118340730667114258e-01,1.333657979965209961e+00,-6.493336707353591919e-02,1.307850033044815063e-01,-7.188997268676757812e-01,1.241170018911361694e-01,1.791012473404407501e-02,8.456960320472717285e-01,-3.422002196311950684e-01,-3.523193672299385071e-02
-8.510941863059997559e-01,3.365574777126312256e-01,6.349384784698486328e-01,-7.268337160348892212e-02,-7.199404761195182800e-03,9.946614503860473633e-01,7.289680093526840210e-02,0.000000000000000000e+00,0.000000000000000000e+00,2.873457372188568115e-01,-1.147339701652526855e+00,6.755996495485305786e-02,-2.161904573440551758e+00,1.930374056100845337e-01,9.473117589950561523e-01,9.126100689172744751e-02,2.263557195663452148e+00,-7.483270764350891113e-02,-6.910082697868347168e-01,1.637875288724899292e-01,1.815723478794097900e-01,1.350018382072448730e+00,-1.296750754117965698e-01,1.414182484149932861e-01,-6.367643475532531738e-01,9.558356553316116333e-02,-2.399173937737941742e-02,8.186583518981933594e-01,-3.574175834655761719e-01,-2.351344749331474304e-02
-8.794012665748596191e-01,3.437210321426391602e-01,6.496028304100036621e-01,-6.793443113565444946e-02,-1.257173158228397369e-02,9.975141286849975586e-01,1.387287769466638565e-02,0.000000000000000000e+00,0.000000000000000000e+00,3.719789981842041016e-01,-1.141895294189453125e+00,3.799452260136604309e-02,-2.182384729385375977e+00,1.870787590742111206e-01,9.679879546165466309e-01,5.488932132720947266e-02,2.338369131088256836e+00,-1.223548129200935364e-01,-7.390858530998229980e-01,1.253296881914138794e-01,1.609789878129959106e-01,1.208228588104248047e+00,-1.464337706565856934e-01,1.193408817052841187e-01,-4.365466833114624023e-01,7.853823155164718628e-02,-6.365728378295898438e-02,6.025345325469970703e-01,-2.025758028030395508e-01,4.394413530826568604e-02
-9.074493050575256348e-01,3.492482900619506836e-01,6.671594977378845215e-01,-6.038060784339904785e-02,-1.657256297767162323e-02,9.972731471061706543e-01,-3.906192258000373840e-02,0.000000000000000000e+00,0.000000000000000000e+00,4.364124238491058350e-01,-1.143855571746826172e+00,2.425690367817878723e-02,-2.184675455093383789e+00,1.992973089218139648e-01,9.760293364524841309e-01,1.815446652472019196e-02,2.389042377471923828e+00,-1.463788449764251709e-01,-7.327976822853088379e-01,6.946974992752075195e-02,1.442123353481292725e-01,9.828834533691406250e-01,-1.342179924249649048e-01,9.172600507736206055e-02,-2.476596534252166748e-01,6.075102835893630981e-02,-1.061931326985359192e-01,4.067268371582031250e-01,9.042842313647270203e-03,1.195830777287483215e-01
-9.349193572998046875e-01,3.525936305522918701e-01,6.813311576843261719e-01,-5.111194774508476257e-02,-1.834785565733909607e-02,9.953887462615966797e-01,-7.907064259052276611e-02,0.000000000000000000e+00,0.000000000000000000e+00,4.698317646980285645e-01,-1.160356879234313965e+00,1.304840855300426483e-02,-2.168815374374389648e+00,2.137249261140823364e-01,9.744631052017211914e-01,-1.885330677032470703e-02,2.417785644531250000e+00,-1.404035091400146484e-01,-6.435372829437255859e-01,-1.694805733859539032e-02,1.309948712587356567e-01,6.254299879074096680e-01,-6.430613249540328979e-02,4.817536845803260803e-02,-1.158517971634864807e-01,3.412920981645584106e-02,-1.663106828927993774e-01,3.238747715950012207e-01,2.111957073211669922e-01,1.856664568185806274e-01
-9.638906717300415039e-01,3.536603450775146484e-01,6.881037950515747070e-01,-4.661446809768676758e-02,-1.833717897534370422e-02,9.933590292930603027e-01,-1.035796031355857849e-01,0.000000000000000000e+00,0.000000000000000000e+00,4.826603531837463379e-01,-1.186626434326171875e+00,6.430851761251688004e-03,-2.158364295959472656e+00,2.287106513977050781e-01,9.673197269439697266e-01,-3.070802055299282074e-02,2.424321174621582031e+00,-1.231708154082298279e-01,-4.755684137344360352e-01,-9.936180710792541504e-02,1.128989011049270630e-01,1.993916183710098267e-01,5.820644646883010864e-02,9.666826575994491577e-03,-7.214801758527755737e-02,1.938333851285278797e-03,-2.113666683435440063e-01,4.014211595058441162e-01,3.433706462383270264e-01,2.226607650518417358e-01
-9.945340156555175781e-01,3.519026041030883789e-01,6.847919225692749023e-01,-4.607526585459709167e-02,-2.098375186324119568e-02,9.922457337379455566e-01,-1.135127097368240356e-01,0.000000000000000000e+00,0.000000000000000000e+00,4.737527072429656982e-01,-1.204509258270263672e+00,1.691978424787521362e-02,-2.166231393814086914e+00,2.425975650548934937e-01,9.715579748153686523e-01,-2.868270687758922577e-02,2.418664932250976562e+00,-9.608845412731170654e-02,-3.849103748798370361e-01,-1.423861235380172729e-01,1.012744978070259094e-01,2.826172672212123871e-02,1.058199256658554077e-01,2.513038925826549530e-02,-1.193467751145362854e-01,-3.092323988676071167e-02,-2.269863635301589966e-01,6.098909974098205566e-01,3.350443840026855469e-01,2.184503823518753052e-01
-1.026108741760253906e+00,3.487744927406311035e-01,6.746931672096252441e-01,-5.004807189106941223e-02,-2.201731689274311066e-02,9.919750690460205078e-01,-1.139993518590927124e-01,0.000000000000000000e+00,0.000000000000000000e+00,4.232269227504730225e-01,-1.200655221939086914e+00,4.157899320125579834e-02,-2.191074371337890625e+00,2.521164715290069580e-01,9.855091571807861328e-01,-2.960918284952640533e-02,2.392541646957397461e+00,-5.385190248489379883e-02,-3.933404386043548584e-01,-1.636611670255661011e-01,7.975693047046661377e-02,1.068610027432441711e-01,4.480418562889099121e-02,1.062525957822799683e-01,-2.382262200117111206e-01,-6.840166449546813965e-02,-2.160659432411193848e-01,8.729768991470336914e-01,2.705329954624176025e-01,1.873277872800827026e-01
-1.058433651924133301e+00,3.451113402843475342e-01,6.626567244529724121e-01,-5.799473077058792114e-02,-2.070980705320835114e-02,9.921348690986633301e-01,-1.089777573943138123e-01,0.000000000000000000e+00,0.000000000000000000e+00,3.142649233341217041e-01,-1.160229206085205078e+00,7.963734120130538940e-02,-2.208843708038330078e+00,2.557486891746520996e-01,1.014690518379211426e+00,-3.403754532337188721e-02,2.328758239746093750e+00,6.772277411073446274e-04,-5.012442469596862793e-01,-1.752315163612365723e-01,5.119057372212409973e-02,3.669765889644622803e-01,-1.368442028760910034e-01,2.255493700504302979e-01,-3.997780680656433105e-01,-9.348139166831970215e-02,-1.880255192518234253e-01,1.098894834518432617e+00,2.173622101545333862e-01,1.594584733247756958e-01
-1.091642141342163086e+00,3.397430479526519775e-01,6.567360758781433105e-01,-6.731038540601730347e-02,-2.141922526061534882e-02,9.929208755493164062e-01,-9.549187123775482178e-02,0.000000000000000000e+00,0.000000000000000000e+00,1.725676953792572021e-01,-1.111904859542846680e+00,1.115411445498466492e-01,-2.254422903060913086e+00,2.722627222537994385e-01,1.024970173835754395e+00,-2.576846629381179810e-02,2.254626512527465820e+00,5.683670565485954285e-02,-5.823760628700256348e-01,-1.809858381748199463e-01,4.769314825534820557e-02,5.976440906524658203e-01,-2.930738925933837891e-01,2.858010530471801758e-01,-5.699689388275146484e-01,-9.990245103836059570e-02,-1.466949731111526489e-01,1.255855679512023926e+00,1.346328556537628174e-01,1.272743791341781616e-01
-1.124053716659545898e+00,3.337673544883728027e-01,6.593071818351745605e-01,-7.253149896860122681e-02,-1.539972610771656036e-02,9.949415326118469238e-01,-6.777419149875640869e-02,0.000000000000000000e+00,0.000000000000000000e+00,4.006041958928108215e-02,-1.088045716285705566e+00,1.297526657581329346e-01,-2.351342201232910156e+00,3.024592697620391846e-01,1.001559495925903320e+00,-1.023674104362726212e-02,2.213908672332763672e+00,1.195454671978950500e-01,-5.281164050102233887e-01,-1.904344260692596436e-01,5.446599423885345459e-02,6.128659844398498535e-01,-3.572900891304016113e-01,2.729428708553314209e-01,-6.937227845191955566e-01,-9.905510395765304565e-02,-9.097142517566680908e-02,1.293737649917602539e+00,4.482040554285049438e-02,1.014538258314132690e-01
-1.153883457183837891e+00,3.271239399909973145e-01,6.710924506187438965e-01,-6.714975833892822266e-02,-9.414163418114185333e-03,9.969593286514282227e-01,-3.839791938662528992e-02,0.000000000000000000e+00,0.000000000000000000e+00,-4.371972382068634033e-02,-1.080644726753234863e+00,1.195997595787048340e-01,-2.424965858459472656e+00,3.453738689422607422e-01,9.652680158615112305e-01,-5.589146632701158524e-03,2.212507963180541992e+00,1.821368485689163208e-01,-3.599831461906433105e-01,-1.873838156461715698e-01,7.657989859580993652e-02,4.757953286170959473e-01,-2.678756415843963623e-01,2.167000025510787964e-01,-7.532980442047119141e-01,-8.697599172592163086e-02,-4.006709530949592590e-02,1.201886892318725586e+00,-3.102403320372104645e-02,8.575520664453506470e-02
-1.181357622146606445e+00,3.202086091041564941e-01,6.854885816574096680e-01,-5.363619327545166016e-02,-3.141780151054263115e-03,9.984621405601501465e-01,-1.366384606808423996e-02,0.000000000000000000e+00,0.000000000000000000e+00,-7.083312422037124634e-02,-1.109010219573974609e+00,9.672398120164871216e-02,-2.435648918151855469e+00,4.099511206150054932e-01,9.319644570350646973e-01,-6.700298283249139786e-03,2.208278656005859375e+00,2.257932871580123901e-01,-1.709445267915725708e-01,-1.894047558307647705e-01,1.083056405186653137e-01,3.078265488147735596e-01,-9.201694279909133911e-02,1.331712305545806885e-01,-7.468114495277404785e-01,-5.439339205622673035e-02,1.356812100857496262e-02,1.013077378273010254e+00,-6.502743065357208252e-02,8.555287122726440430e-02
-1.208250284194946289e+00,3.120838701725006104e-01,6.999704241752624512e-01,-4.006392508745193481e-02,-7.907858118414878845e-03,9.991645812988281250e-01,-1.566105172969400883e-03,0.000000000000000000e+00,0.000000000000000000e+00,-7.146569341421127319e-02,-1.103701829910278320e+00,9.581573307514190674e-02,-2.440000057220458984e+00,4.497159123420715332e-01,9.249452352523803711e-01,-8.023261092603206635e-03,2.188951969146728516e+00,2.286428213119506836e-01,-2.109448052942752838e-02,-1.635394841432571411e-01,1.580450683832168579e-01,2.005429565906524658e-01,1.101154312491416931e-01,3.570379689335823059e-02,-6.681737899780273438e-01,1.304946187883615494e-02,6.514161825180053711e-02,6.933351159095764160e-01,-3.320315480232238770e-02,1.079013273119926453e-01
-1.235626459121704102e+00,3.053659796714782715e-01,7.102116346359252930e-01,-3.108179196715354919e-02,-1.093624625355005264e-02,9.994503259658813477e-01,-3.648365382105112076e-03,0.000000000000000000e+00,0.000000000000000000e+00,-4.922840371727943420e-02,-1.101233482360839844e+00,1.066858097910881042e-01,-2.437983512878417969e+00,4.645023047924041748e-01,9.397307634353637695e-01,7.154345046728849411e-03,2.148927927017211914e+00,2.049431055784225464e-01,1.732862554490566254e-02,-1.250099092721939087e-01,2.284633517265319824e-01,2.684769630432128906e-01,2.332291901111602783e-01,-3.848508745431900024e-02,-5.150399208068847656e-01,5.715829879045486450e-02,1.036095842719078064e-01,2.746542394161224365e-01,8.434792608022689819e-02,1.366657167673110962e-01
-1.265511393547058105e+00,3.006977438926696777e-01,7.117188572883605957e-01,-3.027830272912979126e-02,-6.335687357932329178e-03,9.993739724159240723e-01,-1.716803945600986481e-02,0.000000000000000000e+00,0.000000000000000000e+00,-1.788069121539592743e-02,-1.111787199974060059e+00,1.140211448073387146e-01,-2.426373958587646484e+00,4.654174149036407471e-01,9.575335383415222168e-01,1.169980037957429886e-02,2.112690210342407227e+00,1.807172894477844238e-01,-4.163554683327674866e-02,-6.948762387037277222e-02,2.909293770790100098e-01,4.911490678787231445e-01,2.549497485160827637e-01,-6.004374474287033081e-02,-4.103757739067077637e-01,7.158548384904861450e-02,1.137808933854103088e-01,2.153155207633972168e-02,1.637808829545974731e-01,1.538551747798919678e-01
-1.298008918762207031e+00,2.945171296596527100e-01,7.050333023071289062e-01,-4.137843474745750427e-02,-8.543280884623527527e-03,9.982157945632934570e-01,-4.219134896993637085e-02,0.000000000000000000e+00,0.000000000000000000e+00,7.150286342948675156e-03,-1.126255512237548828e+00,1.305989921092987061e-01,-2.399215459823608398e+00,4.396617412567138672e-01,9.525026082992553711e-01,1.519521349109709263e-03,2.090130805969238281e+00,1.547846645116806030e-01,-1.712140738964080811e-01,-1.019829604774713516e-02,3.015795052051544189e-01,7.590972781181335449e-01,2.223268151283264160e-01,-3.583318367600440979e-02,-4.433271288871765137e-01,7.242220640182495117e-02,1.063627898693084717e-01,8.921831846237182617e-02,1.017902567982673645e-01,1.198815777897834778e-01
-1.330209970474243164e+00,2.855444550514221191e-01,6.925598382949829102e-01,-5.074951425194740295e-02,-1.992808468639850616e-02,9.961196184158325195e-01,-6.908751279115676880e-02,0.000000000000000000e+00,0.000000000000000000e+00,5.036365985870361328e-02,-1.148776292800903320e+00,1.289224773645401001e-01,-2.313657283782958984e+00,3.983674049377441406e-01,9.596987366676330566e-01,1.468268595635890961e-02,2.092304944992065430e+00,1.047050282359123230e-01,-3.502773642539978027e-01,8.105211704969406128e-02,3.080981373786926270e-01,1.064823389053344727e+00,1.195907443761825562e-01,3.523045778274536133e-02,-5.959662199020385742e-01,1.035163328051567078e-01,8.873838931322097778e-02,4.314623773097991943e-01,-8.276396989822387695e-02,4.284296929836273193e-02
-1.363417029380798340e+00,2.770017385482788086e-01,6.804400086402893066e-01,-6.475453078746795654e-02,-2.505111694335937500e-02,9.924389123916625977e-01,-1.012139767408370972e-01,0.000000000000000000e+00,0.000000000000000000e+00,1.145218089222908020e-01,-1.166005730628967285e+00,1.302147805690765381e-01,-2.190684556961059570e+00,3.397197723388671875e-01,9.601137042045593262e-01,2.822163887321949005e-02,2.109158992767333984e+00,4.778503999114036560e-02,-5.378566980361938477e-01,1.449553817510604858e-01,2.915706932544708252e-01,1.290401697158813477e+00,1.495601423084735870e-02,1.060505360364913940e-01,-7.362855672836303711e-01,1.167617067694664001e-01,6.458070129156112671e-02,7.370110154151916504e-01,-2.498663663864135742e-01,-1.729044131934642792e-02
-1.395722031593322754e+00,2.676609754562377930e-01,6.770091652870178223e-01,-7.618547230958938599e-02,-3.120023384690284729e-02,9.863939881324768066e-01,-1.422995924949645996e-01,0.000000000000000000e+00,0.000000000000000000e+00,1.891951411962509155e-01,-1.180405378341674805e+00,1.203632727265357971e-01,-2.124259233474731445e+00,2.794383764266967773e-01,9.728350043296813965e-01,2.078859135508537292e-02,2.157694339752197266e+00,-9.451770223677158356e-03,-6.949719786643981934e-01,1.767681390047073364e-01,2.682464122772216797e-01,1.400717139244079590e+00,-7.229676097631454468e-02,1.454381495714187622e-01,-7.576135396957397461e-01,1.112260520458221436e-01,3.899892419576644897e-02,8.620256185531616211e-01,-3.576323986053466797e-01,-3.743921592831611633e-02
-1.425621747970581055e+00,2.576374411582946777e-01,6.829301118850708008e-01,-7.857649028301239014e-02,-3.821197897195816040e-02,9.778631925582885742e-01,-1.901291906833648682e-01,0.000000000000000000e+00,0.000000000000000000e+00,2.831358015537261963e-01,-1.180033802986145020e+00,9.508929401636123657e-02,-2.124480009078979492e+00,2.422862946987152100e-01,1.004001140594482422e+00,-4.676582757383584976e-03,2.234067440032958984e+00,-5.015797913074493408e-02,-7.940927147865295410e-01,1.702876687049865723e-01,2.354117631912231445e-01,1.376569509506225586e+00,-1.314316987991333008e-01,1.493250727653503418e-01,-6.574158072471618652e-01,8.485168218612670898e-02,-4.676220007240772247e-03,8.124412894248962402e-01,-3.862524628639221191e-01,-2.137616835534572601e-02
-1.454343795776367188e+00,2.468087077140808105e-01,6.968042254447937012e-01,-7.700930535793304443e-02,-4.367167502641677856e-02,9.670948386192321777e-01,-2.385161966085433960e-01,0.000000000000000000e+00,0.000000000000000000e+00,3.737796843051910400e-01,-1.174327135086059570e+00,7.190562784671783447e-02,-2.137629032135009766e+00,2.311213016510009766e-01,1.035744190216064453e+00,-3.280885145068168640e-02,2.304444074630737305e+00,-8.443129062652587891e-02,-8.290509581565856934e-01,1.389080584049224854e-01,2.130451053380966187e-01,1.225588679313659668e+00,-1.535006761550903320e-01,1.301663666963577271e-01,-4.718222320079803467e-01,6.397807598114013672e-02,-4.841760918498039246e-02,6.217359304428100586e-01,-2.591345012187957764e-01,3.183015063405036926e-02
-1.481420874595642090e+00,2.346422970294952393e-01,7.127512693405151367e-01,-7.146720588207244873e-02,-4.800888523459434509e-02,9.562546610832214355e-01,-2.795792520046234131e-01,0.000000000000000000e+00,0.000000000000000000e+00,4.429849684238433838e-01,-1.173540234565734863e+00,5.003319680690765381e-02,-2.147178888320922852e+00,2.340952306985855103e-01,1.047652006149291992e+00,-5.286085978150367737e-02,2.358547925949096680e+00,-9.850775450468063354e-02,-8.145101666450500488e-01,7.742927968502044678e-02,1.875354498624801636e-01,9.760181307792663574e-01,-1.469006836414337158e-01,9.565494209527969360e-02,-2.655936181545257568e-01,4.915784671902656555e-02,-1.081298589706420898e-01,4.072381258010864258e-01,-6.745639443397521973e-02,9.756808727979660034e-02
-1.507794380187988281e+00,2.213039398193359375e-01,7.263521552085876465e-01,-6.772817671298980713e-02,-5.031530931591987610e-02,9.463376402854919434e-01,-3.119716346263885498e-01,0.000000000000000000e+00,0.000000000000000000e+00,4.901960790157318115e-01,-1.187382817268371582e+00,2.800532244145870209e-02,-2.143519401550292969e+00,2.457324415445327759e-01,1.038662791252136230e+00,-7.339318096637725830e-02,2.397685527801513672e+00,-9.126426279544830322e-02,-7.271606922149658203e-01,-8.241365663707256317e-03,1.607370227575302124e-01,6.212278604507446289e-01,-7.753007113933563232e-02,5.069800838828086853e-02,-1.192711442708969116e-01,2.978491969406604767e-02,-1.800613999366760254e-01,3.020719289779663086e-01,1.330109685659408569e-01,1.637547463178634644e-01
-1.533737540245056152e+00,2.070530205965042114e-01,7.328640818595886230e-01,-6.480916589498519897e-02,-4.881040751934051514e-02,9.395136237144470215e-01,-3.327633142471313477e-01,0.000000000000000000e+00,0.000000000000000000e+00,5.130996704101562500e-01,-1.210140943527221680e+00,1.898015663027763367e-02,-2.147209405899047852e+00,2.605142891407012939e-01,1.022213578224182129e+00,-7.249816507101058960e-02,2.415650606155395508e+00,-7.201626896858215332e-02,-5.409439802169799805e-01,-9.219422191381454468e-02,1.236277148127555847e-01,1.631797850131988525e-01,4.904231429100036621e-02,1.382819190621376038e-02,-6.680855154991149902e-02,-2.928797621279954910e-03,-2.404476702213287354e-01,3.691086769104003906e-01,2.844429910182952881e-01,2.015407085418701172e-01
-1.559281826019287109e+00,1.912270188331604004e-01,7.294869422912597656e-01,-6.060825660824775696e-02,-4.692951589822769165e-02,9.370385408401489258e-01,-3.407095670700073242e-01,0.000000000000000000e+00,0.000000000000000000e+00,5.104170441627502441e-01,-1.231519341468811035e+00,1.868128404021263123e-02,-2.158663749694824219e+00,2.714335918426513672e-01,1.015347838401794434e+00,-6.239635869860649109e-02,2.419456243515014648e+00,-5.361452698707580566e-02,-4.489077329635620117e-01,-1.274797022342681885e-01,1.050168871879577637e-01,1.857867573562543839e-05,8.896338194608688354e-02,2.180418930947780609e-02,-9.861788153648376465e-02,-4.369185864925384521e-02,-2.628500759601593018e-01,5.691745281219482422e-01,3.219514489173889160e-01,1.993431150913238525e-01
-1.584724068641662598e+00,1.732120811939239502e-01,7.196524143218994141e-01,-6.130791828036308289e-02,-4.749920964241027832e-02,9.380002021789550781e-01,-3.378472328186035156e-01,0.000000000000000000e+00,0.000000000000000000e+00,4.656370878219604492e-01,-1.224712729454040527e+00,3.354034572839736938e-02,-2.185722827911376953e+00,2.716700136661529541e-01,1.025362491607666016e+00,-5.739921703934669495e-02,2.402433156967163086e+00,-1.928078010678291321e-02,-4.394821226596832275e-01,-1.431494653224945068e-01,7.100462168455123901e-02,4.434184357523918152e-02,5.121853202581405640e-02,9.709891676902770996e-02,-2.019753456115722656e-01,-9.514860808849334717e-02,-2.591907978057861328e-01,8.345363140106201172e-01,2.645307779312133789e-01,1.567337363958358765e-01
-1.609668254852294922e+00,1.542215645313262939e-01,7.075838446617126465e-01,-6.414594501256942749e-02,-5.049789696931838989e-02,9.404979348182678223e-01,-3.298467993736267090e-01,0.000000000000000000e+00,0.000000000000000000e+00,3.743039965629577637e-01,-1.182093501091003418e+00,6.290621310472488403e-02,-2.196215867996215820e+00,2.630261182785034180e-01,1.047515273094177246e+00,-6.358448415994644165e-02,2.356122732162475586e+00,2.529600262641906738e-02,-5.682433247566223145e-01,-1.470090597867965698e-01,4.676825925707817078e-02,3.525993227958679199e-01,-1.064637526869773865e-01,2.099052518606185913e-01,-3.581868708133697510e-01,-1.352106034755706787e-01,-2.308827042579650879e-01,1.078661680221557617e+00,2.005416601896286011e-01,1.108269542455673218e-01
-1.635992884635925293e+00,1.343559175729751587e-01,7.003237605094909668e-01,-7.193170487880706787e-02,-5.452758446335792542e-02,9.429801702499389648e-01,-3.203763067722320557e-01,0.000000000000000000e+00,0.000000000000000000e+00,2.563326954841613770e-01,-1.130810976028442383e+00,9.425174444913864136e-02,-2.210754871368408203e+00,2.562312483787536621e-01,1.061341881752014160e+00,-5.778191983699798584e-02,2.303028821945190430e+00,7.007353752851486206e-02,-6.631594300270080566e-01,-1.462520509958267212e-01,4.970717057585716248e-02,6.050012707710266113e-01,-2.575301826000213623e-01,2.752140760421752930e-01,-5.303704738616943359e-01,-1.495247930288314819e-01,-1.971490681171417236e-01,1.229679584503173828e+00,1.048934832215309143e-01,7.146774977445602417e-02
-1.661003708839416504e+00,1.156336963176727295e-01,7.002118229866027832e-01,-7.385909557342529297e-02,-5.176695808768272400e-02,9.483401775360107422e-01,-3.041643798351287842e-01,0.000000000000000000e+00,0.000000000000000000e+00,1.549271792173385620e-01,-1.104512214660644531e+00,1.198457181453704834e-01,-2.248014211654663086e+00,2.720729708671569824e-01,1.050667643547058105e+00,-3.582605347037315369e-02,2.274357318878173828e+00,1.113052293658256531e-01,-6.479637026786804199e-01,-1.461537182331085205e-01,6.285127252340316772e-02,6.957781314849853516e-01,-3.384256958961486816e-01,2.771016657352447510e-01,-6.629434823989868164e-01,-1.462823450565338135e-01,-1.614431291818618774e-01,1.262530565261840820e+00,4.342962056398391724e-03,4.716703668236732483e-02
-1.684830546379089355e+00,9.748893976211547852e-02,7.102109193801879883e-01,-7.219845801591873169e-02,-4.385296255350112915e-02,9.562621116638183594e-01,-2.800482511520385742e-01,0.000000000000000000e+00,0.000000000000000000e+00,7.401789724826812744e-02,-1.100289583206176758e+00,1.443888247013092041e-01,-2.283422470092773438e+00,3.016326129436492920e-01,1.008797287940979004e+00,-1.283892989158630371e-02,2.278448343276977539e+00,1.517502218484878540e-01,-5.127567052841186523e-01,-1.390631198883056641e-01,9.187552332878112793e-02,5.959190130233764648e-01,-2.810763716697692871e-01,2.249984294176101685e-01,-7.446658611297607422e-01,-1.222532540559768677e-01,-1.175176426768302917e-01,1.185926556587219238e+00,-6.940037757158279419e-02,4.005477204918861389e-02
-1.706774711608886719e+00,7.924072444438934326e-02,7.242773771286010742e-01,-6.409247219562530518e-02,-3.647626191377639771e-02,9.644563198089599609e-01,-2.537432610988616943e-01,0.000000000000000000e+00,0.000000000000000000e+00,3.655780851840972900e-02,-1.100577354431152344e+00,1.542555540800094604e-01,-2.312915563583374023e+00,3.432039618492126465e-01,9.753956794738769531e-01,-2.839682390913367271e-03,2.290772914886474609e+00,1.890346407890319824e-01,-3.116382658481597900e-01,-1.354582011699676514e-01,1.260455995798110962e-01,4.023513495922088623e-01,-1.461198627948760986e-01,1.519728004932403564e-01,-7.428560256958007812e-01,-7.715804129838943481e-02,-8.196090906858444214e-02,9.685307145118713379e-01,-1.021824628114700317e-01,5.498714745044708252e-02
-1.727324604988098145e+00,6.193634122610092163e-02,7.379793524742126465e-01,-5.056393519043922424e-02,-2.930796705186367035e-02,9.707566499710083008e-01,-2.328431010246276855e-01,0.000000000000000000e+00,0.000000000000000000e+00,3.363962471485137939e-02,-1.097200989723205566e+00,1.657552123069763184e-01,-2.324997425079345703e+00,3.825649321079254150e-01,9.623619318008422852e-01,-2.673785202205181122e-03,2.278805732727050781e+00,1.981164216995239258e-01,-1.302635222673416138e-01,-1.236454546451568604e-01,1.809221953153610229e-01,2.475121766328811646e-01,2.200246788561344147e-02,5.762597173452377319e-02,-6.592230796813964844e-01,-1.122824661433696747e-02,-4.638952016830444336e-02,6.254860162734985352e-01,-5.978266149759292603e-02,8.245350420475006104e-02
-1.748551607131958008e+00,4.573177546262741089e-02,7.475063800811767578e-01,-3.885295987129211426e-02,-2.133423462510108948e-02,9.739049077033996582e-01,-2.225861102342605591e-01,0.000000000000000000e+00,0.000000000000000000e+00,5.204313620924949646e-02,-1.088174700736999512e+00,1.684512197971343994e-01,-2.321073055267333984e+00,4.019732475280761719e-01,9.651942253112792969e-01,6.516977446153759956e-04,2.243364334106445312e+00,1.851834207773208618e-01,-4.278582707047462463e-02,-1.036005318164825439e-01,2.481784224510192871e-01,2.462752163410186768e-01,1.512692570686340332e-01,-2.206174843013286591e-02,-5.073769092559814453e-01,4.211437329649925232e-02,-2.718985453248023987e-02,2.017275691032409668e-01,4.697867482900619507e-02,1.164215728640556335e-01
-1.772433876991271973e+00,3.056548722088336945e-02,7.480780482292175293e-01,-3.333502635359764099e-02,-8.867632597684860229e-03,9.741228818893432617e-01,-2.233714461326599121e-01,0.000000000000000000e+00,0.000000000000000000e+00,7.626842707395553589e-02,-1.083490133285522461e+00,1.750908941030502319e-01,-2.318723201751708984e+00,4.115838408470153809e-01,9.639518857002258301e-01,-6.749045569449663162e-04,2.213846921920776367e+00,1.738686114549636841e-01,-4.496234282851219177e-02,-7.468845695257186890e-02,2.957493364810943604e-01,3.963852822780609131e-01,2.100949138402938843e-01,-5.827182531356811523e-02,-4.290983974933624268e-01,6.612274795770645142e-02,-2.577234618365764618e-02,5.050291074439883232e-04,1.178245171904563904e-01,1.345384567975997925e-01
-1.797038674354553223e+00,1.316023711115121841e-02,7.400816082954406738e-01,-3.097046725451946259e-02,-7.217000238597393036e-03,9.718199372291564941e-01,-2.335695475339889526e-01,0.000000000000000000e+00,0.000000000000000000e+00,1.040028184652328491e-01,-1.082939386367797852e+00,1.601373702287673950e-01,-2.310770273208618164e+00,4.116723239421844482e-01,9.562090039253234863e-01,-2.558149164542555809e-03,2.187747716903686523e+00,1.504528075456619263e-01,-1.111300662159919739e-01,-2.075463347136974335e-02,3.300947546958923340e-01,6.330962181091308594e-01,2.103561908006668091e-01,-3.967689350247383118e-02,-4.246041178703308105e-01,8.272609114646911621e-02,-1.958026178181171417e-02,1.019303407520055771e-02,1.251649558544158936e-01,1.094930544495582581e-01
-1.822020292282104492e+00,-6.048911251127719879e-03,7.282091975212097168e-01,-3.278681263327598572e-02,-1.554129272699356079e-02,9.671893119812011719e-01,-2.514523863792419434e-01,0.000000000000000000e+00,0.000000000000000000e+00,1.328060328960418701e-01,-1.090741872787475586e+00,1.276105046272277832e-01,-2.295511007308959961e+00,3.923852443695068359e-01,9.424345493316650391e-01,5.422245594672858715e-04,2.168639421463012695e+00,1.194698959589004517e-01,-2.543431222438812256e-01,5.460946634411811829e-02,3.279618620872497559e-01,9.213767647743225098e-01,1.291621327400207520e-01,2.949501387774944305e-02,-5.504668354988098145e-01,9.766928851604461670e-02,-2.023408375680446625e-02,3.119931221008300781e-01,-8.786947466433048248e-03,3.303685411810874939e-02
-1.848619699478149414e+00,-2.591333910822868347e-02,7.154846787452697754e-01,-4.398913308978080750e-02,-1.998507790267467499e-02,9.622241258621215820e-01,-2.679371833801269531e-01,0.000000000000000000e+00,0.000000000000000000e+00,1.562908887863159180e-01,-1.113281726837158203e+00,9.934356808662414551e-02,-2.247119665145874023e+00,3.521292209625244141e-01,9.220952987670898438e-01,5.270592402666807175e-03,2.168226480484008789e+00,8.865004032850265503e-02,-4.178073406219482422e-01,1.029653921723365784e-01,3.019500374794006348e-01,1.138530373573303223e+00,1.339270360767841339e-02,1.126750633120536804e-01,-7.104858756065368652e-01,1.038032993674278259e-01,-1.040456071496009827e-02,6.581476926803588867e-01,-1.604536771774291992e-01,-4.093151912093162537e-02
-1.875371575355529785e+00,-4.583190381526947021e-02,7.075098156929016113e-01,-5.895630270242691040e-02,-2.324251271784305573e-02,9.556487798690795898e-01,-2.876096963882446289e-01,0.000000000000000000e+00,0.000000000000000000e+00,1.900531351566314697e-01,-1.141204833984375000e+00,7.873435318470001221e-02,-2.187138557434082031e+00,3.055783510208129883e-01,9.052431583404541016e-01,-6.283492315560579300e-03,2.198315620422363281e+00,5.240349844098091125e-02,-5.839286446571350098e-01,1.348067224025726318e-01,2.756507694721221924e-01,1.270452141761779785e+00,-1.041959971189498901e-01,1.729879379272460938e-01,-7.964685559272766113e-01,1.023308038711547852e-01,-9.526353329420089722e-03,8.680666685104370117e-01,-2.890683710575103760e-01,-8.173437416553497314e-02
-1.899603366851806641e+00,-6.499398499727249146e-02,7.091912031173706055e-01,-6.631649285554885864e-02,-2.560889534652233124e-02,9.479191303253173828e-01,-3.104765415191650391e-01,0.000000000000000000e+00,0.000000000000000000e+00,2.389865219593048096e-01,-1.172515630722045898e+00,6.970398128032684326e-02,-2.148741960525512695e+00,2.695313990116119385e-01,9.224086999893188477e-01,-2.329654991626739502e-02,2.265311002731323242e+00,3.051884286105632782e-02,-7.016225457191467285e-01,1.312003731727600098e-01,2.463258653879165649e-01,1.281822681427001953e+00,-1.901815533638000488e-01,1.934121847152709961e-01,-7.754967808723449707e-01,8.215881139039993286e-02,-2.538351155817508698e-02,9.305709600448608398e-01,-3.726937174797058105e-01,-9.207180887460708618e-02
-1.921298265457153320e+00,-8.300689607858657837e-02,7.202473878860473633e-01,-6.580711901187896729e-02,-2.803044021129608154e-02,9.378309845924377441e-01,-3.396421670913696289e-01,0.000000000000000000e+00,0.000000000000000000e+00,3.012670874595642090e-01,-1.197864770889282227e+00,6.743841618299484253e-02,-2.143357515335083008e+00,2.601752281188964844e-01,9.483349323272705078e-01,-3.377123922109603882e-02,2.343951225280761719e+00,7.575605530291795731e-03,-7.416772246360778809e-01,9.425644576549530029e-02,2.202671021223068237e-01,1.146308898925781250e+00,-2.034310996532440186e-01,1.710682511329650879e-01,-6.468062996864318848e-01,6.207934767007827759e-02,-4.594806954264640808e-02,8.234475851058959961e-01,-3.427884578704833984e-01,-6.449338048696517944e-02
-1.941386103630065918e+00,-9.980531036853790283e-02,7.355884313583374023e-01,-6.131455302238464355e-02,-2.716404385864734650e-02,9.265313744544982910e-01,-3.701922297477722168e-01,0.000000000000000000e+00,0.000000000000000000e+00,3.644967079162597656e-01,-1.216617703437805176e+00,6.890574097633361816e-02,-2.137588024139404297e+00,2.670673429965972900e-01,9.675872921943664551e-01,-3.082826174795627594e-02,2.398699998855590820e+00,-1.119438558816909790e-02,-7.096556425094604492e-01,3.791417554020881653e-02,1.925469934940338135e-01,8.952221274375915527e-01,-1.652811616659164429e-01,1.303877979516983032e-01,-4.797668755054473877e-01,3.775786608457565308e-02,-8.038815855979919434e-02,6.524634957313537598e-01,-2.068979591131210327e-01,-1.235803589224815369e-02
-1.960317730903625488e+00,-1.172249466180801392e-01,7.501760721206665039e-01,-5.847416073083877563e-02,-2.800986357033252716e-02,9.158080816268920898e-01,-3.963480591773986816e-01,0.000000000000000000e+00,0.000000000000000000e+00,4.145490825176239014e-01,-1.235884428024291992e+00,6.547745317220687866e-02,-2.122860670089721680e+00,2.844498157501220703e-01,9.672570824623107910e-01,-1.743618026375770569e-02,2.421014308929443359e+00,-1.414965558797121048e-02,-6.139287948608398438e-01,-2.966823615133762360e-02,1.584482789039611816e-01,5.335564017295837402e-01,-5.757067352533340454e-02,7.275038957595825195e-02,-3.416708409786224365e-01,8.779094554483890533e-03,-1.354787796735763550e-01,5.291371941566467285e-01,-7.214481383562088013e-02,3.810330852866172791e-02
-1.977374553680419922e+00,-1.347317397594451904e-01,7.575377821922302246e-01,-5.416339635848999023e-02,-2.800643444061279297e-02,9.085978865623474121e-01,-4.131971299648284912e-01,0.000000000000000000e+00,0.000000000000000000e+00,4.564380049705505371e-01,-1.255366444587707520e+00,4.929697886109352112e-02,-2.106305837631225586e+00,2.928447723388671875e-01,9.548051953315734863e-01,6.120923906564712524e-03,2.425474166870117188e+00,-1.487362477928400040e-02,-4.766835570335388184e-01,-9.043744951486587524e-02,1.226717829704284668e-01,1.356087028980255127e-01,9.002362936735153198e-02,1.053355634212493896e-02,-2.661279737949371338e-01,-2.291045337915420532e-02,-1.977071911096572876e-01,5.164668560028076172e-01,2.106763981282711029e-02,8.099979162216186523e-02
-1.993436336517333984e+00,-1.512679457664489746e-01,7.558121681213378906e-01,-4.768248647451400757e-02,-2.584646828472614288e-02,9.027510285377502441e-01,-4.267304837703704834e-01,0.000000000000000000e+00,0.000000000000000000e+00,4.797071814537048340e-01,-1.275427460670471191e+00,3.944076225161552429e-02,-2.093593835830688477e+00,2.875411510467529297e-01,9.421243071556091309e-01,2.914598584175109863e-02,2.425368547439575195e+00,-2.356510981917381287e-02,-4.336764216423034668e-01,-1.186985448002815247e-01,9.544048458337783813e-02,6.821065653639379889e-06,1.565840393304824829e-01,-1.437687687575817108e-02,-2.613027989864349365e-01,-5.302805453538894653e-02,-2.330857515335083008e-01,6.231349706649780273e-01,5.209654569625854492e-02,9.263747185468673706e-02
-2.007411718368530273e+00,-1.675857156515121460e-01,7.473664879798889160e-01,-3.997623175382614136e-02,-2.330280281603336334e-02,9.021748304367065430e-01,-4.288816154003143311e-01,0.000000000000000000e+00,0.000000000000000000e+00,4.801324605941772461e-01,-1.279614925384521484e+00,3.458172827959060669e-02,-2.090742826461791992e+00,2.794947326183319092e-01,9.359145164489746094e-01,4.164346680045127869e-02,2.423608064651489258e+00,-2.494813874363899231e-02,-4.225078523159027100e-01,-1.301718354225158691e-01,5.785951763391494751e-02,8.526331862768188330e-10,1.881712079048156738e-01,2.819791203364729881e-03,-2.990826666355133057e-01,-8.185236901044845581e-02,-2.450138032436370850e-01,7.749542593955993652e-01,3.627579286694526672e-02,8.006375283002853394e-02
-2.020159721374511719e+00,-1.835477948188781738e-01,7.352634668350219727e-01,-3.620960935950279236e-02,-2.133003063499927521e-02,9.047322273254394531e-01,-4.239027202129364014e-01,0.000000000000000000e+00,0.000000000000000000e+00,4.480812549591064453e-01,-1.267673373222351074e+00,3.086892142891883850e-02,-2.089501857757568359e+00,2.587889432907104492e-01,9.361865520477294922e-01,3.640105575323104858e-02,2.412969112396240234e+00,-1.237102318555116653e-02,-4.361344873905181885e-01,-1.369773596525192261e-01,1.326366607099771500e-02,7.068294286727905273e-02,1.645192950963973999e-01,6.785648316144943237e-02,-3.872019946575164795e-01,-1.123665049672126770e-01,-2.314552664756774902e-01,9.577825069427490234e-01,-1.664432138204574585e-02,5.514460057020187378e-02
-2.032426834106445312e+00,-1.984174698591232300e-01,7.245338559150695801e-01,-3.676594421267509460e-02,-1.878979057073593140e-02,9.081981778144836426e-01,-4.164988696575164795e-01,0.000000000000000000e+00,0.000000000000000000e+00,3.783492445945739746e-01,-1.242778778076171875e+00,3.237063810229301453e-02,-2.072932720184326172e+00,2.254394739866256714e-01,9.517396688461303711e-01,2.509566396474838257e-02,2.384505271911621094e+00,1.006817165762186050e-02,-5.404101610183715820e-01,-1.434256434440612793e-01,3.077478846535086632e-03,3.040091097354888916e-01,4.092980921268463135e-02,1.455853432416915894e-01,-5.028239488601684570e-01,-1.354066878557205200e-01,-2.086654603481292725e-01,1.117818832397460938e+00,-5.058502033352851868e-02,3.791334107518196106e-02
-2.044104814529418945e+00,-2.139924317598342896e-01,7.235376238822937012e-01,-4.140928015112876892e-02,-2.372687496244907379e-02,9.112791419029235840e-01,-4.090142250061035156e-01,0.000000000000000000e+00,0.000000000000000000e+00,3.017818033695220947e-01,-1.214000582695007324e+00,4.433247819542884827e-02,-2.065608024597167969e+00,2.035472840070724487e-01,9.669443964958190918e-01,3.270861878991127014e-02,2.351431608200073242e+00,3.316927328705787659e-02,-6.019385457038879395e-01,-1.433304995298385620e-01,1.460881065577268600e-02,4.556462168693542480e-01,-4.565564170479774475e-02,1.772855520248413086e-01,-5.989282727241516113e-01,-1.399796158075332642e-01,-1.873748451471328735e-01,1.182628035545349121e+00,-8.203978836536407471e-02,2.380530536174774170e-02
-2.054822206497192383e+00,-2.267391830682754517e-01,7.266535758972167969e-01,-4.356907680630683899e-02,-2.387331798672676086e-02,9.146233797073364258e-01,-4.012429714202880859e-01,0.000000000000000000e+00,0.000000000000000000e+00,2.393061220645904541e-01,-1.195104479789733887e+00,5.054583400487899780e-02,-2.066750049591064453e+00,2.025541216135025024e-01,9.629844427108764648e-01,5.734421685338020325e-02,2.323033332824707031e+00,4.758434370160102844e-02,-5.994666218757629395e-01,-1.404873728752136230e-01,2.743365243077278137e-02,5.073928236961364746e-01,-7.959078252315521240e-02,1.673669666051864624e-01,-6.501685976982116699e-01,-1.265584528446197510e-01,-1.628068685531616211e-01,1.144232392311096191e+00,-1.314732432365417480e-01,1.575014367699623108e-02
-2.063865423202514648e+00,-2.368760257959365845e-01,7.337400317192077637e-01,-4.176418855786323547e-02,-2.297494001686573029e-02,9.175547361373901367e-01,-3.947420120239257812e-01,0.000000000000000000e+00,0.000000000000000000e+00,1.974617689847946167e-01,-1.178973436355590820e+00,5.006907880306243896e-02,-2.069930791854858398e+00,2.175414860248565674e-01,9.487987756729125977e-01,8.054220676422119141e-02,2.297769069671630859e+00,5.619608610868453979e-02,-5.306500792503356934e-01,-1.298627555370330811e-01,4.564660042524337769e-02,4.405833184719085693e-01,-2.986149117350578308e-02,1.345889121294021606e-01,-6.483444571495056152e-01,-9.916630387306213379e-02,-1.395999491214752197e-01,1.010993957519531250e+00,-1.518757045269012451e-01,2.065424434840679169e-02
-2.071631669998168945e+00,-2.453890591859817505e-01,7.446463108062744141e-01,-3.875740244984626770e-02,-2.317785099148750305e-02,9.206045866012573242e-01,-3.878760039806365967e-01,0.000000000000000000e+00,0.000000000000000000e+00,1.735216230154037476e-01,-1.160862803459167480e+00,4.125948995351791382e-02,-2.071831703186035156e+00,2.417786568403244019e-01,9.378847479820251465e-01,8.995959162712097168e-02,2.272798299789428711e+00,6.132483482360839844e-02,-4.376017153263092041e-01,-1.216361820697784424e-01,5.713585019111633301e-02,3.294267356395721436e-01,5.760674178600311279e-02,8.895886689424514771e-02,-6.038556098937988281e-01,-6.132242083549499512e-02,-1.154601275920867920e-01,8.153922557830810547e-01,-1.369808316230773926e-01,3.506471961736679077e-02
-2.078668117523193359e+00,-2.509618401527404785e-01,7.531931400299072266e-01,-3.306318819522857666e-02,-2.063726074993610382e-02,9.218819141387939453e-01,-3.855056464672088623e-01,0.000000000000000000e+00,0.000000000000000000e+00,1.547225564718246460e-01,-1.138192057609558105e+00,3.386776521801948547e-02,-2.064639568328857422e+00,2.640925645828247070e-01,9.346245527267456055e-01,9.309641271829605103e-02,2.232841491699218750e+00,5.908762291073799133e-02,-3.537929356098175049e-01,-1.151815876364707947e-01,6.656844168901443481e-02,2.314741164445877075e-01,1.323691457509994507e-01,5.332687869668006897e-02,-5.248324275016784668e-01,-2.251062355935573578e-02,-8.818733692169189453e-02,5.836355090141296387e-01,-8.402691036462783813e-02,5.890055373311042786e-02
-2.085825443267822266e+00,-2.544442117214202881e-01,7.551007270812988281e-01,-2.836331538856029510e-02,-1.573798060417175293e-02,9.217963218688964844e-01,-3.863151371479034424e-01,0.000000000000000000e+00,0.000000000000000000e+00,1.334472745656967163e-01,-1.114022612571716309e+00,3.222714737057685852e-02,-2.048144578933715820e+00,2.787329554557800293e-01,9.303352832794189453e-01,9.940555691719055176e-02,2.182697296142578125e+00,5.466258153319358826e-02,-2.890546917915344238e-01,-1.137554869055747986e-01,7.242751121520996094e-02,1.600703001022338867e-01,1.710430234670639038e-01,3.833058848977088928e-02,-4.365484118461608887e-01,4.305341280996799469e-03,-6.083351746201515198e-02,3.656516969203948975e-01,-8.371664211153984070e-03,8.130570501089096069e-02
-2.093367099761962891e+00,-2.573013901710510254e-01,7.551411986351013184e-01,-2.687635645270347595e-02,-1.175910606980323792e-02,9.210577607154846191e-01,-3.883194625377655029e-01,0.000000000000000000e+00,0.000000000000000000e+00,1.112703979015350342e-01,-1.092025995254516602e+00,4.254144057631492615e-02,-2.006528854370117188e+00,2.831495106220245361e-01,9.218384027481079102e-01,1.173069849610328674e-01,2.119783401489257812e+00,5.171158537268638611e-02,-2.499435693025588989e-01,-1.149639040231704712e-01,7.088671624660491943e-02,1.264974623918533325e-01,1.751520633697509766e-01,3.685993328690528870e-02,-3.847781717777252197e-01,1.789282262325286865e-02,-3.893359377980232239e-02,2.470615506172180176e-01,4.212347418069839478e-02,9.832134842872619629e-02
-2.100909471511840820e+00,-2.589602768421173096e-01,7.536305189132690430e-01,-2.536340802907943726e-02,-6.720812525600194931e-03,9.195547103881835938e-01,-3.920850157737731934e-01,0.000000000000000000e+00,0.000000000000000000e+00,8.165083080530166626e-02,-1.075221300125122070e+00,6.821084022521972656e-02,-1.919417500495910645e+00,2.773407995700836182e-01,9.139176607131958008e-01,1.568478792905807495e-01,2.028425455093383789e+00,4.779022186994552612e-02,-2.207581996917724609e-01,-1.175144761800765991e-01,6.496496498584747314e-02,1.088938862085342407e-01,1.566487848758697510e-01,4.438355937600135803e-02,-3.464531004428863525e-01,2.698584459722042084e-02,-2.704278379678726196e-02,1.935649663209915161e-01,6.884577870368957520e-02,1.043142601847648621e-01
-2.108168363571166992e+00,-2.602088451385498047e-01,7.518082261085510254e-01,-2.404778636991977692e-02,-3.513453993946313858e-03,9.171859025955200195e-01,-3.977177441120147705e-01,0.000000000000000000e+00,0.000000000000000000e+00,4.677180200815200806e-02,-1.065246701240539551e+00,1.126307249069213867e-01,-1.792314052581787109e+00,2.578629553318023682e-01,9.115315079689025879e-01,2.295353859663009644e-01,1.897579312324523926e+00,4.415043443441390991e-02,-2.023236751556396484e-01,-1.162401512265205383e-01,5.668989196419715881e-02,1.035150885581970215e-01,1.203035935759544373e-01,5.458977445960044861e-02,-3.207269310951232910e-01,3.278942033648490906e-02,-2.822089567780494690e-02,1.853492408990859985e-01,5.759635195136070251e-02,1.028485745191574097e-01
-2.114507198333740234e+00,-2.606604695320129395e-01,7.496954798698425293e-01,-2.003106288611888885e-02,-8.603709284216165543e-04,9.140377640724182129e-01,-4.051332771778106689e-01,0.000000000000000000e+00,0.000000000000000000e+00,2.877116785384714603e-04,-1.063973784446716309e+00,1.873684078454971313e-01,-1.617552876472473145e+00,2.136264592409133911e-01,9.270879626274108887e-01,3.479391336441040039e-01,1.687358260154724121e+00,3.936884924769401550e-02,-1.865285038948059082e-01,-1.115837544202804565e-01,4.557626694440841675e-02,1.094004288315773010e-01,7.249017059803009033e-02,6.579873710870742798e-02,-2.999421060085296631e-01,3.744892403483390808e-02,-3.367304429411888123e-02,1.918931752443313599e-01,2.376840636134147644e-02,9.760350733995437622e-02
-2.120315074920654297e+00,-2.607453167438507080e-01,7.481719255447387695e-01,-1.577380858361721039e-02,1.193198142573237419e-03,9.103991389274597168e-01,-4.134286046028137207e-01,0.000000000000000000e+00,0.000000000000000000e+00,-5.874361842870712280e-02,-1.084451794624328613e+00,2.859470546245574951e-01,-1.418546438217163086e+00,1.518844068050384521e-01,9.742376804351806641e-01,4.873501360416412354e-01,1.425300359725952148e+00,3.337316960096359253e-02,-1.718874126672744751e-01,-1.061370894312858582e-01,3.442899510264396667e-02,1.174426823854446411e-01,3.006335906684398651e-02,6.958150118589401245e-02,-2.740004062652587891e-01,4.230733215808868408e-02,-4.194932430982589722e-02,1.875940263271331787e-01,-1.360877323895692825e-02,9.218572080135345459e-02
-2.125249385833740234e+00,-2.601002156734466553e-01,7.467302083969116211e-01,-9.366098791360855103e-03,4.086316097527742386e-03,9.063669443130493164e-01,-4.223677217960357666e-01,0.000000000000000000e+00,0.000000000000000000e+00,-1.120862215757369995e-01,-1.125777363777160645e+00,4.006103277206420898e-01,-1.180761337280273438e+00,9.413151443004608154e-02,1.045327425003051758e+00,6.080833673477172852e-01,1.136169910430908203e+00,2.619992755353450775e-02,-1.521474421024322510e-01,-1.001825258135795593e-01,2.714639157056808472e-02,1.215904206037521362e-01,3.716456936672329903e-03,6.254001706838607788e-02,-2.331402897834777832e-01,4.655856639146804810e-02,-5.962733179330825806e-02,1.596923470497131348e-01,-3.281929343938827515e-02,8.987680077552795410e-02
-2.129409074783325195e+00,-2.596175074577331543e-01,7.457626461982727051e-01,-3.883839352056384087e-03,6.410117726773023605e-03,9.032348990440368652e-01,-4.290810525417327881e-01,0.000000000000000000e+00,0.000000000000000000e+00,-1.535031795501708984e-01,-1.186710715293884277e+00,5.167519450187683105e-01,-9.126142263412475586e-01,4.742629453539848328e-02,1.119151949882507324e+00,6.946513652801513672e-01,8.571454286575317383e-01,1.916021667420864105e-02,-1.282045990228652954e-01,-9.360556304454803467e-02,2.604879252612590790e-02,1.111920326948165894e-01,-4.447252489626407623e-03,4.914499446749687195e-02,-1.833307445049285889e-01,5.197070911526679993e-02,-7.976644486188888550e-02,1.061565652489662170e-01,-2.833760157227516174e-02,9.210659563541412354e-02
-2.132559776306152344e+00,-2.592427730560302734e-01,7.447698712348937988e-01,1.304133445955812931e-03,8.809543214738368988e-03,9.015888571739196777e-01,-4.325022399425506592e-01,0.000000000000000000e+00,0.000000000000000000e+00,-1.734976172447204590e-01,-1.248950242996215820e+00,6.321017742156982422e-01,-6.470743417739868164e-01,1.881417818367481232e-02,1.176871895790100098e+00,7.314703464508056641e-01,6.426640152931213379e-01,1.339597627520561218e-02,-9.891802072525024414e-02,-8.755043148994445801e-02,2.819872647523880005e-02,8.663520961999893188e-02,1.911430270411074162e-03,3.417556360363960266e-02,-1.329551041126251221e-01,5.813047289848327637e-02,-9.863777458667755127e-02,4.579544812440872192e-02,-1.319662015885114670e-02,9.666208922863006592e-02
-2.135307073593139648e+00,-2.593635022640228271e-01,7.442417144775390625e-01,3.374131629243493080e-03,1.064987853169441223e-02,9.012314677238464355e-01,-4.331939816474914551e-01,0.000000000000000000e+00,0.000000000000000000e+00,-1.609020978212356567e-01,-1.301422238349914551e+00,7.085782885551452637e-01,-4.311725795269012451e-01,8.667668327689170837e-03,1.212384223937988281e+00,7.295398116111755371e-01,4.950057864189147949e-01,1.069387793540954590e-02,-7.129356265068054199e-02,-8.399727195501327515e-02,3.238665685057640076e-02,5.183872580528259277e-02,1.444469578564167023e-02,1.899751834571361542e-02,-9.795798361301422119e-02,6.245405972003936768e-02,-1.143512204289436340e-01,2.366540284128859639e-04,-7.814871496520936489e-04,9.964483976364135742e-02
-2.137706041336059570e+00,-2.598287761211395264e-01,7.440428137779235840e-01,3.411622950807213783e-03,1.060071866959333420e-02,9.006322622299194336e-01,-4.344392716884613037e-01,0.000000000000000000e+00,0.000000000000000000e+00,-1.283685564994812012e-01,-1.321808457374572754e+00,7.333262562751770020e-01,-3.064450025558471680e-01,9.773498401045799255e-03,1.232771158218383789e+00,7.005443572998046875e-01,4.166002571582794189e-01,9.968523867428302765e-03,-5.096074193716049194e-02,-7.953550666570663452e-02,3.964717313647270203e-02,1.768866926431655884e-02,2.755456790328025818e-02,8.706041611731052399e-03,-9.333851933479309082e-02,6.517806649208068848e-02,-1.264656484127044678e-01,1.479087630151809662e-09,-7.714580278843641281e-03,1.013752073049545288e-01
-2.139508724212646484e+00,-2.612867951393127441e-01,7.445479631423950195e-01,1.313136599492281675e-04,8.319864049553871155e-03,9.019392132759094238e-01,-4.317828118801116943e-01,0.000000000000000000e+00,0.000000000000000000e+00,-9.630499035120010376e-02,-1.329384088516235352e+00,7.247371673583984375e-01,-2.596580088138580322e-01,1.397358160465955734e-02,1.241289734840393066e+00,6.713593602180480957e-01,3.915000855922698975e-01,9.460697881877422333e-03,-4.658322781324386597e-02,-7.491483539342880249e-02,4.894547909498214722e-02,5.386755947256460786e-05,3.069344907999038696e-02,9.670943021774291992e-03,-9.865032136440277100e-02,6.901451200246810913e-02,-1.301227211952209473e-01,1.848828978367328402e-13,-1.351795252412557602e-02,1.047071069478988647e-01
-2.139461040496826172e+00,-2.613100707530975342e-01,7.444808483123779297e-01,5.298928008414804935e-04,8.058472536504268646e-03,9.017142057418823242e-01,-4.322572052478790283e-01,0.000000000000000000e+00,0.000000000000000000e+00,-8.893625438213348389e-02,-1.323396086692810059e+00,6.830490827560424805e-01,-2.412144392728805542e-01,1.527703180909156799e-02,1.241255283355712891e+00,6.306772828102111816e-01,3.685114085674285889e-01,8.849431760609149933e-03,-4.664574936032295227e-02,-7.491294294595718384e-02,4.589954018592834473e-02,6.733444912754293910e-09,3.200220316648483276e-02,1.352205500006675720e-02,-9.569235146045684814e-02,6.825698912143707275e-02,-1.224699541926383972e-01,2.174841795370141551e-17,-9.384440258145332336e-03,9.476218372583389282e-02
-2.139415264129638672e+00,-2.613480389118194580e-01,7.444187402725219727e-01,8.684589993208646774e-04,7.757886312901973724e-03,9.015257954597473145e-01,-4.326548874378204346e-01,0.000000000000000000e+00,0.000000000000000000e+00,-7.918226718902587891e-02,-1.315438628196716309e+00,6.379768848419189453e-01,-2.284753322601318359e-01,1.715049892663955688e-02,1.240733861923217773e+00,5.888948440551757812e-01,3.467887043952941895e-01,8.394555188715457916e-03,-4.686167836189270020e-02,-7.495015859603881836e-02,4.283120855689048767e-02,8.416834395251482359e-13,3.313199803233146667e-02,1.758054271340370178e-02,-9.300175309181213379e-02,6.763541698455810547e-02,-1.147872731089591980e-01,2.316846868977325002e-18,-4.813290666788816452e-03,8.434969931840896606e-02
-2.139365434646606445e+00,-2.613861262798309326e-01,7.443561553955078125e-01,1.216542208567261696e-03,7.447650656104087830e-03,9.013411402702331543e-01,-4.330440759658813477e-01,0.000000000000000000e+00,0.000000000000000000e+00,-6.899409741163253784e-02,-1.307412743568420410e+00,5.921832919120788574e-01,-2.167991548776626587e-01,1.889279298484325409e-02,1.240309357643127441e+00,5.468832850456237793e-01,3.249747455120086670e-01,7.945878431200981140e-03,-4.705888032913208008e-02,-7.498440146446228027e-02,3.978428989648818970e-02,1.066872937175865517e-16,3.433215990662574768e-02,2.161696739494800568e-02,-9.032705426216125488e-02,6.706806272268295288e-02,-1.070844754576683044e-01,6.076190847128723482e-18,-1.723987952573224902e-04,7.394237816333770752e-02
-2.139314889907836914e+00,-2.614222764968872070e-01,7.442942857742309570e-01,1.561096752993762493e-03,7.135852240025997162e-03,9.011548757553100586e-01,-4.334357082843780518e-01,0.000000000000000000e+00,0.000000000000000000e+00,-5.919288098812103271e-02,-1.299949526786804199e+00,5.462524294853210449e-01,-2.046665102243423462e-01,2.023602090775966644e-02,1.240101695060729980e+00,5.048446655273437500e-01,3.026183843612670898e-01,7.484457921236753464e-03,-4.725828394293785095e-02,-7.504034042358398438e-02,3.675877302885055542e-02,2.356022142787836393e-18,3.561548516154289246e-02,2.562152780592441559e-02,-8.768174052238464355e-02,6.652369350194931030e-02,-9.936421364545822144e-02,-7.322599829013426431e-19,4.522294271737337112e-03,6.356169283390045166e-02
-2.139264583587646484e+00,-2.614561319351196289e-01,7.442336678504943848e-01,1.896771951578557491e-03,6.825182121247053146e-03,9.009662866592407227e-01,-4.338312447071075439e-01,0.000000000000000000e+00,0.000000000000000000e+00,-5.002481862902641296e-02,-1.293155670166015625e+00,5.003497004508972168e-01,-1.916659623384475708e-01,2.112794667482376099e-02,1.240074396133422852e+00,4.628206193447113037e-01,2.796441018581390381e-01,7.007979322224855423e-03,-4.746745899319648743e-02,-7.512741535902023315e-02,3.375561162829399109e-02,1.158317555370255714e-19,3.698238730430603027e-02,2.959372662007808685e-02,-8.507294952869415283e-02,6.599268317222595215e-02,-9.162805974483489990e-02,7.771527291058205611e-19,9.270264767110347748e-03,5.320882052183151245e-02
-2.139215230941772461e+00,-2.614878118038177490e-01,7.441743612289428711e-01,2.221700036898255348e-03,6.516625173389911652e-03,9.007757902145385742e-01,-4.342299103736877441e-01,0.000000000000000000e+00,0.000000000000000000e+00,-4.153589531779289246e-02,-1.286976814270019531e+00,4.545162618160247803e-01,-1.777490079402923584e-01,2.159113809466362000e-02,1.240149617195129395e+00,4.208056628704071045e-01,2.560962140560150146e-01,6.518353242427110672e-03,-4.768849536776542664e-02,-7.524924725294113159e-02,3.077602945268154144e-02,4.791241866143949868e-18,3.843201324343681335e-02,3.353346139192581177e-02,-8.250271528959274292e-02,6.547150760889053345e-02,-8.387761563062667847e-02,-3.509681016948193455e-18,1.407105568796396255e-02,4.288434609770774841e-02
-2.139166831970214844e+00,-2.615175545215606689e-01,7.441164851188659668e-01,2.535453764721751213e-03,6.210262421518564224e-03,9.005839228630065918e-01,-4.346304237842559814e-01,0.000000000000000000e+00,0.000000000000000000e+00,-3.370780125260353088e-02,-1.281318306922912598e+00,4.087554812431335449e-01,-1.629703789949417114e-01,2.166948281228542328e-02,1.240246534347534180e+00,3.787837326526641846e-01,2.320457547903060913e-01,6.018444895744323730e-03,-4.792165756225585938e-02,-7.540632784366607666e-02,2.782122418284416199e-02,4.025735840062875937e-18,3.996342420578002930e-02,3.744034469127655029e-02,-7.997149974107742310e-02,6.495930254459381104e-02,-7.611485570669174194e-02,-1.215492279309920987e-19,1.892430894076824188e-02,3.258898481726646423e-02
-2.139119386672973633e+00,-2.615456283092498779e-01,7.440599203109741211e-01,2.838020911440253258e-03,5.906090140342712402e-03,9.003913402557373047e-01,-4.350316524505615234e-01,0.000000000000000000e+00,0.000000000000000000e+00,-2.650217525660991669e-02,-1.276082277297973633e+00,3.630601167678833008e-01,-1.474074572324752808e-01,2.141082845628261566e-02,1.240291476249694824e+00,3.367393612861633301e-01,2.075618505477905273e-01,5.511300638318061829e-03,-4.816637933254241943e-02,-7.559869438409805298e-02,2.489240095019340515e-02,-2.693141255795047928e-18,4.157555475831031799e-02,4.131403565406799316e-02,-7.747866958379745483e-02,6.445614248514175415e-02,-6.834200769662857056e-02,-2.259036870327219004e-18,2.382929623126983643e-02,2.232308313250541687e-02
-2.139072656631469727e+00,-2.615723311901092529e-01,7.440046668052673340e-01,3.129843156784772873e-03,5.603833589702844620e-03,9.001985192298889160e-01,-4.354324936866760254e-01,0.000000000000000000e+00,0.000000000000000000e+00,-1.987358741462230682e-02,-1.271175622940063477e+00,3.174205422401428223e-01,-1.311378777027130127e-01,2.086245454847812653e-02,1.240220308303833008e+00,2.946601212024688721e-01,1.827049106359481812e-01,4.999631550163030624e-03,-4.842107743024826050e-02,-7.582464814186096191e-02,2.199070528149604797e-02,2.051302040013101846e-18,4.326696321368217468e-02,4.515339061617851257e-02,-7.502277195453643799e-02,6.396339088678359985e-02,-6.056151539087295532e-02,5.992334585350547749e-18,2.878498099744319916e-02,1.208665128797292709e-02
-2.139026880264282227e+00,-2.615979015827178955e-01,7.439506649971008301e-01,3.411574754863977432e-03,5.303172860294580460e-03,9.000059366226196289e-01,-4.358319640159606934e-01,0.000000000000000000e+00,0.000000000000000000e+00,-1.377377565950155258e-02,-1.266513824462890625e+00,2.718270123004913330e-01,-1.142337247729301453e-01,2.006976678967475891e-02,1.239977359771728516e+00,2.525370717048645020e-01,1.575258821249008179e-01,4.485772922635078430e-03,-4.868419840931892395e-02,-7.608306407928466797e-02,1.911747455596923828e-02,-3.312428219356348263e-18,4.503652080893516541e-02,4.895807057619094849e-02,-7.260215282440185547e-02,6.348223239183425903e-02,-5.277588963508605957e-02,-4.832322964085783434e-19,3.379051759839057922e-02,1.880036201328039169e-03
-2.138981819152832031e+00,-2.616225481033325195e-01,7.438977956771850586e-01,3.684185910969972610e-03,5.003618542104959488e-03,8.998139500617980957e-01,-4.362295269966125488e-01,0.000000000000000000e+00,0.000000000000000000e+00,-8.153280243277549744e-03,-1.262019991874694824e+00,2.262708097696304321e-01,-9.676010906696319580e-02,1.907652989029884338e-02,1.239516139030456543e+00,2.103642821311950684e-01,1.320672631263732910e-01,3.971554804593324661e-03,-4.895424097776412964e-02,-7.637243717908859253e-02,1.627421379089355469e-02,2.836501582117838260e-19,4.688354581594467163e-02,5.272798985242843628e-02,-7.021511346101760864e-02,6.301418691873550415e-02,-4.498769715428352356e-02,1.655949411882157163e-18,3.884541615843772888e-02,-8.296175859868526459e-03
-2.138936996459960938e+00,-2.616464495658874512e-01,7.438459992408752441e-01,3.948849160224199295e-03,4.704686347395181656e-03,8.996228575706481934e-01,-4.366245865821838379e-01,0.000000000000000000e+00,0.000000000000000000e+00,-2.962074009701609612e-03,-1.257625937461853027e+00,1.807444393634796143e-01,-7.877516001462936401e-02,1.792482659220695496e-02,1.238796949386596680e+00,1.681385487318038940e-01,1.063639596104621887e-01,3.458505962044000626e-03,-4.922846332192420959e-02,-7.669002562761306763e-02,1.346238795667886734e-02,1.455731998974921920e-18,4.880663007497787476e-02,5.646209418773651123e-02,-6.785930693149566650e-02,6.256126612424850464e-02,-3.719955682754516602e-02,-1.257843926672636004e-18,4.394894465804100037e-02,-1.844171807169914246e-02
-2.138892412185668945e+00,-2.616697549819946289e-01,7.437950372695922852e-01,4.206840880215167999e-03,4.405945073813199997e-03,8.994327783584594727e-01,-4.370166957378387451e-01,0.000000000000000000e+00,0.000000000000000000e+00,1.849841442890465260e-03,-1.253271341323852539e+00,1.352419555187225342e-01,-6.033047661185264587e-02,1.665517129004001617e-02,1.237786650657653809e+00,1.258591264486312866e-01,8.044441789388656616e-02,2.947614295408129692e-03,-4.950439929962158203e-02,-7.703379541635513306e-02,1.068372558802366257e-02,3.550815054449230415e-18,5.080483481287956238e-02,6.016003713011741638e-02,-6.553191691637039185e-02,6.212592869997024536e-02,-2.941400185227394104e-02,3.669770243979256219e-18,4.910018295049667358e-02,-2.855677157640457153e-02
-2.138848066329956055e+00,-2.616926133632659912e-01,7.437448501586914062e-01,4.459700547158718109e-03,4.106850363314151764e-03,8.992438316345214844e-01,-4.374057650566101074e-01,0.000000000000000000e+00,0.000000000000000000e+00,6.332355085760354996e-03,-1.248903512954711914e+00,8.975892513990402222e-02,-4.147186875343322754e-02,1.530701108276844025e-02,1.236459136009216309e+00,8.352737873792648315e-02,5.433177575469017029e-02,2.439499367028474808e-03,-4.977949708700180054e-02,-7.740172743797302246e-02,7.940156385302543640e-03,8.319134091458110780e-18,5.287753418087959290e-02,6.382194161415100098e-02,-6.323032081127166748e-02,6.171029806137084961e-02,-2.163345552980899811e-02,-2.334422802632851734e-18,5.429880321025848389e-02,-3.864089027047157288e-02
-2.138803243637084961e+00,-2.617151141166687012e-01,7.436951994895935059e-01,4.709013272076845169e-03,3.806814085692167282e-03,8.990560770034790039e-01,-4.377915859222412109e-01,0.000000000000000000e+00,0.000000000000000000e+00,1.053527276962995529e-02,-1.244477272033691406e+00,4.429234564304351807e-02,-2.224049717187881470e-02,1.391868479549884796e-02,1.234793543815612793e+00,4.114653542637825012e-02,2.804488129913806915e-02,1.934524509124457836e-03,-5.005011707544326782e-02,-7.779000699520111084e-02,5.233441013842821121e-03,-1.974645558286587665e-18,5.502323061227798462e-02,6.744647771120071411e-02,-6.095153093338012695e-02,6.131696328520774841e-02,-1.386040356010198593e-02,2.236166980751352895e-18,5.954421684145927429e-02,-4.869396612048149109e-02
-2.138758182525634766e+00,-2.617373466491699219e-01,7.436459660530090332e-01,4.956470336765050888e-03,3.505314933136105537e-03,8.988695740699768066e-01,-4.381741881370544434e-01,0.000000000000000000e+00,0.000000000000000000e+00,1.450853422284126282e-02,-1.239954590797424316e+00,-1.159565988928079605e-03,-2.674030605703592300e-03,1.252817269414663315e-02,1.232774734497070312e+00,-1.278609852306544781e-03,1.599653973244130611e-03,1.432643621228635311e-03,-5.031372979283332825e-02,-7.819684594869613647e-02,2.565825823694467545e-03,-3.224654430197121391e-18,5.724166333675384521e-02,7.103418558835983276e-02,-5.869217962026596069e-02,6.094896420836448669e-02,-6.097059696912765503e-03,3.453353325955782482e-18,6.483577191829681396e-02,-5.871639773249626160e-02
-2.138758659362792969e+00,-2.617377638816833496e-01,7.436463832855224609e-01,4.950172733515501022e-03,3.501871135085821152e-03,8.988701105117797852e-01,-4.381732344627380371e-01,0.000000000000000000e+00,0.000000000000000000e+00,1.445261295884847641e-02,-1.239945769309997559e+00,-1.433862955309450626e-03,-2.482413314282894135e-03,1.226945128291845322e-02,1.232766866683959961e+00,-1.415713108144700527e-03,1.082284492440521717e-03,1.330304308794438839e-03,-5.032147467136383057e-02,-7.819796353578567505e-02,2.676046919077634811e-03,-1.320100848295827078e-18,5.724352225661277771e-02,7.106872648000717163e-02,-5.872946977615356445e-02,6.097180396318435669e-02,-5.990010220557451248e-03,1.566799194183642052e-18,6.488438695669174194e-02,-5.878033116459846497e-02
-2.138758659362792969e+00,-2.617377936840057373e-01,7.436464428901672363e-01,4.949933383613824844e-03,3.501788014546036720e-03,8.988701105117797852e-01,-4.381732344627380371e-01,0.000000000000000000e+00,0.000000000000000000e+00,1.444977056235074997e-02,-1.239945888519287109e+00,-1.434148522093892097e-03,-2.477731090039014816e-03,1.225759927183389664e-02,1.232766747474670410e+00,-1.410093391314148903e-03,1.063059316948056221e-03,1.322273979894816875e-03,-5.032098293304443359e-02,-7.819768786430358887e-02,2.684431616216897964e-03,2.794149934755123244e-18,5.724185332655906677e-02,7.106910645961761475e-02,-5.873133987188339233e-02,6.097237020730972290e-02,-5.981674883514642715e-03,6.692407316256226979e-18,6.488671898841857910e-02,-5.878089368343353271e-02
-2.138758659362792969e+00,-2.617377936840057373e-01,7.436464428901672363e-01,4.949923139065504074e-03,3.501786151900887489e-03,8.988701105117797852e-01,-4.381732344627380371e-01,0.000000000000000000e+00,0.000000000000000000e+00,1.444963924586772919e-02,-1.239945888519287109e+00,-1.434078789316117764e-03,-2.477542264387011528e-03,1.225706841796636581e-02,1.232766747474670410e+00,-1.409770804457366467e-03,1.062219031155109406e-03,1.321642310358583927e-03,-5.032091960310935974e-02,-7.819765806198120117e-02,2.685082145035266876e-03,5.766176788433649558e-18,5.724170058965682983e-02,7.106911391019821167e-02,-5.873146280646324158e-02,6.097240373492240906e-02,-5.981024354696273804e-03,-3.192467178201457978e-18,6.488688290119171143e-02,-5.878089368343353271e-02
-2.138758659362792969e+00,-2.617377936840057373e-01,7.436464428901672363e-01,4.949922673404216766e-03,3.501786384731531143e-03,8.988701105117797852e-01,-4.381732344627380371e-01,0.000000000000000000e+00,0.000000000000000000e+00,1.444963365793228149e-02,-1.239945888519287109e+00,-1.434074598364531994e-03,-2.477533882483839989e-03,1.225704420357942581e-02,1.232766747474670410e+00,-1.409756252542138100e-03,1.062181312590837479e-03,1.321592717431485653e-03,-5.032091215252876282e-02,-7.819765806198120117e-02,2.685132902115583420e-03,1.058685304949468636e-18,5.724168568849563599e-02,7.106911391019821167e-02,-5.873147025704383850e-02,6.097240746021270752e-02,-5.980973597615957260e-03,-5.562888881092617477e-18,6.488689035177230835e-02,-5.878089368343353271e-02
-2.138758659362792969e+00,-2.617377936840057373e-01,7.436464428901672363e-01,4.949921742081642151e-03,3.501785919070243835e-03,8.988701105117797852e-01,-4.381732344627380371e-01,0.000000000000000000e+00,0.000000000000000000e+00,1.444963179528713226e-02,-1.239945888519287109e+00,-1.434074598364531994e-03,-2.477533882483839989e-03,1.225704234093427658e-02,1.232766747474670410e+00,-1.409755670465528965e-03,1.062180032022297382e-03,1.321588875725865364e-03,-5.032091215252876282e-02,-7.819765806198120117e-02,2.685136860236525536e-03,1.917788471702142755e-18,5.724168568849563599e-02,7.106911391019821167e-02,-5.873147398233413696e-02,6.097240746021270752e-02,-5.980969406664371490e-03,4.504097697024742053e-19,6.488689035177230835e-02,-5.878089368343353271e-02
-2.138758659362792969e+00,-2.617377936840057373e-01,7.436464428901672363e-01,4.949921742081642151e-03,3.501785919070243835e-03,8.988701105117797852e-01,-4.381732344627380371e-01,0.000000000000000000e+00,0.000000000000000000e+00,1.444963179528713226e-02,-1.239945888519287109e+00,-1.434074598364531994e-03,-2.477533882483839989e-03,1.225704234093427658e-02,1.232766747474670410e+00,-1.409755670465528965e-03,1.062179915606975555e-03,1.321588642895221710e-03,-5.032091215252876282e-02,-7.819765806198120117e-02,2.685137093067169189e-03,2.846877735721703440e-18,5.724168568849563599e-02,7.106911391019821167e-02,-5.873147025704383850e-02,6.097240746021270752e-02,-5.980968941003084183e-03,-6.553917429380148874e-19,6.488689035177230835e-02,-5.878089368343353271e-02
-2.138758659362792969e+00,-2.617377936840057373e-01,7.436464428901672363e-01,4.949921742081642151e-03,3.501785919070243835e-03,8.988701105117797852e-01,-4.381732344627380371e-01,0.000000000000000000e+00,0.000000000000000000e+00,1.444963272660970688e-02,-1.239945888519287109e+00,-1.434074598364531994e-03,-2.477533882483839989e-03,1.225704234093427658e-02,1.232766747474670410e+00,-1.409755554050207138e-03,1.062179915606975555e-03,1.321588526479899883e-03,-5.032091215252876282e-02,-7.819765806198120117e-02,2.685137093067169189e-03,-1.562352271210556975e-18,5.724168568849563599e-02,7.106911391019821167e-02,-5.873147025704383850e-02,6.097240746021270752e-02,-5.980968941003084183e-03,-4.465557697924671388e-18,6.488689035177230835e-02,-5.878089368343353271e-02
-2.138758659362792969e+00,-2.617377936840057373e-01,7.436464428901672363e-01,4.949921742081642151e-03,3.501785919070243835e-03,8.988701105117797852e-01,-4.381732344627380371e-01,0.000000000000000000e+00,0.000000000000000000e+00,1.444963179528713226e-02,-1.239945888519287109e+00,-1.434074598364531994e-03,-2.477533882483839989e-03,1.225704234093427658e-02,1.232766747474670410e+00,-1.409755670465528965e-03,1.062180032022297382e-03,1.321588526479899883e-03,-5.032091215252876282e-02,-7.819765806198120117e-02,2.685137093067169189e-03,-1.996350777559979112e-18,5.724168568849563599e-02,7.106911391019821167e-02,-5.873147398233413696e-02,6.097240746021270752e-02,-5.980968941003084183e-03,3.829859471010318983e-18,6.488689035177230835e-02,-5.878089368343353271e-02
-2.138758659362792969e+00,-2.617377936840057373e-01,7.436464428901672363e-01,4.949921742081642151e-03,3.501785919070243835e-03,8.988701105117797852e-01,-4.381732344627380371e-01,0.000000000000000000e+00,0.000000000000000000e+00,1.444963179528713226e-02,-1.239945888519287109e+00,-1.434074598364531994e-03,-2.477533882483839989e-03,1.225704234093427658e-02,1.232766747474670410e+00,-1.409755554050207138e-03,1.062179915606975555e-03,1.321588526479899883e-03,-5.032091215252876282e-02,-7.819765806198120117e-02,2.685137093067169189e-03,-4.296998141421065620e-18,5.724168568849563599e-02,7.106911391019821167e-02,-5.873147398233413696e-02,6.097240746021270752e-02,-5.980968941003084183e-03,4.147920342704308760e-18,6.488689035177230835e-02,-5.878089368343353271e-02
-2.138758659362792969e+00,-2.617377936840057373e-01,7.436464428901672363e-01,4.949921742081642151e-03,3.501785919070243835e-03,8.988701105117797852e-01,-4.381732344627380371e-01,0.000000000000000000e+00,0.000000000000000000e+00,1.444963272660970688e-02,-1.239945888519287109e+00,-1.434074598364531994e-03,-2.477533882483839989e-03,1.225704234093427658e-02,1.232766747474670410e+00,-1.409755554050207138e-03,1.062179915606975555e-03,1.321588526479899883e-03,-5.032091215252876282e-02,-7.819765806198120117e-02,2.685137093067169189e-03,-2.439560767210791764e-18,5.724168568849563599e-02,7.106911391019821167e-02,-5.873147025704383850e-02,6.097240746021270752e-02,-5.980968941003084183e-03,2.759421583917696930e-18,6.488689035177230835e-02,-5.878089368343353271e-02
-2.138758659362792969e+00,-2.617377936840057373e-01,7.436464428901672363e-01,4.949921742081642151e-03,3.501785919070243835e-03,8.988701105117797852e-01,-4.381732344627380371e-01,0.000000000000000000e+00,0.000000000000000000e+00,1.444963179528713226e-02,-1.239945888519287109e+00,-1.434074598364531994e-03,-2.477533882483839989e-03,1.225704234093427658e-02,1.232766747474670410e+00,-1.409755670465528965e-03,1.062180032022297382e-03,1.321588526479899883e-03,-5.032091215252876282e-02,-7.819765806198120117e-02,2.685137093067169189e-03,-1.126871457203439814e-18,5.724168568849563599e-02,7.106911391019821167e-02,-5.873147398233413696e-02,6.097240746021270752e-02,-5.980968941003084183e-03,-2.659259937904875915e-18,6.488689035177230835e-02,-5.878089368343353271e-02
-2.138758659362792969e+00,-2.617377936840057373e-01,7.436464428901672363e-01,4.949921742081642151e-03,3.501785919070243835e-03,8.988701105117797852e-01,-4.381732344627380371e-01,0.000000000000000000e+00,0.000000000000000000e+00,1.444963179528713226e-02,-1.239945888519287109e+00,-1.434074598364531994e-03,-2.477533882483839989e-03,1.225704234093427658e-02,1.232766747474670410e+00,-1.409755554050207138e-03,1.062179915606975555e-03,1.321588526479899883e-03,-5.032091215252876282e-02,-7.819765806198120117e-02,2.685137093067169189e-03,1.298713266377655995e-18,5.724168568849563599e-02,7.106911391019821167e-02,-5.873147398233413696e-02,6.097240746021270752e-02,-5.980968941003084183e-03,3.165362123889320367e-18,6.488689035177230835e-02,-5.878089368343353271e-02
-2.138758659362792969e+00,-2.617377936840057373e-01,7.436464428901672363e-01,4.949921742081642151e-03,3.501785919070243835e-03,8.988701105117797852e-01,-4.381732344627380371e-01,0.000000000000000000e+00,0.000000000000000000e+00,1.444963272660970688e-02,-1.239945888519287109e+00,-1.434074481949210167e-03,-2.477533882483839989e-03,1.225704234093427658e-02,1.232766747474670410e+00,-1.409755554050207138e-03,1.062179915606975555e-03,1.321588526479899883e-03,-5.032091215252876282e-02,-7.819765806198120117e-02,2.685137093067169189e-03,-2.986744051137069783e-18,5.724168568849563599e-02,7.106911391019821167e-02,-5.873147025704383850e-02,6.097240746021270752e-02,-5.980968941003084183e-03,5.381623830380197204e-18,6.488689035177230835e-02,-5.878089368343353271e-02
-2.138758659362792969e+00,-2.617377936840057373e-01,7.436464428901672363e-01,4.949921742081642151e-03,3.501785919070243835e-03,8.988701105117797852e-01,-4.381732344627380371e-01,0.000000000000000000e+00,0.000000000000000000e+00,1.444963179528713226e-02,-1.239945888519287109e+00,-1.434074598364531994e-03,-2.477533882483839989e-03,1.225704234093427658e-02,1.232766747474670410e+00,-1.409755670465528965e-03,1.062180032022297382e-03,1.321588526479899883e-03,-5.032091215252876282e-02,-7.819765806198120117e-02,2.685137093067169189e-03,3.031530918223140914e-18,5.724168568849563599e-02,7.106911391019821167e-02,-5.873147398233413696e-02,6.097240746021270752e-02,-5.980968941003084183e-03,-1.773475233313691335e-18,6.488689035177230835e-02,-5.878089368343353271e-02
-2.138758659362792969e+00,-2.617377936840057373e-01,7.436464428901672363e-01,4.949921742081642151e-03,3.501785919070243835e-03,8.988701105117797852e-01,-4.381732344627380371e-01,0.000000000000000000e+00,0.000000000000000000e+00,1.444963179528713226e-02,-1.239945888519287109e+00,-1.434074598364531994e-03,-2.477533882483839989e-03,1.225704234093427658e-02,1.232766747474670410e+00,-1.409755554050207138e-03,1.062179915606975555e-03,1.321588526479899883e-03,-5.032091215252876282e-02,-7.819765806198120117e-02,2.685137093067169189e-03,7.785503334687901567e-18,5.724168568849563599e-02,7.106911391019821167e-02,-5.873147398233413696e-02,6.097240746021270752e-02,-5.980968941003084183e-03,-2.298000385900916820e-18,6.488689035177230835e-02,-5.878089368343353271e-02
-2.138758659362792969e+00,-2.617377936840057373e-01,7.436464428901672363e-01,4.949921742081642151e-03,3.501785919070243835e-03,8.988701105117797852e-01,-4.381732344627380371e-01,0.000000000000000000e+00,0.000000000000000000e+00,1.444963179528713226e-02,-1.239945888519287109e+00,-1.434074598364531994e-03,-2.477533882483839989e-03,1.225704234093427658e-02,1.232766747474670410e+00,-1.409755554050207138e-03,1.062179915606975555e-03,1.321588526479899883e-03,-5.032091215252876282e-02,-7.819765806198120117e-02,2.685137093067169189e-03,-1.058018266503505875e-17,5.724168568849563599e-02,7.106911391019821167e-02,-5.873147025704383850e-02,6.097240746021270752e-02,-5.980968941003084183e-03,8.331204310956484560e-18,6.488689035177230835e-02,-5.878089368343353271e-02
-2.138758659362792969e+00,-2.617377936840057373e-01,7.436464428901672363e-01,4.949921742081642151e-03,3.501785919070243835e-03,8.988701105117797852e-01,-4.381732344627380371e-01,0.000000000000000000e+00,0.000000000000000000e+00,1.444963272660970688e-02,-1.239945888519287109e+00,-1.434074481949210167e-03,-2.477533882483839989e-03,1.225704234093427658e-02,1.232766747474670410e+00,-1.409755670465528965e-03,1.062179915606975555e-03,1.321588526479899883e-03,-5.032091215252876282e-02,-7.819765806198120117e-02,2.685137093067169189e-03,3.187173222281118601e-18,5.724168568849563599e-02,7.106911391019821167e-02,-5.873147025704383850e-02,6.097240746021270752e-02,-5.980968941003084183e-03,-1.019615910257364033e-18,6.488689035177230835e-02,-5.878089368343353271e-02
-2.138758659362792969e+00,-2.617377936840057373e-01,7.436464428901672363e-01,4.949921742081642151e-03,3.501785919070243835e-03,8.988701105117797852e-01,-4.381732344627380371e-01,0.000000000000000000e+00,0.000000000000000000e+00,1.444963179528713226e-02,-1.239945888519287109e+00,-1.434074598364531994e-03,-2.477533882483839989e-03,1.225704234093427658e-02,1.232766747474670410e+00,-1.409755554050207138e-03,1.062179915606975555e-03,1.321588526479899883e-03,-5.032091215252876282e-02,-7.819765806198120117e-02,2.685137093067169189e-03,4.860698567818802496e-18,5.724168568849563599e-02,7.106911391019821167e-02,-5.873147398233413696e-02,6.097240746021270752e-02,-5.980968941003084183e-03,3.147997948470607210e-18,6.488689035177230835e-02,-5.878089368343353271e-02
-2.138758659362792969e+00,-2.617377936840057373e-01,7.436464428901672363e-01,4.949921742081642151e-03,3.501785919070243835e-03,8.988701105117797852e-01,-4.381732344627380371e-01,0.000000000000000000e+00,0.000000000000000000e+00,1.444963179528713226e-02,-1.239945888519287109e+00,-1.434074598364531994e-03,-2.477533882483839989e-03,1.225704234093427658e-02,1.232766747474670410e+00,-1.409755670465528965e-03,1.062179915606975555e-03,1.321588526479899883e-03,-5.032091215252876282e-02,-7.819765806198120117e-02,2.685137093067169189e-03,-1.819638528939050703e-18,5.724168568849563599e-02,7.106911391019821167e-02,-5.873147025704383850e-02,6.097240746021270752e-02,-5.980968941003084183e-03,-4.888438896841380832e-18,6.488689035177230835e-02,-5.878089368343353271e-02
-2.138758659362792969e+00,-2.617377936840057373e-01,7.436464428901672363e-01,4.949921742081642151e-03,3.501785919070243835e-03,8.988701105117797852e-01,-4.381732344627380371e-01,0.000000000000000000e+00,0.000000000000000000e+00,1.444963272660970688e-02,-1.239945888519287109e+00,-1.434074598364531994e-03,-2.477533882483839989e-03,1.225704234093427658e-02,1.232766747474670410e+00,-1.409755670465528965e-03,1.062179915606975555e-03,1.321588526479899883e-03,-5.032091215252876282e-02,-7.819765806198120117e-02,2.685137093067169189e-03,1.615291830413950747e-18,5.724168568849563599e-02,7.106911391019821167e-02,-5.873147025704383850e-02,6.097240746021270752e-02,-5.980968941003084183e-03,1.919588416715058143e-18,6.488689035177230835e-02,-5.878089368343353271e-02
-2.138758659362792969e+00,-2.617377936840057373e-01,7.436464428901672363e-01,4.949921742081642151e-03,3.501785919070243835e-03,8.988701105117797852e-01,-4.381732344627380371e-01,0.000000000000000000e+00,0.000000000000000000e+00,1.444963179528713226e-02,-1.239945888519287109e+00,-1.434074598364531994e-03,-2.477533882483839989e-03,1.225704234093427658e-02,1.232766747474670410e+00,-1.409755554050207138e-03,1.062179915606975555e-03,1.321588526479899883e-03,-5.032091215252876282e-02,-7.819765806198120117e-02,2.685137093067169189e-03,-3.091458499241382663e-18,5.724168568849563599e-02,7.106911391019821167e-02,-5.873147398233413696e-02,6.097240746021270752e-02,-5.980968941003084183e-03,2.852595208115669967e-18,6.488689035177230835e-02,-5.878089368343353271e-02
-2.138758659362792969e+00,-2.617377936840057373e-01,7.436464428901672363e-01,4.949921742081642151e-03,3.501785919070243835e-03,8.988701105117797852e-01,-4.381732344627380371e-01,0.000000000000000000e+00,0.000000000000000000e+00,1.444963179528713226e-02,-1.239945888519287109e+00,-1.434074598364531994e-03,-2.477533882483839989e-03,1.225704234093427658e-02,1.232766747474670410e+00,-1.409755670465528965e-03,1.062179915606975555e-03,1.321588526479899883e-03,-5.032091215252876282e-02,-7.819765806198120117e-02,2.685137093067169189e-03,-8.464188483675409713e-18,5.724168568849563599e-02,7.106911391019821167e-02,-5.873147398233413696e-02,6.097240746021270752e-02,-5.980968941003084183e-03,1.332382826031014433e-18,6.488689035177230835e-02,-5.878089368343353271e-02
-2.138758659362792969e+00,-2.617377936840057373e-01,7.436464428901672363e-01,4.949921742081642151e-03,3.501785919070243835e-03,8.988701105117797852e-01,-4.381732344627380371e-01,0.000000000000000000e+00,0.000000000000000000e+00,1.444963272660970688e-02,-1.239945888519287109e+00,-1.434074598364531994e-03,-2.477533882483839989e-03,1.225704234093427658e-02,1.232766747474670410e+00,-1.409755670465528965e-03,1.062179915606975555e-03,1.321588526479899883e-03,-5.032091215252876282e-02,-7.819765806198120117e-02,2.685137093067169189e-03,-2.516005490700492370e-18,5.724168568849563599e-02,7.106911391019821167e-02,-5.873147025704383850e-02,6.097240746021270752e-02,-5.980968941003084183e-03,-3.645841563219322234e-18,6.488689035177230835e-02,-5.878089368343353271e-02
-2.138758659362792969e+00,-2.617377936840057373e-01,7.436464428901672363e-01,4.949921742081642151e-03,3.501785919070243835e-03,8.988701105117797852e-01,-4.381732344627380371e-01,0.000000000000000000e+00,0.000000000000000000e+00,1.444963179528713226e-02,-1.239945888519287109e+00,-1.434074598364531994e-03,-2.477533882483839989e-03,1.225704234093427658e-02,1.232766747474670410e+00,-1.409755670465528965e-03,1.062180032022297382e-03,1.321588526479899883e-03,-5.032091215252876282e-02,-7.819765806198120117e-02,2.685137093067169189e-03,-1.359805517698372407e-18,5.724168568849563599e-02,7.106911391019821167e-02,-5.873147398233413696e-02,6.097240746021270752e-02,-5.980968941003084183e-03,-6.988021814847977797e-19,6.488689035177230835e-02,-5.878089368343353271e-02
-2.138758659362792969e+00,-2.617377936840057373e-01,7.436464428901672363e-01,4.949921742081642151e-03,3.501785919070243835e-03,8.988701105117797852e-01,-4.381732344627380371e-01,0.000000000000000000e+00,0.000000000000000000e+00,1.444963179528713226e-02,-1.239945888519287109e+00,-1.434074598364531994e-03,-2.477533882483839989e-03,1.225704234093427658e-02,1.232766747474670410e+00,-1.409755670465528965e-03,1.062180032022297382e-03,1.321588526479899883e-03,-5.032091215252876282e-02,-7.819765806198120117e-02,2.685137093067169189e-03,-9.025771327705010838e-18,5.724168568849563599e-02,7.106911391019821167e-02,-5.873147398233413696e-02,6.097240746021270752e-02,-5.980968941003084183e-03,-1.846108308540747589e-18,6.488689035177230835e-02,-5.878089368343353271e-02
-2.138758659362792969e+00,-2.617377936840057373e-01,7.436464428901672363e-01,4.949921742081642151e-03,3.501785919070243835e-03,8.988701105117797852e-01,-4.381732344627380371e-01,0.000000000000000000e+00,0.000000000000000000e+00,1.444963272660970688e-02,-1.239945888519287109e+00,-1.434074598364531994e-03,-2.477533882483839989e-03,1.225704234093427658e-02,1.232766747474670410e+00,-1.409755554050207138e-03,1.062179915606975555e-03,1.321588526479899883e-03,-5.032091215252876282e-02,-7.819765806198120117e-02,2.685137093067169189e-03,-4.171637265227429170e-18,5.724168568849563599e-02,7.106911391019821167e-02,-5.873147025704383850e-02,6.097240746021270752e-02,-5.980968941003084183e-03,-3.654947167402305963e-18,6.488689035177230835e-02,-5.878089368343353271e-02
-2.138758659362792969e+00,-2.617377936840057373e-01,7.436464428901672363e-01,4.949921742081642151e-03,3.501785919070243835e-03,8.988701105117797852e-01,-4.381732344627380371e-01,0.000000000000000000e+00,0.000000000000000000e+00,1.444963179528713226e-02,-1.239945888519287109e+00,-1.434074598364531994e-03,-2.477533882483839989e-03,1.225704234093427658e-02,1.232766747474670410e+00,-1.409755670465528965e-03,1.062180032022297382e-03,1.321588526479899883e-03,-5.032091215252876282e-02,-7.819765806198120117e-02,2.685137093067169189e-03,-1.287331261148926334e-17,5.724168568849563599e-02,7.106911391019821167e-02,-5.873147398233413696e-02,6.097240746021270752e-02,-5.980968941003084183e-03,-3.200513991200373831e-18,6.488689035177230835e-02,-5.878089368343353271e-02
-2.138758659362792969e+00,-2.617377936840057373e-01,7.436464428901672363e-01,4.949921742081642151e-03,3.501785919070243835e-03,8.988701105117797852e-01,-4.381732344627380371e-01,0.000000000000000000e+00,0.000000000000000000e+00,1.444963179528713226e-02,-1.239945888519287109e+00,-1.434074598364531994e-03,-2.477533882483839989e-03,1.225704234093427658e-02,1.232766747474670410e+00,-1.409755554050207138e-03,1.062179915606975555e-03,1.321588526479899883e-03,-5.032091215252876282e-02,-7.819765806198120117e-02,2.685137093067169189e-03,7.205391644937112622e-18,5.724168568849563599e-02,7.106911391019821167e-02,-5.873147398233413696e-02,6.097240746021270752e-02,-5.980968941003084183e-03,-1.449908647462548605e-18,6.488689035177230835e-02,-5.878089368343353271e-02
-2.138758659362792969e+00,-2.617377936840057373e-01,7.436464428901672363e-01,4.949921742081642151e-03,3.501785919070243835e-03,8.988701105117797852e-01,-4.381732344627380371e-01,0.000000000000000000e+00,0.000000000000000000e+00,1.444963272660970688e-02,-1.239945888519287109e+00,-1.434074598364531994e-03,-2.477533882483839989e-03,1.225704234093427658e-02,1.232766747474670410e+00,-1.409755554050207138e-03,1.062179915606975555e-03,1.321588526479899883e-03,-5.032091215252876282e-02,-7.819765806198120117e-02,2.685137093067169189e-03,1.267796563802874033e-18,5.724168568849563599e-02,7.106911391019821167e-02,-5.873147025704383850e-02,6.097240746021270752e-02,-5.980968941003084183e-03,1.184787334971952599e-18,6.488689035177230835e-02,-5.878089368343353271e-02
-2.138758659362792969e+00,-2.617377936840057373e-01,7.436464428901672363e-01,4.949921742081642151e-03,3.501785919070243835e-03,8.988701105117797852e-01,-4.381732344627380371e-01,0.000000000000000000e+00,0.000000000000000000e+00,1.444963179528713226e-02,-1.239945888519287109e+00,-1.434074598364531994e-03,-2.477533882483839989e-03,1.225704234093427658e-02,1.232766747474670410e+00,-1.409755670465528965e-03,1.062180032022297382e-03,1.321588526479899883e-03,-5.032091215252876282e-02,-7.819765806198120117e-02,2.685137093067169189e-03,6.808768467385286488e-18,5.724168568849563599e-02,7.106911391019821167e-02,-5.873147398233413696e-02,6.097240746021270752e-02,-5.980968941003084183e-03,-1.356099748554134843e-18,6.488689035177230835e-02,-5.878089368343353271e-02
-2.138758659362792969e+00,-2.617377936840057373e-01,7.436464428901672363e-01,4.949921742081642151e-03,3.501785919070243835e-03,8.988701105117797852e-01,-4.381732344627380371e-01,0.000000000000000000e+00,0.000000000000000000e+00,1.444963179528713226e-02,-1.239945888519287109e+00,-1.434074598364531994e-03,-2.477533882483839989e-03,1.225704234093427658e-02,1.232766747474670410e+00,-1.409755670465528965e-03,1.062179915606975555e-03,1.321588526479899883e-03,-5.032091215252876282e-02,-7.819765806198120117e-02,2.685137093067169189e-03,3.307557779909636037e-18,5.724168568849563599e-02,7.106911391019821167e-02,-5.873147398233413696e-02,6.097240746021270752e-02,-5.980968941003084183e-03,3.502481236896531902e-18,6.488689035177230835e-02,-5.878089368343353271e-02
-2.138758659362792969e+00,-2.617377936840057373e-01,7.436464428901672363e-01,4.949921742081642151e-03,3.501785919070243835e-03,8.988701105117797852e-01,-4.381732344627380371e-01,0.000000000000000000e+00,0.000000000000000000e+00,1.444963272660970688e-02,-1.239945888519287109e+00,-1.434074481949210167e-03,-2.477533882483839989e-03,1.225704234093427658e-02,1.232766747474670410e+00,-1.409755670465528965e-03,1.062179915606975555e-03,1.321588526479899883e-03,-5.032091215252876282e-02,-7.819765806198120117e-02,2.685137093067169189e-03,1.011674976376854967e-18,5.724168568849563599e-02,7.106911391019821167e-02,-5.873147025704383850e-02,6.097240746021270752e-02,-5.980968941003084183e-03,6.655561383050664914e-19,6.488689035177230835e-02,-5.878089368343353271e-02
-2.138758659362792969e+00,-2.617377936840057373e-01,7.436464428901672363e-01,4.949921742081642151e-03,3.501785919070243835e-03,8.988701105117797852e-01,-4.381732344627380371e-01,0.000000000000000000e+00,0.000000000000000000e+00,1.444963179528713226e-02,-1.239945888519287109e+00,-1.434074598364531994e-03,-2.477533882483839989e-03,1.225704234093427658e-02,1.232766747474670410e+00,-1.409755554050207138e-03,1.062179915606975555e-03,1.321588526479899883e-03,-5.032091215252876282e-02,-7.819765806198120117e-02,2.685137093067169189e-03,-3.585278707490639760e-18,5.724168568849563599e-02,7.106911391019821167e-02,-5.873147398233413696e-02,6.097240746021270752e-02,-5.980968941003084183e-03,-3.438742007615645802e-18,6.488689035177230835e-02,-5.878089368343353271e-02
-2.138758659362792969e+00,-2.617377936840057373e-01,7.436464428901672363e-01,4.949921742081642151e-03,3.501785919070243835e-03,8.988701105117797852e-01,-4.381732344627380371e-01,0.000000000000000000e+00,0.000000000000000000e+00,1.444963179528713226e-02,-1.239945888519287109e+00,-1.434074598364531994e-03,-2.477533882483839989e-03,1.225704234093427658e-02,1.232766747474670410e+00,-1.409755670465528965e-03,1.062179915606975555e-03,1.321588526479899883e-03,-5.032091215252876282e-02,-7.819765806198120117e-02,2.685137093067169189e-03,-3.584855191017012610e-18,5.724168568849563599e-02,7.106911391019821167e-02,-5.873147398233413696e-02,6.097240746021270752e-02,-5.980968941003084183e-03,4.083334080476168360e-18,6.488689035177230835e-02,-5.878089368343353271e-02
-2.138758659362792969e+00,-2.617377936840057373e-01,7.436464428901672363e-01,4.949921742081642151e-03,3.501785919070243835e-03,8.988701105117797852e-01,-4.381732344627380371e-01,0.000000000000000000e+00,0.000000000000000000e+00,1.444963272660970688e-02,-1.239945888519287109e+00,-1.434074481949210167e-03,-2.477533882483839989e-03,1.225704234093427658e-02,1.232766747474670410e+00,-1.409755670465528965e-03,1.062179915606975555e-03,1.321588526479899883e-03,-5.032091215252876282e-02,-7.819765806198120117e-02,2.685137093067169189e-03,5.558441958119532400e-18,5.724168568849563599e-02,7.106911391019821167e-02,-5.873147025704383850e-02,6.097240746021270752e-02,-5.980968941003084183e-03,-2.064219292458729926e-18,6.488689035177230835e-02,-5.878089368343353271e-02
-2.138758659362792969e+00,-2.617377936840057373e-01,7.436464428901672363e-01,4.949921742081642151e-03,3.501785919070243835e-03,8.988701105117797852e-01,-4.381732344627380371e-01,0.000000000000000000e+00,0.000000000000000000e+00,1.444963179528713226e-02,-1.239945888519287109e+00,-1.434074598364531994e-03,-2.477533882483839989e-03,1.225704234093427658e-02,1.232766747474670410e+00,-1.409755670465528965e-03,1.062180032022297382e-03,1.321588526479899883e-03,-5.032091215252876282e-02,-7.819765806198120117e-02,2.685137093067169189e-03,-4.017053752353519358e-19,5.724168568849563599e-02,7.106911391019821167e-02,-5.873147398233413696e-02,6.097240746021270752e-02,-5.980968941003084183e-03,-1.308665903507894024e-19,6.488689035177230835e-02,-5.878089368343353271e-02
-2.138758659362792969e+00,-2.617377936840057373e-01,7.436464428901672363e-01,4.949921742081642151e-03,3.501785919070243835e-03,8.988701105117797852e-01,-4.381732344627380371e-01,0.000000000000000000e+00,0.000000000000000000e+00,1.444963179528713226e-02,-1.239945888519287109e+00,-1.434074598364531994e-03,-2.477533882483839989e-03,1.225704234093427658e-02,1.232766747474670410e+00,-1.409755670465528965e-03,1.062180032022297382e-03,1.321588526479899883e-03,-5.032091215252876282e-02,-7.819765806198120117e-02,2.685137093067169189e-03,-2.873559273560213900e-18,5.724168568849563599e-02,7.106911391019821167e-02,-5.873147398233413696e-02,6.097240746021270752e-02,-5.980968941003084183e-03,-1.189234257945037676e-18,6.488689035177230835e-02,-5.878089368343353271e-02
-2.138758659362792969e+00,-2.617377936840057373e-01,7.436464428901672363e-01,4.949921742081642151e-03,3.501785919070243835e-03,8.988701105117797852e-01,-4.381732344627380371e-01,0.000000000000000000e+00,0.000000000000000000e+00,1.444963272660970688e-02,-1.239945888519287109e+00,-1.434074481949210167e-03,-2.477533882483839989e-03,1.225704234093427658e-02,1.232766747474670410e+00,-1.409755554050207138e-03,1.062179915606975555e-03,1.321588526479899883e-03,-5.032091215252876282e-02,-7.819765806198120117e-02,2.685137093067169189e-03,-9.745219937279132189e-18,5.724168568849563599e-02,7.106911391019821167e-02,-5.873147025704383850e-02,6.097240746021270752e-02,-5.980968941003084183e-03,-2.613731916989957271e-18,6.488689035177230835e-02,-5.878089368343353271e-02
-2.138758659362792969e+00,-2.617377936840057373e-01,7.436464428901672363e-01,4.949921742081642151e-03,3.501785919070243835e-03,8.988701105117797852e-01,-4.381732344627380371e-01,0.000000000000000000e+00,0.000000000000000000e+00,1.444963179528713226e-02,-1.239945888519287109e+00,-1.434074598364531994e-03,-2.477533882483839989e-03,1.225704234093427658e-02,1.232766747474670410e+00,-1.409755670465528965e-03,1.062180032022297382e-03,1.321588526479899883e-03,-5.032091215252876282e-02,-7.819765806198120117e-02,2.685137093067169189e-03,2.861065537588212970e-18,5.724168568849563599e-02,7.106911391019821167e-02,-5.873147398233413696e-02,6.097240746021270752e-02,-5.980968941003084183e-03,3.833459361036149760e-18,6.488689035177230835e-02,-5.878089368343353271e-02
-2.138758659362792969e+00,-2.617377936840057373e-01,7.436464428901672363e-01,4.949921742081642151e-03,3.501785919070243835e-03,8.988701105117797852e-01,-4.381732344627380371e-01,0.000000000000000000e+00,0.000000000000000000e+00,1.444963179528713226e-02,-1.239945888519287109e+00,-1.434074598364531994e-03,-2.477533882483839989e-03,1.225704234093427658e-02,1.232766747474670410e+00,-1.409755670465528965e-03,1.062180032022297382e-03,1.321588526479899883e-03,-5.032091215252876282e-02,-7.819765806198120117e-02,2.685137093067169189e-03,-3.713180682526039111e-19,5.724168568849563599e-02,7.106911391019821167e-02,-5.873147398233413696e-02,6.097240746021270752e-02,-5.980968941003084183e-03,-2.744386749103933099e-19,6.488689035177230835e-02,-5.878089368343353271e-02
-2.138758659362792969e+00,-2.617377936840057373e-01,7.436464428901672363e-01,4.949921742081642151e-03,3.501785919070243835e-03,8.988701105117797852e-01,-4.381732344627380371e-01,0.000000000000000000e+00,0.000000000000000000e+00,1.444963272660970688e-02,-1.239945888519287109e+00,-1.434074481949210167e-03,-2.477533882483839989e-03,1.225704234093427658e-02,1.232766747474670410e+00,-1.409755554050207138e-03,1.062179915606975555e-03,1.321588526479899883e-03,-5.032091215252876282e-02,-7.819765806198120117e-02,2.685137093067169189e-03,-2.544275215315104643e-19,5.724168568849563599e-02,7.106911391019821167e-02,-5.873147025704383850e-02,6.097240746021270752e-02,-5.980968941003084183e-03,-8.175773765135320448e-18,6.488689035177230835e-02,-5.878089368343353271e-02
-2.138758659362792969e+00,-2.617377936840057373e-01,7.436464428901672363e-01,4.949921742081642151e-03,3.501785919070243835e-03,8.988701105117797852e-01,-4.381732344627380371e-01,0.000000000000000000e+00,0.000000000000000000e+00,1.444963179528713226e-02,-1.239945888519287109e+00,-1.434074598364531994e-03,-2.477533882483839989e-03,1.225704234093427658e-02,1.232766747474670410e+00,-1.409755670465528965e-03,1.062180032022297382e-03,1.321588526479899883e-03,-5.032091215252876282e-02,-7.819765806198120117e-02,2.685137093067169189e-03,8.576208590949790933e-20,5.724168568849563599e-02,7.106911391019821167e-02,-5.873147398233413696e-02,6.097240746021270752e-02,-5.980968941003084183e-03,2.979650150203815018e-18,6.488689035177230835e-02,-5.878089368343353271e-02
-2.138758659362792969e+00,-2.617377936840057373e-01,7.436464428901672363e-01,4.949921742081642151e-03,3.501785919070243835e-03,8.988701105117797852e-01,-4.381732344627380371e-01,0.000000000000000000e+00,0.000000000000000000e+00,1.444963179528713226e-02,-1.239945888519287109e+00,-1.434074598364531994e-03,-2.477533882483839989e-03,1.225704234093427658e-02,1.232766747474670410e+00,-1.409755670465528965e-03,1.062180032022297382e-03,1.321588526479899883e-03,-5.032091215252876282e-02,-7.819765806198120117e-02,2.685137093067169189e-03,4.750584284675743452e-18,5.724168568849563599e-02,7.106911391019821167e-02,-5.873147398233413696e-02,6.097240746021270752e-02,-5.980968941003084183e-03,5.897466895258066111e-18,6.488689035177230835e-02,-5.878089368343353271e-02
-2.138758659362792969e+00,-2.617377936840057373e-01,7.436464428901672363e-01,4.949910566210746765e-03,3.501788945868611336e-03,8.988701105117797852e-01,-4.381732642650604248e-01,0.000000000000000000e+00,0.000000000000000000e+00,1.444962434470653534e-02,-1.239945888519287109e+00,-1.434067147783935070e-03,-2.477542730048298836e-03,1.225698087364435196e-02,1.232766747474670410e+00,-1.409753691405057907e-03,1.062153605744242668e-03,1.321573508903384209e-03,-5.032092705368995667e-02,-7.819767296314239502e-02,2.685135463252663612e-03,4.742325713440014023e-19,5.724168568849563599e-02,7.106910645961761475e-02,-5.873148515820503235e-02,6.097239628434181213e-02,-5.980970337986946106e-03,1.687713147404193426e-19,6.488689035177230835e-02,-5.878089740872383118e-02
