-5.424449965357780457e-02,-9.910561144351959229e-03,7.052121758460998535e-01,1.669796765781939030e-03,-6.926923990249633789e-03,4.362396523356437683e-02,9.990226030349731445e-01,0.000000000000000000e+00,0.000000000000000000e+00,2.230635099112987518e-02,-1.230955958366394043e+00,-2.602343214675784111e-03,-5.825664848089218140e-03,1.936627924442291260e-02,1.221300601959228516e+00,-2.681945450603961945e-03,3.743076231330633163e-03,4.019209649413824081e-03,-6.873793900012969971e-02,-4.778841510415077209e-02,-1.092134974896907806e-03,1.399646513164043427e-03,7.893331348896026611e-02,4.511802643537521362e-02,-7.652897387742996216e-02,2.891556918621063232e-02,-7.274447940289974213e-03,6.417307304218411446e-05,8.763112127780914307e-02,-3.246313333511352539e-02
-5.424779281020164490e-02,-9.910752065479755402e-03,7.052096128463745117e-01,1.670948346145451069e-03,-6.943647284060716629e-03,4.362163692712783813e-02,9.990226030349731445e-01,0.000000000000000000e+00,0.000000000000000000e+00,2.264541946351528168e-02,-1.231003046035766602e+00,-2.795227570459246635e-03,-6.313335616141557693e-03,1.963748782873153687e-02,1.221336960792541504e+00,-2.832872327417135239e-03,4.123552702367305756e-03,4.098702687770128250e-03,-6.864807754755020142e-02,-4.779481515288352966e-02,-1.175154931843280792e-03,1.278387149795889854e-03,7.904819399118423462e-02,4.511923342943191528e-02,-7.645877450704574585e-02,2.890893258154392242e-02,-7.353649940341711044e-03,1.950971454789396375e-05,8.767954260110855103e-02,-3.246407583355903625e-02
-5.424783751368522644e-02,-9.910744614899158478e-03,7.052095532417297363e-01,1.670947531238198280e-03,-6.943984422832727432e-03,4.362152516841888428e-02,9.990226030349731445e-01,0.000000000000000000e+00,0.000000000000000000e+00,2.265704050660133362e-02,-1.231003284454345703e+00,-2.802422503009438515e-03,-6.331042386591434479e-03,1.964667253196239471e-02,1.221337080001831055e+00,-2.838254673406481743e-03,4.137476906180381775e-03,4.102458711713552475e-03,-6.864742189645767212e-02,-4.779504239559173584e-02,-1.178935752250254154e-03,1.277670962736010551e-03,7.904954254627227783e-02,4.511921852827072144e-02,-7.645749300718307495e-02,2.890867739915847778e-02,-7.357416208833456039e-03,1.947528653545305133e-05,8.767896890640258789e-02,-3.246411681175231934e-02
-5.424783751368522644e-02,-9.910744614899158478e-03,7.052095532417297363e-01,1.670947298407554626e-03,-6.943995598703622818e-03,4.362151771783828735e-02,9.990226030349731445e-01,0.000000000000000000e+00,0.000000000000000000e+00,2.265745215117931366e-02,-1.231003284454345703e+00,-2.802680479362607002e-03,-6.331671960651874542e-03,1.964699663221836090e-02,1.221337080001831055e+00,-2.838443964719772339e-03,4.137971438467502594e-03,4.102632869035005569e-03,-6.864742189645767212e-02,-4.779505357146263123e-02,-1.179111190140247345e-03,1.277665141969919205e-03,7.904958724975585938e-02,4.511921852827072144e-02,-7.645744830369949341e-02,2.890866622328758240e-02,-7.357591297477483749e-03,1.947552664205431938e-05,8.767893165349960327e-02,-3.246412053704261780e-02
-5.424783751368522644e-02,-9.910744614899158478e-03,7.052095532417297363e-01,1.670947298407554626e-03,-6.943995598703622818e-03,4.362151771783828735e-02,9.990226030349731445e-01,0.000000000000000000e+00,0.000000000000000000e+00,2.265746705234050751e-02,-1.231003284454345703e+00,-2.802689792588353157e-03,-6.331694312393665314e-03,1.964700780808925629e-02,1.221337080001831055e+00,-2.838450716808438301e-03,4.137989133596420288e-03,4.102640785276889801e-03,-6.864742189645767212e-02,-4.779505729675292969e-02,-1.179119222797453403e-03,1.277664792723953724e-03,7.904958724975585938e-02,4.511921852827072144e-02,-7.645744085311889648e-02,2.890866436064243317e-02,-7.357599213719367981e-03,1.947554483194835484e-05,8.767893165349960327e-02,-3.246412053704261780e-02
-5.424783751368522644e-02,-9.910744614899158478e-03,7.052095532417297363e-01,1.670947298407554626e-03,-6.943995133042335510e-03,4.362151771783828735e-02,9.990226030349731445e-01,0.000000000000000000e+00,0.000000000000000000e+00,2.265746705234050751e-02,-1.231003284454345703e+00,-2.802690258249640465e-03,-6.331695243716239929e-03,1.964700780808925629e-02,1.221337080001831055e+00,-2.838450949639081955e-03,4.137990064918994904e-03,4.102641250938177109e-03,-6.864742189645767212e-02,-4.779505729675292969e-02,-1.179119572043418884e-03,1.277664676308631897e-03,7.904958724975585938e-02,4.511921852827072144e-02,-7.645744830369949341e-02,2.890866436064243317e-02,-7.357599679380655289e-03,1.947554665093775839e-05,8.767893165349960327e-02,-3.246412053704261780e-02
-5.424783751368522644e-02,-9.910744614899158478e-03,7.052095532417297363e-01,1.670947414822876453e-03,-6.943995133042335510e-03,4.362151771783828735e-02,9.990226030349731445e-01,0.000000000000000000e+00,0.000000000000000000e+00,2.265746705234050751e-02,-1.231003284454345703e+00,-2.802690258249640465e-03,-6.331695243716239929e-03,1.964700780808925629e-02,1.221337080001831055e+00,-2.838450949639081955e-03,4.137990064918994904e-03,4.102641250938177109e-03,-6.864742189645767212e-02,-4.779505729675292969e-02,-1.179119572043418884e-03,1.277664676308631897e-03,7.904958724975585938e-02,4.511921852827072144e-02,-7.645744830369949341e-02,2.890866436064243317e-02,-7.357599679380655289e-03,1.947554665093775839e-05,8.767893165349960327e-02,-3.246412053704261780e-02
-5.424783751368522644e-02,-9.910744614899158478e-03,7.052095532417297363e-01,1.670947298407554626e-03,-6.943995133042335510e-03,4.362151771783828735e-02,9.990226030349731445e-01,0.000000000000000000e+00,0.000000000000000000e+00,2.265746705234050751e-02,-1.231003284454345703e+00,-2.802690258249640465e-03,-6.331695243716239929e-03,1.964700780808925629e-02,1.221337080001831055e+00,-2.838450949639081955e-03,4.137990064918994904e-03,4.102641250938177109e-03,-6.864742189645767212e-02,-4.779505729675292969e-02,-1.179119572043418884e-03,1.277664676308631897e-03,7.904958724975585938e-02,4.511921852827072144e-02,-7.645744830369949341e-02,2.890866436064243317e-02,-7.357599679380655289e-03,1.947554665093775839e-05,8.767893165349960327e-02,-3.246412053704261780e-02
-5.424783751368522644e-02,-9.910744614899158478e-03,7.052095532417297363e-01,1.670947298407554626e-03,-6.943995133042335510e-03,4.362151771783828735e-02,9.990226030349731445e-01,0.000000000000000000e+00,0.000000000000000000e+00,2.265746705234050751e-02,-1.231003284454345703e+00,-2.802690258249640465e-03,-6.331695243716239929e-03,1.964700780808925629e-02,1.221337080001831055e+00,-2.838450949639081955e-03,4.137990064918994904e-03,4.102641250938177109e-03,-6.864742189645767212e-02,-4.779505729675292969e-02,-1.179119572043418884e-03,1.277664676308631897e-03,7.904958724975585938e-02,4.511921852827072144e-02,-7.645744830369949341e-02,2.890866436064243317e-02,-7.357599679380655289e-03,1.947554665093775839e-05,8.767893165349960327e-02,-3.246412053704261780e-02
-5.424783751368522644e-02,-9.910744614899158478e-03,7.052095532417297363e-01,1.670947298407554626e-03,-6.943995133042335510e-03,4.362151771783828735e-02,9.990226030349731445e-01,0.000000000000000000e+00,0.000000000000000000e+00,2.265746705234050751e-02,-1.231003284454345703e+00,-2.802690258249640465e-03,-6.331695243716239929e-03,1.964700780808925629e-02,1.221337080001831055e+00,-2.838450949639081955e-03,4.137990064918994904e-03,4.102641250938177109e-03,-6.864742189645767212e-02,-4.779505729675292969e-02,-1.179119572043418884e-03,1.277664676308631897e-03,7.904958724975585938e-02,4.511921852827072144e-02,-7.645744830369949341e-02,2.890866436064243317e-02,-7.357599679380655289e-03,1.947554665093775839e-05,8.767893165349960327e-02,-3.246412053704261780e-02
-5.424783751368522644e-02,-9.910744614899158478e-03,7.052095532417297363e-01,1.670947298407554626e-03,-6.943995133042335510e-03,4.362151771783828735e-02,9.990226030349731445e-01,0.000000000000000000e+00,0.000000000000000000e+00,2.265746705234050751e-02,-1.231003284454345703e+00,-2.802690258249640465e-03,-6.331695243716239929e-03,1.964700780808925629e-02,1.221337080001831055e+00,-2.838450949639081955e-03,4.137990064918994904e-03,4.102641250938177109e-03,-6.864742189645767212e-02,-4.779505729675292969e-02,-1.179119572043418884e-03,1.277664676308631897e-03,7.904958724975585938e-02,4.511921852827072144e-02,-7.645744830369949341e-02,2.890866436064243317e-02,-7.357599679380655289e-03,1.947554665093775839e-05,8.767893165349960327e-02,-3.246412053704261780e-02
-5.424783751368522644e-02,-9.910744614899158478e-03,7.052095532417297363e-01,1.670947298407554626e-03,-6.943995133042335510e-03,4.362151771783828735e-02,9.990226030349731445e-01,0.000000000000000000e+00,0.000000000000000000e+00,2.265746705234050751e-02,-1.231003284454345703e+00,-2.802690258249640465e-03,-6.331695243716239929e-03,1.964700780808925629e-02,1.221337080001831055e+00,-2.838450949639081955e-03,4.137990064918994904e-03,4.102641250938177109e-03,-6.864742189645767212e-02,-4.779505729675292969e-02,-1.179119572043418884e-03,1.277664676308631897e-03,7.904958724975585938e-02,4.511921852827072144e-02,-7.645744830369949341e-02,2.890866436064243317e-02,-7.357599679380655289e-03,1.947554665093775839e-05,8.767893165349960327e-02,-3.246412053704261780e-02
-5.424783751368522644e-02,-9.910744614899158478e-03,7.052095532417297363e-01,1.670947298407554626e-03,-6.943995133042335510e-03,4.362151771783828735e-02,9.990226030349731445e-01,0.000000000000000000e+00,0.000000000000000000e+00,2.265746705234050751e-02,-1.231003284454345703e+00,-2.802690258249640465e-03,-6.331695243716239929e-03,1.964700780808925629e-02,1.221337080001831055e+00,-2.838450949639081955e-03,4.137990064918994904e-03,4.102641250938177109e-03,-6.864742189645767212e-02,-4.779505729675292969e-02,-1.179119572043418884e-03,1.277664676308631897e-03,7.904958724975585938e-02,4.511921852827072144e-02,-7.645744830369949341e-02,2.890866436064243317e-02,-7.357599679380655289e-03,1.947554665093775839e-05,8.767893165349960327e-02,-3.246412053704261780e-02
-5.424783751368522644e-02,-9.910744614899158478e-03,7.052095532417297363e-01,1.670947298407554626e-03,-6.943995133042335510e-03,4.362151771783828735e-02,9.990226030349731445e-01,0.000000000000000000e+00,0.000000000000000000e+00,2.265746705234050751e-02,-1.231003284454345703e+00,-2.802690258249640465e-03,-6.331695243716239929e-03,1.964700780808925629e-02,1.221337080001831055e+00,-2.838450949639081955e-03,4.137990064918994904e-03,4.102641250938177109e-03,-6.864742189645767212e-02,-4.779505729675292969e-02,-1.179119572043418884e-03,1.277664676308631897e-03,7.904958724975585938e-02,4.511921852827072144e-02,-7.645744830369949341e-02,2.890866436064243317e-02,-7.357599679380655289e-03,1.947554665093775839e-05,8.767893165349960327e-02,-3.246412053704261780e-02
-5.161419883370399475e-02,-9.238627739250659943e-03,7.065180540084838867e-01,4.318493884056806564e-03,5.086116027086973190e-03,3.443656861782073975e-02,9.993846416473388672e-01,0.000000000000000000e+00,0.000000000000000000e+00,1.255307160317897797e-02,-1.223668217658996582e+00,3.216762840747833252e-02,-6.628997623920440674e-02,3.595334291458129883e-02,1.227663278579711914e+00,9.227303788065910339e-03,3.247810155153274536e-02,2.455664798617362976e-02,-8.995537459850311279e-02,-5.815912038087844849e-02,-3.316170070320367813e-03,9.603994898498058319e-03,7.094531506299972534e-02,4.788571223616600037e-02,-1.369258463382720947e-01,2.388796210289001465e-02,-7.006480824202299118e-03,3.699739277362823486e-02,9.721246361732482910e-02,-2.332159876823425293e-02
-4.891710355877876282e-02,-8.580158464610576630e-03,7.078247070312500000e-01,6.786284502595663071e-03,1.717563159763813019e-02,2.524559386074542999e-02,9.995107054710388184e-01,0.000000000000000000e+00,0.000000000000000000e+00,2.913415897637605667e-03,-1.216022491455078125e+00,6.647635251283645630e-02,-1.276638507843017578e-01,5.263161286711692810e-02,1.234028220176696777e+00,2.090859971940517426e-02,6.167417764663696289e-02,4.547239094972610474e-02,-1.114594414830207825e-01,-6.870863586664199829e-02,-5.807968322187662125e-03,1.828022114932537079e-02,6.263774633407592773e-02,5.060559883713722229e-02,-1.974876672029495239e-01,1.846759207546710968e-02,-6.392320618033409119e-03,7.432842254638671875e-02,1.063997223973274231e-01,-1.446367427706718445e-02
-4.616745933890342712e-02,-7.939396426081657410e-03,7.091231942176818848e-01,9.091182611882686615e-03,2.930866554379463196e-02,1.604610495269298553e-02,9.994002580642700195e-01,0.000000000000000000e+00,0.000000000000000000e+00,-6.954757496714591980e-03,-1.208173036575317383e+00,1.000912189483642578e-01,-1.891465038061141968e-01,6.910832971334457397e-02,1.240417122840881348e+00,3.240381553769111633e-02,9.072503447532653809e-02,6.629227101802825928e-02,-1.328684836626052856e-01,-7.942243665456771851e-02,-8.077248930931091309e-03,2.692089788615703583e-02,5.430939048528671265e-02,5.330449342727661133e-02,-2.580221593379974365e-01,1.274253893643617630e-02,-4.889383912086486816e-03,1.116453409194946289e-01,1.157287731766700745e-01,-5.914577748626470566e-03
-4.334087297320365906e-02,-7.320734206587076187e-03,7.104205489158630371e-01,1.123880129307508469e-02,4.159762710332870483e-02,6.884912960231304169e-03,9.990475177764892578e-01,0.000000000000000000e+00,0.000000000000000000e+00,-1.674437522888183594e-02,-1.199928402900695801e+00,1.333074569702148438e-01,-2.520864605903625488e-01,8.559041470289230347e-02,1.246738314628601074e+00,4.362121596932411194e-02,1.204349920153617859e-01,8.644998073577880859e-02,-1.549257785081863403e-01,-9.024821966886520386e-02,-9.584723040461540222e-03,3.654636070132255554e-02,4.513219371438026428e-02,5.596990883350372314e-02,-3.203778564929962158e-01,6.890646647661924362e-03,-1.967549324035644531e-03,1.517827510833740234e-01,1.234691366553306580e-01,2.438629744574427605e-03
-4.048794135451316833e-02,-6.730870343744754791e-03,7.116900682449340820e-01,1.327731925994157791e-02,5.386264622211456299e-02,-2.303285757079720497e-03,9.984574317932128906e-01,0.000000000000000000e+00,0.000000000000000000e+00,-2.725926227867603302e-02,-1.191824078559875488e+00,1.655402928590774536e-01,-3.139174282550811768e-01,1.015241891145706177e-01,1.253081679344177246e+00,5.474734678864479065e-02,1.492062509059906006e-01,1.063072830438613892e-01,-1.763490885496139526e-01,-1.012470871210098267e-01,-1.065923552960157394e-02,4.534075781702995300e-02,3.648513928055763245e-02,5.863603949546813965e-02,-3.821489512920379639e-01,9.905277984216809273e-04,2.147382823750376701e-03,1.909621655941009521e-01,1.322617977857589722e-01,1.045056991279125214e-02
-3.759222850203514099e-02,-6.174894049763679504e-03,7.129346132278442383e-01,1.522025745362043381e-02,6.617943197488784790e-02,-1.148619782179594040e-02,9.976255297660827637e-01,0.000000000000000000e+00,0.000000000000000000e+00,-3.817801550030708313e-02,-1.183748960494995117e+00,1.970125734806060791e-01,-3.757927417755126953e-01,1.171513125300407410e-01,1.259370446205139160e+00,6.569551676511764526e-02,1.777694225311279297e-01,1.256540119647979736e-01,-1.977058798074722290e-01,-1.124026179313659668e-01,-1.111469976603984833e-02,5.406273901462554932e-02,2.778371237218379974e-02,6.128868088126182556e-02,-4.445741474628448486e-01,-4.796962719410657883e-03,7.636128924787044525e-03,2.311188429594039917e-01,1.408610343933105469e-01,1.820588670670986176e-02
-3.627962619066238403e-02,-5.290444009006023407e-03,7.133587598800659180e-01,1.623088307678699493e-02,7.077257335186004639e-02,-2.189672552049160004e-02,9.971200227737426758e-01,0.000000000000000000e+00,0.000000000000000000e+00,-2.555953897535800934e-02,-1.181939601898193359e+00,2.226234376430511475e-01,-4.382480084896087646e-01,1.553314924240112305e-01,1.272247076034545898e+00,8.001404255628585815e-02,2.098455280065536499e-01,1.540428251028060913e-01,-1.997888237237930298e-01,-1.209370866417884827e-01,-1.729052141308784485e-02,5.667173862457275391e-02,2.286963537335395813e-02,6.365355849266052246e-02,-4.754024147987365723e-01,-1.019702851772308350e-02,3.398183500394225121e-03,2.457409650087356567e-01,1.609796583652496338e-01,2.369155734777450562e-02
-3.461093828082084656e-02,-4.402168560773134232e-03,7.141895294189453125e-01,1.696466654539108276e-02,7.735947519540786743e-02,-3.221911564469337463e-02,9.963381290435791016e-01,0.000000000000000000e+00,0.000000000000000000e+00,-1.924981549382209778e-02,-1.174962282180786133e+00,2.455531656742095947e-01,-4.997803568840026855e-01,1.875869631767272949e-01,1.280984163284301758e+00,9.412401169538497925e-02,2.419207096099853516e-01,1.837566643953323364e-01,-2.050413340330123901e-01,-1.302424520254135132e-01,-2.673214301466941833e-02,5.663551017642021179e-02,1.996094360947608948e-02,6.612067669630050659e-02,-5.116712450981140137e-01,-1.704730466008186340e-02,-1.936535700224339962e-04,2.625149190425872803e-01,1.808401048183441162e-01,2.978149056434631348e-02
-3.207727149128913879e-02,-3.711154684424400330e-03,7.152986526489257812e-01,1.795366220176219940e-02,8.778118342161178589e-02,-4.188231751322746277e-02,9.950969815254211426e-01,0.000000000000000000e+00,0.000000000000000000e+00,-2.494576200842857361e-02,-1.166768431663513184e+00,2.716723978519439697e-01,-5.616984367370605469e-01,2.080072462558746338e-01,1.287880182266235352e+00,1.062071844935417175e-01,2.712478339672088623e-01,2.049920111894607544e-01,-2.208642810583114624e-01,-1.402472406625747681e-01,-2.820429578423500061e-02,6.253427267074584961e-02,1.291877124458551407e-02,6.862140446901321411e-02,-5.670742392539978027e-01,-2.233890630304813385e-02,5.051721818745136261e-03,2.976295650005340576e-01,1.923235207796096802e-01,3.581064566969871521e-02
-2.973577193915843964e-02,-2.997339470311999321e-03,7.163096070289611816e-01,1.871061138808727264e-02,9.725142270326614380e-02,-5.158736556768417358e-02,9.937458634376525879e-01,0.000000000000000000e+00,0.000000000000000000e+00,-2.660169452428817749e-02,-1.158370256423950195e+00,2.970154285430908203e-01,-6.262050271034240723e-01,2.322110980749130249e-01,1.294889330863952637e+00,1.191498115658760071e-01,3.023575246334075928e-01,2.252830862998962402e-01,-2.344324141740798950e-01,-1.495652794837951660e-01,-2.868948318064212799e-02,6.803467124700546265e-02,5.578578449785709381e-03,7.110887765884399414e-02,-6.216034889221191406e-01,-2.646566927433013916e-02,1.146476343274116516e-02,3.346007466316223145e-01,2.027224749326705933e-01,4.136406257748603821e-02
-2.714949101209640503e-02,-2.379314973950386047e-03,7.173636555671691895e-01,1.959074288606643677e-02,1.077660471200942993e-01,-6.118015199899673462e-02,9.920986294746398926e-01,0.000000000000000000e+00,0.000000000000000000e+00,-3.316777572035789490e-02,-1.151003241539001465e+00,3.219027519226074219e-01,-6.879648566246032715e-01,2.517396211624145508e-01,1.301420211791992188e+00,1.311699151992797852e-01,3.305608034133911133e-01,2.423217743635177612e-01,-2.504417598247528076e-01,-1.590721458196640015e-01,-2.582322061061859131e-02,7.433087378740310669e-02,-2.467822050675749779e-03,7.359533756971359253e-02,-6.805180907249450684e-01,-2.905962057411670685e-02,2.161379717290401459e-02,3.746458590030670166e-01,2.125383317470550537e-01,4.666341841220855713e-02
-2.453909441828727722e-02,-1.808752771466970444e-03,7.183773517608642578e-01,2.047449722886085510e-02,1.183275654911994934e-01,-7.076147943735122681e-02,9.902384281158447266e-01,0.000000000000000000e+00,0.000000000000000000e+00,-4.050602018833160400e-02,-1.144403457641601562e+00,3.462041616439819336e-01,-7.490989565849304199e-01,2.706650495529174805e-01,1.307726025581359863e+00,1.431165933609008789e-01,3.579887747764587402e-01,2.577758431434631348e-01,-2.665183842182159424e-01,-1.684282720088958740e-01,-2.126976288855075836e-02,8.062072843313217163e-02,-1.078610308468341827e-02,7.607407122850418091e-02,-7.408325672149658203e-01,-3.012518584728240967e-02,3.361628577113151550e-02,4.166590273380279541e-01,2.217619568109512329e-01,5.164048075675964355e-02
-2.191011607646942139e-02,-1.285753562115132809e-03,7.193420529365539551e-01,2.136868797242641449e-02,1.289087533950805664e-01,-8.033960312604904175e-02,9.881656765937805176e-01,0.000000000000000000e+00,0.000000000000000000e+00,-4.822628945112228394e-02,-1.138507485389709473e+00,3.696049749851226807e-01,-8.101086020469665527e-01,2.892966270446777344e-01,1.313782572746276855e+00,1.548759043216705322e-01,3.850625455379486084e-01,2.717987895011901855e-01,-2.825909554958343506e-01,-1.775995492935180664e-01,-1.518034841865301132e-02,8.680170029401779175e-02,-1.929610036313533783e-02,7.854201644659042358e-02,-8.023478984832763672e-01,-2.945405431091785431e-02,4.716753959655761719e-02,4.604612588882446289e-01,2.304489165544509888e-01,5.630692839622497559e-02
-1.943210884928703308e-02,-7.484309026040136814e-04,7.202132940292358398e-01,2.211018279194831848e-02,1.387270987033843994e-01,-9.002971649169921875e-02,9.859820604324340820e-01,0.000000000000000000e+00,0.000000000000000000e+00,-5.239905416965484619e-02,-1.132553696632385254e+00,3.912073373794555664e-01,-8.735765814781188965e-01,3.112395107746124268e-01,1.319483280181884766e+00,1.671644300222396851e-01,4.141500890254974365e-01,2.859297990798950195e-01,-2.967379987239837646e-01,-1.862918883562088013e-01,-9.100079536437988281e-03,9.221321344375610352e-02,-2.760997600853443146e-02,8.096981048583984375e-02,-8.629145622253417969e-01,-2.741413749754428864e-02,6.056021526455879211e-02,5.056790709495544434e-01,2.382164895534515381e-01,6.054683029651641846e-02
-1.678500138223171234e-02,-3.078242880292236805e-04,7.210615873336791992e-01,2.299151010811328888e-02,1.492452919483184814e-01,-9.961607307195663452e-02,9.835008382797241211e-01,0.000000000000000000e+00,0.000000000000000000e+00,-5.974490940570831299e-02,-1.127705216407775879e+00,4.120581448078155518e-01,-9.356045126914978027e-01,3.299615979194641113e-01,1.325070261955261230e+00,1.785612553358078003e-01,4.411798417568206787e-01,2.973704338073730469e-01,-3.126756250858306885e-01,-1.948818415403366089e-01,-2.263784263050183654e-04,9.815224260091781616e-02,-3.649151697754859924e-02,8.339095860719680786e-02,-9.262289404869079590e-01,-2.268011495471000671e-02,7.626663893461227417e-02,5.526117086410522461e-01,2.458947002887725830e-01,6.459868699312210083e-02
-1.410691626369953156e-02,2.064114669337868690e-04,7.218534946441650391e-01,2.304820343852043152e-02,1.596741974353790283e-01,-1.090259701013565063e-01,9.808599352836608887e-01,0.000000000000000000e+00,0.000000000000000000e+00,-6.713501363992691040e-02,-1.122299671173095703e+00,4.322516918182373047e-01,-9.972794055938720703e-01,3.483358025550842285e-01,1.331864953041076660e+00,1.902734339237213135e-01,4.675234258174896240e-01,3.050147593021392822e-01,-3.289273977279663086e-01,-2.000000029802322388e-01,1.189836580306291580e-02,1.042391732335090637e-01,-4.601909965276718140e-02,8.506422489881515503e-02,-9.898441433906555176e-01,-1.250370312482118607e-02,9.237723052501678467e-02,5.994459390640258789e-01,2.538986802101135254e-01,6.813482940196990967e-02
-1.031221076846122742e-02,9.554407442919909954e-04,7.212617397308349609e-01,2.099432051181793213e-02,1.609518378973007202e-01,-1.086542382836341858e-01,9.807385206222534180e-01,0.000000000000000000e+00,0.000000000000000000e+00,-7.730421423912048340e-02,-1.127384185791015625e+00,4.341011047363281250e-01,-1.004789948463439941e+00,3.574809134006500244e-01,1.338324308395385742e+00,1.916930526494979858e-01,4.569728076457977295e-01,3.184168934822082520e-01,-3.229667544364929199e-01,-2.000000029802322388e-01,4.699761513620615005e-03,1.000254601240158081e-01,-5.824979767203330994e-02,7.897125184535980225e-02,-1.010471105575561523e+00,-1.224700361490249634e-02,9.005564451217651367e-02,5.611543655395507812e-01,2.422727942466735840e-01,7.685452699661254883e-02
-6.087251007556915283e-03,1.703908666968345642e-03,7.209613323211669922e-01,1.913599669933319092e-02,1.612939387559890747e-01,-1.093062832951545715e-01,9.806478619575500488e-01,0.000000000000000000e+00,0.000000000000000000e+00,-8.728480339050292969e-02,-1.131836175918579102e+00,4.399954378604888916e-01,-1.009053826332092285e+00,3.641702234745025635e-01,1.342582821846008301e+00,1.977517008781433105e-01,4.437477290630340576e-01,3.330209553241729736e-01,-3.135374784469604492e-01,-2.000000029802322388e-01,-4.043822176754474640e-03,9.484216570854187012e-02,-6.288518011569976807e-02,7.247994095087051392e-02,-1.021944642066955566e+00,-1.890074461698532104e-02,8.478952944278717041e-02,5.161134600639343262e-01,2.338989228010177612e-01,8.510555326938629150e-02
-1.260446500964462757e-03,2.216669963672757149e-03,7.206156253814697266e-01,1.738205738365650177e-02,1.619073301553726196e-01,-1.097829267382621765e-01,9.805262088775634766e-01,0.000000000000000000e+00,0.000000000000000000e+00,-9.979212284088134766e-02,-1.134359121322631836e+00,4.541267752647399902e-01,-1.014903545379638672e+00,3.701639473438262939e-01,1.346500873565673828e+00,2.012600451707839966e-01,4.285943806171417236e-01,3.480225801467895508e-01,-3.011201024055480957e-01,-2.000000029802322388e-01,-1.300552766770124435e-02,8.528605103492736816e-02,-6.943807005882263184e-02,6.761839985847473145e-02,-1.033901214599609375e+00,-3.267625719308853149e-02,8.005437999963760376e-02,4.668323397636413574e-01,2.226759493350982666e-01,9.279102832078933716e-02
3.428586758673191071e-03,2.199281239882111549e-03,7.201278805732727051e-01,1.663953252136707306e-02,1.604996025562286377e-01,-1.095180138945579529e-01,9.808000922203063965e-01,0.000000000000000000e+00,0.000000000000000000e+00,-1.119368448853492737e-01,-1.138493537902832031e+00,4.684033691883087158e-01,-1.025976061820983887e+00,3.762774765491485596e-01,1.352485537528991699e+00,2.007672041654586792e-01,4.132685959339141846e-01,3.608940541744232178e-01,-2.858062088489532471e-01,-2.000000029802322388e-01,-2.208048105239868164e-02,7.928309589624404907e-02,-7.482346147298812866e-02,6.323865056037902832e-02,-1.045204997062683105e+00,-5.081897601485252380e-02,7.527716457843780518e-02,4.203778505325317383e-01,2.125794291496276855e-01,9.878583252429962158e-02
8.457227610051631927e-03,1.414853846654295921e-03,7.196095585823059082e-01,1.684916019439697266e-02,1.594801843166351318e-01,-1.074439063668251038e-01,9.811921119689941406e-01,0.000000000000000000e+00,0.000000000000000000e+00,-1.224340125918388367e-01,-1.141499996185302734e+00,4.884082973003387451e-01,-1.037239789962768555e+00,3.798288404941558838e-01,1.361272573471069336e+00,2.039668411016464233e-01,4.036769866943359375e-01,3.691334724426269531e-01,-2.716716229915618896e-01,-2.000000029802322388e-01,-2.882666140794754028e-02,7.502671331167221069e-02,-7.856643199920654297e-02,5.649695172905921936e-02,-1.052648425102233887e+00,-7.293322682380676270e-02,6.853225082159042358e-02,3.788190782070159912e-01,2.026752084493637085e-01,1.023827493190765381e-01
1.355870440602302551e-02,-2.154448884539306164e-04,7.188951969146728516e-01,1.832561939954757690e-02,1.577138751745223999e-01,-1.036049425601959229e-01,9.818637967109680176e-01,0.000000000000000000e+00,0.000000000000000000e+00,-1.320288926362991333e-01,-1.144014716148376465e+00,5.117875337600708008e-01,-1.049966692924499512e+00,3.797490596771240234e-01,1.369575977325439453e+00,2.023300081491470337e-01,3.968931138515472412e-01,3.728052675724029541e-01,-2.559199631214141846e-01,-2.000000029802322388e-01,-3.577782213687896729e-02,7.177864760160446167e-02,-8.084631711244583130e-02,5.033033341169357300e-02,-1.057783842086791992e+00,-9.413670003414154053e-02,6.210726127028465271e-02,3.410425186157226562e-01,1.955740451812744141e-01,1.071329861879348755e-01
1.927752420306205750e-02,-2.395695541054010391e-03,7.178381085395812988e-01,2.009534649550914764e-02,1.571727097034454346e-01,-9.846119582653045654e-02,9.824450612068176270e-01,0.000000000000000000e+00,0.000000000000000000e+00,-1.424285173416137695e-01,-1.147158265113830566e+00,5.396890044212341309e-01,-1.063081026077270508e+00,3.771061301231384277e-01,1.374617695808410645e+00,1.999845802783966064e-01,3.885141611099243164e-01,3.740172386169433594e-01,-2.421136796474456787e-01,-2.000000029802322388e-01,-4.273483902215957642e-02,6.900686025619506836e-02,-8.751481771469116211e-02,4.540644586086273193e-02,-1.060785174369812012e+00,-1.173138543963432312e-01,5.611766874790191650e-02,3.161918222904205322e-01,1.964955627918243408e-01,1.103312596678733826e-01
2.568360790610313416e-02,-5.288405343890190125e-03,7.166004776954650879e-01,2.255336567759513855e-02,1.577989012002944946e-01,-9.159112721681594849e-02,9.829556941986083984e-01,0.000000000000000000e+00,0.000000000000000000e+00,-1.546856313943862915e-01,-1.149489164352416992e+00,5.715844631195068359e-01,-1.074701428413391113e+00,3.752377033233642578e-01,1.377199292182922363e+00,2.002767622470855713e-01,3.802248537540435791e-01,3.705304265022277832e-01,-2.319311350584030151e-01,-2.000000029802322388e-01,-5.071717128157615662e-02,6.975563615560531616e-02,-9.354264289140701294e-02,4.071627929806709290e-02,-1.063901305198669434e+00,-1.383653879165649414e-01,5.078367888927459717e-02,3.049293458461761475e-01,1.974356919527053833e-01,1.131496876478195190e-01
3.255711868405342102e-02,-8.597630076110363007e-03,7.152143716812133789e-01,2.516381256282329559e-02,1.581846028566360474e-01,-8.303672075271606445e-02,9.835900068283081055e-01,0.000000000000000000e+00,0.000000000000000000e+00,-1.660172641277313232e-01,-1.152150511741638184e+00,6.053878068923950195e-01,-1.086218595504760742e+00,3.722888529300689697e-01,1.378193616867065430e+00,1.969147920608520508e-01,3.706632852554321289e-01,3.669458627700805664e-01,-2.212218642234802246e-01,-2.000000029802322388e-01,-6.401481479406356812e-02,7.161249965429306030e-02,-9.903132915496826172e-02,3.968676179647445679e-02,-1.067629575729370117e+00,-1.597695499658584595e-01,4.599839448928833008e-02,3.066354990005493164e-01,2.005020827054977417e-01,1.159176006913185120e-01
4.019546508789062500e-02,-1.236376538872718811e-02,7.136359810829162598e-01,2.813778445124626160e-02,1.588843315839767456e-01,-7.351776212453842163e-02,9.841540455818176270e-01,0.000000000000000000e+00,0.000000000000000000e+00,-1.769149750471115112e-01,-1.155304431915283203e+00,6.389729380607604980e-01,-1.093217611312866211e+00,3.688234984874725342e-01,1.377000689506530762e+00,1.951858699321746826e-01,3.656002283096313477e-01,3.642351031303405762e-01,-2.101066559553146362e-01,-2.000000029802322388e-01,-8.031152933835983276e-02,7.358186691999435425e-02,-1.015054434537887573e-01,3.973457589745521545e-02,-1.065435171127319336e+00,-1.826278716325759888e-01,3.704001009464263916e-02,3.134821057319641113e-01,2.171535342931747437e-01,1.208600848913192749e-01
4.851299524307250977e-02,-1.646789535880088806e-02,7.121883630752563477e-01,3.145494312047958374e-02,1.599579155445098877e-01,-6.469932198524475098e-02,9.844988584518432617e-01,0.000000000000000000e+00,0.000000000000000000e+00,-1.874632537364959717e-01,-1.156965255737304688e+00,6.714449524879455566e-01,-1.100460171699523926e+00,3.627402782440185547e-01,1.374277710914611816e+00,1.927483528852462769e-01,3.627035021781921387e-01,3.614221811294555664e-01,-1.989760547876358032e-01,-2.000000029802322388e-01,-9.644966572523117065e-02,7.552572339773178101e-02,-9.963218122720718384e-02,3.795310482382774353e-02,-1.067818760871887207e+00,-2.029408663511276245e-01,3.581600263714790344e-02,3.298581242561340332e-01,2.265515029430389404e-01,1.238700002431869507e-01
5.857054516673088074e-02,-2.061957493424415588e-02,7.104039192199707031e-01,3.370138257741928101e-02,1.653523892164230347e-01,-5.731826275587081909e-02,9.839905500411987305e-01,0.000000000000000000e+00,0.000000000000000000e+00,-1.969692260026931763e-01,-1.160222768783569336e+00,6.998256444931030273e-01,-1.108186006546020508e+00,3.576048612594604492e-01,1.369673609733581543e+00,1.887663006782531738e-01,3.645325601100921631e-01,3.614057898521423340e-01,-1.929726898670196533e-01,-2.000000029802322388e-01,-1.130319312214851379e-01,7.359532266855239868e-02,-1.062269508838653564e-01,4.634442552924156189e-02,-1.068035125732421875e+00,-2.255518287420272827e-01,3.757663816213607788e-02,3.468967974185943604e-01,2.400893718004226685e-01,1.309948116540908813e-01
6.896577775478363037e-02,-2.484240569174289703e-02,7.086862921714782715e-01,3.460399061441421509e-02,1.696942001581192017e-01,-5.163231119513511658e-02,9.835346937179565430e-01,0.000000000000000000e+00,0.000000000000000000e+00,-2.039152234792709351e-01,-1.161311864852905273e+00,7.262277007102966309e-01,-1.114767432212829590e+00,3.487012684345245361e-01,1.364141345024108887e+00,1.954923570156097412e-01,3.677730560302734375e-01,3.605042099952697754e-01,-1.838959753513336182e-01,-1.941286027431488037e-01,-1.242875531315803528e-01,6.983641535043716431e-02,-1.061386838555335999e-01,4.142523556947708130e-02,-1.068172335624694824e+00,-2.406637519598007202e-01,3.807468339800834656e-02,3.719396889209747314e-01,2.569954991340637207e-01,1.366678178310394287e-01
7.988479733467102051e-02,-2.991079911589622498e-02,7.065320611000061035e-01,3.756220638751983643e-02,1.745852679014205933e-01,-4.909070208668708801e-02,9.826999306678771973e-01,0.000000000000000000e+00,0.000000000000000000e+00,-2.029677480459213257e-01,-1.154039502143859863e+00,7.439042925834655762e-01,-1.121465802192687988e+00,3.361342549324035645e-01,1.357152581214904785e+00,1.965076923370361328e-01,3.748900294303894043e-01,3.652334809303283691e-01,-1.759691983461380005e-01,-1.921082735061645508e-01,-1.333558112382888794e-01,7.031971961259841919e-02,-1.053181737661361694e-01,4.333386942744255066e-02,-1.064420223236083984e+00,-2.529006600379943848e-01,4.087239131331443787e-02,3.958592116832733154e-01,2.673346102237701416e-01,1.408224105834960938e-01
9.108171612024307251e-02,-3.513229265809059143e-02,7.048190832138061523e-01,3.951069340109825134e-02,1.794207692146301270e-01,-4.937871173024177551e-02,9.817376732826232910e-01,0.000000000000000000e+00,0.000000000000000000e+00,-1.962303668260574341e-01,-1.141534090042114258e+00,7.566094398498535156e-01,-1.134439587593078613e+00,3.192882537841796875e-01,1.347997188568115234e+00,1.987405717372894287e-01,3.904042243957519531e-01,3.662766516208648682e-01,-1.684456020593643188e-01,-1.861338615417480469e-01,-1.320987194776535034e-01,7.163326442241668701e-02,-9.701415151357650757e-02,4.082477092742919922e-02,-1.064386844635009766e+00,-2.611657083034515381e-01,4.013080149888992310e-02,4.210223555564880371e-01,2.763999104499816895e-01,1.411369144916534424e-01
1.024983301758766174e-01,-4.056872054934501648e-02,7.030664086341857910e-01,4.090758040547370911e-02,1.844120323657989502e-01,-5.258524045348167419e-02,9.805883765220642090e-01,0.000000000000000000e+00,0.000000000000000000e+00,-1.811275333166122437e-01,-1.124305725097656250e+00,7.572131156921386719e-01,-1.152536749839782715e+00,2.988839447498321533e-01,1.337293744087219238e+00,2.012517899274826050e-01,4.121552109718322754e-01,3.661632239818572998e-01,-1.622615456581115723e-01,-1.780398935079574585e-01,-1.222070306539535522e-01,7.503467798233032227e-02,-8.546546101570129395e-02,3.068785555660724640e-02,-1.069490909576416016e+00,-2.611538469791412354e-01,3.928545117378234863e-02,4.500430822372436523e-01,2.745284140110015869e-01,1.342377513647079468e-01
1.140237227082252502e-01,-4.615502804517745972e-02,7.006236314773559570e-01,4.236344620585441589e-02,1.891442835330963135e-01,-5.970735847949981689e-02,9.792164564132690430e-01,0.000000000000000000e+00,0.000000000000000000e+00,-1.598700135946273804e-01,-1.105242252349853516e+00,7.497318387031555176e-01,-1.169779896736145020e+00,2.766015529632568359e-01,1.331107378005981445e+00,1.971862763166427612e-01,4.283571541309356689e-01,3.671657741069793701e-01,-1.553365737199783325e-01,-1.696506738662719727e-01,-1.125219315290451050e-01,7.951381057500839233e-02,-7.681754976511001587e-02,2.450060285627841949e-02,-1.073697090148925781e+00,-2.565097212791442871e-01,3.762090578675270081e-02,4.732239842414855957e-01,2.688345909118652344e-01,1.264565736055374146e-01
1.260652244091033936e-01,-5.182652547955513000e-02,6.984536051750183105e-01,4.272508993744850159e-02,1.954854726791381836e-01,-6.682240962982177734e-02,9.774941205978393555e-01,0.000000000000000000e+00,0.000000000000000000e+00,-1.340541392564773560e-01,-1.083813071250915527e+00,7.386571168899536133e-01,-1.182738900184631348e+00,2.536835074424743652e-01,1.325637817382812500e+00,1.960346847772598267e-01,4.499352276325225830e-01,3.641778826713562012e-01,-1.540059447288513184e-01,-1.595297604799270630e-01,-1.066298633813858032e-01,8.631101995706558228e-02,-5.856004357337951660e-02,1.630584895610809326e-02,-1.082553982734680176e+00,-2.435698658227920532e-01,3.921863064169883728e-02,4.943656921386718750e-01,2.456623166799545288e-01,1.162014007568359375e-01
1.379240602254867554e-01,-5.696371197700500488e-02,6.967943906784057617e-01,4.135852679610252380e-02,2.006860822439193726e-01,-7.607071101665496826e-02,9.758216142654418945e-01,0.000000000000000000e+00,0.000000000000000000e+00,-1.036330759525299072e-01,-1.059550046920776367e+00,7.252666354179382324e-01,-1.192059278488159180e+00,2.280161976814270020e-01,1.321884632110595703e+00,2.002173066139221191e-01,4.755205810070037842e-01,3.621585071086883545e-01,-1.529373079538345337e-01,-1.457837074995040894e-01,-9.925135970115661621e-02,9.497358649969100952e-02,-2.622234635055065155e-02,2.485253149643540382e-03,-1.090963721275329590e+00,-2.228727936744689941e-01,4.282072931528091431e-02,5.144037008285522461e-01,2.184702455997467041e-01,1.048903465270996094e-01
1.499597430229187012e-01,-6.240435689687728882e-02,6.954643130302429199e-01,4.087126627564430237e-02,2.066457569599151611e-01,-8.315381407737731934e-02,9.740187525749206543e-01,0.000000000000000000e+00,0.000000000000000000e+00,-7.070499658584594727e-02,-1.034311771392822266e+00,7.112417221069335938e-01,-1.195703148841857910e+00,2.043335884809494019e-01,1.319592237472534180e+00,2.055906504392623901e-01,5.087968111038208008e-01,3.542302250862121582e-01,-1.538677960634231567e-01,-1.335699260234832764e-01,-9.495567530393600464e-02,1.050270646810531616e-01,1.886422932147979736e-02,-2.071962878108024597e-02,-1.100206851959228516e+00,-1.991452872753143311e-01,4.505798593163490295e-02,5.323370695114135742e-01,1.822825074195861816e-01,8.697485178709030151e-02
1.626321673393249512e-01,-6.712581217288970947e-02,6.955525279045104980e-01,3.813904896378517151e-02,2.148109823465347290e-01,-8.986474573612213135e-02,9.717643857002258301e-01,0.000000000000000000e+00,0.000000000000000000e+00,-3.500067815184593201e-02,-1.007433533668518066e+00,6.977125406265258789e-01,-1.194792270660400391e+00,1.795613318681716919e-01,1.316227197647094727e+00,2.203114330768585205e-01,5.504803657531738281e-01,3.467394709587097168e-01,-1.588041186332702637e-01,-1.187500357627868652e-01,-8.625404536724090576e-02,1.169040501117706299e-01,7.460906356573104858e-02,-4.359017685055732727e-02,-1.108394384384155273e+00,-1.707227677106857300e-01,4.901678115129470825e-02,5.448868274688720703e-01,1.448326259851455688e-01,7.093560695648193359e-02
1.748093217611312866e-01,-7.186459749937057495e-02,6.965474486351013184e-01,3.694217652082443237e-02,2.213993668556213379e-01,-9.564700722694396973e-02,9.697779417037963867e-01,0.000000000000000000e+00,0.000000000000000000e+00,3.370999183971434832e-04,-9.831417798995971680e-01,6.837561130523681641e-01,-1.190934419631958008e+00,1.549355238676071167e-01,1.312291860580444336e+00,2.305487692356109619e-01,5.979096293449401855e-01,3.401770293712615967e-01,-1.626473963260650635e-01,-1.035558134317398071e-01,-7.561508566141128540e-02,1.308517158031463623e-01,1.451832056045532227e-01,-7.153537124395370483e-02,-1.110817193984985352e+00,-1.477748900651931763e-01,4.958278313279151917e-02,5.553820729255676270e-01,1.185781508684158325e-01,5.275274813175201416e-02
1.867960542440414429e-01,-7.658551633358001709e-02,6.979058384895324707e-01,3.821695968508720398e-02,2.273715734481811523e-01,-1.039207205176353455e-01,9.674926996231079102e-01,0.000000000000000000e+00,0.000000000000000000e+00,2.746309712529182434e-02,-9.644767642021179199e-01,6.711229681968688965e-01,-1.186549305915832520e+00,1.240398064255714417e-01,1.302263855934143066e+00,2.317149341106414795e-01,6.521356105804443359e-01,3.365359008312225342e-01,-1.694238036870956421e-01,-8.866834640502929688e-02,-5.529579892754554749e-02,1.496981680393218994e-01,2.095618396997451782e-01,-8.570257574319839478e-02,-1.111741900444030762e+00,-1.284014135599136353e-01,5.304395779967308044e-02,5.652720332145690918e-01,9.542855620384216309e-02,3.593166172504425049e-02
1.987492293119430542e-01,-8.101317286491394043e-02,7.006018161773681641e-01,3.883587196469306946e-02,2.324235290288925171e-01,-1.105495616793632507e-01,9.655308723449707031e-01,0.000000000000000000e+00,0.000000000000000000e+00,6.366653740406036377e-02,-9.464656114578247070e-01,6.536655426025390625e-01,-1.181865692138671875e+00,1.033990457653999329e-01,1.292742848396301270e+00,2.369908839464187622e-01,7.191720604896545410e-01,3.335468769073486328e-01,-1.757830083370208740e-01,-6.875537335872650146e-02,-3.130908682942390442e-02,1.674195080995559692e-01,2.553898692131042480e-01,-8.104822784662246704e-02,-1.101792097091674805e+00,-1.115839630365371704e-01,5.204402282834053040e-02,5.638809204101562500e-01,7.337941974401473999e-02,1.955070346593856812e-02
2.107306122779846191e-01,-8.570820838212966919e-02,7.034296393394470215e-01,4.047314450144767761e-02,2.380980849266052246e-01,-1.141741797327995300e-01,9.636573195457458496e-01,0.000000000000000000e+00,0.000000000000000000e+00,9.203807264566421509e-02,-9.316084980964660645e-01,6.337255835533142090e-01,-1.182688713073730469e+00,8.260282874107360840e-02,1.277878761291503906e+00,2.347550541162490845e-01,7.927278280258178711e-01,3.251782357692718506e-01,-1.877053827047348022e-01,-5.345981940627098083e-02,-1.115468889474868774e-02,1.869496107101440430e-01,2.803903222084045410e-01,-6.836480647325515747e-02,-1.091400027275085449e+00,-9.608027338981628418e-02,5.419090762734413147e-02,5.584184527397155762e-01,5.380772426724433899e-02,4.043339285999536514e-03
2.224150449037551880e-01,-9.057623147964477539e-02,7.065337896347045898e-01,4.302480444312095642e-02,2.437899857759475708e-01,-1.164473518729209900e-01,9.618499279022216797e-01,0.000000000000000000e+00,0.000000000000000000e+00,1.207721233367919922e-01,-9.182630181312561035e-01,6.081662774085998535e-01,-1.190224647521972656e+00,6.401268392801284790e-02,1.261081933975219727e+00,2.278264015913009644e-01,8.733265995979309082e-01,3.118014037609100342e-01,-2.038079649209976196e-01,-4.242071881890296936e-02,1.902404706925153732e-03,2.094541043043136597e-01,3.119302690029144287e-01,-6.572307646274566650e-02,-1.078885436058044434e+00,-8.073463290929794312e-02,5.593647062778472900e-02,5.479004383087158203e-01,3.673093765974044800e-02,-9.271722286939620972e-03
2.334792613983154297e-01,-9.534806758165359497e-02,7.094465494155883789e-01,4.476905241608619690e-02,2.482105940580368042e-01,-1.152986660599708557e-01,9.607775211334228516e-01,0.000000000000000000e+00,0.000000000000000000e+00,1.472446173429489136e-01,-9.035243391990661621e-01,5.817588567733764648e-01,-1.201826453208923340e+00,4.933983087539672852e-02,1.241287708282470703e+00,2.157976627349853516e-01,9.581007957458496094e-01,2.948749959468841553e-01,-2.204311192035675049e-01,-3.281576186418533325e-02,1.101021189242601395e-02,2.319234609603881836e-01,3.389206826686859131e-01,-6.467893719673156738e-02,-1.062624812126159668e+00,-6.610111892223358154e-02,5.519381165504455566e-02,5.346016287803649902e-01,2.134449966251850128e-02,-2.124069817364215851e-02
2.440692186355590820e-01,-1.006246581673622131e-01,7.126871347427368164e-01,4.860624298453330994e-02,2.521170377731323242e-01,-1.117658540606498718e-01,9.599910378456115723e-01,0.000000000000000000e+00,0.000000000000000000e+00,1.743599623441696167e-01,-8.914132714271545410e-01,5.513140559196472168e-01,-1.215773940086364746e+00,3.778174147009849548e-02,1.219240784645080566e+00,1.986343711614608765e-01,1.042553305625915527e+00,2.714320719242095947e-01,-2.432924807071685791e-01,-2.413009107112884521e-02,1.940889470279216766e-02,2.658242285251617432e-01,3.499999940395355225e-01,-6.437975913286209106e-02,-1.043256640434265137e+00,-5.379984155297279358e-02,5.432144924998283386e-02,5.164588093757629395e-01,6.972450297325849533e-03,-3.266900777816772461e-02
2.537849843502044678e-01,-1.051448509097099304e-01,7.149590849876403809e-01,4.953787103295326233e-02,2.534300386905670166e-01,-1.069953441619873047e-01,9.601412415504455566e-01,0.000000000000000000e+00,0.000000000000000000e+00,2.003799378871917725e-01,-8.809435963630676270e-01,5.189952850341796875e-01,-1.235683441162109375e+00,2.852704562246799469e-02,1.196680307388305664e+00,1.711018532514572144e-01,1.124819636344909668e+00,2.464550435543060303e-01,-2.714258134365081787e-01,-1.517463102936744690e-02,2.827383950352668762e-02,3.104565143585205078e-01,3.499999940395355225e-01,-6.178049370646476746e-02,-1.019223213195800781e+00,-3.745782375335693359e-02,4.895398393273353577e-02,4.973561167716979980e-01,-1.115200202912092209e-02,-4.209427535533905029e-02
2.631857991218566895e-01,-1.100514456629753113e-01,7.175576090812683105e-01,5.234259739518165588e-02,2.552636861801147461e-01,-1.017145738005638123e-01,9.600806236267089844e-01,0.000000000000000000e+00,0.000000000000000000e+00,2.215240448713302612e-01,-8.729854822158813477e-01,4.880096316337585449e-01,-1.253967285156250000e+00,2.429429441690444946e-02,1.168003201484680176e+00,1.514879614114761353e-01,1.199071288108825684e+00,2.195876538753509521e-01,-2.981878221035003662e-01,-6.873123347759246826e-03,3.539879620075225830e-02,3.402542173862457275e-01,3.499999940395355225e-01,-6.235997006297111511e-02,-9.951472282409667969e-01,-2.391804940998554230e-02,4.598539695143699646e-02,4.745897948741912842e-01,-2.221867255866527557e-02,-4.808600991964340210e-02
2.724423110485076904e-01,-1.149140894412994385e-01,7.205700278282165527e-01,5.493916943669319153e-02,2.577219605445861816e-01,-9.565316885709762573e-02,9.599018692970275879e-01,0.000000000000000000e+00,0.000000000000000000e+00,2.421438694000244141e-01,-8.673869967460632324e-01,4.572888910770416260e-01,-1.275062203407287598e+00,2.234739996492862701e-02,1.136826872825622559e+00,1.327584534883499146e-01,1.262418270111083984e+00,1.938248723745346069e-01,-3.277822434902191162e-01,-8.399604121223092079e-05,4.130188748240470886e-02,3.676273226737976074e-01,3.499999940395355225e-01,-6.175448372960090637e-02,-9.688469171524047852e-01,-1.140373107045888901e-02,4.553867131471633911e-02,4.452558159828186035e-01,-3.084596991539001465e-02,-5.267281457781791687e-02
2.808282971382141113e-01,-1.193209737539291382e-01,7.229499816894531250e-01,5.617554113268852234e-02,2.575734555721282959e-01,-9.016897529363632202e-02,9.604008197784423828e-01,0.000000000000000000e+00,0.000000000000000000e+00,2.618881165981292725e-01,-8.654065132141113281e-01,4.281024336814880371e-01,-1.297340989112854004e+00,2.532751113176345825e-02,1.103387236595153809e+00,1.136877611279487610e-01,1.317593336105346680e+00,1.700926721096038818e-01,-3.555487692356109619e-01,6.436478812247514725e-03,4.309966415166854858e-02,3.836956024169921875e-01,3.499999940395355225e-01,-5.909199640154838562e-02,-9.387882947921752930e-01,1.721823937259614468e-03,4.168828949332237244e-02,4.176124632358551025e-01,-3.807622194290161133e-02,-5.365463346242904663e-02
2.890770733356475830e-01,-1.238168329000473022e-01,7.255566120147705078e-01,5.802621319890022278e-02,2.577265799045562744e-01,-8.547779172658920288e-02,9.606786966323852539e-01,0.000000000000000000e+00,0.000000000000000000e+00,2.839629352092742920e-01,-8.666143417358398438e-01,3.981516957283020020e-01,-1.321389317512512207e+00,3.158072009682655334e-02,1.070304870605468750e+00,9.225060790777206421e-02,1.363534212112426758e+00,1.487305313348770142e-01,-3.836215436458587646e-01,1.320198643952608109e-02,4.252864420413970947e-02,3.937996029853820801e-01,3.499999940395355225e-01,-5.585334822535514832e-02,-9.071615934371948242e-01,1.110940147191286087e-02,3.369659557938575745e-02,3.858290314674377441e-01,-4.443657025694847107e-02,-5.408697575330734253e-02
2.972358465194702148e-01,-1.281176358461380005e-01,7.284787297248840332e-01,5.958708003163337708e-02,2.579647004604339600e-01,-8.376448601484298706e-02,9.606701135635375977e-01,0.000000000000000000e+00,0.000000000000000000e+00,3.036912679672241211e-01,-8.734310269355773926e-01,3.690604269504547119e-01,-1.341446757316589355e+00,4.224114492535591125e-02,1.035945415496826172e+00,7.326076179742813110e-02,1.397679924964904785e+00,1.315024197101593018e-01,-4.098874628543853760e-01,1.519893482327461243e-02,3.328821808099746704e-02,3.892503678798675537e-01,3.499999940395355225e-01,-5.167305469512939453e-02,-8.724348545074462891e-01,2.149447426199913025e-02,2.970915101468563080e-02,3.477097451686859131e-01,-4.490460082888603210e-02,-4.830607771873474121e-02
3.052982389926910400e-01,-1.327665299177169800e-01,7.311873435974121094e-01,6.236454471945762634e-02,2.582420408725738525e-01,-8.221028000116348267e-02,9.605535864830017090e-01,0.000000000000000000e+00,0.000000000000000000e+00,3.206714689731597900e-01,-8.885592818260192871e-01,3.366049230098724365e-01,-1.359445095062255859e+00,5.710629373788833618e-02,1.001607537269592285e+00,5.239483714103698730e-02,1.423825740814208984e+00,1.132597327232360840e-01,-4.350129067897796631e-01,1.620057038962841034e-02,1.888766884803771973e-02,3.808581233024597168e-01,3.477226197719573975e-01,-4.674858972430229187e-02,-8.389040827751159668e-01,3.002997487783432007e-02,2.611089497804641724e-02,3.106986880302429199e-01,-4.301279038190841675e-02,-4.416042938828468323e-02
3.137272894382476807e-01,-1.364469528198242188e-01,7.335610985755920410e-01,6.083256378769874573e-02,2.592190802097320557e-01,-8.165534585714340210e-02,9.604359865188598633e-01,0.000000000000000000e+00,0.000000000000000000e+00,3.381497561931610107e-01,-9.028511643409729004e-01,3.101093173027038574e-01,-1.380103230476379395e+00,7.593121379613876343e-02,9.699227213859558105e-01,3.684951364994049072e-02,1.438935518264770508e+00,9.564128518104553223e-02,-4.661799669265747070e-01,1.730669289827346802e-02,5.739911925047636032e-03,3.817490637302398682e-01,3.323496282100677490e-01,-4.363082721829414368e-02,-8.029760718345642090e-01,4.700445383787155151e-02,2.226480282843112946e-02,2.678454220294952393e-01,-4.035627841949462891e-02,-3.213636949658393860e-02
3.216448128223419189e-01,-1.408259123563766479e-01,7.351208925247192383e-01,6.344345211982727051e-02,2.582219243049621582e-01,-8.713622391223907471e-02,9.600539803504943848e-01,0.000000000000000000e+00,0.000000000000000000e+00,3.623254895210266113e-01,-9.199447035789489746e-01,2.699832916259765625e-01,-1.413189172744750977e+00,9.481371194124221802e-02,9.323176741600036621e-01,9.200744330883026123e-03,1.454890370368957520e+00,8.229404687881469727e-02,-4.978178143501281738e-01,2.079604566097259521e-02,-5.659860558807849884e-03,3.914349377155303955e-01,3.163841962814331055e-01,-3.572160005569458008e-02,-7.706619501113891602e-01,5.678438395261764526e-02,1.663676649332046509e-02,2.369701713323593140e-01,-3.795553743839263916e-02,-2.616626583039760590e-02
3.301022648811340332e-01,-1.450768858194351196e-01,7.367886900901794434e-01,6.486430019140243530e-02,2.590897381305694580e-01,-9.337110817432403564e-02,9.591386914253234863e-01,0.000000000000000000e+00,0.000000000000000000e+00,3.871360719203948975e-01,-9.348207712173461914e-01,2.340687662363052368e-01,-1.445534110069274902e+00,1.096619889140129089e-01,9.080367088317871094e-01,-1.935744471848011017e-02,1.473904848098754883e+00,6.665781885385513306e-02,-5.337055921554565430e-01,1.657383330166339874e-02,-2.269448712468147278e-02,4.090142250061035156e-01,3.101712465286254883e-01,-3.340986743569374084e-02,-7.387996912002563477e-01,7.122503966093063354e-02,1.499271951615810394e-02,2.007225751876831055e-01,-3.369004279375076294e-02,-1.372565329074859619e-02
3.384959697723388672e-01,-1.485125273466110229e-01,7.381266355514526367e-01,6.244387477636337280e-02,2.585425078868865967e-01,-9.876766800880432129e-02,9.589064121246337891e-01,0.000000000000000000e+00,0.000000000000000000e+00,4.100981652736663818e-01,-9.546487331390380859e-01,2.056810408830642700e-01,-1.472958087921142578e+00,1.148706674575805664e-01,8.865195512771606445e-01,-4.447340965270996094e-02,1.485103964805603027e+00,5.134039744734764099e-02,-5.723806619644165039e-01,1.195232104510068893e-02,-4.367610812187194824e-02,4.264798164367675781e-01,3.003133535385131836e-01,-3.229647502303123474e-02,-7.063069939613342285e-01,9.106584638357162476e-02,1.357181183993816376e-02,1.693176031112670898e-01,-2.293549664318561554e-02,-3.994966391474008560e-03
3.476385474205017090e-01,-1.528367847204208374e-01,7.389367818832397461e-01,6.376574933528900146e-02,2.604256570339202881e-01,-1.074201539158821106e-01,9.573783278465270996e-01,0.000000000000000000e+00,0.000000000000000000e+00,4.325928390026092529e-01,-9.763770699501037598e-01,1.773488372564315796e-01,-1.500262141227722168e+00,1.222671940922737122e-01,8.634947538375854492e-01,-7.326040416955947876e-02,1.493186473846435547e+00,3.268383070826530457e-02,-6.132656335830688477e-01,4.914209246635437012e-03,-6.989188492298126221e-02,4.421608448028564453e-01,2.835739254951477051e-01,-2.356517314910888672e-02,-6.792466640472412109e-01,1.079156845808029175e-01,1.663591153919696808e-02,1.398857384920120239e-01,-1.936034485697746277e-02,7.840031757950782776e-03
3.571467399597167969e-01,-1.567413061857223511e-01,7.393669486045837402e-01,6.273587048053741455e-02,2.626621127128601074e-01,-1.158985719084739685e-01,9.558453559875488281e-01,0.000000000000000000e+00,0.000000000000000000e+00,4.523718655109405518e-01,-9.997796416282653809e-01,1.453868597745895386e-01,-1.533591628074645996e+00,1.256066113710403442e-01,8.354327082633972168e-01,-9.809259325265884399e-02,1.500273823738098145e+00,1.564626395702362061e-02,-6.574680209159851074e-01,-4.319800995290279388e-03,-9.229692816734313965e-02,4.512406885623931885e-01,2.689844369888305664e-01,-1.273846160620450974e-02,-6.548013687133789062e-01,1.278772354125976562e-01,2.708289958536624908e-02,1.167206987738609314e-01,-1.505905389785766602e-02,1.794837415218353271e-02
3.669452071189880371e-01,-1.615801304578781128e-01,7.395362257957458496e-01,6.470879167318344116e-02,2.659301161766052246e-01,-1.241649091243743896e-01,9.537699222564697266e-01,0.000000000000000000e+00,0.000000000000000000e+00,4.692094624042510986e-01,-1.023240804672241211e+00,1.084831729531288147e-01,-1.564443230628967285e+00,1.308066844940185547e-01,8.108808398246765137e-01,-1.201583147048950195e-01,1.496634602546691895e+00,-3.267375286668539047e-03,-6.995163559913635254e-01,-1.484592538326978683e-02,-1.119922250509262085e-01,4.600144028663635254e-01,2.630476653575897217e-01,-1.087212096899747849e-02,-6.330606937408447266e-01,1.426584869623184204e-01,3.337622433900833130e-02,9.518079459667205811e-02,-1.388596091419458389e-02,2.670905366539955139e-02
3.766144514083862305e-01,-1.665761023759841919e-01,7.393537759780883789e-01,6.649807095527648926e-02,2.682076692581176758e-01,-1.316574662923812866e-01,9.520025849342346191e-01,0.000000000000000000e+00,0.000000000000000000e+00,4.826819896697998047e-01,-1.044960379600524902e+00,7.358572632074356079e-02,-1.590624809265136719e+00,1.329251527786254883e-01,7.901993989944458008e-01,-1.437604129314422607e-01,1.487342357635498047e+00,-2.527052536606788635e-02,-7.417637109756469727e-01,-2.953872829675674438e-02,-1.331040114164352417e-01,4.649286270141601562e-01,2.513981759548187256e-01,-9.368052706122398376e-03,-6.134269237518310547e-01,1.581968814134597778e-01,4.852061718702316284e-02,8.232328295707702637e-02,-1.204808242619037628e-02,3.571029007434844971e-02
3.854381442070007324e-01,-1.720073670148849487e-01,7.390134334564208984e-01,6.947446614503860474e-02,2.670136690139770508e-01,-1.385853439569473267e-01,9.511420130729675293e-01,0.000000000000000000e+00,0.000000000000000000e+00,4.929817020893096924e-01,-1.061046838760375977e+00,4.628344997763633728e-02,-1.613143801689147949e+00,1.325921863317489624e-01,7.717218399047851562e-01,-1.670429408550262451e-01,1.478968977928161621e+00,-4.812356084585189819e-02,-7.840712070465087891e-01,-4.685096442699432373e-02,-1.476873755455017090e-01,4.694045484066009521e-01,2.437739074230194092e-01,-1.235162187367677689e-02,-5.890787243843078613e-01,1.699050962924957275e-01,6.153556331992149353e-02,7.173905521631240845e-02,-8.130741305649280548e-03,3.812252730131149292e-02
3.947723209857940674e-01,-1.778044998645782471e-01,7.383682131767272949e-01,7.215648889541625977e-02,2.677232623100280762e-01,-1.443129628896713257e-01,9.498902559280395508e-01,0.000000000000000000e+00,0.000000000000000000e+00,4.987847208976745605e-01,-1.076892018318176270e+00,1.881386525928974152e-02,-1.635498404502868652e+00,1.308906078338623047e-01,7.547432780265808105e-01,-1.865375190973281860e-01,1.468647122383117676e+00,-7.326932996511459351e-02,-8.233124613761901855e-01,-6.458378583192825317e-02,-1.586066931486129761e-01,4.685577750205993652e-01,2.361881285905838013e-01,-1.972787454724311829e-02,-5.677813887596130371e-01,1.824144721031188965e-01,7.694812864065170288e-02,6.215282157063484192e-02,-9.176656603813171387e-03,4.599662497639656067e-02
4.037497043609619141e-01,-1.841770261526107788e-01,7.375043034553527832e-01,7.601157575845718384e-02,2.669909298419952393e-01,-1.507775783538818359e-01,9.487909078598022461e-01,0.000000000000000000e+00,0.000000000000000000e+00,5.014560818672180176e-01,-1.088491797447204590e+00,-3.984929062426090240e-03,-1.654224753379821777e+00,1.270985752344131470e-01,7.412453293800354004e-01,-2.006745785474777222e-01,1.460029363632202148e+00,-9.931241720914840698e-02,-8.609373569488525391e-01,-8.246625959873199463e-02,-1.651929318904876709e-01,4.606220424175262451e-01,2.354323118925094604e-01,-3.216011822223663330e-02,-5.419182181358337402e-01,1.923489868640899658e-01,9.237245470285415649e-02,4.965910688042640686e-02,-1.030528824776411057e-02,5.053380131721496582e-02
4.127269983291625977e-01,-1.910627335309982300e-01,7.363728880882263184e-01,8.009699732065200806e-02,2.662159800529479980e-01,-1.565945446491241455e-01,9.477297663688659668e-01,0.000000000000000000e+00,0.000000000000000000e+00,5.001714229583740234e-01,-1.099468469619750977e+00,-2.196037024259567261e-02,-1.670520424842834473e+00,1.224851533770561218e-01,7.297493219375610352e-01,-2.080925852060317993e-01,1.451684355735778809e+00,-1.246888563036918640e-01,-8.931822776794433594e-01,-1.009532585740089417e-01,-1.709603965282440186e-01,4.462922811508178711e-01,2.390385717153549194e-01,-4.656007885932922363e-02,-5.166437029838562012e-01,2.000000029802322388e-01,1.063550785183906555e-01,3.974556177854537964e-02,-1.238149125128984451e-02,5.683604255318641663e-02
4.212223887443542480e-01,-1.983336657285690308e-01,7.350902557373046875e-01,8.464195579290390015e-02,2.630735039710998535e-01,-1.638522148132324219e-01,9.469849467277526855e-01,0.000000000000000000e+00,0.000000000000000000e+00,4.965844750404357910e-01,-1.110301494598388672e+00,-3.240310028195381165e-02,-1.683439135551452637e+00,1.155019402503967285e-01,7.177044153213500977e-01,-2.074412256479263306e-01,1.445170998573303223e+00,-1.422718465328216553e-01,-9.209647178649902344e-01,-1.249491348862648010e-01,-1.743511557579040527e-01,4.191225171089172363e-01,2.461069077253341675e-01,-6.187338009476661682e-02,-4.874623715877532959e-01,2.000000029802322388e-01,1.155626252293586731e-01,3.103463537991046906e-02,-1.017018593847751617e-02,6.499084830284118652e-02
4.298866391181945801e-01,-2.062951922416687012e-01,7.335651516914367676e-01,8.935139328241348267e-02,2.604340910911560059e-01,-1.711754351854324341e-01,9.459859132766723633e-01,0.000000000000000000e+00,0.000000000000000000e+00,4.908824861049652100e-01,-1.119518637657165527e+00,-3.704802319407463074e-02,-1.691828727722167969e+00,1.079108044505119324e-01,7.061418294906616211e-01,-1.982588768005371094e-01,1.444900631904602051e+00,-1.598457545042037964e-01,-9.465273022651672363e-01,-1.435002982616424561e-01,-1.686640083789825439e-01,3.901040554046630859e-01,2.514382600784301758e-01,-7.755792886018753052e-02,-4.609953165054321289e-01,2.000000029802322388e-01,1.227481365203857422e-01,2.688737958669662476e-02,-1.079286355525255203e-02,7.080443948507308960e-02
4.385024607181549072e-01,-2.149446755647659302e-01,7.316573262214660645e-01,9.408818930387496948e-02,2.574706673622131348e-01,-1.782493293285369873e-01,9.450309276580810547e-01,0.000000000000000000e+00,0.000000000000000000e+00,4.828809499740600586e-01,-1.127918481826782227e+00,-3.937339782714843750e-02,-1.697687268257141113e+00,9.773305058479309082e-02,6.979906558990478516e-01,-1.828753352165222168e-01,1.447067499160766602e+00,-1.774733066558837891e-01,-9.682898521423339844e-01,-1.529932171106338501e-01,-1.554948240518569946e-01,3.652999103069305420e-01,2.622714936733245850e-01,-9.207852184772491455e-02,-4.350797533988952637e-01,2.000000029802322388e-01,1.242182403802871704e-01,2.456054277718067169e-02,-1.084433775395154953e-02,7.340072840452194214e-02
4.478074610233306885e-01,-2.242455184459686279e-01,7.294377684593200684e-01,9.842389822006225586e-02,2.565960586071014404e-01,-1.857376247644424438e-01,9.433836340904235840e-01,0.000000000000000000e+00,0.000000000000000000e+00,4.714433848857879639e-01,-1.136998534202575684e+00,-3.679061681032180786e-02,-1.697373986244201660e+00,8.912139385938644409e-02,6.880993247032165527e-01,-1.623356789350509644e-01,1.457906126976013184e+00,-1.901310235261917114e-01,-9.873296618461608887e-01,-1.626665741205215454e-01,-1.424366980791091919e-01,3.436574339866638184e-01,2.713905870914459229e-01,-1.061972528696060181e-01,-4.127127230167388916e-01,2.000000029802322388e-01,1.248881742358207703e-01,2.564071863889694214e-02,-1.351838558912277222e-02,7.902713119983673096e-02
4.570733606815338135e-01,-2.340846061706542969e-01,7.275344729423522949e-01,1.024463400244712830e-01,2.549935579299926758e-01,-1.945888549089431763e-01,9.416040778160095215e-01,0.000000000000000000e+00,0.000000000000000000e+00,4.566778838634490967e-01,-1.142729878425598145e+00,-3.096750564873218536e-02,-1.689585566520690918e+00,8.014236390590667725e-02,6.887862682342529297e-01,-1.416116058826446533e-01,1.471391081809997559e+00,-1.989155560731887817e-01,-1.002102971076965332e+00,-1.657941788434982300e-01,-1.259051859378814697e-01,3.303158283233642578e-01,2.808006107807159424e-01,-1.143503561615943909e-01,-3.938887119293212891e-01,2.000000029802322388e-01,1.222627535462379456e-01,3.464724496006965637e-02,-4.719945602118968964e-03,8.321350067853927612e-02
4.665695130825042725e-01,-2.442087084054946899e-01,7.265236377716064453e-01,1.057467982172966003e-01,2.531607449054718018e-01,-2.069731950759887695e-01,9.390896558761596680e-01,0.000000000000000000e+00,0.000000000000000000e+00,4.370999038219451904e-01,-1.147209167480468750e+00,-1.800504699349403381e-02,-1.672543525695800781e+00,7.795806974172592163e-02,6.965861916542053223e-01,-1.207302585244178772e-01,1.488837599754333496e+00,-2.004673182964324951e-01,-1.010520935058593750e+00,-1.675641685724258423e-01,-1.118286028504371643e-01,3.217156231403350830e-01,2.809083163738250732e-01,-1.128390505909919739e-01,-3.803746402263641357e-01,2.000000029802322388e-01,1.250126063823699951e-01,5.370198935270309448e-02,2.463577315211296082e-02,9.805871546268463135e-02
4.770846068859100342e-01,-2.547703683376312256e-01,7.250586152076721191e-01,1.078304573893547058e-01,2.532992362976074219e-01,-2.205523848533630371e-01,9.357182979583740234e-01,0.000000000000000000e+00,0.000000000000000000e+00,4.132282733917236328e-01,-1.156544089317321777e+00,-2.217738889157772064e-03,-1.647695064544677734e+00,8.388752490282058716e-02,7.051112651824951172e-01,-1.012010201811790466e-01,1.511327743530273438e+00,-1.924037486314773560e-01,-1.012749433517456055e+00,-1.727977097034454346e-01,-1.014057397842407227e-01,3.196344077587127686e-01,2.881197035312652588e-01,-1.138514205813407898e-01,-3.681055903434753418e-01,2.000000029802322388e-01,1.315582245588302612e-01,7.520063966512680054e-02,5.340330675244331360e-02,1.151788085699081421e-01
4.875777065753936768e-01,-2.657972276210784912e-01,7.242019772529602051e-01,1.093508973717689514e-01,2.521762549877166748e-01,-2.348791062831878662e-01,9.323526024818420410e-01,0.000000000000000000e+00,0.000000000000000000e+00,3.894674181938171387e-01,-1.159474730491638184e+00,1.211693231016397476e-02,-1.629549622535705566e+00,8.961217850446701050e-02,7.186298370361328125e-01,-7.891229540109634399e-02,1.526767373085021973e+00,-1.810379028320312500e-01,-1.014723896980285645e+00,-1.723261773586273193e-01,-9.356699883937835693e-02,3.363482654094696045e-01,2.837817966938018799e-01,-1.056912392377853394e-01,-3.609351813793182373e-01,2.000000029802322388e-01,1.150093078613281250e-01,1.073713079094886780e-01,1.080260798335075378e-01,1.319967359304428101e-01
5.001471638679504395e-01,-2.779555618762969971e-01,7.217320799827575684e-01,1.112875193357467651e-01,2.568770647048950195e-01,-2.496491223573684692e-01,9.269868135452270508e-01,0.000000000000000000e+00,0.000000000000000000e+00,3.639627099037170410e-01,-1.164162755012512207e+00,3.548479080200195312e-02,-1.612534880638122559e+00,9.675290435552597046e-02,7.343738079071044922e-01,-5.092541128396987915e-02,1.534669876098632812e+00,-1.537367105484008789e-01,-1.013115167617797852e+00,-1.807297319173812866e-01,-8.894749730825424194e-02,3.617366850376129150e-01,2.660475075244903564e-01,-9.277946501970291138e-02,-3.660672605037689209e-01,2.000000029802322388e-01,1.146380230784416199e-01,1.498865783214569092e-01,1.610854715108871460e-01,1.618694365024566650e-01
5.129042267799377441e-01,-2.906845808029174805e-01,7.192768454551696777e-01,1.126877665519714355e-01,2.607779502868652344e-01,-2.647091150283813477e-01,9.215342998504638672e-01,0.000000000000000000e+00,0.000000000000000000e+00,3.331004977226257324e-01,-1.165964961051940918e+00,5.967061221599578857e-02,-1.599827527999877930e+00,1.026528254151344299e-01,7.598336935043334961e-01,-1.862042583525180817e-02,1.529781937599182129e+00,-1.227067634463310242e-01,-1.009627103805541992e+00,-1.879781782627105713e-01,-9.462288022041320801e-02,3.942241370677947998e-01,2.381308078765869141e-01,-7.331836968660354614e-02,-3.801283240318298340e-01,2.000000029802322388e-01,1.039175838232040405e-01,2.067623436450958252e-01,2.561422884464263916e-01,2.004872113466262817e-01
5.272313952445983887e-01,-3.039868772029876709e-01,7.189115285873413086e-01,1.107811927795410156e-01,2.680701911449432373e-01,-2.781657278537750244e-01,9.156908392906188965e-01,0.000000000000000000e+00,0.000000000000000000e+00,2.975182831287384033e-01,-1.161982297897338867e+00,8.547744899988174438e-02,-1.594472765922546387e+00,1.085390150547027588e-01,7.900211215019226074e-01,1.485645305365324020e-02,1.508274316787719727e+00,-8.794855326414108276e-02,-1.005730748176574707e+00,-1.942285746335983276e-01,-1.089718416333198547e-01,4.300068020820617676e-01,2.056850194931030273e-01,-4.839029908180236816e-02,-4.120765328407287598e-01,2.000000029802322388e-01,8.681610226631164551e-02,2.947860360145568848e-01,3.499999940395355225e-01,2.446459978818893433e-01
5.434182882308959961e-01,-3.177986145019531250e-01,7.179411649703979492e-01,1.046140640974044800e-01,2.786671221256256104e-01,-2.913274168968200684e-01,9.091363549232482910e-01,0.000000000000000000e+00,0.000000000000000000e+00,2.598018050193786621e-01,-1.139860868453979492e+00,1.113736703991889954e-01,-1.597363352775573730e+00,1.112427189946174622e-01,8.294559717178344727e-01,5.578554421663284302e-02,1.470235824584960938e+00,-4.462226107716560364e-02,-1.001901030540466309e+00,-1.989236623048782349e-01,-1.348107457160949707e-01,4.648553431034088135e-01,1.624255925416946411e-01,-2.127258852124214172e-02,-4.879257082939147949e-01,2.000000029802322388e-01,4.294649139046669006e-02,4.600282013416290283e-01,3.499999940395355225e-01,2.776959538459777832e-01
5.591975450515747070e-01,-3.321398198604583740e-01,7.171648740768432617e-01,9.959623217582702637e-02,2.862182557582855225e-01,-3.074124157428741455e-01,9.020295739173889160e-01,0.000000000000000000e+00,0.000000000000000000e+00,2.193257808685302734e-01,-1.113288402557373047e+00,1.421077251434326172e-01,-1.605561017990112305e+00,1.163094341754913330e-01,8.679022789001464844e-01,1.038461178541183472e-01,1.410146236419677734e+00,-3.294604131951928139e-03,-9.882054328918457031e-01,-1.999999880790710449e-01,-1.539174020290374756e-01,4.911088347434997559e-01,1.266813725233078003e-01,-3.523981431499123573e-04,-5.645709037780761719e-01,1.885419040918350220e-01,5.784709472209215164e-03,6.036841869354248047e-01,3.499999940395355225e-01,2.864579260349273682e-01
5.752987265586853027e-01,-3.475245833396911621e-01,7.164727449417114258e-01,9.589122980833053589e-02,2.955511510372161865e-01,-3.209160268306732178e-01,8.946883678436279297e-01,0.000000000000000000e+00,0.000000000000000000e+00,1.744248270988464355e-01,-1.077871918678283691e+00,1.804042905569076538e-01,-1.619137287139892578e+00,1.223892197012901306e-01,9.037879705429077148e-01,1.529015451669692993e-01,1.333537936210632324e+00,3.608806803822517395e-02,-9.717015624046325684e-01,-1.999999731779098511e-01,-1.722144633531570435e-01,5.053340792655944824e-01,8.693581074476242065e-02,1.290576718747615814e-02,-6.490073800086975098e-01,1.591169536113739014e-01,-3.428869321942329407e-02,7.317676544189453125e-01,3.499999940395355225e-01,2.741546630859375000e-01
5.910421609878540039e-01,-3.632776141166687012e-01,7.158693671226501465e-01,9.320111572742462158e-02,3.042371571063995361e-01,-3.345649242401123047e-01,8.870285153388977051e-01,0.000000000000000000e+00,0.000000000000000000e+00,1.299486905336380005e-01,-1.035711765289306641e+00,2.179925441741943359e-01,-1.640043616294860840e+00,1.276576817035675049e-01,9.349737167358398438e-01,2.029693424701690674e-01,1.250504136085510254e+00,7.393362373113632202e-02,-9.516472816467285156e-01,-1.999996155500411987e-01,-1.890340447425842285e-01,5.130988359451293945e-01,5.299439281225204468e-02,1.726067624986171722e-02,-7.295795679092407227e-01,1.245417594909667969e-01,-6.398937106132507324e-02,8.192355036735534668e-01,3.499999940395355225e-01,2.401289492845535278e-01
6.066418290138244629e-01,-3.789666593074798584e-01,7.159855365753173828e-01,9.025721251964569092e-02,3.126762807369232178e-01,-3.478386402130126953e-01,8.792584538459777832e-01,0.000000000000000000e+00,0.000000000000000000e+00,8.115457743406295776e-02,-9.819418787956237793e-01,2.632978856563568115e-01,-1.665289521217346191e+00,1.313089579343795776e-01,9.605180621147155762e-01,2.570269405841827393e-01,1.156805038452148438e+00,1.136129349470138550e-01,-9.258962869644165039e-01,-1.995083391666412354e-01,-2.013304531574249268e-01,5.105481147766113281e-01,1.711532287299633026e-02,2.584635838866233826e-02,-8.146371245384216309e-01,7.833011448383331299e-02,-9.743812680244445801e-02,8.881165385246276855e-01,3.499999940395355225e-01,2.013196498155593872e-01
6.216586232185363770e-01,-3.940098881721496582e-01,7.157957553863525391e-01,8.494131267070770264e-02,3.186168968677520752e-01,-3.622459173202514648e-01,8.718062639236450195e-01,0.000000000000000000e+00,0.000000000000000000e+00,3.231061995029449463e-02,-9.244380593299865723e-01,3.051220476627349854e-01,-1.697139859199523926e+00,1.344318985939025879e-01,9.772863388061523438e-01,3.039660751819610596e-01,1.059406042098999023e+00,1.383394449949264526e-01,-8.964502811431884766e-01,-1.800404936075210571e-01,-1.987953782081604004e-01,5.113013982772827148e-01,-5.484991706907749176e-03,2.555440738797187805e-02,-9.078194499015808105e-01,5.346632003784179688e-02,-1.042566448450088501e-01,9.351413846015930176e-01,3.499999940395355225e-01,1.650320142507553101e-01
6.358750462532043457e-01,-4.097772836685180664e-01,7.163084149360656738e-01,8.388156443834304810e-02,3.226667344570159912e-01,-3.785522580146789551e-01,8.634513616561889648e-01,0.000000000000000000e+00,0.000000000000000000e+00,-1.306528504937887192e-02,-8.526770472526550293e-01,3.297996819019317627e-01,-1.746661782264709473e+00,1.353048235177993774e-01,9.886941313743591309e-01,3.345051109790802002e-01,9.846695065498352051e-01,1.510359644889831543e-01,-8.584387302398681641e-01,-1.576240956783294678e-01,-1.866623312234878540e-01,4.981677234172821045e-01,-1.399072073400020599e-02,1.497498899698257446e-02,-1.003439664840698242e+00,4.073439911007881165e-02,-9.881845116615295410e-02,9.487681984901428223e-01,3.499999940395355225e-01,1.266588568687438965e-01
6.499103307723999023e-01,-4.256638884544372559e-01,7.156204581260681152e-01,8.259038627147674561e-02,3.262662291526794434e-01,-3.913821578025817871e-01,8.564748764038085938e-01,0.000000000000000000e+00,0.000000000000000000e+00,-4.535347223281860352e-02,-7.920622825622558594e-01,3.309825658798217773e-01,-1.802930474281311035e+00,1.378996223211288452e-01,9.894098043441772461e-01,3.498818278312683105e-01,9.315402507781982422e-01,1.673106104135513306e-01,-8.232373595237731934e-01,-1.398696750402450562e-01,-1.720198690891265869e-01,4.877015054225921631e-01,-6.724349223077297211e-04,-5.212904419749975204e-03,-1.083352327346801758e+00,3.410277143120765686e-02,-8.935707062482833862e-02,9.448516964912414551e-01,3.362060189247131348e-01,1.021777018904685974e-01
6.645874381065368652e-01,-4.428525567054748535e-01,7.138265967369079590e-01,8.403454720973968506e-02,3.325100243091583252e-01,-4.036743342876434326e-01,8.481876850128173828e-01,0.000000000000000000e+00,0.000000000000000000e+00,-7.188937813043594360e-02,-7.198147773742675781e-01,3.003764152526855469e-01,-1.874720573425292969e+00,1.418164372444152832e-01,9.810011982917785645e-01,3.449750244617462158e-01,8.938276171684265137e-01,1.972193121910095215e-01,-7.882633805274963379e-01,-1.363822519779205322e-01,-1.659622639417648315e-01,4.682473540306091309e-01,-1.491339789936318994e-04,-2.247813716530799866e-02,-1.169633030891418457e+00,1.810889504849910736e-02,-8.755471557378768921e-02,9.281068444252014160e-01,2.764099240303039551e-01,8.235776424407958984e-02
6.787002086639404297e-01,-4.595881104469299316e-01,7.124190926551818848e-01,8.434124290943145752e-02,3.368541002273559570e-01,-4.122735857963562012e-01,8.422864079475402832e-01,0.000000000000000000e+00,0.000000000000000000e+00,-8.520747721195220947e-02,-6.519796848297119141e-01,2.549078464508056641e-01,-1.947619557380676270e+00,1.487197279930114746e-01,9.665076732635498047e-01,3.378705680370330811e-01,8.716372847557067871e-01,2.236985713243484497e-01,-7.486383914947509766e-01,-1.303527504205703735e-01,-1.570604741573333740e-01,4.446168839931488037e-01,1.960401795804500580e-02,-4.697579890489578247e-02,-1.244731545448303223e+00,1.113186962902545929e-02,-7.462834566831588745e-02,9.311053752899169922e-01,2.446391284465789795e-01,7.429927587509155273e-02
6.934882402420043945e-01,-4.761068224906921387e-01,7.118708491325378418e-01,8.284438401460647583e-02,3.433262705802917480e-01,-4.204350411891937256e-01,8.357620835304260254e-01,0.000000000000000000e+00,0.000000000000000000e+00,-9.389357268810272217e-02,-5.725189447402954102e-01,1.941261440515518188e-01,-2.024589061737060547e+00,1.533466875553131104e-01,9.520932435989379883e-01,3.244727849960327148e-01,8.521320223808288574e-01,2.463639676570892334e-01,-7.024052143096923828e-01,-1.163849756121635437e-01,-1.448913812637329102e-01,4.050104916095733643e-01,2.576807327568531036e-02,-4.799710586667060852e-02,-1.328928470611572266e+00,9.734869934618473053e-03,-6.645772606134414673e-02,9.345040917396545410e-01,2.102991193532943726e-01,6.995890289545059204e-02
7.069879770278930664e-01,-4.925193190574645996e-01,7.111698389053344727e-01,8.358950912952423096e-02,3.464109003543853760e-01,-4.278790950775146484e-01,8.306213021278381348e-01,0.000000000000000000e+00,0.000000000000000000e+00,-8.687457442283630371e-02,-5.067867040634155273e-01,1.276140362024307251e-01,-2.084088325500488281e+00,1.574703454971313477e-01,9.393855333328247070e-01,3.086777925491333008e-01,8.377382159233093262e-01,2.673316895961761475e-01,-6.519907712936401367e-01,-1.084460169076919556e-01,-1.326201260089874268e-01,3.634085357189178467e-01,6.082035228610038757e-02,-7.278884202241897583e-02,-1.376574754714965820e+00,1.876113377511501312e-02,-5.423882231116294861e-02,9.048252105712890625e-01,1.940961331129074097e-01,7.288057357072830200e-02
7.197254896163940430e-01,-5.080868601799011230e-01,7.116744518280029297e-01,8.341946452856063843e-02,3.469607234001159668e-01,-4.353303909301757812e-01,8.265269994735717773e-01,0.000000000000000000e+00,0.000000000000000000e+00,-7.874359935522079468e-02,-4.351266026496887207e-01,6.271480023860931396e-02,-2.134213685989379883e+00,1.616649180650711060e-01,9.280527830123901367e-01,2.891307175159454346e-01,8.262581825256347656e-01,2.869091331958770752e-01,-5.918015241622924805e-01,-9.858305007219314575e-02,-1.191990450024604797e-01,3.096428811550140381e-01,1.131354346871376038e-01,-9.275805205106735229e-02,-1.406227946281433105e+00,2.917208150029182434e-02,-4.979573935270309448e-02,8.381230831146240234e-01,1.795650720596313477e-01,8.164180815219879150e-02
7.324937582015991211e-01,-5.236820578575134277e-01,7.114507555961608887e-01,8.455216139554977417e-02,3.500175476074218750e-01,-4.398424923419952393e-01,8.227254748344421387e-01,0.000000000000000000e+00,0.000000000000000000e+00,-7.155588269233703613e-02,-3.798441290855407715e-01,1.342322584241628647e-02,-2.170355796813964844e+00,1.575205326080322266e-01,9.189907908439636230e-01,2.689273357391357422e-01,8.175902962684631348e-01,3.033488392829895020e-01,-5.435401797294616699e-01,-9.176576882600784302e-02,-1.125142723321914673e-01,2.652820050716400146e-01,1.767678409814834595e-01,-1.195049658417701721e-01,-1.420109748840332031e+00,4.233057051897048950e-02,-3.929055854678153992e-02,7.675595879554748535e-01,1.841274350881576538e-01,9.268382936716079712e-02
7.447624802589416504e-01,-5.383390784263610840e-01,7.119233012199401855e-01,8.502837270498275757e-02,3.512081801891326904e-01,-4.461412727832794189e-01,8.187679648399353027e-01,0.000000000000000000e+00,0.000000000000000000e+00,-5.762277171015739441e-02,-3.138047158718109131e-01,-3.095281310379505157e-02,-2.203286409378051758e+00,1.549631655216217041e-01,9.143300056457519531e-01,2.515952587127685547e-01,8.082650303840637207e-01,3.221350908279418945e-01,-4.871866106986999512e-01,-8.491455018520355225e-02,-1.039610281586647034e-01,2.115052789449691772e-01,2.549397051334381104e-01,-1.419869065284729004e-01,-1.415824890136718750e+00,4.996021836996078491e-02,-3.535184636712074280e-02,6.730160713195800781e-01,1.993788629770278931e-01,1.111541539430618286e-01
7.560886144638061523e-01,-5.511928200721740723e-01,7.130671143531799316e-01,8.226429671049118042e-02,3.482629060745239258e-01,-4.478707015514373779e-01,8.193640112876892090e-01,0.000000000000000000e+00,0.000000000000000000e+00,-2.497144788503646851e-02,-2.657731771469116211e-01,-7.417248934507369995e-02,-2.227543115615844727e+00,1.609844714403152466e-01,9.159803390502929688e-01,2.402022629976272583e-01,7.999682426452636719e-01,3.388865292072296143e-01,-4.275080561637878418e-01,-7.367085665464401245e-02,-1.048029586672782898e-01,1.644438058137893677e-01,3.454325795173645020e-01,-1.663586050271987915e-01,-1.384144186973571777e+00,5.588749423623085022e-02,-2.782347612082958221e-02,5.849359631538391113e-01,2.193677574396133423e-01,1.214007958769798279e-01
7.680794000625610352e-01,-5.647837519645690918e-01,7.133330702781677246e-01,8.308773487806320190e-02,3.479592800140380859e-01,-4.502402245998382568e-01,8.181103467941284180e-01,0.000000000000000000e+00,0.000000000000000000e+00,2.528659068048000336e-03,-2.194068580865859985e-01,-1.095295473933219910e-01,-2.247947931289672852e+00,1.581661105155944824e-01,9.232130646705627441e-01,2.278126180171966553e-01,7.962170839309692383e-01,3.464949727058410645e-01,-3.954409062862396240e-01,-6.746748089790344238e-02,-9.021852910518646240e-02,1.758531481027603149e-01,3.499999940395355225e-01,-1.891562640666961670e-01,-1.349450707435607910e+00,6.290546059608459473e-02,-2.263327315449714661e-02,5.171853899955749512e-01,2.474261522293090820e-01,1.299282908439636230e-01
7.793141007423400879e-01,-5.777438879013061523e-01,7.134265899658203125e-01,8.544190227985382080e-02,3.447123765945434570e-01,-4.501031339168548584e-01,8.193169236183166504e-01,0.000000000000000000e+00,0.000000000000000000e+00,2.470365911722183228e-02,-1.878309845924377441e-01,-1.375960558652877808e-01,-2.262544393539428711e+00,1.555099934339523315e-01,9.309679865837097168e-01,2.176293134689331055e-01,7.954784035682678223e-01,3.439809679985046387e-01,-3.709115386009216309e-01,-6.231465190649032593e-02,-7.508593052625656128e-02,2.045674771070480347e-01,3.499999940395355225e-01,-2.088956087827682495e-01,-1.311298727989196777e+00,7.149798423051834106e-02,-1.537065580487251282e-02,4.743138253688812256e-01,2.600694894790649414e-01,1.270222961902618408e-01
7.908137440681457520e-01,-5.900108814239501953e-01,7.135070562362670898e-01,8.738648891448974609e-02,3.414128422737121582e-01,-4.494847357273101807e-01,8.208314776420593262e-01,0.000000000000000000e+00,0.000000000000000000e+00,4.780071601271629333e-02,-1.625891178846359253e-01,-1.583163887262344360e-01,-2.276873588562011719e+00,1.466587483882904053e-01,9.487683176994323730e-01,2.068750411272048950e-01,8.005105257034301758e-01,3.353377878665924072e-01,-3.439446985721588135e-01,-5.601521581411361694e-02,-5.840454995632171631e-02,2.274754792451858521e-01,3.499999940395355225e-01,-2.147314995527267456e-01,-1.268693447113037109e+00,7.746315002441406250e-02,-1.226248405873775482e-02,4.649934172630310059e-01,2.613365948200225830e-01,1.122475266456604004e-01
8.028264045715332031e-01,-6.025768518447875977e-01,7.137720584869384766e-01,9.165438264608383179e-02,3.397513329982757568e-01,-4.449817538261413574e-01,8.235045671463012695e-01,0.000000000000000000e+00,0.000000000000000000e+00,5.911646783351898193e-02,-1.503148525953292847e-01,-1.684700697660446167e-01,-2.284999847412109375e+00,1.306713819503784180e-01,9.612619280815124512e-01,1.998603045940399170e-01,8.075412511825561523e-01,3.211568295955657959e-01,-3.255837857723236084e-01,-5.318197607994079590e-02,-4.174331948161125183e-02,2.451979666948318481e-01,3.499999940395355225e-01,-2.139758318662643433e-01,-1.234802126884460449e+00,8.020053058862686157e-02,-5.144138820469379425e-03,4.677836000919342041e-01,2.445266395807266235e-01,9.332526475191116333e-02
8.145282864570617676e-01,-6.133192181587219238e-01,7.140347361564636230e-01,9.248951077461242676e-02,3.314286172389984131e-01,-4.422234594821929932e-01,8.282748460769653320e-01,0.000000000000000000e+00,0.000000000000000000e+00,8.677215129137039185e-02,-1.315701156854629517e-01,-1.747831255197525024e-01,-2.293071269989013672e+00,1.199686825275421143e-01,9.901639819145202637e-01,1.928178369998931885e-01,8.141810297966003418e-01,3.077166974544525146e-01,-3.029066026210784912e-01,-4.631590470671653748e-02,-2.951927855610847473e-02,2.680023610591888428e-01,3.499999940395355225e-01,-2.084350734949111938e-01,-1.181233286857604980e+00,8.127561956644058228e-02,-7.080101873725652695e-03,4.772443175315856934e-01,2.148405760526657104e-01,6.747826933860778809e-02
8.271430730819702148e-01,-6.246858835220336914e-01,7.171154022216796875e-01,9.640070050954818726e-02,3.256848752498626709e-01,-4.382892251014709473e-01,8.321892023086547852e-01,0.000000000000000000e+00,0.000000000000000000e+00,9.807194769382476807e-02,-1.248234286904335022e-01,-1.769776642322540283e-01,-2.297774553298950195e+00,1.031875237822532654e-01,1.007309436798095703e+00,1.800737380981445312e-01,8.250660896301269531e-01,2.914494872093200684e-01,-2.923499345779418945e-01,-5.007413402199745178e-02,-2.183339931070804596e-02,2.948865294456481934e-01,3.499999940395355225e-01,-1.956528723239898682e-01,-1.133880257606506348e+00,7.847735285758972168e-02,-7.969685830175876617e-04,4.838564693927764893e-01,1.786217540502548218e-01,4.946037754416465759e-02
8.407557606697082520e-01,-6.357725858688354492e-01,7.197135090827941895e-01,9.898051619529724121e-02,3.206624388694763184e-01,-4.323504567146301270e-01,8.369298577308654785e-01,0.000000000000000000e+00,0.000000000000000000e+00,1.119545549154281616e-01,-1.185005903244018555e-01,-1.731681227684020996e-01,-2.295437097549438477e+00,8.945988863706588745e-02,1.026337146759033203e+00,1.676785498857498169e-01,8.423770666122436523e-01,2.725070118904113770e-01,-2.873761951923370361e-01,-5.392833799123764038e-02,-2.136220410466194153e-02,3.168552219867706299e-01,3.499999940395355225e-01,-1.748375147581100464e-01,-1.084058046340942383e+00,7.574553787708282471e-02,2.149256644770503044e-03,4.847930371761322021e-01,1.295545250177383423e-01,3.015928156673908234e-02
8.540971875190734863e-01,-6.461161971092224121e-01,7.224228978157043457e-01,1.009235978126525879e-01,3.105660378932952881e-01,-4.265989065170288086e-01,8.434314131736755371e-01,0.000000000000000000e+00,0.000000000000000000e+00,1.246528625488281250e-01,-1.208244487643241882e-01,-1.591613143682479858e-01,-2.286285400390625000e+00,7.458271086215972900e-02,1.042735695838928223e+00,1.539471000432968140e-01,8.663486838340759277e-01,2.546881735324859619e-01,-2.881337404251098633e-01,-6.067543104290962219e-02,-2.249819971621036530e-02,3.380733132362365723e-01,3.499999940395355225e-01,-1.433381438255310059e-01,-1.022084832191467285e+00,6.696721911430358887e-02,-9.892306989058852196e-04,4.804108142852783203e-01,7.440184056758880615e-02,1.345982588827610016e-02
8.674927949905395508e-01,-6.569821238517761230e-01,7.245867848396301270e-01,1.051293611526489258e-01,2.995069324970245361e-01,-4.180941283702850342e-01,8.511408567428588867e-01,0.000000000000000000e+00,0.000000000000000000e+00,1.338978260755538940e-01,-1.317901909351348877e-01,-1.361909210681915283e-01,-2.270706176757812500e+00,6.033211946487426758e-02,1.051921010017395020e+00,1.392843127250671387e-01,8.975276350975036621e-01,2.293024659156799316e-01,-3.024687170982360840e-01,-6.679537147283554077e-02,-1.747797057032585144e-02,3.643300235271453857e-01,3.499999940395355225e-01,-1.084734499454498291e-01,-9.592025876045227051e-01,5.595466122031211853e-02,-2.281263936311006546e-03,4.728285372257232666e-01,2.207627519965171814e-02,-1.402431866154074669e-03
8.818588852882385254e-01,-6.685194969177246094e-01,7.272082567214965820e-01,1.099209561944007874e-01,2.911902368068695068e-01,-4.087442755699157715e-01,8.579357266426086426e-01,0.000000000000000000e+00,0.000000000000000000e+00,1.421937942504882812e-01,-1.479611098766326904e-01,-1.063859760761260986e-01,-2.246855020523071289e+00,4.762360826134681702e-02,1.055553674697875977e+00,1.247081011533737183e-01,9.274097084999084473e-01,2.049868106842041016e-01,-3.240943551063537598e-01,-7.706493139266967773e-02,-1.442718040198087692e-02,3.783851563930511475e-01,3.499999940395355225e-01,-7.238499820232391357e-02,-8.960767388343811035e-01,4.304527118802070618e-02,-2.165248850360512733e-03,4.527384638786315918e-01,-1.665370538830757141e-02,-7.063581608235836029e-03
8.970548510551452637e-01,-6.811111569404602051e-01,7.293735742568969727e-01,1.159345135092735291e-01,2.858620882034301758e-01,-3.976165056228637695e-01,8.641430139541625977e-01,0.000000000000000000e+00,0.000000000000000000e+00,1.539795845746994019e-01,-1.696074903011322021e-01,-7.168241590261459351e-02,-2.211186408996582031e+00,3.774873167276382446e-02,1.055176973342895508e+00,1.127851158380508423e-01,9.568444490432739258e-01,1.759019345045089722e-01,-3.531436026096343994e-01,-8.918122947216033936e-02,-1.157222874462604523e-02,3.890825212001800537e-01,3.499999642372131348e-01,-3.547066822648048401e-02,-8.365882635116577148e-01,3.105939552187919617e-02,5.191697346162982285e-05,4.257475733757019043e-01,-4.421082511544227600e-02,-6.966153159737586975e-03
9.110263586044311523e-01,-6.950064301490783691e-01,7.322109341621398926e-01,1.262150406837463379e-01,2.755419313907623291e-01,-3.828236460685729980e-01,8.726926445960998535e-01,0.000000000000000000e+00,0.000000000000000000e+00,1.701266467571258545e-01,-2.062503546476364136e-01,-2.854236401617527008e-02,-2.164876461029052734e+00,2.958340942859649658e-02,1.055419921875000000e+00,1.064800620079040527e-01,9.936774373054504395e-01,1.271186918020248413e-01,-4.119907915592193604e-01,-9.446049481630325317e-02,1.244893297553062439e-02,4.483858942985534668e-01,3.104248642921447754e-01,-4.282831680029630661e-03,-7.648547291755676270e-01,1.630602963268756866e-02,-7.452231511706486344e-05,3.871944546699523926e-01,-5.884891748428344727e-02,-8.602692745625972748e-03
9.255913496017456055e-01,-7.087467312812805176e-01,7.349480390548706055e-01,1.327347606420516968e-01,2.647625505924224854e-01,-3.697251081466674805e-01,8.806734085083007812e-01,0.000000000000000000e+00,0.000000000000000000e+00,1.907750964164733887e-01,-2.507470846176147461e-01,1.447131205350160599e-02,-2.108913421630859375e+00,2.104992792010307312e-02,1.056219458580017090e+00,1.094683259725570679e-01,1.033505439758300781e+00,7.393399626016616821e-02,-4.808810055255889893e-01,-1.029180809855461121e-01,3.863516449928283691e-02,5.064069032669067383e-01,2.569802105426788330e-01,1.730998978018760681e-02,-6.791957616806030273e-01,1.050712727010250092e-02,6.233161780983209610e-03,3.232793211936950684e-01,-5.744610726833343506e-02,9.206035174429416656e-03
9.404627680778503418e-01,-7.235361337661743164e-01,7.373617887496948242e-01,1.403180211782455444e-01,2.546052336692810059e-01,-3.576192855834960938e-01,8.874657750129699707e-01,0.000000000000000000e+00,0.000000000000000000e+00,2.142459452152252197e-01,-3.052991628646850586e-01,5.079880729317665100e-02,-2.044355154037475586e+00,1.298677641898393631e-02,1.056967496871948242e+00,1.163232773542404175e-01,1.076223731040954590e+00,1.723119616508483887e-02,-5.534870028495788574e-01,-1.113443672657012939e-01,6.594289094209671021e-02,5.541970729827880859e-01,2.098974436521530151e-01,3.212735429406166077e-02,-5.932534337043762207e-01,2.693933201953768730e-03,6.829133722931146622e-03,2.555803358554840088e-01,-4.722408577799797058e-02,2.868182770907878876e-02
9.564666152000427246e-01,-7.397207021713256836e-01,7.376451492309570312e-01,1.488528549671173096e-01,2.489709854125976562e-01,-3.450306057929992676e-01,8.926422595977783203e-01,0.000000000000000000e+00,0.000000000000000000e+00,2.393400222063064575e-01,-3.594764769077301025e-01,7.503326982259750366e-02,-1.977370142936706543e+00,1.092995703220367432e-02,1.061825513839721680e+00,1.195220500230789185e-01,1.106841087341308594e+00,-3.924632072448730469e-02,-6.198004484176635742e-01,-1.171076297760009766e-01,9.625974297523498535e-02,5.724881291389465332e-01,1.620520502328872681e-01,4.224265366792678833e-02,-5.207480192184448242e-01,-3.757746657356619835e-03,1.240896899253129959e-02,2.011710107326507568e-01,-3.940943256020545959e-02,5.082896724343299866e-02
9.722064733505249023e-01,-7.562330961227416992e-01,7.368548512458801270e-01,1.568985879421234131e-01,2.415151447057723999e-01,-3.320198357105255127e-01,8.982294201850891113e-01,0.000000000000000000e+00,0.000000000000000000e+00,2.676357030868530273e-01,-4.192472994327545166e-01,8.868416398763656616e-02,-1.900999784469604492e+00,9.251392446458339691e-03,1.067696690559387207e+00,1.334988623857498169e-01,1.119559645652770996e+00,-9.423883259296417236e-02,-6.837339997291564941e-01,-1.241484731435775757e-01,1.297051012516021729e-01,5.640513300895690918e-01,1.193455308675765991e-01,3.533599898219108582e-02,-4.452778100967407227e-01,-1.498669758439064026e-02,7.414543069899082184e-03,1.485926955938339233e-01,-1.042539533227682114e-02,7.853748649358749390e-02
9.883071184158325195e-01,-7.733213305473327637e-01,7.403238415718078613e-01,1.657749563455581665e-01,2.353003919124603271e-01,-3.210148513317108154e-01,9.022759199142456055e-01,0.000000000000000000e+00,0.000000000000000000e+00,2.985914945602416992e-01,-4.794153869152069092e-01,1.010701954364776611e-01,-1.821413159370422363e+00,1.410680729895830154e-02,1.068530201911926270e+00,1.546818464994430542e-01,1.116509914398193359e+00,-1.396823972463607788e-01,-7.422265410423278809e-01,-1.392820030450820923e-01,1.648704260587692261e-01,5.401422381401062012e-01,8.496300131082534790e-02,2.489191666245460510e-02,-3.821591436862945557e-01,-3.024899959564208984e-02,-7.637028116732835770e-03,1.128967031836509705e-01,5.883578211069107056e-02,1.178757101297378540e-01
1.003998756408691406e+00,-7.898310422897338867e-01,7.426908016204833984e-01,1.708368808031082153e-01,2.255686521530151367e-01,-3.073424398899078369e-01,9.085561037063598633e-01,0.000000000000000000e+00,0.000000000000000000e+00,3.039397597312927246e-01,-5.466085672378540039e-01,1.156518086791038513e-01,-1.693814754486083984e+00,-7.296250201761722565e-03,1.072463035583496094e+00,2.092415392398834229e-01,1.085530996322631836e+00,-1.887940168380737305e-01,-8.291380405426025391e-01,-1.368950158357620239e-01,2.024700492620468140e-01,5.342905521392822266e-01,3.957308456301689148e-02,7.270281668752431870e-03,-3.240835964679718018e-01,-3.890493884682655334e-02,-2.495182119309902191e-02,9.616702049970626831e-02,1.057749316096305847e-01,1.501656621694564819e-01
1.019971251487731934e+00,-8.066785931587219238e-01,7.439020276069641113e-01,1.749719679355621338e-01,2.150119245052337646e-01,-2.922893464565277100e-01,9.152713418006896973e-01,0.000000000000000000e+00,0.000000000000000000e+00,3.422824442386627197e-01,-5.961573123931884766e-01,9.521356225013732910e-02,-1.606586456298828125e+00,5.930162500590085983e-03,1.075145363807678223e+00,2.230570912361145020e-01,1.055479764938354492e+00,-2.427193969488143921e-01,-8.725500106811523438e-01,-1.412048190832138062e-01,2.294154018163681030e-01,4.885126948356628418e-01,3.055759333074092865e-02,-5.960453767329454422e-03,-2.644712328910827637e-01,-5.022394284605979919e-02,-3.290882334113121033e-02,8.735545724630355835e-02,1.409808695316314697e-01,1.775721460580825806e-01
1.035103797912597656e+00,-8.239766359329223633e-01,7.431089878082275391e-01,1.806068718433380127e-01,2.001386135816574097e-01,-2.747341692447662354e-01,9.229555130004882812e-01,0.000000000000000000e+00,0.000000000000000000e+00,3.530393242835998535e-01,-6.565313339233398438e-01,4.835360497236251831e-02,-1.461133480072021484e+00,-3.662703558802604675e-03,1.087071299552917480e+00,2.642763257026672363e-01,9.820593595504760742e-01,-3.062387406826019287e-01,-9.227147102355957031e-01,-1.247453466057777405e-01,2.574667036533355713e-01,4.707046747207641602e-01,1.997705549001693726e-02,-1.916823536157608032e-02,-1.982336938381195068e-01,-6.495008617639541626e-02,-2.585072815418243408e-02,9.771362692117691040e-02,1.877908706665039062e-01,1.923531144857406616e-01
1.050256609916687012e+00,-8.397702574729919434e-01,7.413742542266845703e-01,1.788374483585357666e-01,1.804324239492416382e-01,-2.585183680057525635e-01,9.320029616355895996e-01,0.000000000000000000e+00,0.000000000000000000e+00,3.595204949378967285e-01,-6.984421014785766602e-01,-1.910663954913616180e-02,-1.323510408401489258e+00,-3.413374768570065498e-03,1.097772717475891113e+00,2.722068428993225098e-01,9.165313243865966797e-01,-3.712949454784393311e-01,-9.662328958511352539e-01,-1.018383651971817017e-01,2.925184667110443115e-01,4.580236673355102539e-01,4.327527713030576706e-03,-2.231701090931892395e-02,-1.353475600481033325e-01,-8.798049390316009521e-02,-1.972369663417339325e-02,1.275281310081481934e-01,2.332280725240707397e-01,2.006949335336685181e-01
1.068400979042053223e+00,-8.566071391105651855e-01,7.387092113494873047e-01,1.760074645280838013e-01,1.702489554882049561e-01,-2.396694570779800415e-01,9.394654035568237305e-01,0.000000000000000000e+00,0.000000000000000000e+00,3.683711588382720947e-01,-7.332791090011596680e-01,-1.038235574960708618e-01,-1.192333102226257324e+00,3.040263196453452110e-03,1.108076214790344238e+00,2.608646750450134277e-01,8.617600798606872559e-01,-4.289082586765289307e-01,-9.852807521820068359e-01,-7.488062232732772827e-02,3.067065775394439697e-01,4.426864385604858398e-01,1.750038564205169678e-02,-1.783795282244682312e-02,-7.170909643173217773e-02,-1.069209575653076172e-01,-6.495991721749305725e-03,1.630476713180541992e-01,2.885656952857971191e-01,2.107429653406143188e-01
1.087077140808105469e+00,-8.722436428070068359e-01,7.360962629318237305e-01,1.689979135990142822e-01,1.574519574642181396e-01,-2.284238338470458984e-01,9.457648396492004395e-01,0.000000000000000000e+00,0.000000000000000000e+00,3.321131467819213867e-01,-7.433304786682128906e-01,-2.126750648021697998e-01,-9.908035397529602051e-01,-1.756731234490871429e-02,1.129869937896728516e+00,2.607755959033966064e-01,7.727890610694885254e-01,-4.718889296054840088e-01,-1.012132883071899414e+00,-3.491497412323951721e-02,3.218590319156646729e-01,4.521804749965667725e-01,1.530651561915874481e-02,-8.806203491985797882e-03,-1.022758707404136658e-02,-1.301236748695373535e-01,-3.512967086862772703e-04,2.219768017530441284e-01,3.469017148017883301e-01,2.133687436580657959e-01
1.105932116508483887e+00,-8.868896365165710449e-01,7.328051328659057617e-01,1.579181104898452759e-01,1.385471671819686890e-01,-2.208670079708099365e-01,9.524097442626953125e-01,0.000000000000000000e+00,0.000000000000000000e+00,3.286195695400238037e-01,-7.354488968849182129e-01,-3.195074796676635742e-01,-8.793236017227172852e-01,3.222903003916144371e-03,1.139619112014770508e+00,2.090485841035842896e-01,7.362688779830932617e-01,-5.232229232788085938e-01,-9.880098104476928711e-01,5.076749715954065323e-03,3.596127629280090332e-01,4.068146646022796631e-01,3.968239575624465942e-02,-1.090368255972862244e-02,3.772895410656929016e-02,-1.676825284957885742e-01,1.759310439229011536e-02,3.242527544498443604e-01,3.499999940395355225e-01,2.199508249759674072e-01
1.126682758331298828e+00,-8.992390036582946777e-01,7.287374138832092285e-01,1.371795833110809326e-01,1.232433319091796875e-01,-2.193962633609771729e-01,9.580491185188293457e-01,0.000000000000000000e+00,0.000000000000000000e+00,2.659291326999664307e-01,-6.762161850929260254e-01,-4.224339425563812256e-01,-6.967187523841857910e-01,1.470925286412239075e-02,1.151307225227355957e+00,1.595444679260253906e-01,7.195083498954772949e-01,-5.408576130867004395e-01,-9.655026793479919434e-01,3.855204209685325623e-02,3.764511644840240479e-01,3.525844216346740723e-01,7.237678021192550659e-02,-1.320626307278871536e-02,8.202999085187911987e-02,-2.070214450359344482e-01,1.132075116038322449e-02,4.769133925437927246e-01,3.499999940395355225e-01,2.137222588062286377e-01
1.147722840309143066e+00,-9.114446640014648438e-01,7.225382924079895020e-01,1.167659536004066467e-01,1.060972064733505249e-01,-2.168990522623062134e-01,9.633607268333435059e-01,0.000000000000000000e+00,0.000000000000000000e+00,2.289677560329437256e-01,-5.945684909820556641e-01,-4.947080314159393311e-01,-5.997238159179687500e-01,5.288784950971603394e-02,1.162817478179931641e+00,7.110081613063812256e-02,7.008851766586303711e-01,-5.749520659446716309e-01,-9.138891100883483887e-01,7.650387287139892578e-02,4.165457785129547119e-01,2.853177785873413086e-01,1.073637753725051880e-01,-1.614730432629585266e-02,1.343029290437698364e-01,-2.655773758888244629e-01,2.689354494214057922e-02,6.289151906967163086e-01,3.499999940395355225e-01,2.041574418544769287e-01
1.169834256172180176e+00,-9.228333830833435059e-01,7.137923240661621094e-01,9.627605974674224854e-02,9.279919415712356567e-02,-2.187460958957672119e-01,9.665760993957519531e-01,0.000000000000000000e+00,0.000000000000000000e+00,1.675747781991958618e-01,-4.859031736850738525e-01,-5.358169674873352051e-01,-5.191814303398132324e-01,8.901783823966979980e-02,1.171977519989013672e+00,-5.031472537666559219e-03,6.790947914123535156e-01,-5.817429423332214355e-01,-8.763830065727233887e-01,1.020227149128913879e-01,4.378310143947601318e-01,2.480382919311523438e-01,1.365552842617034912e-01,-1.763387396931648254e-02,1.956965178251266479e-01,-3.248726129531860352e-01,2.702023088932037354e-02,7.932016849517822266e-01,3.499999940395355225e-01,1.828681975603103638e-01
1.191555142402648926e+00,-9.332613945007324219e-01,7.027023434638977051e-01,7.729450613260269165e-02,7.798638194799423218e-02,-2.224497497081756592e-01,9.687413573265075684e-01,0.000000000000000000e+00,0.000000000000000000e+00,1.328315585851669312e-01,-3.924980759620666504e-01,-5.641871094703674316e-01,-5.217846632003784180e-01,1.438026279211044312e-01,1.189817667007446289e+00,-9.649195522069931030e-02,6.484073996543884277e-01,-5.983105897903442383e-01,-8.227354288101196289e-01,1.221263930201530457e-01,4.625110328197479248e-01,2.115103900432586670e-01,1.545785218477249146e-01,-1.322166342288255692e-02,2.360032200813293457e-01,-3.832421600818634033e-01,5.865300074219703674e-02,9.635653495788574219e-01,3.499999940395355225e-01,1.707761138677597046e-01
1.213579177856445312e+00,-9.427033662796020508e-01,6.900191307067871094e-01,5.913517996668815613e-02,6.690942496061325073e-02,-2.296871989965438843e-01,9.691594243049621582e-01,0.000000000000000000e+00,0.000000000000000000e+00,5.352560058236122131e-02,-2.652507424354553223e-01,-5.396191477775573730e-01,-5.306347608566284180e-01,2.119300663471221924e-01,1.213832736015319824e+00,-1.810588091611862183e-01,6.167687773704528809e-01,-5.873638987541198730e-01,-7.827405929565429688e-01,1.252475827932357788e-01,4.551400542259216309e-01,2.034363150596618652e-01,1.749890446662902832e-01,-4.590068012475967407e-03,2.723695337772369385e-01,-4.248091280460357666e-01,8.315019309520721436e-02,1.146675825119018555e+00,3.499999940395355225e-01,1.556108891963958740e-01
1.234665036201477051e+00,-9.497647881507873535e-01,6.761271357536315918e-01,3.967552632093429565e-02,5.466993898153305054e-02,-2.437913268804550171e-01,9.674723744392395020e-01,0.000000000000000000e+00,0.000000000000000000e+00,-2.223222889006137848e-02,-1.619818061590194702e-01,-4.945662319660186768e-01,-5.749854445457458496e-01,2.851433455944061279e-01,1.231211662292480469e+00,-2.399277389049530029e-01,5.897210240364074707e-01,-5.481650233268737793e-01,-7.508587241172790527e-01,1.081723123788833618e-01,4.336561262607574463e-01,2.265854328870773315e-01,1.691411584615707397e-01,1.496576145291328430e-02,2.934950888156890869e-01,-4.466032683849334717e-01,1.015050187706947327e-01,1.323303222656250000e+00,3.499999940395355225e-01,1.496071517467498779e-01
1.255393266677856445e+00,-9.563468694686889648e-01,6.627858877182006836e-01,2.531948313117027283e-02,4.380497336387634277e-02,-2.612311840057373047e-01,9.639493227005004883e-01,0.000000000000000000e+00,0.000000000000000000e+00,-8.768465369939804077e-02,-8.720164000988006592e-02,-4.529045522212982178e-01,-6.514876484870910645e-01,3.606257736682891846e-01,1.244902372360229492e+00,-2.917176783084869385e-01,5.628161430358886719e-01,-4.877387285232543945e-01,-7.328664660453796387e-01,7.497448474168777466e-02,4.010831415653228760e-01,2.748620808124542236e-01,1.469127535820007324e-01,4.216478019952774048e-02,2.929435074329376221e-01,-4.634365737438201904e-01,1.260761171579360962e-01,1.467375755310058594e+00,3.499999940395355225e-01,1.301752924919128418e-01
1.275865316390991211e+00,-9.622783064842224121e-01,6.520564556121826172e-01,1.606246083974838257e-02,3.480216860771179199e-02,-2.844659686088562012e-01,9.579195976257324219e-01,0.000000000000000000e+00,0.000000000000000000e+00,-1.356293112039566040e-01,-4.485619813203811646e-02,-4.312930405139923096e-01,-7.577162384986877441e-01,4.346974492073059082e-01,1.247164368629455566e+00,-3.307879269123077393e-01,5.227376818656921387e-01,-4.063527882099151611e-01,-7.280496358871459961e-01,3.022731840610504150e-02,3.631157577037811279e-01,3.490020632743835449e-01,9.392739832401275635e-02,9.351085126399993896e-02,2.712705135345458984e-01,-4.648920595645904541e-01,1.577687710523605347e-01,1.595763087272644043e+00,3.499999940395355225e-01,1.166193634271621704e-01
1.296027064323425293e+00,-9.691218733787536621e-01,6.481902599334716797e-01,1.399895641952753067e-02,2.661545760929584503e-02,-3.070971071720123291e-01,9.512029290199279785e-01,0.000000000000000000e+00,0.000000000000000000e+00,-1.634695827960968018e-01,-2.115761488676071167e-02,-4.203955531120300293e-01,-8.803744316101074219e-01,4.937780797481536865e-01,1.239165544509887695e+00,-3.520291149616241455e-01,4.861444532871246338e-01,-3.183849453926086426e-01,-7.370507717132568359e-01,-1.694485545158386230e-02,3.274999856948852539e-01,4.370032548904418945e-01,5.618774890899658203e-02,1.352868676185607910e-01,1.996306031942367554e-01,-4.591051638126373291e-01,1.975293755531311035e-01,1.701171994209289551e+00,3.499999940395355225e-01,9.491577744483947754e-02
1.316459774971008301e+00,-9.761407375335693359e-01,6.442746520042419434e-01,1.918954961001873016e-02,2.013544552028179169e-02,-3.365876674652099609e-01,9.412412643432617188e-01,0.000000000000000000e+00,0.000000000000000000e+00,-1.741843670606613159e-01,-2.211420796811580658e-02,-4.282636940479278564e-01,-1.019612073898315430e+00,5.444105267524719238e-01,1.212408900260925293e+00,-3.524413406848907471e-01,4.562939405441284180e-01,-2.185797542333602905e-01,-7.536855340003967285e-01,-7.469242066144943237e-02,2.908582985401153564e-01,5.243148803710937500e-01,2.452227473258972168e-02,1.667022258043289185e-01,6.849763542413711548e-02,-4.558823108673095703e-01,2.534461021423339844e-01,1.763549685478210449e+00,3.499999940395355225e-01,6.569907814264297485e-02
1.337043166160583496e+00,-9.824790358543395996e-01,6.410846710205078125e-01,2.798225171864032745e-02,1.278587430715560913e-02,-3.693600296974182129e-01,9.287769794464111328e-01,0.000000000000000000e+00,0.000000000000000000e+00,-1.679253727197647095e-01,-5.190578475594520569e-02,-4.491441845893859863e-01,-1.169602513313293457e+00,5.835296511650085449e-01,1.182096362113952637e+00,-3.331787586212158203e-01,4.300342202186584473e-01,-1.232408657670021057e-01,-7.580847740173339844e-01,-1.364063024520874023e-01,2.631137967109680176e-01,5.890107750892639160e-01,-7.709002122282981873e-03,1.842651963233947754e-01,-1.119221299886703491e-01,-4.576403498649597168e-01,3.260121941566467285e-01,1.745136737823486328e+00,3.499999940395355225e-01,2.272114157676696777e-02
1.358647704124450684e+00,-9.884252548217773438e-01,6.417491436004638672e-01,3.490803018212318420e-02,1.286423113197088242e-02,-3.973678052425384521e-01,9.169049859046936035e-01,0.000000000000000000e+00,0.000000000000000000e+00,-1.585494875907897949e-01,-8.946816623210906982e-02,-4.621507525444030762e-01,-1.299830198287963867e+00,6.006243824958801270e-01,1.150928378105163574e+00,-3.015803098678588867e-01,4.224537909030914307e-01,-5.250816419720649719e-02,-7.533730864524841309e-01,-1.818589717149734497e-01,2.479402124881744385e-01,6.230418086051940918e-01,-3.060288168489933014e-02,1.885275542736053467e-01,-3.120621442794799805e-01,-4.573195874691009521e-01,4.014992415904998779e-01,1.652637004852294922e+00,3.499999940395355225e-01,-1.948692463338375092e-02
1.379468679428100586e+00,-9.947359561920166016e-01,6.434214711189270020e-01,4.345340654253959656e-02,1.510831154882907867e-02,-4.226627647876739502e-01,9.051186442375183105e-01,0.000000000000000000e+00,0.000000000000000000e+00,-1.520735621452331543e-01,-1.369279772043228149e-01,-4.729932546615600586e-01,-1.417607903480529785e+00,6.062265038490295410e-01,1.122436523437500000e+00,-2.601708471775054932e-01,4.334486126899719238e-01,-2.367057092487812042e-02,-7.513276338577270508e-01,-1.999999880790710449e-01,2.611698806285858154e-01,6.527833342552185059e-01,-5.053199082612991333e-02,1.707298606634140015e-01,-5.410698056221008301e-01,-4.300395846366882324e-01,4.737707972526550293e-01,1.503115653991699219e+00,2.935627400875091553e-01,-6.647104769945144653e-02
1.400913357734680176e+00,-1.001362204551696777e+00,6.479580402374267578e-01,4.962305352091789246e-02,2.442333288490772247e-02,-4.452067315578460693e-01,8.937180638313293457e-01,0.000000000000000000e+00,0.000000000000000000e+00,-1.449660807847976685e-01,-1.912991106510162354e-01,-4.733280539512634277e-01,-1.524314522743225098e+00,6.029998064041137695e-01,1.104146957397460938e+00,-2.188732773065567017e-01,4.568347632884979248e-01,-1.860197074711322784e-02,-7.489843964576721191e-01,-2.000000029802322388e-01,2.773059308528900146e-01,6.618477106094360352e-01,-6.540474295616149902e-02,1.526911556720733643e-01,-7.212872505187988281e-01,-3.843291699886322021e-01,4.847056865692138672e-01,1.316486358642578125e+00,2.166628688573837280e-01,-1.052553951740264893e-01
1.421356678009033203e+00,-1.007843732833862305e+00,6.530852913856506348e-01,5.444118008017539978e-02,3.373294323682785034e-02,-4.649891853332519531e-01,8.829967975616455078e-01,0.000000000000000000e+00,0.000000000000000000e+00,-1.387631148099899292e-01,-2.522254884243011475e-01,-4.668263494968414307e-01,-1.625657558441162109e+00,5.978465080261230469e-01,1.096829295158386230e+00,-1.760680526494979858e-01,4.950053989887237549e-01,-1.696436852216720581e-02,-7.400044202804565430e-01,-2.000000029802322388e-01,2.895155251026153564e-01,6.545289158821105957e-01,-6.698130816221237183e-02,1.142716854810714722e-01,-8.222747445106506348e-01,-3.206265568733215332e-01,4.193376600742340088e-01,1.001885890960693359e+00,1.706402748823165894e-01,-1.188400760293006897e-01
1.441653370857238770e+00,-1.014035105705261230e+00,6.563344597816467285e-01,5.464692786335945129e-02,4.573817178606987000e-02,-4.831711351871490479e-01,8.726209998130798340e-01,0.000000000000000000e+00,0.000000000000000000e+00,-1.374513208866119385e-01,-3.119705915451049805e-01,-4.409748911857604980e-01,-1.698390007019042969e+00,5.956742167472839355e-01,1.099756956100463867e+00,-1.449784785509109497e-01,5.456055402755737305e-01,-2.293120836839079857e-03,-7.337429523468017578e-01,-2.000000029802322388e-01,3.081451654434204102e-01,6.583659052848815918e-01,-9.709159284830093384e-02,9.448526799678802490e-02,-8.313249349594116211e-01,-2.520314455032348633e-01,3.283507227897644043e-01,6.033936142921447754e-01,1.687490195035934448e-01,-7.651089876890182495e-02
1.461689472198486328e+00,-1.020047187805175781e+00,6.569961905479431152e-01,5.063258111476898193e-02,5.811394751071929932e-02,-5.004286766052246094e-01,8.623399734497070312e-01,0.000000000000000000e+00,0.000000000000000000e+00,-1.423177868127822876e-01,-3.568403720855712891e-01,-3.993940651416778564e-01,-1.748253822326660156e+00,5.996986627578735352e-01,1.113491177558898926e+00,-1.050377935171127319e-01,6.110151410102844238e-01,3.312307223677635193e-02,-7.281954288482666016e-01,-2.000000029802322388e-01,3.259274959564208984e-01,6.687005162239074707e-01,-1.238188147544860840e-01,6.996174156665802002e-02,-8.207755088806152344e-01,-1.725242286920547485e-01,2.399980872869491577e-01,2.478988915681838989e-01,1.693502366542816162e-01,-1.635364815592765808e-02
1.480793952941894531e+00,-1.026297688484191895e+00,6.585499644279479980e-01,4.902312159538269043e-02,7.225905358791351318e-02,-5.164847373962402344e-01,8.518326282501220703e-01,0.000000000000000000e+00,0.000000000000000000e+00,-1.469114571809768677e-01,-4.060847759246826172e-01,-3.576347827911376953e-01,-1.780745744705200195e+00,6.007176637649536133e-01,1.126867294311523438e+00,-5.480215325951576233e-02,6.920558810234069824e-01,6.965324282646179199e-02,-7.250666618347167969e-01,-2.000000029802322388e-01,3.362418115139007568e-01,6.720564365386962891e-01,-1.440866738557815552e-01,4.138223081827163696e-02,-8.559802174568176270e-01,-6.514041125774383545e-02,1.518082022666931152e-01,4.738106578588485718e-02,1.488902717828750610e-01,4.094538465142250061e-02
1.497739911079406738e+00,-1.030929803848266602e+00,6.594326496124267578e-01,4.439987242221832275e-02,8.358585089445114136e-02,-5.280091762542724609e-01,8.439480662345886230e-01,0.000000000000000000e+00,0.000000000000000000e+00,-1.582930237054824829e-01,-4.627578258514404297e-01,-3.096920847892761230e-01,-1.787597179412841797e+00,5.979270339012145996e-01,1.137150883674621582e+00,-4.864274524152278900e-03,7.673453092575073242e-01,1.119409129023551941e-01,-7.138696312904357910e-01,-2.000000029802322388e-01,3.403471708297729492e-01,6.706427335739135742e-01,-1.785228401422500610e-01,2.830518782138824463e-02,-9.102904796600341797e-01,2.820214815437793732e-02,8.236783742904663086e-02,1.850823097213072366e-12,1.278028935194015503e-01,8.345117419958114624e-02
1.512782454490661621e+00,-1.034367799758911133e+00,6.604754328727722168e-01,3.721362352371215820e-02,9.167007356882095337e-02,-5.376852154731750488e-01,8.373209238052368164e-01,0.000000000000000000e+00,0.000000000000000000e+00,-1.703901588916778564e-01,-5.275284647941589355e-01,-2.553346753120422363e-01,-1.772719740867614746e+00,5.868471264839172363e-01,1.151836156845092773e+00,3.811554610729217529e-02,8.433116078376770020e-01,1.666960120201110840e-01,-6.944251656532287598e-01,-2.000000029802322388e-01,3.445909619331359863e-01,6.670042872428894043e-01,-2.142473757266998291e-01,3.509287163615226746e-02,-9.462697505950927734e-01,1.029289513826370239e-01,5.076751857995986938e-02,1.567096341581475372e-09,1.637381762266159058e-01,1.105635538697242737e-01
1.525163888931274414e+00,-1.036466121673583984e+00,6.598855257034301758e-01,3.073938377201557159e-02,9.375695884227752686e-02,-5.457829833030700684e-01,8.320971727371215820e-01,0.000000000000000000e+00,0.000000000000000000e+00,-1.877245455980300903e-01,-5.936758518218994141e-01,-1.884959340095520020e-01,-1.727037072181701660e+00,5.707706809043884277e-01,1.168259978294372559e+00,7.294788956642150879e-02,9.105902314186096191e-01,2.229532152414321899e-01,-6.756213903427124023e-01,-2.000000029802322388e-01,3.541471660137176514e-01,6.760503649711608887e-01,-2.310609966516494751e-01,2.865943126380443573e-02,-9.581554532051086426e-01,1.734522581100463867e-01,3.891567140817642212e-02,2.726879715919494629e-02,2.246787995100021362e-01,1.335314810276031494e-01
1.534981489181518555e+00,-1.036155819892883301e+00,6.584737300872802734e-01,2.143982239067554474e-02,9.118615835905075073e-02,-5.510070919990539551e-01,8.292264938354492188e-01,0.000000000000000000e+00,0.000000000000000000e+00,-2.096601724624633789e-01,-6.617444753646850586e-01,-1.080273762345314026e-01,-1.651260614395141602e+00,5.540761947631835938e-01,1.187642931938171387e+00,1.087141409516334534e-01,9.601874351501464844e-01,3.004185259342193604e-01,-6.595371961593627930e-01,-2.000000029802322388e-01,3.484383821487426758e-01,7.059164047241210938e-01,-2.512398362159729004e-01,3.128300234675407410e-02,-9.567571282386779785e-01,2.000000029802322388e-01,2.132547460496425629e-02,8.583685010671615601e-02,3.079978823661804199e-01,1.541676223278045654e-01
1.542549729347229004e+00,-1.033567309379577637e+00,6.585198640823364258e-01,7.150006480515003204e-03,8.402361720800399780e-02,-5.497350096702575684e-01,8.310717940330505371e-01,0.000000000000000000e+00,0.000000000000000000e+00,-2.341243326663970947e-01,-7.426068186759948730e-01,1.003683544695377350e-03,-1.530978441238403320e+00,5.425711274147033691e-01,1.209295749664306641e+00,1.458808332681655884e-01,9.983771443367004395e-01,3.904517292976379395e-01,-6.241000890731811523e-01,-2.000000029802322388e-01,3.251325786113739014e-01,7.228313684463500977e-01,-2.448682337999343872e-01,3.433014079928398132e-02,-9.546869993209838867e-01,2.000000029802322388e-01,-2.157581225037574768e-02,2.072865217924118042e-01,3.499999940395355225e-01,1.777991056442260742e-01
1.547802448272705078e+00,-1.029585599899291992e+00,6.590451598167419434e-01,-7.313164882361888885e-03,7.043777406215667725e-02,-5.455855131149291992e-01,8.350577950477600098e-01,0.000000000000000000e+00,0.000000000000000000e+00,-2.538593709468841553e-01,-8.171635270118713379e-01,1.187713369727134705e-01,-1.400439143180847168e+00,5.356446504592895508e-01,1.228118419647216797e+00,1.917665898799896240e-01,1.018540620803833008e+00,4.696274995803833008e-01,-5.711610913276672363e-01,-2.000000029802322388e-01,2.912014424800872803e-01,7.191839218139648438e-01,-2.099786102771759033e-01,2.434401400387287140e-02,-9.425250291824340820e-01,2.000000029802322388e-01,-7.789986580610275269e-02,3.245993256568908691e-01,3.499999940395355225e-01,1.903183013200759888e-01
1.551016449928283691e+00,-1.024573206901550293e+00,6.597851514816284180e-01,-2.020174264907836914e-02,5.124953016638755798e-02,-5.381507277488708496e-01,8.410464525222778320e-01,0.000000000000000000e+00,0.000000000000000000e+00,-2.664839029312133789e-01,-8.948264718055725098e-01,2.554614245891571045e-01,-1.245505690574645996e+00,5.319128036499023438e-01,1.242037177085876465e+00,2.397609651088714600e-01,1.024629950523376465e+00,5.450620651245117188e-01,-5.014897584915161133e-01,-2.000000029802322388e-01,2.517084777355194092e-01,6.996200680732727051e-01,-1.627810448408126831e-01,1.080932468175888062e-02,-9.065079092979431152e-01,2.000000029802322388e-01,-1.378118693828582764e-01,4.164419770240783691e-01,3.499999940395355225e-01,2.029273062944412231e-01
1.553651571273803711e+00,-1.019039392471313477e+00,6.601820588111877441e-01,-3.227369114756584167e-02,3.033667244017124176e-02,-5.293374061584472656e-01,8.472543954849243164e-01,0.000000000000000000e+00,0.000000000000000000e+00,-2.803184092044830322e-01,-9.795957207679748535e-01,4.095437526702880859e-01,-1.076151967048645020e+00,5.331780910491943359e-01,1.251524448394775391e+00,2.911051809787750244e-01,1.021400332450866699e+00,6.236582994461059570e-01,-4.226863682270050049e-01,-2.000000029802322388e-01,1.902009099721908569e-01,6.710013747215270996e-01,-1.166390255093574524e-01,-1.890701055526733398e-02,-8.493433594703674316e-01,2.000000029802322388e-01,-1.967222988605499268e-01,4.679489731788635254e-01,3.499999940395355225e-01,2.156385481357574463e-01
1.555620431900024414e+00,-1.012670874595642090e+00,6.600630283355712891e-01,-4.341640695929527283e-02,3.154979553073644638e-03,-5.201335549354553223e-01,8.529748916625976562e-01,0.000000000000000000e+00,0.000000000000000000e+00,-2.986981868743896484e-01,-1.071197271347045898e+00,5.588732957839965820e-01,-9.251517653465270996e-01,5.421304106712341309e-01,1.254793524742126465e+00,3.340106904506683350e-01,1.012715578079223633e+00,7.111436128616333008e-01,-3.153779506683349609e-01,-2.000000029802322388e-01,1.131916120648384094e-01,6.102856993675231934e-01,-5.476457998156547546e-02,-3.412598371505737305e-02,-7.765344977378845215e-01,2.000000029802322388e-01,-2.417314201593399048e-01,4.794616401195526123e-01,3.499999940395355225e-01,2.350777685642242432e-01
1.556884646415710449e+00,-1.006417632102966309e+00,6.590937376022338867e-01,-5.148500949144363403e-02,-2.845118194818496704e-02,-5.072915554046630859e-01,8.597645163536071777e-01,0.000000000000000000e+00,0.000000000000000000e+00,-3.111379444599151611e-01,-1.174906492233276367e+00,7.120573520660400391e-01,-7.773543596267700195e-01,5.614183545112609863e-01,1.250631093978881836e+00,3.684668540954589844e-01,1.003159403800964355e+00,8.190420866012573242e-01,-1.675252765417098999e-01,-2.000000029802322388e-01,-1.066985633224248886e-02,4.987925887107849121e-01,2.509940788149833679e-02,-5.565191432833671570e-02,-6.785838603973388672e-01,2.000000029802322388e-01,-2.960317730903625488e-01,4.512416124343872070e-01,3.499999940395355225e-01,2.526983022689819336e-01
1.559352636337280273e+00,-1.002346277236938477e+00,6.591447591781616211e-01,-5.205699056386947632e-02,-5.037810653448104858e-02,-4.916789233684539795e-01,8.677579760551452637e-01,0.000000000000000000e+00,0.000000000000000000e+00,-3.159754276275634766e-01,-1.252395033836364746e+00,8.183746933937072754e-01,-6.954362392425537109e-01,5.698463320732116699e-01,1.244837641716003418e+00,3.813931643962860107e-01,9.979007244110107422e-01,9.050479531288146973e-01,-2.491231635212898254e-02,-2.000000029802322388e-01,-1.514026820659637451e-01,3.617403805255889893e-01,1.192981898784637451e-01,-8.840866386890411377e-02,-5.932716727256774902e-01,2.000000029802322388e-01,-3.410212397575378418e-01,4.065997004508972168e-01,3.499999940395355225e-01,2.593190073966979980e-01
1.562384486198425293e+00,-1.000237941741943359e+00,6.580281257629394531e-01,-4.532513767480850220e-02,-6.460879743099212646e-02,-4.729749560356140137e-01,8.775340318679809570e-01,0.000000000000000000e+00,0.000000000000000000e+00,-3.247710764408111572e-01,-1.311732172966003418e+00,8.927161097526550293e-01,-6.592911481857299805e-01,5.671153068542480469e-01,1.234553813934326172e+00,3.780143260955810547e-01,9.949351549148559570e-01,9.632471799850463867e-01,8.999281376600265503e-02,-2.000000029802322388e-01,-2.640808224678039551e-01,2.493095844984054565e-01,2.172650694847106934e-01,-1.228146925568580627e-01,-5.178802609443664551e-01,1.999951750040054321e-01,-3.616259992122650146e-01,3.546086549758911133e-01,3.499999940395355225e-01,2.568847537040710449e-01
1.565740346908569336e+00,-9.998583197593688965e-01,6.614397168159484863e-01,-3.159534558653831482e-02,-7.376658171415328979e-02,-4.514947831630706787e-01,8.886578083038330078e-01,0.000000000000000000e+00,0.000000000000000000e+00,-3.437174260616302490e-01,-1.365014195442199707e+00,9.571901559829711914e-01,-6.416604518890380859e-01,5.560260415077209473e-01,1.216260075569152832e+00,3.647720813751220703e-01,9.902201294898986816e-01,1.019568204879760742e+00,1.968781352043151855e-01,-2.000000029802322388e-01,-3.898059725761413574e-01,1.419388204813003540e-01,3.117060363292694092e-01,-1.584006398916244507e-01,-4.487931132316589355e-01,1.686468422412872314e-01,-3.957958519458770752e-01,3.070784211158752441e-01,3.499996960163116455e-01,2.486018538475036621e-01
1.570514082908630371e+00,-1.001340031623840332e+00,6.653861999511718750e-01,-8.868990465998649597e-03,-7.676067948341369629e-02,-4.328775703907012939e-01,8.981348276138305664e-01,0.000000000000000000e+00,0.000000000000000000e+00,-3.714883029460906982e-01,-1.429156064987182617e+00,1.016348123550415039e+00,-6.293511390686035156e-01,5.419717431068420410e-01,1.182299494743347168e+00,3.437845706939697266e-01,9.839707016944885254e-01,1.082886338233947754e+00,3.026141226291656494e-01,-2.000000029802322388e-01,-5.401902794837951660e-01,3.986728936433792114e-02,3.499497175216674805e-01,-1.980275213718414307e-01,-3.707390725612640381e-01,1.158855110406875610e-01,-4.495089650154113770e-01,2.584996819496154785e-01,3.430911302566528320e-01,2.320711612701416016e-01
1.575489401817321777e+00,-1.003983974456787109e+00,6.679390668869018555e-01,2.174819447100162506e-02,-8.318903297185897827e-02,-4.165289700031280518e-01,9.050470590591430664e-01,0.000000000000000000e+00,0.000000000000000000e+00,-4.082631170749664307e-01,-1.513795852661132812e+00,1.074142575263977051e+00,-6.056652665138244629e-01,5.287278294563293457e-01,1.127695560455322266e+00,3.097377419471740723e-01,9.689223170280456543e-01,1.166088819503784180e+00,3.892133831977844238e-01,-2.000000029802322388e-01,-6.750598549842834473e-01,5.387920886278152466e-03,3.499999940395355225e-01,-2.365175485610961914e-01,-2.757097780704498291e-01,5.280026048421859741e-02,-5.306900143623352051e-01,2.341137081384658813e-01,2.720549106597900391e-01,2.061793506145477295e-01
1.582373499870300293e+00,-1.005570292472839355e+00,6.704717278480529785e-01,4.178023710846900940e-02,-8.502584695816040039e-02,-4.003576040267944336e-01,9.114487171173095703e-01,0.000000000000000000e+00,0.000000000000000000e+00,-4.375517070293426514e-01,-1.582678318023681641e+00,1.111376047134399414e+00,-5.707878470420837402e-01,5.176981091499328613e-01,1.083878874778747559e+00,2.661178410053253174e-01,9.427121877670288086e-01,1.216344833374023438e+00,4.269386529922485352e-01,-2.000000029802322388e-01,-7.490509748458862305e-01,2.254567109048366547e-02,3.499999940395355225e-01,-2.650699615478515625e-01,-2.089304774999618530e-01,9.848750196397304535e-03,-6.025876998901367188e-01,2.364564985036849976e-01,1.936219930648803711e-01,1.816267520189285278e-01
1.590314984321594238e+00,-1.004830718040466309e+00,6.697487235069274902e-01,4.696546867489814758e-02,-8.838663995265960693e-02,-3.839749395847320557e-01,9.179026484489440918e-01,0.000000000000000000e+00,0.000000000000000000e+00,-4.385015964508056641e-01,-1.624118447303771973e+00,1.131900429725646973e+00,-5.352340936660766602e-01,5.119102001190185547e-01,1.066601634025573730e+00,2.224257290363311768e-01,9.018281698226928711e-01,1.222264766693115234e+00,4.305204451084136963e-01,-2.000000029802322388e-01,-7.600575089454650879e-01,5.170526728034019470e-02,3.499999940395355225e-01,-2.888537943363189697e-01,-1.761149913072586060e-01,-4.582212772220373154e-03,-6.343691945075988770e-01,2.527088522911071777e-01,1.356784403324127197e-01,1.630555987358093262e-01
1.599554896354675293e+00,-1.002694964408874512e+00,6.689034104347229004e-01,3.764439374208450317e-02,-8.899948000907897949e-02,-3.643925487995147705e-01,9.262181520462036133e-01,0.000000000000000000e+00,0.000000000000000000e+00,-4.105110764503479004e-01,-1.619884252548217773e+00,1.148587703704833984e+00,-5.338101983070373535e-01,5.047712922096252441e-01,1.079915761947631836e+00,1.904075592756271362e-01,8.501669168472290039e-01,1.176454186439514160e+00,3.985203802585601807e-01,-2.000000029802322388e-01,-7.110301256179809570e-01,8.782354742288589478e-02,3.499999940395355225e-01,-3.058225512504577637e-01,-1.752857714891433716e-01,6.656014826148748398e-03,-6.244103908538818359e-01,2.656509876251220703e-01,9.471895545721054077e-02,1.444271355867385864e-01
1.609270334243774414e+00,-1.000935077667236328e+00,6.692393422126770020e-01,2.483691647648811340e-02,-8.561011403799057007e-02,-3.428865969181060791e-01,9.351378679275512695e-01,0.000000000000000000e+00,0.000000000000000000e+00,-3.656238913536071777e-01,-1.583668589591979980e+00,1.152745485305786133e+00,-5.560016632080078125e-01,4.948134720325469971e-01,1.109711885452270508e+00,1.557270288467407227e-01,7.910141348838806152e-01,1.104712963104248047e+00,3.505389988422393799e-01,-2.000000029802322388e-01,-6.422747969627380371e-01,1.300342977046966553e-01,3.499999940395355225e-01,-3.203759491443634033e-01,-1.866950541734695435e-01,2.313886210322380066e-02,-5.953702926635742188e-01,2.739974558353424072e-01,6.805952638387680054e-02,1.174152344465255737e-01
1.618910312652587891e+00,-9.985090494155883789e-01,6.698215007781982422e-01,7.028983905911445618e-03,-8.230407536029815674e-02,-3.219864666461944580e-01,9.431337714195251465e-01,0.000000000000000000e+00,0.000000000000000000e+00,-3.107256591320037842e-01,-1.526473283767700195e+00,1.142789363861083984e+00,-5.851184129714965820e-01,4.748766124248504639e-01,1.153231501579284668e+00,1.221604123711585999e-01,7.185499668121337891e-01,1.004791140556335449e+00,2.740941047668457031e-01,-2.000000029802322388e-01,-5.277839303016662598e-01,2.048492580652236938e-01,3.499999940395355225e-01,-3.213238716125488281e-01,-2.024544030427932739e-01,5.688526108860969543e-02,-5.482138395309448242e-01,2.720800638198852539e-01,4.662019014358520508e-02,9.291759133338928223e-02
1.628815531730651855e+00,-9.963017106056213379e-01,6.718953847885131836e-01,-1.423421502113342285e-02,-7.241974025964736938e-02,-3.002097904682159424e-01,9.510135650634765625e-01,0.000000000000000000e+00,0.000000000000000000e+00,-2.603063583374023438e-01,-1.448269009590148926e+00,1.119512200355529785e+00,-6.176725625991821289e-01,4.457305371761322021e-01,1.207618355751037598e+00,8.961899578571319580e-02,6.424739360809326172e-01,8.525910377502441406e-01,1.466628760099411011e-01,-2.000000029802322388e-01,-3.389682769775390625e-01,3.433394432067871094e-01,3.499999940395355225e-01,-3.056484162807464600e-01,-2.305415272712707520e-01,1.046920493245124817e-01,-4.560198187828063965e-01,2.613638043403625488e-01,4.096107184886932373e-02,6.424415111541748047e-02
1.638746976852416992e+00,-9.966454505920410156e-01,6.748239398002624512e-01,-2.387629635632038116e-02,-4.548715054988861084e-02,-2.780891060829162598e-01,9.591805338859558105e-01,0.000000000000000000e+00,0.000000000000000000e+00,-2.429906129837036133e-01,-1.356944203376770020e+00,1.069710016250610352e+00,-6.679931879043579102e-01,3.777897059917449951e-01,1.261085271835327148e+00,4.017193615436553955e-02,5.729163289070129395e-01,5.866113305091857910e-01,-8.173877745866775513e-02,-2.000000029802322388e-01,-1.199917308986186981e-02,5.890212655067443848e-01,3.195368647575378418e-01,-2.473025321960449219e-01,-2.841891050338745117e-01,1.515822261571884155e-01,-2.581829130649566650e-01,2.551696002483367920e-01,5.701965838670730591e-02,3.480456769466400146e-02
1.648784637451171875e+00,-1.003019809722900391e+00,6.797972917556762695e-01,-3.202404128387570381e-03,-1.545932330191135406e-02,-2.498386353254318237e-01,9.681587815284729004e-01,0.000000000000000000e+00,0.000000000000000000e+00,-2.655206918716430664e-01,-1.315873622894287109e+00,1.003109574317932129e+00,-7.109048366546630859e-01,2.970176637172698975e-01,1.259712338447570801e+00,-3.572550043463706970e-02,5.172278285026550293e-01,3.816767930984497070e-01,-2.344088256359100342e-01,-2.000000029802322388e-01,1.873528957366943359e-01,7.436164617538452148e-01,2.668738365173339844e-01,-2.082477509975433350e-01,-3.283623456954956055e-01,1.370902508497238159e-01,-1.054125949740409851e-01,2.595526874065399170e-01,6.131926178932189941e-02,2.226437069475650787e-02
1.657834410667419434e+00,-1.007839560508728027e+00,6.847780942916870117e-01,1.253332011401653290e-02,-3.185222158208489418e-03,-2.255873233079910278e-01,9.741371273994445801e-01,0.000000000000000000e+00,0.000000000000000000e+00,-2.619964778423309326e-01,-1.290990710258483887e+00,9.270815253257751465e-01,-7.252027988433837891e-01,2.519408166408538818e-01,1.244063019752502441e+00,-1.045195460319519043e-01,4.668444991111755371e-01,3.133523464202880859e-01,-2.673207521438598633e-01,-2.000000029802322388e-01,2.126920968294143677e-01,7.663758993148803711e-01,2.728779017925262451e-01,-1.853574514389038086e-01,-3.315649330615997314e-01,1.043243110179901123e-01,-7.661530375480651855e-02,2.545345723628997803e-01,5.181048810482025146e-02,2.075015939772129059e-02
1.665611386299133301e+00,-1.012259721755981445e+00,6.890847086906433105e-01,2.669490873813629150e-02,1.497516204835847020e-04,-2.013869434595108032e-01,9.791479110717773438e-01,0.000000000000000000e+00,0.000000000000000000e+00,-2.379596829414367676e-01,-1.264377355575561523e+00,8.251779079437255859e-01,-7.307870984077453613e-01,2.165658473968505859e-01,1.220084071159362793e+00,-1.692615747451782227e-01,4.172469377517700195e-01,2.878397107124328613e-01,-2.802944779396057129e-01,-2.000000029802322388e-01,1.973682641983032227e-01,7.800614237785339355e-01,2.855646908283233643e-01,-1.595572382211685181e-01,-3.077453672885894775e-01,6.283867359161376953e-02,-9.429980814456939697e-02,2.370340824127197266e-01,3.700092807412147522e-02,2.504076249897480011e-02
1.673572421073913574e+00,-1.016183376312255859e+00,6.927865147590637207e-01,3.798154741525650024e-02,2.968030748888850212e-03,-1.791617572307586670e-01,9.830816984176635742e-01,0.000000000000000000e+00,0.000000000000000000e+00,-2.055278420448303223e-01,-1.223893642425537109e+00,7.175707221031188965e-01,-7.399501204490661621e-01,1.864309310913085938e-01,1.187308549880981445e+00,-2.155752927064895630e-01,3.777453005313873291e-01,2.712447643280029297e-01,-2.972367405891418457e-01,-2.000000029802322388e-01,1.630722135305404663e-01,7.929316759109497070e-01,3.001348674297332764e-01,-1.371876597404479980e-01,-2.840389013290405273e-01,2.725334651768207550e-02,-1.193562969565391541e-01,2.213342189788818359e-01,2.283287048339843750e-02,2.677586860954761505e-02
1.681197524070739746e+00,-1.019818782806396484e+00,6.957604289054870605e-01,4.767568036913871765e-02,3.850357839837670326e-03,-1.579024493694305420e-01,9.862955808639526367e-01,0.000000000000000000e+00,0.000000000000000000e+00,-1.733703166246414185e-01,-1.181377530097961426e+00,5.895448327064514160e-01,-7.478550672531127930e-01,1.579735279083251953e-01,1.147598862648010254e+00,-2.472913414239883423e-01,3.462683856487274170e-01,2.542485892772674561e-01,-3.245204985141754150e-01,-2.000000029802322388e-01,1.233982294797897339e-01,8.123762011528015137e-01,3.055455982685089111e-01,-1.170720383524894714e-01,-2.562631964683532715e-01,-2.998638665303587914e-03,-1.482297182083129883e-01,2.040325254201889038e-01,1.199713628739118576e-02,3.079446032643318176e-02
1.689257025718688965e+00,-1.021617054939270020e+00,6.989130973815917969e-01,4.770982638001441956e-02,5.424422211945056915e-03,-1.395106315612792969e-01,9.890556931495666504e-01,0.000000000000000000e+00,0.000000000000000000e+00,-1.480166018009185791e-01,-1.124711513519287109e+00,4.651654660701751709e-01,-7.406876087188720703e-01,1.337797343730926514e-01,1.107043862342834473e+00,-2.752403616905212402e-01,3.177940249443054199e-01,2.187222540378570557e-01,-3.629453182220458984e-01,-1.703054010868072510e-01,1.098736971616744995e-01,8.420181274414062500e-01,2.942304313182830811e-01,-9.166551381349563599e-02,-2.340971082448959351e-01,-4.547615535557270050e-03,-1.528987735509872437e-01,1.832073032855987549e-01,1.548703480511903763e-02,4.308556765317916870e-02
1.697647571563720703e+00,-1.022064447402954102e+00,7.016261219978332520e-01,4.471485689282417297e-02,8.223962970077991486e-03,-1.302977055311203003e-01,9.904319643974304199e-01,0.000000000000000000e+00,0.000000000000000000e+00,-1.201373562216758728e-01,-1.064612150192260742e+00,3.321014046669006348e-01,-7.174758315086364746e-01,1.096671074628829956e-01,1.059631109237670898e+00,-2.906674444675445557e-01,3.254821002483367920e-01,1.764581650495529175e-01,-3.962806165218353271e-01,-1.350023448467254639e-01,1.087584570050239563e-01,8.610080480575561523e-01,2.768118679523468018e-01,-7.583037018775939941e-02,-2.188502103090286255e-01,6.140875630080699921e-03,-1.370619237422943115e-01,1.619824618101119995e-01,2.318019978702068329e-02,5.780635029077529907e-02
1.706778645515441895e+00,-1.023246884346008301e+00,7.047105431556701660e-01,4.194344207644462585e-02,1.663075946271419525e-02,-1.190166622400283813e-01,9.918665289878845215e-01,0.000000000000000000e+00,0.000000000000000000e+00,-1.246730610728263855e-01,-1.003070831298828125e+00,1.960389316082000732e-01,-6.766554117202758789e-01,5.677127838134765625e-02,1.004966855049133301e+00,-2.721341550350189209e-01,3.375667333602905273e-01,1.110466718673706055e-01,-4.567646384239196777e-01,-8.415296673774719238e-02,1.368921846151351929e-01,8.979396224021911621e-01,2.434593439102172852e-01,-6.600234657526016235e-02,-2.299773544073104858e-01,2.090063877403736115e-02,-9.100470691919326782e-02,1.604298502206802368e-01,2.915304154157638550e-02,5.994830653071403503e-02
1.716441869735717773e+00,-1.023691654205322266e+00,7.072622776031494141e-01,3.767222538590431213e-02,2.821628004312515259e-02,-1.154631897807121277e-01,9.921960234642028809e-01,0.000000000000000000e+00,0.000000000000000000e+00,-1.444663554430007935e-01,-9.306793212890625000e-01,7.566407322883605957e-02,-6.164783835411071777e-01,4.022925160825252533e-03,9.380704760551452637e-01,-2.586241960525512695e-01,3.824194371700286865e-01,7.124727964401245117e-02,-5.184463262557983398e-01,-4.716337472200393677e-02,1.317159086465835571e-01,9.328977465629577637e-01,2.191389352083206177e-01,-6.732749193906784058e-02,-2.445776909589767456e-01,3.716762736439704895e-02,-5.807126685976982117e-02,1.563504934310913086e-01,3.242331743240356445e-02,6.695760786533355713e-02
1.724011898040771484e+00,-1.023863673210144043e+00,7.089882493019104004e-01,3.618576377630233765e-02,2.979618683457374573e-02,-1.181860491633415222e-01,9.918844699859619141e-01,0.000000000000000000e+00,0.000000000000000000e+00,-1.360308974981307983e-01,-8.706911206245422363e-01,-4.463230818510055542e-02,-5.473105311393737793e-01,-1.475431676954030991e-02,8.725795149803161621e-01,-2.369856387376785278e-01,4.619117081165313721e-01,4.784613102674484253e-02,-5.343532562255859375e-01,-2.864930592477321625e-02,1.229639574885368347e-01,9.147958755493164062e-01,2.206319123506546021e-01,-6.899939477443695068e-02,-2.253012657165527344e-01,4.659032449126243591e-02,-2.761641517281532288e-02,1.316790878772735596e-01,4.201667383313179016e-02,7.278922200202941895e-02
1.731218099594116211e+00,-1.024164319038391113e+00,7.098310589790344238e-01,3.546594455838203430e-02,3.050101734697818756e-02,-1.245743408799171448e-01,9.911069869995117188e-01,0.000000000000000000e+00,0.000000000000000000e+00,-1.278524845838546753e-01,-8.085427284240722656e-01,-1.541069895029067993e-01,-4.758287072181701660e-01,-3.624461963772773743e-02,8.059456348419189453e-01,-2.102977037429809570e-01,5.467569828033447266e-01,2.596093714237213135e-02,-5.459909439086914062e-01,-1.804700493812561035e-02,1.099089011549949646e-01,8.875886201858520508e-01,2.202363312244415283e-01,-7.220362871885299683e-02,-2.093568444252014160e-01,5.439097061753273010e-02,6.866072304546833038e-03,1.138972565531730652e-01,4.684891551733016968e-02,7.256510853767395020e-02
1.738621473312377930e+00,-1.024814367294311523e+00,7.106555700302124023e-01,3.529802337288856506e-02,3.272100538015365601e-02,-1.338902860879898071e-01,9.898266196250915527e-01,0.000000000000000000e+00,0.000000000000000000e+00,-1.237305179238319397e-01,-7.537426352500915527e-01,-2.489774376153945923e-01,-4.039993882179260254e-01,-6.259419023990631104e-02,7.446175813674926758e-01,-1.825048327445983887e-01,6.396055221557617188e-01,5.275113973766565323e-03,-5.522433519363403320e-01,-1.828739047050476074e-02,8.932741731405258179e-02,8.494071364402770996e-01,2.259773463010787964e-01,-8.051759749650955200e-02,-2.012984305620193481e-01,6.151089817285537720e-02,4.312102496623992920e-02,1.040363758802413940e-01,5.152375996112823486e-02,7.762884348630905151e-02
1.745854973793029785e+00,-1.026301383972167969e+00,7.111997008323669434e-01,3.557423129677772522e-02,3.460884466767311096e-02,-1.416445523500442505e-01,9.886726140975952148e-01,0.000000000000000000e+00,0.000000000000000000e+00,-1.186957955360412598e-01,-7.048621177673339844e-01,-3.276553750038146973e-01,-3.361561894416809082e-01,-9.070765972137451172e-02,6.825675964355468750e-01,-1.562514603137969971e-01,7.315562963485717773e-01,-1.922501437366008759e-02,-5.595819950103759766e-01,-1.765266060829162598e-02,6.723077595233917236e-02,7.965061664581298828e-01,2.147043645381927490e-01,-8.381082117557525635e-02,-1.946375519037246704e-01,6.815895438194274902e-02,8.136647194623947144e-02,9.736492484807968140e-02,5.644506588578224182e-02,7.625801116228103638e-02
1.753443241119384766e+00,-1.028569340705871582e+00,7.116435170173645020e-01,3.605051711201667786e-02,3.862381726503372192e-02,-1.487742513418197632e-01,9.874587655067443848e-01,0.000000000000000000e+00,0.000000000000000000e+00,-1.083569601178169250e-01,-6.620163321495056152e-01,-3.870421946048736572e-01,-2.714882791042327881e-01,-1.195973977446556091e-01,6.224676370620727539e-01,-1.226335167884826660e-01,8.190786242485046387e-01,-4.097984358668327332e-02,-5.664947032928466797e-01,-1.872579380869865417e-02,4.157045856118202209e-02,7.473507523536682129e-01,1.999284625053405762e-01,-7.958283275365829468e-02,-1.912255287170410156e-01,7.528458535671234131e-02,1.199969053268432617e-01,9.242841601371765137e-02,5.380226299166679382e-02,7.625515758991241455e-02
1.758532762527465820e+00,-1.032848000526428223e+00,7.110357880592346191e-01,4.107144474983215332e-02,3.250848129391670227e-02,-1.489996463060379028e-01,9.874489307403564453e-01,0.000000000000000000e+00,0.000000000000000000e+00,-6.970304995775222778e-02,-6.379134654998779297e-01,-4.422440826892852783e-01,-2.068876326084136963e-01,-1.307579874992370605e-01,5.513504147529602051e-01,-9.428478032350540161e-02,9.086034297943115234e-01,-8.175335824489593506e-02,-5.379854440689086914e-01,-2.350003272294998169e-02,2.809916436672210693e-02,6.589283943176269531e-01,1.958735734224319458e-01,-7.000259310007095337e-02,-1.636042892932891846e-01,7.086276262998580933e-02,1.635482013225555420e-01,7.847698777914047241e-02,5.140674114227294922e-02,7.049924880266189575e-02
1.763871192932128906e+00,-1.037474513053894043e+00,7.107568979263305664e-01,4.487588256597518921e-02,2.831143140792846680e-02,-1.463682651519775391e-01,9.878061413764953613e-01,0.000000000000000000e+00,0.000000000000000000e+00,-3.677802532911300659e-02,-6.221430897712707520e-01,-4.817736744880676270e-01,-1.776821315288543701e-01,-1.403920650482177734e-01,4.857465922832489014e-01,-8.122124522924423218e-02,9.757084846496582031e-01,-1.306624263525009155e-01,-5.174401402473449707e-01,-2.442465536296367645e-02,1.039840467274188995e-02,5.722197294235229492e-01,1.837095767259597778e-01,-6.140627712011337280e-02,-1.431116610765457153e-01,6.924327462911605835e-02,2.090985774993896484e-01,6.659574061632156372e-02,5.362862721085548401e-02,6.415939331054687500e-02
1.771038174629211426e+00,-1.042108893394470215e+00,7.109202146530151367e-01,4.649931564927101135e-02,3.276235982775688171e-02,-1.436948925256729126e-01,9.879859685897827148e-01,0.000000000000000000e+00,0.000000000000000000e+00,-2.274254523217678070e-02,-5.976426601409912109e-01,-5.115205049514770508e-01,-1.382839977741241455e-01,-1.601826846599578857e-01,4.278458058834075928e-01,-6.337051093578338623e-02,1.035041451454162598e+00,-1.679337173700332642e-01,-5.210361480712890625e-01,-1.951479725539684296e-02,-7.438163738697767258e-03,5.164250731468200684e-01,1.674660146236419678e-01,-4.963300004601478577e-02,-1.404137313365936279e-01,7.617173343896865845e-02,2.509424984455108643e-01,6.261289864778518677e-02,5.213604122400283813e-02,6.039541959762573242e-02
1.777855396270751953e+00,-1.046193599700927734e+00,7.105728983879089355e-01,4.646776244044303894e-02,3.560678660869598389e-02,-1.416143923997879028e-01,9.881893992424011230e-01,0.000000000000000000e+00,0.000000000000000000e+00,-1.623692736029624939e-02,-5.748497247695922852e-01,-5.360709428787231445e-01,-9.943564981222152710e-02,-1.813411563634872437e-01,3.777507245540618896e-01,-4.884615913033485413e-02,1.091806530952453613e+00,-2.041005194187164307e-01,-5.252634286880493164e-01,-1.417560037225484848e-02,-2.855898626148700714e-02,4.580088853836059570e-01,1.406118720769882202e-01,-3.398626297712326050e-02,-1.351679563522338867e-01,8.489997684955596924e-02,2.905778288841247559e-01,6.092007830739021301e-02,5.006656795740127563e-02,5.895568802952766418e-02
1.784417748451232910e+00,-1.050590634346008301e+00,7.102053165435791016e-01,4.821670800447463989e-02,3.781095147132873535e-02,-1.386488527059555054e-01,9.884442090988159180e-01,0.000000000000000000e+00,0.000000000000000000e+00,-5.166952032595872879e-03,-5.553238391876220703e-01,-5.537297129631042480e-01,-6.899648904800415039e-02,-1.924630254507064819e-01,3.312302231788635254e-01,-4.194727912545204163e-02,1.141232728958129883e+00,-2.449115812778472900e-01,-5.210527777671813965e-01,-7.299695163965225220e-03,-4.278573393821716309e-02,3.962547183036804199e-01,1.264187842607498169e-01,-2.167809940874576569e-02,-1.296244710683822632e-01,8.954282850027084351e-02,3.312855958938598633e-01,5.912305414676666260e-02,4.941755160689353943e-02,5.558472871780395508e-02
1.790784001350402832e+00,-1.053914785385131836e+00,7.094133496284484863e-01,4.758594930171966553e-02,3.863600268959999084e-02,-1.377501189708709717e-01,9.885685443878173828e-01,0.000000000000000000e+00,0.000000000000000000e+00,2.578946063295006752e-03,-5.343112349510192871e-01,-5.708320140838623047e-01,-4.355333000421524048e-02,-2.060917466878890991e-01,2.904270291328430176e-01,-4.236233234405517578e-02,1.192015647888183594e+00,-2.800019383430480957e-01,-5.215461254119873047e-01,-2.715521259233355522e-03,-6.232804059982299805e-02,3.336806297302246094e-01,1.061341837048530579e-01,-6.760342977941036224e-03,-1.222549825906753540e-01,9.664686024188995361e-02,3.666982650756835938e-01,6.058841943740844727e-02,4.793181642889976501e-02,5.875143781304359436e-02
1.797212362289428711e+00,-1.057072401046752930e+00,7.085400223731994629e-01,4.717415943741798401e-02,3.964066877961158752e-02,-1.362195014953613281e-01,9.887605905532836914e-01,0.000000000000000000e+00,0.000000000000000000e+00,9.159662760794162750e-03,-5.209878087043762207e-01,-5.908081531524658203e-01,-3.106529638171195984e-02,-2.163517773151397705e-01,2.587578594684600830e-01,-5.139256268739700317e-02,1.239523530006408691e+00,-3.113181293010711670e-01,-5.200018286705017090e-01,8.690976537764072418e-04,-7.789724320173263550e-02,2.729917466640472412e-01,9.270603954792022705e-02,-1.287144958041608334e-03,-1.129821613430976868e-01,1.004678159952163696e-01,3.929660916328430176e-01,5.823389440774917603e-02,4.656783863902091980e-02,5.980179086327552795e-02
1.804077744483947754e+00,-1.060144901275634766e+00,7.077126502990722656e-01,4.795996099710464478e-02,4.208722710609436035e-02,-1.354921311140060425e-01,9.887216091156005859e-01,0.000000000000000000e+00,0.000000000000000000e+00,1.933750510215759277e-02,-5.172520875930786133e-01,-6.079357862472534180e-01,-2.668922767043113708e-02,-2.261363118886947632e-01,2.360252737998962402e-01,-6.600750982761383057e-02,1.290241241455078125e+00,-3.363387584686279297e-01,-5.205022692680358887e-01,2.739584771916270256e-03,-9.037990123033523560e-02,2.228559404611587524e-01,8.216408640146255493e-02,2.805830910801887512e-03,-1.077915951609611511e-01,1.019948348402976990e-01,4.135607182979583740e-01,5.772811919450759888e-02,4.154660552740097046e-02,5.975222587585449219e-02
1.811145544052124023e+00,-1.062264204025268555e+00,7.066303491592407227e-01,4.690974950790405273e-02,4.406234994530677795e-02,-1.366099268198013306e-01,9.885321259498596191e-01,0.000000000000000000e+00,0.000000000000000000e+00,2.842658758163452148e-02,-5.192308425903320312e-01,-6.230004429817199707e-01,-3.121646679937839508e-02,-2.347506135702133179e-01,2.224153578281402588e-01,-8.901655673980712891e-02,1.340434551239013672e+00,-3.559952378273010254e-01,-5.198743343353271484e-01,3.276316449046134949e-03,-1.023342013359069824e-01,1.799405962228775024e-01,7.325249910354614258e-02,3.823570674285292625e-03,-9.904139488935470581e-02,1.039944887161254883e-01,4.306120276451110840e-01,5.553556978702545166e-02,3.557283058762550354e-02,6.147053092718124390e-02
1.818461179733276367e+00,-1.064397096633911133e+00,7.054827213287353516e-01,4.725763574242591858e-02,4.604970291256904602e-02,-1.378624737262725830e-01,9.882510304450988770e-01,0.000000000000000000e+00,0.000000000000000000e+00,3.776382282376289368e-02,-5.257436037063598633e-01,-6.374956369400024414e-01,-3.918581828474998474e-02,-2.428864091634750366e-01,2.125307470560073853e-01,-1.153265535831451416e-01,1.390073180198669434e+00,-3.715501129627227783e-01,-5.201264619827270508e-01,3.710785182192921638e-03,-1.107845306396484375e-01,1.546902209520339966e-01,7.020056992769241333e-02,5.965298973023891449e-03,-9.317078441381454468e-02,1.029158234596252441e-01,4.431602954864501953e-01,5.709406733512878418e-02,2.648693881928920746e-02,6.108456477522850037e-02
1.826299428939819336e+00,-1.065960407257080078e+00,7.043376564979553223e-01,4.688075184822082520e-02,4.881659895181655884e-02,-1.404513567686080933e-01,9.877715110778808594e-01,0.000000000000000000e+00,0.000000000000000000e+00,4.853875190019607544e-02,-5.360615253448486328e-01,-6.499431133270263672e-01,-4.837240278720855713e-02,-2.506945133209228516e-01,2.054422199726104736e-01,-1.428719907999038696e-01,1.438636660575866699e+00,-3.806496560573577881e-01,-5.193348526954650879e-01,1.814946765080094337e-03,-1.152063533663749695e-01,1.412527263164520264e-01,6.177053228020668030e-02,1.125204376876354218e-02,-8.816847205162048340e-02,1.025369390845298767e-01,4.519122242927551270e-01,6.027315184473991394e-02,1.631049253046512604e-02,6.527952849864959717e-02
1.834570050239562988e+00,-1.067411899566650391e+00,7.030920982360839844e-01,4.728410765528678894e-02,5.221100524067878723e-02,-1.436782926321029663e-01,9.871143698692321777e-01,0.000000000000000000e+00,0.000000000000000000e+00,5.880767479538917542e-02,-5.510414242744445801e-01,-6.611369848251342773e-01,-5.954743549227714539e-02,-2.585402429103851318e-01,1.969645768404006958e-01,-1.675734966993331909e-01,1.484340190887451172e+00,-3.873057365417480469e-01,-5.181745886802673340e-01,-1.224598730914294720e-03,-1.178948506712913513e-01,1.406821906566619873e-01,5.070449411869049072e-02,1.888046413660049438e-02,-8.512983471155166626e-02,1.002589836716651917e-01,4.570764899253845215e-01,6.452068686485290527e-02,2.096205716952681541e-03,6.984455883502960205e-02
1.842894673347473145e+00,-1.068799734115600586e+00,7.019041776657104492e-01,4.822647571563720703e-02,5.494069680571556091e-02,-1.461613774299621582e-01,9.865559339523315430e-01,0.000000000000000000e+00,0.000000000000000000e+00,7.160782814025878906e-02,-5.702525973320007324e-01,-6.634517908096313477e-01,-8.485272526741027832e-02,-2.645400762557983398e-01,1.860601603984832764e-01,-1.911509335041046143e-01,1.522544026374816895e+00,-3.939890563488006592e-01,-5.154672265052795410e-01,-4.162192344665527344e-03,-1.134772226214408875e-01,1.503623574972152710e-01,3.964025154709815979e-02,2.130305767059326172e-02,-8.148728311061859131e-02,9.536640346050262451e-02,4.585662484169006348e-01,6.914553791284561157e-02,-1.233873516321182251e-02,7.177378982305526733e-02
1.851587057113647461e+00,-1.069981575012207031e+00,7.011858224868774414e-01,4.973853006958961487e-02,5.866993591189384460e-02,-1.501868665218353271e-01,9.856610894203186035e-01,0.000000000000000000e+00,0.000000000000000000e+00,8.007832616567611694e-02,-5.905948281288146973e-01,-6.740872263908386230e-01,-9.375140070915222168e-02,-2.747512161731719971e-01,1.855262964963912964e-01,-2.077771127223968506e-01,1.562009096145629883e+00,-3.935420513153076172e-01,-5.153407454490661621e-01,-1.037607248872518539e-02,-1.133200973272323608e-01,1.635368615388870239e-01,2.133603580296039581e-02,3.455737978219985962e-02,-8.294793963432312012e-02,9.090563654899597168e-02,4.549698233604431152e-01,7.998014241456985474e-02,-2.290500886738300323e-02,7.671751081943511963e-02
1.859887003898620605e+00,-1.070990681648254395e+00,7.007666826248168945e-01,5.128680914640426636e-02,6.048819795250892639e-02,-1.536134332418441772e-01,9.849435091018676758e-01,0.000000000000000000e+00,0.000000000000000000e+00,8.964718133211135864e-02,-6.160623431205749512e-01,-6.794972419738769531e-01,-1.073156297206878662e-01,-2.810012102127075195e-01,1.884878575801849365e-01,-2.199950367212295532e-01,1.599435448646545410e+00,-3.934394419193267822e-01,-5.142208933830261230e-01,-1.847582310438156128e-02,-1.095217913389205933e-01,1.787151247262954712e-01,8.130652131512761116e-04,4.459924995899200439e-02,-8.303955942392349243e-02,8.472727984189987183e-02,4.487986862659454346e-01,9.410504251718521118e-02,-2.695464901626110077e-02,8.299595117568969727e-02
1.867963075637817383e+00,-1.071773886680603027e+00,7.007247209548950195e-01,5.249311402440071106e-02,6.144028902053833008e-02,-1.569570600986480713e-01,9.842936992645263672e-01,0.000000000000000000e+00,0.000000000000000000e+00,9.800993651151657104e-02,-6.486887335777282715e-01,-6.839700341224670410e-01,-1.238010302186012268e-01,-2.847709655761718750e-01,2.024153321981430054e-01,-2.271867096424102783e-01,1.638684511184692383e+00,-3.923724293708801270e-01,-5.105224251747131348e-01,-2.743955329060554504e-02,-1.067805439233779907e-01,1.918723583221435547e-01,-1.933511532843112946e-02,5.701180920004844666e-02,-8.429225534200668335e-02,7.904250919818878174e-02,4.386880993843078613e-01,1.127919480204582214e-01,-1.918648928403854370e-02,9.331952780485153198e-02
1.875878095626831055e+00,-1.072611689567565918e+00,7.008596658706665039e-01,5.470361560583114624e-02,6.202125549316406250e-02,-1.613155305385589600e-01,9.834318161010742188e-01,0.000000000000000000e+00,0.000000000000000000e+00,1.090059578418731689e-01,-6.844854354858398438e-01,-6.812104582786560059e-01,-1.417486369609832764e-01,-2.848269343376159668e-01,2.249598205089569092e-01,-2.261649966239929199e-01,1.684114217758178711e+00,-3.915593922138214111e-01,-5.056008100509643555e-01,-3.709113597869873047e-02,-1.000928729772567749e-01,2.025512456893920898e-01,-3.664106875658035278e-02,6.856321543455123901e-02,-8.946694433689117432e-02,7.192113250494003296e-02,4.278667569160461426e-01,1.362473964691162109e-01,-5.243777297437191010e-03,1.046499833464622498e-01
1.883313655853271484e+00,-1.073318123817443848e+00,7.009603381156921387e-01,5.707086622714996338e-02,6.068046018481254578e-02,-1.668705791234970093e-01,9.824535846710205078e-01,0.000000000000000000e+00,0.000000000000000000e+00,1.193272918462753296e-01,-7.239458560943603516e-01,-6.727584600448608398e-01,-1.586918085813522339e-01,-2.835748791694641113e-01,2.525644302368164062e-01,-2.129111886024475098e-01,1.733194828033447266e+00,-3.893139660358428955e-01,-4.960076212882995605e-01,-4.828744754195213318e-02,-9.122583270072937012e-02,2.099437415599822998e-01,-5.087339133024215698e-02,7.786761969327926636e-02,-9.504085779190063477e-02,6.339293718338012695e-02,4.181105494499206543e-01,1.634509712457656860e-01,2.186631970107555389e-02,1.195078566670417786e-01
1.890670657157897949e+00,-1.073862671852111816e+00,7.011404633522033691e-01,5.856470763683319092e-02,5.905752256512641907e-02,-1.729401350021362305e-01,9.814143180847167969e-01,0.000000000000000000e+00,0.000000000000000000e+00,1.290683001279830933e-01,-7.696734666824340820e-01,-6.655374765396118164e-01,-1.740164011716842651e-01,-2.805687785148620605e-01,2.861998975276947021e-01,-1.902778297662734985e-01,1.788360714912414551e+00,-3.856528401374816895e-01,-4.830839931964874268e-01,-5.792309343814849854e-02,-7.999571412801742554e-02,2.134241014719009399e-01,-6.667623668909072876e-02,9.416604042053222656e-02,-1.026441380381584167e-01,5.733618140220642090e-02,4.098776280879974365e-01,1.964938789606094360e-01,6.338254362344741821e-02,1.427254676818847656e-01
1.897857427597045898e+00,-1.074739456176757812e+00,7.011881470680236816e-01,6.104822456836700439e-02,5.684386566281318665e-02,-1.797812134027481079e-01,9.801635742187500000e-01,0.000000000000000000e+00,0.000000000000000000e+00,1.368669122457504272e-01,-8.138600587844848633e-01,-6.527872681617736816e-01,-1.886897981166839600e-01,-2.755781710147857666e-01,3.265561759471893311e-01,-1.565138846635818481e-01,1.841962933540344238e+00,-3.820768594741821289e-01,-4.690754413604736328e-01,-6.909856945276260376e-02,-6.778702139854431152e-02,2.152135223150253296e-01,-7.930514216423034668e-02,1.047621071338653564e-01,-1.119589656591415405e-01,4.776616767048835754e-02,3.931347429752349854e-01,2.310781478881835938e-01,1.143644675612449646e-01,1.595787405967712402e-01
1.905153632164001465e+00,-1.075841784477233887e+00,7.015736103057861328e-01,6.339824944734573364e-02,5.496935918927192688e-02,-1.868153065443038940e-01,9.788049459457397461e-01,0.000000000000000000e+00,0.000000000000000000e+00,1.443899422883987427e-01,-8.586057424545288086e-01,-6.318821310997009277e-01,-1.927004754543304443e-01,-2.672931849956512451e-01,3.729540407657623291e-01,-1.092440187931060791e-01,1.892739176750183105e+00,-3.740258216857910156e-01,-4.530242085456848145e-01,-8.130621165037155151e-02,-5.924641713500022888e-02,2.122978717088699341e-01,-9.054814279079437256e-02,1.180106773972511292e-01,-1.238305270671844482e-01,3.926160559058189392e-02,3.791320621967315674e-01,2.686988413333892822e-01,1.811404377222061157e-01,1.820284724235534668e-01
1.913165688514709473e+00,-1.076981902122497559e+00,7.027428150177001953e-01,6.399583816528320312e-02,5.568011105060577393e-02,-1.936035901308059692e-01,9.774057269096374512e-01,0.000000000000000000e+00,0.000000000000000000e+00,1.430736780166625977e-01,-9.039642810821533203e-01,-6.009035706520080566e-01,-2.040980607271194458e-01,-2.618240416049957275e-01,4.202003777027130127e-01,-5.872851237654685974e-02,1.938028931617736816e+00,-3.650946021080017090e-01,-4.358110427856445312e-01,-8.752721548080444336e-02,-4.929519817233085632e-02,2.035784870386123657e-01,-1.030248776078224182e-01,1.247372105717658997e-01,-1.397033631801605225e-01,3.161169588565826416e-02,3.542508780956268311e-01,3.038561940193176270e-01,2.234112173318862915e-01,1.936351060867309570e-01
1.921141624450683594e+00,-1.077728748321533203e+00,7.041433453559875488e-01,6.175819784402847290e-02,5.491525679826736450e-02,-2.004575133323669434e-01,9.762105345726013184e-01,0.000000000000000000e+00,0.000000000000000000e+00,1.374899297952651978e-01,-9.443149566650390625e-01,-5.613272190093994141e-01,-2.177425175905227661e-01,-2.575825750827789307e-01,4.729509651660919189e-01,-1.237621763721108437e-03,1.972543478012084961e+00,-3.527360260486602783e-01,-4.130347669124603271e-01,-9.242104738950729370e-02,-4.699926078319549561e-02,1.947985589504241943e-01,-1.107277646660804749e-01,1.312036663293838501e-01,-1.600916534662246704e-01,2.250880561769008636e-02,3.232887685298919678e-01,3.365272581577301025e-01,2.151791006326675415e-01,1.803514808416366577e-01
1.929305553436279297e+00,-1.078701138496398926e+00,7.056230306625366211e-01,5.878419056534767151e-02,5.523347854614257812e-02,-2.055372297763824463e-01,9.753195047378540039e-01,0.000000000000000000e+00,0.000000000000000000e+00,1.245124489068984985e-01,-9.843784570693969727e-01,-5.176768302917480469e-01,-2.309923917055130005e-01,-2.470758855342864990e-01,5.264316797256469727e-01,5.877768993377685547e-02,1.997681021690368652e+00,-3.339102268218994141e-01,-3.907144963741302490e-01,-9.771794825792312622e-02,-5.164077505469322205e-02,1.830709874629974365e-01,-1.184564232826232910e-01,1.332486271858215332e-01,-1.854219585657119751e-01,1.679898053407669067e-02,2.947973608970642090e-01,3.691086471080780029e-01,1.952218264341354370e-01,1.638530641794204712e-01
1.937364935874938965e+00,-1.079541683197021484e+00,7.069616913795471191e-01,5.582672357559204102e-02,5.559980496764183044e-02,-2.119213640689849854e-01,9.741054177284240723e-01,0.000000000000000000e+00,0.000000000000000000e+00,1.094906404614448547e-01,-1.022455215454101562e+00,-4.678366482257843018e-01,-2.445477694272994995e-01,-2.380447536706924438e-01,5.750048756599426270e-01,1.227539479732513428e-01,2.012273311614990234e+00,-3.119557201862335205e-01,-3.678163886070251465e-01,-1.029207482933998108e-01,-5.837349593639373779e-02,1.697688549757003784e-01,-1.257716417312622070e-01,1.337845772504806519e-01,-2.055483013391494751e-01,1.050539314746856689e-02,2.665914297103881836e-01,3.949175477027893066e-01,1.954142004251480103e-01,1.526840925216674805e-01
1.945297956466674805e+00,-1.080325841903686523e+00,7.082612514495849609e-01,5.245725437998771667e-02,5.600407719612121582e-02,-2.180188298225402832e-01,9.729232192039489746e-01,0.000000000000000000e+00,0.000000000000000000e+00,9.091664850711822510e-02,-1.060116171836853027e+00,-4.126780033111572266e-01,-2.624154984951019287e-01,-2.243660688400268555e-01,6.223583221435546875e-01,1.921805143356323242e-01,2.014208078384399414e+00,-2.876581251621246338e-01,-3.427173197269439697e-01,-1.074589267373085022e-01,-6.843525171279907227e-02,1.521705240011215210e-01,-1.308134198188781738e-01,1.330357044935226440e-01,-2.271342724561691284e-01,5.022326949983835220e-03,2.413627803325653076e-01,4.166191816329956055e-01,2.014328688383102417e-01,1.425144672393798828e-01
1.953188896179199219e+00,-1.081041693687438965e+00,7.094871997833251953e-01,4.784902185201644897e-02,5.680342391133308411e-02,-2.224719226360321045e-01,9.721059799194335938e-01,0.000000000000000000e+00,0.000000000000000000e+00,7.070636004209518433e-02,-1.094434142112731934e+00,-3.480131328105926514e-01,-2.869371175765991211e-01,-2.101774662733078003e-01,6.666609048843383789e-01,2.639340758323669434e-01,2.002755880355834961e+00,-2.592110037803649902e-01,-3.176862299442291260e-01,-1.103430762887001038e-01,-8.282443135976791382e-02,1.338071823120117188e-01,-1.361872404813766479e-01,1.320961117744445801e-01,-2.527371346950531006e-01,7.097798516042530537e-04,2.148744165897369385e-01,4.319607913494110107e-01,1.957821995019912720e-01,1.314919143915176392e-01
1.960862755775451660e+00,-1.082359671592712402e+00,7.104837298393249512e-01,4.499211162328720093e-02,5.821513012051582336e-02,-2.249726206064224243e-01,9.715832471847534180e-01,0.000000000000000000e+00,0.000000000000000000e+00,5.013300850987434387e-02,-1.124819159507751465e+00,-2.825176417827606201e-01,-3.132835030555725098e-01,-2.022849917411804199e-01,7.113813161849975586e-01,3.411878347396850586e-01,1.972578287124633789e+00,-2.292112708091735840e-01,-2.969821691513061523e-01,-1.158064454793930054e-01,-1.005531772971153259e-01,1.164434552192687988e-01,-1.397474855184555054e-01,1.263403594493865967e-01,-2.811580896377563477e-01,-1.317585702054202557e-03,1.910776942968368530e-01,4.442157447338104248e-01,1.870260685682296753e-01,1.249489411711692810e-01
1.968461275100708008e+00,-1.083779692649841309e+00,7.114266157150268555e-01,4.171111807227134705e-02,6.042586266994476318e-02,-2.258980125188827515e-01,9.713799357414245605e-01,0.000000000000000000e+00,0.000000000000000000e+00,2.864928357303142548e-02,-1.153199791908264160e+00,-2.214712351560592651e-01,-3.406521379947662354e-01,-2.009458541870117188e-01,7.622907757759094238e-01,4.198323190212249756e-01,1.921181201934814453e+00,-1.979406774044036865e-01,-2.787306010723114014e-01,-1.192917078733444214e-01,-1.202401667833328247e-01,9.984595328569412231e-02,-1.420560032129287720e-01,1.215472593903541565e-01,-3.217733502388000488e-01,-1.138141029514372349e-03,1.656219363212585449e-01,4.661619961261749268e-01,1.813097596168518066e-01,1.199132353067398071e-01
1.976171255111694336e+00,-1.084963202476501465e+00,7.126057744026184082e-01,3.855373337864875793e-02,6.395713984966278076e-02,-2.294335514307022095e-01,9.704552292823791504e-01,0.000000000000000000e+00,0.000000000000000000e+00,9.323727339506149292e-03,-1.176939249038696289e+00,-1.681101620197296143e-01,-3.652687072753906250e-01,-2.048575431108474731e-01,8.179690837860107422e-01,5.015463232994079590e-01,1.849490284919738770e+00,-1.653741300106048584e-01,-2.605382800102233887e-01,-1.198657304048538208e-01,-1.384645104408264160e-01,7.853262871503829956e-02,-1.434293240308761597e-01,1.198664531111717224e-01,-3.620109856128692627e-01,-3.340546027175150812e-05,1.401843726634979248e-01,4.858871102333068848e-01,1.738523393869400024e-01,1.201070621609687805e-01
1.983714818954467773e+00,-1.086638569831848145e+00,7.135836482048034668e-01,3.640010952949523926e-02,6.906412541866302490e-02,-2.305964678525924683e-01,9.699125885963439941e-01,0.000000000000000000e+00,0.000000000000000000e+00,-9.320721961557865143e-03,-1.196287512779235840e+00,-1.223957613110542297e-01,-3.904563486576080322e-01,-2.090485990047454834e-01,8.743816018104553223e-01,5.822604894638061523e-01,1.757869362831115723e+00,-1.320181638002395630e-01,-2.437722682952880859e-01,-1.202054545283317566e-01,-1.582020223140716553e-01,5.133528262376785278e-02,-1.488544940948486328e-01,1.163779720664024353e-01,-4.104682505130767822e-01,2.422776771709322929e-03,1.158685162663459778e-01,5.081364512443542480e-01,1.616283506155014038e-01,1.237166449427604675e-01
1.991285204887390137e+00,-1.088213086128234863e+00,7.145612239837646484e-01,3.351991251111030579e-02,7.660839706659317017e-02,-2.311781197786331177e-01,9.693112373352050781e-01,0.000000000000000000e+00,0.000000000000000000e+00,-2.531576901674270630e-02,-1.213397860527038574e+00,-8.710153400897979736e-02,-4.114946126937866211e-01,-2.176324725151062012e-01,9.226754903793334961e-01,6.618127226829528809e-01,1.653327345848083496e+00,-1.005929857492446899e-01,-2.360430657863616943e-01,-1.171566620469093323e-01,-1.798935681581497192e-01,3.127583861351013184e-02,-1.528396755456924438e-01,1.158364936709403992e-01,-4.555554687976837158e-01,3.277402836829423904e-03,9.985788911581039429e-02,5.145316720008850098e-01,1.535852253437042236e-01,1.260579228401184082e-01
1.997075557708740234e+00,-1.089014530181884766e+00,7.148849964141845703e-01,3.039631061255931854e-02,7.875015586614608765e-02,-2.340986579656600952e-01,9.685413241386413574e-01,0.000000000000000000e+00,0.000000000000000000e+00,-3.963683173060417175e-02,-1.225563883781433105e+00,-5.427980422973632812e-02,-4.265941083431243896e-01,-2.270423173904418945e-01,9.692780971527099609e-01,7.295147180557250977e-01,1.545019865036010742e+00,-7.019947469234466553e-02,-2.249094545841217041e-01,-1.166614815592765808e-01,-1.974950581789016724e-01,2.139497175812721252e-02,-1.547070741653442383e-01,1.137629896402359009e-01,-4.893471598625183105e-01,1.113005797378718853e-03,8.658095449209213257e-02,5.078924298286437988e-01,1.370601356029510498e-01,1.286301463842391968e-01
2.001549005508422852e+00,-1.090016007423400879e+00,7.146133184432983398e-01,2.914280258119106293e-02,7.917921245098114014e-02,-2.358913719654083252e-01,9.681097865104675293e-01,0.000000000000000000e+00,0.000000000000000000e+00,-5.491148680448532104e-02,-1.235227227210998535e+00,-2.612729929387569427e-02,-4.456826448440551758e-01,-2.342212796211242676e-01,1.009670615196228027e+00,7.887287735939025879e-01,1.438108444213867188e+00,-4.333099722862243652e-02,-2.154649943113327026e-01,-1.200761348009109497e-01,-2.147015035152435303e-01,1.580109074711799622e-02,-1.595122814178466797e-01,1.079709604382514954e-01,-5.226632356643676758e-01,-5.125164170749485493e-04,7.330627739429473877e-02,4.925916194915771484e-01,1.147918105125427246e-01,1.307618170976638794e-01
2.005904436111450195e+00,-1.091121554374694824e+00,7.147022485733032227e-01,2.806868962943553925e-02,8.348418027162551880e-02,-2.362618297338485718e-01,9.676894545555114746e-01,0.000000000000000000e+00,0.000000000000000000e+00,-6.760611385107040405e-02,-1.238979578018188477e+00,3.393229097127914429e-03,-4.654802083969116211e-01,-2.319301366806030273e-01,1.043708920478820801e+00,8.234261274337768555e-01,1.335153341293334961e+00,-2.433294057846069336e-02,-2.161474078893661499e-01,-1.199932619929313660e-01,-2.232724577188491821e-01,1.310845836997032166e-02,-1.657916009426116943e-01,9.931968897581100464e-02,-5.553128123283386230e-01,-5.190797615796327591e-03,6.374382227659225464e-02,4.923726916313171387e-01,1.057327613234519958e-01,1.309794783592224121e-01
2.004905223846435547e+00,-1.090427517890930176e+00,7.137876152992248535e-01,2.743317931890487671e-02,7.852224260568618774e-02,-2.389159351587295532e-01,9.674713611602783203e-01,0.000000000000000000e+00,0.000000000000000000e+00,-6.243333220481872559e-02,-1.238422274589538574e+00,-3.057260299101471901e-03,-4.409512877464294434e-01,-2.218477576971054077e-01,1.056497097015380859e+00,7.951925396919250488e-01,1.243845224380493164e+00,-1.622278243303298950e-02,-2.109561860561370850e-01,-1.190386861562728882e-01,-2.131505757570266724e-01,1.461277808994054794e-02,-1.503378152847290039e-01,9.722869843244552612e-02,-5.263131260871887207e-01,-6.106479559093713760e-03,5.657507851719856262e-02,4.605114161968231201e-01,1.037073582410812378e-01,1.218674406409263611e-01
2.003653526306152344e+00,-1.089666962623596191e+00,7.128059267997741699e-01,2.641835995018482208e-02,7.237426191568374634e-02,-2.407680004835128784e-01,9.675199389457702637e-01,0.000000000000000000e+00,0.000000000000000000e+00,-5.583323910832405090e-02,-1.238001704216003418e+00,-6.351234391331672668e-03,-4.132322072982788086e-01,-2.032079249620437622e-01,1.066910982131958008e+00,7.540881633758544922e-01,1.157567977905273438e+00,-1.215220056474208832e-02,-2.014316469430923462e-01,-1.168399453163146973e-01,-2.009344547986984253e-01,1.336057297885417938e-02,-1.342172175645828247e-01,9.502549469470977783e-02,-4.925916194915771484e-01,-5.674445070326328278e-03,5.117555707693099976e-02,4.240304529666900635e-01,1.046278700232505798e-01,1.125235557556152344e-01
2.002394437789916992e+00,-1.088913083076477051e+00,7.118166089057922363e-01,2.538929320871829987e-02,6.617619097232818604e-02,-2.424204796552658081e-01,9.675786495208740234e-01,0.000000000000000000e+00,0.000000000000000000e+00,-4.930787533521652222e-02,-1.237885355949401855e+00,-8.600839413702487946e-03,-3.851824104785919189e-01,-1.825706511735916138e-01,1.076043844223022461e+00,7.078475356101989746e-01,1.075272679328918457e+00,-9.410452097654342651e-03,-1.915993392467498779e-01,-1.143361330032348633e-01,-1.877484172582626343e-01,1.197937969118356705e-02,-1.182592883706092834e-01,9.267214685678482056e-02,-4.593091607093811035e-01,-4.797157831490039825e-03,4.656694456934928894e-02,3.882795870304107666e-01,1.054947227239608765e-01,1.030671745538711548e-01
2.001441001892089844e+00,-1.088250279426574707e+00,7.109342217445373535e-01,2.480016276240348816e-02,6.133241206407546997e-02,-2.446662634611129761e-01,9.673477411270141602e-01,0.000000000000000000e+00,0.000000000000000000e+00,-4.609229415655136108e-02,-1.238055586814880371e+00,-1.398789230734109879e-02,-3.571986258029937744e-01,-1.644794046878814697e-01,1.082453489303588867e+00,6.620770096778869629e-01,1.000797867774963379e+00,-5.475879646837711334e-03,-1.857515573501586914e-01,-1.122248768806457520e-01,-1.741497814655303955e-01,1.256940513849258423e-02,-1.031068116426467896e-01,9.017559140920639038e-02,-4.322026669979095459e-01,-4.063500557094812393e-03,4.227008298039436340e-02,3.584196865558624268e-01,1.035985872149467468e-01,9.363891929388046265e-02
2.000203609466552734e+00,-1.087454915046691895e+00,7.099469304084777832e-01,2.355470508337020874e-02,5.513899773359298706e-02,-2.461788952350616455e-01,9.673680067062377930e-01,0.000000000000000000e+00,0.000000000000000000e+00,-3.958582878112792969e-02,-1.238175630569458008e+00,-1.532867923378944397e-02,-3.284677863121032715e-01,-1.441150307655334473e-01,1.092757344245910645e+00,6.114706397056579590e-01,9.198523759841918945e-01,-3.505141241475939751e-03,-1.757623404264450073e-01,-1.090712621808052063e-01,-1.604276746511459351e-01,1.141038350760936737e-02,-8.746673166751861572e-02,8.746092021465301514e-02,-4.002418518066406250e-01,-2.700723474845290184e-03,3.785061836242675781e-02,3.252637684345245361e-01,1.033366248011589050e-01,8.388004451990127563e-02
1.998975634574890137e+00,-1.086624026298522949e+00,7.089620828628540039e-01,2.211573347449302673e-02,4.893636703491210938e-02,-2.475963681936264038e-01,9.673738479614257812e-01,0.000000000000000000e+00,0.000000000000000000e+00,-3.271377459168434143e-02,-1.238242506980895996e+00,-1.596377976238727570e-02,-3.000462949275970459e-01,-1.249808073043823242e-01,1.104372620582580566e+00,5.596147775650024414e-01,8.376266956329345703e-01,-2.019326435402035713e-03,-1.654762327671051025e-01,-1.054157242178916931e-01,-1.464198976755142212e-01,1.007920596748590469e-02,-7.183590531349182129e-02,8.455360680818557739e-02,-3.684447407722473145e-01,-9.628065163269639015e-04,3.356865793466567993e-02,2.925746142864227295e-01,1.030276566743850708e-01,7.398386299610137939e-02
1.997772336006164551e+00,-1.085765957832336426e+00,7.079865932464599609e-01,2.052811533212661743e-02,4.279363155364990234e-02,-2.489697039127349854e-01,9.673476219177246094e-01,0.000000000000000000e+00,0.000000000000000000e+00,-2.574366331100463867e-02,-1.238327026367187500e+00,-1.626868732273578644e-02,-2.717229127883911133e-01,-1.069970428943634033e-01,1.116731047630310059e+00,5.067369341850280762e-01,7.548331618309020996e-01,-7.999808876775205135e-04,-1.551622301340103149e-01,-1.013694107532501221e-01,-1.322142630815505981e-01,8.766481652855873108e-03,-5.628488957881927490e-02,8.145441859960556030e-02,-3.372229337692260742e-01,1.037933980114758015e-03,2.936878055334091187e-02,2.608541250228881836e-01,1.023571118712425232e-01,6.395487487316131592e-02
1.996670722961425781e+00,-1.084924578666687012e+00,7.070646286010742188e-01,1.890011318027973175e-02,3.716366365551948547e-02,-2.503026127815246582e-01,9.672694802284240723e-01,0.000000000000000000e+00,0.000000000000000000e+00,-2.462545409798622131e-02,-1.238476037979125977e+00,-1.459990721195936203e-02,-2.350585460662841797e-01,-9.453359246253967285e-02,1.131383419036865234e+00,4.550072252750396729e-01,6.655121445655822754e-01,-6.961048347875475883e-04,-1.461363434791564941e-01,-9.684079140424728394e-02,-1.168342679738998413e-01,8.234540931880474091e-03,-4.134077951312065125e-02,7.814785093069076538e-02,-3.093227446079254150e-01,3.631228581070899963e-03,2.616613358259201050e-02,2.330993711948394775e-01,9.967867285013198853e-02,5.376328900456428528e-02
1.997228741645812988e+00,-1.084284782409667969e+00,7.070539593696594238e-01,1.851527392864227295e-02,3.897216171026229858e-02,-2.550320625305175781e-01,9.659694433212280273e-01,0.000000000000000000e+00,0.000000000000000000e+00,-4.568883776664733887e-02,-1.229149341583251953e+00,-2.576358243823051453e-02,-1.931267976760864258e-01,-9.956219792366027832e-02,1.136387944221496582e+00,4.134537279605865479e-01,5.926952362060546875e-01,4.900783766061067581e-03,-1.545536071062088013e-01,-9.057684242725372314e-02,-9.867960959672927856e-02,1.101060211658477783e-02,-2.900997735559940338e-02,7.429917901754379272e-02,-3.132655024528503418e-01,8.384162560105323792e-03,2.552196197211742401e-02,2.342382371425628662e-01,8.234718441963195801e-02,4.339193180203437805e-02
1.995905280113220215e+00,-1.083293199539184570e+00,7.060619592666625977e-01,1.611445657908916473e-02,3.216943889856338501e-02,-2.557159066200256348e-01,9.660822153091430664e-01,0.000000000000000000e+00,0.000000000000000000e+00,-3.526670858263969421e-02,-1.229160547256469727e+00,-2.312877029180526733e-02,-1.673820614814758301e-01,-8.102878183126449585e-02,1.150037646293640137e+00,3.558224141597747803e-01,5.090951919555664062e-01,4.874467849731445312e-03,-1.424316614866256714e-01,-8.524514734745025635e-02,-8.491960167884826660e-02,9.943238459527492523e-03,-1.352557539939880371e-02,7.078211754560470581e-02,-2.786462306976318359e-01,1.097604446113109589e-02,2.061718888580799103e-02,1.996562033891677856e-01,8.354283124208450317e-02,3.284017369151115417e-02
1.994611382484436035e+00,-1.082289099693298340e+00,7.050783038139343262e-01,1.359922718256711960e-02,2.545250393450260162e-02,-2.563524544239044189e-01,9.661524891853332520e-01,0.000000000000000000e+00,0.000000000000000000e+00,-2.553554810583591461e-02,-1.229174971580505371e+00,-2.012164145708084106e-02,-1.405539661645889282e-01,-6.401713192462921143e-02,1.163753271102905273e+00,2.972040772438049316e-01,4.236673712730407715e-01,4.504352807998657227e-03,-1.300895661115646362e-01,-7.956480979919433594e-02,-7.084902375936508179e-02,8.435101248323917389e-03,2.089133486151695251e-03,6.700862199068069458e-02,-2.445490360260009766e-01,1.378387119621038437e-02,1.601339504122734070e-02,1.657909154891967773e-01,8.444765210151672363e-02,2.215285785496234894e-02
1.993347644805908203e+00,-1.081269741058349609e+00,7.041050195693969727e-01,1.098843012005090714e-02,1.880915462970733643e-02,-2.569918036460876465e-01,9.661680459976196289e-01,0.000000000000000000e+00,0.000000000000000000e+00,-1.587213389575481415e-02,-1.229315757751464844e+00,-1.695179939270019531e-02,-1.136848852038383484e-01,-4.740079864859580994e-02,1.176836609840393066e+00,2.379783540964126587e-01,3.386187553405761719e-01,4.181066062301397324e-03,-1.177766472101211548e-01,-7.366421073675155640e-02,-5.676075816154479980e-02,6.947299465537071228e-03,1.762421242892742157e-02,6.303491443395614624e-02,-2.107900828123092651e-01,1.666227169334888458e-02,1.143469847738742828e-02,1.324343532323837280e-01,8.516667783260345459e-02,1.138710416853427887e-02
1.992113709449768066e+00,-1.080235004425048828e+00,7.031438350677490234e-01,8.277358487248420715e-03,1.223375368863344193e-02,-2.576324641704559326e-01,9.661300778388977051e-01,0.000000000000000000e+00,0.000000000000000000e+00,-6.204992998391389847e-03,-1.229574680328369141e+00,-1.365589629858732224e-02,-8.687101304531097412e-02,-3.084742836654186249e-02,1.189152479171752930e+00,1.782016009092330933e-01,2.542324066162109375e-01,3.961293958127498627e-03,-1.054944396018981934e-01,-6.754387170076370239e-02,-4.271911457180976868e-02,5.504691507667303085e-03,3.307297825813293457e-02,5.885996297001838684e-02,-1.772468537092208862e-01,1.960415579378604889e-02,6.825343240052461624e-03,9.941344708204269409e-02,8.575482666492462158e-02,5.430299788713455200e-04
1.990909337997436523e+00,-1.079184651374816895e+00,7.021958827972412109e-01,5.460852291435003281e-03,5.722447298467159271e-03,-2.582720816135406494e-01,9.660398364067077637e-01,0.000000000000000000e+00,0.000000000000000000e+00,3.479785751551389694e-03,-1.229944229125976562e+00,-1.023534778505563736e-02,-6.011850386857986450e-02,-1.416225917637348175e-02,1.200667500495910645e+00,1.180225312709808350e-01,1.705563515424728394e-01,3.874141024425625801e-03,-9.323322772979736328e-02,-6.119564175605773926e-02,-2.876165509223937988e-02,4.106419160962104797e-03,4.843942075967788696e-02,5.448229610919952393e-02,-1.437862664461135864e-01,2.261727489531040192e-02,2.159549389034509659e-03,6.651946157217025757e-02,8.628794550895690918e-02,-1.037878543138504028e-02
1.989734292030334473e+00,-1.078119158744812012e+00,7.012614011764526367e-01,2.535109175369143486e-03,-7.291456568054854870e-04,-2.589075863361358643e-01,9.658985137939453125e-01,0.000000000000000000e+00,0.000000000000000000e+00,1.319413539022207260e-02,-1.230420708656311035e+00,-6.686076521873474121e-03,-3.342972695827484131e-02,2.833419246599078178e-03,1.211387753486633301e+00,5.760376900434494019e-02,8.760381489992141724e-02,3.947859629988670349e-03,-8.098247647285461426e-02,-5.461433529853820801e-02,-1.492548454552888870e-02,2.750156912952661514e-03,6.372758001089096069e-02,4.990227520465850830e-02,-1.102573424577713013e-01,2.571305073797702789e-02,-2.585065085440874100e-03,3.351084887981414795e-02,8.685774356126785278e-02,-2.137705124914646149e-02
1.988587975502014160e+00,-1.077038884162902832e+00,7.003398537635803223e-01,-5.010251188650727272e-04,-7.126552052795886993e-03,-2.595349550247192383e-01,9.657073020935058594e-01,0.000000000000000000e+00,0.000000000000000000e+00,2.295451238751411438e-02,-1.231005072593688965e+00,-3.002139274030923843e-03,-6.812991108745336533e-03,2.032052911818027496e-02,1.221348285675048828e+00,-2.893174765631556511e-03,5.387234035879373550e-03,4.210383165627717972e-03,-6.873148679733276367e-02,-4.779870808124542236e-02,-1.248715794645249844e-03,1.431788899935781956e-03,7.894299924373626709e-02,4.512020200490951538e-02,-7.649778574705123901e-02,2.890451997518539429e-02,-7.429202087223529816e-03,1.263707235921174288e-04,8.756674826145172119e-02,-3.244997560977935791e-02
1.988585114479064941e+00,-1.077040553092956543e+00,7.003393173217773438e-01,-4.998389049433171749e-04,-7.125151343643665314e-03,-2.595148980617523193e-01,9.657126665115356445e-01,0.000000000000000000e+00,0.000000000000000000e+00,2.266868390142917633e-02,-1.231003403663635254e+00,-2.809515222907066345e-03,-6.348445080220699310e-03,1.967165246605873108e-02,1.221337318420410156e+00,-2.851922065019607544e-03,4.177020397037267685e-03,4.106239881366491318e-03,-6.864749640226364136e-02,-4.779527336359024048e-02,-1.182834850624203682e-03,1.278528245165944099e-03,7.904981076717376709e-02,4.511919617652893066e-02,-7.645598798990249634e-02,2.890844084322452545e-02,-7.361334282904863358e-03,1.954514664248563349e-05,8.767787367105484009e-02,-3.246414661407470703e-02
1.988585233688354492e+00,-1.077040553092956543e+00,7.003393769264221191e-01,-4.997065989300608635e-04,-7.124718278646469116e-03,-2.595148384571075439e-01,9.657127261161804199e-01,0.000000000000000000e+00,0.000000000000000000e+00,2.265786565840244293e-02,-1.231003284454345703e+00,-2.802931237965822220e-03,-6.332296412438154221e-03,1.964788697659969330e-02,1.221337080001831055e+00,-2.838983433321118355e-03,4.139351192861795425e-03,4.102760460227727890e-03,-6.864760816097259521e-02,-4.779505357146263123e-02,-1.179243205115199089e-03,1.277664443477988243e-03,7.904981076717376709e-02,4.511922597885131836e-02,-7.645747065544128418e-02,2.890868298709392548e-02,-7.357733789831399918e-03,1.947556302184239030e-05,8.767897635698318481e-02,-3.246413171291351318e-02
1.988585233688354492e+00,-1.077040553092956543e+00,7.003393769264221191e-01,-4.997011274099349976e-04,-7.124701049178838730e-03,-2.595148384571075439e-01,9.657127261161804199e-01,0.000000000000000000e+00,0.000000000000000000e+00,2.265747450292110443e-02,-1.231003284454345703e+00,-2.802700968459248543e-03,-6.331716664135456085e-03,1.964704692363739014e-02,1.221337080001831055e+00,-2.838472137227654457e-03,4.138047806918621063e-03,4.102606792002916336e-03,-6.864762306213378906e-02,-4.779504239559173584e-02,-1.179076614789664745e-03,1.277659903280436993e-03,7.904978096485137939e-02,4.511922597885131836e-02,-7.645753026008605957e-02,2.890869416296482086e-02,-7.357567083090543747e-03,1.947518103406764567e-05,8.767900615930557251e-02,-3.246413171291351318e-02
1.988585233688354492e+00,-1.077040553092956543e+00,7.003393769264221191e-01,-4.997012438252568245e-04,-7.124701049178838730e-03,-2.595148384571075439e-01,9.657127261161804199e-01,0.000000000000000000e+00,0.000000000000000000e+00,2.265746146440505981e-02,-1.231003284454345703e+00,-2.802692353725433350e-03,-6.331695243716239929e-03,1.964701898396015167e-02,1.221337080001831055e+00,-2.838453976437449455e-03,4.138001706451177597e-03,4.102599341422319412e-03,-6.864762306213378906e-02,-4.779504239559173584e-02,-1.179068931378424168e-03,1.277660252526402473e-03,7.904978096485137939e-02,4.511922597885131836e-02,-7.645753026008605957e-02,2.890869602560997009e-02,-7.357559632509946823e-03,1.947516830114182085e-05,8.767901360988616943e-02,-3.246413171291351318e-02
1.988585233688354492e+00,-1.077040553092956543e+00,7.003393769264221191e-01,-4.997010109946131706e-04,-7.124700583517551422e-03,-2.595148384571075439e-01,9.657127261161804199e-01,0.000000000000000000e+00,0.000000000000000000e+00,2.265746146440505981e-02,-1.231003284454345703e+00,-2.802692353725433350e-03,-6.331694778054952621e-03,1.964701712131500244e-02,1.221337080001831055e+00,-2.838453277945518494e-03,4.138000309467315674e-03,4.102599341422319412e-03,-6.864762306213378906e-02,-4.779504239559173584e-02,-1.179068582132458687e-03,1.277660019695758820e-03,7.904978096485137939e-02,4.511922597885131836e-02,-7.645753026008605957e-02,2.890869602560997009e-02,-7.357559166848659515e-03,1.947516648215241730e-05,8.767901360988616943e-02,-3.246413171291351318e-02
1.988585233688354492e+00,-1.077040553092956543e+00,7.003393769264221191e-01,-4.997010109946131706e-04,-7.124700583517551422e-03,-2.595148384571075439e-01,9.657127261161804199e-01,0.000000000000000000e+00,0.000000000000000000e+00,2.265746146440505981e-02,-1.231003284454345703e+00,-2.802692353725433350e-03,-6.331694778054952621e-03,1.964701712131500244e-02,1.221337080001831055e+00,-2.838453277945518494e-03,4.138000309467315674e-03,4.102599341422319412e-03,-6.864762306213378906e-02,-4.779504239559173584e-02,-1.179068582132458687e-03,1.277660019695758820e-03,7.904978096485137939e-02,4.511922597885131836e-02,-7.645753026008605957e-02,2.890869602560997009e-02,-7.357559166848659515e-03,1.947516648215241730e-05,8.767901360988616943e-02,-3.246413171291351318e-02
1.988585233688354492e+00,-1.077040553092956543e+00,7.003393769264221191e-01,-4.997010692022740841e-04,-7.124700583517551422e-03,-2.595148384571075439e-01,9.657127261161804199e-01,0.000000000000000000e+00,0.000000000000000000e+00,2.265746146440505981e-02,-1.231003284454345703e+00,-2.802692353725433350e-03,-6.331694778054952621e-03,1.964701712131500244e-02,1.221337080001831055e+00,-2.838453277945518494e-03,4.138000309467315674e-03,4.102599341422319412e-03,-6.864762306213378906e-02,-4.779504239559173584e-02,-1.179068582132458687e-03,1.277660019695758820e-03,7.904978096485137939e-02,4.511922597885131836e-02,-7.645753026008605957e-02,2.890869602560997009e-02,-7.357559166848659515e-03,1.947516648215241730e-05,8.767901360988616943e-02,-3.246413171291351318e-02
1.988585233688354492e+00,-1.077040553092956543e+00,7.003393769264221191e-01,-4.997010109946131706e-04,-7.124700583517551422e-03,-2.595148384571075439e-01,9.657127261161804199e-01,0.000000000000000000e+00,0.000000000000000000e+00,2.265746146440505981e-02,-1.231003284454345703e+00,-2.802692353725433350e-03,-6.331694778054952621e-03,1.964701712131500244e-02,1.221337080001831055e+00,-2.838453277945518494e-03,4.138000309467315674e-03,4.102599341422319412e-03,-6.864762306213378906e-02,-4.779504239559173584e-02,-1.179068582132458687e-03,1.277660019695758820e-03,7.904978096485137939e-02,4.511922597885131836e-02,-7.645753026008605957e-02,2.890869602560997009e-02,-7.357559166848659515e-03,1.947516648215241730e-05,8.767901360988616943e-02,-3.246413171291351318e-02
1.988585233688354492e+00,-1.077040553092956543e+00,7.003393769264221191e-01,-4.997010692022740841e-04,-7.124700583517551422e-03,-2.595148384571075439e-01,9.657127261161804199e-01,0.000000000000000000e+00,0.000000000000000000e+00,2.265746146440505981e-02,-1.231003284454345703e+00,-2.802692353725433350e-03,-6.331694778054952621e-03,1.964701712131500244e-02,1.221337080001831055e+00,-2.838453277945518494e-03,4.138000309467315674e-03,4.102599341422319412e-03,-6.864762306213378906e-02,-4.779504239559173584e-02,-1.179068582132458687e-03,1.277660019695758820e-03,7.904978096485137939e-02,4.511922597885131836e-02,-7.645753026008605957e-02,2.890869602560997009e-02,-7.357559166848659515e-03,1.947516648215241730e-05,8.767901360988616943e-02,-3.246413171291351318e-02
1.988585233688354492e+00,-1.077040553092956543e+00,7.003393769264221191e-01,-4.997010109946131706e-04,-7.124700583517551422e-03,-2.595148384571075439e-01,9.657127261161804199e-01,0.000000000000000000e+00,0.000000000000000000e+00,2.265746146440505981e-02,-1.231003284454345703e+00,-2.802692353725433350e-03,-6.331694778054952621e-03,1.964701712131500244e-02,1.221337080001831055e+00,-2.838453277945518494e-03,4.138000309467315674e-03,4.102599341422319412e-03,-6.864762306213378906e-02,-4.779504239559173584e-02,-1.179068582132458687e-03,1.277660019695758820e-03,7.904978096485137939e-02,4.511922597885131836e-02,-7.645753026008605957e-02,2.890869602560997009e-02,-7.357559166848659515e-03,1.947516648215241730e-05,8.767901360988616943e-02,-3.246413171291351318e-02
1.988585233688354492e+00,-1.077040553092956543e+00,7.003393769264221191e-01,-4.997010109946131706e-04,-7.124700583517551422e-03,-2.595148384571075439e-01,9.657127261161804199e-01,0.000000000000000000e+00,0.000000000000000000e+00,2.265746146440505981e-02,-1.231003284454345703e+00,-2.802692353725433350e-03,-6.331694778054952621e-03,1.964701712131500244e-02,1.221337080001831055e+00,-2.838453277945518494e-03,4.138000309467315674e-03,4.102599341422319412e-03,-6.864762306213378906e-02,-4.779504239559173584e-02,-1.179068582132458687e-03,1.277660019695758820e-03,7.904978096485137939e-02,4.511922597885131836e-02,-7.645753026008605957e-02,2.890869602560997009e-02,-7.357559166848659515e-03,1.947516648215241730e-05,8.767901360988616943e-02,-3.246413171291351318e-02
1.988585233688354492e+00,-1.077040553092956543e+00,7.003393769264221191e-01,-4.997010692022740841e-04,-7.124700583517551422e-03,-2.595148384571075439e-01,9.657127261161804199e-01,0.000000000000000000e+00,0.000000000000000000e+00,2.265746146440505981e-02,-1.231003284454345703e+00,-2.802692353725433350e-03,-6.331694778054952621e-03,1.964701712131500244e-02,1.221337080001831055e+00,-2.838453277945518494e-03,4.138000309467315674e-03,4.102599341422319412e-03,-6.864762306213378906e-02,-4.779504239559173584e-02,-1.179068582132458687e-03,1.277660019695758820e-03,7.904978096485137939e-02,4.511922597885131836e-02,-7.645753026008605957e-02,2.890869602560997009e-02,-7.357559166848659515e-03,1.947516648215241730e-05,8.767901360988616943e-02,-3.246413171291351318e-02
1.988585233688354492e+00,-1.077040553092956543e+00,7.003393769264221191e-01,-4.997010109946131706e-04,-7.124700583517551422e-03,-2.595148384571075439e-01,9.657127261161804199e-01,0.000000000000000000e+00,0.000000000000000000e+00,2.265746146440505981e-02,-1.231003284454345703e+00,-2.802692353725433350e-03,-6.331694778054952621e-03,1.964701712131500244e-02,1.221337080001831055e+00,-2.838453277945518494e-03,4.138000309467315674e-03,4.102599341422319412e-03,-6.864762306213378906e-02,-4.779504239559173584e-02,-1.179068582132458687e-03,1.277660019695758820e-03,7.904978096485137939e-02,4.511922597885131836e-02,-7.645753026008605957e-02,2.890869602560997009e-02,-7.357559166848659515e-03,1.947516648215241730e-05,8.767901360988616943e-02,-3.246413171291351318e-02
1.988585233688354492e+00,-1.077040553092956543e+00,7.003393769264221191e-01,-4.997897194698452950e-04,-7.124676834791898727e-03,-2.595148384571075439e-01,9.657127261161804199e-01,0.000000000000000000e+00,0.000000000000000000e+00,2.265745773911476135e-02,-1.231003046035766602e+00,-2.802692586556077003e-03,-6.331689190119504929e-03,1.964701339602470398e-02,1.221337199211120605e+00,-2.838450251147150993e-03,4.137998912483453751e-03,4.102571401745080948e-03,-6.864764541387557983e-02,-4.779484122991561890e-02,-1.179053564555943012e-03,1.277730567380785942e-03,7.904973626136779785e-02,4.511921480298042297e-02,-7.645753771066665649e-02,2.890889160335063934e-02,-7.357545662671327591e-03,1.947396413015667349e-05,8.767901360988616943e-02,-3.246413916349411011e-02
