2.364806458353996277e-02,3.973687440156936646e-02,5.517126321792602539e-01,-4.345787223428487778e-03,-3.337561385706067085e-03,-8.786798715591430664e-01,4.773800075054168701e-01,0.000000000000000000e+00,0.000000000000000000e+00,1.207934040576219559e-02,-1.237787365913391113e+00,-9.916347917169332504e-04,-2.113871974870562553e-03,9.662318043410778046e-03,1.231535077095031738e+00,-9.551206021569669247e-04,1.191002593259327114e-04,1.040935050696134567e-03,-5.017185956239700317e-02,-8.242176473140716553e-02,3.081408096477389336e-03,1.691485090997435232e-19,5.491177365183830261e-02,7.386811077594757080e-02,-5.859514698386192322e-02,6.602994352579116821e-02,-5.890954751521348953e-03,5.628390277716971424e-14,6.247857213020324707e-02,-6.209585443139076233e-02
2.365880645811557770e-02,3.974826633930206299e-02,5.517121553421020508e-01,-4.300080705434083939e-03,-3.320603631436824799e-03,-8.786860108375549316e-01,4.773691892623901367e-01,0.000000000000000000e+00,0.000000000000000000e+00,1.181432791054248810e-02,-1.238145232200622559e+00,-1.047198544256389141e-03,-1.703883404843509197e-03,9.832341223955154419e-03,1.231858015060424805e+00,-1.025524456053972244e-03,4.703523300122469664e-04,1.150520867668092251e-03,-5.048857629299163818e-02,-8.261892199516296387e-02,3.040172159671783447e-03,2.351317139463634772e-18,5.563704669475555420e-02,7.460879534482955933e-02,-5.890301614999771118e-02,6.614172458648681641e-02,-6.028035655617713928e-03,-2.444325327539097203e-18,6.323491036891937256e-02,-6.268633902072906494e-02
2.365900762379169464e-02,3.974850475788116455e-02,5.517121553421020508e-01,-4.299022257328033447e-03,-3.320112125948071480e-03,-8.786860704421997070e-01,4.773691892623901367e-01,0.000000000000000000e+00,0.000000000000000000e+00,1.179716829210519791e-02,-1.238146305084228516e+00,-1.039206283167004585e-03,-1.677886699326336384e-03,9.844832122325897217e-03,1.231858849525451660e+00,-1.033842330798506737e-03,4.931503208354115486e-04,1.160239218734204769e-03,-5.049683153629302979e-02,-8.262266963720321655e-02,3.031011437997221947e-03,1.560506004083338618e-18,5.565499514341354370e-02,7.462152838706970215e-02,-5.890862643718719482e-02,6.614308059215545654e-02,-6.039006169885396957e-03,1.182034477893376123e-18,6.324893236160278320e-02,-6.269593536853790283e-02
2.365901134908199310e-02,3.974851220846176147e-02,5.517121553421020508e-01,-4.298998042941093445e-03,-3.320095827803015709e-03,-8.786860108375549316e-01,4.773691892623901367e-01,0.000000000000000000e+00,0.000000000000000000e+00,1.179600320756435394e-02,-1.238146305084228516e+00,-1.038491376675665379e-03,-1.676067360676825047e-03,9.845755062997341156e-03,1.231858849525451660e+00,-1.034462242387235165e-03,4.946968983858823776e-04,1.161331310868263245e-03,-5.049714446067810059e-02,-8.262277394533157349e-02,3.029881278052926064e-03,7.817650882014162434e-19,5.565562099218368530e-02,7.462173700332641602e-02,-5.890861526131629944e-02,6.614305078983306885e-02,-6.040172651410102844e-03,-3.170656079809659744e-18,6.324899941682815552e-02,-6.269609928131103516e-02
2.365901134908199310e-02,3.974851220846176147e-02,5.517121553421020508e-01,-4.298998042941093445e-03,-3.320095129311084747e-03,-8.786860108375549316e-01,4.773691892623901367e-01,0.000000000000000000e+00,0.000000000000000000e+00,1.179592218250036240e-02,-1.238146305084228516e+00,-1.038439455442130566e-03,-1.675938488915562630e-03,9.845821186900138855e-03,1.231858849525451660e+00,-1.034505432471632957e-03,4.948044079355895519e-04,1.161457621492445469e-03,-5.049716308712959290e-02,-8.262278139591217041e-02,3.029750427231192589e-03,2.622261803466604093e-18,5.565566197037696838e-02,7.462174445390701294e-02,-5.890860036015510559e-02,6.614304333925247192e-02,-6.040304433554410934e-03,-9.200895389549837433e-19,6.324897706508636475e-02,-6.269610673189163208e-02
2.365901134908199310e-02,3.974851220846176147e-02,5.517121553421020508e-01,-4.298998042941093445e-03,-3.320095129311084747e-03,-8.786860108375549316e-01,4.773691892623901367e-01,0.000000000000000000e+00,0.000000000000000000e+00,1.179591659456491470e-02,-1.238146305084228516e+00,-1.038435962982475758e-03,-1.675929524935781956e-03,9.845825843513011932e-03,1.231858849525451660e+00,-1.034508342854678631e-03,4.948120331391692162e-04,1.161472173407673836e-03,-5.049716681241989136e-02,-8.262278139591217041e-02,3.029735293239355087e-03,4.312516049712560419e-18,5.565566569566726685e-02,7.462174445390701294e-02,-5.890859663486480713e-02,6.614304333925247192e-02,-6.040319334715604782e-03,5.279344601999240438e-18,6.324897706508636475e-02,-6.269610673189163208e-02
2.365901134908199310e-02,3.974851220846176147e-02,5.517121553421020508e-01,-4.298998508602380753e-03,-3.320095129311084747e-03,-8.786860108375549316e-01,4.773691892623901367e-01,0.000000000000000000e+00,0.000000000000000000e+00,1.179591659456491470e-02,-1.238146305084228516e+00,-1.038435730151832104e-03,-1.675928710028529167e-03,9.845825843513011932e-03,1.231858849525451660e+00,-1.034508575685322285e-03,4.948124405927956104e-04,1.161473803222179413e-03,-5.049716681241989136e-02,-8.262278139591217041e-02,3.029733663424849510e-03,5.596300360394859371e-18,5.565566569566726685e-02,7.462174445390701294e-02,-5.890859663486480713e-02,6.614304333925247192e-02,-6.040321197360754013e-03,-2.691447189900539327e-18,6.324897706508636475e-02,-6.269610673189163208e-02
2.365901134908199310e-02,3.974851220846176147e-02,5.517121553421020508e-01,-4.298998042941093445e-03,-3.320095129311084747e-03,-8.786860108375549316e-01,4.773691892623901367e-01,0.000000000000000000e+00,0.000000000000000000e+00,1.179591659456491470e-02,-1.238146305084228516e+00,-1.038435613736510277e-03,-1.675928710028529167e-03,9.845825843513011932e-03,1.231858849525451660e+00,-1.034508459270000458e-03,4.948124405927956104e-04,1.161474036052823067e-03,-5.049716681241989136e-02,-8.262278139591217041e-02,3.029733430594205856e-03,8.935833634063345245e-18,5.565566569566726685e-02,7.462174445390701294e-02,-5.890859663486480713e-02,6.614304333925247192e-02,-6.040321663022041321e-03,3.623183431880269700e-18,6.324897706508636475e-02,-6.269610673189163208e-02
2.365901134908199310e-02,3.974851220846176147e-02,5.517121553421020508e-01,-4.298998508602380753e-03,-3.320095129311084747e-03,-8.786860108375549316e-01,4.773691892623901367e-01,0.000000000000000000e+00,0.000000000000000000e+00,1.179591659456491470e-02,-1.238146305084228516e+00,-1.038435613736510277e-03,-1.675928593613207340e-03,9.845826774835586548e-03,1.231858849525451660e+00,-1.034508459270000458e-03,4.948123823851346970e-04,1.161474036052823067e-03,-5.049716681241989136e-02,-8.262278139591217041e-02,3.029733430594205856e-03,1.386440733422579898e-18,5.565566569566726685e-02,7.462174445390701294e-02,-5.890859663486480713e-02,6.614304333925247192e-02,-6.040321663022041321e-03,6.544388308723537995e-18,6.324897706508636475e-02,-6.269610673189163208e-02
2.365901134908199310e-02,3.974851220846176147e-02,5.517121553421020508e-01,-4.298998508602380753e-03,-3.320095129311084747e-03,-8.786860108375549316e-01,4.773691892623901367e-01,0.000000000000000000e+00,0.000000000000000000e+00,1.179591659456491470e-02,-1.238146305084228516e+00,-1.038435613736510277e-03,-1.675928710028529167e-03,9.845825843513011932e-03,1.231858849525451660e+00,-1.034508575685322285e-03,4.948124988004565239e-04,1.161474036052823067e-03,-5.049716681241989136e-02,-8.262278139591217041e-02,3.029733430594205856e-03,2.282283954262409294e-18,5.565566569566726685e-02,7.462174445390701294e-02,-5.890859663486480713e-02,6.614304333925247192e-02,-6.040321663022041321e-03,-1.982692371285503519e-18,6.324897706508636475e-02,-6.269610673189163208e-02
2.365901134908199310e-02,3.974851220846176147e-02,5.517121553421020508e-01,-4.298998042941093445e-03,-3.320095129311084747e-03,-8.786860108375549316e-01,4.773691892623901367e-01,0.000000000000000000e+00,0.000000000000000000e+00,1.179591659456491470e-02,-1.238146305084228516e+00,-1.038435613736510277e-03,-1.675928710028529167e-03,9.845825843513011932e-03,1.231858849525451660e+00,-1.034508575685322285e-03,4.948124988004565239e-04,1.161474036052823067e-03,-5.049716681241989136e-02,-8.262278139591217041e-02,3.029733430594205856e-03,5.367707343754605067e-18,5.565566569566726685e-02,7.462174445390701294e-02,-5.890859663486480713e-02,6.614304333925247192e-02,-6.040321663022041321e-03,-8.328027937404280934e-18,6.324897706508636475e-02,-6.269610673189163208e-02
2.365901134908199310e-02,3.974851220846176147e-02,5.517121553421020508e-01,-4.298998042941093445e-03,-3.320095129311084747e-03,-8.786860108375549316e-01,4.773691892623901367e-01,0.000000000000000000e+00,0.000000000000000000e+00,1.179591659456491470e-02,-1.238146305084228516e+00,-1.038435730151832104e-03,-1.675928710028529167e-03,9.845825843513011932e-03,1.231858849525451660e+00,-1.034508575685322285e-03,4.948124988004565239e-04,1.161474036052823067e-03,-5.049716681241989136e-02,-8.262278139591217041e-02,3.029733430594205856e-03,-4.076815897249250501e-18,5.565566569566726685e-02,7.462174445390701294e-02,-5.890859663486480713e-02,6.614304333925247192e-02,-6.040321663022041321e-03,-2.986849930255476571e-18,6.324897706508636475e-02,-6.269610673189163208e-02
2.365901134908199310e-02,3.974851220846176147e-02,5.517121553421020508e-01,-4.298998042941093445e-03,-3.320095362141728401e-03,-8.786860108375549316e-01,4.773691892623901367e-01,0.000000000000000000e+00,0.000000000000000000e+00,1.179591659456491470e-02,-1.238146305084228516e+00,-1.038435846567153931e-03,-1.675928710028529167e-03,9.845825843513011932e-03,1.231858849525451660e+00,-1.034508459270000458e-03,4.948126152157783508e-04,1.161474268883466721e-03,-5.049716681241989136e-02,-8.262278139591217041e-02,3.029733430594205856e-03,2.855096602288030323e-19,5.565566569566726685e-02,7.462174445390701294e-02,-5.890859663486480713e-02,6.614304333925247192e-02,-6.040321197360754013e-03,1.439956010332310576e-19,6.324897706508636475e-02,-6.269610673189163208e-02
2.365901134908199310e-02,3.974851220846176147e-02,5.517121553421020508e-01,-4.298997577279806137e-03,-3.320095362141728401e-03,-8.786860108375549316e-01,4.773691892623901367e-01,0.000000000000000000e+00,0.000000000000000000e+00,1.179591566324234009e-02,-1.238146305084228516e+00,-1.038435846567153931e-03,-1.675928826443850994e-03,9.845825843513011932e-03,1.231858849525451660e+00,-1.034508459270000458e-03,4.948126734234392643e-04,1.161474268883466721e-03,-5.049716681241989136e-02,-8.262278139591217041e-02,3.029733430594205856e-03,-5.967711072876069221e-18,5.565566569566726685e-02,7.462174445390701294e-02,-5.890859663486480713e-02,6.614304333925247192e-02,-6.040321197360754013e-03,-3.451871018298087457e-18,6.324897706508636475e-02,-6.269610673189163208e-02
2.008206024765968323e-02,3.572276979684829712e-02,5.546519160270690918e-01,2.094644308090209961e-02,5.602196790277957916e-03,-8.790686130523681641e-01,4.762018620967864990e-01,0.000000000000000000e+00,0.000000000000000000e+00,4.202412441372871399e-03,-1.213385224342346191e+00,4.602241795510053635e-03,-1.039801165461540222e-01,1.744984649121761322e-02,1.217007160186767578e+00,1.632972434163093567e-02,6.546334922313690186e-02,2.673952141776680946e-03,-1.458713114261627197e-01,-8.892882615327835083e-02,5.436701234430074692e-03,4.313249886035919189e-02,6.705143302679061890e-02,7.195746898651123047e-02,-1.441406607627868652e-01,5.754472315311431885e-02,-1.250249333679676056e-02,2.279079519212245941e-02,7.519334554672241211e-02,-5.211620032787322998e-02
1.662500947713851929e-02,3.187540546059608459e-02,5.571232438087463379e-01,4.497815668582916260e-02,1.399067603051662445e-02,-8.789365887641906738e-01,4.746069014072418213e-01,0.000000000000000000e+00,0.000000000000000000e+00,-4.673187504522502422e-04,-1.188929080963134766e+00,7.487993687391281128e-03,-2.087265551090240479e-01,2.750309742987155914e-02,1.201895117759704590e+00,3.208003565669059753e-02,1.317271590232849121e-01,3.763241460546851158e-03,-2.697231471538543701e-01,-9.461461007595062256e-02,1.170045044273138046e-02,1.443809568881988525e-01,5.392511188983917236e-02,6.977321207523345947e-02,-2.577806711196899414e-01,4.906703159213066101e-02,-1.855378597974777222e-02,1.029623597860336304e-01,6.376749277114868164e-02,-4.171851649880409241e-02
1.305911224335432053e-02,2.787056937813758850e-02,5.590406060218811035e-01,6.902956217527389526e-02,2.248015999794006348e-02,-8.782879114151000977e-01,4.725885093212127686e-01,0.000000000000000000e+00,0.000000000000000000e+00,-4.981259349733591080e-03,-1.164955615997314453e+00,8.283490315079689026e-03,-3.141523599624633789e-01,3.769893944263458252e-02,1.186509013175964355e+00,4.649585857987403870e-02,1.982948184013366699e-01,4.124921746551990509e-03,-3.966840207576751709e-01,-9.916531294584274292e-02,2.018775232136249542e-02,2.515602707862854004e-01,3.724874928593635559e-02,6.789182126522064209e-02,-3.779151141643524170e-01,4.115375876426696777e-02,-2.266022004187107086e-02,1.946410834789276123e-01,4.698578640818595886e-02,-3.146456927061080933e-02
1.019627042114734650e-02,2.476959861814975739e-02,5.599687099456787109e-01,8.684130012989044189e-02,2.880879864096641541e-02,-8.774772286415100098e-01,4.708102643489837646e-01,0.000000000000000000e+00,0.000000000000000000e+00,9.939000010490417480e-04,-1.153616309165954590e+00,1.413206569850444794e-02,-3.995651602745056152e-01,5.842683836817741394e-02,1.188673377037048340e+00,6.242809072136878967e-02,2.466675490140914917e-01,7.876704912632703781e-04,-4.974459111690521240e-01,-1.003191471099853516e-01,3.216576576232910156e-02,3.348332047462463379e-01,3.316834196448326111e-02,7.312240451574325562e-02,-4.711360931396484375e-01,3.882328420877456665e-02,-2.567455358803272247e-02,2.589765191078186035e-01,4.602668806910514832e-02,-2.814134396612644196e-02
6.668211426585912704e-03,2.079617418348789215e-02,5.608753561973571777e-01,1.088273152709007263e-01,3.671001642942428589e-02,-8.760711550712585449e-01,4.683036506175994873e-01,0.000000000000000000e+00,0.000000000000000000e+00,-1.591795356944203377e-03,-1.131501436233520508e+00,1.516847871243953705e-02,-4.977474212646484375e-01,7.056309282779693604e-02,1.176271557807922363e+00,7.650919258594512939e-02,3.056988418102264404e-01,-2.056505763903260231e-03,-6.126961112022399902e-01,-9.986791014671325684e-02,4.389392212033271790e-02,4.298558533191680908e-01,2.006642334163188934e-02,7.223848998546600342e-02,-5.819275975227355957e-01,3.514066338539123535e-02,-2.621276676654815674e-02,3.403741121292114258e-01,3.381120041012763977e-02,-1.913651451468467712e-02
2.951876493170857430e-03,1.661192812025547028e-02,5.611740946769714355e-01,1.313475221395492554e-01,4.472237825393676758e-02,-8.741785287857055664e-01,4.653596878051757812e-01,0.000000000000000000e+00,0.000000000000000000e+00,-3.281424986198544502e-03,-1.109818816184997559e+00,1.328786090016365051e-02,-6.004000902175903320e-01,8.305723220109939575e-02,1.162539482116699219e+00,8.903248608112335205e-02,3.679078817367553711e-01,-4.973333328962326050e-03,-7.325692772865295410e-01,-9.757409989833831787e-02,5.635606497526168823e-02,5.314589738845825195e-01,3.426632843911647797e-03,7.139224559068679810e-02,-7.019194960594177246e-01,3.233524784445762634e-02,-2.617268636822700500e-02,4.362044930458068848e-01,1.488995086401700974e-02,-9.921690449118614197e-03
-9.526138310320675373e-04,1.226771529763936996e-02,5.609045028686523438e-01,1.541898101568222046e-01,5.260658264160156250e-02,-8.717949986457824707e-01,4.619865417480468750e-01,0.000000000000000000e+00,0.000000000000000000e+00,-4.070653114467859268e-03,-1.089449882507324219e+00,9.069878607988357544e-03,-7.054577469825744629e-01,9.611322730779647827e-02,1.148042082786560059e+00,9.992813318967819214e-02,4.316189885139465332e-01,-7.289793342351913452e-03,-8.517576456069946289e-01,-9.420794993638992310e-02,6.865308433771133423e-02,6.309425830841064453e-01,-1.279952749609947205e-02,7.092702388763427734e-02,-8.253508806228637695e-01,3.007669560611248016e-02,-2.600180730223655701e-02,5.370807647705078125e-01,-6.817259360104799271e-03,-8.417785284109413624e-04
-5.025817081332206726e-03,7.786716334521770477e-03,5.602332949638366699e-01,1.772956699132919312e-01,6.035243347287178040e-02,-8.689141869544982910e-01,4.581615626811981201e-01,0.000000000000000000e+00,0.000000000000000000e+00,-4.380034748464822769e-03,-1.070583462715148926e+00,2.910816809162497520e-03,-8.120571970939636230e-01,1.094978898763656616e-01,1.132818102836608887e+00,1.092140078544616699e-01,4.962459802627563477e-01,-8.007848635315895081e-03,-9.671893119812011719e-01,-9.084600955247879028e-02,7.994399964809417725e-02,7.226198911666870117e-01,-2.570844814181327820e-02,7.089103758335113525e-02,-9.468688964843750000e-01,2.769759856164455414e-02,-2.616817876696586609e-02,6.334811449050903320e-01,-2.711235173046588898e-02,8.119954727590084076e-03
-9.205022826790809631e-03,3.203543368726968765e-03,5.593394637107849121e-01,2.005083411931991577e-01,6.805663555860519409e-02,-8.655430078506469727e-01,4.538722634315490723e-01,0.000000000000000000e+00,0.000000000000000000e+00,-4.512837622314691544e-03,-1.053160429000854492e+00,-4.826155956834554672e-03,-9.195510745048522949e-01,1.230506822466850281e-01,1.117090106010437012e+00,1.169756725430488586e-01,5.614182949066162109e-01,-6.633223500102758408e-03,-1.077716469764709473e+00,-8.813754469156265259e-02,8.995726704597473145e-02,8.045726418495178223e-01,-3.412535786628723145e-02,7.128245383501052856e-02,-1.062907934188842773e+00,2.485719695687294006e-02,-2.680247090756893158e-02,7.192768454551696777e-01,-4.306732118129730225e-02,1.698409020900726318e-02
-1.342442445456981659e-02,-1.441701664589345455e-03,5.583274960517883301e-01,2.236545383930206299e-01,7.581191509962081909e-02,-8.616951704025268555e-01,4.491243064403533936e-01,0.000000000000000000e+00,0.000000000000000000e+00,-4.644421860575675964e-03,-1.037063241004943848e+00,-1.376451831310987473e-02,-1.027405142784118652e+00,1.366946548223495483e-01,1.101137161254882812e+00,1.233473718166351318e-01,6.268427968025207520e-01,-3.334458684548735619e-03,-1.183612465858459473e+00,-8.608944714069366455e-02,9.893354773521423340e-02,8.777401447296142578e-01,-3.835880011320114136e-02,7.207178324460983276e-02,-1.172541856765747070e+00,2.169278636574745178e-02,-2.773307263851165771e-02,7.931596040725708008e-01,-5.380716547369956970e-02,2.573749609291553497e-02
-1.764293387532234192e-02,-6.115798838436603546e-03,5.572155714035034180e-01,2.466252446174621582e-01,8.365952223539352417e-02,-8.573813438415527344e-01,4.439304769039154053e-01,0.000000000000000000e+00,0.000000000000000000e+00,-4.872034769505262375e-03,-1.022238731384277344e+00,-2.353258244693279266e-02,-1.135253667831420898e+00,1.504002362489700317e-01,1.085145831108093262e+00,1.284559518098831177e-01,6.923210024833679199e-01,1.450609997846186161e-03,-1.285851001739501953e+00,-8.436762541532516479e-02,1.072890833020210266e-01,9.443235993385314941e-01,-3.944874554872512817e-02,7.322789728641510010e-02,-1.276704311370849609e+00,1.854528114199638367e-02,-2.873054519295692444e-02,8.570506572723388672e-01,-5.998338758945465088e-02,3.435117751359939575e-02
-2.142117545008659363e-02,-1.048523001372814178e-02,5.551719069480895996e-01,2.666044533252716064e-01,9.091358631849288940e-02,-8.531730771064758301e-01,4.390358626842498779e-01,0.000000000000000000e+00,0.000000000000000000e+00,1.528027374297380447e-02,-1.007680296897888184e+00,-3.837626054883003235e-02,-1.266407132148742676e+00,1.807674914598464966e-01,1.071213603019714355e+00,1.312546879053115845e-01,7.714391946792602539e-01,7.096864748746156693e-03,-1.391817688941955566e+00,-8.080820739269256592e-02,1.154962778091430664e-01,1.027652621269226074e+00,-4.624937847256660461e-02,7.596766203641891479e-02,-1.384372830390930176e+00,1.480734441429376602e-02,-3.204991295933723450e-02,9.374698400497436523e-01,-7.172758877277374268e-02,4.273666068911552429e-02
-2.553846873342990875e-02,-1.515030022710561752e-02,5.536357164382934570e-01,2.886798977851867676e-01,9.884101152420043945e-02,-8.481099009513854980e-01,4.331327378749847412e-01,0.000000000000000000e+00,0.000000000000000000e+00,2.263990417122840881e-02,-9.952475428581237793e-01,-5.452404916286468506e-02,-1.384370326995849609e+00,2.003044337034225464e-01,1.054902434349060059e+00,1.305148154497146606e-01,8.435989618301391602e-01,1.426023803651332855e-02,-1.490399956703186035e+00,-7.889647036790847778e-02,1.234896481037139893e-01,1.090165495872497559e+00,-4.586061462759971619e-02,7.801135629415512085e-02,-1.483022212982177734e+00,1.168674137443304062e-02,-3.320422023534774780e-02,9.935069680213928223e-01,-7.470187544822692871e-02,5.099151656031608582e-02
-2.961719222366809845e-02,-1.977181620895862579e-02,5.520497560501098633e-01,3.106232285499572754e-01,1.068648248910903931e-01,-8.426061868667602539e-01,4.267410635948181152e-01,0.000000000000000000e+00,0.000000000000000000e+00,2.639227919280529022e-02,-9.845198392868041992e-01,-6.836942583322525024e-02,-1.497375488281250000e+00,2.177786976099014282e-01,1.038637876510620117e+00,1.297313421964645386e-01,9.130324125289916992e-01,2.231008186936378479e-02,-1.586196899414062500e+00,-7.676795125007629395e-02,1.315801441669464111e-01,1.147704362869262695e+00,-4.286049306392669678e-02,8.035979419946670532e-02,-1.577913284301757812e+00,9.218897670507431030e-03,-3.391012921929359436e-02,1.042171478271484375e+00,-7.362318783998489380e-02,5.909128114581108093e-02
-3.342547267675399780e-02,-2.420005202293395996e-02,5.500187277793884277e-01,3.308786153793334961e-01,1.146044954657554626e-01,-8.370639681816101074e-01,4.203678071498870850e-01,0.000000000000000000e+00,0.000000000000000000e+00,4.182014614343643188e-02,-9.747971296310424805e-01,-8.468540012836456299e-02,-1.623769044876098633e+00,2.452939748764038086e-01,1.022982954978942871e+00,1.262476891279220581e-01,9.910474419593811035e-01,3.112201951444149017e-02,-1.682131528854370117e+00,-7.362848520278930664e-02,1.396493166685104370e-01,1.211597800254821777e+00,-4.285110905766487122e-02,8.349605649709701538e-02,-1.672813534736633301e+00,6.618319544941186905e-03,-3.548496961593627930e-02,1.096764564514160156e+00,-7.520468533039093018e-02,6.703902781009674072e-02
-3.725225478410720825e-02,-2.864769473671913147e-02,5.478903651237487793e-01,3.512865304946899414e-01,1.225421056151390076e-01,-8.310417532920837402e-01,4.134619832038879395e-01,0.000000000000000000e+00,0.000000000000000000e+00,5.688807740807533264e-02,-9.667405486106872559e-01,-1.029851138591766357e-01,-1.750598430633544922e+00,2.728729248046875000e-01,1.006567120552062988e+00,1.187356263399124146e-01,1.070546984672546387e+00,4.104607179760932922e-02,-1.776355862617492676e+00,-7.032910734415054321e-02,1.480546146631240845e-01,1.271781563758850098e+00,-4.183743894100189209e-02,8.682244271039962769e-02,-1.765999317169189453e+00,4.531030543148517609e-03,-3.642232716083526611e-02,1.146959424018859863e+00,-7.525230944156646729e-02,7.474324852228164673e-02
-4.474896192550659180e-02,-3.452904149889945984e-02,5.432839393615722656e-01,3.561055958271026611e-01,1.200921460986137390e-01,-8.262186050415039062e-01,4.196777939796447754e-01,0.000000000000000000e+00,0.000000000000000000e+00,6.357357650995254517e-02,-9.796958565711975098e-01,-1.160420551896095276e-01,-1.763599634170532227e+00,2.783681750297546387e-01,1.004367470741271973e+00,1.274996846914291382e-01,1.079175114631652832e+00,3.995962440967559814e-02,-1.799999952316284180e+00,-8.070033043622970581e-02,1.433409005403518677e-01,1.232753157615661621e+00,-7.012020796537399292e-02,9.772352129220962524e-02,-1.777556419372558594e+00,-1.380920968949794769e-02,-4.229894652962684631e-02,1.197756528854370117e+00,-1.252683848142623901e-01,5.354455485939979553e-02
-5.298266932368278503e-02,-4.203091189265251160e-02,5.422761440277099609e-01,3.587425649166107178e-01,1.177129447460174561e-01,-8.232218027114868164e-01,4.239732027053833008e-01,0.000000000000000000e+00,0.000000000000000000e+00,6.726829707622528076e-02,-9.905229806900024414e-01,-1.060192137956619263e-01,-1.752445697784423828e+00,2.734494805335998535e-01,1.011586308479309082e+00,1.582265645265579224e-01,1.065278410911560059e+00,5.852995812892913818e-02,-1.787425994873046875e+00,-1.151866093277931213e-01,1.504521071910858154e-01,1.155995607376098633e+00,-1.082427725195884705e-01,1.088813021779060364e-01,-1.786801218986511230e+00,-4.291794076561927795e-02,-3.934296593070030212e-02,1.267096757888793945e+00,-1.354692727327346802e-01,4.825429245829582214e-02
-6.073949858546257019e-02,-5.115614458918571472e-02,5.371199846267700195e-01,3.560429513454437256e-01,1.173027604818344116e-01,-8.238579034805297852e-01,4.251254498958587646e-01,0.000000000000000000e+00,0.000000000000000000e+00,5.620838701725006104e-02,-1.011996626853942871e+00,-8.014644682407379150e-02,-1.736619949340820312e+00,2.717112600803375244e-01,1.011668443679809570e+00,1.897163391113281250e-01,1.065272450447082520e+00,1.016689538955688477e-01,-1.760199666023254395e+00,-1.662041842937469482e-01,1.674070954322814941e-01,1.096291661262512207e+00,-1.373498439788818359e-01,1.351771801710128784e-01,-1.798236608505249023e+00,-7.798143476247787476e-02,-2.656543441116809845e-02,1.350926995277404785e+00,-6.034782528877258301e-02,8.237675577402114868e-02
-7.018738240003585815e-02,-6.098702177405357361e-02,5.390619635581970215e-01,3.533189296722412109e-01,1.136543899774551392e-01,-8.260604739189147949e-01,4.241137504577636719e-01,0.000000000000000000e+00,0.000000000000000000e+00,5.219415575265884399e-02,-1.029642820358276367e+00,-5.388290062546730042e-02,-1.729154467582702637e+00,2.783773243427276611e-01,1.005521535873413086e+00,2.096475213766098022e-01,1.083872079849243164e+00,1.327448636293411255e-01,-1.723795652389526367e+00,-1.993417143821716309e-01,1.685638427734375000e-01,1.091764569282531738e+00,-1.855616122484207153e-01,1.736633181571960449e-01,-1.799999952316284180e+00,-7.870095223188400269e-02,-5.083423573523759842e-03,1.411421060562133789e+00,2.839020080864429474e-02,1.380002498626708984e-01
-7.978859543800354004e-02,-7.294281572103500366e-02,5.457344055175781250e-01,3.488433659076690674e-01,1.145603582262992859e-01,-8.300431966781616211e-01,4.197767674922943115e-01,0.000000000000000000e+00,0.000000000000000000e+00,6.502159684896469116e-02,-1.045108795166015625e+00,-2.306861802935600281e-02,-1.726503133773803711e+00,2.912299036979675293e-01,9.996421933174133301e-01,2.133804410696029663e-01,1.128292918205261230e+00,1.372624933719635010e-01,-1.674960255622863770e+00,-2.000000029802322388e-01,1.543455868959426880e-01,1.098773479461669922e+00,-2.465846985578536987e-01,2.027254253625869751e-01,-1.799999952316284180e+00,-7.182450592517852783e-02,1.331286039203405380e-02,1.428189873695373535e+00,4.301828145980834961e-02,1.503344625234603882e-01
-9.060849249362945557e-02,-8.534141629934310913e-02,5.525484085083007812e-01,3.456455171108245850e-01,1.145582199096679688e-01,-8.322685360908508301e-01,4.180127382278442383e-01,0.000000000000000000e+00,0.000000000000000000e+00,8.613462001085281372e-02,-1.053279995918273926e+00,8.856577798724174500e-03,-1.716775417327880859e+00,2.878560721874237061e-01,9.865027666091918945e-01,2.083260416984558105e-01,1.181282758712768555e+00,1.247017979621887207e-01,-1.626212000846862793e+00,-1.877473294734954834e-01,1.414309293031692505e-01,1.106367588043212891e+00,-2.699395716190338135e-01,2.099218070507049561e-01,-1.799999952316284180e+00,-6.201429292559623718e-02,3.816666081547737122e-02,1.360426425933837891e+00,-3.724365495145320892e-03,1.364648938179016113e-01
-1.055112257599830627e-01,-9.845084697008132935e-02,5.576814413070678711e-01,3.554496765136718750e-01,1.101070195436477661e-01,-8.298296928405761719e-01,4.158301353454589844e-01,0.000000000000000000e+00,0.000000000000000000e+00,1.050383001565933228e-01,-1.068405866622924805e+00,3.721201419830322266e-02,-1.689025998115539551e+00,2.475401014089584351e-01,9.700746536254882812e-01,1.877194792032241821e-01,1.231230258941650391e+00,9.450833499431610107e-02,-1.597023367881774902e+00,-1.701621711254119873e-01,1.439950615167617798e-01,1.120629906654357910e+00,-2.597744762897491455e-01,2.001544982194900513e-01,-1.799999952316284180e+00,-3.494922071695327759e-02,7.488350570201873779e-02,1.256624937057495117e+00,-5.316125229001045227e-02,1.203746646642684937e-01
-1.211088970303535461e-01,-1.119268387556076050e-01,5.577926039695739746e-01,3.636087179183959961e-01,1.060373708605766296e-01,-8.227412104606628418e-01,4.238415956497192383e-01,0.000000000000000000e+00,0.000000000000000000e+00,1.301889419555664062e-01,-1.084311604499816895e+00,6.431803852319717407e-02,-1.640713930130004883e+00,1.883849650621414185e-01,9.620467424392700195e-01,1.592953503131866455e-01,1.285777449607849121e+00,5.042821168899536133e-02,-1.583909869194030762e+00,-1.378796994686126709e-01,1.561479866504669189e-01,1.152463078498840332e+00,-1.693099141120910645e-01,1.669924557209014893e-01,-1.799999952316284180e+00,3.821059595793485641e-03,1.112249791622161865e-01,1.193515419960021973e+00,-9.583687037229537964e-02,1.014704033732414246e-01
-1.359139233827590942e-01,-1.268133074045181274e-01,5.555160641670227051e-01,3.652374148368835449e-01,1.062052100896835327e-01,-8.147915601730346680e-01,4.375349283218383789e-01,0.000000000000000000e+00,0.000000000000000000e+00,1.781103610992431641e-01,-1.089480280876159668e+00,1.034282073378562927e-01,-1.553115725517272949e+00,1.364131718873977661e-01,9.563144445419311523e-01,1.198584437370300293e-01,1.388773798942565918e+00,1.057336758822202682e-02,-1.591427445411682129e+00,-9.882763773202896118e-02,1.604180037975311279e-01,1.213821172714233398e+00,-7.013807445764541626e-02,1.402888149023056030e-01,-1.782700896263122559e+00,1.841050386428833008e-02,1.070431843400001526e-01,1.214442491531372070e+00,-1.485260277986526489e-01,6.342281401157379150e-02
-1.491012275218963623e-01,-1.411134451627731323e-01,5.523784160614013672e-01,3.558601737022399902e-01,1.042791083455085754e-01,-8.124894499778747559e-01,4.498336911201477051e-01,0.000000000000000000e+00,0.000000000000000000e+00,2.383592873811721802e-01,-1.083490252494812012e+00,1.405327320098876953e-01,-1.447698473930358887e+00,1.078754290938377380e-01,9.462791681289672852e-01,5.769041925668716431e-02,1.546674966812133789e+00,-3.288013115525245667e-02,-1.611414909362792969e+00,-5.438308417797088623e-02,1.519339382648468018e-01,1.286533951759338379e+00,-4.704311862587928772e-02,1.471165120601654053e-01,-1.735092759132385254e+00,3.514020144939422607e-02,8.441356569528579712e-02,1.245131969451904297e+00,-2.402917146682739258e-01,2.228123322129249573e-02
-1.634205281734466553e-01,-1.559427976608276367e-01,5.567718148231506348e-01,3.480207622051239014e-01,9.917042404413223267e-02,-8.085594177246093750e-01,4.639810919761657715e-01,0.000000000000000000e+00,0.000000000000000000e+00,3.057329952716827393e-01,-1.071184277534484863e+00,1.747876107692718506e-01,-1.365930080413818359e+00,7.030984014272689819e-02,9.308016300201416016e-01,-2.483741007745265961e-02,1.720232605934143066e+00,-7.217797636985778809e-02,-1.642905831336975098e+00,-1.182522252202033997e-02,1.448649466037750244e-01,1.331268787384033203e+00,-7.233874499797821045e-02,1.595755219459533691e-01,-1.661575436592102051e+00,3.321606665849685669e-02,5.353002995252609253e-02,1.252899527549743652e+00,-3.166294097900390625e-01,-6.951587274670600891e-03
-1.770998090505599976e-01,-1.721084564924240112e-01,5.641303658485412598e-01,3.391023576259613037e-01,9.556364268064498901e-02,-8.056964874267578125e-01,4.761621057987213135e-01,0.000000000000000000e+00,0.000000000000000000e+00,3.641229271888732910e-01,-1.062911391258239746e+00,1.888831108808517456e-01,-1.326768159866333008e+00,4.517432674765586853e-02,9.222640395164489746e-01,-9.854234009981155396e-02,1.857252001762390137e+00,-1.016500815749168396e-01,-1.662012100219726562e+00,5.287722684442996979e-03,1.402526199817657471e-01,1.296812891960144043e+00,-1.081303134560585022e-01,1.635220348834991455e-01,-1.567174434661865234e+00,2.395147457718849182e-02,2.438859269022941589e-02,1.227842688560485840e+00,-3.519126474857330322e-01,-9.716884233057498932e-03
-1.902774423360824585e-01,-1.904283761978149414e-01,5.745381712913513184e-01,3.324784934520721436e-01,9.589784592390060425e-02,-8.028706312179565430e-01,4.854486584663391113e-01,0.000000000000000000e+00,0.000000000000000000e+00,4.086926579475402832e-01,-1.058603048324584961e+00,1.896869838237762451e-01,-1.328338027000427246e+00,4.189831018447875977e-02,9.218402504920959473e-01,-1.328869462013244629e-01,1.921317815780639648e+00,-1.132959872484207153e-01,-1.654576659202575684e+00,-1.525325700640678406e-02,1.357239931821823120e-01,1.185093760490417480e+00,-1.286651492118835449e-01,1.566745489835739136e-01,-1.460219144821166992e+00,1.147570461034774780e-02,4.023454152047634125e-03,1.172821164131164551e+00,-3.436827957630157471e-01,1.611549966037273407e-02
-2.028401941061019897e-01,-2.109263092279434204e-01,5.852625966072082520e-01,3.284970223903656006e-01,1.016985774040222168e-01,-7.980417609214782715e-01,4.948499202728271484e-01,0.000000000000000000e+00,0.000000000000000000e+00,4.448775649070739746e-01,-1.061424374580383301e+00,1.775491982698440552e-01,-1.353670358657836914e+00,5.907781422138214111e-02,9.287148118019104004e-01,-1.305186599493026733e-01,1.935538649559020996e+00,-1.009373292326927185e-01,-1.613370895385742188e+00,-6.419400125741958618e-02,1.447347998619079590e-01,1.014791011810302734e+00,-1.179456189274787903e-01,1.329927891492843628e-01,-1.346956253051757812e+00,-8.724018000066280365e-03,-1.199076976627111435e-02,1.111678838729858398e+00,-3.321327865123748779e-01,4.837226495146751404e-02
-2.136999219655990601e-01,-2.316358685493469238e-01,5.922355055809020996e-01,3.225013613700866699e-01,1.084272116422653198e-01,-7.964145541191101074e-01,4.999602735042572021e-01,0.000000000000000000e+00,0.000000000000000000e+00,4.618851244449615479e-01,-1.069826602935791016e+00,1.657205522060394287e-01,-1.386000156402587891e+00,9.802249073982238770e-02,9.328703284263610840e-01,-1.041760519146919250e-01,1.902812957763671875e+00,-6.180810928344726562e-02,-1.532709240913391113e+00,-1.383321434259414673e-01,1.577764153480529785e-01,8.226779103279113770e-01,-8.671979606151580811e-02,1.079089492559432983e-01,-1.224681735038757324e+00,-6.159253418445587158e-02,-5.190751701593399048e-02,1.056935429573059082e+00,-2.364770323038101196e-01,8.913198113441467285e-02
-2.230123430490493774e-01,-2.510584592819213867e-01,5.953136682510375977e-01,3.130604624748229980e-01,1.126009523868560791e-01,-7.996827960014343262e-01,4.998216032981872559e-01,0.000000000000000000e+00,0.000000000000000000e+00,4.621709585189819336e-01,-1.077475786209106445e+00,1.584860384464263916e-01,-1.418535470962524414e+00,1.459144353866577148e-01,9.353921413421630859e-01,-4.848830401897430420e-02,1.824511766433715820e+00,-1.458747033029794693e-02,-1.430596828460693359e+00,-1.999998986721038818e-01,1.712810397148132324e-01,6.691464781761169434e-01,-5.549123510718345642e-02,1.014860942959785461e-01,-1.118543386459350586e+00,-1.148691847920417786e-01,-9.862361103296279907e-02,1.031624078750610352e+00,-9.343227744102478027e-02,1.231165900826454163e-01
-2.311259210109710693e-01,-2.692790925502777100e-01,5.950775146484375000e-01,3.007484376430511475e-01,1.171630844473838806e-01,-8.026397824287414551e-01,5.015900731086730957e-01,0.000000000000000000e+00,0.000000000000000000e+00,4.290784895420074463e-01,-1.087240934371948242e+00,1.541237086057662964e-01,-1.447266578674316406e+00,2.062738686800003052e-01,9.461689591407775879e-01,2.762472815811634064e-02,1.693959116935729980e+00,-1.444169692695140839e-02,-1.369770526885986328e+00,-2.000000029802322388e-01,1.800345033407211304e-01,6.355578303337097168e-01,-8.164560049772262573e-02,1.096769422292709351e-01,-1.074243664741516113e+00,-9.440190345048904419e-02,-9.864214807748794556e-02,1.048918485641479492e+00,1.598108746111392975e-02,1.373213231563568115e-01
-2.390783578157424927e-01,-2.875237464904785156e-01,5.904022455215454102e-01,2.914246916770935059e-01,1.226453557610511780e-01,-8.061951994895935059e-01,5.000790953636169434e-01,0.000000000000000000e+00,0.000000000000000000e+00,3.658015727996826172e-01,-1.090916514396667480e+00,1.524413377046585083e-01,-1.481487512588500977e+00,2.587399482727050781e-01,9.680223464965820312e-01,9.730666875839233398e-02,1.540284276008605957e+00,2.398727694526314735e-03,-1.347391009330749512e+00,-2.000000029802322388e-01,1.739521175622940063e-01,6.904292702674865723e-01,-1.253908574581146240e-01,1.496459245681762695e-01,-1.083694338798522949e+00,-8.268503844738006592e-02,-9.757010638713836670e-02,1.118807911872863770e+00,1.041639745235443115e-01,1.454597115516662598e-01
-2.463833987712860107e-01,-3.041675090789794922e-01,5.842800140380859375e-01,2.794696092605590820e-01,1.247884854674339294e-01,-8.094730973243713379e-01,5.010766983032226562e-01,0.000000000000000000e+00,0.000000000000000000e+00,2.795183062553405762e-01,-1.092931270599365234e+00,1.559245586395263672e-01,-1.518333792686462402e+00,2.882554531097412109e-01,1.003445506095886230e+00,1.674817055463790894e-01,1.331919074058532715e+00,2.487508952617645264e-02,-1.353165864944458008e+00,-2.000000029802322388e-01,1.646078526973724365e-01,7.854240536689758301e-01,-2.119441628456115723e-01,2.041984945535659790e-01,-1.136442303657531738e+00,-7.939267903566360474e-02,-9.047421813011169434e-02,1.230759859085083008e+00,1.627502441406250000e-01,1.423387676477432251e-01
-2.536627650260925293e-01,-3.207845091819763184e-01,5.794836878776550293e-01,2.691922783851623535e-01,1.251799315214157104e-01,-8.156502246856689453e-01,4.965684711933135986e-01,0.000000000000000000e+00,0.000000000000000000e+00,1.615469604730606079e-01,-1.092568278312683105e+00,1.786155104637145996e-01,-1.571942687034606934e+00,3.021670281887054443e-01,1.044581532478332520e+00,2.467694431543350220e-01,1.085911631584167480e+00,5.589021369814872742e-02,-1.364405870437622070e+00,-2.000000029802322388e-01,1.631285697221755981e-01,8.930426836013793945e-01,-2.980024516582489014e-01,2.468985766172409058e-01,-1.239534974098205566e+00,-7.904398441314697266e-02,-7.456915080547332764e-02,1.363758087158203125e+00,1.663962602615356445e-01,1.268872171640396118e-01
-2.611130475997924805e-01,-3.395546376705169678e-01,5.769531726837158203e-01,2.632423937320709229e-01,1.307851821184158325e-01,-8.204919099807739258e-01,4.902975261211395264e-01,0.000000000000000000e+00,0.000000000000000000e+00,3.527952730655670166e-02,-1.095751881599426270e+00,1.875136643648147583e-01,-1.613032579421997070e+00,3.078537583351135254e-01,1.059770822525024414e+00,2.870540320873260498e-01,9.329437017440795898e-01,8.971491456031799316e-02,-1.360770702362060547e+00,-2.000000029802322388e-01,1.646793931722640991e-01,9.700343012809753418e-01,-3.575632870197296143e-01,2.683468461036682129e-01,-1.358584523200988770e+00,-7.258415967226028442e-02,-5.033678561449050903e-02,1.459591746330261230e+00,1.472552418708801270e-01,1.032736003398895264e-01
-2.690035104751586914e-01,-3.580822050571441650e-01,5.763077139854431152e-01,2.560760378837585449e-01,1.307328939437866211e-01,-8.265480399131774902e-01,4.838928878307342529e-01,0.000000000000000000e+00,0.000000000000000000e+00,-8.892463147640228271e-02,-1.105029225349426270e+00,1.963913589715957642e-01,-1.653013825416564941e+00,3.117876946926116943e-01,1.055604696273803711e+00,3.106412887573242188e-01,8.098344206809997559e-01,1.237510889768600464e-01,-1.331614494323730469e+00,-2.000000029802322388e-01,1.778859049081802368e-01,1.028365254402160645e+00,-4.106970429420471191e-01,2.775585949420928955e-01,-1.475093364715576172e+00,-7.153988629579544067e-02,-2.200280129909515381e-02,1.516125679016113281e+00,8.945638686418533325e-02,7.268252223730087280e-02
-2.770628631114959717e-01,-3.790568709373474121e-01,5.801087021827697754e-01,2.516261637210845947e-01,1.339540183544158936e-01,-8.343200087547302246e-01,4.718587994575500488e-01,0.000000000000000000e+00,0.000000000000000000e+00,-2.063412219285964966e-01,-1.103962898254394531e+00,1.863699853420257568e-01,-1.704050183296203613e+00,3.210096657276153564e-01,1.032349348068237305e+00,3.165425956249237061e-01,7.437264919281005859e-01,1.596924662590026855e-01,-1.274844050407409668e+00,-2.000000029802322388e-01,1.802706867456436157e-01,1.032213926315307617e+00,-4.396821558475494385e-01,2.770427465438842773e-01,-1.578656792640686035e+00,-6.971749663352966309e-02,-7.903865538537502289e-03,1.499641776084899902e+00,1.804883033037185669e-02,5.020388960838317871e-02
-2.862597703933715820e-01,-4.012539386749267578e-01,5.872640609741210938e-01,2.495335489511489868e-01,1.349906623363494873e-01,-8.413288593292236328e-01,4.600828588008880615e-01,0.000000000000000000e+00,0.000000000000000000e+00,-2.973069548606872559e-01,-1.081623792648315430e+00,1.634927541017532349e-01,-1.773741602897644043e+00,3.369793295860290527e-01,9.918459653854370117e-01,3.009870350360870361e-01,7.180868983268737793e-01,1.933728456497192383e-01,-1.185139179229736328e+00,-2.000000029802322388e-01,1.910061687231063843e-01,9.793887734413146973e-01,-4.285385608673095703e-01,2.584057748317718506e-01,-1.656022071838378906e+00,-6.940675526857376099e-02,-1.128688640892505646e-02,1.427350878715515137e+00,-3.901122510433197021e-02,5.335369333624839783e-02
-2.972191274166107178e-01,-4.247573912143707275e-01,5.961422324180603027e-01,2.511478960514068604e-01,1.344512999057769775e-01,-8.457125425338745117e-01,4.512403607368469238e-01,0.000000000000000000e+00,0.000000000000000000e+00,-3.600354194641113281e-01,-1.033329367637634277e+00,1.269417256116867065e-01,-1.851844191551208496e+00,3.557729721069335938e-01,9.489319920539855957e-01,2.749129533767700195e-01,7.212350368499755859e-01,2.032939046621322632e-01,-1.078509807586669922e+00,-2.000000029802322388e-01,1.963293105363845825e-01,8.931400775909423828e-01,-3.961486220359802246e-01,2.107775360345840454e-01,-1.684323430061340332e+00,-5.159914493560791016e-02,-3.606099635362625122e-02,1.291837692260742188e+00,-6.084450706839561462e-02,7.190182060003280640e-02
-3.086713552474975586e-01,-4.483333528041839600e-01,6.063705086708068848e-01,2.505269944667816162e-01,1.309499442577362061e-01,-8.498536348342895508e-01,4.447888433933258057e-01,0.000000000000000000e+00,0.000000000000000000e+00,-3.934369981288909912e-01,-9.563853740692138672e-01,9.123741835355758667e-02,-1.935573101043701172e+00,3.660382032394409180e-01,9.040677547454833984e-01,2.416661381721496582e-01,7.223637700080871582e-01,1.980896145105361938e-01,-9.467930793762207031e-01,-2.000000029802322388e-01,1.923834532499313354e-01,7.819797396659851074e-01,-3.163346946239471436e-01,1.493446528911590576e-01,-1.665144920349121094e+00,-2.869056165218353271e-02,-7.497254759073257446e-02,1.113953590393066406e+00,-5.974930152297019958e-02,1.059724017977714539e-01
-3.209677934646606445e-01,-4.709509909152984619e-01,6.152359247207641602e-01,2.479360252618789673e-01,1.214319244027137756e-01,-8.519054055213928223e-01,4.450159072875976562e-01,0.000000000000000000e+00,0.000000000000000000e+00,-4.141601026058197021e-01,-8.528877496719360352e-01,5.957737192511558533e-02,-2.007415294647216797e+00,3.653550446033477783e-01,8.580418825149536133e-01,2.029006481170654297e-01,7.150677442550659180e-01,1.852782070636749268e-01,-8.043290972709655762e-01,-2.000000029802322388e-01,2.048573344945907593e-01,6.639961600303649902e-01,-2.120337039232254028e-01,9.473892301321029663e-02,-1.616272687911987305e+00,-1.934486255049705505e-02,-1.245938614010810852e-01,9.468409419059753418e-01,-3.525067493319511414e-02,1.399434357881546021e-01
-3.350071012973785400e-01,-4.931325316429138184e-01,6.210022568702697754e-01,2.460541129112243652e-01,1.074493527412414551e-01,-8.493672609329223633e-01,4.544086754322052002e-01,0.000000000000000000e+00,0.000000000000000000e+00,-4.051438868045806885e-01,-7.171244621276855469e-01,3.472299501299858093e-02,-2.053585290908813477e+00,3.588331043720245361e-01,8.209567070007324219e-01,1.532505154609680176e-01,7.049351334571838379e-01,1.516459435224533081e-01,-6.918944120407104492e-01,-1.912468075752258301e-01,2.233413457870483398e-01,5.935538411140441895e-01,-1.338777244091033936e-01,5.422072485089302063e-02,-1.555552959442138672e+00,-7.655219174921512604e-03,-1.761107891798019409e-01,8.305835723876953125e-01,1.895321416668593884e-03,1.579205840826034546e-01
-3.493098020553588867e-01,-5.168294906616210938e-01,6.222916245460510254e-01,2.439653277397155762e-01,9.585210680961608887e-02,-8.441857695579528809e-01,4.675934612751007080e-01,0.000000000000000000e+00,0.000000000000000000e+00,-3.851148188114166260e-01,-5.616943836212158203e-01,1.236215047538280487e-02,-2.044398069381713867e+00,3.449907600879669189e-01,7.908906340599060059e-01,1.047478839755058289e-01,6.944931149482727051e-01,1.264899224042892456e-01,-6.130723357200622559e-01,-1.932500153779983521e-01,2.239500284194946289e-01,5.782061219215393066e-01,-8.417752385139465332e-02,3.927326947450637817e-02,-1.499645948410034180e+00,-2.454465441405773163e-02,-2.133325338363647461e-01,8.217599987983703613e-01,3.755250945687294006e-02,1.526992619037628174e-01
-3.654022216796875000e-01,-5.433900952339172363e-01,6.205360293388366699e-01,2.504647970199584961e-01,9.226565062999725342e-02,-8.284924030303955078e-01,4.922954440116882324e-01,0.000000000000000000e+00,0.000000000000000000e+00,-3.925477266311645508e-01,-3.871495723724365234e-01,4.957951023243367672e-04,-2.000681877136230469e+00,2.872070074081420898e-01,7.779183387756347656e-01,1.807422004640102386e-02,6.570378541946411133e-01,7.926339656114578247e-02,-5.635902285575866699e-01,-1.978550553321838379e-01,2.056975066661834717e-01,5.756013989448547363e-01,-3.583075106143951416e-02,3.612252324819564819e-02,-1.455828428268432617e+00,-4.798430576920509338e-02,-2.198015749454498291e-01,8.649441003799438477e-01,8.248855918645858765e-02,1.320508271455764771e-01
-3.805044889450073242e-01,-5.682771205902099609e-01,6.126976013183593750e-01,2.501400113105773926e-01,8.064853399991989136e-02,-8.208945989608764648e-01,5.070086717605590820e-01,0.000000000000000000e+00,0.000000000000000000e+00,-3.843775093555450439e-01,-2.435874938964843750e-01,-3.749691322445869446e-02,-1.813917756080627441e+00,2.484333813190460205e-01,7.501267790794372559e-01,-2.051981166005134583e-02,6.651380062103271484e-01,5.612874403595924377e-02,-5.437207818031311035e-01,-1.938149333000183105e-01,1.999375075101852417e-01,6.585037112236022949e-01,-2.116231992840766907e-02,5.887632817029953003e-02,-1.446866631507873535e+00,-8.654580265283584595e-02,-2.136159986257553101e-01,1.020221829414367676e+00,3.541661053895950317e-02,7.648790627717971802e-02
-3.952414989471435547e-01,-5.941222310066223145e-01,6.031360626220703125e-01,2.507743835449218750e-01,7.236742973327636719e-02,-8.148732781410217285e-01,5.175487399101257324e-01,0.000000000000000000e+00,0.000000000000000000e+00,-3.926581740379333496e-01,-1.257994621992111206e-01,-9.447205066680908203e-02,-1.573740005493164062e+00,1.918896287679672241e-01,7.157366871833801270e-01,-4.057813063263893127e-02,7.138161659240722656e-01,3.337400406599044800e-02,-5.687650442123413086e-01,-1.862988173961639404e-01,1.921141594648361206e-01,7.667099237442016602e-01,-3.639606386423110962e-02,1.071150228381156921e-01,-1.443691968917846680e+00,-1.077123507857322693e-01,-1.986883282661437988e-01,1.151316046714782715e+00,-4.078475013375282288e-02,2.930672280490398407e-02
-4.112063646316528320e-01,-6.218426227569580078e-01,5.949956178665161133e-01,2.593610584735870361e-01,6.757774204015731812e-02,-8.095314502716064453e-01,5.223255157470703125e-01,0.000000000000000000e+00,0.000000000000000000e+00,-4.447825849056243896e-01,-4.723761975765228271e-02,-1.869748383760452271e-01,-1.354687213897705078e+00,1.034099832177162170e-01,6.711797714233398438e-01,-5.987679585814476013e-02,8.074541687965393066e-01,3.297454910352826118e-03,-6.327022314071655273e-01,-1.806989163160324097e-01,1.719890832901000977e-01,8.660535812377929688e-01,-8.016563951969146729e-02,1.472380757331848145e-01,-1.430999994277954102e+00,-1.045046076178550720e-01,-1.724055260419845581e-01,1.208129763603210449e+00,-1.197491288185119629e-01,1.746768131852149963e-02
-4.241663515567779541e-01,-6.486945748329162598e-01,5.849252343177795410e-01,2.581895887851715088e-01,6.073733046650886536e-02,-8.129941225051879883e-01,5.183528661727905273e-01,0.000000000000000000e+00,0.000000000000000000e+00,-4.760236144065856934e-01,5.202287808060646057e-02,-3.514614999294281006e-01,-1.067586302757263184e+00,1.742943003773689270e-02,5.937249064445495605e-01,-6.337056308984756470e-02,9.942709207534790039e-01,-4.652768373489379883e-02,-7.326600551605224609e-01,-1.425801068544387817e-01,1.980677992105484009e-01,1.032858729362487793e+00,-1.538233458995819092e-01,1.978047639131546021e-01,-1.386361360549926758e+00,-9.983005374670028687e-02,-1.802429705858230591e-01,1.259865403175354004e+00,-2.732913792133331299e-01,-2.402095869183540344e-02
-4.358592629432678223e-01,-6.762232780456542969e-01,5.762142539024353027e-01,2.525720298290252686e-01,5.583597719669342041e-02,-8.162980675697326660e-01,5.164757370948791504e-01,0.000000000000000000e+00,0.000000000000000000e+00,-4.648492932319641113e-01,2.156930118799209595e-01,-5.889105796813964844e-01,-7.589481472969055176e-01,-6.635897606611251831e-02,4.857785403728485107e-01,-1.003691181540489197e-01,1.270674109458923340e+00,-1.102980822324752808e-01,-8.582577109336853027e-01,-8.689326792955398560e-02,2.221463322639465332e-01,1.206123948097229004e+00,-2.353900820016860962e-01,2.393866926431655884e-01,-1.322882890701293945e+00,-7.564742863178253174e-02,-1.774474084377288818e-01,1.298757076263427734e+00,-4.755575358867645264e-01,-7.243733108043670654e-02
-4.471192061901092529e-01,-7.022150754928588867e-01,5.805701613426208496e-01,2.382912784814834595e-01,4.477528855204582214e-02,-8.135250210762023926e-01,5.285730957984924316e-01,0.000000000000000000e+00,0.000000000000000000e+00,-4.353111386299133301e-01,3.588691651821136475e-01,-7.620096206665039062e-01,-4.820875823497772217e-01,-1.427108645439147949e-01,3.811788856983184814e-01,-1.647733300924301147e-01,1.556606650352478027e+00,-1.814300268888473511e-01,-9.884028434753417969e-01,-2.992596663534641266e-02,2.288345694541931152e-01,1.318685531616210938e+00,-2.842038571834564209e-01,2.554654479026794434e-01,-1.186243176460266113e+00,-7.978931814432144165e-02,-1.903265416622161865e-01,1.249563574790954590e+00,-5.992703437805175781e-01,-8.151251822710037231e-02
-4.579837620258331299e-01,-7.318941950798034668e-01,5.941850543022155762e-01,2.243009656667709351e-01,4.383723437786102295e-02,-8.038113117218017578e-01,5.492309927940368652e-01,0.000000000000000000e+00,0.000000000000000000e+00,-4.289066493511199951e-01,4.215611219406127930e-01,-8.041518926620483398e-01,-2.909821867942810059e-01,-1.916666924953460693e-01,3.112666606903076172e-01,-2.434244751930236816e-01,1.785612463951110840e+00,-2.431298047304153442e-01,-1.106257915496826172e+00,2.548014558851718903e-02,2.216762304306030273e-01,1.345101118087768555e+00,-3.097985982894897461e-01,2.463157474994659424e-01,-9.914976358413696289e-01,-7.106731086969375610e-02,-1.979140490293502808e-01,1.085774421691894531e+00,-6.210858821868896484e-01,-4.061376303434371948e-02
-4.704327881336212158e-01,-7.632347941398620605e-01,6.106616854667663574e-01,2.144405990839004517e-01,4.133795201778411865e-02,-7.896882295608520508e-01,5.733227133750915527e-01,0.000000000000000000e+00,0.000000000000000000e+00,-4.362348914146423340e-01,3.885509669780731201e-01,-7.515201568603515625e-01,-1.815350800752639771e-01,-2.177831530570983887e-01,2.797935903072357178e-01,-3.127633035182952881e-01,1.926506757736206055e+00,-2.914441525936126709e-01,-1.173740386962890625e+00,6.846562027931213379e-02,2.297078371047973633e-01,1.237200617790222168e+00,-3.110433518886566162e-01,2.122658044099807739e-01,-7.328668832778930664e-01,-1.130090430378913879e-01,-2.650444805622100830e-01,8.204300403594970703e-01,-4.963941574096679688e-01,2.383166365325450897e-02
-4.830456376075744629e-01,-7.941603660583496094e-01,6.284084916114807129e-01,2.028465569019317627e-01,3.345068171620368958e-02,-7.774074673652648926e-01,5.944509506225585938e-01,0.000000000000000000e+00,0.000000000000000000e+00,-4.233811199665069580e-01,3.077796399593353271e-01,-6.769153475761413574e-01,-8.373830467462539673e-02,-2.017159014940261841e-01,2.789863348007202148e-01,-3.449067771434783936e-01,1.996042609214782715e+00,-3.078159391880035400e-01,-1.187734723091125488e+00,7.743411511182785034e-02,2.531841099262237549e-01,1.054913759231567383e+00,-2.757157087326049805e-01,1.665530800819396973e-01,-4.692144393920898438e-01,-1.468019634485244751e-01,-3.717949688434600830e-01,5.558687448501586914e-01,-2.631517648696899414e-01,1.022892594337463379e-01
-4.952042102813720703e-01,-8.259415626525878906e-01,6.428118944168090820e-01,1.936578750610351562e-01,2.802245318889617920e-02,-7.655636668205261230e-01,6.128814816474914551e-01,0.000000000000000000e+00,0.000000000000000000e+00,-3.773880302906036377e-01,1.678939014673233032e-01,-5.879644155502319336e-01,-1.297525502741336823e-02,-1.609928160905838013e-01,3.148984313011169434e-01,-3.352860808372497559e-01,2.023366928100585938e+00,-3.067504763603210449e-01,-1.155378580093383789e+00,4.400016739964485168e-02,2.975355982780456543e-01,7.812860012054443359e-01,-2.144327163696289062e-01,1.215201020240783691e-01,-2.531023323535919189e-01,-1.688987165689468384e-01,-4.692803621292114258e-01,4.092959761619567871e-01,-4.224948585033416748e-02,1.770383715629577637e-01
-5.060966014862060547e-01,-8.551840186119079590e-01,6.492366194725036621e-01,1.730289608240127563e-01,2.192926965653896332e-02,-7.500822544097900391e-01,6.379315257072448730e-01,0.000000000000000000e+00,0.000000000000000000e+00,-2.636269032955169678e-01,-7.100633345544338226e-03,-5.244624614715576172e-01,-3.744017975762015983e-18,-1.166750341653823853e-01,3.947169482707977295e-01,-2.817992866039276123e-01,1.961284279823303223e+00,-2.991482913494110107e-01,-1.068122029304504395e+00,-4.148366674780845642e-02,3.586094379425048828e-01,4.611247479915618896e-01,-1.082341000437736511e-01,8.421463519334793091e-02,-1.088725179433822632e-01,-2.440055608749389648e-01,-5.820184946060180664e-01,5.383367538452148438e-01,6.109427288174629211e-02,1.873152852058410645e-01
-5.148221254348754883e-01,-8.837659358978271484e-01,6.486747860908508301e-01,1.543813496828079224e-01,1.369910128414630890e-02,-7.491755485534667969e-01,6.439834833145141602e-01,0.000000000000000000e+00,0.000000000000000000e+00,-8.204352855682373047e-02,-2.132255285978317261e-01,-5.176699161529541016e-01,2.921628393316895445e-18,-6.871398538351058960e-02,4.585413932800292969e-01,-1.809229254722595215e-01,1.856846690177917480e+00,-3.124101459980010986e-01,-9.718285799026489258e-01,-1.106036230921745300e-01,4.057411849498748779e-01,1.744217872619628906e-01,3.540735691785812378e-02,4.032813757658004761e-02,-6.102786958217620850e-02,-3.787677586078643799e-01,-5.604202151298522949e-01,8.616216778755187988e-01,6.845445185899734497e-02,1.324042677879333496e-01
-5.208030343055725098e-01,-9.132856726646423340e-01,6.419335007667541504e-01,1.389334797859191895e-01,9.121906012296676636e-03,-7.661942839622497559e-01,6.273440718650817871e-01,0.000000000000000000e+00,0.000000000000000000e+00,1.581063419580459595e-01,-4.558695554733276367e-01,-5.274125933647155762e-01,-5.158232125431676338e-18,-1.731601660139858723e-03,5.337344408035278320e-01,-8.067896962165832520e-02,1.696232318878173828e+00,-2.986046671867370605e-01,-9.487688541412353516e-01,-1.435585767030715942e-01,4.017520546913146973e-01,1.285696923732757568e-01,1.292429417371749878e-01,4.272131994366645813e-02,-1.072219759225845337e-01,-5.599505305290222168e-01,-4.445620477199554443e-01,1.268801808357238770e+00,1.288393046706914902e-02,3.366088122129440308e-02
-5.266728401184082031e-01,-9.407640099525451660e-01,6.249000430107116699e-01,1.307835280895233154e-01,-3.859973046928644180e-03,-7.964543104171752930e-01,5.903738141059875488e-01,0.000000000000000000e+00,0.000000000000000000e+00,3.697875440120697021e-01,-7.359948754310607910e-01,-4.837124347686767578e-01,2.561017350913177924e-18,6.847304850816726685e-02,6.405856609344482422e-01,-5.297715216875076294e-02,1.501893877983093262e+00,-2.256063669919967651e-01,-1.021463394165039062e+00,-1.468617022037506104e-01,3.920976221561431885e-01,3.255876004695892334e-01,1.018907651305198669e-01,9.105163812637329102e-02,-3.729905188083648682e-01,-7.144833207130432129e-01,-1.475480049848556519e-01,1.660119175910949707e+00,-7.138738036155700684e-02,-7.242239266633987427e-02
-5.294557809829711914e-01,-9.684739708900451660e-01,6.049059033393859863e-01,1.216562688350677490e-01,-1.345569919794797897e-02,-8.352838158607482910e-01,5.360220074653625488e-01,0.000000000000000000e+00,0.000000000000000000e+00,4.726839065551757812e-01,-1.028793931007385254e+00,-3.001642227172851562e-01,-7.152784615755081177e-02,1.507892906665802002e-01,7.242395877838134766e-01,-1.009893119335174561e-01,1.339296579360961914e+00,-9.342245012521743774e-02,-1.150668621063232422e+00,-1.611971110105514526e-01,4.077613651752471924e-01,6.222705841064453125e-01,-2.200865186750888824e-02,1.651428937911987305e-01,-8.774502277374267578e-01,-7.641599774360656738e-01,2.537203729152679443e-01,1.921670556068420410e+00,-1.709891408681869507e-01,-1.414485275745391846e-01
-5.323716998100280762e-01,-9.879852533340454102e-01,5.863858461380004883e-01,1.019667312502861023e-01,-5.202280730009078979e-02,-8.674824237823486328e-01,4.841184318065643311e-01,0.000000000000000000e+00,0.000000000000000000e+00,5.388244986534118652e-01,-1.214616060256958008e+00,-6.001279130578041077e-02,-2.571127712726593018e-01,2.794861197471618652e-01,8.086842298507690430e-01,-1.855030208826065063e-01,1.256976127624511719e+00,3.413427248597145081e-02,-1.238380312919616699e+00,-1.622714102268218994e-01,4.561732113361358643e-01,8.677970170974731445e-01,-1.676845252513885498e-01,2.473586946725845337e-01,-1.472414731979370117e+00,-6.419318318367004395e-01,5.269179940223693848e-01,1.972321629524230957e+00,-2.826357781887054443e-01,-1.638058871030807495e-01
-5.365315079689025879e-01,-1.009671568870544434e+00,5.825929045677185059e-01,1.061500757932662964e-01,-7.067032903432846069e-02,-8.920346498489379883e-01,4.336036145687103271e-01,0.000000000000000000e+00,0.000000000000000000e+00,4.309850335121154785e-01,-1.289129257202148438e+00,1.198376789689064026e-01,-3.966788947582244873e-01,3.204937875270843506e-01,8.526799082756042480e-01,-1.736035048961639404e-01,1.250176548957824707e+00,1.143147945404052734e-01,-1.295694589614868164e+00,-1.492569744586944580e-01,4.905075132846832275e-01,9.726232886314392090e-01,-2.380552142858505249e-01,2.604617476463317871e-01,-1.799999952316284180e+00,-3.337645232677459717e-01,4.692359268665313721e-01,1.735074162483215332e+00,-3.416518568992614746e-01,-1.227332428097724915e-01
-5.393220782279968262e-01,-1.027140259742736816e+00,5.863789916038513184e-01,1.122176423668861389e-01,-7.595337182283401489e-02,-9.087193608283996582e-01,3.948004245758056641e-01,0.000000000000000000e+00,0.000000000000000000e+00,2.937138974666595459e-01,-1.262690186500549316e+00,2.142170518636703491e-01,-5.176917910575866699e-01,3.695593476295471191e-01,8.978216052055358887e-01,-1.379557698965072632e-01,1.229046940803527832e+00,4.929253831505775452e-02,-1.302244067192077637e+00,-2.671267278492450714e-02,5.287836790084838867e-01,1.051355481147766113e+00,-3.138492405414581299e-01,2.354450225830078125e-01,-1.799999952316284180e+00,4.757099598646163940e-02,2.839894294738769531e-01,1.099826216697692871e+00,-3.030987083911895752e-01,-2.657854184508323669e-02
-5.474444031715393066e-01,-1.043058037757873535e+00,5.860480666160583496e-01,1.196346953511238098e-01,-8.188397437334060669e-02,-9.140859842300415039e-01,3.787206709384918213e-01,0.000000000000000000e+00,0.000000000000000000e+00,1.947715729475021362e-01,-1.171660661697387695e+00,2.015367001295089722e-01,-6.793166399002075195e-01,4.380490481853485107e-01,9.238889813423156738e-01,-1.219159811735153198e-01,1.259480118751525879e+00,6.737424433231353760e-02,-1.299024224281311035e+00,-3.215000033378601074e-02,5.383341908454895020e-01,1.100904345512390137e+00,-3.877587318420410156e-01,2.164082080125808716e-01,-1.799999952316284180e+00,1.999988406896591187e-01,2.579833269119262695e-01,7.536407113075256348e-01,-2.802922725677490234e-01,3.157240897417068481e-02
-5.558102130889892578e-01,-1.058635592460632324e+00,5.860968828201293945e-01,1.297851055860519409e-01,-7.786738872528076172e-02,-9.145113825798034668e-01,3.751818835735321045e-01,0.000000000000000000e+00,0.000000000000000000e+00,9.555942565202713013e-02,-1.004586815834045410e+00,1.107838749885559082e-01,-1.014512062072753906e+00,4.778720140457153320e-01,9.663524031639099121e-01,-1.678246557712554932e-01,1.332321166992187500e+00,1.548938155174255371e-01,-1.277127146720886230e+00,-1.164870485663414001e-01,5.424623489379882812e-01,1.095527410507202148e+00,-4.200244843959808350e-01,2.280795872211456299e-01,-1.799999952316284180e+00,2.000000029802322388e-01,2.992685735225677490e-01,5.108370184898376465e-01,-1.631084084510803223e-01,8.307436108589172363e-02
-5.625203847885131836e-01,-1.075435757637023926e+00,5.920098423957824707e-01,1.285789757966995239e-01,-6.564965099096298218e-02,-9.178573489189147949e-01,3.697234690189361572e-01,0.000000000000000000e+00,0.000000000000000000e+00,5.286421626806259155e-02,-8.392047286033630371e-01,-1.901506213471293449e-03,-1.373771667480468750e+00,5.099689364433288574e-01,1.003200769424438477e+00,-2.059213966131210327e-01,1.410809993743896484e+00,2.434742897748947144e-01,-1.202721118927001953e+00,-2.000000029802322388e-01,5.254638791084289551e-01,1.064362168312072754e+00,-4.504633843898773193e-01,2.577532231807708740e-01,-1.799999952316284180e+00,2.000000029802322388e-01,3.776224255561828613e-01,4.762558937072753906e-01,-6.312444061040878296e-02,1.241741254925727844e-01
-5.684474110603332520e-01,-1.095074653625488281e+00,6.048887968063354492e-01,1.192084476351737976e-01,-3.197079151868820190e-02,-9.175640940666198730e-01,3.779461681842803955e-01,0.000000000000000000e+00,0.000000000000000000e+00,4.852239042520523071e-02,-6.690211892127990723e-01,-9.226508438587188721e-02,-1.679652571678161621e+00,5.068533420562744141e-01,1.066333293914794922e+00,-2.068039327859878540e-01,1.501573085784912109e+00,2.710177302360534668e-01,-1.116262555122375488e+00,-2.000000029802322388e-01,5.096607208251953125e-01,1.061166048049926758e+00,-4.501888751983642578e-01,2.487198710441589355e-01,-1.799999952316284180e+00,2.000000029802322388e-01,3.910154402256011963e-01,5.474179387092590332e-01,2.164427563548088074e-02,1.691678613424301147e-01
-5.804372429847717285e-01,-1.114364504814147949e+00,6.222274303436279297e-01,1.254799515008926392e-01,-1.035694847814738750e-03,-9.078052639961242676e-01,4.001791179180145264e-01,0.000000000000000000e+00,0.000000000000000000e+00,4.205603525042533875e-02,-5.622984766960144043e-01,-1.101189702749252319e-01,-1.875726103782653809e+00,4.659171998500823975e-01,1.094939351081848145e+00,-1.908310651779174805e-01,1.570387840270996094e+00,2.598951160907745361e-01,-1.031409382820129395e+00,-2.000000029802322388e-01,4.997957348823547363e-01,1.033372759819030762e+00,-4.395705163478851318e-01,2.158153206110000610e-01,-1.773761510848999023e+00,2.000000029802322388e-01,3.964855372905731201e-01,6.220077276229858398e-01,1.198012530803680420e-01,2.235268354415893555e-01
-5.950103402137756348e-01,-1.130617976188659668e+00,6.414190530776977539e-01,1.286749243736267090e-01,1.724027842283248901e-02,-8.919340372085571289e-01,4.331271946430206299e-01,0.000000000000000000e+00,0.000000000000000000e+00,7.252899557352066040e-02,-5.315079092979431152e-01,-1.034035384654998779e-01,-2.034592866897583008e+00,4.357416927814483643e-01,1.100928902626037598e+00,-1.702800691127777100e-01,1.608631610870361328e+00,2.185918390750885010e-01,-9.317259788513183594e-01,-2.000000029802322388e-01,4.785482287406921387e-01,9.808039069175720215e-01,-3.971447646617889404e-01,1.830372810363769531e-01,-1.641965270042419434e+00,2.000000029802322388e-01,4.179776012897491455e-01,6.377328038215637207e-01,2.918733954429626465e-01,2.932801246643066406e-01
-6.123520731925964355e-01,-1.146255850791931152e+00,6.592223048210144043e-01,1.336107254028320312e-01,2.477454580366611481e-02,-8.699105978012084961e-01,4.741201996803283691e-01,0.000000000000000000e+00,0.000000000000000000e+00,7.430606335401535034e-02,-5.698818564414978027e-01,-5.656729638576507568e-02,-2.104625940322875977e+00,4.106936454772949219e-01,1.080702781677246094e+00,-1.558693349361419678e-01,1.615421533584594727e+00,1.821049004793167114e-01,-8.448463082313537598e-01,-2.000000029802322388e-01,4.399687349796295166e-01,9.384891390800476074e-01,-3.358080983161926270e-01,1.527323424816131592e-01,-1.517915368080139160e+00,2.000000029802322388e-01,4.282038211822509766e-01,7.369083166122436523e-01,3.499999940395355225e-01,3.742583990097045898e-01
-6.290008425712585449e-01,-1.161166787147521973e+00,6.726294159889221191e-01,1.351108253002166748e-01,3.191552683711051941e-02,-8.425800800323486328e-01,5.203703045845031738e-01,0.000000000000000000e+00,0.000000000000000000e+00,3.849790990352630615e-02,-6.579074263572692871e-01,-5.423175171017646790e-03,-2.116198301315307617e+00,3.972472846508026123e-01,1.049098014831542969e+00,-1.330637186765670776e-01,1.599933028221130371e+00,1.646838933229446411e-01,-7.658692002296447754e-01,-2.000000029802322388e-01,3.798586428165435791e-01,8.988794684410095215e-01,-2.350249737501144409e-01,1.300083100795745850e-01,-1.443342804908752441e+00,2.000000029802322388e-01,4.086897969245910645e-01,8.896683454513549805e-01,3.499999940395355225e-01,4.292763173580169678e-01
-6.425488591194152832e-01,-1.173242449760437012e+00,6.820480823516845703e-01,1.281810104846954346e-01,4.167620092630386353e-02,-8.141708374023437500e-01,5.647641420364379883e-01,0.000000000000000000e+00,0.000000000000000000e+00,-2.840747497975826263e-02,-7.557733654975891113e-01,6.634018570184707642e-02,-2.061833143234252930e+00,3.860032260417938232e-01,1.000316977500915527e+00,-7.106050848960876465e-02,1.553851604461669922e+00,2.142887562513351440e-01,-7.175754308700561523e-01,-1.999116241931915283e-01,2.752316296100616455e-01,8.814221024513244629e-01,-1.365682184696197510e-01,1.109700351953506470e-01,-1.380624532699584961e+00,1.034446358680725098e-01,3.170492649078369141e-01,9.579126238822937012e-01,3.499999940395355225e-01,4.360719025135040283e-01
-6.496804356575012207e-01,-1.188007831573486328e+00,6.879623532295227051e-01,1.086897179484367371e-01,7.802071422338485718e-02,-7.917532920837402344e-01,5.960084795951843262e-01,0.000000000000000000e+00,0.000000000000000000e+00,-8.782332390546798706e-02,-7.976899743080139160e-01,1.210982501506805420e-01,-2.011231184005737305e+00,3.837327659130096436e-01,9.617207646369934082e-01,-1.989440061151981354e-03,1.505797624588012695e+00,2.141917049884796143e-01,-7.351339459419250488e-01,-6.115648895502090454e-02,2.070529162883758545e-01,9.554427862167358398e-01,-1.176768988370895386e-01,8.318853378295898438e-02,-1.333058357238769531e+00,6.698209047317504883e-02,1.444913893938064575e-01,9.583699703216552734e-01,3.499999940395355225e-01,4.248577356338500977e-01
-6.547400355339050293e-01,-1.200392484664916992e+00,6.900025010108947754e-01,8.587622642517089844e-02,1.107897460460662842e-01,-7.754244208335876465e-01,6.156848669052124023e-01,0.000000000000000000e+00,0.000000000000000000e+00,-1.474803984165191650e-01,-8.254374265670776367e-01,1.612703651189804077e-01,-1.966710925102233887e+00,3.950887918472290039e-01,9.062137007713317871e-01,7.204733788967132568e-02,1.443552970886230469e+00,1.936730891466140747e-01,-7.566128969192504883e-01,9.064865112304687500e-02,1.479858756065368652e-01,1.013064146041870117e+00,-1.321293413639068604e-01,5.868688970804214478e-02,-1.331541538238525391e+00,6.157812476158142090e-02,-4.492114484310150146e-02,9.556681513786315918e-01,3.307241201400756836e-01,4.039651453495025635e-01
-6.594879031181335449e-01,-1.210502982139587402e+00,6.871771812438964844e-01,6.649715453386306763e-02,1.292270272970199585e-01,-7.729382514953613281e-01,6.176123023033142090e-01,0.000000000000000000e+00,0.000000000000000000e+00,-2.203064858913421631e-01,-8.345292210578918457e-01,1.508545428514480591e-01,-1.961953282356262207e+00,3.979068994522094727e-01,8.486880660057067871e-01,1.208587661385536194e-01,1.377082586288452148e+00,1.791905760765075684e-01,-7.475497126579284668e-01,2.040504068136215210e-01,1.181384399533271790e-01,1.042157292366027832e+00,-1.604965031147003174e-01,2.923834510147571564e-02,-1.386009812355041504e+00,4.576632007956504822e-02,-2.166193574666976929e-01,9.975599646568298340e-01,2.023071050643920898e-01,3.779885768890380859e-01
-6.654500365257263184e-01,-1.218227863311767578e+00,6.803411245346069336e-01,5.604141205549240112e-02,1.324278116226196289e-01,-7.794262766838073730e-01,6.097679138183593750e-01,0.000000000000000000e+00,0.000000000000000000e+00,-2.850644290447235107e-01,-8.283380270004272461e-01,1.236818283796310425e-01,-1.989398241043090820e+00,3.945759236812591553e-01,7.850745916366577148e-01,1.322286278009414673e-01,1.306629061698913574e+00,1.835482269525527954e-01,-7.096153497695922852e-01,2.655420303344726562e-01,1.279134452342987061e-01,1.036841154098510742e+00,-2.220261693000793457e-01,2.205329015851020813e-02,-1.464117646217346191e+00,1.463659014552831650e-02,-3.362306654453277588e-01,1.053787469863891602e+00,8.465100079774856567e-02,3.728858828544616699e-01
-6.722715497016906738e-01,-1.228085994720458984e+00,6.732841730117797852e-01,6.389053165912628174e-02,1.382571905851364136e-01,-7.854166626930236816e-01,5.999363064765930176e-01,0.000000000000000000e+00,0.000000000000000000e+00,-3.271697163581848145e-01,-8.059631586074829102e-01,8.159854263067245483e-02,-2.029710054397583008e+00,3.875052034854888916e-01,7.220749855041503906e-01,1.150231137871742249e-01,1.261888742446899414e+00,1.916266232728958130e-01,-6.726008057594299316e-01,2.806242406368255615e-01,1.470892727375030518e-01,1.015992641448974609e+00,-2.841867506504058838e-01,2.033726125955581665e-02,-1.536324501037597656e+00,-2.826517634093761444e-02,-4.057137668132781982e-01,1.113951206207275391e+00,2.166558988392353058e-02,3.757787346839904785e-01
-6.741775870323181152e-01,-1.225472331047058105e+00,6.734290719032287598e-01,6.114678084850311279e-02,1.293513178825378418e-01,-7.794891595840454102e-01,6.098573207855224609e-01,0.000000000000000000e+00,0.000000000000000000e+00,-2.994188070297241211e-01,-8.148606419563293457e-01,7.229556888341903687e-02,-1.910274982452392578e+00,3.699875175952911377e-01,7.548196315765380859e-01,1.150508150458335876e-01,1.191462874412536621e+00,1.845560520887374878e-01,-6.581488847732543945e-01,2.496996670961380005e-01,1.332008093595504761e-01,9.844142794609069824e-01,-2.765013575553894043e-01,2.454852871596813202e-02,-1.462846159934997559e+00,-3.377798944711685181e-02,-3.805823624134063721e-01,1.078790426254272461e+00,6.023237016052007675e-03,3.498030900955200195e-01
-6.760970354080200195e-01,-1.222713351249694824e+00,6.736692190170288086e-01,5.782415345311164856e-02,1.203315630555152893e-01,-7.732731103897094727e-01,6.198591589927673340e-01,0.000000000000000000e+00,0.000000000000000000e+00,-2.841961383819580078e-01,-8.288503289222717285e-01,8.233306556940078735e-02,-1.774164915084838867e+00,3.489268124103546143e-01,7.898649573326110840e-01,1.186657100915908813e-01,1.115868568420410156e+00,1.666357666254043579e-01,-6.371341347694396973e-01,2.264607399702072144e-01,1.278461068868637085e-01,9.505088925361633301e-01,-2.688746154308319092e-01,2.775797806680202484e-02,-1.383408665657043457e+00,-2.594708092510700226e-02,-3.561103343963623047e-01,1.031260371208190918e+00,-1.878766575828194618e-03,3.230258226394653320e-01
-6.780506372451782227e-01,-1.219953417778015137e+00,6.738911271095275879e-01,5.432968586683273315e-02,1.111420243978500366e-01,-7.669122815132141113e-01,6.297152042388916016e-01,0.000000000000000000e+00,0.000000000000000000e+00,-2.722755670547485352e-01,-8.468877077102661133e-01,9.777843952178955078e-02,-1.633868694305419922e+00,3.268630802631378174e-01,8.249091506004333496e-01,1.214964389801025391e-01,1.038314819335937500e+00,1.446771323680877686e-01,-6.131640672683715820e-01,2.057790756225585938e-01,1.263795346021652222e-01,9.153946638107299805e-01,-2.615848481655120850e-01,3.081697598099708557e-02,-1.302730441093444824e+00,-1.368376985192298889e-02,-3.303319215774536133e-01,9.808936119079589844e-01,-7.686396595090627670e-03,2.957574725151062012e-01
-6.799730062484741211e-01,-1.217298984527587891e+00,6.740793585777282715e-01,5.071926116943359375e-02,1.023050323128700256e-01,-7.603724002838134766e-01,6.393708586692810059e-01,0.000000000000000000e+00,0.000000000000000000e+00,-2.580332458019256592e-01,-8.665090799331665039e-01,1.104234606027603149e-01,-1.498397111892700195e+00,3.050920069217681885e-01,8.605242967605590820e-01,1.205117255449295044e-01,9.619595408439636230e-01,1.232348531484603882e-01,-5.895916223526000977e-01,1.853030622005462646e-01,1.243897154927253723e-01,8.799138069152832031e-01,-2.539567947387695312e-01,3.397668153047561646e-02,-1.222733020782470703e+00,-2.097743330523371696e-03,-3.042810857295989990e-01,9.311391115188598633e-01,-1.366136316210031509e-02,2.682764530181884766e-01
-6.819075942039489746e-01,-1.214611887931823730e+00,6.742526888847351074e-01,4.685328528285026550e-02,9.307710826396942139e-02,-7.539334297180175781e-01,6.486338376998901367e-01,0.000000000000000000e+00,0.000000000000000000e+00,-2.440792769193649292e-01,-8.899960517883300781e-01,1.229746416211128235e-01,-1.359729647636413574e+00,2.825527787208557129e-01,8.952054977416992188e-01,1.197422146797180176e-01,8.833981752395629883e-01,1.016819849610328674e-01,-5.632308721542358398e-01,1.647983044385910034e-01,1.237447410821914673e-01,8.418151736259460449e-01,-2.454155236482620239e-01,3.730037435889244080e-02,-1.141444444656372070e+00,9.905301034450531006e-03,-2.766932845115661621e-01,8.802852034568786621e-01,-1.876055821776390076e-02,2.405302971601486206e-01
-6.846701502799987793e-01,-1.212676405906677246e+00,6.780310273170471191e-01,4.634671658277511597e-02,8.658008277416229248e-02,-7.450036406517028809e-01,6.597920060157775879e-01,0.000000000000000000e+00,0.000000000000000000e+00,-2.502561509609222412e-01,-9.012165665626525879e-01,1.602856069803237915e-01,-1.232286810874938965e+00,2.389053553342819214e-01,9.378396272659301758e-01,1.054540798068046570e-01,7.868598103523254395e-01,8.548545092344284058e-02,-4.620752036571502686e-01,1.264441311359405518e-01,1.215455159544944763e-01,6.374325156211853027e-01,-1.473426967859268188e-01,3.768763318657875061e-02,-1.032585144042968750e+00,1.938346587121486664e-02,-2.526436150074005127e-01,7.673943042755126953e-01,5.324120633304119110e-03,2.163508981466293335e-01
-6.864981651306152344e-01,-1.209959864616394043e+00,6.782662272453308105e-01,4.178103804588317871e-02,7.676326483488082886e-02,-7.390748858451843262e-01,6.679296493530273438e-01,0.000000000000000000e+00,0.000000000000000000e+00,-2.310887873172760010e-01,-9.308143258094787598e-01,1.632077693939208984e-01,-1.094183921813964844e+00,2.182030230760574341e-01,9.694212675094604492e-01,1.024730652570724487e-01,7.102345824241638184e-01,6.885527074337005615e-02,-4.225626289844512939e-01,1.036817729473114014e-01,1.183460280299186707e-01,5.771008133888244629e-01,-1.289902329444885254e-01,4.152336716651916504e-02,-9.434673190116882324e-01,2.852108329534530640e-02,-2.249147295951843262e-01,7.059858441352844238e-01,4.954464733600616455e-03,1.878596246242523193e-01
-6.882874965667724609e-01,-1.207338452339172363e+00,6.784821152687072754e-01,3.709828853607177734e-02,6.716620922088623047e-02,-7.330811023712158203e-01,6.757991909980773926e-01,0.000000000000000000e+00,0.000000000000000000e+00,-2.103741914033889771e-01,-9.620200991630554199e-01,1.622119843959808350e-01,-9.589169621467590332e-01,1.967265605926513672e-01,1.001142024993896484e+00,9.793936461210250854e-02,6.326626539230346680e-01,5.327431112527847290e-02,-3.805260360240936279e-01,8.086183667182922363e-02,1.140083447098731995e-01,5.114856958389282227e-01,-1.081312075257301331e-01,4.545332863926887512e-02,-8.524190783500671387e-01,3.687275573611259460e-02,-1.971145719289779663e-01,6.407492756843566895e-01,6.496592890471220016e-03,1.593910753726959229e-01
-6.899445652961730957e-01,-1.205985069274902344e+00,6.799370050430297852e-01,3.328861668705940247e-02,6.459387391805648804e-02,-7.246163487434387207e-01,6.853106021881103516e-01,0.000000000000000000e+00,0.000000000000000000e+00,-2.019757926464080811e-01,-9.683097004890441895e-01,1.648273915052413940e-01,-8.380645513534545898e-01,1.622525602579116821e-01,1.033807754516601562e+00,8.137831836938858032e-02,5.553735494613647461e-01,4.502452909946441650e-02,-3.289688825607299805e-01,6.120058521628379822e-02,9.018316864967346191e-02,4.028348624706268311e-01,-6.946810334920883179e-02,4.198634997010231018e-02,-7.517734766006469727e-01,4.552233591675758362e-02,-1.806968301534652710e-01,5.422778129577636719e-01,1.838115230202674866e-02,1.382734626531600952e-01
-6.915786862373352051e-01,-1.203463673591613770e+00,6.798035502433776855e-01,2.812855504453182220e-02,5.469857528805732727e-02,-7.191169261932373047e-01,6.921616196632385254e-01,0.000000000000000000e+00,0.000000000000000000e+00,-1.765382140874862671e-01,-1.003669857978820801e+00,1.533664464950561523e-01,-7.076999545097351074e-01,1.409051120281219482e-01,1.063663125038146973e+00,7.472620904445648193e-02,4.771127998828887939e-01,3.393098339438438416e-02,-2.837380468845367432e-01,3.925590217113494873e-02,8.279771357774734497e-02,3.337782025337219238e-01,-4.688505455851554871e-02,4.622918739914894104e-02,-6.548790335655212402e-01,5.184404551982879639e-02,-1.536183953285217285e-01,4.685774743556976318e-01,2.331929840147495270e-02,1.092662364244461060e-01
-6.931707859039306641e-01,-1.201074957847595215e+00,6.794693470001220703e-01,2.290096692740917206e-02,4.497243463993072510e-02,-7.135905027389526367e-01,6.987429261207580566e-01,0.000000000000000000e+00,0.000000000000000000e+00,-1.487227082252502441e-01,-1.040071368217468262e+00,1.367013007402420044e-01,-5.817892551422119141e-01,1.195448115468025208e-01,1.093289732933044434e+00,6.606054306030273438e-02,3.988274037837982178e-01,2.438796125352382660e-02,-2.414831668138504028e-01,1.798293367028236389e-02,7.347854971885681152e-02,2.702597677707672119e-01,-2.707858942449092865e-02,5.065154656767845154e-02,-5.577920079231262207e-01,5.679584294557571411e-02,-1.271766275167465210e-01,3.943863511085510254e-01,2.814254723489284515e-02,8.041680604219436646e-02
-6.947437524795532227e-01,-1.198813796043395996e+00,6.790154576301574707e-01,1.766701601445674896e-02,3.536155074834823608e-02,-7.080638408660888672e-01,7.050411701202392578e-01,0.000000000000000000e+00,0.000000000000000000e+00,-1.195881068706512451e-01,-1.077600240707397461e+00,1.160786598920822144e-01,-4.591019451618194580e-01,9.764785319566726685e-02,1.122536778450012207e+00,5.586841702461242676e-02,3.197672069072723389e-01,1.646167598664760590e-02,-1.972470730543136597e-01,-2.989487024024128914e-03,6.238550692796707153e-02,2.029642015695571899e-01,-5.267391446977853775e-03,5.516595020890235901e-02,-4.571173787117004395e-01,6.089833378791809082e-02,-1.012751162052154541e-01,3.132472336292266846e-01,3.608834743499755859e-02,5.166640132665634155e-02
-6.963144540786743164e-01,-1.196684002876281738e+00,6.783549785614013672e-01,1.249272748827934265e-02,2.577781490981578827e-02,-7.025647759437561035e-01,7.110430002212524414e-01,0.000000000000000000e+00,0.000000000000000000e+00,-8.858714252710342407e-02,-1.116135120391845703e+00,9.118562936782836914e-02,-3.405313491821289062e-01,7.584892958402633667e-02,1.151166558265686035e+00,4.374389722943305969e-02,2.408763915300369263e-01,1.024897582828998566e-02,-1.549072712659835815e-01,-2.345697209239006042e-02,4.949738830327987671e-02,1.395287215709686279e-01,1.481851190328598022e-02,5.982021614909172058e-02,-3.560064733028411865e-01,6.370984017848968506e-02,-7.618913799524307251e-02,2.311435192823410034e-01,4.415756464004516602e-02,2.304935269057750702e-02
-6.978957056999206543e-01,-1.194680333137512207e+00,6.775107979774475098e-01,7.417967077344655991e-03,1.617901585996150970e-02,-6.971153616905212402e-01,7.167380452156066895e-01,0.000000000000000000e+00,0.000000000000000000e+00,-5.668244883418083191e-02,-1.155733108520507812e+00,6.320013850927352905e-02,-2.247287631034851074e-01,5.352118611335754395e-02,1.179071903228759766e+00,3.025802597403526306e-02,1.611758172512054443e-01,5.799946840852499008e-03,-1.108108088374137878e-01,-4.354733973741531372e-02,3.475514799356460571e-02,7.319111377000808716e-02,3.656014427542686462e-02,6.455025076866149902e-02,-2.503409385681152344e-01,6.568182259798049927e-02,-5.178030580282211304e-02,1.403074413537979126e-01,5.612297728657722473e-02,-5.518580321222543716e-03
-6.995125412940979004e-01,-1.192783355712890625e+00,6.764248013496398926e-01,2.529131714254617691e-03,6.439107004553079605e-03,-6.917319297790527344e-01,7.221212387084960938e-01,0.000000000000000000e+00,0.000000000000000000e+00,-2.298962697386741638e-02,-1.196367025375366211e+00,3.189032152295112610e-02,-1.131082475185394287e-01,3.178606554865837097e-02,1.205997109413146973e+00,1.483245380222797394e-02,8.241245895624160767e-02,2.594647230580449104e-03,-6.922002881765365601e-02,-6.320206820964813232e-02,1.890717819333076477e-02,1.238221023231744766e-02,5.585254356265068054e-02,6.941853463649749756e-02,-1.461453586816787720e-01,6.644469499588012695e-02,-2.792782522737979889e-02,5.188173055648803711e-02,6.693331897258758545e-02,-3.396756947040557861e-02
-7.012016177177429199e-01,-1.190622806549072266e+00,6.750703454017639160e-01,-3.071278799325227737e-03,-4.512147046625614166e-03,-6.864258646965026855e-01,7.271792888641357422e-01,0.000000000000000000e+00,0.000000000000000000e+00,1.238923892378807068e-02,-1.238059520721435547e+00,-1.245163381099700928e-03,-2.666755579411983490e-03,1.064099930226802826e-02,1.231794238090515137e+00,-1.430381904356181622e-03,1.772805233485996723e-03,8.884398848749697208e-04,-5.033560469746589661e-02,-8.252426981925964355e-02,3.275140188634395599e-03,7.738881180330281495e-08,5.533711612224578857e-02,7.427240163087844849e-02,-5.885181203484535217e-02,6.608176976442337036e-02,-5.761068314313888550e-03,2.776887640720815398e-06,6.316924840211868286e-02,-6.235287338495254517e-02
-7.012010812759399414e-01,-1.190620303153991699e+00,6.750709414482116699e-01,-3.053025575354695320e-03,-4.494723398238420486e-03,-6.864309906959533691e-01,7.271746993064880371e-01,0.000000000000000000e+00,0.000000000000000000e+00,1.183899585157632828e-02,-1.238146424293518066e+00,-1.062584458850324154e-03,-1.742305816151201725e-03,9.902723133563995361e-03,1.231858730316162109e+00,-1.069415593519806862e-03,5.824014078825712204e-04,1.129540498368442059e-03,-5.048777908086776733e-02,-8.262010663747787476e-02,3.061395836994051933e-03,9.673596992887389945e-12,5.564230680465698242e-02,7.461607456207275391e-02,-5.890865623950958252e-02,6.614337116479873657e-02,-6.007907446473836899e-03,3.471109510932990361e-10,6.325334310531616211e-02,-6.269031018018722534e-02
-7.012010216712951660e-01,-1.190620422363281250e+00,6.750711202621459961e-01,-3.051975509151816368e-03,-4.493447486311197281e-03,-6.864313483238220215e-01,7.271743416786193848e-01,0.000000000000000000e+00,0.000000000000000000e+00,1.179896015673875809e-02,-1.238146305084228516e+00,-1.040244358591735363e-03,-1.680613378994166851e-03,9.849851951003074646e-03,1.231858849525451660e+00,-1.037078327499330044e-03,5.009868182241916656e-04,1.157787861302495003e-03,-5.049650743603706360e-02,-8.262264728546142578e-02,3.033463144674897194e-03,1.212111770817429074e-15,5.565470457077026367e-02,7.462171465158462524e-02,-5.890888348221778870e-02,6.614322960376739502e-02,-6.036581471562385559e-03,4.339235269929311856e-14,6.324978172779083252e-02,-6.269600242376327515e-02
-7.012010216712951660e-01,-1.190620422363281250e+00,6.750711202621459961e-01,-3.051914274692535400e-03,-4.493362270295619965e-03,-6.864314079284667969e-01,7.271742820739746094e-01,0.000000000000000000e+00,0.000000000000000000e+00,1.179613079875707626e-02,-1.238146305084228516e+00,-1.038564834743738174e-03,-1.676261890679597855e-03,9.846119210124015808e-03,1.231858849525451660e+00,-1.034694141708314419e-03,4.952544113621115685e-04,1.161043182946741581e-03,-5.049720034003257751e-02,-8.262280374765396118e-02,3.030184423550963402e-03,-3.631442003115999129e-18,5.565565079450607300e-02,7.462178915739059448e-02,-5.890863761305809021e-02,6.614308804273605347e-02,-6.039879284799098969e-03,3.812495295591605826e-18,6.324906647205352783e-02,-6.269611418247222900e-02
-7.012010216712951660e-01,-1.190620422363281250e+00,6.750711202621459961e-01,-3.051910083740949631e-03,-4.493355751037597656e-03,-6.864314079284667969e-01,7.271742820739746094e-01,0.000000000000000000e+00,0.000000000000000000e+00,1.179593056440353394e-02,-1.238146305084228516e+00,-1.038446789607405663e-03,-1.675953040830790997e-03,9.845854714512825012e-03,1.231858849525451660e+00,-1.034522312693297863e-03,4.948500427417457104e-04,1.161417108960449696e-03,-5.049726739525794983e-02,-8.262281864881515503e-02,3.029806073755025864e-03,-2.124358631713785250e-18,5.565575137734413147e-02,7.462178915739059448e-02,-5.890859663486480713e-02,6.614307314157485962e-02,-6.040258798748254776e-03,2.321082033713596504e-18,6.324897706508636475e-02,-6.269612163305282593e-02
-7.012010216712951660e-01,-1.190620422363281250e+00,6.750711202621459961e-01,-3.051910083740949631e-03,-4.493355285376310349e-03,-6.864314079284667969e-01,7.271742820739746094e-01,0.000000000000000000e+00,0.000000000000000000e+00,1.179591566324234009e-02,-1.238146305084228516e+00,-1.038438524119555950e-03,-1.675930921919643879e-03,9.845836088061332703e-03,1.231858849525451660e+00,-1.034509972669184208e-03,4.948214627802371979e-04,1.161460066214203835e-03,-5.049727484583854675e-02,-8.262282609939575195e-02,3.029762534424662590e-03,4.605741650695258094e-18,5.565576255321502686e-02,7.462178915739059448e-02,-5.890859290957450867e-02,6.614306569099426270e-02,-6.040302105247974396e-03,4.374289897858020526e-18,6.324896961450576782e-02,-6.269612163305282593e-02
-7.012010216712951660e-01,-1.190620422363281250e+00,6.750711202621459961e-01,-3.051909850910305977e-03,-4.493354819715023041e-03,-6.864314079284667969e-01,7.271742820739746094e-01,0.000000000000000000e+00,0.000000000000000000e+00,1.179591566324234009e-02,-1.238146305084228516e+00,-1.038438524119555950e-03,-1.675929524935781956e-03,9.845834225416183472e-03,1.231858849525451660e+00,-1.034508692100644112e-03,4.948198329657316208e-04,1.161458087153732777e-03,-5.049727857112884521e-02,-8.262282609939575195e-02,3.029764164239168167e-03,-5.567653441420922916e-18,5.565576255321502686e-02,7.462178915739059448e-02,-5.890859290957450867e-02,6.614306569099426270e-02,-6.040300708264112473e-03,4.701456373734994032e-18,6.324896961450576782e-02,-6.269612163305282593e-02
-7.012010216712951660e-01,-1.190620422363281250e+00,6.750711202621459961e-01,-3.051909850910305977e-03,-4.493354819715023041e-03,-6.864314079284667969e-01,7.271742820739746094e-01,0.000000000000000000e+00,0.000000000000000000e+00,1.179591566324234009e-02,-1.238146305084228516e+00,-1.038438407704234123e-03,-1.675929408520460129e-03,9.845834225416183472e-03,1.231858849525451660e+00,-1.034508575685322285e-03,4.948196583427488804e-04,1.161457970738410950e-03,-5.049727857112884521e-02,-8.262282609939575195e-02,3.029764397069811821e-03,4.672021978817907095e-18,5.565576255321502686e-02,7.462178915739059448e-02,-5.890859290957450867e-02,6.614306569099426270e-02,-6.040300708264112473e-03,1.704018531638838707e-18,6.324896961450576782e-02,-6.269612163305282593e-02
-7.012010216712951660e-01,-1.190620422363281250e+00,6.750711202621459961e-01,-3.051908453926444054e-03,-4.493356216698884964e-03,-6.864314079284667969e-01,7.271742820739746094e-01,0.000000000000000000e+00,0.000000000000000000e+00,1.179591566324234009e-02,-1.238146305084228516e+00,-1.038438407704234123e-03,-1.675929175689816475e-03,9.845834225416183472e-03,1.231858849525451660e+00,-1.034508692100644112e-03,4.948197165504097939e-04,1.161457854323089123e-03,-5.049727857112884521e-02,-8.262282609939575195e-02,3.029764629900455475e-03,-2.341516703566106500e-18,5.565576255321502686e-02,7.462178915739059448e-02,-5.890859290957450867e-02,6.614306569099426270e-02,-6.040300242602825165e-03,-2.619237631147110223e-18,6.324896961450576782e-02,-6.269612163305282593e-02
-7.012010216712951660e-01,-1.190620422363281250e+00,6.750711202621459961e-01,-3.051907988265156746e-03,-4.493356216698884964e-03,-6.864314079284667969e-01,7.271742820739746094e-01,0.000000000000000000e+00,0.000000000000000000e+00,1.179591473191976547e-02,-1.238146305084228516e+00,-1.038438058458268642e-03,-1.675929292105138302e-03,9.845834225416183472e-03,1.231858849525451660e+00,-1.034509041346609592e-03,4.948196583427488804e-04,1.161464839242398739e-03,-5.049727484583854675e-02,-8.262282609939575195e-02,3.029757877811789513e-03,2.932639821631201349e-18,5.565576255321502686e-02,7.462178915739059448e-02,-5.890859290957450867e-02,6.614306569099426270e-02,-6.040306761860847473e-03,5.021634827797119560e-18,6.324896961450576782e-02,-6.269612163305282593e-02
-7.012010216712951660e-01,-1.190620422363281250e+00,6.750711202621459961e-01,-3.051907988265156746e-03,-4.493356216698884964e-03,-6.864314079284667969e-01,7.271742820739746094e-01,0.000000000000000000e+00,0.000000000000000000e+00,1.179591473191976547e-02,-1.238146305084228516e+00,-1.038438058458268642e-03,-1.675929292105138302e-03,9.845834225416183472e-03,1.231858849525451660e+00,-1.034509041346609592e-03,4.948196583427488804e-04,1.161465537734329700e-03,-5.049727484583854675e-02,-8.262282609939575195e-02,3.029757179319858551e-03,-9.165637643120377182e-18,5.565576255321502686e-02,7.462178915739059448e-02,-5.890859290957450867e-02,6.614306569099426270e-02,-6.040307693183422089e-03,-2.371692252312040949e-19,6.324896961450576782e-02,-6.269612163305282593e-02
-7.012010216712951660e-01,-1.190620422363281250e+00,6.750711202621459961e-01,-3.051907988265156746e-03,-4.493356216698884964e-03,-6.864314079284667969e-01,7.271742820739746094e-01,0.000000000000000000e+00,0.000000000000000000e+00,1.179591473191976547e-02,-1.238146305084228516e+00,-1.038438058458268642e-03,-1.675929292105138302e-03,9.845834225416183472e-03,1.231858849525451660e+00,-1.034509157761931419e-03,4.948196583427488804e-04,1.161465654149651527e-03,-5.049727484583854675e-02,-8.262282609939575195e-02,3.029757179319858551e-03,2.789279495308411017e-18,5.565576255321502686e-02,7.462178915739059448e-02,-5.890859290957450867e-02,6.614306569099426270e-02,-6.040307693183422089e-03,1.867707648695732248e-18,6.324896961450576782e-02,-6.269612163305282593e-02
-7.012010216712951660e-01,-1.190620422363281250e+00,6.750711202621459961e-01,-3.051907988265156746e-03,-4.493356216698884964e-03,-6.864314079284667969e-01,7.271742820739746094e-01,0.000000000000000000e+00,0.000000000000000000e+00,1.179591473191976547e-02,-1.238146305084228516e+00,-1.038438058458268642e-03,-1.675929292105138302e-03,9.845834225416183472e-03,1.231858849525451660e+00,-1.034509157761931419e-03,4.948196583427488804e-04,1.161465654149651527e-03,-5.049727484583854675e-02,-8.262282609939575195e-02,3.029757179319858551e-03,7.995567505606968051e-18,5.565576255321502686e-02,7.462178915739059448e-02,-5.890859290957450867e-02,6.614306569099426270e-02,-6.040307693183422089e-03,2.617755323489415198e-18,6.324896961450576782e-02,-6.269612163305282593e-02
-7.012010216712951660e-01,-1.190620422363281250e+00,6.750711202621459961e-01,-3.051907988265156746e-03,-4.493356216698884964e-03,-6.864314079284667969e-01,7.271742820739746094e-01,0.000000000000000000e+00,0.000000000000000000e+00,1.179591473191976547e-02,-1.238146305084228516e+00,-1.038438058458268642e-03,-1.675929292105138302e-03,9.845834225416183472e-03,1.231858849525451660e+00,-1.034509041346609592e-03,4.948196583427488804e-04,1.161465654149651527e-03,-5.049727484583854675e-02,-8.262282609939575195e-02,3.029757179319858551e-03,4.970177576251420815e-18,5.565576255321502686e-02,7.462178915739059448e-02,-5.890859290957450867e-02,6.614306569099426270e-02,-6.040307693183422089e-03,-3.069435642612770854e-18,6.324896961450576782e-02,-6.269612163305282593e-02
-7.012010216712951660e-01,-1.190620422363281250e+00,6.750711202621459961e-01,-3.051907988265156746e-03,-4.493356216698884964e-03,-6.864314079284667969e-01,7.271742820739746094e-01,0.000000000000000000e+00,0.000000000000000000e+00,1.179591473191976547e-02,-1.238146305084228516e+00,-1.038438058458268642e-03,-1.675929292105138302e-03,9.845834225416183472e-03,1.231858849525451660e+00,-1.034509041346609592e-03,4.948196583427488804e-04,1.161465654149651527e-03,-5.049727484583854675e-02,-8.262282609939575195e-02,3.029757179319858551e-03,7.578721416439445496e-18,5.565576255321502686e-02,7.462178915739059448e-02,-5.890859290957450867e-02,6.614306569099426270e-02,-6.040307693183422089e-03,1.956646108157433783e-19,6.324896961450576782e-02,-6.269612163305282593e-02
-7.012010216712951660e-01,-1.190620422363281250e+00,6.750711202621459961e-01,-3.051907988265156746e-03,-4.493356216698884964e-03,-6.864314079284667969e-01,7.271742820739746094e-01,0.000000000000000000e+00,0.000000000000000000e+00,1.179591473191976547e-02,-1.238146305084228516e+00,-1.038438058458268642e-03,-1.675929292105138302e-03,9.845834225416183472e-03,1.231858849525451660e+00,-1.034509157761931419e-03,4.948196583427488804e-04,1.161465654149651527e-03,-5.049727484583854675e-02,-8.262282609939575195e-02,3.029757179319858551e-03,-2.837348615065092561e-18,5.565576255321502686e-02,7.462178915739059448e-02,-5.890859290957450867e-02,6.614306569099426270e-02,-6.040307693183422089e-03,2.361316098708175770e-18,6.324896961450576782e-02,-6.269612163305282593e-02
-7.012010216712951660e-01,-1.190620422363281250e+00,6.750711202621459961e-01,-3.051907988265156746e-03,-4.493356216698884964e-03,-6.864314079284667969e-01,7.271742820739746094e-01,0.000000000000000000e+00,0.000000000000000000e+00,1.179591473191976547e-02,-1.238146305084228516e+00,-1.038438058458268642e-03,-1.675929292105138302e-03,9.845834225416183472e-03,1.231858849525451660e+00,-1.034509157761931419e-03,4.948196583427488804e-04,1.161465654149651527e-03,-5.049727484583854675e-02,-8.262282609939575195e-02,3.029757179319858551e-03,6.516542100582552871e-18,5.565576255321502686e-02,7.462178915739059448e-02,-5.890859290957450867e-02,6.614306569099426270e-02,-6.040307693183422089e-03,1.143070962319678308e-18,6.324896961450576782e-02,-6.269612163305282593e-02
-7.012010216712951660e-01,-1.190620422363281250e+00,6.750711202621459961e-01,-3.051907988265156746e-03,-4.493356216698884964e-03,-6.864314079284667969e-01,7.271742820739746094e-01,0.000000000000000000e+00,0.000000000000000000e+00,1.179591473191976547e-02,-1.238146305084228516e+00,-1.038438058458268642e-03,-1.675929292105138302e-03,9.845834225416183472e-03,1.231858849525451660e+00,-1.034509041346609592e-03,4.948196583427488804e-04,1.161465654149651527e-03,-5.049727484583854675e-02,-8.262282609939575195e-02,3.029757179319858551e-03,-5.025128838704543549e-18,5.565576255321502686e-02,7.462178915739059448e-02,-5.890859290957450867e-02,6.614306569099426270e-02,-6.040307693183422089e-03,1.143494478793305458e-18,6.324896961450576782e-02,-6.269612163305282593e-02
-7.012010216712951660e-01,-1.190620422363281250e+00,6.750711202621459961e-01,-3.051907988265156746e-03,-4.493356216698884964e-03,-6.864314079284667969e-01,7.271742820739746094e-01,0.000000000000000000e+00,0.000000000000000000e+00,1.179591473191976547e-02,-1.238146305084228516e+00,-1.038438058458268642e-03,-1.675929292105138302e-03,9.845834225416183472e-03,1.231858849525451660e+00,-1.034509157761931419e-03,4.948196583427488804e-04,1.161465654149651527e-03,-5.049727484583854675e-02,-8.262282609939575195e-02,3.029757179319858551e-03,-5.871526511248403163e-18,5.565576255321502686e-02,7.462178915739059448e-02,-5.890859290957450867e-02,6.614306569099426270e-02,-6.040307693183422089e-03,3.500151896291582576e-18,6.324896961450576782e-02,-6.269612163305282593e-02
-7.012010216712951660e-01,-1.190620422363281250e+00,6.750711202621459961e-01,-3.051907988265156746e-03,-4.493356216698884964e-03,-6.864314079284667969e-01,7.271742820739746094e-01,0.000000000000000000e+00,0.000000000000000000e+00,1.179591473191976547e-02,-1.238146305084228516e+00,-1.038438174873590469e-03,-1.675929292105138302e-03,9.845834225416183472e-03,1.231858849525451660e+00,-1.034509157761931419e-03,4.948196583427488804e-04,1.161465654149651527e-03,-5.049727484583854675e-02,-8.262282609939575195e-02,3.029757179319858551e-03,-1.130153709874050227e-18,5.565576255321502686e-02,7.462178915739059448e-02,-5.890859290957450867e-02,6.614306569099426270e-02,-6.040307693183422089e-03,2.272377639246474235e-18,6.324896961450576782e-02,-6.269612163305282593e-02
-7.012010216712951660e-01,-1.190620422363281250e+00,6.750711202621459961e-01,-3.051907988265156746e-03,-4.493356216698884964e-03,-6.864314079284667969e-01,7.271742820739746094e-01,0.000000000000000000e+00,0.000000000000000000e+00,1.179591473191976547e-02,-1.238146305084228516e+00,-1.038438058458268642e-03,-1.675929292105138302e-03,9.845834225416183472e-03,1.231858849525451660e+00,-1.034509041346609592e-03,4.948196583427488804e-04,1.161465654149651527e-03,-5.049727484583854675e-02,-8.262282609939575195e-02,3.029757179319858551e-03,1.368381726289322198e-18,5.565576255321502686e-02,7.462178915739059448e-02,-5.890859290957450867e-02,6.614306569099426270e-02,-6.040307693183422089e-03,6.479802046495397594e-20,6.324896961450576782e-02,-6.269612163305282593e-02
-7.012010216712951660e-01,-1.190620422363281250e+00,6.750711202621459961e-01,-3.051909618079662323e-03,-4.493354819715023041e-03,-6.864314079284667969e-01,7.271742820739746094e-01,0.000000000000000000e+00,0.000000000000000000e+00,1.179591473191976547e-02,-1.238146305084228516e+00,-1.038438058458268642e-03,-1.675929524935781956e-03,9.845833294093608856e-03,1.231858849525451660e+00,-1.034509041346609592e-03,4.948195419274270535e-04,1.161465654149651527e-03,-5.049727484583854675e-02,-8.262282609939575195e-02,3.029756946489214897e-03,-3.608360355303319444e-18,5.565576255321502686e-02,7.462178915739059448e-02,-5.890859290957450867e-02,6.614306569099426270e-02,-6.040307693183422089e-03,3.402954865594151612e-18,6.324896961450576782e-02,-6.269612163305282593e-02
-7.012010216712951660e-01,-1.190620422363281250e+00,6.750711202621459961e-01,-3.051909850910305977e-03,-4.493354819715023041e-03,-6.864314079284667969e-01,7.271742820739746094e-01,0.000000000000000000e+00,0.000000000000000000e+00,1.179591473191976547e-02,-1.238146305084228516e+00,-1.038438058458268642e-03,-1.675929408520460129e-03,9.845834225416183472e-03,1.231858849525451660e+00,-1.034508924931287766e-03,4.948193673044443130e-04,1.161465654149651527e-03,-5.049727484583854675e-02,-8.262282609939575195e-02,3.029756946489214897e-03,2.876312130638790376e-18,5.565576255321502686e-02,7.462178915739059448e-02,-5.890859290957450867e-02,6.614306569099426270e-02,-6.040308158844709396e-03,1.271184695591891234e-18,6.324896961450576782e-02,-6.269612163305282593e-02
-7.012010216712951660e-01,-1.190620422363281250e+00,6.750711202621459961e-01,-3.051909850910305977e-03,-4.493354819715023041e-03,-6.864314079284667969e-01,7.271742820739746094e-01,0.000000000000000000e+00,0.000000000000000000e+00,1.179591473191976547e-02,-1.238146305084228516e+00,-1.038438058458268642e-03,-1.675929408520460129e-03,9.845834225416183472e-03,1.231858849525451660e+00,-1.034509041346609592e-03,4.948194255121052265e-04,1.161465654149651527e-03,-5.049727484583854675e-02,-8.262282609939575195e-02,3.029756946489214897e-03,-5.729119096991273918e-19,5.565576255321502686e-02,7.462178915739059448e-02,-5.890859290957450867e-02,6.614306569099426270e-02,-6.040308158844709396e-03,-1.048415030464010245e-18,6.324896961450576782e-02,-6.269612163305282593e-02
-7.012010216712951660e-01,-1.190620422363281250e+00,6.750711202621459961e-01,-3.051909850910305977e-03,-4.493354819715023041e-03,-6.864314079284667969e-01,7.271742820739746094e-01,0.000000000000000000e+00,0.000000000000000000e+00,1.179591473191976547e-02,-1.238146305084228516e+00,-1.038438058458268642e-03,-1.675929408520460129e-03,9.845834225416183472e-03,1.231858849525451660e+00,-1.034508924931287766e-03,4.948193673044443130e-04,1.161465654149651527e-03,-5.049727484583854675e-02,-8.262282609939575195e-02,3.029756946489214897e-03,-3.515504368460566770e-18,5.565576255321502686e-02,7.462178915739059448e-02,-5.890859290957450867e-02,6.614306569099426270e-02,-6.040308158844709396e-03,5.576441408248686282e-18,6.324896961450576782e-02,-6.269612163305282593e-02
-7.012010216712951660e-01,-1.190620422363281250e+00,6.750711202621459961e-01,-3.051909850910305977e-03,-4.493354819715023041e-03,-6.864314079284667969e-01,7.271742820739746094e-01,0.000000000000000000e+00,0.000000000000000000e+00,1.179591473191976547e-02,-1.238146305084228516e+00,-1.038438058458268642e-03,-1.675929408520460129e-03,9.845834225416183472e-03,1.231858849525451660e+00,-1.034509041346609592e-03,4.948194255121052265e-04,1.161465654149651527e-03,-5.049727484583854675e-02,-8.262282609939575195e-02,3.029756946489214897e-03,1.651078972435444936e-18,5.565576255321502686e-02,7.462178915739059448e-02,-5.890859290957450867e-02,6.614306569099426270e-02,-6.040308158844709396e-03,-2.834807516223329660e-18,6.324896961450576782e-02,-6.269612163305282593e-02
-7.012010216712951660e-01,-1.190620422363281250e+00,6.750711202621459961e-01,-3.051909850910305977e-03,-4.493354819715023041e-03,-6.864314079284667969e-01,7.271742820739746094e-01,0.000000000000000000e+00,0.000000000000000000e+00,1.179591473191976547e-02,-1.238146305084228516e+00,-1.038438058458268642e-03,-1.675929408520460129e-03,9.845834225416183472e-03,1.231858849525451660e+00,-1.034509041346609592e-03,4.948194255121052265e-04,1.161465654149651527e-03,-5.049727484583854675e-02,-8.262282609939575195e-02,3.029756946489214897e-03,-5.635204318964453368e-18,5.565576255321502686e-02,7.462178915739059448e-02,-5.890859290957450867e-02,6.614306569099426270e-02,-6.040308158844709396e-03,1.092884260194861012e-18,6.324896961450576782e-02,-6.269612163305282593e-02
-7.012010216712951660e-01,-1.190620422363281250e+00,6.750711202621459961e-01,-3.051909850910305977e-03,-4.493354819715023041e-03,-6.864314079284667969e-01,7.271742820739746094e-01,0.000000000000000000e+00,0.000000000000000000e+00,1.179591473191976547e-02,-1.238146305084228516e+00,-1.038438058458268642e-03,-1.675929408520460129e-03,9.845834225416183472e-03,1.231858849525451660e+00,-1.034509041346609592e-03,4.948194255121052265e-04,1.161465654149651527e-03,-5.049727484583854675e-02,-8.262282609939575195e-02,3.029756946489214897e-03,8.985960779184058722e-19,5.565576255321502686e-02,7.462178915739059448e-02,-5.890859290957450867e-02,6.614306569099426270e-02,-6.040308158844709396e-03,-1.782369079259861488e-18,6.324896961450576782e-02,-6.269612163305282593e-02
-7.012010216712951660e-01,-1.190620422363281250e+00,6.750711202621459961e-01,-3.051908221095800400e-03,-4.493356216698884964e-03,-6.864314079284667969e-01,7.271742820739746094e-01,0.000000000000000000e+00,0.000000000000000000e+00,1.179591473191976547e-02,-1.238146305084228516e+00,-1.038438058458268642e-03,-1.675929175689816475e-03,9.845834225416183472e-03,1.231858849525451660e+00,-1.034509041346609592e-03,4.948195419274270535e-04,1.161465654149651527e-03,-5.049727484583854675e-02,-8.262282609939575195e-02,3.029757179319858551e-03,-6.252691337512838315e-18,5.565576255321502686e-02,7.462178915739059448e-02,-5.890859290957450867e-02,6.614306569099426270e-02,-6.040307693183422089e-03,9.175484401132208423e-19,6.324896961450576782e-02,-6.269612163305282593e-02
-7.012010216712951660e-01,-1.190620422363281250e+00,6.750711202621459961e-01,-3.051908221095800400e-03,-4.493356216698884964e-03,-6.864314079284667969e-01,7.271742820739746094e-01,0.000000000000000000e+00,0.000000000000000000e+00,1.179591473191976547e-02,-1.238146305084228516e+00,-1.038438058458268642e-03,-1.675929292105138302e-03,9.845834225416183472e-03,1.231858849525451660e+00,-1.034509157761931419e-03,4.948196583427488804e-04,1.161465654149651527e-03,-5.049727484583854675e-02,-8.262282609939575195e-02,3.029757179319858551e-03,-3.325557230038789919e-18,5.565576255321502686e-02,7.462178915739059448e-02,-5.890859290957450867e-02,6.614306569099426270e-02,-6.040307693183422089e-03,-2.854501032246992143e-18,6.324896961450576782e-02,-6.269612163305282593e-02
-7.012010216712951660e-01,-1.190620422363281250e+00,6.750711202621459961e-01,-3.051907988265156746e-03,-4.493356216698884964e-03,-6.864314079284667969e-01,7.271742820739746094e-01,0.000000000000000000e+00,0.000000000000000000e+00,1.179591473191976547e-02,-1.238146305084228516e+00,-1.038438058458268642e-03,-1.675929292105138302e-03,9.845834225416183472e-03,1.231858849525451660e+00,-1.034509157761931419e-03,4.948196583427488804e-04,1.161465654149651527e-03,-5.049727484583854675e-02,-8.262282609939575195e-02,3.029757179319858551e-03,3.735838813865091645e-18,5.565576255321502686e-02,7.462178915739059448e-02,-5.890859290957450867e-02,6.614306569099426270e-02,-6.040307693183422089e-03,5.384164929221960105e-18,6.324896961450576782e-02,-6.269612163305282593e-02
-7.012010216712951660e-01,-1.190620422363281250e+00,6.750711202621459961e-01,-3.051907988265156746e-03,-4.493356216698884964e-03,-6.864314079284667969e-01,7.271742820739746094e-01,0.000000000000000000e+00,0.000000000000000000e+00,1.179591473191976547e-02,-1.238146305084228516e+00,-1.038438058458268642e-03,-1.675929292105138302e-03,9.845834225416183472e-03,1.231858849525451660e+00,-1.034509041346609592e-03,4.948196583427488804e-04,1.161465654149651527e-03,-5.049727484583854675e-02,-8.262282609939575195e-02,3.029757179319858551e-03,2.478630161902896367e-19,5.565576255321502686e-02,7.462178915739059448e-02,-5.890859290957450867e-02,6.614306569099426270e-02,-6.040307693183422089e-03,7.285965654044677942e-18,6.324896961450576782e-02,-6.269612163305282593e-02
-7.012010216712951660e-01,-1.190620422363281250e+00,6.750711202621459961e-01,-3.051907988265156746e-03,-4.493356216698884964e-03,-6.864314079284667969e-01,7.271742820739746094e-01,0.000000000000000000e+00,0.000000000000000000e+00,1.179591473191976547e-02,-1.238146305084228516e+00,-1.038438058458268642e-03,-1.675929292105138302e-03,9.845834225416183472e-03,1.231858849525451660e+00,-1.034509157761931419e-03,4.948196583427488804e-04,1.161465654149651527e-03,-5.049727484583854675e-02,-8.262282609939575195e-02,3.029757179319858551e-03,2.455019118498182745e-18,5.565576255321502686e-02,7.462178915739059448e-02,-5.890859290957450867e-02,6.614306569099426270e-02,-6.040307693183422089e-03,4.598965387117223691e-18,6.324896961450576782e-02,-6.269612163305282593e-02
-7.012010216712951660e-01,-1.190620422363281250e+00,6.750711202621459961e-01,-3.051907988265156746e-03,-4.493356216698884964e-03,-6.864314079284667969e-01,7.271742820739746094e-01,0.000000000000000000e+00,0.000000000000000000e+00,1.179591473191976547e-02,-1.238146305084228516e+00,-1.038438058458268642e-03,-1.675929292105138302e-03,9.845834225416183472e-03,1.231858849525451660e+00,-1.034509157761931419e-03,4.948196583427488804e-04,1.161465654149651527e-03,-5.049727484583854675e-02,-8.262282609939575195e-02,3.029757179319858551e-03,-4.421723742904261345e-18,5.565576255321502686e-02,7.462178915739059448e-02,-5.890859290957450867e-02,6.614306569099426270e-02,-6.040307693183422089e-03,1.122318655111947949e-19,6.324896961450576782e-02,-6.269612163305282593e-02
-7.012010216712951660e-01,-1.190620422363281250e+00,6.750711202621459961e-01,-3.051907988265156746e-03,-4.493356216698884964e-03,-6.864314079284667969e-01,7.271742820739746094e-01,0.000000000000000000e+00,0.000000000000000000e+00,1.179591473191976547e-02,-1.238146305084228516e+00,-1.038438058458268642e-03,-1.675929292105138302e-03,9.845834225416183472e-03,1.231858849525451660e+00,-1.034509041346609592e-03,4.948196583427488804e-04,1.161465654149651527e-03,-5.049727484583854675e-02,-8.262282609939575195e-02,3.029757179319858551e-03,-1.758969794091961442e-18,5.565576255321502686e-02,7.462178915739059448e-02,-5.890859290957450867e-02,6.614306569099426270e-02,-6.040307693183422089e-03,-5.266639107790425933e-18,6.324896961450576782e-02,-6.269612163305282593e-02
-7.012010216712951660e-01,-1.190620422363281250e+00,6.750711202621459961e-01,-3.051907988265156746e-03,-4.493356216698884964e-03,-6.864314079284667969e-01,7.271742820739746094e-01,0.000000000000000000e+00,0.000000000000000000e+00,1.179591473191976547e-02,-1.238146305084228516e+00,-1.038438174873590469e-03,-1.675929292105138302e-03,9.845834225416183472e-03,1.231858849525451660e+00,-1.034509041346609592e-03,4.948196583427488804e-04,1.161465654149651527e-03,-5.049727484583854675e-02,-8.262282609939575195e-02,3.029757179319858551e-03,-1.327194749229081844e-18,5.565576255321502686e-02,7.462178915739059448e-02,-5.890859290957450867e-02,6.614306569099426270e-02,-6.040307693183422089e-03,2.194450608099078603e-18,6.324896961450576782e-02,-6.269612163305282593e-02
-7.012010216712951660e-01,-1.190620422363281250e+00,6.750711202621459961e-01,-3.051907988265156746e-03,-4.493356216698884964e-03,-6.864314079284667969e-01,7.271742820739746094e-01,0.000000000000000000e+00,0.000000000000000000e+00,1.179591473191976547e-02,-1.238146305084228516e+00,-1.038438058458268642e-03,-1.675929292105138302e-03,9.845834225416183472e-03,1.231858849525451660e+00,-1.034509157761931419e-03,4.948196583427488804e-04,1.161465654149651527e-03,-5.049727484583854675e-02,-8.262282609939575195e-02,3.029757179319858551e-03,6.854296488300205131e-18,5.565576255321502686e-02,7.462178915739059448e-02,-5.890859290957450867e-02,6.614306569099426270e-02,-6.040307693183422089e-03,-3.431965744037611399e-18,6.324896961450576782e-02,-6.269612163305282593e-02
-7.012010216712951660e-01,-1.190620422363281250e+00,6.750711202621459961e-01,-3.051907988265156746e-03,-4.493356216698884964e-03,-6.864314079284667969e-01,7.271742820739746094e-01,0.000000000000000000e+00,0.000000000000000000e+00,1.179591473191976547e-02,-1.238146305084228516e+00,-1.038438058458268642e-03,-1.675929292105138302e-03,9.845834225416183472e-03,1.231858849525451660e+00,-1.034509157761931419e-03,4.948196583427488804e-04,1.161465654149651527e-03,-5.049727484583854675e-02,-8.262282609939575195e-02,3.029757179319858551e-03,1.227138982334667616e-18,5.565576255321502686e-02,7.462178915739059448e-02,-5.890859290957450867e-02,6.614306569099426270e-02,-6.040307693183422089e-03,-2.081159951403815933e-18,6.324896961450576782e-02,-6.269612163305282593e-02
-7.012010216712951660e-01,-1.190620422363281250e+00,6.750711202621459961e-01,-3.051908221095800400e-03,-4.493356216698884964e-03,-6.864314079284667969e-01,7.271742820739746094e-01,0.000000000000000000e+00,0.000000000000000000e+00,1.179591473191976547e-02,-1.238146305084228516e+00,-1.038438058458268642e-03,-1.675929175689816475e-03,9.845834225416183472e-03,1.231858849525451660e+00,-1.034509157761931419e-03,4.948196001350879669e-04,1.161465654149651527e-03,-5.049727484583854675e-02,-8.262282609939575195e-02,3.029757179319858551e-03,1.017392448770821495e-18,5.565576255321502686e-02,7.462178915739059448e-02,-5.890859290957450867e-02,6.614306569099426270e-02,-6.040307693183422089e-03,-1.016016020231533257e-18,6.324896961450576782e-02,-6.269612163305282593e-02
-7.012010216712951660e-01,-1.190620422363281250e+00,6.750711202621459961e-01,-3.051907988265156746e-03,-4.493356216698884964e-03,-6.864314079284667969e-01,7.271742820739746094e-01,0.000000000000000000e+00,0.000000000000000000e+00,1.179591473191976547e-02,-1.238146305084228516e+00,-1.038438058458268642e-03,-1.675929292105138302e-03,9.845834225416183472e-03,1.231858849525451660e+00,-1.034509157761931419e-03,4.948196583427488804e-04,1.161465654149651527e-03,-5.049727484583854675e-02,-8.262282609939575195e-02,3.029757179319858551e-03,-1.410733373652037215e-18,5.565576255321502686e-02,7.462178915739059448e-02,-5.890859290957450867e-02,6.614306569099426270e-02,-6.040307693183422089e-03,9.698527246061738882e-19,6.324896961450576782e-02,-6.269612163305282593e-02
-7.012010216712951660e-01,-1.190620422363281250e+00,6.750711202621459961e-01,-3.051909618079662323e-03,-4.493354819715023041e-03,-6.864314079284667969e-01,7.271742820739746094e-01,0.000000000000000000e+00,0.000000000000000000e+00,1.179591473191976547e-02,-1.238146305084228516e+00,-1.038438174873590469e-03,-1.675929524935781956e-03,9.845833294093608856e-03,1.231858849525451660e+00,-1.034509041346609592e-03,4.948195419274270535e-04,1.161465654149651527e-03,-5.049727484583854675e-02,-8.262282609939575195e-02,3.029756946489214897e-03,-1.040791733938721542e-18,5.565576255321502686e-02,7.462178915739059448e-02,-5.890859290957450867e-02,6.614306569099426270e-02,-6.040307693183422089e-03,2.257342804432710404e-19,6.324896961450576782e-02,-6.269612163305282593e-02
-7.012010216712951660e-01,-1.190620422363281250e+00,6.750711202621459961e-01,-3.051909850910305977e-03,-4.493354819715023041e-03,-6.864314079284667969e-01,7.271742820739746094e-01,0.000000000000000000e+00,0.000000000000000000e+00,1.179591473191976547e-02,-1.238146305084228516e+00,-1.038438058458268642e-03,-1.675929292105138302e-03,9.845834225416183472e-03,1.231858849525451660e+00,-1.034509041346609592e-03,4.948193673044443130e-04,1.161465654149651527e-03,-5.049727484583854675e-02,-8.262282609939575195e-02,3.029756946489214897e-03,-4.126215123430917314e-18,5.565576255321502686e-02,7.462178915739059448e-02,-5.890859290957450867e-02,6.614306569099426270e-02,-6.040308158844709396e-03,-1.254095805881035725e-17,6.324896961450576782e-02,-6.269612163305282593e-02
-7.012010216712951660e-01,-1.190620422363281250e+00,6.750711202621459961e-01,-3.051909850910305977e-03,-4.493354819715023041e-03,-6.864314079284667969e-01,7.271742820739746094e-01,0.000000000000000000e+00,0.000000000000000000e+00,1.179591473191976547e-02,-1.238146305084228516e+00,-1.038438058458268642e-03,-1.675929408520460129e-03,9.845834225416183472e-03,1.231858849525451660e+00,-1.034509041346609592e-03,4.948194255121052265e-04,1.161465654149651527e-03,-5.049727484583854675e-02,-8.262282609939575195e-02,3.029756946489214897e-03,-1.083884535130284071e-18,5.565576255321502686e-02,7.462178915739059448e-02,-5.890859290957450867e-02,6.614306569099426270e-02,-6.040308158844709396e-03,-4.994953289958609099e-18,6.324896961450576782e-02,-6.269612163305282593e-02
-7.012010216712951660e-01,-1.190620422363281250e+00,6.750711202621459961e-01,-3.051909850910305977e-03,-4.493354819715023041e-03,-6.864314079284667969e-01,7.271742820739746094e-01,0.000000000000000000e+00,0.000000000000000000e+00,1.179591473191976547e-02,-1.238146305084228516e+00,-1.038438058458268642e-03,-1.675929408520460129e-03,9.845834225416183472e-03,1.231858849525451660e+00,-1.034509041346609592e-03,4.948194255121052265e-04,1.161465654149651527e-03,-5.049727484583854675e-02,-8.262282609939575195e-02,3.029756946489214897e-03,2.595944225097616964e-18,5.565576255321502686e-02,7.462178915739059448e-02,-5.890859290957450867e-02,6.614306569099426270e-02,-6.040308158844709396e-03,3.840870899324624888e-18,6.324896961450576782e-02,-6.269612163305282593e-02
-7.012010216712951660e-01,-1.190620422363281250e+00,6.750711202621459961e-01,-3.051909850910305977e-03,-4.493354819715023041e-03,-6.864314079284667969e-01,7.271742820739746094e-01,0.000000000000000000e+00,0.000000000000000000e+00,1.179591473191976547e-02,-1.238146305084228516e+00,-1.038438058458268642e-03,-1.675929408520460129e-03,9.845834225416183472e-03,1.231858849525451660e+00,-1.034509041346609592e-03,4.948194255121052265e-04,1.161465654149651527e-03,-5.049727484583854675e-02,-8.262282609939575195e-02,3.029756946489214897e-03,-1.101142831430590441e-18,5.565576255321502686e-02,7.462178915739059448e-02,-5.890859290957450867e-02,6.614306569099426270e-02,-6.040308158844709396e-03,1.000345910707328700e-18,6.324896961450576782e-02,-6.269612163305282593e-02
