-4.350086674094200134e-03,2.388173341751098633e-02,7.139195203781127930e-01,-4.658962134271860123e-03,-7.386955432593822479e-03,-6.679000258445739746e-01,7.441997528076171875e-01,0.000000000000000000e+00,0.000000000000000000e+00,2.746389061212539673e-02,-1.231044054031372070e+00,-3.262989921495318413e-03,-7.252729497849941254e-03,2.420344948768615723e-02,1.220515012741088867e+00,-3.274446586146950722e-03,4.827403929084539413e-03,4.053996875882148743e-03,-6.972782313823699951e-02,-4.387350380420684814e-02,-1.332659274339675903e-03,2.130058618377006496e-07,8.453349769115447998e-02,4.095032811164855957e-02,-7.847982645034790039e-02,2.384550869464874268e-02,-7.055460475385189056e-03,2.059380506125307875e-07,9.293810278177261353e-02,-2.755906246602535248e-02
-4.350267350673675537e-03,2.388370782136917114e-02,7.139178514480590820e-01,-4.666020628064870834e-03,-7.395831868052482605e-03,-6.679016947746276855e-01,7.441981434822082520e-01,0.000000000000000000e+00,0.000000000000000000e+00,2.778382040560245514e-02,-1.231074333190917969e+00,-3.455375088378787041e-03,-7.720903493463993073e-03,2.450439147651195526e-02,1.220534801483154297e+00,-3.444411326199769974e-03,5.269593559205532074e-03,4.117515869438648224e-03,-6.971176713705062866e-02,-4.387933015823364258e-02,-1.395352650433778763e-03,2.662573113376698331e-11,8.456559479236602783e-02,4.094936326146125793e-02,-7.844633609056472778e-02,2.383927255868911743e-02,-7.118274923413991928e-03,2.574225728413370717e-11,9.294515103101730347e-02,-2.755869179964065552e-02
-4.350264556705951691e-03,2.388373762369155884e-02,7.139178514480590820e-01,-4.666213411837816238e-03,-7.396033499389886856e-03,-6.679016947746276855e-01,7.441980838775634766e-01,0.000000000000000000e+00,0.000000000000000000e+00,2.779367566108703613e-02,-1.231074571609497070e+00,-3.461457323282957077e-03,-7.735945284366607666e-03,2.451358921825885773e-02,1.220534920692443848e+00,-3.449866082519292831e-03,5.283666774630546570e-03,4.120069090276956558e-03,-6.971147656440734863e-02,-4.387949034571647644e-02,-1.397922518663108349e-03,3.329616211922032526e-15,8.456614613533020020e-02,4.094934463500976562e-02,-7.844534516334533691e-02,2.383909001946449280e-02,-7.120846770703792572e-03,3.217267667622353451e-15,9.294465929269790649e-02,-2.755872346460819244e-02
-4.350264091044664383e-03,2.388373762369155884e-02,7.139178514480590820e-01,-4.666218534111976624e-03,-7.396039087325334549e-03,-6.679016947746276855e-01,7.441980838775634766e-01,0.000000000000000000e+00,0.000000000000000000e+00,2.779398486018180847e-02,-1.231074571609497070e+00,-3.461649874225258827e-03,-7.736420724540948868e-03,2.451387606561183929e-02,1.220534920692443848e+00,-3.450036980211734772e-03,5.284109152853488922e-03,4.120172467082738876e-03,-6.971147656440734863e-02,-4.387949779629707336e-02,-1.398027176037430763e-03,-2.372334764852841514e-18,8.456616848707199097e-02,4.094934463500976562e-02,-7.844530791044235229e-02,2.383908256888389587e-02,-7.120951544493436813e-03,-2.191935979036917399e-18,9.294463694095611572e-02,-2.755872532725334167e-02
-4.350264091044664383e-03,2.388373762369155884e-02,7.139178514480590820e-01,-4.666218999773263931e-03,-7.396039087325334549e-03,-6.679016947746276855e-01,7.441980838775634766e-01,0.000000000000000000e+00,0.000000000000000000e+00,2.779399603605270386e-02,-1.231074571609497070e+00,-3.461655927821993828e-03,-7.736435625702142715e-03,2.451388351619243622e-02,1.220534920692443848e+00,-3.450042102485895157e-03,5.284123122692108154e-03,4.120176658034324646e-03,-6.971147656440734863e-02,-4.387949779629707336e-02,-1.398031366989016533e-03,1.930853582682264689e-18,8.456616848707199097e-02,4.094934463500976562e-02,-7.844530791044235229e-02,2.383908256888389587e-02,-7.120955735445022583e-03,5.133707874630704174e-18,9.294463694095611572e-02,-2.755872532725334167e-02
-4.350264091044664383e-03,2.388373762369155884e-02,7.139178514480590820e-01,-4.666219465434551239e-03,-7.396039552986621857e-03,-6.679016947746276855e-01,7.441980838775634766e-01,0.000000000000000000e+00,0.000000000000000000e+00,2.779399603605270386e-02,-1.231074571609497070e+00,-3.461655927821993828e-03,-7.736436091363430023e-03,2.451388537883758545e-02,1.220534920692443848e+00,-3.450042335316538811e-03,5.284123122692108154e-03,4.120177123695611954e-03,-6.971147656440734863e-02,-4.387949779629707336e-02,-1.398031599819660187e-03,3.185245322767198916e-19,8.456616848707199097e-02,4.094934463500976562e-02,-7.844530791044235229e-02,2.383908256888389587e-02,-7.120955735445022583e-03,-9.425888516164260961e-19,9.294463694095611572e-02,-2.755872532725334167e-02
-4.350264091044664383e-03,2.388373762369155884e-02,7.139178514480590820e-01,-4.666219465434551239e-03,-7.396039552986621857e-03,-6.679016947746276855e-01,7.441980838775634766e-01,0.000000000000000000e+00,0.000000000000000000e+00,2.779399603605270386e-02,-1.231074571609497070e+00,-3.461655927821993828e-03,-7.736436091363430023e-03,2.451388537883758545e-02,1.220534920692443848e+00,-3.450042335316538811e-03,5.284123122692108154e-03,4.120177123695611954e-03,-6.971147656440734863e-02,-4.387949779629707336e-02,-1.398031599819660187e-03,-2.140111872889551386e-18,8.456616848707199097e-02,4.094934463500976562e-02,-7.844530791044235229e-02,2.383908256888389587e-02,-7.120955735445022583e-03,-2.005985777334996778e-18,9.294463694095611572e-02,-2.755872532725334167e-02
-4.350264091044664383e-03,2.388373762369155884e-02,7.139178514480590820e-01,-4.666219465434551239e-03,-7.396039552986621857e-03,-6.679016947746276855e-01,7.441980838775634766e-01,0.000000000000000000e+00,0.000000000000000000e+00,2.779399603605270386e-02,-1.231074571609497070e+00,-3.461655927821993828e-03,-7.736436091363430023e-03,2.451388537883758545e-02,1.220534920692443848e+00,-3.450042335316538811e-03,5.284123122692108154e-03,4.120177123695611954e-03,-6.971147656440734863e-02,-4.387949779629707336e-02,-1.398031599819660187e-03,-1.764215204850101613e-19,8.456616848707199097e-02,4.094934463500976562e-02,-7.844530791044235229e-02,2.383908256888389587e-02,-7.120955735445022583e-03,-4.860936795835217768e-18,9.294463694095611572e-02,-2.755872532725334167e-02
-4.350264091044664383e-03,2.388373762369155884e-02,7.139178514480590820e-01,-4.666219465434551239e-03,-7.396039552986621857e-03,-6.679016947746276855e-01,7.441980838775634766e-01,0.000000000000000000e+00,0.000000000000000000e+00,2.779399603605270386e-02,-1.231074571609497070e+00,-3.461655927821993828e-03,-7.736436091363430023e-03,2.451388537883758545e-02,1.220534920692443848e+00,-3.450042335316538811e-03,5.284123122692108154e-03,4.120177123695611954e-03,-6.971147656440734863e-02,-4.387949779629707336e-02,-1.398031599819660187e-03,3.678152892306868601e-18,8.456616848707199097e-02,4.094934463500976562e-02,-7.844530791044235229e-02,2.383908256888389587e-02,-7.120955735445022583e-03,1.005401638611252806e-18,9.294463694095611572e-02,-2.755872532725334167e-02
-4.350264091044664383e-03,2.388373762369155884e-02,7.139178514480590820e-01,-4.666219465434551239e-03,-7.396039552986621857e-03,-6.679016947746276855e-01,7.441980838775634766e-01,0.000000000000000000e+00,0.000000000000000000e+00,2.779399603605270386e-02,-1.231074571609497070e+00,-3.461655927821993828e-03,-7.736436091363430023e-03,2.451388537883758545e-02,1.220534920692443848e+00,-3.450042335316538811e-03,5.284123122692108154e-03,4.120177123695611954e-03,-6.971147656440734863e-02,-4.387949779629707336e-02,-1.398031599819660187e-03,3.619119493530796675e-18,8.456616848707199097e-02,4.094934463500976562e-02,-7.844530791044235229e-02,2.383908256888389587e-02,-7.120955735445022583e-03,2.781523849885113829e-18,9.294463694095611572e-02,-2.755872532725334167e-02
-4.350264091044664383e-03,2.388373762369155884e-02,7.139178514480590820e-01,-4.666219465434551239e-03,-7.396039552986621857e-03,-6.679016947746276855e-01,7.441980838775634766e-01,0.000000000000000000e+00,0.000000000000000000e+00,2.779399603605270386e-02,-1.231074571609497070e+00,-3.461655927821993828e-03,-7.736436091363430023e-03,2.451388537883758545e-02,1.220534920692443848e+00,-3.450042335316538811e-03,5.284123122692108154e-03,4.120177123695611954e-03,-6.971147656440734863e-02,-4.387949779629707336e-02,-1.398031599819660187e-03,-2.331468527075118596e-18,8.456616848707199097e-02,4.094934463500976562e-02,-7.844530791044235229e-02,2.383908256888389587e-02,-7.120955735445022583e-03,9.652999225146820239e-19,9.294463694095611572e-02,-2.755872532725334167e-02
-4.350264091044664383e-03,2.388373762369155884e-02,7.139178514480590820e-01,-4.666219465434551239e-03,-7.396040018647909164e-03,-6.679016947746276855e-01,7.441980838775634766e-01,0.000000000000000000e+00,0.000000000000000000e+00,2.779399603605270386e-02,-1.231074571609497070e+00,-3.461655927821993828e-03,-7.736435625702142715e-03,2.451388537883758545e-02,1.220534920692443848e+00,-3.450042335316538811e-03,5.284123122692108154e-03,4.120177123695611954e-03,-6.971147656440734863e-02,-4.387949779629707336e-02,-1.398031599819660187e-03,-3.712412645327283625e-18,8.456616848707199097e-02,4.094934463500976562e-02,-7.844530791044235229e-02,2.383908256888389587e-02,-7.120956201106309891e-03,3.601107635692454498e-18,9.294463694095611572e-02,-2.755872532725334167e-02
-4.350264091044664383e-03,2.388373762369155884e-02,7.139178514480590820e-01,-4.666219465434551239e-03,-7.396040018647909164e-03,-6.679016947746276855e-01,7.441980838775634766e-01,0.000000000000000000e+00,0.000000000000000000e+00,2.779399603605270386e-02,-1.231074571609497070e+00,-3.461655927821993828e-03,-7.736436091363430023e-03,2.451388537883758545e-02,1.220534920692443848e+00,-3.450042335316538811e-03,5.284123122692108154e-03,4.120177123695611954e-03,-6.971147656440734863e-02,-4.387949779629707336e-02,-1.398031599819660187e-03,2.866186612760528765e-18,8.456616848707199097e-02,4.094934463500976562e-02,-7.844530791044235229e-02,2.383908256888389587e-02,-7.120955735445022583e-03,3.247841957128207863e-18,9.294463694095611572e-02,-2.755872532725334167e-02
-4.350270144641399384e-03,2.388373762369155884e-02,7.139178514480590820e-01,-4.666197579354047775e-03,-7.396060507744550705e-03,-6.679016947746276855e-01,7.441980838775634766e-01,0.000000000000000000e+00,0.000000000000000000e+00,2.779399976134300232e-02,-1.231074571609497070e+00,-3.461656626313924789e-03,-7.736440747976303101e-03,2.451388910412788391e-02,1.220534920692443848e+00,-3.450043965131044388e-03,5.284124054014682770e-03,4.120192024856805801e-03,-6.971148401498794556e-02,-4.387959465384483337e-02,-1.398039050400257111e-03,-3.175306489213432866e-18,8.456617593765258789e-02,4.094937816262245178e-02,-7.844532281160354614e-02,2.383903227746486664e-02,-7.120967376977205276e-03,-2.755265828520230519e-18,9.294465184211730957e-02,-2.755873650312423706e-02
-3.153290832415223122e-03,2.116380818188190460e-02,7.153616547584533691e-01,4.447903484106063843e-03,2.704123733565211296e-03,-6.731445789337158203e-01,7.394925951957702637e-01,0.000000000000000000e+00,0.000000000000000000e+00,8.888155221939086914e-03,-1.214682579040527344e+00,3.582426533102989197e-02,-8.582027256488800049e-02,3.069789707660675049e-02,1.218301057815551758e+00,1.827870681881904602e-02,4.941926151514053345e-02,2.156407013535499573e-02,-7.172393053770065308e-02,-3.923393040895462036e-02,1.785794831812381744e-02,7.390690501779317856e-03,8.877890557050704956e-02,3.150570392608642578e-02,-1.246682628989219666e-01,2.351036854088306427e-02,-2.849616855382919312e-02,3.212093934416770935e-02,9.037881344556808472e-02,-1.135817728936672211e-02
-1.943210139870643616e-03,1.840076036751270294e-02,7.167644500732421875e-01,1.343808788806200027e-02,1.289105508476495743e-02,-6.783298254013061523e-01,7.345215082168579102e-01,0.000000000000000000e+00,0.000000000000000000e+00,-8.647230453789234161e-03,-1.197675704956054688e+00,7.525892555713653564e-02,-1.661097407341003418e-01,3.772862255573272705e-02,1.215770959854125977e+00,4.004487395286560059e-02,9.475082904100418091e-02,3.957146406173706055e-02,-7.367473095655441284e-02,-3.500146418809890747e-02,3.669089823961257935e-02,1.496279425919055939e-02,9.304502606391906738e-02,2.213975042104721069e-02,-1.721955686807632446e-01,2.249385602772235870e-02,-4.987047240138053894e-02,6.657754629850387573e-02,8.675125986337661743e-02,4.675932694226503372e-03
-7.259567501023411751e-04,1.558172143995761871e-02,7.181281447410583496e-01,2.235569991171360016e-02,2.319966815412044525e-02,-6.834344863891601562e-01,7.293005585670471191e-01,0.000000000000000000e+00,0.000000000000000000e+00,-2.498041652143001556e-02,-1.179882764816284180e+00,1.148979887366294861e-01,-2.487914711236953735e-01,4.539471492171287537e-02,1.212805628776550293e+00,6.194955110549926758e-02,1.412203162908554077e-01,5.760258063673973083e-02,-7.558213174343109131e-02,-3.118272311985492706e-02,5.560025200247764587e-02,2.262909896671772003e-02,9.727744013071060181e-02,1.283902022987604141e-02,-2.211256623268127441e-01,2.073632925748825073e-02,-7.068067044019699097e-02,1.032024770975112915e-01,8.200421929359436035e-02,2.056454122066497803e-02
4.899844061583280563e-04,1.273393258452415466e-02,7.194363474845886230e-01,3.116767294704914093e-02,3.353368863463401794e-02,-6.884818673133850098e-01,7.238070964813232422e-01,0.000000000000000000e+00,0.000000000000000000e+00,-4.149284958839416504e-02,-1.161759972572326660e+00,1.543442010879516602e-01,-3.307437002658843994e-01,5.286257714033126831e-02,1.209510445594787598e+00,8.391661942005157471e-02,1.869032680988311768e-01,7.546187192201614380e-02,-7.700962573289871216e-02,-2.785717137157917023e-02,7.481948286294937134e-02,2.997286617755889893e-02,1.017095446586608887e-01,3.709452226758003235e-03,-2.698909044265747070e-01,1.836848817765712738e-02,-9.056232869625091553e-02,1.393470019102096558e-01,7.809974998235702515e-02,3.617874532938003540e-02
1.699376152828335762e-03,9.848472662270069122e-03,7.206912636756896973e-01,3.990677371621131897e-02,4.391765967011451721e-02,-6.934541463851928711e-01,7.180529236793518066e-01,0.000000000000000000e+00,0.000000000000000000e+00,-5.768640711903572083e-02,-1.143164157867431641e+00,1.936067938804626465e-01,-4.133434593677520752e-01,6.045181304216384888e-02,1.205782294273376465e+00,1.059354320168495178e-01,2.326404452323913574e-01,9.319664537906646729e-02,-7.815519720315933228e-02,-2.505501732230186462e-02,9.424987435340881348e-02,3.717655315995216370e-02,1.062448471784591675e-01,-5.302581470459699631e-03,-3.193455338478088379e-01,1.536013931035995483e-02,-1.095677688717842102e-01,1.764913946390151978e-01,7.406944036483764648e-02,5.156305059790611267e-02
2.895485376939177513e-03,6.927431561052799225e-03,7.218884825706481934e-01,4.858737438917160034e-02,5.433653667569160461e-02,-6.983470320701599121e-01,7.120380997657775879e-01,0.000000000000000000e+00,0.000000000000000000e+00,-7.360310852527618408e-02,-1.124141931533813477e+00,2.325260639190673828e-01,-4.966236650943756104e-01,6.814199686050415039e-02,1.201579689979553223e+00,1.279572844505310059e-01,2.784363925457000732e-01,1.107780933380126953e-01,-7.901891320943832397e-02,-2.282660268247127533e-02,1.138982623815536499e-01,4.423736780881881714e-02,1.108848229050636292e-01,-1.420074887573719025e-02,-3.695679605007171631e-01,1.173142623156309128e-02,-1.276112198829650879e-01,2.147874236106872559e-01,6.986767053604125977e-02,6.670878082513809204e-02
4.071570932865142822e-03,3.973004408180713654e-03,7.230234146118164062e-01,5.722369253635406494e-02,6.477472186088562012e-02,-7.031570076942443848e-01,7.057619094848632812e-01,0.000000000000000000e+00,0.000000000000000000e+00,-8.929038047790527344e-02,-1.104750037193298340e+00,2.709466516971588135e-01,-5.805954933166503906e-01,7.590571790933609009e-02,1.196867227554321289e+00,1.499371826648712158e-01,3.242799341678619385e-01,1.281919032335281372e-01,-7.959968596696853638e-02,-2.122394926846027374e-02,1.337573826313018799e-01,5.114970356225967407e-02,1.156336069107055664e-01,-2.298937179148197174e-02,-4.205925762653350830e-01,7.511157076805830002e-03,-1.446173191070556641e-01,2.543076276779174805e-01,6.548269093036651611e-02,8.160772174596786499e-02
5.871038418263196945e-03,2.579004270955920219e-03,7.233917713165283203e-01,5.878480896353721619e-02,7.152733206748962402e-02,-7.093830108642578125e-01,6.987159252166748047e-01,0.000000000000000000e+00,0.000000000000000000e+00,-8.067045360803604126e-02,-1.085619926452636719e+00,3.026001453399658203e-01,-6.651104688644409180e-01,1.054907590150833130e-01,1.202083468437194824e+00,1.766444146633148193e-01,3.738620281219482422e-01,1.579358428716659546e-01,-6.242608278989791870e-02,-1.330971904098987579e-02,1.471716314554214478e-01,5.147809535264968872e-02,1.242416575551033020e-01,-3.161596506834030151e-02,-4.402700662612915039e-01,8.450278080999851227e-03,-1.749307513236999512e-01,2.666425704956054688e-01,7.287792861461639404e-02,9.435854852199554443e-02
7.141285575926303864e-03,-2.794488682411611080e-04,7.243887186050415039e-01,6.648788601160049438e-02,8.186270296573638916e-02,-7.142803668975830078e-01,6.918680667877197266e-01,0.000000000000000000e+00,0.000000000000000000e+00,-9.354704618453979492e-02,-1.064698576927185059e+00,3.387051820755004883e-01,-7.506334185600280762e-01,1.150912865996360779e-01,1.197195887565612793e+00,1.993522495031356812e-01,4.202909767627716064e-01,1.761468946933746338e-01,-6.117411702871322632e-02,-1.162530574947595596e-02,1.674337387084960938e-01,5.776190757751464844e-02,1.293926239013671875e-01,-4.007709398865699768e-02,-4.908773303031921387e-01,3.967904485762119293e-03,-1.916050910949707031e-01,3.075297474861145020e-01,6.820124387741088867e-02,1.083183437585830688e-01
8.384408429265022278e-03,-3.156375139951705933e-03,7.253187894821166992e-01,7.413233071565628052e-02,9.217203408479690552e-02,-7.191105484962463379e-01,6.847544908523559570e-01,0.000000000000000000e+00,0.000000000000000000e+00,-1.066989004611968994e-01,-1.043833255767822266e+00,3.742189705371856689e-01,-8.359797596931457520e-01,1.244230791926383972e-01,1.191775083541870117e+00,2.220667451620101929e-01,4.661853313446044922e-01,1.941216886043548584e-01,-5.955307930707931519e-02,-1.062064524739980698e-02,1.880444139242172241e-01,6.387254595756530762e-02,1.346666365861892700e-01,-4.841157048940658569e-02,-5.420302748680114746e-01,-9.734653867781162262e-04,-2.071395814418792725e-01,3.493493199348449707e-01,6.356970965862274170e-02,1.219812557101249695e-01
1.024576183408498764e-02,-4.691032227128744125e-03,7.259981036186218262e-01,7.576262205839157104e-02,9.963220357894897461e-02,-7.253507375717163086e-01,6.769044995307922363e-01,0.000000000000000000e+00,0.000000000000000000e+00,-1.013180464506149292e-01,-1.021355628967285156e+00,4.003033041954040527e-01,-9.149886369705200195e-01,1.487773954868316650e-01,1.192510962486267090e+00,2.511009573936462402e-01,5.116825699806213379e-01,2.270717620849609375e-01,-4.395389929413795471e-02,-4.661418963223695755e-03,1.970677971839904785e-01,6.269010156393051147e-02,1.454891860485076904e-01,-5.631843581795692444e-02,-5.608665347099304199e-01,-2.315078629180788994e-03,-2.362317591905593872e-01,3.571285903453826904e-01,7.453140616416931152e-02,1.348342299461364746e-01
1.163407601416110992e-02,-7.295667659491300583e-03,7.268258333206176758e-01,8.176919817924499512e-02,1.093890666961669922e-01,-7.305092215538024902e-01,6.691069602966308594e-01,0.000000000000000000e+00,0.000000000000000000e+00,-1.089337840676307678e-01,-9.994460940361022949e-01,4.303508996963500977e-01,-1.000298261642456055e+00,1.611809581518173218e-01,1.187299728393554688e+00,2.757494449615478516e-01,5.574277043342590332e-01,2.491927146911621094e-01,-3.891311585903167725e-02,-3.282762831076979637e-03,2.147455215454101562e-01,6.703677028417587280e-02,1.523771435022354126e-01,-6.434869021177291870e-02,-6.055027842521667480e-01,-7.541527040302753448e-03,-2.539030015468597412e-01,3.929115831851959229e-01,7.315124571323394775e-02,1.476947367191314697e-01
1.311197876930236816e-02,-9.709919802844524384e-03,7.275150418281555176e-01,8.668775856494903564e-02,1.187278553843498230e-01,-7.357550263404846191e-01,6.611002087593078613e-01,0.000000000000000000e+00,0.000000000000000000e+00,-1.101554557681083679e-01,-9.748497009277343750e-01,4.585699141025543213e-01,-1.091632723808288574e+00,1.782242357730865479e-01,1.182044744491577148e+00,3.024446070194244385e-01,6.069941520690917969e-01,2.723301351070404053e-01,-3.145047277212142944e-02,-1.283571240492165089e-03,2.320190072059631348e-01,7.059632241725921631e-02,1.595406234264373779e-01,-7.228235155344009399e-02,-6.502904891967773438e-01,-1.327423565089702606e-02,-2.721690237522125244e-01,4.333224594593048096e-01,6.881528347730636597e-02,1.601215153932571411e-01
1.442625187337398529e-02,-1.239492371678352356e-02,7.281974554061889648e-01,9.271314740180969238e-02,1.285412907600402832e-01,-7.407282590866088867e-01,6.528422832489013672e-01,0.000000000000000000e+00,0.000000000000000000e+00,-1.166688725352287292e-01,-9.525291919708251953e-01,4.857274293899536133e-01,-1.179789662361145020e+00,1.904773116111755371e-01,1.175330281257629395e+00,3.267214596271514893e-01,6.531741023063659668e-01,2.921158075332641602e-01,-2.610124275088310242e-02,-1.244515297003090382e-03,2.523471117019653320e-01,7.524599134922027588e-02,1.658709198236465454e-01,-8.008854836225509644e-02,-6.996223330497741699e-01,-1.929939724504947662e-02,-2.860957682132720947e-01,4.769124090671539307e-01,6.422314792871475220e-02,1.721099317073822021e-01
1.569222472608089447e-02,-1.510374527424573898e-02,7.288043498992919922e-01,9.873943775892257690e-02,1.383156329393386841e-01,-7.456192970275878906e-01,6.443377733230590820e-01,0.000000000000000000e+00,0.000000000000000000e+00,-1.235485374927520752e-01,-9.308232665061950684e-01,5.119379758834838867e-01,-1.267560601234436035e+00,2.022263854742050171e-01,1.168043613433837891e+00,3.508010208606719971e-01,6.986162066459655762e-01,3.110821545124053955e-01,-2.043002285063266754e-02,-2.020170912146568298e-03,2.736012935638427734e-01,7.986214756965637207e-02,1.721104234457015991e-01,-8.778088539838790894e-02,-7.501575350761413574e-01,-2.544921264052391052e-02,-2.984291911125183105e-01,5.225408077239990234e-01,5.904699116945266724e-02,1.836505830287933350e-01
1.691598817706108093e-02,-1.782270707190036774e-02,7.293319106101989746e-01,1.047023981809616089e-01,1.480174511671066284e-01,-7.504550218582153320e-01,6.355670690536499023e-01,0.000000000000000000e+00,0.000000000000000000e+00,-1.300353258848190308e-01,-9.094762802124023438e-01,5.364699363708496094e-01,-1.355719685554504395e+00,2.138849496841430664e-01,1.160120964050292969e+00,3.746609389781951904e-01,7.438408732414245605e-01,3.298729658126831055e-01,-1.436556596308946609e-02,-3.581973258405923843e-03,2.951588332653045654e-01,8.436626940965652466e-02,1.784020215272903442e-01,-9.535356611013412476e-02,-8.014858365058898926e-01,-3.190475329756736755e-02,-3.096919357776641846e-01,5.699159502983093262e-01,5.331590399146080017e-02,1.947531998157501221e-01
1.514059957116842270e-02,-3.403891995549201965e-02,7.263965010643005371e-01,1.135146915912628174e-01,1.445060074329376221e-01,-7.480796575546264648e-01,6.376591920852661133e-01,0.000000000000000000e+00,0.000000000000000000e+00,-1.192574128508567810e-01,-9.053831696510314941e-01,5.380785465240478516e-01,-1.387701869010925293e+00,1.956329643726348877e-01,1.162379622459411621e+00,3.679805099964141846e-01,7.564356327056884766e-01,3.267640173435211182e-01,-2.269746735692024231e-02,-6.127729080617427826e-03,2.982221543788909912e-01,1.275119185447692871e-01,2.230161577463150024e-01,-9.398274123668670654e-02,-7.885209918022155762e-01,-2.999683469533920288e-02,-2.971353232860565186e-01,5.523647069931030273e-01,3.898843750357627869e-02,1.805986613035202026e-01
1.328157726675271988e-02,-5.548650026321411133e-02,7.221318483352661133e-01,1.237475052475929260e-01,1.422395855188369751e-01,-7.451398372650146484e-01,6.397039294242858887e-01,0.000000000000000000e+00,0.000000000000000000e+00,-7.670255750417709351e-02,-8.989105224609375000e-01,5.318183302879333496e-01,-1.422282576560974121e+00,1.651505231857299805e-01,1.173677086830139160e+00,3.606145977973937988e-01,7.815511226654052734e-01,3.026863932609558105e-01,-6.091840565204620361e-02,6.875561084598302841e-04,3.013150691986083984e-01,2.232196033000946045e-01,2.609059512615203857e-01,-6.351722776889801025e-02,-7.500181794166564941e-01,-1.687457598745822906e-02,-2.719138562679290771e-01,5.103231072425842285e-01,7.737443083897233009e-04,1.462692022323608398e-01
1.038219314068555832e-02,-8.257173001766204834e-02,7.184005975723266602e-01,1.379074156284332275e-01,1.396519690752029419e-01,-7.398560047149658203e-01,6.434997916221618652e-01,0.000000000000000000e+00,0.000000000000000000e+00,-2.244865149259567261e-02,-8.956497907638549805e-01,5.089285969734191895e-01,-1.470137953758239746e+00,1.120103895664215088e-01,1.184270262718200684e+00,3.485989570617675781e-01,8.248952627182006836e-01,2.343392819166183472e-01,-1.695216745138168335e-01,1.437787804752588272e-02,3.215955495834350586e-01,4.119887650012969971e-01,2.712634801864624023e-01,-7.465802598744630814e-03,-7.259986996650695801e-01,8.557266555726528168e-03,-2.047764956951141357e-01,4.870570600032806396e-01,-8.279669284820556641e-02,9.273897856473922729e-02
6.249990779906511307e-03,-1.152166947722434998e-01,7.165693044662475586e-01,1.579552739858627319e-01,1.383531391620635986e-01,-7.296901345252990723e-01,6.507387161254882812e-01,0.000000000000000000e+00,0.000000000000000000e+00,3.722974658012390137e-02,-8.934289813041687012e-01,4.727565348148345947e-01,-1.527724623680114746e+00,3.989322111010551453e-02,1.188041925430297852e+00,3.352650403976440430e-01,8.991098999977111816e-01,1.363893747329711914e-01,-3.633780777454376221e-01,5.049708485603332520e-02,3.528735935688018799e-01,6.856770515441894531e-01,2.207759171724319458e-01,6.150410324335098267e-02,-7.164445519447326660e-01,3.875257819890975952e-02,-1.179489716887474060e-01,4.949654042720794678e-01,-1.653888821601867676e-01,4.522795602679252625e-02
2.263935748487710953e-03,-1.510876119136810303e-01,7.168270349502563477e-01,1.766894310712814331e-01,1.385785639286041260e-01,-7.138496041297912598e-01,6.633216738700866699e-01,0.000000000000000000e+00,0.000000000000000000e+00,1.047888547182083130e-01,-8.862926363945007324e-01,4.403342306613922119e-01,-1.572077631950378418e+00,-2.859422564506530762e-02,1.189789652824401855e+00,3.271223008632659912e-01,9.965758323669433594e-01,3.923658281564712524e-02,-5.881699919700622559e-01,1.005414053797721863e-01,3.613016605377197266e-01,9.175758957862854004e-01,1.152030304074287415e-01,1.215121373534202576e-01,-6.820335984230041504e-01,6.108784303069114685e-02,-5.116969719529151917e-02,4.748521745204925537e-01,-2.153282463550567627e-01,3.003737144172191620e-02
-1.581233809702098370e-03,-1.900185495615005493e-01,7.209454178810119629e-01,1.949479728937149048e-01,1.406956017017364502e-01,-6.908144950866699219e-01,6.818910241127014160e-01,0.000000000000000000e+00,0.000000000000000000e+00,1.764095127582550049e-01,-8.844330906867980957e-01,4.096455276012420654e-01,-1.603796839714050293e+00,-7.694798707962036133e-02,1.187050223350524902e+00,3.166688680648803711e-01,1.132340073585510254e+00,-4.778156429529190063e-02,-8.034527301788330078e-01,1.310022473335266113e-01,3.423969149589538574e-01,1.049211382865905762e+00,9.545254521071910858e-03,1.532592773437500000e-01,-6.009734272956848145e-01,6.649910658597946167e-02,-1.337073091417551041e-02,3.832847476005554199e-01,-2.416705042123794556e-01,4.016924276947975159e-02
-3.923294600099325180e-03,-2.310106456279754639e-01,7.262683510780334473e-01,2.107623219490051270e-01,1.450621336698532104e-01,-6.673998832702636719e-01,6.993665695190429688e-01,0.000000000000000000e+00,0.000000000000000000e+00,2.318404912948608398e-01,-8.932281136512756348e-01,3.708572387695312500e-01,-1.630204558372497559e+00,-9.143275022506713867e-02,1.166205644607543945e+00,2.943001985549926758e-01,1.319002747535705566e+00,-1.115198954939842224e-01,-9.870619177818298340e-01,1.248248443007469177e-01,3.120155930519104004e-01,1.057770609855651855e+00,-7.955958694219589233e-02,1.498440504074096680e-01,-4.949375092983245850e-01,6.119040027260780334e-02,-7.075429894030094147e-03,2.677226662635803223e-01,-2.254955768585205078e-01,7.624891400337219238e-02
-3.997219726443290710e-03,-2.720782458782196045e-01,7.282630801200866699e-01,2.202703505754470825e-01,1.485182195901870728e-01,-6.516386866569519043e-01,7.104859948158264160e-01,0.000000000000000000e+00,0.000000000000000000e+00,2.692639529705047607e-01,-9.232155084609985352e-01,3.364695310592651367e-01,-1.654117107391357422e+00,-6.165762990713119507e-02,1.139387011528015137e+00,2.690255939960479736e-01,1.451192736625671387e+00,-1.451304256916046143e-01,-1.080471277236938477e+00,8.322764933109283447e-02,2.941250503063201904e-01,9.413956999778747559e-01,-1.313886195421218872e-01,1.300639361143112183e-01,-3.879128098487854004e-01,5.001115426421165466e-02,-3.253004699945449829e-02,1.725254505872726440e-01,-1.227480992674827576e-01,1.406755745410919189e-01
-2.561052097007632256e-03,-3.128635585308074951e-01,7.316420078277587891e-01,2.275100499391555786e-01,1.521504074335098267e-01,-6.426688432693481445e-01,7.155879735946655273e-01,0.000000000000000000e+00,0.000000000000000000e+00,2.801625430583953857e-01,-9.672201275825500488e-01,3.125323057174682617e-01,-1.677159070968627930e+00,-5.751496646553277969e-03,1.101131319999694824e+00,2.570278942584991455e-01,1.534474134445190430e+00,-1.534896492958068848e-01,-1.112870097160339355e+00,2.145394124090671539e-02,2.818621397018432617e-01,7.637509703636169434e-01,-1.456789374351501465e-01,9.495777636766433716e-02,-3.006368875503540039e-01,3.722773119807243347e-02,-6.448283046483993530e-02,1.317750662565231323e-01,9.281742572784423828e-02,2.150956541299819946e-01
1.551589695736765862e-03,-3.511434197425842285e-01,7.327398657798767090e-01,2.202232927083969116e-01,1.539384126663208008e-01,-6.413292884826660156e-01,7.186803221702575684e-01,0.000000000000000000e+00,0.000000000000000000e+00,2.653012871742248535e-01,-1.009854674339294434e+00,3.105003237724304199e-01,-1.693150639533996582e+00,6.526543945074081421e-02,1.079768180847167969e+00,2.570340335369110107e-01,1.546731948852539062e+00,-1.552823632955551147e-01,-1.090261340141296387e+00,-1.873327791690826416e-02,2.697905302047729492e-01,5.907636284828186035e-01,-1.378356516361236572e-01,7.520969957113265991e-02,-2.439688295125961304e-01,3.863478451967239380e-02,-6.738394498825073242e-02,1.490629464387893677e-01,2.881225645542144775e-01,2.783683836460113525e-01
7.054610177874565125e-03,-3.897951543331146240e-01,7.317795157432556152e-01,2.077903896570205688e-01,1.555331051349639893e-01,-6.466083526611328125e-01,7.173076272010803223e-01,0.000000000000000000e+00,0.000000000000000000e+00,2.313566803932189941e-01,-1.054391741752624512e+00,3.096948564052581787e-01,-1.700620412826538086e+00,1.430736035108566284e-01,1.063513517379760742e+00,2.548076808452606201e-01,1.511420011520385742e+00,-1.373620182275772095e-01,-1.021318554878234863e+00,-4.355861246585845947e-02,2.601789236068725586e-01,4.683465361595153809e-01,-1.291493624448776245e-01,8.325608074665069580e-02,-2.256460636854171753e-01,2.965676598250865936e-02,-7.683102041482925415e-02,2.440557181835174561e-01,3.499999940395355225e-01,2.977363169193267822e-01
1.448380760848522186e-02,-4.287719428539276123e-01,7.276878952980041504e-01,1.895621716976165771e-01,1.584120392799377441e-01,-6.579398512840270996e-01,7.113978862762451172e-01,0.000000000000000000e+00,0.000000000000000000e+00,1.622460633516311646e-01,-1.088498353958129883e+00,3.048547804355621338e-01,-1.703845381736755371e+00,2.059189230203628540e-01,1.059085845947265625e+00,2.555266320705413818e-01,1.447464585304260254e+00,-8.428467065095901489e-02,-9.444258213043212891e-01,-7.060746848583221436e-02,2.411971986293792725e-01,4.409370124340057373e-01,-1.642105281352996826e-01,1.306012719869613647e-01,-2.672322392463684082e-01,1.330662798136472702e-02,-1.105146035552024841e-01,4.320519864559173584e-01,3.499999940395355225e-01,2.888942956924438477e-01
2.312861755490303040e-02,-4.704609811305999756e-01,7.206088304519653320e-01,1.757728755474090576e-01,1.659663319587707520e-01,-6.728326082229614258e-01,6.991819143295288086e-01,0.000000000000000000e+00,0.000000000000000000e+00,8.702702075242996216e-02,-1.114052891731262207e+00,2.907457947731018066e-01,-1.719579577445983887e+00,2.607691884040832520e-01,1.062721133232116699e+00,2.402277439832687378e-01,1.378458023071289062e+00,-1.227356959134340286e-02,-8.665108084678649902e-01,-9.397652000188827515e-02,2.153414189815521240e-01,4.734259843826293945e-01,-2.642438411712646484e-01,2.102486640214920044e-01,-3.748704195022583008e-01,-2.160880342125892639e-02,-1.588544845581054688e-01,6.677296161651611328e-01,3.499999940395355225e-01,2.511396110057830811e-01
3.107660822570323944e-02,-5.131486058235168457e-01,7.204741835594177246e-01,1.685989201068878174e-01,1.700510978698730469e-01,-6.915130615234375000e-01,6.815179586410522461e-01,0.000000000000000000e+00,0.000000000000000000e+00,4.967668280005455017e-02,-1.126867532730102539e+00,2.764411568641662598e-01,-1.743672847747802734e+00,3.070468306541442871e-01,1.065738201141357422e+00,2.143770158290863037e-01,1.365189790725708008e+00,5.074290186166763306e-02,-7.739870548248291016e-01,-1.128643825650215149e-01,1.904427856206893921e-01,4.748916923999786377e-01,-3.455517292022705078e-01,2.450177520513534546e-01,-5.106693506240844727e-01,-6.098539754748344421e-02,-1.661795377731323242e-01,8.204265832901000977e-01,3.499999940395355225e-01,1.880223751068115234e-01
3.806127980351448059e-02,-5.557907819747924805e-01,7.205340862274169922e-01,1.655406802892684937e-01,1.699086874723434448e-01,-7.145734429359436035e-01,6.581125855445861816e-01,0.000000000000000000e+00,0.000000000000000000e+00,2.028847485780715942e-02,-1.130863547325134277e+00,3.117299079895019531e-01,-1.733714222908020020e+00,3.077903687953948975e-01,1.069351434707641602e+00,2.052376270294189453e-01,1.382524728775024414e+00,1.161247715353965759e-01,-6.566436290740966797e-01,-1.401685029268264771e-01,1.747947931289672852e-01,4.314000606536865234e-01,-4.155963361263275146e-01,2.542562186717987061e-01,-6.787469387054443359e-01,-1.001219525933265686e-01,-1.521605849266052246e-01,9.586268067359924316e-01,2.452569156885147095e-01,1.296094954013824463e-01
4.353647306561470032e-02,-5.937275886535644531e-01,7.237660288810729980e-01,1.522305011749267578e-01,1.531460434198379517e-01,-7.391067147254943848e-01,6.380387544631958008e-01,0.000000000000000000e+00,0.000000000000000000e+00,1.743869110941886902e-02,-1.134089231491088867e+00,3.624809682369232178e-01,-1.678307652473449707e+00,2.770647704601287842e-01,1.076113343238830566e+00,2.296090722084045410e-01,1.407087445259094238e+00,1.565549373626708984e-01,-4.919036924839019775e-01,-1.595573127269744873e-01,1.633794456720352173e-01,3.645676076412200928e-01,-3.705353736877441406e-01,2.202088087797164917e-01,-8.020214438438415527e-01,-1.278609633445739746e-01,-1.483615189790725708e-01,9.069236516952514648e-01,7.110246270895004272e-02,7.047295570373535156e-02
4.757911711931228638e-02,-6.351285576820373535e-01,7.305722832679748535e-01,1.496424674987792969e-01,1.466721594333648682e-01,-7.544080018997192383e-01,6.220635175704956055e-01,0.000000000000000000e+00,0.000000000000000000e+00,4.835098609328269958e-02,-1.120763778686523438e+00,4.188788831233978271e-01,-1.624383449554443359e+00,2.305472046136856079e-01,1.095378279685974121e+00,2.820723354816436768e-01,1.428701639175415039e+00,1.757530272006988525e-01,-3.842220008373260498e-01,-1.594885289669036865e-01,1.861887723207473755e-01,3.413890004158020020e-01,-1.806592047214508057e-01,1.237933114171028137e-01,-8.303747177124023438e-01,-9.475968033075332642e-02,-1.660333424806594849e-01,6.767975091934204102e-01,-2.526917867362499237e-02,7.112762331962585449e-02
4.772560298442840576e-02,-6.766226887702941895e-01,7.353202104568481445e-01,1.551804542541503906e-01,1.328697800636291504e-01,-7.578176259994506836e-01,6.196588277816772461e-01,0.000000000000000000e+00,0.000000000000000000e+00,8.498337119817733765e-02,-1.092384934425354004e+00,4.673979878425598145e-01,-1.580383062362670898e+00,1.733557581901550293e-01,1.124893069267272949e+00,3.287390172481536865e-01,1.437320113182067871e+00,1.771654784679412842e-01,-3.775022625923156738e-01,-1.514945626258850098e-01,2.066979557275772095e-01,4.501876533031463623e-01,5.809597298502922058e-02,3.549798578023910522e-02,-7.918179035186767578e-01,-5.554778128862380981e-02,-1.909006536006927490e-01,3.841802477836608887e-01,-4.931321367621421814e-02,9.406521171331405640e-02
4.524128511548042297e-02,-7.189158797264099121e-01,7.322812676429748535e-01,1.653278172016143799e-01,1.142138838768005371e-01,-7.488000392913818359e-01,6.316015124320983887e-01,0.000000000000000000e+00,0.000000000000000000e+00,1.244386583566665649e-01,-1.058945178985595703e+00,4.749666750431060791e-01,-1.533876657485961914e+00,1.202196925878524780e-01,1.139350652694702148e+00,3.435620963573455811e-01,1.446206212043762207e+00,1.539550274610519409e-01,-4.658415913581848145e-01,-1.351924240589141846e-01,2.273750752210617065e-01,6.728898286819458008e-01,2.256021201610565186e-01,-5.271552596241235733e-03,-7.378380298614501953e-01,-4.186330363154411316e-02,-1.874880492687225342e-01,2.390543073415756226e-01,-4.084361344575881958e-02,7.289437204599380493e-02
4.522322118282318115e-02,-7.606171965599060059e-01,7.210301160812377930e-01,1.616197228431701660e-01,9.745524823665618896e-02,-7.382130026817321777e-01,6.476288437843322754e-01,0.000000000000000000e+00,0.000000000000000000e+00,1.996424049139022827e-01,-1.019070625305175781e+00,4.425969421863555908e-01,-1.505141615867614746e+00,1.173743307590484619e-01,1.127948641777038574e+00,3.262353837490081787e-01,1.453844308853149414e+00,1.130685657262802124e-01,-5.712577104568481445e-01,-9.645695984363555908e-02,2.418200820684432983e-01,8.530020713806152344e-01,2.375608384609222412e-01,1.378203835338354111e-02,-6.631507277488708496e-01,-4.635267704725265503e-02,-1.615969091653823853e-01,2.291118949651718140e-01,-6.785916537046432495e-02,3.619417175650596619e-02
4.612976312637329102e-02,-8.058751821517944336e-01,7.086304426193237305e-01,1.619219034910202026e-01,9.406767785549163818e-02,-7.244427204132080078e-01,6.634119153022766113e-01,0.000000000000000000e+00,0.000000000000000000e+00,2.585839331150054932e-01,-9.688622951507568359e-01,3.864252269268035889e-01,-1.464977622032165527e+00,1.126878559589385986e-01,1.098776698112487793e+00,2.887847125530242920e-01,1.423835635185241699e+00,1.937642507255077362e-02,-7.342114448547363281e-01,9.237986523658037186e-04,2.855710387229919434e-01,1.001262426376342773e+00,1.511686593294143677e-01,4.178760945796966553e-02,-6.266183853149414062e-01,-3.240314871072769165e-02,-9.202596545219421387e-02,3.111610412597656250e-01,-1.910313814878463745e-01,-1.644560322165489197e-02
4.734682664275169373e-02,-8.534401059150695801e-01,7.029755115509033203e-01,1.673337072134017944e-01,9.669637680053710938e-02,-7.099955081939697266e-01,6.771673560142517090e-01,0.000000000000000000e+00,0.000000000000000000e+00,2.929117083549499512e-01,-9.189459085464477539e-01,3.542010784149169922e-01,-1.420904040336608887e+00,1.287121176719665527e-01,1.060220003128051758e+00,2.635270953178405762e-01,1.343665719032287598e+00,-6.155886501073837280e-02,-8.898543715476989746e-01,8.655578643083572388e-02,2.818534970283508301e-01,1.000813364982604980e+00,6.134518980979919434e-02,4.286601021885871887e-02,-5.884467363357543945e-01,-1.818680576980113983e-02,-3.173551708459854126e-02,3.865804970264434814e-01,-2.972723841667175293e-01,-3.198983892798423767e-02
4.957334324717521667e-02,-9.017202854156494141e-01,6.986463069915771484e-01,1.747518777847290039e-01,1.034188196063041687e-01,-7.010791301727294922e-01,6.835600733757019043e-01,0.000000000000000000e+00,0.000000000000000000e+00,3.031376004219055176e-01,-8.924375176429748535e-01,3.221880495548248291e-01,-1.406906485557556152e+00,1.688887625932693481e-01,1.042619347572326660e+00,2.440285980701446533e-01,1.230763912200927734e+00,-9.974817931652069092e-02,-9.649346470832824707e-01,1.186935007572174072e-01,2.318228036165237427e-01,8.426260352134704590e-01,1.922655850648880005e-02,2.007884532213211060e-02,-5.279337167739868164e-01,-2.274871245026588440e-02,-5.856069736182689667e-03,4.362590312957763672e-01,-3.001513481140136719e-01,-1.288516633212566376e-02
5.116479471325874329e-02,-9.472767114639282227e-01,7.011756896972656250e-01,1.815613657236099243e-01,1.041285917162895203e-01,-6.994315981864929199e-01,6.833653450012207031e-01,0.000000000000000000e+00,0.000000000000000000e+00,3.024587631225585938e-01,-8.858366012573242188e-01,2.865051627159118652e-01,-1.428282141685485840e+00,2.291048020124435425e-01,1.024357318878173828e+00,2.341705262660980225e-01,1.101742267608642578e+00,-1.199199557304382324e-01,-9.725031256675720215e-01,1.240079626441001892e-01,1.569622755050659180e-01,6.204576492309570312e-01,2.520974911749362946e-02,-1.427804678678512573e-02,-4.615425169467926025e-01,-7.172007858753204346e-02,-5.603447929024696350e-02,5.084989070892333984e-01,-6.247080862522125244e-02,8.057993836700916290e-03
5.549661815166473389e-02,-9.900345802307128906e-01,7.017369866371154785e-01,1.764890104532241821e-01,1.069815829396247864e-01,-7.087997794151306152e-01,6.745438575744628906e-01,0.000000000000000000e+00,0.000000000000000000e+00,2.892305552959442139e-01,-8.653659224510192871e-01,2.502653002738952637e-01,-1.484018445014953613e+00,2.953525185585021973e-01,1.010522127151489258e+00,2.414053529500961304e-01,1.018613457679748535e+00,-1.236352100968360901e-01,-9.453947544097900391e-01,1.447821557521820068e-01,6.507122516632080078e-02,4.561491608619689941e-01,6.573918461799621582e-02,-4.956984147429466248e-02,-4.844351112842559814e-01,-7.858489453792572021e-02,-5.736645683646202087e-02,6.790912151336669922e-01,1.028306782245635986e-01,-9.576468728482723236e-04
6.171345338225364685e-02,-1.029619574546813965e+00,6.973298192024230957e-01,1.607445925474166870e-01,1.089072749018669128e-01,-7.298693656921386719e-01,6.554319858551025391e-01,0.000000000000000000e+00,0.000000000000000000e+00,2.890638113021850586e-01,-8.404452204704284668e-01,1.952255815267562866e-01,-1.553133845329284668e+00,3.653974831104278564e-01,9.951466917991638184e-01,2.288427501916885376e-01,1.022730469703674316e+00,-9.027699381113052368e-02,-8.927917480468750000e-01,1.701005101203918457e-01,5.889260675758123398e-03,4.092098772525787354e-01,7.108982652425765991e-02,-5.397831648588180542e-02,-5.372414588928222656e-01,-7.084777206182479858e-02,-8.081947267055511475e-02,8.456206917762756348e-01,1.763710081577301025e-01,-2.681292779743671417e-02
6.895966827869415283e-02,-1.067260622978210449e+00,6.898583173751831055e-01,1.396820396184921265e-01,1.098088547587394714e-01,-7.609035372734069824e-01,6.240646839141845703e-01,0.000000000000000000e+00,0.000000000000000000e+00,2.716246843338012695e-01,-8.267239928245544434e-01,1.483483463525772095e-01,-1.616137504577636719e+00,4.054006040096282959e-01,9.754052758216857910e-01,2.041195929050445557e-01,1.073499679565429688e+00,-7.029618718661367893e-04,-8.566151857376098633e-01,1.803576201200485229e-01,-1.985734142363071442e-02,4.717202186584472656e-01,1.275471178814768791e-03,-2.372692711651325226e-02,-6.340062022209167480e-01,-6.153241172432899475e-02,-1.574642658233642578e-01,1.004370093345642090e+00,1.788944303989410400e-01,-4.144474491477012634e-02
7.576641440391540527e-02,-1.106257677078247070e+00,6.845365166664123535e-01,1.214653775095939636e-01,1.150014251470565796e-01,-7.953487634658813477e-01,5.826157927513122559e-01,0.000000000000000000e+00,0.000000000000000000e+00,2.377071678638458252e-01,-8.319923281669616699e-01,1.402621567249298096e-01,-1.621470808982849121e+00,4.250498712062835693e-01,9.547477364540100098e-01,1.899273246526718140e-01,1.137933254241943359e+00,1.102991327643394470e-01,-8.097550272941589355e-01,1.885831654071807861e-01,-2.284350804984569550e-02,5.593618750572204590e-01,-1.236769706010818481e-01,1.638604886829853058e-02,-7.053748369216918945e-01,-2.540790475904941559e-02,-2.745978534221649170e-01,1.022813081741333008e+00,1.477014422416687012e-01,-1.555538550019264221e-02
8.010579645633697510e-02,-1.147358179092407227e+00,6.839126944541931152e-01,1.082046106457710266e-01,1.264105439186096191e-01,-8.222969770431518555e-01,5.441873073577880859e-01,0.000000000000000000e+00,0.000000000000000000e+00,2.108430266380310059e-01,-8.425095677375793457e-01,1.470707058906555176e-01,-1.574065208435058594e+00,4.287173151969909668e-01,9.414428472518920898e-01,1.953743398189544678e-01,1.191345691680908203e+00,2.070781141519546509e-01,-7.585520148277282715e-01,2.030951827764511108e-01,-1.923610083758831024e-02,6.158774495124816895e-01,-1.922798454761505127e-01,2.540658414363861084e-02,-7.570755481719970703e-01,2.865702286362648010e-02,-3.813119530677795410e-01,8.978120088577270508e-01,1.054219752550125122e-01,3.625650331377983093e-02
8.133149147033691406e-02,-1.189726352691650391e+00,6.853517889976501465e-01,1.002312228083610535e-01,1.414604783058166504e-01,-8.418104648590087891e-01,5.111728906631469727e-01,0.000000000000000000e+00,0.000000000000000000e+00,1.899287700653076172e-01,-8.526253700256347656e-01,1.518115699291229248e-01,-1.531514883041381836e+00,4.126943349838256836e-01,9.384356737136840820e-01,2.043081820011138916e-01,1.227759242057800293e+00,2.940864861011505127e-01,-6.951043605804443359e-01,2.145269364118576050e-01,-8.052540011703968048e-03,6.378595232963562012e-01,-2.077450454235076904e-01,2.532007731497287750e-02,-8.173383474349975586e-01,5.918811261653900146e-02,-4.750580787658691406e-01,7.045051455497741699e-01,8.902718871831893921e-02,1.070440188050270081e-01
7.898177951574325562e-02,-1.230890274047851562e+00,6.909157633781433105e-01,9.317170083522796631e-02,1.524462848901748657e-01,-8.564404845237731934e-01,4.843437373638153076e-01,0.000000000000000000e+00,0.000000000000000000e+00,1.886244565248489380e-01,-8.687568902969360352e-01,1.625568717718124390e-01,-1.485891103744506836e+00,3.975093066692352295e-01,9.525501728057861328e-01,2.160984873771667480e-01,1.236085057258605957e+00,3.639187812805175781e-01,-5.879096984863281250e-01,2.128180712461471558e-01,-8.950728923082351685e-03,6.086484193801879883e-01,-1.185831874608993530e-01,-5.146750714629888535e-03,-8.697727918624877930e-01,4.442954435944557190e-02,-5.266788601875305176e-01,4.555981457233428955e-01,7.819500565528869629e-02,1.864849030971527100e-01
7.029077410697937012e-02,-1.269994258880615234e+00,6.964120864868164062e-01,9.880377352237701416e-02,1.598227471113204956e-01,-8.556982278823852539e-01,4.821566939353942871e-01,0.000000000000000000e+00,0.000000000000000000e+00,2.267237007617950439e-01,-8.932456970214843750e-01,1.433683782815933228e-01,-1.501399278640747070e+00,4.059530794620513916e-01,9.689981341361999512e-01,1.830647140741348267e-01,1.259091734886169434e+00,3.925685286521911621e-01,-4.958953857421875000e-01,2.011793404817581177e-01,-2.312158420681953430e-02,5.817657709121704102e-01,-6.199974101036787033e-03,-3.850794956088066101e-02,-8.793510794639587402e-01,9.386791847646236420e-03,-5.121691823005676270e-01,2.380825728178024292e-01,1.318926364183425903e-01,2.481478154659271240e-01
5.796151980757713318e-02,-1.302834153175354004e+00,6.983197331428527832e-01,1.041247993707656860e-01,1.507432162761688232e-01,-8.490049242973327637e-01,4.956058561801910400e-01,0.000000000000000000e+00,0.000000000000000000e+00,2.719697058200836182e-01,-9.153938293457031250e-01,1.184447482228279114e-01,-1.549847722053527832e+00,4.362460672855377197e-01,9.841300845146179199e-01,1.406354308128356934e-01,1.300276041030883789e+00,3.952609598636627197e-01,-4.392002820968627930e-01,1.816819906234741211e-01,-4.846130311489105225e-02,6.009733676910400391e-01,8.800302445888519287e-02,-4.848530143499374390e-02,-8.591012954711914062e-01,-5.718863010406494141e-02,-4.578089714050292969e-01,9.734300523996353149e-02,1.912036091089248657e-01,2.862419784069061279e-01
4.448354616761207581e-02,-1.334419965744018555e+00,6.936138272285461426e-01,1.113197505474090576e-01,1.434825807809829712e-01,-8.361139893531799316e-01,5.176234841346740723e-01,0.000000000000000000e+00,0.000000000000000000e+00,3.151524364948272705e-01,-9.538761973381042480e-01,7.296515256166458130e-02,-1.618356704711914062e+00,4.814274907112121582e-01,9.995747208595275879e-01,7.619850337505340576e-02,1.371118426322937012e+00,3.510741591453552246e-01,-4.528027474880218506e-01,1.590725034475326538e-01,-6.107963994145393372e-02,7.186644673347473145e-01,1.172222122550010681e-01,-1.678974367678165436e-02,-8.205296993255615234e-01,-1.280000805854797363e-01,-3.682133853435516357e-01,7.865022122859954834e-02,2.664532065391540527e-01,2.975079417228698730e-01
2.972595393657684326e-02,-1.364415884017944336e+00,6.850621104240417480e-01,1.217669919133186340e-01,1.320463716983795166e-01,-8.191640377044677734e-01,5.447080135345458984e-01,0.000000000000000000e+00,0.000000000000000000e+00,3.394653797149658203e-01,-9.714449644088745117e-01,5.787083134055137634e-02,-1.676260232925415039e+00,5.063905715942382812e-01,1.013276576995849609e+00,3.425847738981246948e-02,1.445249319076538086e+00,2.729833126068115234e-01,-5.357611775398254395e-01,1.291739344596862793e-01,-4.529763758182525635e-02,8.797415494918823242e-01,9.299356490373611450e-02,4.662245139479637146e-02,-8.048151731491088867e-01,-1.657387465238571167e-01,-2.778960466384887695e-01,1.214961260557174683e-01,2.545794844627380371e-01,2.722233235836029053e-01
1.579581759870052338e-02,-1.393378734588623047e+00,6.753723025321960449e-01,1.293836236000061035e-01,1.220795884728431702e-01,-7.958973646163940430e-01,5.787087678909301758e-01,0.000000000000000000e+00,0.000000000000000000e+00,3.539188802242279053e-01,-9.934751987457275391e-01,5.063764378428459167e-02,-1.692792415618896484e+00,5.049895644187927246e-01,1.032276988029479980e+00,1.057972107082605362e-02,1.515644311904907227e+00,1.587345749139785767e-01,-6.785858273506164551e-01,9.374594688415527344e-02,6.303005386143922806e-03,1.068653821945190430e+00,4.970511421561241150e-02,1.164349690079689026e-01,-8.110736608505249023e-01,-1.752119809389114380e-01,-1.722834259271621704e-01,2.060420513153076172e-01,1.439554989337921143e-01,2.182178497314453125e-01
2.709795022383332253e-03,-1.422129154205322266e+00,6.649945974349975586e-01,1.353150010108947754e-01,1.121138930320739746e-01,-7.654616832733154297e-01,6.190223693847656250e-01,0.000000000000000000e+00,0.000000000000000000e+00,3.445989191532135010e-01,-1.033095359802246094e+00,6.621178984642028809e-02,-1.656472325325012207e+00,4.549507498741149902e-01,1.058241009712219238e+00,-7.587434374727308750e-04,1.551803827285766602e+00,3.735312446951866150e-02,-8.346211314201354980e-01,5.132990330457687378e-02,1.134218797087669373e-01,1.182546734809875488e+00,-7.929197512567043304e-03,1.695206761360168457e-01,-8.423006534576416016e-01,-1.686814725399017334e-01,-7.667937874794006348e-02,3.403826057910919189e-01,2.010944858193397522e-02,1.614533066749572754e-01
-7.868245244026184082e-03,-1.452992677688598633e+00,6.554663777351379395e-01,1.435682773590087891e-01,1.063033863902091980e-01,-7.361711263656616211e-01,6.527938842773437500e-01,0.000000000000000000e+00,0.000000000000000000e+00,3.337754309177398682e-01,-1.082590699195861816e+00,8.310148119926452637e-02,-1.591181635856628418e+00,3.631753921508789062e-01,1.077078819274902344e+00,-6.106458138674497604e-03,1.534942388534545898e+00,-6.403177976608276367e-02,-9.453882575035095215e-01,5.537002813071012497e-03,2.271948456764221191e-01,1.149290800094604492e+00,-6.973855197429656982e-02,2.009231448173522949e-01,-8.822998404502868652e-01,-1.638344079256057739e-01,-3.529153298586606979e-03,4.892655014991760254e-01,-9.337885677814483643e-02,1.282517015933990479e-01
-1.822507381439208984e-02,-1.486389160156250000e+00,6.473707556724548340e-01,1.576316356658935547e-01,1.017376109957695007e-01,-6.968414187431335449e-01,6.922526955604553223e-01,0.000000000000000000e+00,0.000000000000000000e+00,3.214341104030609131e-01,-1.127668738365173340e+00,1.050354689359664917e-01,-1.490436911582946777e+00,2.432294189929962158e-01,1.089149594306945801e+00,-1.134420931339263916e-02,1.475635051727294922e+00,-1.584942191839218140e-01,-1.042108297348022461e+00,-3.980189934372901917e-02,3.568634390830993652e-01,1.063028812408447266e+00,-1.214561760425567627e-01,1.960688084363937378e-01,-9.182050824165344238e-01,-1.849963515996932983e-01,2.407539077103137970e-02,6.312887668609619141e-01,-1.857715994119644165e-01,1.010595336556434631e-01
-2.582967653870582581e-02,-1.524314999580383301e+00,6.447638273239135742e-01,1.794959604740142822e-01,1.064699068665504456e-01,-6.549773216247558594e-01,7.262575626373291016e-01,0.000000000000000000e+00,0.000000000000000000e+00,3.170846700668334961e-01,-1.141139030456542969e+00,1.407816708087921143e-01,-1.410095334053039551e+00,1.388263255357742310e-01,1.096811532974243164e+00,-1.458072848618030548e-02,1.427171587944030762e+00,-2.354954332113265991e-01,-1.111112356185913086e+00,-5.960811674594879150e-02,4.658048450946807861e-01,9.810515046119689941e-01,-1.365097761154174805e-01,1.566141694784164429e-01,-9.214154481887817383e-01,-2.187177091836929321e-01,1.390591263771057129e-02,6.921056509017944336e-01,-2.561505734920501709e-01,9.641182422637939453e-02
-2.927470952272415161e-02,-1.562805891036987305e+00,6.476039290428161621e-01,2.001947909593582153e-01,1.128598973155021667e-01,-6.213187575340270996e-01,7.490979433059692383e-01,0.000000000000000000e+00,0.000000000000000000e+00,3.246710002422332764e-01,-1.123268127441406250e+00,1.569705307483673096e-01,-1.401106953620910645e+00,9.587687253952026367e-02,1.084669232368469238e+00,-1.747011207044124603e-02,1.447152853012084961e+00,-2.907898724079132080e-01,-1.161669135093688965e+00,-4.375959932804107666e-02,5.038088560104370117e-01,9.192579984664916992e-01,-1.193232312798500061e-01,1.039308309555053711e-01,-8.743461370468139648e-01,-2.519787251949310303e-01,-1.728766597807407379e-02,6.636323928833007812e-01,-2.872346043586730957e-01,1.167208403348922729e-01
-2.870268374681472778e-02,-1.599666833877563477e+00,6.545690298080444336e-01,2.160962671041488647e-01,1.180067807435989380e-01,-5.983037352561950684e-01,7.625021338462829590e-01,0.000000000000000000e+00,0.000000000000000000e+00,3.477375209331512451e-01,-1.092022180557250977e+00,1.412188857793807983e-01,-1.442336320877075195e+00,1.086920499801635742e-01,1.062198877334594727e+00,-2.824216336011886597e-02,1.532919764518737793e+00,-3.175963163375854492e-01,-1.191279530525207520e+00,4.315034486353397369e-03,4.800578653812408447e-01,8.633447289466857910e-01,-9.728447347879409790e-02,5.277042835950851440e-02,-7.729417681694030762e-01,-2.738573551177978516e-01,-3.629238530993461609e-02,5.593938827514648438e-01,-2.812473773956298828e-01,1.594789624214172363e-01
-2.543384209275245667e-02,-1.633606672286987305e+00,6.607978343963623047e-01,2.287438809871673584e-01,1.191623434424400330e-01,-5.894809961318969727e-01,7.654989957809448242e-01,0.000000000000000000e+00,0.000000000000000000e+00,3.720297217369079590e-01,-1.060296297073364258e+00,8.896008878946304321e-02,-1.507408380508422852e+00,1.552299261093139648e-01,1.031869411468505859e+00,-5.713817104697227478e-02,1.636982440948486328e+00,-3.175042271614074707e-01,-1.210301280021667480e+00,7.974231988191604614e-02,4.009340107440948486e-01,8.152543306350708008e-01,-6.324758380651473999e-02,1.010239217430353165e-02,-6.576002240180969238e-01,-3.021412491798400879e-01,-5.934656038880348206e-02,4.483404457569122314e-01,-2.168458402156829834e-01,1.879065036773681641e-01
-1.938827149569988251e-02,-1.663234710693359375e+00,6.673642396926879883e-01,2.336693406105041504e-01,1.178290769457817078e-01,-5.945799946784973145e-01,7.602562308311462402e-01,0.000000000000000000e+00,0.000000000000000000e+00,3.831120133399963379e-01,-1.039064645767211914e+00,3.491049632430076599e-02,-1.547121882438659668e+00,2.034777402877807617e-01,9.920719265937805176e-01,-8.048984408378601074e-02,1.679281592369079590e+00,-2.892120778560638428e-01,-1.200652003288269043e+00,1.459556072950363159e-01,3.190729320049285889e-01,7.482941746711730957e-01,-2.132188342511653900e-02,-3.468833118677139282e-02,-5.479962825775146484e-01,-3.427822291851043701e-01,-1.249987632036209106e-01,3.785878717899322510e-01,-3.416914120316505432e-02,2.032648473978042603e-01
-8.887674659490585327e-03,-1.689122080802917480e+00,6.714892387390136719e-01,2.282784730195999146e-01,1.191333234310150146e-01,-6.134364008903503418e-01,7.465868592262268066e-01,0.000000000000000000e+00,0.000000000000000000e+00,3.791401684284210205e-01,-1.015599370002746582e+00,-2.358386106789112091e-02,-1.581160783767700195e+00,2.537110447883605957e-01,9.538326263427734375e-01,-1.008216217160224915e-01,1.684617519378662109e+00,-2.439399510622024536e-01,-1.144081950187683105e+00,2.082398831844329834e-01,2.180709689855575562e-01,6.662769317626953125e-01,3.842376917600631714e-02,-7.378609478473663330e-02,-4.803858995437622070e-01,-3.594136536121368408e-01,-1.611418724060058594e-01,3.852691948413848877e-01,1.204846054315567017e-01,1.959128379821777344e-01
5.079423543065786362e-03,-1.713178992271423340e+00,6.720440387725830078e-01,2.175733745098114014e-01,1.237100586295127869e-01,-6.402354240417480469e-01,7.262618541717529297e-01,0.000000000000000000e+00,0.000000000000000000e+00,3.642383217811584473e-01,-9.806444644927978516e-01,-8.345119655132293701e-02,-1.616514682769775391e+00,2.988601028919219971e-01,9.215601086616516113e-01,-1.110454350709915161e-01,1.665422439575195312e+00,-1.877050995826721191e-01,-1.043800592422485352e+00,2.640396356582641602e-01,1.080744042992591858e-01,5.694881677627563477e-01,9.270595014095306396e-02,-1.123058646917343140e-01,-4.734863638877868652e-01,-3.523842394351959229e-01,-1.624405235052108765e-01,4.794571399688720703e-01,2.192710340023040771e-01,1.681900918483734131e-01
2.180151082575321198e-02,-1.734110713005065918e+00,6.684543490409851074e-01,1.943349689245223999e-01,1.262813508510589600e-01,-6.700078248977661133e-01,7.052491903305053711e-01,0.000000000000000000e+00,0.000000000000000000e+00,3.421718180179595947e-01,-9.317694902420043945e-01,-1.257498413324356079e-01,-1.634551644325256348e+00,3.354200720787048340e-01,8.970159888267517090e-01,-9.338874369859695435e-02,1.636595964431762695e+00,-1.206662803888320923e-01,-9.230480194091796875e-01,3.012821674346923828e-01,2.879246883094310760e-02,4.729782640933990479e-01,1.237570866942405701e-01,-1.388929337263107300e-01,-5.165123343467712402e-01,-3.288881182670593262e-01,-1.438930332660675049e-01,6.422177553176879883e-01,2.629854381084442139e-01,1.118777990341186523e-01
4.101147502660751343e-02,-1.754159927368164062e+00,6.622454524040222168e-01,1.638427972793579102e-01,1.319518238306045532e-01,-7.026471495628356934e-01,6.797287464141845703e-01,0.000000000000000000e+00,0.000000000000000000e+00,3.001633584499359131e-01,-8.574653267860412598e-01,-1.454135924577713013e-01,-1.650878071784973145e+00,3.633232712745666504e-01,8.800768256187438965e-01,-6.471859663724899292e-02,1.603162646293640137e+00,-3.665636479854583740e-02,-8.201032876968383789e-01,3.287127614021301270e-01,-8.168921805918216705e-03,4.118939936161041260e-01,1.045846492052078247e-01,-1.470394879579544067e-01,-6.001752614974975586e-01,-2.731176614761352539e-01,-1.514444500207901001e-01,8.357571959495544434e-01,2.452984303236007690e-01,6.399089097976684570e-02
6.087907403707504272e-02,-1.773558139801025391e+00,6.550250053405761719e-01,1.297570466995239258e-01,1.350320279598236084e-01,-7.391941547393798828e-01,6.469323635101318359e-01,0.000000000000000000e+00,0.000000000000000000e+00,2.259460389614105225e-01,-7.793537974357604980e-01,-1.497678160667419434e-01,-1.650268316268920898e+00,3.777845799922943115e-01,8.765642642974853516e-01,-3.741319850087165833e-02,1.555608630180358887e+00,7.326205074787139893e-02,-7.561964988708496094e-01,3.452197015285491943e-01,1.035952754318714142e-02,4.188973605632781982e-01,1.842168532311916351e-02,-1.205974966287612915e-01,-6.942324042320251465e-01,-1.640996634960174561e-01,-2.299496829509735107e-01,9.950282573699951172e-01,2.017559260129928589e-01,6.701160967350006104e-02
7.969154417514801025e-02,-1.796607732772827148e+00,6.570648550987243652e-01,1.038473546504974365e-01,1.445510536432266235e-01,-7.720661759376525879e-01,6.101102232933044434e-01,0.000000000000000000e+00,0.000000000000000000e+00,1.529980599880218506e-01,-7.023253440856933594e-01,-1.322305351495742798e-01,-1.615215659141540527e+00,3.799939453601837158e-01,8.861591219902038574e-01,-1.101673487573862076e-02,1.507113814353942871e+00,1.826040446758270264e-01,-7.187753915786743164e-01,3.622346222400665283e-01,2.976944856345653534e-02,4.579880237579345703e-01,-3.843023627996444702e-02,-1.088578924536705017e-01,-7.587358355522155762e-01,-3.805297613143920898e-02,-3.548619449138641357e-01,9.529737234115600586e-01,1.435267180204391479e-01,1.091239005327224731e-01
9.652153402566909790e-02,-1.823725461959838867e+00,6.577287912368774414e-01,8.680056780576705933e-02,1.613871604204177856e-01,-7.998761534690856934e-01,5.715050101280212402e-01,0.000000000000000000e+00,0.000000000000000000e+00,8.521951735019683838e-02,-6.257107853889465332e-01,-8.663368970155715942e-02,-1.578631043434143066e+00,3.659407198429107666e-01,8.871873617172241211e-01,1.395648345351219177e-02,1.459222435951232910e+00,2.937773466110229492e-01,-7.112702131271362305e-01,3.717838227748870850e-01,2.924757823348045349e-02,5.113450884819030762e-01,-8.291086554527282715e-02,-1.013450548052787781e-01,-8.145679831504821777e-01,8.214267343282699585e-02,-5.112841129302978516e-01,7.624259591102600098e-01,8.507617563009262085e-02,1.713543385267257690e-01
1.096482202410697937e-01,-1.851923584938049316e+00,6.547204256057739258e-01,7.363442331552505493e-02,1.773947775363922119e-01,-8.201702237129211426e-01,5.389153957366943359e-01,0.000000000000000000e+00,0.000000000000000000e+00,2.222030423581600189e-02,-5.399879217147827148e-01,-4.774396494030952454e-02,-1.584495306015014648e+00,3.448678553104400635e-01,8.919579386711120605e-01,3.556429594755172729e-02,1.423903942108154297e+00,4.007002413272857666e-01,-7.234251499176025391e-01,3.768414258956909180e-01,2.652136608958244324e-02,5.724745988845825195e-01,-1.035570129752159119e-01,-9.020556509494781494e-02,-8.978112339973449707e-01,1.470558792352676392e-01,-6.353933811187744141e-01,5.427917838096618652e-01,2.440440654754638672e-02,2.308979332447052002e-01
1.177102774381637573e-01,-1.879481792449951172e+00,6.549986004829406738e-01,6.484954804182052612e-02,1.927608251571655273e-01,-8.287779092788696289e-01,5.213108658790588379e-01,0.000000000000000000e+00,0.000000000000000000e+00,-2.446318976581096649e-02,-4.818414747714996338e-01,-2.298112213611602783e-02,-1.627638578414916992e+00,3.309433162212371826e-01,9.020587205886840820e-01,6.410883367061614990e-02,1.397504925727844238e+00,4.736830294132232666e-01,-7.242402434349060059e-01,3.776018023490905762e-01,1.743846200406551361e-02,5.991091728210449219e-01,-1.057249680161476135e-01,-1.013932898640632629e-01,-9.799575209617614746e-01,1.305833607912063599e-01,-6.900299787521362305e-01,3.579229116439819336e-01,-8.564144372940063477e-03,2.775769531726837158e-01
1.191534176468849182e-01,-1.904540657997131348e+00,6.584566831588745117e-01,6.617913395166397095e-02,1.974961310625076294e-01,-8.302325606346130371e-01,5.170391798019409180e-01,0.000000000000000000e+00,0.000000000000000000e+00,-3.407442569732666016e-02,-4.753164350986480713e-01,-2.112555876374244690e-02,-1.699872851371765137e+00,3.223071694374084473e-01,9.051902890205383301e-01,1.041724830865859985e-01,1.384499311447143555e+00,5.005800724029541016e-01,-6.721762418746948242e-01,3.611178398132324219e-01,4.622604232281446457e-03,5.545310974121093750e-01,-5.637235194444656372e-02,-1.413292884826660156e-01,-1.013615012168884277e+00,7.498000562191009521e-02,-6.583108901977539062e-01,1.701422482728958130e-01,-4.764588084071874619e-03,3.108762204647064209e-01
1.156051903963088989e-01,-1.929991483688354492e+00,6.597867608070373535e-01,8.131311088800430298e-02,2.026777416467666626e-01,-8.236076831817626953e-01,5.234312415122985840e-01,0.000000000000000000e+00,0.000000000000000000e+00,-2.273744530975818634e-02,-5.006946325302124023e-01,-3.986498340964317322e-02,-1.785273551940917969e+00,3.296589255332946777e-01,9.098719358444213867e-01,1.072691902518272400e-01,1.400533795356750488e+00,4.697062671184539795e-01,-6.103093028068542480e-01,3.427895009517669678e-01,-1.316043827682733536e-02,4.961279332637786865e-01,-1.073393877595663071e-02,-1.871735155582427979e-01,-1.020440816879272461e+00,3.997499588876962662e-03,-5.334029793739318848e-01,6.571572273969650269e-02,5.235208570957183838e-02,3.271656632423400879e-01
1.101090982556343079e-01,-1.954393625259399414e+00,6.650717854499816895e-01,9.826722741127014160e-02,2.068275213241577148e-01,-8.125948905944824219e-01,5.359621644020080566e-01,0.000000000000000000e+00,0.000000000000000000e+00,9.803014836506918073e-05,-5.444703102111816406e-01,-5.040313303470611572e-02,-1.858323454856872559e+00,3.409469425678253174e-01,9.240489602088928223e-01,1.015653461217880249e-01,1.426800608634948730e+00,4.286383092403411865e-01,-5.733410716056823730e-01,3.305503129959106445e-01,-2.551785483956336975e-02,4.686749875545501709e-01,7.834483683109283447e-02,-2.076592445373535156e-01,-1.018333554267883301e+00,-7.088015973567962646e-02,-3.951878845691680908e-01,7.291034609079360962e-02,1.199129372835159302e-01,3.357571959495544434e-01
1.018497049808502197e-01,-1.977725386619567871e+00,6.661224365234375000e-01,1.183157265186309814e-01,2.058691978454589844e-01,-7.981843948364257812e-01,5.536432862281799316e-01,0.000000000000000000e+00,0.000000000000000000e+00,4.579634591937065125e-02,-6.039684414863586426e-01,-6.159448996186256409e-02,-1.913316965103149414e+00,3.513590097427368164e-01,9.260758161544799805e-01,9.733199328184127808e-02,1.463252425193786621e+00,3.751432299613952637e-01,-5.684774518013000488e-01,3.150302469730377197e-01,-4.220135137438774109e-02,4.824298024177551270e-01,9.609308838844299316e-02,-1.870113164186477661e-01,-1.006583929061889648e+00,-1.591717451810836792e-01,-2.502810359001159668e-01,1.333779394626617432e-01,1.928950250148773193e-01,3.497662544250488281e-01
9.099949896335601807e-02,-1.998461723327636719e+00,6.615861654281616211e-01,1.370798796415328979e-01,1.965634524822235107e-01,-7.738119959831237793e-01,5.863334536552429199e-01,0.000000000000000000e+00,0.000000000000000000e+00,1.060141995549201965e-01,-6.536528468132019043e-01,-6.882742047309875488e-02,-1.911188960075378418e+00,3.723595738410949707e-01,9.362207651138305664e-01,5.836924910545349121e-02,1.504536867141723633e+00,2.943080067634582520e-01,-6.122133135795593262e-01,2.963809967041015625e-01,-4.488042369484901428e-02,5.779754519462585449e-01,4.861296713352203369e-02,-1.378168165683746338e-01,-9.811968803405761719e-01,-2.305464297533035278e-01,-1.173430159687995911e-01,2.270659804344177246e-01,2.244148552417755127e-01,3.656367659568786621e-01
7.960931211709976196e-02,-2.017898797988891602e+00,6.531559228897094727e-01,1.521743088960647583e-01,1.796362102031707764e-01,-7.481942176818847656e-01,6.203057169914245605e-01,0.000000000000000000e+00,0.000000000000000000e+00,1.682115346193313599e-01,-6.855053901672363281e-01,-4.921948537230491638e-02,-1.868090033531188965e+00,3.856161832809448242e-01,9.320941567420959473e-01,3.017698228359222412e-02,1.550181269645690918e+00,2.140130549669265747e-01,-6.735177040100097656e-01,2.676895558834075928e-01,-2.634080499410629272e-02,7.237667441368103027e-01,-2.269612392410635948e-03,-1.087606027722358704e-01,-9.574782848358154297e-01,-2.696680724620819092e-01,2.964293584227561951e-03,2.970676124095916748e-01,2.062707990407943726e-01,3.646081387996673584e-01
6.852591037750244141e-02,-2.037235736846923828e+00,6.441001892089843750e-01,1.619048416614532471e-01,1.613506674766540527e-01,-7.138472795486450195e-01,6.619477868080139160e-01,0.000000000000000000e+00,0.000000000000000000e+00,2.290632426738739014e-01,-7.135428190231323242e-01,-2.216440066695213318e-02,-1.761082530021667480e+00,3.798605799674987793e-01,9.237328171730041504e-01,9.684518910944461823e-03,1.581790685653686523e+00,1.220312342047691345e-01,-7.562747001647949219e-01,2.421149015426635742e-01,2.520801126956939697e-02,9.127668738365173340e-01,-3.592885658144950867e-02,-8.985990285873413086e-02,-9.373753666877746582e-01,-2.916438579559326172e-01,1.113562509417533875e-01,3.656822144985198975e-01,1.165758594870567322e-01,3.408450484275817871e-01
5.887033790349960327e-02,-2.058921337127685547e+00,6.344894766807556152e-01,1.692457348108291626e-01,1.484159529209136963e-01,-6.717901229858398438e-01,7.057099938392639160e-01,0.000000000000000000e+00,0.000000000000000000e+00,2.747026979923248291e-01,-7.363636493682861328e-01,-3.796022152528166771e-03,-1.605683803558349609e+00,3.530805110931396484e-01,9.022828936576843262e-01,-1.400981657207012177e-02,1.593426942825317383e+00,1.893196813762187958e-02,-8.554763793945312500e-01,2.346396595239639282e-01,1.095918864011764526e-01,1.129918098449707031e+00,-5.242365971207618713e-02,-7.792916893959045410e-02,-9.371121525764465332e-01,-3.003704845905303955e-01,1.671412587165832520e-01,4.658125340938568115e-01,-5.660849064588546753e-02,2.818545401096343994e-01
5.147796124219894409e-02,-2.084080696105957031e+00,6.233659982681274414e-01,1.778978556394577026e-01,1.424221545457839966e-01,-6.320849657058715820e-01,7.406327724456787109e-01,0.000000000000000000e+00,0.000000000000000000e+00,3.015789985656738281e-01,-7.598061561584472656e-01,-2.880097366869449615e-03,-1.489677667617797852e+00,3.094082772731781006e-01,8.638782501220703125e-01,-3.355775028467178345e-02,1.578644156455993652e+00,-6.816527992486953735e-02,-9.548825621604919434e-01,2.173776328563690186e-01,1.678400784730911255e-01,1.269726872444152832e+00,-6.638316065073013306e-02,-8.310057967901229858e-02,-9.671998620033264160e-01,-3.042836785316467285e-01,1.946850270032882690e-01,6.048609614372253418e-01,-2.110159844160079956e-01,2.387340366840362549e-01
4.496898874640464783e-02,-2.113050222396850586e+00,6.156603097915649414e-01,1.911205202341079712e-01,1.419796198606491089e-01,-5.859484672546386719e-01,7.745832204818725586e-01,0.000000000000000000e+00,0.000000000000000000e+00,3.076729774475097656e-01,-7.932021021842956543e-01,-3.397411480545997620e-02,-1.416451573371887207e+00,2.630367577075958252e-01,8.370206952095031738e-01,-5.689126998186111450e-02,1.519278645515441895e+00,-1.434432566165924072e-01,-1.055144786834716797e+00,2.026961743831634521e-01,2.265052199363708496e-01,1.356520414352416992e+00,-7.204672694206237793e-02,-9.982012957334518433e-02,-9.851341247558593750e-01,-3.271352052688598633e-01,1.820774376392364502e-01,7.201002240180969238e-01,-3.151491880416870117e-01,2.077821344137191772e-01
3.961902484297752380e-02,-2.144738197326660156e+00,6.142436861991882324e-01,2.086436450481414795e-01,1.436146944761276245e-01,-5.350174307823181152e-01,8.059770464897155762e-01,0.000000000000000000e+00,0.000000000000000000e+00,3.051279187202453613e-01,-8.224701285362243652e-01,-8.229673653841018677e-02,-1.380252361297607422e+00,2.173402309417724609e-01,8.519757986068725586e-01,-1.038024574518203735e-01,1.424295783042907715e+00,-2.086291313171386719e-01,-1.149418234825134277e+00,1.972761899232864380e-01,2.657969892024993896e-01,1.391121625900268555e+00,-7.487905770540237427e-02,-1.272065192461013794e-01,-9.557760953903198242e-01,-3.686881959438323975e-01,1.381183117628097534e-01,7.555055022239685059e-01,-3.788862228393554688e-01,1.847901046276092529e-01
3.687334805727005005e-02,-2.174434185028076172e+00,6.188765168190002441e-01,2.194260954856872559e-01,1.417181640863418579e-01,-4.966826438903808594e-01,8.276922702789306641e-01,0.000000000000000000e+00,0.000000000000000000e+00,3.070000708103179932e-01,-8.429072499275207520e-01,-1.171607673168182373e-01,-1.395480751991271973e+00,2.039439827203750610e-01,8.962502479553222656e-01,-1.434156149625778198e-01,1.336639523506164551e+00,-2.483284771442413330e-01,-1.223660707473754883e+00,2.039750516414642334e-01,2.656346559524536133e-01,1.352071285247802734e+00,-8.133666217327117920e-02,-1.470213830471038818e-01,-8.696392774581909180e-01,-4.047589898109436035e-01,7.433775812387466431e-02,7.224181890487670898e-01,-3.764108717441558838e-01,1.734941601753234863e-01
3.644291311502456665e-02,-2.203388214111328125e+00,6.255822777748107910e-01,2.277534455060958862e-01,1.415696740150451660e-01,-4.626569151878356934e-01,8.450059294700622559e-01,0.000000000000000000e+00,0.000000000000000000e+00,3.071505427360534668e-01,-8.626695871353149414e-01,-1.411603987216949463e-01,-1.438491106033325195e+00,2.184069603681564331e-01,9.575095176696777344e-01,-1.592839658260345459e-01,1.258581519126892090e+00,-2.725903987884521484e-01,-1.284453630447387695e+00,2.083180248737335205e-01,2.133232355117797852e-01,1.240571260452270508e+00,-8.238571137189865112e-02,-1.627204269170761108e-01,-7.597549557685852051e-01,-4.259268045425415039e-01,-3.197618760168552399e-03,6.722893714904785156e-01,-3.155410289764404297e-01,1.511089503765106201e-01
3.913154080510139465e-02,-2.228931188583374023e+00,6.306087970733642578e-01,2.294161915779113770e-01,1.437416076660156250e-01,-4.448175430297851562e-01,8.537235856056213379e-01,0.000000000000000000e+00,0.000000000000000000e+00,3.120325207710266113e-01,-8.757924437522888184e-01,-1.554749906063079834e-01,-1.493395209312438965e+00,2.390955835580825806e-01,1.010787129402160645e+00,-1.403242349624633789e-01,1.208075046539306641e+00,-2.751196622848510742e-01,-1.317470788955688477e+00,2.066756784915924072e-01,1.098288595676422119e-01,1.057905316352844238e+00,-7.926579564809799194e-02,-1.645480841398239136e-01,-6.682798862457275391e-01,-4.229526221752166748e-01,-8.406623452901840210e-02,6.500158309936523438e-01,-1.454417109489440918e-01,1.339864283800125122e-01
4.591271653771400452e-02,-2.251893043518066406e+00,6.328502893447875977e-01,2.264995276927947998e-01,1.524221897125244141e-01,-4.438985884189605713e-01,8.534749746322631836e-01,0.000000000000000000e+00,0.000000000000000000e+00,3.107995092868804932e-01,-8.833665251731872559e-01,-1.775442808866500854e-01,-1.542667746543884277e+00,2.608343660831451416e-01,1.065379023551940918e+00,-8.576650172472000122e-02,1.184305548667907715e+00,-2.571525573730468750e-01,-1.299923062324523926e+00,1.947632282972335815e-01,-2.645245566964149475e-02,8.686813712120056152e-01,-5.758224800229072571e-02,-1.723970025777816772e-01,-6.377474069595336914e-01,-3.849557638168334961e-01,-1.375238597393035889e-01,7.020671367645263672e-01,-2.219002321362495422e-02,9.578867256641387939e-02
5.858437716960906982e-02,-2.270551919937133789e+00,6.317204236984252930e-01,2.074993401765823364e-01,1.709272861480712891e-01,-4.614064991474151611e-01,8.454773426055908203e-01,0.000000000000000000e+00,0.000000000000000000e+00,3.048615157604217529e-01,-8.856096863746643066e-01,-1.924697756767272949e-01,-1.597953557968139648e+00,2.740995883941650391e-01,1.111550807952880859e+00,-1.594946905970573425e-02,1.172459483146667480e+00,-2.097438275814056396e-01,-1.248411178588867188e+00,1.954854875802993774e-01,-1.633081734180450439e-01,7.111129164695739746e-01,-5.681642889976501465e-02,-1.649266779422760010e-01,-6.913912296295166016e-01,-3.379186987876892090e-01,-1.760580092668533325e-01,8.442900776863098145e-01,2.896925061941146851e-02,3.937465324997901917e-02
7.631341367959976196e-02,-2.287657260894775391e+00,6.266424059867858887e-01,1.810275167226791382e-01,2.004257738590240479e-01,-4.962313771247863770e-01,8.251138925552368164e-01,0.000000000000000000e+00,0.000000000000000000e+00,2.708663940429687500e-01,-8.941497802734375000e-01,-1.865027695894241333e-01,-1.646296501159667969e+00,2.786117792129516602e-01,1.136750578880310059e+00,6.642892211675643921e-02,1.171224594116210938e+00,-1.157310754060745239e-01,-1.235300540924072266e+00,2.045190781354904175e-01,-2.267850637435913086e-01,6.799478530883789062e-01,-1.148479729890823364e-01,-1.374223977327346802e-01,-8.158475160598754883e-01,-2.786079645156860352e-01,-2.191164493560791016e-01,1.043883323669433594e+00,4.610276967287063599e-02,-3.058395348489284515e-03
9.339847415685653687e-02,-2.304622411727905273e+00,6.281866431236267090e-01,1.567125469446182251e-01,2.230005115270614624e-01,-5.402717590332031250e-01,7.961270809173583984e-01,0.000000000000000000e+00,0.000000000000000000e+00,2.073130160570144653e-01,-8.958058953285217285e-01,-1.579329073429107666e-01,-1.675550460815429688e+00,2.773227095603942871e-01,1.143714189529418945e+00,1.340634077787399292e-01,1.163312077522277832e+00,-3.555584931746125221e-03,-1.251694321632385254e+00,2.330825626850128174e-01,-2.257654666900634766e-01,7.381234169006347656e-01,-1.686295121908187866e-01,-1.044593602418899536e-01,-9.542021155357360840e-01,-2.117505818605422974e-01,-2.700098752975463867e-01,1.202590346336364746e+00,-9.933843975886702538e-04,-1.234340574592351913e-02
1.084270551800727844e-01,-2.323680639266967773e+00,6.256738305091857910e-01,1.398722529411315918e-01,2.381431609392166138e-01,-5.924021005630493164e-01,7.568244934082031250e-01,0.000000000000000000e+00,0.000000000000000000e+00,1.079027578234672546e-01,-8.915962576866149902e-01,-7.962106168270111084e-02,-1.689617753028869629e+00,2.759822905063629150e-01,1.125850081443786621e+00,1.965544968843460083e-01,1.143567204475402832e+00,1.146801561117172241e-01,-1.264753699302673340e+00,2.677674591541290283e-01,-2.076053619384765625e-01,8.223026394844055176e-01,-2.184764593839645386e-01,-8.803442865610122681e-02,-1.092232584953308105e+00,-1.424192488193511963e-01,-3.469600081443786621e-01,1.297138452529907227e+00,-5.702701956033706665e-02,6.204597186297178268e-03
1.202219575643539429e-01,-2.345847845077514648e+00,6.234571933746337891e-01,1.295789778232574463e-01,2.478843778371810913e-01,-6.419860124588012695e-01,7.138743996620178223e-01,0.000000000000000000e+00,0.000000000000000000e+00,-1.504054013639688492e-02,-8.688594698905944824e-01,3.515560552477836609e-02,-1.692405104637145996e+00,2.877130508422851562e-01,1.068968534469604492e+00,2.523158788681030273e-01,1.111978173255920410e+00,2.275714576244354248e-01,-1.249880552291870117e+00,3.061617612838745117e-01,-1.701744794845581055e-01,8.759713768959045410e-01,-2.506935894489288330e-01,-8.331449329853057861e-02,-1.197615981101989746e+00,-9.537325799465179443e-02,-4.345447421073913574e-01,1.300402045249938965e+00,-1.219196468591690063e-01,2.730219811201095581e-02
1.258955895900726318e-01,-2.371035099029541016e+00,6.272317171096801758e-01,1.302807033061981201e-01,2.478456199169158936e-01,-6.851758360862731934e-01,6.724087595939636230e-01,0.000000000000000000e+00,0.000000000000000000e+00,-1.218420118093490601e-01,-8.416823744773864746e-01,1.252276301383972168e-01,-1.723350763320922852e+00,3.132166564464569092e-01,9.768227934837341309e-01,3.034124076366424561e-01,1.102655172348022461e+00,3.173098266124725342e-01,-1.165854692459106445e+00,3.451464176177978516e-01,-8.557173609733581543e-02,8.508175611495971680e-01,-2.581545710563659668e-01,-9.104422479867935181e-02,-1.288187742233276367e+00,-9.568998962640762329e-02,-4.401457309722900391e-01,1.286868214607238770e+00,-1.677939146757125854e-01,4.915640875697135925e-02
1.261616349220275879e-01,-2.398401021957397461e+00,6.379709243774414062e-01,1.377619057893753052e-01,2.407849282026290894e-01,-7.227573394775390625e-01,6.329818964004516602e-01,0.000000000000000000e+00,0.000000000000000000e+00,-1.816479712724685669e-01,-7.991492748260498047e-01,1.628500521183013916e-01,-1.790413141250610352e+00,3.543714880943298340e-01,8.748671412467956543e-01,3.335739672183990479e-01,1.113746047019958496e+00,3.888706266880035400e-01,-1.003758311271667480e+00,3.684920370578765869e-01,4.253080859780311584e-02,7.294566631317138672e-01,-2.458663582801818848e-01,-1.005608960986137390e-01,-1.371607303619384766e+00,-1.248672232031822205e-01,-3.858466446399688721e-01,1.265704870223999023e+00,-1.971791535615921021e-01,6.841398775577545166e-02
1.219219714403152466e-01,-2.429758548736572266e+00,6.529499292373657227e-01,1.545744985342025757e-01,2.363215684890747070e-01,-7.537100315093994141e-01,5.934476256370544434e-01,0.000000000000000000e+00,0.000000000000000000e+00,-1.859694272279739380e-01,-7.517349720001220703e-01,1.651257574558258057e-01,-1.863739252090454102e+00,4.047975540161132812e-01,7.895764708518981934e-01,3.520408272743225098e-01,1.142501235008239746e+00,4.324610233306884766e-01,-7.772815227508544922e-01,3.408162891864776611e-01,1.587053090333938599e-01,5.050063133239746094e-01,-2.036087214946746826e-01,-1.217003092169761658e-01,-1.434776425361633301e+00,-1.506155729293823242e-01,-2.849168777465820312e-01,1.221020698547363281e+00,-1.970066577196121216e-01,9.265113621950149536e-02
1.147438883781433105e-01,-2.459774971008300781e+00,6.656130552291870117e-01,1.648020893335342407e-01,2.294325977563858032e-01,-7.706948518753051758e-01,5.711658596992492676e-01,0.000000000000000000e+00,0.000000000000000000e+00,-1.474390923976898193e-01,-7.270160913467407227e-01,1.584040671586990356e-01,-1.895806789398193359e+00,4.468184113502502441e-01,7.487993836402893066e-01,3.666090071201324463e-01,1.175849676132202148e+00,4.310870766639709473e-01,-5.400803089141845703e-01,3.150154948234558105e-01,2.522211968898773193e-01,2.825739085674285889e-01,-3.784595057368278503e-02,-1.567675471305847168e-01,-1.441952109336853027e+00,-1.492500901222229004e-01,-2.139729410409927368e-01,1.144677400588989258e+00,-1.537013649940490723e-01,1.220195218920707703e-01
1.049351692199707031e-01,-2.490292549133300781e+00,6.785608530044555664e-01,1.755505204200744629e-01,2.261611223220825195e-01,-7.790526151657104492e-01,5.577724575996398926e-01,0.000000000000000000e+00,0.000000000000000000e+00,-9.337989240884780884e-02,-7.324546575546264648e-01,1.632822453975677490e-01,-1.900412082672119141e+00,4.741375744342803955e-01,7.519575953483581543e-01,3.799304366111755371e-01,1.203620076179504395e+00,4.141323864459991455e-01,-3.638222515583038330e-01,3.000485301017761230e-01,3.347253501415252686e-01,1.499098092317581177e-01,1.769421100616455078e-01,-1.811133176088333130e-01,-1.385619878768920898e+00,-1.453299820423126221e-01,-1.719097942113876343e-01,1.004511356353759766e+00,-7.521188259124755859e-02,1.502204239368438721e-01
9.167825430631637573e-02,-2.520356416702270508e+00,6.897909641265869141e-01,1.872991919517517090e-01,2.195499390363693237e-01,-7.840378880500793457e-01,5.495465993881225586e-01,0.000000000000000000e+00,0.000000000000000000e+00,-4.388745501637458801e-02,-7.595082521438598633e-01,1.891172528266906738e-01,-1.892209291458129883e+00,4.669888317584991455e-01,7.768316864967346191e-01,3.948693573474884033e-01,1.210985302925109863e+00,4.055039584636688232e-01,-2.535606324672698975e-01,2.857504785060882568e-01,3.857650756835937500e-01,1.156744956970214844e-01,3.332500755786895752e-01,-1.897204667329788208e-01,-1.282072186470031738e+00,-1.570690870285034180e-01,-1.643422842025756836e-01,8.376711606979370117e-01,5.425464827567338943e-03,1.645080745220184326e-01
7.526180893182754517e-02,-2.548637628555297852e+00,6.967310309410095215e-01,1.968280076980590820e-01,2.017495781183242798e-01,-7.908126115798950195e-01,5.432966947555541992e-01,0.000000000000000000e+00,0.000000000000000000e+00,-3.051667008548974991e-03,-7.955108880996704102e-01,2.406182587146759033e-01,-1.866364240646362305e+00,4.462941288948059082e-01,8.113576769828796387e-01,4.039297103881835938e-01,1.197444558143615723e+00,3.787254989147186279e-01,-1.997316181659698486e-01,2.806418836116790771e-01,4.283361434936523438e-01,1.696048527956008911e-01,3.499999940395355225e-01,-1.591115444898605347e-01,-1.161460757255554199e+00,-1.569525301456451416e-01,-1.815456748008728027e-01,6.698995232582092285e-01,5.317394435405731201e-02,1.769222617149353027e-01
5.487810447812080383e-02,-2.575536966323852539e+00,6.994135975837707520e-01,2.087836414575576782e-01,1.772100180387496948e-01,-7.934987545013427734e-01,5.434756278991699219e-01,0.000000000000000000e+00,0.000000000000000000e+00,2.613445557653903961e-02,-8.462172150611877441e-01,2.873432338237762451e-01,-1.819627165794372559e+00,3.911520838737487793e-01,8.350116610527038574e-01,4.181859791278839111e-01,1.165732860565185547e+00,3.516943156719207764e-01,-1.602125465869903564e-01,2.646093368530273438e-01,4.561834037303924561e-01,2.241951823234558105e-01,3.261238634586334229e-01,-8.734941482543945312e-02,-1.031020164489746094e+00,-1.702072024345397949e-01,-2.372235953807830811e-01,5.235278606414794922e-01,4.968987032771110535e-02,1.607330888509750366e-01
3.332959860563278198e-02,-2.600680351257324219e+00,6.939646601676940918e-01,2.165519893169403076e-01,1.481206119060516357e-01,-7.954775691032409668e-01,5.462425947189331055e-01,0.000000000000000000e+00,0.000000000000000000e+00,5.028765648603439331e-02,-9.015133976936340332e-01,3.269494771957397461e-01,-1.755945205688476562e+00,3.200388550758361816e-01,8.598446249961853027e-01,4.324411749839782715e-01,1.127122640609741211e+00,2.822755277156829834e-01,-1.816498786211013794e-01,2.724249660968780518e-01,4.683310091495513916e-01,3.892595469951629639e-01,2.271344810724258423e-01,1.273043360561132431e-02,-9.387531280517578125e-01,-1.506494134664535522e-01,-2.724416255950927734e-01,4.639903306961059570e-01,-1.274996716529130936e-02,1.140014752745628357e-01
1.256329752504825592e-02,-2.626144647598266602e+00,6.821683645248413086e-01,2.230740785598754883e-01,1.286538690328598022e-01,-7.955036759376525879e-01,5.485070943832397461e-01,0.000000000000000000e+00,0.000000000000000000e+00,5.992500111460685730e-02,-9.394398927688598633e-01,3.719279170036315918e-01,-1.675209283828735352e+00,2.185071855783462524e-01,8.913418650627136230e-01,4.530362188816070557e-01,1.101506471633911133e+00,1.930843293666839600e-01,-3.126194179058074951e-01,3.061550855636596680e-01,4.383728802204132080e-01,6.575924158096313477e-01,9.022369980812072754e-02,1.065813750028610229e-01,-9.170126318931579590e-01,-1.102839559316635132e-01,-2.606639266014099121e-01,5.184816718101501465e-01,-1.298045665025711060e-01,4.668489843606948853e-02
-7.401056587696075439e-03,-2.649997711181640625e+00,6.715373396873474121e-01,2.248413264751434326e-01,1.133296638727188110e-01,-7.938823103904724121e-01,5.534922480583190918e-01,0.000000000000000000e+00,0.000000000000000000e+00,1.015450879931449890e-01,-9.718502759933471680e-01,3.753808438777923584e-01,-1.594614624977111816e+00,1.116833239793777466e-01,9.406261444091796875e-01,4.503789544105529785e-01,1.099212527275085449e+00,7.917076349258422852e-02,-4.968824982643127441e-01,3.434450626373291016e-01,3.804395496845245361e-01,9.620589613914489746e-01,3.928897494915872812e-04,1.751027405261993408e-01,-9.019241929054260254e-01,-4.198036715388298035e-02,-2.238210439682006836e-01,5.923063158988952637e-01,-2.672736048698425293e-01,-3.273237869143486023e-02
-2.726753987371921539e-02,-2.673532009124755859e+00,6.618111133575439453e-01,2.301187515258789062e-01,1.036591976881027222e-01,-7.897477746009826660e-01,5.591051578521728516e-01,0.000000000000000000e+00,0.000000000000000000e+00,1.443713158369064331e-01,-1.003147244453430176e+00,3.715132474899291992e-01,-1.508172154426574707e+00,-3.124034404754638672e-02,1.010326385498046875e+00,4.593732953071594238e-01,1.119218945503234863e+00,-3.804521635174751282e-02,-7.117813825607299805e-01,3.532234430313110352e-01,3.081924319267272949e-01,1.205731272697448730e+00,-6.264415383338928223e-02,2.028056532144546509e-01,-8.799930810928344727e-01,3.866528719663619995e-02,-1.690925061702728271e-01,6.396533846855163574e-01,-3.909439742565155029e-01,-1.022672355175018311e-01
-4.473633319139480591e-02,-2.696864128112792969e+00,6.571624279022216797e-01,2.359509170055389404e-01,1.031337082386016846e-01,-7.863272428512573242e-01,5.615870952606201172e-01,0.000000000000000000e+00,0.000000000000000000e+00,2.041223049163818359e-01,-1.008746981620788574e+00,3.562933802604675293e-01,-1.462536096572875977e+00,-1.626922488212585449e-01,1.072235107421875000e+00,4.811481237411499023e-01,1.182108044624328613e+00,-1.413829773664474487e-01,-8.808349967002868652e-01,3.357061445713043213e-01,2.625612020492553711e-01,1.296346068382263184e+00,-1.122282668948173523e-01,2.171667218208312988e-01,-8.306392431259155273e-01,1.220334172248840332e-01,-1.082686632871627808e-01,6.163256764411926270e-01,-4.532091617584228516e-01,-1.176622509956359863e-01
-6.001715362071990967e-02,-2.718097448348999023e+00,6.568824052810668945e-01,2.405995726585388184e-01,1.078322529792785645e-01,-7.778167128562927246e-01,5.705130696296691895e-01,0.000000000000000000e+00,0.000000000000000000e+00,2.509382963180541992e-01,-9.936613440513610840e-01,3.439395427703857422e-01,-1.448792934417724609e+00,-2.805660068988800049e-01,1.132912039756774902e+00,5.385593771934509277e-01,1.266612172126770020e+00,-2.220011055469512939e-01,-1.010238766670227051e+00,2.947422564029693604e-01,2.322776466608047485e-01,1.268919467926025391e+00,-1.556355655193328857e-01,2.132446616888046265e-01,-7.520941495895385742e-01,1.859892308712005615e-01,-6.154713034629821777e-02,5.447205305099487305e-01,-4.973796010017395020e-01,-1.253903806209564209e-01
-7.169476896524429321e-02,-2.734143257141113281e+00,6.597418189048767090e-01,2.375223636627197266e-01,1.080124676227569580e-01,-7.710732817649841309e-01,5.808290839195251465e-01,0.000000000000000000e+00,0.000000000000000000e+00,2.874003052711486816e-01,-9.732972383499145508e-01,3.464384377002716064e-01,-1.471957087516784668e+00,-3.735393881797790527e-01,1.170229554176330566e+00,6.329621672630310059e-01,1.376274228096008301e+00,-2.512776851654052734e-01,-1.083379507064819336e+00,2.064316421747207642e-01,2.244016230106353760e-01,1.134481906890869141e+00,-1.875051856040954590e-01,2.108817845582962036e-01,-6.519559621810913086e-01,2.000000029802322388e-01,-6.378074735403060913e-02,4.675159752368927002e-01,-4.946756064891815186e-01,-1.093456521630287170e-01
-8.120378106832504272e-02,-2.747037172317504883e+00,6.624943017959594727e-01,2.363065481185913086e-01,1.082363277673721313e-01,-7.661122083663940430e-01,5.878062844276428223e-01,0.000000000000000000e+00,0.000000000000000000e+00,3.105783164501190186e-01,-9.697293639183044434e-01,3.433719873428344727e-01,-1.491395711898803711e+00,-4.145063459873199463e-01,1.180116534233093262e+00,6.948502063751220703e-01,1.456760048866271973e+00,-2.501088082790374756e-01,-1.107165575027465820e+00,1.259775310754776001e-01,2.134858965873718262e-01,1.031040668487548828e+00,-1.787113696336746216e-01,1.887894570827484131e-01,-5.687224268913269043e-01,2.000000029802322388e-01,-7.054176181554794312e-02,3.935909271240234375e-01,-4.530141651630401611e-01,-7.438815385103225708e-02
-7.788122445344924927e-02,-2.743712425231933594e+00,6.622332930564880371e-01,2.210623621940612793e-01,1.038606390357017517e-01,-7.770144939422607422e-01,5.801662206649780273e-01,0.000000000000000000e+00,0.000000000000000000e+00,3.075894415378570557e-01,-9.857003688812255859e-01,3.190773129463195801e-01,-1.420887708663940430e+00,-3.791891038417816162e-01,1.163483619689941406e+00,6.607216000556945801e-01,1.386890769004821777e+00,-2.452672421932220459e-01,-1.036551952362060547e+00,1.255180835723876953e-01,2.096148878335952759e-01,9.561818838119506836e-01,-1.573763191699981689e-01,1.704907566308975220e-01,-5.286988019943237305e-01,2.000000029802322388e-01,-5.157350748777389526e-02,3.511642515659332275e-01,-4.075665175914764404e-01,-7.513707876205444336e-02
-7.460450381040573120e-02,-2.740252256393432617e+00,6.617455482482910156e-01,2.054963707923889160e-01,9.858375042676925659e-02,-7.873327732086181641e-01,5.728521943092346191e-01,0.000000000000000000e+00,0.000000000000000000e+00,2.941555678844451904e-01,-1.006013393402099609e+00,3.051625788211822510e-01,-1.331896781921386719e+00,-3.443859517574310303e-01,1.152406692504882812e+00,6.201509237289428711e-01,1.304779887199401855e+00,-2.459251284599304199e-01,-9.631400704383850098e-01,1.276951432228088379e-01,2.102784514427185059e-01,8.814644217491149902e-01,-1.375212669372558594e-01,1.531291306018829346e-01,-4.914052188396453857e-01,2.000000029802322388e-01,-2.932741306722164154e-02,3.155427873134613037e-01,-3.649069964885711670e-01,-7.554084062576293945e-02
-7.137037813663482666e-02,-2.736806631088256836e+00,6.610693931579589844e-01,1.901086121797561646e-01,9.264368563890457153e-02,-7.973577976226806641e-01,5.652401447296142578e-01,0.000000000000000000e+00,0.000000000000000000e+00,2.770920693874359131e-01,-1.027867913246154785e+00,2.935329079627990723e-01,-1.237868785858154297e+00,-3.118120729923248291e-01,1.144858837127685547e+00,5.800657868385314941e-01,1.218390464782714844e+00,-2.425705492496490479e-01,-8.892854452133178711e-01,1.244559288024902344e-01,2.110181599855422974e-01,8.050186634063720703e-01,-1.169251278042793274e-01,1.372904479503631592e-01,-4.566183090209960938e-01,1.953019052743911743e-01,-1.100955810397863388e-02,2.841249108314514160e-01,-3.249033689498901367e-01,-7.484447956085205078e-02
-6.834913045167922974e-02,-2.733599185943603516e+00,6.601800322532653809e-01,1.762510836124420166e-01,8.592523634433746338e-02,-8.071713447570800781e-01,5.568004846572875977e-01,0.000000000000000000e+00,0.000000000000000000e+00,2.591140270233154297e-01,-1.051099538803100586e+00,2.774043977260589600e-01,-1.147836446762084961e+00,-2.825309634208679199e-01,1.136961936950683594e+00,5.417807698249816895e-01,1.134096264839172363e+00,-2.270292043685913086e-01,-8.208836913108825684e-01,1.095712408423423767e-01,2.065033465623855591e-01,7.293626666069030762e-01,-9.581600874662399292e-02,1.235818266868591309e-01,-4.287117719650268555e-01,1.809454560279846191e-01,-3.922434989362955093e-03,2.604423463344573975e-01,-2.906437218189239502e-01,-7.201693207025527954e-02
-6.522595137357711792e-02,-2.730152130126953125e+00,6.591476202011108398e-01,1.612820476293563843e-01,7.819771766662597656e-02,-8.167193531990051270e-01,5.484912991523742676e-01,0.000000000000000000e+00,0.000000000000000000e+00,2.417977303266525269e-01,-1.074597597122192383e+00,2.625007629394531250e-01,-1.052983403205871582e+00,-2.518781423568725586e-01,1.133201003074645996e+00,5.016199350357055664e-01,1.043746590614318848e+00,-2.096291482448577881e-01,-7.473711371421813965e-01,9.154026955366134644e-02,1.999624669551849365e-01,6.486171483993530273e-01,-7.200621068477630615e-02,1.111951693892478943e-01,-3.970867693424224854e-01,1.648837178945541382e-01,9.648485574871301651e-04,2.349815517663955688e-01,-2.561734914779663086e-01,-6.885223835706710815e-02
-6.203275173902511597e-02,-2.726783752441406250e+00,6.579123735427856445e-01,1.461090296506881714e-01,7.050566375255584717e-02,-8.258474469184875488e-01,5.400528907775878906e-01,0.000000000000000000e+00,0.000000000000000000e+00,2.241365164518356323e-01,-1.096972107887268066e+00,2.457177489995956421e-01,-9.576227068901062012e-01,-2.227117568254470825e-01,1.132549047470092773e+00,4.608095884323120117e-01,9.516451954841613770e-01,-1.911901235580444336e-01,-6.747057437896728516e-01,7.344406098127365112e-02,1.905857324600219727e-01,5.692728161811828613e-01,-4.866030812263488770e-02,9.985724091529846191e-02,-3.656325936317443848e-01,1.490370929241180420e-01,4.121387377381324768e-03,2.100015729665756226e-01,-2.221973836421966553e-01,-6.553749740123748779e-02
-5.883956328034400940e-02,-2.723891019821166992e+00,6.564807295799255371e-01,1.319456100463867188e-01,6.408942490816116333e-02,-8.344942927360534668e-01,5.311328768730163574e-01,0.000000000000000000e+00,0.000000000000000000e+00,2.056450396776199341e-01,-1.116223812103271484e+00,2.224613428115844727e-01,-8.682352900505065918e-01,-1.977108865976333618e-01,1.133769869804382324e+00,4.206337332725524902e-01,8.640054464340209961e-01,-1.719424277544021606e-01,-6.114842891693115234e-01,5.842328816652297974e-02,1.780186742544174194e-01,5.014821887016296387e-01,-3.087911196053028107e-02,8.930604904890060425e-02,-3.402007222175598145e-01,1.352062076330184937e-01,5.827589891850948334e-03,1.900372505187988281e-01,-1.907219737768173218e-01,-6.225665286183357239e-02
-5.553351342678070068e-02,-2.720688343048095703e+00,6.548526287078857422e-01,1.163507029414176941e-01,5.648420006036758423e-02,-8.427326083183288574e-01,5.225646495819091797e-01,0.000000000000000000e+00,0.000000000000000000e+00,1.885035336017608643e-01,-1.135486602783203125e+00,2.011900097131729126e-01,-7.735612988471984863e-01,-1.703458875417709351e-01,1.138536095619201660e+00,3.775950372219085693e-01,7.695950865745544434e-01,-1.535104066133499146e-01,-5.424062609672546387e-01,4.275283217430114746e-02,1.646640151739120483e-01,4.299525022506713867e-01,-1.131673716008663177e-02,7.991585880517959595e-02,-3.092561960220336914e-01,1.208319067955017090e-01,7.514124736189842224e-03,1.665296405553817749e-01,-1.576900780200958252e-01,-5.872859433293342590e-02
-5.219817534089088440e-02,-2.717563629150390625e+00,6.530437469482421875e-01,1.005905866622924805e-01,4.885610938072204590e-02,-8.504894971847534180e-01,5.139670968055725098e-01,0.000000000000000000e+00,0.000000000000000000e+00,1.710411012172698975e-01,-1.153322577476501465e+00,1.787921041250228882e-01,-6.785960793495178223e-01,-1.436638534069061279e-01,1.145364880561828613e+00,3.333601057529449463e-01,6.743936538696289062e-01,-1.352609395980834961e-01,-4.749360084533691406e-01,2.834250964224338531e-02,1.496865302324295044e-01,3.620426654815673828e-01,6.641513202339410782e-03,7.149838656187057495e-02,-2.782074213027954102e-01,1.071292087435722351e-01,8.728155866265296936e-03,1.430665105581283569e-01,-1.246735826134681702e-01,-5.511064827442169189e-02
-4.883090034127235413e-02,-2.714685440063476562e+00,6.511105895042419434e-01,8.516816049814224243e-02,4.180677235126495361e-02,-8.578836321830749512e-01,5.050091147422790527e-01,0.000000000000000000e+00,0.000000000000000000e+00,1.443686485290527344e-01,-1.170575737953186035e+00,1.581258028745651245e-01,-5.703184604644775391e-01,-1.250122487545013428e-01,1.156558990478515625e+00,2.929018139839172363e-01,5.694823861122131348e-01,-1.108378097414970398e-01,-4.136749804019927979e-01,1.381602883338928223e-02,1.274790465831756592e-01,3.014915287494659424e-01,2.213596552610397339e-02,6.419429928064346313e-02,-2.491651028394699097e-01,9.337529540061950684e-02,3.530859714373946190e-03,1.218084990978240967e-01,-9.391615539789199829e-02,-5.137555301189422607e-02
-4.583029821515083313e-02,-2.713799476623535156e+00,6.498907804489135742e-01,7.634686678647994995e-02,4.035896062850952148e-02,-8.652068972587585449e-01,4.939224421977996826e-01,0.000000000000000000e+00,0.000000000000000000e+00,9.742218255996704102e-02,-1.175385832786560059e+00,1.224168539047241211e-01,-4.675990343093872070e-01,-1.268521398305892944e-01,1.163434982299804688e+00,2.583631873130798340e-01,4.778013229370117188e-01,-7.910472154617309570e-02,-3.914729356765747070e-01,6.485805381089448929e-03,9.774246066808700562e-02,2.794635295867919922e-01,1.861186325550079346e-02,5.583962425589561462e-02,-2.475102692842483521e-01,8.444955945014953613e-02,-5.637151189148426056e-03,1.188016459345817566e-01,-7.282099127769470215e-02,-4.807987064123153687e-02
-4.254000633955001831e-02,-2.710576295852661133e+00,6.476387381553649902e-01,5.956073477864265442e-02,3.143260255455970764e-02,-8.714659810066223145e-01,4.858101606369018555e-01,0.000000000000000000e+00,0.000000000000000000e+00,8.323353528976440430e-02,-1.188976287841796875e+00,9.911017864942550659e-02,-3.744124770164489746e-01,-9.721708297729492188e-02,1.173859119415283203e+00,2.080349773168563843e-01,3.810443282127380371e-01,-6.239932775497436523e-02,-3.243061900138854980e-01,-5.420438945293426514e-03,8.002950251102447510e-02,2.184277027845382690e-01,3.368932753801345825e-02,5.102981999516487122e-02,-2.127887904644012451e-01,7.153200358152389526e-02,-5.362738389521837234e-03,9.369321167469024658e-02,-3.897826746106147766e-02,-4.419555887579917908e-02
-3.927216678857803345e-02,-2.707454681396484375e+00,6.452487111091613770e-01,4.279228672385215759e-02,2.242450788617134094e-02,-8.772369027137756348e-01,4.776205122470855713e-01,0.000000000000000000e+00,0.000000000000000000e+00,6.959979236125946045e-02,-1.201262712478637695e+00,7.440374791622161865e-02,-2.825558781623840332e-01,-6.692577153444290161e-02,1.184762001037597656e+00,1.561993956565856934e-01,2.860798537731170654e-01,-4.615089669823646545e-02,-2.583911716938018799e-01,-1.629692688584327698e-02,6.157338619232177734e-02,1.598928421735763550e-01,4.787384718656539917e-02,4.711494967341423035e-02,-1.783051788806915283e-01,5.912343412637710571e-02,-4.951435606926679611e-03,6.878959387540817261e-02,-5.098710767924785614e-03,-4.020479694008827209e-02
-3.604195639491081238e-02,-2.704443693161010742e+00,6.427432298660278320e-01,2.610256150364875793e-02,1.334347482770681381e-02,-8.825258016586303711e-01,4.693493545055389404e-01,0.000000000000000000e+00,0.000000000000000000e+00,5.579214543104171753e-02,-1.212333679199218750e+00,4.889337718486785889e-02,-1.908925324678421021e-01,-3.666515648365020752e-02,1.196261405944824219e+00,1.035967096686363220e-01,1.918093413114547729e-01,-2.960958704352378845e-02,-1.942864358425140381e-01,-2.632168121635913849e-02,4.176831990480422974e-02,1.044733300805091858e-01,6.084553524851799011e-02,4.412214085459709167e-02,-1.443690359592437744e-01,4.705920442938804626e-02,-5.140620749443769455e-03,4.468182101845741272e-02,2.826471254229545593e-02,-3.610197454690933228e-02
-3.286190330982208252e-02,-2.701535940170288086e+00,6.401401758193969727e-01,9.501821361482143402e-03,4.143618978559970856e-03,-8.873283863067626953e-01,4.610215425491333008e-01,0.000000000000000000e+00,0.000000000000000000e+00,4.184043779969215393e-02,-1.222248792648315430e+00,2.285408042371273041e-02,-9.933295100927352905e-02,-6.275994703173637390e-03,1.208216309547424316e+00,5.036303028464317322e-02,9.819179773330688477e-02,-1.284908223897218704e-02,-1.315588653087615967e-01,-3.551851212978363037e-02,2.076278068125247955e-02,5.144603550434112549e-02,7.293745130300521851e-02,4.206638038158416748e-02,-1.108567640185356140e-01,3.530362993478775024e-02,-5.854854360222816467e-03,2.126401290297508240e-02,6.115883216261863708e-02,-3.188627213239669800e-02
-2.973928116261959076e-02,-2.698723316192626953e+00,6.374524235725402832e-01,-7.020253222435712814e-03,-5.209641065448522568e-03,-8.916383385658264160e-01,4.526638984680175781e-01,0.000000000000000000e+00,0.000000000000000000e+00,2.784323506057262421e-02,-1.231056332588195801e+00,-3.466814756393432617e-03,-7.849975489079952240e-03,2.447243221104145050e-02,1.220522880554199219e+00,-3.391627687960863113e-03,5.253015086054801941e-03,3.938031382858753204e-03,-6.969416141510009766e-02,-4.386645555496215820e-02,-1.208247849717736244e-03,2.378651970502687618e-06,8.449988067150115967e-02,4.095378518104553223e-02,-7.847969233989715576e-02,2.385378815233707428e-02,-6.931222975254058838e-03,1.062653723238327075e-06,9.296063333749771118e-02,-2.755838073790073395e-02
-2.973862364888191223e-02,-2.698722362518310547e+00,6.374518275260925293e-01,-7.022930774837732315e-03,-5.210956092923879623e-03,-8.916391730308532715e-01,4.526622891426086426e-01,0.000000000000000000e+00,0.000000000000000000e+00,2.779582142829895020e-02,-1.231074571609497070e+00,-3.462509717792272568e-03,-7.739420514553785324e-03,2.451298013329505920e-02,1.220534920692443848e+00,-3.449413925409317017e-03,5.282530561089515686e-03,4.112780094146728516e-03,-6.971040368080139160e-02,-4.387911409139633179e-02,-1.390382531099021435e-03,2.973314927601222735e-10,8.456449955701828003e-02,4.094949364662170410e-02,-7.844647020101547241e-02,2.383961342275142670e-02,-7.113300729542970657e-03,1.328317039694937307e-10,9.294623136520385742e-02,-2.755866758525371552e-02
-2.973861806094646454e-02,-2.698722362518310547e+00,6.374518275260925293e-01,-7.022933568805456161e-03,-5.210921633988618851e-03,-8.916392326354980469e-01,4.526621699333190918e-01,0.000000000000000000e+00,0.000000000000000000e+00,2.779409661889076233e-02,-1.231074571609497070e+00,-3.461696440353989601e-03,-7.736534811556339264e-03,2.451392263174057007e-02,1.220534920692443848e+00,-3.450032323598861694e-03,5.284097976982593536e-03,4.119939636439085007e-03,-6.971135735511779785e-02,-4.387955740094184875e-02,-1.397767686285078526e-03,3.716348246935591293e-14,8.456605672836303711e-02,4.094940796494483948e-02,-7.844539731740951538e-02,2.383909747004508972e-02,-7.120697293430566788e-03,1.660279952528289499e-14,9.294477105140686035e-02,-2.755873464047908783e-02
-2.973861619830131531e-02,-2.698722362518310547e+00,6.374518275260925293e-01,-7.022934034466743469e-03,-5.210920237004756927e-03,-8.916392326354980469e-01,4.526621699333190918e-01,0.000000000000000000e+00,0.000000000000000000e+00,2.779404260218143463e-02,-1.231074571609497070e+00,-3.461670363321900368e-03,-7.736445870250463486e-03,2.451395057141780853e-02,1.220534920692443848e+00,-3.450043965131044388e-03,5.284147802740335464e-03,4.120231140404939651e-03,-6.971140205860137939e-02,-4.387957602739334106e-02,-1.398067339323461056e-03,2.269305697246605428e-18,8.456612378358840942e-02,4.094940423965454102e-02,-7.844536006450653076e-02,2.383907698094844818e-02,-7.120997179299592972e-03,6.426941896630808913e-18,9.294471144676208496e-02,-2.755873836576938629e-02
-2.973861619830131531e-02,-2.698722362518310547e+00,6.374518275260925293e-01,-7.022934965789318085e-03,-5.210920237004756927e-03,-8.916392326354980469e-01,4.526621699333190918e-01,0.000000000000000000e+00,0.000000000000000000e+00,2.779404260218143463e-02,-1.231074571609497070e+00,-3.461669431999325752e-03,-7.736442610621452332e-03,2.451395243406295776e-02,1.220534920692443848e+00,-3.450044197961688042e-03,5.284148734062910080e-03,4.120242781937122345e-03,-6.971140205860137939e-02,-4.387957602739334106e-02,-1.398079446516931057e-03,-3.622115541709463742e-18,8.456612378358840942e-02,4.094940423965454102e-02,-7.844535261392593384e-02,2.383907511830329895e-02,-7.121009286493062973e-03,1.671593051626760022e-18,9.294471144676208496e-02,-2.755873836576938629e-02
-2.973861619830131531e-02,-2.698722362518310547e+00,6.374518275260925293e-01,-7.022934034466743469e-03,-5.210920237004756927e-03,-8.916392326354980469e-01,4.526621699333190918e-01,0.000000000000000000e+00,0.000000000000000000e+00,2.779404073953628540e-02,-1.231074571609497070e+00,-3.461669664829969406e-03,-7.736443076282739639e-03,2.451395057141780853e-02,1.220534920692443848e+00,-3.450044197961688042e-03,5.284149199724197388e-03,4.120243247598409653e-03,-6.971140205860137939e-02,-4.387957602739334106e-02,-1.398079912178218365e-03,-1.140031900749158484e-18,8.456612378358840942e-02,4.094940423965454102e-02,-7.844535261392593384e-02,2.383907511830329895e-02,-7.121009752154350281e-03,4.907761835950619558e-18,9.294471144676208496e-02,-2.755873836576938629e-02
-2.973861619830131531e-02,-2.698722362518310547e+00,6.374518275260925293e-01,-7.022934034466743469e-03,-5.210920237004756927e-03,-8.916392326354980469e-01,4.526621699333190918e-01,0.000000000000000000e+00,0.000000000000000000e+00,2.779404073953628540e-02,-1.231074571609497070e+00,-3.461669664829969406e-03,-7.736443076282739639e-03,2.451395057141780853e-02,1.220534920692443848e+00,-3.450044197961688042e-03,5.284149199724197388e-03,4.120243247598409653e-03,-6.971140205860137939e-02,-4.387957602739334106e-02,-1.398079912178218365e-03,-5.077686447260090960e-19,8.456612378358840942e-02,4.094940423965454102e-02,-7.844535261392593384e-02,2.383907511830329895e-02,-7.121009752154350281e-03,2.708520197743633819e-18,9.294471144676208496e-02,-2.755873836576938629e-02
-2.973861619830131531e-02,-2.698722362518310547e+00,6.374518275260925293e-01,-7.022934034466743469e-03,-5.210920237004756927e-03,-8.916392326354980469e-01,4.526621699333190918e-01,0.000000000000000000e+00,0.000000000000000000e+00,2.779404073953628540e-02,-1.231074571609497070e+00,-3.461669664829969406e-03,-7.736443076282739639e-03,2.451395057141780853e-02,1.220534920692443848e+00,-3.450044197961688042e-03,5.284149199724197388e-03,4.120243247598409653e-03,-6.971140205860137939e-02,-4.387957602739334106e-02,-1.398079912178218365e-03,1.863542380721221477e-18,8.456612378358840942e-02,4.094940423965454102e-02,-7.844535261392593384e-02,2.383907511830329895e-02,-7.121009752154350281e-03,-3.507775192816871279e-19,9.294471144676208496e-02,-2.755873836576938629e-02
-2.973861619830131531e-02,-2.698722362518310547e+00,6.374518275260925293e-01,-7.022934034466743469e-03,-5.210920237004756927e-03,-8.916392326354980469e-01,4.526621699333190918e-01,0.000000000000000000e+00,0.000000000000000000e+00,2.779404073953628540e-02,-1.231074571609497070e+00,-3.461669664829969406e-03,-7.736443076282739639e-03,2.451395057141780853e-02,1.220534920692443848e+00,-3.450044197961688042e-03,5.284149199724197388e-03,4.120243247598409653e-03,-6.971140205860137939e-02,-4.387957602739334106e-02,-1.398079912178218365e-03,5.837049209726886693e-18,8.456612378358840942e-02,4.094940423965454102e-02,-7.844535261392593384e-02,2.383907511830329895e-02,-7.121009752154350281e-03,-2.719108109584312573e-18,9.294471144676208496e-02,-2.755873836576938629e-02
-2.973861619830131531e-02,-2.698722362518310547e+00,6.374518275260925293e-01,-7.022934034466743469e-03,-5.210920237004756927e-03,-8.916392326354980469e-01,4.526621699333190918e-01,0.000000000000000000e+00,0.000000000000000000e+00,2.779404073953628540e-02,-1.231074571609497070e+00,-3.461669664829969406e-03,-7.736443076282739639e-03,2.451395057141780853e-02,1.220534920692443848e+00,-3.450044197961688042e-03,5.284149199724197388e-03,4.120243247598409653e-03,-6.971140205860137939e-02,-4.387957602739334106e-02,-1.398079912178218365e-03,2.571986386221090485e-18,8.456612378358840942e-02,4.094940423965454102e-02,-7.844535261392593384e-02,2.383907511830329895e-02,-7.121009752154350281e-03,-5.547801106719650252e-19,9.294471144676208496e-02,-2.755873836576938629e-02
-2.973861619830131531e-02,-2.698722362518310547e+00,6.374518275260925293e-01,-7.022934034466743469e-03,-5.210920237004756927e-03,-8.916392326354980469e-01,4.526621699333190918e-01,0.000000000000000000e+00,0.000000000000000000e+00,2.779404073953628540e-02,-1.231074571609497070e+00,-3.461669664829969406e-03,-7.736443076282739639e-03,2.451395057141780853e-02,1.220534920692443848e+00,-3.450044197961688042e-03,5.284149199724197388e-03,4.120243247598409653e-03,-6.971140205860137939e-02,-4.387957602739334106e-02,-1.398079912178218365e-03,-1.077178581904316676e-18,8.456612378358840942e-02,4.094940423965454102e-02,-7.844535261392593384e-02,2.383907511830329895e-02,-7.121009752154350281e-03,3.461558957632308517e-18,9.294471144676208496e-02,-2.755873836576938629e-02
-2.973861619830131531e-02,-2.698722362518310547e+00,6.374518275260925293e-01,-7.022934034466743469e-03,-5.210920237004756927e-03,-8.916392326354980469e-01,4.526621699333190918e-01,0.000000000000000000e+00,0.000000000000000000e+00,2.779404073953628540e-02,-1.231074571609497070e+00,-3.461669664829969406e-03,-7.736443076282739639e-03,2.451395057141780853e-02,1.220534920692443848e+00,-3.450044197961688042e-03,5.284149199724197388e-03,4.120243247598409653e-03,-6.971140205860137939e-02,-4.387957602739334106e-02,-1.398079912178218365e-03,1.866229270145946849e-18,8.456612378358840942e-02,4.094940423965454102e-02,-7.844535261392593384e-02,2.383907511830329895e-02,-7.121009752154350281e-03,5.429745889696082142e-18,9.294471144676208496e-02,-2.755873836576938629e-02
-2.973861619830131531e-02,-2.698722362518310547e+00,6.374518275260925293e-01,-7.022934034466743469e-03,-5.210920237004756927e-03,-8.916392326354980469e-01,4.526621699333190918e-01,0.000000000000000000e+00,0.000000000000000000e+00,2.779404073953628540e-02,-1.231074571609497070e+00,-3.461669664829969406e-03,-7.736443076282739639e-03,2.451395057141780853e-02,1.220534920692443848e+00,-3.450044197961688042e-03,5.284149199724197388e-03,4.120243247598409653e-03,-6.971140205860137939e-02,-4.387957602739334106e-02,-1.398079912178218365e-03,-1.720423177546990352e-18,8.456612378358840942e-02,4.094940423965454102e-02,-7.844535261392593384e-02,2.383907511830329895e-02,-7.121009752154350281e-03,5.048528123872443596e-18,9.294471144676208496e-02,-2.755873836576938629e-02
-2.973861619830131531e-02,-2.698722362518310547e+00,6.374518275260925293e-01,-7.022934034466743469e-03,-5.210920237004756927e-03,-8.916392326354980469e-01,4.526621699333190918e-01,0.000000000000000000e+00,0.000000000000000000e+00,2.779404073953628540e-02,-1.231074571609497070e+00,-3.461669664829969406e-03,-7.736443076282739639e-03,2.451395057141780853e-02,1.220534920692443848e+00,-3.450044197961688042e-03,5.284149199724197388e-03,4.120243247598409653e-03,-6.971140205860137939e-02,-4.387957602739334106e-02,-1.398079912178218365e-03,-3.751112703875883301e-18,8.456612378358840942e-02,4.094940423965454102e-02,-7.844535261392593384e-02,2.383907511830329895e-02,-7.121009752154350281e-03,4.719561702982554702e-20,9.294471144676208496e-02,-2.755873836576938629e-02
-2.973862178623676300e-02,-2.698722362518310547e+00,6.374518275260925293e-01,-7.022921927273273468e-03,-5.210950970649719238e-03,-8.916392326354980469e-01,4.526621699333190918e-01,0.000000000000000000e+00,0.000000000000000000e+00,2.779405191540718079e-02,-1.231074571609497070e+00,-3.461670596152544022e-03,-7.736448198556900024e-03,2.451395802199840546e-02,1.220534920692443848e+00,-3.450046060606837273e-03,5.284149665385484695e-03,4.120245110243558884e-03,-6.971140205860137939e-02,-4.387965425848960876e-02,-1.398075954057276249e-03,-2.641528080703882937e-18,8.456613123416900635e-02,4.094941541552543640e-02,-7.844533026218414307e-02,2.383903041481971741e-02,-7.121008355170488358e-03,2.710664249891371266e-18,9.294469654560089111e-02,-2.755876071751117706e-02
-2.973861619830131531e-02,-2.698722362518310547e+00,6.374518275260925293e-01,-7.022934034466743469e-03,-5.210920237004756927e-03,-8.916392326354980469e-01,4.526621699333190918e-01,0.000000000000000000e+00,0.000000000000000000e+00,2.779404260218143463e-02,-1.231074571609497070e+00,-3.461669897660613060e-03,-7.736443541944026947e-03,2.451395057141780853e-02,1.220534920692443848e+00,-3.450044430792331696e-03,5.284149665385484695e-03,4.120243247598409653e-03,-6.971140205860137939e-02,-4.387957602739334106e-02,-1.398079912178218365e-03,-4.108711568078988972e-18,8.456612378358840942e-02,4.094940423965454102e-02,-7.844535261392593384e-02,2.383907511830329895e-02,-7.121009752154350281e-03,-7.905199678046774883e-19,9.294471144676208496e-02,-2.755873836576938629e-02
-2.973861619830131531e-02,-2.698722362518310547e+00,6.374518275260925293e-01,-7.022934965789318085e-03,-5.210920237004756927e-03,-8.916392326354980469e-01,4.526621699333190918e-01,0.000000000000000000e+00,0.000000000000000000e+00,2.779404260218143463e-02,-1.231074571609497070e+00,-3.461669431999325752e-03,-7.736442610621452332e-03,2.451395243406295776e-02,1.220534920692443848e+00,-3.450044197961688042e-03,5.284148734062910080e-03,4.120243247598409653e-03,-6.971139460802078247e-02,-4.387957602739334106e-02,-1.398080028593540192e-03,2.431219684708960171e-18,8.456612378358840942e-02,4.094940423965454102e-02,-7.844535261392593384e-02,2.383907511830329895e-02,-7.121009752154350281e-03,-4.437340912869262508e-18,9.294471144676208496e-02,-2.755873836576938629e-02
-2.973861619830131531e-02,-2.698722362518310547e+00,6.374518275260925293e-01,-7.022934034466743469e-03,-5.210920237004756927e-03,-8.916392326354980469e-01,4.526621699333190918e-01,0.000000000000000000e+00,0.000000000000000000e+00,2.779404073953628540e-02,-1.231074571609497070e+00,-3.461669664829969406e-03,-7.736443076282739639e-03,2.451395057141780853e-02,1.220534920692443848e+00,-3.450044197961688042e-03,5.284149199724197388e-03,4.120243247598409653e-03,-6.971140205860137939e-02,-4.387957602739334106e-02,-1.398079912178218365e-03,-5.095492543921060572e-18,8.456612378358840942e-02,4.094940423965454102e-02,-7.844535261392593384e-02,2.383907511830329895e-02,-7.121009752154350281e-03,5.794234754811448257e-19,9.294471144676208496e-02,-2.755873836576938629e-02
-2.973861619830131531e-02,-2.698722362518310547e+00,6.374518275260925293e-01,-7.022934034466743469e-03,-5.210920237004756927e-03,-8.916392326354980469e-01,4.526621699333190918e-01,0.000000000000000000e+00,0.000000000000000000e+00,2.779404073953628540e-02,-1.231074571609497070e+00,-3.461669664829969406e-03,-7.736443076282739639e-03,2.451395057141780853e-02,1.220534920692443848e+00,-3.450044197961688042e-03,5.284149199724197388e-03,4.120243247598409653e-03,-6.971140205860137939e-02,-4.387957602739334106e-02,-1.398079912178218365e-03,-2.064801007224507843e-18,8.456612378358840942e-02,4.094940423965454102e-02,-7.844535261392593384e-02,2.383907511830329895e-02,-7.121009752154350281e-03,-3.433606870372916606e-18,9.294471144676208496e-02,-2.755873836576938629e-02
-2.973861619830131531e-02,-2.698722362518310547e+00,6.374518275260925293e-01,-7.022934034466743469e-03,-5.210920237004756927e-03,-8.916392326354980469e-01,4.526621699333190918e-01,0.000000000000000000e+00,0.000000000000000000e+00,2.779404073953628540e-02,-1.231074571609497070e+00,-3.461669664829969406e-03,-7.736443076282739639e-03,2.451395057141780853e-02,1.220534920692443848e+00,-3.450044197961688042e-03,5.284149199724197388e-03,4.120243247598409653e-03,-6.971140205860137939e-02,-4.387957602739334106e-02,-1.398079912178218365e-03,2.062084339297730562e-18,8.456612378358840942e-02,4.094940423965454102e-02,-7.844535261392593384e-02,2.383907511830329895e-02,-7.121009752154350281e-03,-2.892246937959011902e-18,9.294471144676208496e-02,-2.755873836576938629e-02
-2.973861619830131531e-02,-2.698722362518310547e+00,6.374518275260925293e-01,-7.022934034466743469e-03,-5.210920237004756927e-03,-8.916392326354980469e-01,4.526621699333190918e-01,0.000000000000000000e+00,0.000000000000000000e+00,2.779404073953628540e-02,-1.231074571609497070e+00,-3.461669664829969406e-03,-7.736443076282739639e-03,2.451395057141780853e-02,1.220534920692443848e+00,-3.450044197961688042e-03,5.284149199724197388e-03,4.120243247598409653e-03,-6.971140205860137939e-02,-4.387957602739334106e-02,-1.398079912178218365e-03,-2.825338779751435152e-18,8.456612378358840942e-02,4.094940423965454102e-02,-7.844535261392593384e-02,2.383907511830329895e-02,-7.121009752154350281e-03,-1.040024110330272332e-18,9.294471144676208496e-02,-2.755873836576938629e-02
-2.973861619830131531e-02,-2.698722362518310547e+00,6.374518275260925293e-01,-7.022934034466743469e-03,-5.210920237004756927e-03,-8.916392326354980469e-01,4.526621699333190918e-01,0.000000000000000000e+00,0.000000000000000000e+00,2.779404073953628540e-02,-1.231074571609497070e+00,-3.461669664829969406e-03,-7.736443076282739639e-03,2.451395057141780853e-02,1.220534920692443848e+00,-3.450044197961688042e-03,5.284149199724197388e-03,4.120243247598409653e-03,-6.971140205860137939e-02,-4.387957602739334106e-02,-1.398079912178218365e-03,-2.209124378575463038e-18,8.456612378358840942e-02,4.094940423965454102e-02,-7.844535261392593384e-02,2.383907511830329895e-02,-7.121009752154350281e-03,-1.003628163377939114e-18,9.294471144676208496e-02,-2.755873836576938629e-02
-2.973861619830131531e-02,-2.698722362518310547e+00,6.374518275260925293e-01,-7.022934034466743469e-03,-5.210920237004756927e-03,-8.916392326354980469e-01,4.526621699333190918e-01,0.000000000000000000e+00,0.000000000000000000e+00,2.779404073953628540e-02,-1.231074571609497070e+00,-3.461669664829969406e-03,-7.736443076282739639e-03,2.451395057141780853e-02,1.220534920692443848e+00,-3.450044197961688042e-03,5.284149199724197388e-03,4.120243247598409653e-03,-6.971140205860137939e-02,-4.387957602739334106e-02,-1.398079912178218365e-03,-1.050513794473210414e-18,8.456612378358840942e-02,4.094940423965454102e-02,-7.844535261392593384e-02,2.383907511830329895e-02,-7.121009752154350281e-03,-1.987245173376995383e-18,9.294471144676208496e-02,-2.755873836576938629e-02
-2.973861619830131531e-02,-2.698722362518310547e+00,6.374518275260925293e-01,-7.022934034466743469e-03,-5.210920237004756927e-03,-8.916392326354980469e-01,4.526621699333190918e-01,0.000000000000000000e+00,0.000000000000000000e+00,2.779404073953628540e-02,-1.231074571609497070e+00,-3.461669664829969406e-03,-7.736443076282739639e-03,2.451395057141780853e-02,1.220534920692443848e+00,-3.450044197961688042e-03,5.284149199724197388e-03,4.120243247598409653e-03,-6.971140205860137939e-02,-4.387957602739334106e-02,-1.398079912178218365e-03,-2.647459999671653836e-18,8.456612378358840942e-02,4.094940423965454102e-02,-7.844535261392593384e-02,2.383907511830329895e-02,-7.121009752154350281e-03,-8.673087984292001534e-19,9.294471144676208496e-02,-2.755873836576938629e-02
-2.973861619830131531e-02,-2.698722362518310547e+00,6.374518275260925293e-01,-7.022934034466743469e-03,-5.210920237004756927e-03,-8.916392326354980469e-01,4.526621699333190918e-01,0.000000000000000000e+00,0.000000000000000000e+00,2.779404073953628540e-02,-1.231074571609497070e+00,-3.461669664829969406e-03,-7.736443076282739639e-03,2.451395057141780853e-02,1.220534920692443848e+00,-3.450044197961688042e-03,5.284149199724197388e-03,4.120243247598409653e-03,-6.971140205860137939e-02,-4.387957602739334106e-02,-1.398079912178218365e-03,-2.202857865049914438e-18,8.456612378358840942e-02,4.094940423965454102e-02,-7.844535261392593384e-02,2.383907511830329895e-02,-7.121009752154350281e-03,-3.683137482678113146e-18,9.294471144676208496e-02,-2.755873836576938629e-02
-2.973861619830131531e-02,-2.698722362518310547e+00,6.374518275260925293e-01,-7.022934034466743469e-03,-5.210920237004756927e-03,-8.916392326354980469e-01,4.526621699333190918e-01,0.000000000000000000e+00,0.000000000000000000e+00,2.779404073953628540e-02,-1.231074571609497070e+00,-3.461669664829969406e-03,-7.736443076282739639e-03,2.451395057141780853e-02,1.220534920692443848e+00,-3.450044197961688042e-03,5.284149199724197388e-03,4.120243247598409653e-03,-6.971140205860137939e-02,-4.387957602739334106e-02,-1.398079912178218365e-03,1.173582966779768701e-18,8.456612378358840942e-02,4.094940423965454102e-02,-7.844535261392593384e-02,2.383907511830329895e-02,-7.121009752154350281e-03,7.341922768122665158e-19,9.294471144676208496e-02,-2.755873836576938629e-02
-2.973861619830131531e-02,-2.698722362518310547e+00,6.374518275260925293e-01,-7.022934034466743469e-03,-5.210920237004756927e-03,-8.916392326354980469e-01,4.526621699333190918e-01,0.000000000000000000e+00,0.000000000000000000e+00,2.779404073953628540e-02,-1.231074571609497070e+00,-3.461669664829969406e-03,-7.736443076282739639e-03,2.451395057141780853e-02,1.220534920692443848e+00,-3.450044197961688042e-03,5.284149199724197388e-03,4.120243247598409653e-03,-6.971140205860137939e-02,-4.387957602739334106e-02,-1.398079912178218365e-03,2.495757763666419358e-18,8.456612378358840942e-02,4.094940423965454102e-02,-7.844535261392593384e-02,2.383907511830329895e-02,-7.121009752154350281e-03,2.125338013559048035e-18,9.294471144676208496e-02,-2.755873836576938629e-02
-2.973861619830131531e-02,-2.698722362518310547e+00,6.374518275260925293e-01,-7.022934034466743469e-03,-5.210920237004756927e-03,-8.916392326354980469e-01,4.526621699333190918e-01,0.000000000000000000e+00,0.000000000000000000e+00,2.779404073953628540e-02,-1.231074571609497070e+00,-3.461669664829969406e-03,-7.736443076282739639e-03,2.451395057141780853e-02,1.220534920692443848e+00,-3.450044197961688042e-03,5.284149199724197388e-03,4.120243247598409653e-03,-6.971140205860137939e-02,-4.387957602739334106e-02,-1.398079912178218365e-03,-2.368168462902565051e-18,8.456612378358840942e-02,4.094940423965454102e-02,-7.844535261392593384e-02,2.383907511830329895e-02,-7.121009752154350281e-03,-3.640918184213406614e-19,9.294471144676208496e-02,-2.755873836576938629e-02
-2.973861619830131531e-02,-2.698722362518310547e+00,6.374518275260925293e-01,-7.022934034466743469e-03,-5.210920237004756927e-03,-8.916392326354980469e-01,4.526621699333190918e-01,0.000000000000000000e+00,0.000000000000000000e+00,2.779404073953628540e-02,-1.231074571609497070e+00,-3.461669664829969406e-03,-7.736443076282739639e-03,2.451395057141780853e-02,1.220534920692443848e+00,-3.450044197961688042e-03,5.284149199724197388e-03,4.120243247598409653e-03,-6.971140205860137939e-02,-4.387957602739334106e-02,-1.398079912178218365e-03,5.491200859715403057e-18,8.456612378358840942e-02,4.094940423965454102e-02,-7.844535261392593384e-02,2.383907511830329895e-02,-7.121009752154350281e-03,-2.140928713744447501e-18,9.294471144676208496e-02,-2.755873836576938629e-02
-2.973862178623676300e-02,-2.698722362518310547e+00,6.374518275260925293e-01,-7.022920530289411545e-03,-5.210950504988431931e-03,-8.916392326354980469e-01,4.526621699333190918e-01,0.000000000000000000e+00,0.000000000000000000e+00,2.779405005276203156e-02,-1.231074571609497070e+00,-3.461670828983187675e-03,-7.736448664218187332e-03,2.451395615935325623e-02,1.220534920692443848e+00,-3.450046060606837273e-03,5.284150596708059311e-03,4.120245110243558884e-03,-6.971140950918197632e-02,-4.387965425848960876e-02,-1.398075954057276249e-03,5.207221070029516849e-18,8.456613123416900635e-02,4.094941541552543640e-02,-7.844533771276473999e-02,2.383903041481971741e-02,-7.121008355170488358e-03,2.429052264708918100e-18,9.294469654560089111e-02,-2.755875885486602783e-02
-2.973861619830131531e-02,-2.698722362518310547e+00,6.374518275260925293e-01,-7.022934500128030777e-03,-5.210920237004756927e-03,-8.916392326354980469e-01,4.526621699333190918e-01,0.000000000000000000e+00,0.000000000000000000e+00,2.779404260218143463e-02,-1.231074571609497070e+00,-3.461669897660613060e-03,-7.736443541944026947e-03,2.451395057141780853e-02,1.220534920692443848e+00,-3.450044197961688042e-03,5.284149199724197388e-03,4.120243247598409653e-03,-6.971140205860137939e-02,-4.387957602739334106e-02,-1.398079912178218365e-03,2.579703981336210234e-18,8.456612378358840942e-02,4.094940423965454102e-02,-7.844535261392593384e-02,2.383907511830329895e-02,-7.121009752154350281e-03,1.165305577185103691e-18,9.294471144676208496e-02,-2.755873836576938629e-02
-2.973861619830131531e-02,-2.698722362518310547e+00,6.374518275260925293e-01,-7.022934034466743469e-03,-5.210920237004756927e-03,-8.916392326354980469e-01,4.526621699333190918e-01,0.000000000000000000e+00,0.000000000000000000e+00,2.779404073953628540e-02,-1.231074571609497070e+00,-3.461669664829969406e-03,-7.736443076282739639e-03,2.451395057141780853e-02,1.220534920692443848e+00,-3.450044197961688042e-03,5.284149199724197388e-03,4.120243247598409653e-03,-6.971140205860137939e-02,-4.387957602739334106e-02,-1.398079912178218365e-03,1.517794119563856757e-18,8.456612378358840942e-02,4.094940423965454102e-02,-7.844535261392593384e-02,2.383907511830329895e-02,-7.121009752154350281e-03,-3.019831275639190890e-18,9.294471144676208496e-02,-2.755873836576938629e-02
-2.973861619830131531e-02,-2.698722362518310547e+00,6.374518275260925293e-01,-7.022934034466743469e-03,-5.210920237004756927e-03,-8.916392326354980469e-01,4.526621699333190918e-01,0.000000000000000000e+00,0.000000000000000000e+00,2.779404073953628540e-02,-1.231074571609497070e+00,-3.461669664829969406e-03,-7.736443076282739639e-03,2.451395057141780853e-02,1.220534920692443848e+00,-3.450044197961688042e-03,5.284149199724197388e-03,4.120243247598409653e-03,-6.971140205860137939e-02,-4.387957602739334106e-02,-1.398079912178218365e-03,7.398851405830095905e-19,8.456612378358840942e-02,4.094940423965454102e-02,-7.844535261392593384e-02,2.383907511830329895e-02,-7.121009752154350281e-03,1.298713266377655995e-18,9.294471144676208496e-02,-2.755873836576938629e-02
-2.973861619830131531e-02,-2.698722362518310547e+00,6.374518275260925293e-01,-7.022934034466743469e-03,-5.210920237004756927e-03,-8.916392326354980469e-01,4.526621699333190918e-01,0.000000000000000000e+00,0.000000000000000000e+00,2.779404073953628540e-02,-1.231074571609497070e+00,-3.461669664829969406e-03,-7.736443076282739639e-03,2.451395057141780853e-02,1.220534920692443848e+00,-3.450044197961688042e-03,5.284149199724197388e-03,4.120243247598409653e-03,-6.971140205860137939e-02,-4.387957602739334106e-02,-1.398079912178218365e-03,-1.687590104288076163e-18,8.456612378358840942e-02,4.094940423965454102e-02,-7.844535261392593384e-02,2.383907511830329895e-02,-7.121009752154350281e-03,-1.497580720525204696e-18,9.294471144676208496e-02,-2.755873836576938629e-02
-2.973861619830131531e-02,-2.698722362518310547e+00,6.374518275260925293e-01,-7.022934034466743469e-03,-5.210920237004756927e-03,-8.916392326354980469e-01,4.526621699333190918e-01,0.000000000000000000e+00,0.000000000000000000e+00,2.779404073953628540e-02,-1.231074571609497070e+00,-3.461669664829969406e-03,-7.736443076282739639e-03,2.451395057141780853e-02,1.220534920692443848e+00,-3.450044197961688042e-03,5.284149199724197388e-03,4.120243247598409653e-03,-6.971140205860137939e-02,-4.387957602739334106e-02,-1.398079912178218365e-03,-5.351637809392113967e-19,8.456612378358840942e-02,4.094940423965454102e-02,-7.844535261392593384e-02,2.383907511830329895e-02,-7.121009752154350281e-03,-8.146074672422216542e-19,9.294471144676208496e-02,-2.755873836576938629e-02
-2.973861619830131531e-02,-2.698722362518310547e+00,6.374518275260925293e-01,-7.022934034466743469e-03,-5.210920237004756927e-03,-8.916392326354980469e-01,4.526621699333190918e-01,0.000000000000000000e+00,0.000000000000000000e+00,2.779404073953628540e-02,-1.231074571609497070e+00,-3.461669664829969406e-03,-7.736443076282739639e-03,2.451395057141780853e-02,1.220534920692443848e+00,-3.450044197961688042e-03,5.284149199724197388e-03,4.120243247598409653e-03,-6.971140205860137939e-02,-4.387957602739334106e-02,-1.398079912178218365e-03,4.209852182346766495e-18,8.456612378358840942e-02,4.094940423965454102e-02,-7.844535261392593384e-02,2.383907511830329895e-02,-7.121009752154350281e-03,-3.053527305072151025e-18,9.294471144676208496e-02,-2.755873836576938629e-02
-2.973861619830131531e-02,-2.698722362518310547e+00,6.374518275260925293e-01,-7.022934034466743469e-03,-5.210920237004756927e-03,-8.916392326354980469e-01,4.526621699333190918e-01,0.000000000000000000e+00,0.000000000000000000e+00,2.779404073953628540e-02,-1.231074571609497070e+00,-3.461669664829969406e-03,-7.736443076282739639e-03,2.451395057141780853e-02,1.220534920692443848e+00,-3.450044197961688042e-03,5.284149199724197388e-03,4.120243247598409653e-03,-6.971140205860137939e-02,-4.387957602739334106e-02,-1.398079912178218365e-03,-1.959131165512696217e-18,8.456612378358840942e-02,4.094940423965454102e-02,-7.844535261392593384e-02,2.383907511830329895e-02,-7.121009752154350281e-03,3.479928984675886156e-18,9.294471144676208496e-02,-2.755873836576938629e-02
-2.973861619830131531e-02,-2.698722362518310547e+00,6.374518275260925293e-01,-7.022934034466743469e-03,-5.210920237004756927e-03,-8.916392326354980469e-01,4.526621699333190918e-01,0.000000000000000000e+00,0.000000000000000000e+00,2.779404073953628540e-02,-1.231074571609497070e+00,-3.461669664829969406e-03,-7.736443076282739639e-03,2.451395057141780853e-02,1.220534920692443848e+00,-3.450044197961688042e-03,5.284149199724197388e-03,4.120243247598409653e-03,-6.971140205860137939e-02,-4.387957602739334106e-02,-1.398079912178218365e-03,1.652331944268309635e-18,8.456612378358840942e-02,4.094940423965454102e-02,-7.844535261392593384e-02,2.383907511830329895e-02,-7.121009752154350281e-03,1.122477473789558131e-18,9.294471144676208496e-02,-2.755873836576938629e-02
-2.973861619830131531e-02,-2.698722362518310547e+00,6.374518275260925293e-01,-7.022934034466743469e-03,-5.210920237004756927e-03,-8.916392326354980469e-01,4.526621699333190918e-01,0.000000000000000000e+00,0.000000000000000000e+00,2.779404073953628540e-02,-1.231074571609497070e+00,-3.461669664829969406e-03,-7.736443076282739639e-03,2.451395057141780853e-02,1.220534920692443848e+00,-3.450044197961688042e-03,5.284149199724197388e-03,4.120243247598409653e-03,-6.971140205860137939e-02,-4.387957602739334106e-02,-1.398079912178218365e-03,1.624582723054146353e-18,8.456612378358840942e-02,4.094940423965454102e-02,-7.844535261392593384e-02,2.383907511830329895e-02,-7.121009752154350281e-03,1.236588693652473404e-18,9.294471144676208496e-02,-2.755873836576938629e-02
-2.973861619830131531e-02,-2.698722362518310547e+00,6.374518275260925293e-01,-7.022934034466743469e-03,-5.210920237004756927e-03,-8.916392326354980469e-01,4.526621699333190918e-01,0.000000000000000000e+00,0.000000000000000000e+00,2.779404073953628540e-02,-1.231074571609497070e+00,-3.461669664829969406e-03,-7.736443076282739639e-03,2.451395057141780853e-02,1.220534920692443848e+00,-3.450044197961688042e-03,5.284149199724197388e-03,4.120243247598409653e-03,-6.971140205860137939e-02,-4.387957602739334106e-02,-1.398079912178218365e-03,-3.184334907105507740e-19,8.456612378358840942e-02,4.094940423965454102e-02,-7.844535261392593384e-02,2.383907511830329895e-02,-7.121009752154350281e-03,4.426700061469380360e-18,9.294471144676208496e-02,-2.755873836576938629e-02
-2.973861619830131531e-02,-2.698722362518310547e+00,6.374518275260925293e-01,-7.022934034466743469e-03,-5.210920237004756927e-03,-8.916392326354980469e-01,4.526621699333190918e-01,0.000000000000000000e+00,0.000000000000000000e+00,2.779404073953628540e-02,-1.231074571609497070e+00,-3.461669664829969406e-03,-7.736443076282739639e-03,2.451395057141780853e-02,1.220534920692443848e+00,-3.450044197961688042e-03,5.284149199724197388e-03,4.120243247598409653e-03,-6.971140205860137939e-02,-4.387957602739334106e-02,-1.398079912178218365e-03,2.563174431155563082e-18,8.456612378358840942e-02,4.094940423965454102e-02,-7.844535261392593384e-02,2.383907511830329895e-02,-7.121009752154350281e-03,-6.343482681546658633e-18,9.294471144676208496e-02,-2.755873836576938629e-02
-2.973861619830131531e-02,-2.698722362518310547e+00,6.374518275260925293e-01,-7.022934034466743469e-03,-5.210920237004756927e-03,-8.916392326354980469e-01,4.526621699333190918e-01,0.000000000000000000e+00,0.000000000000000000e+00,2.779404073953628540e-02,-1.231074571609497070e+00,-3.461669664829969406e-03,-7.736443076282739639e-03,2.451395057141780853e-02,1.220534920692443848e+00,-3.450044197961688042e-03,5.284149199724197388e-03,4.120243247598409653e-03,-6.971140205860137939e-02,-4.387957602739334106e-02,-1.398079912178218365e-03,2.800383981441629137e-18,8.456612378358840942e-02,4.094940423965454102e-02,-7.844535261392593384e-02,2.383907511830329895e-02,-7.121009752154350281e-03,-4.178439998585065270e-18,9.294471144676208496e-02,-2.755873836576938629e-02
-2.973861806094646454e-02,-2.698722362518310547e+00,6.374518275260925293e-01,-7.022933103144168854e-03,-5.210920237004756927e-03,-8.916392326354980469e-01,4.526621699333190918e-01,0.000000000000000000e+00,0.000000000000000000e+00,2.779404073953628540e-02,-1.231074571609497070e+00,-3.461668966338038445e-03,-7.736444007605314255e-03,2.451394498348236084e-02,1.220534920692443848e+00,-3.450043965131044388e-03,5.284146871417760849e-03,4.120242316275835037e-03,-6.971140205860137939e-02,-4.387957602739334106e-02,-1.398080028593540192e-03,-3.033314733214111518e-18,8.456612378358840942e-02,4.094940423965454102e-02,-7.844536006450653076e-02,2.383907511830329895e-02,-7.121009752154350281e-03,-1.589430855743092889e-18,9.294470399618148804e-02,-2.755873836576938629e-02
-2.973861806094646454e-02,-2.698722362518310547e+00,6.374518275260925293e-01,-7.022934034466743469e-03,-5.210920702666044235e-03,-8.916392326354980469e-01,4.526621699333190918e-01,0.000000000000000000e+00,0.000000000000000000e+00,2.779404260218143463e-02,-1.231074571609497070e+00,-3.461668733507394791e-03,-7.736443541944026947e-03,2.451394684612751007e-02,1.220534920692443848e+00,-3.450043732300400734e-03,5.284145940095186234e-03,4.120242316275835037e-03,-6.971140205860137939e-02,-4.387957602739334106e-02,-1.398080028593540192e-03,9.779314874562496021e-19,8.456612378358840942e-02,4.094940423965454102e-02,-7.844535261392593384e-02,2.383907511830329895e-02,-7.121009752154350281e-03,2.451181000455936697e-18,9.294470399618148804e-02,-2.755873836576938629e-02
-2.973862178623676300e-02,-2.698722362518310547e+00,6.374518275260925293e-01,-7.022921461611986160e-03,-5.210950504988431931e-03,-8.916392326354980469e-01,4.526621699333190918e-01,0.000000000000000000e+00,0.000000000000000000e+00,2.779405191540718079e-02,-1.231074571609497070e+00,-3.461670596152544022e-03,-7.736448198556900024e-03,2.451395802199840546e-02,1.220534920692443848e+00,-3.450046060606837273e-03,5.284149665385484695e-03,4.120245110243558884e-03,-6.971140205860137939e-02,-4.387965425848960876e-02,-1.398075954057276249e-03,1.645492814963721202e-19,8.456613123416900635e-02,4.094941541552543640e-02,-7.844533026218414307e-02,2.383903041481971741e-02,-7.121008355170488358e-03,3.673105436209070027e-18,9.294469654560089111e-02,-2.755876071751117706e-02
