5.011313781142234802e-02,-4.123226180672645569e-02,7.005530595779418945e-01,-6.995786912739276886e-03,1.961400732398033142e-02,9.426851868629455566e-01,3.330330252647399902e-01,0.000000000000000000e+00,0.000000000000000000e+00,3.514946401119232178e-01,-1.073172330856323242e+00,1.806940734386444092e-01,-1.889647841453552246e+00,2.468873858451843262e-01,1.095018625259399414e+00,3.495043814182281494e-01,1.744498968124389648e+00,-5.469292402267456055e-02,-7.043947279453277588e-02,-1.587545499205589294e-02,1.478572934865951538e-01,-3.335094622501526328e-18,-7.864923030138015747e-02,1.048955246806144714e-01,-1.357612460851669312e-01,-2.562563493847846985e-02,1.428807713091373444e-02,2.276396937668323517e-02,7.032562047243118286e-02,9.839928150177001953e-02
4.654691740870475769e-02,-4.052827507257461548e-02,7.026710510253906250e-01,-2.367150038480758667e-02,2.056120708584785461e-02,9.409826397895812988e-01,3.369992673397064209e-01,0.000000000000000000e+00,0.000000000000000000e+00,3.353753983974456787e-01,-1.046870589256286621e+00,1.297416687011718750e-01,-1.918003678321838379e+00,2.223633825778961182e-01,1.082187175750732422e+00,3.523127734661102295e-01,1.795444965362548828e+00,-4.364886134862899780e-02,-1.051798909902572632e-01,-5.060937255620956421e-03,1.357965320348739624e-01,7.770226220600306988e-04,-8.102808892726898193e-02,1.037189289927482605e-01,-1.722010225057601929e-01,-1.364455651491880417e-02,1.570650562644004822e-02,2.784643881022930145e-02,7.011657208204269409e-02,9.725905954837799072e-02
4.636856913566589355e-02,-4.072915762662887573e-02,7.027606964111328125e-01,-2.445915900170803070e-02,2.007026784121990204e-02,9.407619833946228027e-01,3.375883400440216064e-01,0.000000000000000000e+00,0.000000000000000000e+00,3.431552350521087646e-01,-1.044644713401794434e+00,1.172749698162078857e-01,-1.930446386337280273e+00,2.257870286703109741e-01,1.079046726226806641e+00,3.508084416389465332e-01,1.805136919021606445e+00,-3.967369720339775085e-02,-1.066487506031990051e-01,-3.977099433541297913e-03,1.330059915781021118e-01,3.522280021570622921e-04,-8.101292699575424194e-02,1.049685552716255188e-01,-1.746021807193756104e-01,-1.261543110013008118e-02,1.388132851570844650e-02,3.095991164445877075e-02,6.844092160463333130e-02,9.876368939876556396e-02
4.630041494965553284e-02,-4.078011214733123779e-02,7.027881145477294922e-01,-2.499768696725368500e-02,2.024420723319053650e-02,9.406235814094543457e-01,3.379239737987518311e-01,0.000000000000000000e+00,0.000000000000000000e+00,3.467173576354980469e-01,-1.043231725692749023e+00,1.142448857426643372e-01,-1.936284303665161133e+00,2.273692637681961060e-01,1.078434586524963379e+00,3.483708202838897705e-01,1.808300018310546875e+00,-3.834871947765350342e-02,-1.078258454799652100e-01,-4.142073914408683777e-03,1.317461282014846802e-01,4.402849995699398278e-08,-8.207108825445175171e-02,1.051359176635742188e-01,-1.755670607089996338e-01,-1.268638577312231064e-02,1.393090747296810150e-02,3.059912472963333130e-02,6.799165904521942139e-02,1.001269966363906860e-01
4.625186324119567871e-02,-4.087056219577789307e-02,7.027764320373535156e-01,-2.528744935989379883e-02,2.040058746933937073e-02,9.403602480888366699e-01,3.386251032352447510e-01,0.000000000000000000e+00,0.000000000000000000e+00,3.484340906143188477e-01,-1.040779709815979004e+00,1.129240468144416809e-01,-1.939105153083801270e+00,2.273114919662475586e-01,1.079333424568176270e+00,3.461096286773681641e-01,1.809439182281494141e+00,-3.698342666029930115e-02,-1.085411235690116882e-01,-4.358886741101741791e-03,1.316092312335968018e-01,5.503564617925782443e-12,-8.385132998228073120e-02,1.057252585887908936e-01,-1.758554130792617798e-01,-1.283147651702165604e-02,1.407671533524990082e-02,2.965447306632995605e-02,6.799436360597610474e-02,1.015424430370330811e-01
4.637500271201133728e-02,-4.101686179637908936e-02,7.026216387748718262e-01,-2.474718540906906128e-02,2.059578150510787964e-02,9.400489926338195801e-01,3.395163118839263916e-01,0.000000000000000000e+00,0.000000000000000000e+00,3.491801321506500244e-01,-1.035801291465759277e+00,1.125463098287582397e-01,-1.940960288047790527e+00,2.260106354951858521e-01,1.081222414970397949e+00,3.447239995002746582e-01,1.809619307518005371e+00,-3.609975427389144897e-02,-1.076420247554779053e-01,-5.120657850056886673e-03,1.322945654392242432e-01,6.895355351627173272e-16,-8.478988707065582275e-02,1.053476259112358093e-01,-1.748546510934829712e-01,-1.363748311996459961e-02,1.353869587182998657e-02,2.874782681465148926e-02,6.712842732667922974e-02,1.022746264934539795e-01
4.647788405418395996e-02,-4.109810665249824524e-02,7.025654911994934082e-01,-2.447580918669700623e-02,2.073941007256507874e-02,9.398808479309082031e-01,3.399922847747802734e-01,0.000000000000000000e+00,0.000000000000000000e+00,3.497800529003143311e-01,-1.031909108161926270e+00,1.135131046175956726e-01,-1.942570209503173828e+00,2.255369722843170166e-01,1.080976128578186035e+00,3.448654413223266602e-01,1.810089707374572754e+00,-3.527007251977920532e-02,-1.073023453354835510e-01,-5.606174468994140625e-03,1.327797919511795044e-01,-9.197983713793650776e-19,-8.550111949443817139e-02,1.054996252059936523e-01,-1.745325028896331787e-01,-1.411965861916542053e-02,1.373299956321716309e-02,2.856135927140712738e-02,6.694427877664566040e-02,1.029340922832489014e-01
4.667189717292785645e-02,-4.113159701228141785e-02,7.024612426757812500e-01,-2.398595213890075684e-02,2.114286459982395172e-02,9.397507905960083008e-01,3.403616845607757568e-01,0.000000000000000000e+00,0.000000000000000000e+00,3.499574959278106689e-01,-1.026906728744506836e+00,1.139503940939903259e-01,-1.943063139915466309e+00,2.245226055383682251e-01,1.080956697463989258e+00,3.452711403369903564e-01,1.810206413269042969e+00,-3.491928428411483765e-02,-1.067339405417442322e-01,-6.714198738336563110e-03,1.334041059017181396e-01,-3.929703479667919636e-19,-8.575485646724700928e-02,1.041705533862113953e-01,-1.737820655107498169e-01,-1.523365918546915054e-02,1.388075947761535645e-02,2.781840600073337555e-02,6.630583107471466064e-02,1.029000058770179749e-01
4.687301814556121826e-02,-4.116811230778694153e-02,7.023790478706359863e-01,-2.352365106344223022e-02,2.154586277902126312e-02,9.396462440490722656e-01,3.406571745872497559e-01,0.000000000000000000e+00,0.000000000000000000e+00,3.498162329196929932e-01,-1.024304986000061035e+00,1.142702400684356689e-01,-1.942938804626464844e+00,2.231244295835494995e-01,1.081295967102050781e+00,3.454736173152923584e-01,1.810193657875061035e+00,-3.489993885159492493e-02,-1.062615215778350830e-01,-7.765934802591800690e-03,1.340407431125640869e-01,2.049555034559389852e-19,-8.585821837186813354e-02,1.034663617610931396e-01,-1.737004071474075317e-01,-1.628488115966320038e-02,1.432848721742630005e-02,2.808882296085357666e-02,6.559219211339950562e-02,1.024955138564109802e-01
4.695215448737144470e-02,-4.126324504613876343e-02,7.023915648460388184e-01,-2.354604005813598633e-02,2.151299268007278442e-02,9.395943284034729004e-01,3.408010005950927734e-01,0.000000000000000000e+00,0.000000000000000000e+00,3.487003743648529053e-01,-1.022648930549621582e+00,1.146665140986442566e-01,-1.942980170249938965e+00,2.218939960002899170e-01,1.080328226089477539e+00,3.462562859058380127e-01,1.809581160545349121e+00,-3.446152433753013611e-02,-1.064887195825576782e-01,-7.681471761316061020e-03,1.347965896129608154e-01,9.563266672297067797e-19,-8.564479649066925049e-02,1.037506163120269775e-01,-1.739304512739181519e-01,-1.624697633087635040e-02,1.388373132795095444e-02,2.814572118222713470e-02,6.586284190416336060e-02,1.031636521220207214e-01
4.709486663341522217e-02,-4.141417890787124634e-02,7.023578882217407227e-01,-2.326535247266292572e-02,2.136453613638877869e-02,9.395882487297058105e-01,3.408462703227996826e-01,0.000000000000000000e+00,0.000000000000000000e+00,3.477555513381958008e-01,-1.021241188049316406e+00,1.157740578055381775e-01,-1.942574024200439453e+00,2.214143872261047363e-01,1.079782128334045410e+00,3.464163541793823242e-01,1.808487296104431152e+00,-3.453705832362174988e-02,-1.060393080115318298e-01,-7.582234218716621399e-03,1.360422372817993164e-01,1.236456344754464920e-18,-8.550833165645599365e-02,1.031130552291870117e-01,-1.737699657678604126e-01,-1.618064381182193756e-02,1.378492638468742371e-02,2.855068817734718323e-02,6.617482751607894897e-02,1.037827953696250916e-01
4.718594998121261597e-02,-4.147744551301002502e-02,7.023860216140747070e-01,-2.344128675758838654e-02,2.131567709147930145e-02,9.396952986717224121e-01,3.405420482158660889e-01,0.000000000000000000e+00,0.000000000000000000e+00,3.468348681926727295e-01,-1.021242380142211914e+00,1.160068735480308533e-01,-1.942049264907836914e+00,2.207615226507186890e-01,1.078022360801696777e+00,3.469170928001403809e-01,1.807814717292785645e+00,-3.434649482369422913e-02,-1.067050546407699585e-01,-7.405815180391073227e-03,1.361653208732604980e-01,1.651449549349868692e-19,-8.538214117288589478e-02,1.032012775540351868e-01,-1.740759909152984619e-01,-1.603702642023563385e-02,1.372096408158540726e-02,2.841836772859096527e-02,6.655385345220565796e-02,1.048377752304077148e-01
4.736418277025222778e-02,-4.156349599361419678e-02,7.023615241050720215e-01,-2.330737374722957611e-02,2.122305706143379211e-02,9.398375749588012695e-01,3.401641249656677246e-01,0.000000000000000000e+00,0.000000000000000000e+00,3.456230461597442627e-01,-1.022063374519348145e+00,1.155479773879051208e-01,-1.940453052520751953e+00,2.206326425075531006e-01,1.077873706817626953e+00,3.464284837245941162e-01,1.806742548942565918e+00,-3.482224419713020325e-02,-1.067040786147117615e-01,-7.319360505789518356e-03,1.361074000597000122e-01,-2.724534414402660434e-19,-8.522766083478927612e-02,1.026456877589225769e-01,-1.737138628959655762e-01,-1.594254933297634125e-02,1.381380856037139893e-02,2.798486873507499695e-02,6.655611842870712280e-02,1.051511615514755249e-01
4.769166931509971619e-02,-4.171591624617576599e-02,7.022389769554138184e-01,-2.255738526582717896e-02,2.092897705733776093e-02,9.400283098220825195e-01,3.397056460380554199e-01,0.000000000000000000e+00,0.000000000000000000e+00,3.437851369380950928e-01,-1.020710110664367676e+00,1.151648536324501038e-01,-1.939410209655761719e+00,2.206662893295288086e-01,1.077492117881774902e+00,3.456701338291168213e-01,1.805764794349670410e+00,-3.550127521157264709e-02,-1.054505482316017151e-01,-7.203708402812480927e-03,1.365853250026702881e-01,5.536419101490920591e-19,-8.476188033819198608e-02,1.017256751656532288e-01,-1.723185330629348755e-01,-1.592421904206275940e-02,1.338513847440481186e-02,2.787327952682971954e-02,6.659258157014846802e-02,1.050943210721015930e-01
4.792123660445213318e-02,-4.175777360796928406e-02,7.022141218185424805e-01,-2.241967059671878815e-02,2.097846008837223053e-02,9.400733113288879395e-01,3.395871520042419434e-01,0.000000000000000000e+00,0.000000000000000000e+00,3.433114588260650635e-01,-1.022404789924621582e+00,1.137466281652450562e-01,-1.937499642372131348e+00,2.204462289810180664e-01,1.077599644660949707e+00,3.447743356227874756e-01,1.805451154708862305e+00,-3.625468909740447998e-02,-1.055034771561622620e-01,-7.214542012661695480e-03,1.356997340917587280e-01,7.776556549182528019e-19,-8.434567600488662720e-02,1.015880480408668518e-01,-1.720749735832214355e-01,-1.591164804995059967e-02,1.330490689724683762e-02,2.710667625069618225e-02,6.662350147962570190e-02,1.062140688300132751e-01
4.819017648696899414e-02,-4.181721061468124390e-02,7.021663784980773926e-01,-2.229334972798824310e-02,2.067203819751739502e-02,9.402772784233093262e-01,3.390491306781768799e-01,0.000000000000000000e+00,0.000000000000000000e+00,3.412564694881439209e-01,-1.020874977111816406e+00,1.127564087510108948e-01,-1.936653017997741699e+00,2.206863015890121460e-01,1.078292012214660645e+00,3.433844447135925293e-01,1.805266976356506348e+00,-3.725203499197959900e-02,-1.054074466228485107e-01,-6.506124977022409439e-03,1.348765343427658081e-01,-1.438844279589039307e-18,-8.524449914693832397e-02,1.015900298953056335e-01,-1.717355698347091675e-01,-1.516931131482124329e-02,1.338113937526941299e-02,2.678946219384670258e-02,6.656609475612640381e-02,1.064909547567367554e-01
4.848718643188476562e-02,-4.181843250989913940e-02,7.020738720893859863e-01,-2.210677973926067352e-02,2.086628042161464691e-02,9.402462244033813477e-01,3.391354978084564209e-01,0.000000000000000000e+00,0.000000000000000000e+00,3.400571048259735107e-01,-1.019655704498291016e+00,1.113992258906364441e-01,-1.935873508453369141e+00,2.200964689254760742e-01,1.078702926635742188e+00,3.426797688007354736e-01,1.806276321411132812e+00,-3.826393559575080872e-02,-1.053947433829307556e-01,-6.647421978414058685e-03,1.346299797296524048e-01,2.322617280930494923e-18,-8.536100387573242188e-02,1.015508323907852173e-01,-1.718623042106628418e-01,-1.528430078178644180e-02,1.327225845307111740e-02,2.636423520743846893e-02,6.534328311681747437e-02,1.068830117583274841e-01
4.888069257140159607e-02,-4.187023267149925232e-02,7.019805312156677246e-01,-2.159800752997398376e-02,2.060269750654697418e-02,9.404566287994384766e-01,3.386006057262420654e-01,0.000000000000000000e+00,0.000000000000000000e+00,3.378787338733673096e-01,-1.018483161926269531e+00,1.114222705364227295e-01,-1.934921026229858398e+00,2.197404950857162476e-01,1.078659415245056152e+00,3.428753316402435303e-01,1.806277394294738770e+00,-3.926744312047958374e-02,-1.046240180730819702e-01,-6.203987170010805130e-03,1.349429488182067871e-01,5.392158802661672565e-19,-8.570719510316848755e-02,1.010432615876197815e-01,-1.709626615047454834e-01,-1.490196958184242249e-02,1.253295876085758209e-02,2.620066888630390167e-02,6.487412005662918091e-02,1.067148521542549133e-01
4.919793084263801575e-02,-4.184326156973838806e-02,7.019197940826416016e-01,-2.140584774315357208e-02,2.065788768231868744e-02,9.405269026756286621e-01,3.384141921997070312e-01,0.000000000000000000e+00,0.000000000000000000e+00,3.369975686073303223e-01,-1.018891811370849609e+00,1.102995872497558594e-01,-1.934178113937377930e+00,2.192552089691162109e-01,1.077592730522155762e+00,3.438376188278198242e-01,1.807379841804504395e+00,-3.992140293121337891e-02,-1.046718060970306396e-01,-6.102779414504766464e-03,1.337088942527770996e-01,5.003053042516728346e-19,-8.493201434612274170e-02,1.017956510186195374e-01,-1.712208390235900879e-01,-1.480455975979566574e-02,1.221308112144470215e-02,2.658161893486976624e-02,6.401934474706649780e-02,1.072019487619400024e-01
4.961129650473594666e-02,-4.182021319866180420e-02,7.018064856529235840e-01,-2.080115489661693573e-02,2.057040296494960785e-02,9.407680034637451172e-01,3.377865850925445557e-01,0.000000000000000000e+00,0.000000000000000000e+00,3.351407945156097412e-01,-1.017786145210266113e+00,1.096921563148498535e-01,-1.933032989501953125e+00,2.189531326293945312e-01,1.078752636909484863e+00,3.434743583202362061e-01,1.807148694992065430e+00,-4.076986014842987061e-02,-1.039806231856346130e-01,-6.040361709892749786e-03,1.328557729721069336e-01,5.193675679038278759e-05,-8.390843868255615234e-02,1.017948091030120850e-01,-1.704719960689544678e-01,-1.486007496714591980e-02,1.137447543442249298e-02,2.696065977215766907e-02,6.332177668809890747e-02,1.076423600316047668e-01
4.987367987632751465e-02,-4.179935529828071594e-02,7.017995715141296387e-01,-2.069292031228542328e-02,2.004490047693252563e-02,9.411120414733886719e-01,3.368652164936065674e-01,0.000000000000000000e+00,0.000000000000000000e+00,3.332746922969818115e-01,-1.019140720367431641e+00,1.095575466752052307e-01,-1.932460069656372070e+00,2.200156897306442261e-01,1.078170299530029297e+00,3.437228798866271973e-01,1.807400226593017578e+00,-4.124707356095314026e-02,-1.040080115199089050e-01,-4.885102156549692154e-03,1.317253112792968750e-01,3.488298971205949783e-04,-8.356694132089614868e-02,1.023661494255065918e-01,-1.706276684999465942e-01,-1.374082174152135849e-02,1.109820883721113205e-02,2.839515171945095062e-02,6.321924924850463867e-02,1.080160290002822876e-01
5.011102184653282166e-02,-4.161462187767028809e-02,7.017492651939392090e-01,-2.067790739238262177e-02,2.023087628185749054e-02,9.413337707519531250e-01,3.362348675727844238e-01,0.000000000000000000e+00,0.000000000000000000e+00,3.324608206748962402e-01,-1.019182205200195312e+00,1.084982231259346008e-01,-1.931027054786682129e+00,2.207236289978027344e-01,1.079276204109191895e+00,3.433381319046020508e-01,1.807856202125549316e+00,-4.226245731115341187e-02,-1.045078411698341370e-01,-4.911428783088922501e-03,1.306713074445724487e-01,6.472477689385414124e-04,-8.350887149572372437e-02,1.021628901362419128e-01,-1.706829816102981567e-01,-1.380272768437862396e-02,1.126983202993869781e-02,2.806288376450538635e-02,6.219709292054176331e-02,1.072394251823425293e-01
5.034299567341804504e-02,-4.139828309416770935e-02,7.016987204551696777e-01,-2.056699991226196289e-02,2.029386535286903381e-02,9.416389465332031250e-01,3.353821635246276855e-01,0.000000000000000000e+00,0.000000000000000000e+00,3.320524990558624268e-01,-1.020945549011230469e+00,1.068548187613487244e-01,-1.929589271545410156e+00,2.219398617744445801e-01,1.079678535461425781e+00,3.428978621959686279e-01,1.808864712715148926e+00,-4.312085360288619995e-02,-1.046728342771530151e-01,-4.795840010046958923e-03,1.305847913026809692e-01,8.735556621104478836e-04,-8.330775052309036255e-02,1.012614071369171143e-01,-1.703891903162002563e-01,-1.378872431814670563e-02,1.044683996587991714e-02,2.802627161145210266e-02,6.141858920454978943e-02,1.076749637722969055e-01
5.047365650534629822e-02,-4.111296311020851135e-02,7.016864418983459473e-01,-2.076501585543155670e-02,2.040594816207885742e-02,9.419009685516357422e-01,3.346266150474548340e-01,0.000000000000000000e+00,0.000000000000000000e+00,3.320170342922210693e-01,-1.022622823715209961e+00,1.050444617867469788e-01,-1.928206562995910645e+00,2.232737988233566284e-01,1.079507112503051758e+00,3.430366218090057373e-01,1.810225963592529297e+00,-4.388692229986190796e-02,-1.053874939680099487e-01,-4.522734321653842926e-03,1.297094076871871948e-01,1.169781084172427654e-03,-8.325985074043273926e-02,1.010912731289863586e-01,-1.705850809812545776e-01,-1.356338988989591599e-02,1.027142349630594254e-02,2.787465043365955353e-02,6.044625863432884216e-02,1.074633598327636719e-01
5.062810704112052917e-02,-4.078955575823783875e-02,7.016164660453796387e-01,-2.074466831982135773e-02,2.063428424298763275e-02,9.421446323394775391e-01,3.339272737503051758e-01,0.000000000000000000e+00,0.000000000000000000e+00,3.318077027797698975e-01,-1.022420406341552734e+00,1.038537323474884033e-01,-1.927381634712219238e+00,2.243209481239318848e-01,1.078965902328491211e+00,3.426474332809448242e-01,1.812050938606262207e+00,-4.467703774571418762e-02,-1.055303141474723816e-01,-4.632683005183935165e-03,1.294638067483901978e-01,1.252043643034994602e-03,-8.401711285114288330e-02,9.997048228979110718e-02,-1.702520847320556641e-01,-1.371701620519161224e-02,1.009745057672262192e-02,2.742355316877365112e-02,5.876765400171279907e-02,1.077178940176963806e-01
5.073756724596023560e-02,-4.041144251823425293e-02,7.015661597251892090e-01,-2.073516510426998138e-02,2.109326049685478210e-02,9.422690868377685547e-01,3.335478305816650391e-01,0.000000000000000000e+00,0.000000000000000000e+00,3.327915370464324951e-01,-1.022782206535339355e+00,1.022551655769348145e-01,-1.926403522491455078e+00,2.251042723655700684e-01,1.077690005302429199e+00,3.432556390762329102e-01,1.814551591873168945e+00,-4.546261578798294067e-02,-1.059100031852722168e-01,-5.123888142406940460e-03,1.285302788019180298e-01,1.704321941360831261e-03,-8.502427488565444946e-02,9.990417957305908203e-02,-1.706289499998092651e-01,-1.421902049332857132e-02,1.020907331258058548e-02,2.786777541041374207e-02,5.697425082325935364e-02,1.075139045715332031e-01
5.086676403880119324e-02,-3.995522484183311462e-02,7.014723420143127441e-01,-2.059420011937618256e-02,2.166844345629215240e-02,9.425249695777893066e-01,3.327958583831787109e-01,0.000000000000000000e+00,0.000000000000000000e+00,3.336880505084991455e-01,-1.021634340286254883e+00,1.017407402396202087e-01,-1.926293969154357910e+00,2.266593575477600098e-01,1.075793862342834473e+00,3.439933359622955322e-01,1.818116664886474609e+00,-4.670837521553039551e-02,-1.062216013669967651e-01,-5.936483852565288544e-03,1.276944577693939209e-01,2.333413343876600266e-03,-8.521966636180877686e-02,9.972877055406570435e-02,-1.713198125362396240e-01,-1.512605231255292892e-02,9.629692882299423218e-03,2.941646054387092590e-02,5.430386960506439209e-02,1.068063303828239441e-01
5.082127079367637634e-02,-3.949382156133651733e-02,7.014260888099670410e-01,-2.083157934248447418e-02,2.230296842753887177e-02,9.426141977310180664e-01,3.324861824512481689e-01,0.000000000000000000e+00,0.000000000000000000e+00,3.353326916694641113e-01,-1.020402789115905762e+00,1.005075052380561829e-01,-1.926872849464416504e+00,2.278973162174224854e-01,1.074205040931701660e+00,3.441406190395355225e-01,1.821802258491516113e+00,-4.709289968013763428e-02,-1.071725860238075256e-01,-6.711940746754407883e-03,1.261063218116760254e-01,3.012152854353189468e-03,-8.626190572977066040e-02,1.000146642327308655e-01,-1.724123954772949219e-01,-1.586164347827434540e-02,1.024530082941055298e-02,3.052659705281257629e-02,5.160099267959594727e-02,1.058251857757568359e-01
5.077472329139709473e-02,-3.909576684236526489e-02,7.013427615165710449e-01,-2.059797383844852448e-02,2.265971712768077850e-02,9.427800178527832031e-01,3.320061862468719482e-01,0.000000000000000000e+00,0.000000000000000000e+00,3.369578719139099121e-01,-1.017213940620422363e+00,1.001776754856109619e-01,-1.928025841712951660e+00,2.298104763031005859e-01,1.072776556015014648e+00,3.441340029239654541e-01,1.824783325195312500e+00,-4.772412404417991638e-02,-1.069694980978965759e-01,-7.372896187007427216e-03,1.249946728348731995e-01,3.751161508262157440e-03,-8.649676293134689331e-02,1.010782271623611450e-01,-1.727217435836791992e-01,-1.657864451408386230e-02,9.821378625929355621e-03,3.251125290989875793e-02,4.903296008706092834e-02,1.049328595399856567e-01
5.040242522954940796e-02,-3.878268972039222717e-02,7.013645172119140625e-01,-2.098696306347846985e-02,2.261858247220516205e-02,9.427545070648193359e-01,3.320570886135101318e-01,0.000000000000000000e+00,0.000000000000000000e+00,3.396695852279663086e-01,-1.015508413314819336e+00,1.002754420042037964e-01,-1.929845690727233887e+00,2.317303121089935303e-01,1.071426033973693848e+00,3.438085913658142090e-01,1.826838970184326172e+00,-4.770568758249282837e-02,-1.072136536240577698e-01,-6.977149285376071930e-03,1.243733614683151245e-01,4.340058658272027969e-03,-8.829054981470108032e-02,1.018130332231521606e-01,-1.733935326337814331e-01,-1.610971055924892426e-02,9.593205526471138000e-03,3.387848287820816040e-02,4.696245491504669189e-02,1.063887700438499451e-01
4.991631954908370972e-02,-3.824542090296745300e-02,7.013680338859558105e-01,-2.157422527670860291e-02,2.314108796417713165e-02,9.429081082344055176e-01,3.315468430519104004e-01,0.000000000000000000e+00,0.000000000000000000e+00,3.431409895420074463e-01,-1.013248801231384277e+00,1.012285724282264709e-01,-1.932242393493652344e+00,2.352264225482940674e-01,1.069187521934509277e+00,3.429558277130126953e-01,1.830107092857360840e+00,-4.818147420883178711e-02,-1.082069501280784607e-01,-7.687132805585861206e-03,1.219528615474700928e-01,4.917334765195846558e-03,-8.881796896457672119e-02,1.028881967067718506e-01,-1.742863357067108154e-01,-1.674947701394557953e-02,9.978679008781909943e-03,3.477110341191291809e-02,4.411210864782333374e-02,1.060717776417732239e-01
4.936255142092704773e-02,-3.780261054635047913e-02,7.013008594512939453e-01,-2.141821756958961487e-02,2.351384237408638000e-02,9.429295063018798828e-01,3.314699530601501465e-01,0.000000000000000000e+00,0.000000000000000000e+00,3.472705483436584473e-01,-1.010002136230468750e+00,1.016350015997886658e-01,-1.934441924095153809e+00,2.390241473913192749e-01,1.066289186477661133e+00,3.425664603710174561e-01,1.833458662033081055e+00,-4.841847345232963562e-02,-1.074917986989021301e-01,-8.765868842601776123e-03,1.204124242067337036e-01,5.786776542663574219e-03,-8.942791074514389038e-02,1.039233058691024780e-01,-1.737982332706451416e-01,-1.787570118904113770e-02,9.442640468478202820e-03,3.606098517775535583e-02,4.196441173553466797e-02,1.063852906227111816e-01
4.833513498306274414e-02,-3.721059113740921021e-02,7.013769745826721191e-01,-2.257479168474674225e-02,2.369404584169387817e-02,9.430975914001464844e-01,3.309015929698944092e-01,0.000000000000000000e+00,0.000000000000000000e+00,3.527235984802246094e-01,-1.010053157806396484e+00,1.023921668529510498e-01,-1.938301920890808105e+00,2.448124885559082031e-01,1.062861919403076172e+00,3.409692645072937012e-01,1.837146520614624023e+00,-4.898465797305107117e-02,-1.085473299026489258e-01,-8.800506591796875000e-03,1.182568967342376709e-01,6.225233431905508041e-03,-9.148311614990234375e-02,1.046423763036727905e-01,-1.744590550661087036e-01,-1.783747784793376923e-02,8.613281883299350739e-03,3.625232353806495667e-02,3.987305983901023865e-02,1.070866584777832031e-01
4.718707874417304993e-02,-3.656889870762825012e-02,7.013900279998779297e-01,-2.322898618876934052e-02,2.393209002912044525e-02,9.433683156967163086e-01,3.300665616989135742e-01,0.000000000000000000e+00,0.000000000000000000e+00,3.590234220027923584e-01,-1.011213541030883789e+00,1.019526571035385132e-01,-1.941751718521118164e+00,2.521343529224395752e-01,1.058694243431091309e+00,3.378566205501556396e-01,1.841408133506774902e+00,-4.962766543030738831e-02,-1.089347749948501587e-01,-9.545776993036270142e-03,1.147336587309837341e-01,7.440025918185710907e-03,-9.337191283702850342e-02,1.057959124445915222e-01,-1.739530414342880249e-01,-1.860181428492069244e-02,7.674378808587789536e-03,3.670965880155563354e-02,3.730979189276695251e-02,1.068124622106552124e-01
4.552142694592475891e-02,-3.574936091899871826e-02,7.014587521553039551e-01,-2.498188987374305725e-02,2.461898513138294220e-02,9.434610009193420410e-01,3.296228051185607910e-01,0.000000000000000000e+00,0.000000000000000000e+00,3.674046695232391357e-01,-1.015123963356018066e+00,9.994097799062728882e-02,-1.945492744445800781e+00,2.598298788070678711e-01,1.054931998252868652e+00,3.339408338069915771e-01,1.846575498580932617e+00,-5.094965919852256775e-02,-1.110868602991104126e-01,-1.054999511688947678e-02,1.109144613146781921e-01,8.819181472063064575e-03,-9.686153382062911987e-02,1.066221371293067932e-01,-1.752284914255142212e-01,-1.949453167617321014e-02,6.528865080326795578e-03,3.642347827553749084e-02,3.288215398788452148e-02,1.053596436977386475e-01
4.351151734590530396e-02,-3.486219793558120728e-02,7.015823721885681152e-01,-2.701964415609836578e-02,2.477166056632995605e-02,9.439750909805297852e-01,3.279746770858764648e-01,0.000000000000000000e+00,0.000000000000000000e+00,3.757686316967010498e-01,-1.021137952804565430e+00,9.964794665575027466e-02,-1.951521515846252441e+00,2.689149379730224609e-01,1.048264980316162109e+00,3.292786777019500732e-01,1.852635622024536133e+00,-5.267210677266120911e-02,-1.139299347996711731e-01,-1.069860998541116714e-02,1.069266349077224731e-01,1.141339447349309921e-02,-9.966928511857986450e-02,1.093444824218750000e-01,-1.764460355043411255e-01,-1.967109180986881256e-02,4.553279839456081390e-03,3.740675374865531921e-02,2.892452850937843323e-02,1.062991693615913391e-01
4.100850597023963928e-02,-3.381014615297317505e-02,7.017716169357299805e-01,-2.991770952939987183e-02,2.485175989568233490e-02,9.447882771492004395e-01,3.253651261329650879e-01,0.000000000000000000e+00,0.000000000000000000e+00,3.841042518615722656e-01,-1.028855443000793457e+00,9.895717352628707886e-02,-1.958261489868164062e+00,2.725782692432403564e-01,1.043240427970886230e+00,3.231027722358703613e-01,1.859476566314697266e+00,-5.575904622673988342e-02,-1.198634281754493713e-01,-1.020141970366239548e-02,1.026707440614700317e-01,1.767844147980213165e-02,-1.051449924707412720e-01,1.133964806795120239e-01,-1.784554868936538696e-01,-1.941840909421443939e-02,2.570455428212881088e-03,3.815852850675582886e-02,2.498497255146503448e-02,1.065310984849929810e-01
3.807307779788970947e-02,-3.254778310656547546e-02,7.018772363662719727e-01,-3.306676074862480164e-02,2.552752755582332611e-02,9.456996917724609375e-01,3.223461806774139404e-01,0.000000000000000000e+00,0.000000000000000000e+00,3.932797610759735107e-01,-1.036132931709289551e+00,9.944075345993041992e-02,-1.965878844261169434e+00,2.562422752380371094e-01,1.040012955665588379e+00,3.224290013313293457e-01,1.869981288909912109e+00,-6.128862872719764709e-02,-1.293117105960845947e-01,-1.049416325986385345e-02,9.903579205274581909e-02,3.029276430606842041e-02,-1.126848235726356506e-01,1.158961206674575806e-01,-1.808935701847076416e-01,-2.042946964502334595e-02,-6.237695342861115932e-04,3.860886394977569580e-02,1.866713352501392365e-02,1.056719943881034851e-01
3.447884321212768555e-02,-3.122402355074882507e-02,7.020002007484436035e-01,-3.703025355935096741e-02,2.559942565858364105e-02,9.469404220581054688e-01,3.182409703731536865e-01,0.000000000000000000e+00,0.000000000000000000e+00,3.953200876712799072e-01,-1.045018434524536133e+00,1.005969569087028503e-01,-1.972077727317810059e+00,2.320952862501144409e-01,1.040761232376098633e+00,3.269878923892974854e-01,1.875496983528137207e+00,-6.731504946947097778e-02,-1.420027762651443481e-01,-9.295153431594371796e-03,9.566852450370788574e-02,4.767717048525810242e-02,-1.208366602659225464e-01,1.200691536068916321e-01,-1.828839480876922607e-01,-2.027200348675251007e-02,-4.004798829555511475e-03,3.814889118075370789e-02,1.341759692877531052e-02,1.064261421561241150e-01
2.984994091093540192e-02,-2.968442998826503754e-02,7.021937966346740723e-01,-4.298168420791625977e-02,2.614416927099227905e-02,9.479165673255920410e-01,3.145206868648529053e-01,0.000000000000000000e+00,0.000000000000000000e+00,3.831993639469146729e-01,-1.050757169723510742e+00,1.020016074180603027e-01,-1.972178339958190918e+00,2.209702581167221069e-01,1.039233326911926270e+00,3.298151493072509766e-01,1.875489473342895508e+00,-7.294341176748275757e-02,-1.581818163394927979e-01,-8.194663561880588531e-03,9.205857664346694946e-02,6.568186730146408081e-02,-1.300744712352752686e-01,1.251867711544036865e-01,-1.868097037076950073e-01,-1.993373595178127289e-02,-5.846499465405941010e-03,3.517182543873786926e-02,6.305649876594543457e-03,1.069374606013298035e-01
2.470431663095951080e-02,-2.794868126511573792e-02,7.022523283958435059e-01,-4.883670061826705933e-02,2.648943290114402771e-02,9.496461153030395508e-01,3.083594441413879395e-01,0.000000000000000000e+00,0.000000000000000000e+00,3.523082733154296875e-01,-1.048092842102050781e+00,9.999243915081024170e-02,-1.954661011695861816e+00,2.143136709928512573e-01,1.037258863449096680e+00,3.279871046543121338e-01,1.877116203308105469e+00,-8.226020634174346924e-02,-1.767370998859405518e-01,-7.164644077420234680e-03,8.694362640380859375e-02,8.959065377712249756e-02,-1.398310363292694092e-01,1.284470856189727783e-01,-1.888895481824874878e-01,-1.997757144272327423e-02,-9.290539659559726715e-03,3.154961019754409790e-02,-9.340773103758692741e-04,1.085499823093414307e-01
1.855514943599700928e-02,-2.592797018587589264e-02,7.022605538368225098e-01,-5.591241270303726196e-02,2.777883782982826233e-02,9.511798024177551270e-01,3.022567033767700195e-01,0.000000000000000000e+00,0.000000000000000000e+00,3.314013183116912842e-01,-1.043907403945922852e+00,9.974683821201324463e-02,-1.934736967086791992e+00,2.109582871198654175e-01,1.033942818641662598e+00,3.237656056880950928e-01,1.882224678993225098e+00,-9.257119894027709961e-02,-1.961703002452850342e-01,-7.852165028452873230e-03,8.151851594448089600e-02,1.117100268602371216e-01,-1.494050621986389160e-01,1.300653964281082153e-01,-1.923132836818695068e-01,-2.138872072100639343e-02,-1.289770938456058502e-02,2.672292292118072510e-02,-1.143208146095275879e-02,1.093589514493942261e-01
1.125170383602380753e-02,-2.398337610065937042e-02,7.018792629241943359e-01,-6.398534774780273438e-02,2.818021923303604126e-02,9.526448845863342285e-01,2.959383428096771240e-01,0.000000000000000000e+00,0.000000000000000000e+00,3.214672207832336426e-01,-1.045277357101440430e+00,1.022083386778831482e-01,-1.921373724937438965e+00,2.084186077117919922e-01,1.030849218368530273e+00,3.153597116470336914e-01,1.886854767799377441e+00,-1.018965467810630798e-01,-2.142983973026275635e-01,-7.449564989656209946e-03,7.521124929189682007e-02,1.313738673925399780e-01,-1.671434938907623291e-01,1.381535828113555908e-01,-1.962612867355346680e-01,-2.134550735354423523e-02,-1.745398156344890594e-02,2.344674617052078247e-02,-2.646164223551750183e-02,1.120384782552719116e-01
3.159422194585204124e-03,-2.193443663418292999e-02,7.011638283729553223e-01,-7.154855132102966309e-02,2.787632308900356293e-02,9.545190930366516113e-01,2.880920469760894775e-01,0.000000000000000000e+00,0.000000000000000000e+00,3.137216567993164062e-01,-1.045360565185546875e+00,1.006305068731307983e-01,-1.910743474960327148e+00,2.088726609945297241e-01,1.029701948165893555e+00,3.022823035717010498e-01,1.891053199768066406e+00,-1.113726496696472168e-01,-2.307018488645553589e-01,-7.301536388695240021e-03,6.736915558576583862e-02,1.525273472070693970e-01,-1.870762109756469727e-01,1.458293646574020386e-01,-2.011339515447616577e-01,-2.142884209752082825e-02,-2.286893688142299652e-02,2.846062928438186646e-02,-4.664118215441703796e-02,1.132748648524284363e-01
-6.392826326191425323e-03,-1.967738568782806396e-02,7.004481554031372070e-01,-8.046653121709823608e-02,2.717778645455837250e-02,9.557076692581176758e-01,2.817967236042022705e-01,0.000000000000000000e+00,0.000000000000000000e+00,3.040326535701751709e-01,-1.051251530647277832e+00,9.569998085498809814e-02,-1.904506802558898926e+00,2.118297368288040161e-01,1.027739167213439941e+00,2.886749505996704102e-01,1.893743753433227539e+00,-1.166314110159873962e-01,-2.458772808313369751e-01,-6.638993509113788605e-03,5.894165858626365662e-02,1.709969788789749146e-01,-2.098968327045440674e-01,1.585439890623092651e-01,-2.137756645679473877e-01,-2.066643349826335907e-02,-2.634347416460514069e-02,4.735585302114486694e-02,-6.886445730924606323e-02,1.110066547989845276e-01
-1.770907826721668243e-02,-1.676643081009387970e-02,6.999133229255676270e-01,-9.200125187635421753e-02,2.618349529802799225e-02,9.562857747077941895e-01,2.763471603393554688e-01,0.000000000000000000e+00,0.000000000000000000e+00,2.886877655982971191e-01,-1.054814577102661133e+00,8.836384862661361694e-02,-1.898162961006164551e+00,2.152711898088455200e-01,1.026089787483215332e+00,2.713831663131713867e-01,1.894066452980041504e+00,-1.150533854961395264e-01,-2.678537070751190186e-01,-5.306844133883714676e-03,4.523390159010887146e-02,1.969556212425231934e-01,-2.384335249662399292e-01,1.736745983362197876e-01,-2.419227808713912964e-01,-1.896179467439651489e-02,-3.080999664962291718e-02,9.211090952157974243e-02,-9.257217496633529663e-02,1.091828197240829468e-01
-3.037199564278125763e-02,-1.303544919937849045e-02,6.989976763725280762e-01,-1.037457436323165894e-01,2.558573335409164429e-02,9.557706713676452637e-01,2.740156352519989014e-01,0.000000000000000000e+00,0.000000000000000000e+00,2.705317735671997070e-01,-1.058593273162841797e+00,7.638782262802124023e-02,-1.900240063667297363e+00,2.207402586936950684e-01,1.022548079490661621e+00,2.511859834194183350e-01,1.897627234458923340e+00,-1.058819219470024109e-01,-2.893259823322296143e-01,-5.637950263917446136e-03,3.091282770037651062e-02,2.252037078142166138e-01,-2.649638354778289795e-01,1.908045113086700439e-01,-2.928346991539001465e-01,-2.131552807986736298e-02,-4.176153242588043213e-02,1.757863461971282959e-01,-9.127045422792434692e-02,1.073491498827934265e-01
-4.485747218132019043e-02,-7.756194565445184708e-03,6.975467801094055176e-01,-1.172436475753784180e-01,2.683235518634319305e-02,9.537746906280517578e-01,2.754047811031341553e-01,0.000000000000000000e+00,0.000000000000000000e+00,2.461645752191543579e-01,-1.051710247993469238e+00,6.286742538213729858e-02,-1.914203047752380371e+00,2.259579449892044067e-01,1.023496627807617188e+00,2.314025461673736572e-01,1.905259013175964355e+00,-8.685895800590515137e-02,-3.120436370372772217e-01,-9.816439822316169739e-03,1.474308874458074570e-02,2.521361410617828369e-01,-2.889361977577209473e-01,2.044337987899780273e-01,-3.725582361221313477e-01,-3.091948851943016052e-02,-5.107052624225616455e-02,3.034163117408752441e-01,-6.653685867786407471e-02,1.008975133299827576e-01
-6.153970956802368164e-02,-9.031144436448812485e-04,6.964764595031738281e-01,-1.322215944528579712e-01,2.777622826397418976e-02,9.506859183311462402e-01,2.791812419891357422e-01,0.000000000000000000e+00,0.000000000000000000e+00,2.237369865179061890e-01,-1.029727935791015625e+00,4.685125872492790222e-02,-1.946816444396972656e+00,2.368842661380767822e-01,1.022349715232849121e+00,2.121699303388595581e-01,1.919557571411132812e+00,-5.866343900561332703e-02,-3.316565155982971191e-01,-1.392911374568939209e-02,-2.209542319178581238e-03,2.739375829696655273e-01,-3.069563508033752441e-01,2.119994610548019409e-01,-4.783756732940673828e-01,-3.542388230562210083e-02,-4.906197637319564819e-02,4.459714889526367188e-01,-9.642014652490615845e-02,7.674942910671234131e-02
-7.972571253776550293e-02,8.238149806857109070e-03,6.950821876525878906e-01,-1.473306119441986084e-01,3.217522427439689636e-02,9.464616775512695312e-01,2.854273319244384766e-01,0.000000000000000000e+00,0.000000000000000000e+00,1.954801082611083984e-01,-9.994533061981201172e-01,2.915674448013305664e-02,-1.994752049446105957e+00,2.505828142166137695e-01,1.012268185615539551e+00,1.894998401403427124e-01,1.940665245056152344e+00,-2.330340631306171417e-02,-3.396489620208740234e-01,-2.399066463112831116e-02,-1.018159743398427963e-02,2.749820351600646973e-01,-3.160800933837890625e-01,2.092707604169845581e-01,-5.779904127120971680e-01,-4.154461249709129333e-02,-4.673581942915916443e-02,5.697647333145141602e-01,-5.599803477525711060e-02,7.785497605800628662e-02
-9.894009679555892944e-02,1.886235922574996948e-02,6.946734786033630371e-01,-1.587069034576416016e-01,3.724785894155502319e-02,9.412178993225097656e-01,2.958607375621795654e-01,0.000000000000000000e+00,0.000000000000000000e+00,1.667133420705795288e-01,-9.629505276679992676e-01,3.379982430487871170e-03,-2.055120468139648438e+00,2.721199691295623779e-01,9.993727207183837891e-01,1.611678451299667358e-01,1.964544177055358887e+00,2.218603715300559998e-02,-3.212216198444366455e-01,-3.540599346160888672e-02,-4.168456885963678360e-03,2.404337376356124878e-01,-3.103610575199127197e-01,1.974956393241882324e-01,-6.688621044158935547e-01,-4.796599969267845154e-02,-4.235843196511268616e-02,6.467997431755065918e-01,-3.521891683340072632e-02,8.503448963165283203e-02
-1.183972954750061035e-01,3.042691759765148163e-02,6.964392066001892090e-01,-1.631475985050201416e-01,4.115292802453041077e-02,9.360561370849609375e-01,3.090117573738098145e-01,0.000000000000000000e+00,0.000000000000000000e+00,1.410780251026153564e-01,-9.257004857063293457e-01,-2.832750417292118073e-02,-2.120523452758789062e+00,2.953915297985076904e-01,9.805423617362976074e-01,1.325791329145431519e-01,1.990149021148681641e+00,7.317259907722473145e-02,-2.731712162494659424e-01,-4.795910790562629700e-02,9.184842929244041443e-03,1.797026097774505615e-01,-2.643226087093353271e-01,1.706765890121459961e-01,-7.465894818305969238e-01,-5.494462326169013977e-02,-3.466097638010978699e-02,6.706069111824035645e-01,-2.539781853556632996e-02,9.996974468231201172e-02
-1.391351968050003052e-01,4.311373084783554077e-02,7.016974687576293945e-01,-1.651126295328140259e-01,4.234121367335319519e-02,9.308119416236877441e-01,3.233174681663513184e-01,0.000000000000000000e+00,0.000000000000000000e+00,1.268473714590072632e-01,-8.898126482963562012e-01,-6.322494149208068848e-02,-2.176000356674194336e+00,3.173478841781616211e-01,9.586685299873352051e-01,1.113876476883888245e-01,2.009246110916137695e+00,1.216733381152153015e-01,-2.124612778425216675e-01,-6.921407580375671387e-02,-1.154544111341238022e-02,1.145126670598983765e-01,-1.882421672344207764e-01,1.197256073355674744e-01,-7.986021637916564941e-01,-5.256035178899765015e-02,-2.033887989819049835e-02,6.226927638053894043e-01,-2.354359999299049377e-02,1.189215183258056641e-01
-1.605218350887298584e-01,5.678054690361022949e-02,7.085136175155639648e-01,-1.631351709365844727e-01,4.247717931866645813e-02,9.266485571861267090e-01,3.360134959220886230e-01,0.000000000000000000e+00,0.000000000000000000e+00,1.296041607856750488e-01,-8.630157709121704102e-01,-9.369121491909027100e-02,-2.209450244903564453e+00,3.367342352867126465e-01,9.408828616142272949e-01,9.856291115283966064e-02,2.024247407913208008e+00,1.710693538188934326e-01,-1.509343385696411133e-01,-9.114698320627212524e-02,-4.532951861619949341e-02,7.237996906042098999e-02,-9.003552794456481934e-02,6.337961554527282715e-02,-8.117475509643554688e-01,-5.111151188611984253e-02,2.181573538109660149e-03,5.147400498390197754e-01,-1.448368094861507416e-02,1.349627375602722168e-01
-1.811036467552185059e-01,6.867245584726333618e-02,7.143904566764831543e-01,-1.501460671424865723e-01,3.163018450140953064e-02,9.278975725173950195e-01,3.397967219352722168e-01,0.000000000000000000e+00,0.000000000000000000e+00,1.783495396375656128e-01,-8.463007807731628418e-01,-1.047696247696876526e-01,-2.222645759582519531e+00,3.696544766426086426e-01,9.609900116920471191e-01,1.042570248246192932e-01,2.024990558624267578e+00,2.385137081146240234e-01,-6.750262528657913208e-02,-7.772204279899597168e-02,-7.372909784317016602e-02,5.349910259246826172e-02,6.417656689882278442e-02,2.678408520296216011e-03,-7.356976866722106934e-01,-5.269686505198478699e-02,-1.851050741970539093e-02,3.317392468452453613e-01,2.222725003957748413e-02,1.456725299358367920e-01
-2.034873068332672119e-01,8.396881073713302612e-02,7.186379432678222656e-01,-1.439657062292098999e-01,3.189084306359291077e-02,9.293245673179626465e-01,3.385449945926666260e-01,0.000000000000000000e+00,0.000000000000000000e+00,2.071468085050582886e-01,-8.494276404380798340e-01,-9.188397973775863647e-02,-2.205741643905639648e+00,3.714344799518585205e-01,9.685654640197753906e-01,1.141202822327613831e-01,2.014024972915649414e+00,2.827745079994201660e-01,-1.974974013864994049e-02,-7.141217589378356934e-02,-9.299207478761672974e-02,7.971065491437911987e-02,2.180475145578384399e-01,-4.368596151471138000e-02,-6.851236820220947266e-01,-5.911366268992424011e-02,-2.811575308442115784e-02,2.143526971340179443e-01,4.711062833666801453e-02,1.531299203634262085e-01
-2.264018952846527100e-01,1.008999273180961609e-01,7.183802127838134766e-01,-1.370595544576644897e-01,3.544190898537635803e-02,9.341854453086853027e-01,3.274998068809509277e-01,0.000000000000000000e+00,0.000000000000000000e+00,2.236728817224502563e-01,-8.756111860275268555e-01,-5.321369692683219910e-02,-2.166948556900024414e+00,3.576566576957702637e-01,9.770597815513610840e-01,1.149900406599044800e-01,2.004436731338500977e+00,2.961553633213043213e-01,1.847070991061627865e-03,-6.410315632820129395e-02,-1.046427786350250244e-01,1.525797694921493530e-01,3.358456790447235107e-01,-6.197651475667953491e-02,-6.420626044273376465e-01,-6.340202689170837402e-02,-4.799924045801162720e-02,1.839117109775543213e-01,4.464340209960937500e-02,1.398182362318038940e-01
-2.520921230316162109e-01,1.209552362561225891e-01,7.113239169120788574e-01,-1.365068703889846802e-01,4.721768945455551147e-02,9.388040900230407715e-01,3.127031624317169189e-01,0.000000000000000000e+00,0.000000000000000000e+00,2.038523107767105103e-01,-9.302257299423217773e-01,-1.035626791417598724e-02,-2.117351293563842773e+00,3.010269105434417725e-01,9.425025582313537598e-01,1.114730089902877808e-01,2.024613618850708008e+00,2.411942481994628906e-01,-6.255904585123062134e-02,-8.339026570320129395e-02,-7.037132978439331055e-02,3.265220522880554199e-01,3.489745259284973145e-01,-4.621667414903640747e-02,-6.619278192520141602e-01,-5.874433368444442749e-02,-1.284626033157110214e-02,2.842461764812469482e-01,-9.149061515927314758e-03,9.438464045524597168e-02
-2.808390259742736816e-01,1.386177837848663330e-01,7.016113400459289551e-01,-1.357867717742919922e-01,4.278005287051200867e-02,9.457347393035888672e-01,2.920918464660644531e-01,0.000000000000000000e+00,0.000000000000000000e+00,2.062295228242874146e-01,-1.000200748443603516e+00,2.072526328265666962e-02,-2.045367479324340820e+00,2.493150085210800171e-01,9.315081238746643066e-01,9.870098531246185303e-02,2.078598260879516602e+00,1.695000529289245605e-01,-1.728245466947555542e-01,-6.374232470989227295e-02,-1.487267576158046722e-02,5.199462771415710449e-01,3.470397293567657471e-01,3.015166847035288811e-03,-6.766636967658996582e-01,-3.314249217510223389e-02,2.385567873716354370e-03,4.208845198154449463e-01,-1.281710267066955566e-01,2.793828584253787994e-02
-3.128296136856079102e-01,1.565143316984176636e-01,6.940076947212219238e-01,-1.413995921611785889e-01,3.404912725090980530e-02,9.541158676147460938e-01,2.617436349391937256e-01,0.000000000000000000e+00,0.000000000000000000e+00,1.978244781494140625e-01,-1.086848378181457520e+00,4.365531355142593384e-02,-1.977777957916259766e+00,1.807745695114135742e-01,9.228648543357849121e-01,5.863491445779800415e-02,2.161740064620971680e+00,7.708422094583511353e-02,-3.437214791774749756e-01,-2.286489866673946381e-02,4.835856333374977112e-02,7.407152056694030762e-01,2.535965144634246826e-01,6.426147371530532837e-02,-6.682186722755432129e-01,9.304707869887351990e-03,1.933982409536838531e-02,5.088278651237487793e-01,-2.425985485315322876e-01,-1.242708135396242142e-02
-3.430010378360748291e-01,1.753681153059005737e-01,6.932338476181030273e-01,-1.383244097232818604e-01,3.211165964603424072e-02,9.648961424827575684e-01,2.209313064813613892e-01,0.000000000000000000e+00,0.000000000000000000e+00,1.955886036157608032e-01,-1.148768305778503418e+00,6.689538806676864624e-02,-1.932706475257873535e+00,1.114415228366851807e-01,9.280759096145629883e-01,-3.214942698832601309e-04,2.246105909347534180e+00,-1.407136581838130951e-02,-5.051330924034118652e-01,2.747900411486625671e-02,8.542901277542114258e-02,8.789013028144836426e-01,1.381904631853103638e-01,1.039201766252517700e-01,-5.861847996711730957e-01,2.685814537107944489e-02,6.338217761367559433e-03,5.013979673385620117e-01,-3.011955618858337402e-01,-4.162438958883285522e-02
-3.728414773941040039e-01,1.920502781867980957e-01,6.994993686676025391e-01,-1.285236179828643799e-01,2.614523284137248993e-02,9.748052358627319336e-01,1.804241985082626343e-01,0.000000000000000000e+00,0.000000000000000000e+00,2.088561952114105225e-01,-1.174117565155029297e+00,8.524033427238464355e-02,-1.923144459724426270e+00,6.985054910182952881e-02,9.387627243995666504e-01,-3.862632066011428833e-02,2.302441596984863281e+00,-8.811293542385101318e-02,-6.021145582199096680e-01,4.913020133972167969e-02,9.373914450407028198e-02,8.326243162155151367e-01,6.641723215579986572e-02,1.104280874133110046e-01,-4.419511556625366211e-01,4.176506027579307556e-02,-1.324629224836826324e-02,4.025160372257232666e-01,-2.595157623291015625e-01,-2.900128439068794250e-02
-4.048340320587158203e-01,2.075197994709014893e-01,7.105976939201354980e-01,-1.225447505712509155e-01,1.859452016651630402e-02,9.820018410682678223e-01,1.425110995769500732e-01,0.000000000000000000e+00,0.000000000000000000e+00,2.235794812440872192e-01,-1.188053011894226074e+00,9.565782546997070312e-02,-1.918554186820983887e+00,6.281825155019760132e-02,9.510443210601806641e-01,-5.328797549009323120e-02,2.328214883804321289e+00,-1.451198011636734009e-01,-6.420501470565795898e-01,4.802732542157173157e-02,9.519238024950027466e-02,6.665936708450317383e-01,2.421527728438377380e-02,1.044430881738662720e-01,-3.001244366168975830e-01,5.455156415700912476e-02,-1.987534947693347931e-02,3.056718111038208008e-01,-1.202461645007133484e-01,3.055253624916076660e-02
-4.370442330837249756e-01,2.215164005756378174e-01,7.212191224098205566e-01,-1.113843768835067749e-01,1.233260892331600189e-02,9.868276119232177734e-01,1.166735813021659851e-01,0.000000000000000000e+00,0.000000000000000000e+00,2.368825376033782959e-01,-1.198333859443664551e+00,9.776301681995391846e-02,-1.909730792045593262e+00,7.414457201957702637e-02,9.591847658157348633e-01,-5.270078778266906738e-02,2.342270612716674805e+00,-1.996422260999679565e-01,-6.237117052078247070e-01,4.267267510294914246e-02,1.094057783484458923e-01,4.300156533718109131e-01,2.078811172395944595e-03,7.833514362573623657e-02,-1.812815666198730469e-01,5.506071448326110840e-02,-1.142539270222187042e-02,2.512322068214416504e-01,6.848187744617462158e-02,9.245166927576065063e-02
-4.696486890316009521e-01,2.322292923927307129e-01,7.271426916122436523e-01,-9.589635580778121948e-02,-6.185180391184985638e-04,9.895415902137756348e-01,1.077543720602989197e-01,0.000000000000000000e+00,0.000000000000000000e+00,2.512202560901641846e-01,-1.201633095741271973e+00,9.421054273843765259e-02,-1.904573440551757812e+00,9.378990530967712402e-02,9.562452435493469238e-01,-3.164303675293922424e-02,2.347418785095214844e+00,-2.445293366909027100e-01,-5.552428960800170898e-01,3.365902230143547058e-02,1.469628214836120605e-01,1.875410377979278564e-01,1.377355121076107025e-02,4.345758259296417236e-02,-9.585484117269515991e-02,4.622414335608482361e-02,1.342204865068197250e-02,2.707671821117401123e-01,2.555922567844390869e-01,1.405845582485198975e-01
-5.046489834785461426e-01,2.428994029760360718e-01,7.263877987861633301e-01,-8.697031438350677490e-02,-1.002841349691152573e-02,9.903113245964050293e-01,1.077920123934745789e-01,0.000000000000000000e+00,0.000000000000000000e+00,2.516474127769470215e-01,-1.196249485015869141e+00,9.124930948019027710e-02,-1.938563466072082520e+00,1.129925325512886047e-01,9.476660490036010742e-01,-3.438998013734817505e-03,2.341770172119140625e+00,-2.570163011550903320e-01,-4.997225105762481689e-01,1.792783290147781372e-02,1.603611111640930176e-01,8.239646255970001221e-02,1.966517418622970581e-02,4.012824222445487976e-02,-7.631839811801910400e-02,3.737971559166908264e-02,4.054229333996772766e-02,3.911836445331573486e-01,3.482590615749359131e-01,1.474644541740417480e-01
-5.412155389785766602e-01,2.541111707687377930e-01,7.172177433967590332e-01,-8.103410899639129639e-02,-1.590525358915328979e-02,9.906452298164367676e-01,1.086393669247627258e-01,0.000000000000000000e+00,0.000000000000000000e+00,2.294369041919708252e-01,-1.172262549400329590e+00,8.731406927108764648e-02,-2.011806011199951172e+00,1.242806985974311829e-01,9.649208784103393555e-01,4.650387447327375412e-03,2.318542718887329102e+00,-2.279147356748580933e-01,-4.891749918460845947e-01,2.079025376588106155e-03,1.200868338346481323e-01,1.447460055351257324e-01,-1.556521002203226089e-02,1.012198477983474731e-01,-1.229205280542373657e-01,3.313424065709114075e-02,4.167471826076507568e-02,5.752784609794616699e-01,3.489628434181213379e-01,1.170916408300399780e-01
-5.795232057571411133e-01,2.668130397796630859e-01,7.075911760330200195e-01,-8.364264667034149170e-02,-1.321176532655954361e-02,9.906979799270629883e-01,1.065215393900871277e-01,0.000000000000000000e+00,0.000000000000000000e+00,1.742546111345291138e-01,-1.132100105285644531e+00,1.047481596469879150e-01,-2.098894834518432617e+00,1.425927877426147461e-01,9.842640161514282227e-01,-1.653048396110534668e-02,2.275357484817504883e+00,-1.663603782653808594e-01,-5.109829306602478027e-01,-2.231504581868648529e-02,6.195814162492752075e-02,2.984249591827392578e-01,-1.211735010147094727e-01,2.025017142295837402e-01,-2.288826555013656616e-01,1.944652386009693146e-02,1.063476037234067917e-02,7.613097429275512695e-01,3.478000164031982422e-01,8.246413618326187134e-02
-6.193047761917114258e-01,2.781595587730407715e-01,7.030684947967529297e-01,-8.981641381978988647e-02,-1.163039263337850571e-02,9.891765117645263672e-01,1.154449135065078735e-01,0.000000000000000000e+00,0.000000000000000000e+00,1.064968183636665344e-01,-1.088403224945068359e+00,1.015831977128982544e-01,-2.171813488006591797e+00,1.678722351789474487e-01,1.000699162483215332e+00,-2.763557620346546173e-02,2.234759092330932617e+00,-8.859164267778396606e-02,-5.076260566711425781e-01,-5.242545157670974731e-02,2.212255075573921204e-02,3.973221778869628906e-01,-2.140273749828338623e-01,2.515688538551330566e-01,-3.681701719760894775e-01,5.552287213504314423e-03,-1.565051078796386719e-02,9.014890789985656738e-01,3.089157342910766602e-01,5.482260510325431824e-02
-6.575678586959838867e-01,2.897225618362426758e-01,7.076162695884704590e-01,-8.949562162160873413e-02,-5.692528560757637024e-03,9.875694513320922852e-01,1.290917396545410156e-01,0.000000000000000000e+00,0.000000000000000000e+00,5.563629791140556335e-02,-1.059724688529968262e+00,7.453066110610961914e-02,-2.246071577072143555e+00,2.132275402545928955e-01,9.970948100090026855e-01,-4.205641895532608032e-02,2.218124151229858398e+00,-9.554804302752017975e-03,-4.179038703441619873e-01,-7.792285829782485962e-02,4.098863340914249420e-03,3.707136213779449463e-01,-2.383260726928710938e-01,2.319280207157135010e-01,-4.870680570602416992e-01,-1.111820247024297714e-02,-2.814559452235698700e-02,9.461544156074523926e-01,2.225012630224227905e-01,3.317677602171897888e-02
-6.946754455566406250e-01,3.000038564205169678e-01,7.181697487831115723e-01,-8.607495576143264771e-02,-3.016922622919082642e-03,9.857777357101440430e-01,1.443061977624893188e-01,0.000000000000000000e+00,0.000000000000000000e+00,1.958894170820713043e-02,-1.044487595558166504e+00,4.108323156833648682e-02,-2.293265342712402344e+00,2.652688324451446533e-01,9.820650815963745117e-01,-4.292976111173629761e-02,2.210082292556762695e+00,7.785155624151229858e-02,-2.830683588981628418e-01,-9.290374815464019775e-02,-1.969454251229763031e-02,2.774665653705596924e-01,-1.830755323171615601e-01,1.699637621641159058e-01,-5.531277656555175781e-01,-2.648808993399143219e-02,-3.468603268265724182e-02,8.555898070335388184e-01,1.467306166887283325e-01,3.512991219758987427e-02
-7.310320734977722168e-01,3.079793751239776611e-01,7.312398552894592285e-01,-7.967865467071533203e-02,-7.442924659699201584e-03,9.835038781166076660e-01,1.622221320867538452e-01,0.000000000000000000e+00,0.000000000000000000e+00,1.410672813653945923e-02,-1.032379388809204102e+00,1.251664943993091583e-02,-2.323984622955322266e+00,3.105072081089019775e-01,9.647222757339477539e-01,-4.421424865722656250e-02,2.197632789611816406e+00,1.662910431623458862e-01,-1.481880396604537964e-01,-9.659059345722198486e-02,-4.660847783088684082e-02,1.841249912977218628e-01,-5.208641663193702698e-02,9.275346249341964722e-02,-5.711960196495056152e-01,-3.571576997637748718e-02,-3.148115426301956177e-02,6.810805201530456543e-01,1.035815551877021790e-01,5.176739394664764404e-02
-7.658471465110778809e-01,3.157932162284851074e-01,7.427642345428466797e-01,-6.699849665164947510e-02,-1.023851241916418076e-02,9.821087718009948730e-01,1.756948381662368774e-01,0.000000000000000000e+00,0.000000000000000000e+00,4.368424788117408752e-02,-1.034080028533935547e+00,-4.406332504004240036e-03,-2.329608917236328125e+00,3.500471115112304688e-01,9.595097303390502930e-01,-3.597111627459526062e-02,2.178961515426635742e+00,2.490343302488327026e-01,-3.004316985607147217e-02,-8.802247047424316406e-02,-6.987090408802032471e-02,1.280242651700973511e-01,1.197897642850875854e-01,1.005155127495527267e-02,-5.430430173873901367e-01,-4.819703847169876099e-02,-3.146417811512947083e-02,4.401660561561584473e-01,8.626178652048110962e-02,7.855489850044250488e-02
-7.994563579559326172e-01,3.247015774250030518e-01,7.517218589782714844e-01,-5.199635401368141174e-02,-5.691166501492261887e-03,9.824048876762390137e-01,1.792891174554824829e-01,0.000000000000000000e+00,0.000000000000000000e+00,9.072846174240112305e-02,-1.030892014503479004e+00,2.116903429850935936e-03,-2.316946744918823242e+00,3.746089935302734375e-01,9.672535061836242676e-01,-2.036603912711143494e-02,2.144095420837402344e+00,3.192751109600067139e-01,6.165790557861328125e-02,-6.617081165313720703e-02,-9.174852073192596436e-02,1.216653361916542053e-01,3.002028763294219971e-01,-6.738416850566864014e-02,-4.808486998081207275e-01,-5.747649818658828735e-02,-5.440523475408554077e-02,1.784325391054153442e-01,9.531565010547637939e-02,1.154417246580123901e-01
-8.344569206237792969e-01,3.342356383800506592e-01,7.546865344047546387e-01,-4.548861086368560791e-02,1.920369453728199005e-03,9.836004972457885742e-01,1.745199263095855713e-01,0.000000000000000000e+00,0.000000000000000000e+00,1.229851990938186646e-01,-1.029894232749938965e+00,2.794723398983478546e-02,-2.294544696807861328e+00,3.780715763568878174e-01,9.698742628097534180e-01,-3.828586544841527939e-03,2.112329006195068359e+00,3.444688320159912109e-01,8.829547464847564697e-02,-4.584707319736480713e-02,-8.549279719591140747e-02,2.143285274505615234e-01,3.499998748302459717e-01,-9.867261350154876709e-02,-4.413716197013854980e-01,-6.025163084268569946e-02,-8.161550015211105347e-02,4.368814080953598022e-02,1.205292567610740662e-01,1.422176361083984375e-01
-8.705657124519348145e-01,3.427276909351348877e-01,7.479434609413146973e-01,-4.481034353375434875e-02,2.583408495411276817e-03,9.857475757598876953e-01,1.621328145265579224e-01,0.000000000000000000e+00,0.000000000000000000e+00,1.479615718126296997e-01,-1.036191582679748535e+00,5.629272013902664185e-02,-2.275419473648071289e+00,3.645625114440917969e-01,9.551052451133728027e-01,2.438413724303245544e-02,2.092803478240966797e+00,3.215932846069335938e-01,4.699615016579627991e-02,-3.110418841242790222e-02,-5.047247186303138733e-02,3.766233623027801514e-01,3.499999940395355225e-01,-7.338765263557434082e-02,-4.342524707317352295e-01,-5.323271080851554871e-02,-7.383146882057189941e-02,6.498222053050994873e-02,1.009056419134140015e-01,1.180218160152435303e-01
-9.075705409049987793e-01,3.505165576934814453e-01,7.386701107025146484e-01,-5.010834336280822754e-02,1.118019339628517628e-03,9.879159331321716309e-01,1.466630548238754272e-01,0.000000000000000000e+00,0.000000000000000000e+00,1.637490093708038330e-01,-1.056313157081604004e+00,6.953269243240356445e-02,-2.243561267852783203e+00,3.284498453140258789e-01,9.396117925643920898e-01,6.301116198301315308e-02,2.087700605392456055e+00,2.558784186840057373e-01,-6.031008064746856689e-02,-9.490287862718105316e-03,1.693423464894294739e-02,5.647924542427062988e-01,3.479366004467010498e-01,-3.845334053039550781e-03,-4.682348668575286865e-01,-3.411393985152244568e-02,-4.705159738659858704e-02,2.075374424457550049e-01,-3.053426742553710938e-03,5.572993308305740356e-02
-9.485487341880798340e-01,3.563997745513916016e-01,7.315480709075927734e-01,-7.250362634658813477e-02,-8.520388975739479065e-03,9.894564151763916016e-01,1.250866055488586426e-01,0.000000000000000000e+00,0.000000000000000000e+00,1.691269874572753906e-01,-1.093569517135620117e+00,8.525812625885009766e-02,-2.165294170379638672e+00,2.596578001976013184e-01,9.282945990562438965e-01,9.738431125879287720e-02,2.101912736892700195e+00,1.610606908798217773e-01,-2.468010187149047852e-01,3.182563558220863342e-02,7.363438606262207031e-02,7.999914288520812988e-01,2.365346848964691162e-01,8.743354678153991699e-02,-5.332862138748168945e-01,4.822115413844585419e-03,-2.185798715800046921e-03,3.884098827838897705e-01,-1.381161361932754517e-01,-5.040115676820278168e-03
-9.869064092636108398e-01,3.628983199596405029e-01,7.271806597709655762e-01,-8.599518239498138428e-02,-1.064482796937227249e-02,9.916769862174987793e-01,9.522771090269088745e-02,0.000000000000000000e+00,0.000000000000000000e+00,1.886613070964813232e-01,-1.120943903923034668e+00,6.675475835800170898e-02,-2.106189727783203125e+00,1.971042454242706299e-01,9.322564005851745605e-01,8.948422968387603760e-02,2.149343967437744141e+00,6.710777431726455688e-02,-4.172953367233276367e-01,6.904397904872894287e-02,1.074912473559379578e-01,9.517936110496520996e-01,1.143020838499069214e-01,1.504787355661392212e-01,-5.347676873207092285e-01,2.990156039595603943e-02,1.119157206267118454e-02,4.660165607929229736e-01,-2.230486273765563965e-01,-3.335221484303474426e-02
-1.021843552589416504e+00,3.691734075546264648e-01,7.315802574157714844e-01,-8.799504488706588745e-02,-1.314480230212211609e-02,9.948636293411254883e-01,4.827483743429183960e-02,0.000000000000000000e+00,0.000000000000000000e+00,2.449554204940795898e-01,-1.137521386146545410e+00,2.840260043740272522e-02,-2.099436998367309570e+00,1.597230732440948486e-01,9.424303770065307617e-01,4.977130144834518433e-02,2.221186637878417969e+00,-2.276098914444446564e-02,-5.269811153411865234e-01,8.047136664390563965e-02,1.218969374895095825e-01,9.485242366790771484e-01,4.456670582294464111e-02,1.694838404655456543e-01,-4.453811049461364746e-01,3.563303127884864807e-02,4.746948834508657455e-04,4.230378866195678711e-01,-2.204348295927047729e-01,-2.774386852979660034e-02
-1.055070877075195312e+00,3.753224313259124756e-01,7.424420714378356934e-01,-8.263400197029113770e-02,-1.507189311087131500e-02,9.963992834091186523e-01,-1.152815017849206924e-02,0.000000000000000000e+00,0.000000000000000000e+00,3.085733354091644287e-01,-1.137482881546020508e+00,7.794856559485197067e-03,-2.097862720489501953e+00,1.387324631214141846e-01,9.557541012763977051e-01,1.558849494904279709e-02,2.275838851928710938e+00,-1.077442616224288940e-01,-5.677424669265747070e-01,6.733036786317825317e-02,1.275438219308853149e-01,7.970692515373229980e-01,1.559422165155410767e-02,1.538015455007553101e-01,-3.004043400287628174e-01,3.299902006983757019e-02,-1.640760898590087891e-02,3.065180778503417969e-01,-1.278904229402542114e-01,1.346627809107303619e-02
-1.088064908981323242e+00,3.786560893058776855e-01,7.568045258522033691e-01,-7.361127436161041260e-02,-1.982734166085720062e-02,9.951099157333374023e-01,-6.280570477247238159e-02,0.000000000000000000e+00,0.000000000000000000e+00,3.585420548915863037e-01,-1.141084551811218262e+00,-7.190808653831481934e-03,-2.088380336761474609e+00,1.440092027187347412e-01,9.639797210693359375e-01,-1.573306135833263397e-02,2.311874151229858398e+00,-1.864255815744400024e-01,-5.598609447479248047e-01,5.766859650611877441e-02,1.448475420475006104e-01,5.882121324539184570e-01,6.088489200919866562e-03,1.226209253072738647e-01,-1.664021760225296021e-01,3.350716084241867065e-02,-2.116813883185386658e-02,2.157750129699707031e-01,4.271076619625091553e-02,7.708588242530822754e-02
-1.121520400047302246e+00,3.785287141799926758e-01,7.685238122940063477e-01,-6.523296982049942017e-02,-2.878546155989170074e-02,9.924609661102294922e-01,-9.968604147434234619e-02,0.000000000000000000e+00,0.000000000000000000e+00,3.875970542430877686e-01,-1.149275779724121094e+00,-1.621576398611068726e-02,-2.065830707550048828e+00,1.533842533826828003e-01,9.720285534858703613e-01,-3.757704794406890869e-02,2.331733942031860352e+00,-2.515980601310729980e-01,-5.106502175331115723e-01,4.381365329027175903e-02,1.910862773656845093e-01,3.349441885948181152e-01,1.841403916478157043e-02,7.278022915124893188e-02,-5.848938971757888794e-02,2.500252239406108856e-02,-1.693802326917648315e-02,1.823383420705795288e-01,2.221755981445312500e-01,1.308225393295288086e-01
-1.155960202217102051e+00,3.764048814773559570e-01,7.730869054794311523e-01,-5.963308736681938171e-02,-3.285757452249526978e-02,9.905613064765930176e-01,-1.189645156264305115e-01,0.000000000000000000e+00,0.000000000000000000e+00,3.915879130363464355e-01,-1.162582635879516602e+00,-2.380086667835712433e-02,-2.050663232803344727e+00,1.677849590778350830e-01,9.707267880439758301e-01,-4.992911592125892639e-02,2.335207700729370117e+00,-2.885048687458038330e-01,-4.473424553871154785e-01,1.594331674277782440e-02,2.365824431180953979e-01,1.143105700612068176e-01,5.894637852907180786e-02,1.562258694320917130e-02,-8.181659504771232605e-04,1.034885365515947342e-02,6.863447837531566620e-03,2.361019849777221680e-01,3.498655557632446289e-01,1.699118465185165405e-01
-1.191993236541748047e+00,3.715053498744964600e-01,7.702071666717529297e-01,-6.054443866014480591e-02,-3.916597738862037659e-02,9.892407655715942383e-01,-1.272912621498107910e-01,0.000000000000000000e+00,0.000000000000000000e+00,3.749961853027343750e-01,-1.176042556762695312e+00,-6.272003520280122757e-03,-2.060141324996948242e+00,1.782769560813903809e-01,9.695276618003845215e-01,-4.729393869638442993e-02,2.328806161880493164e+00,-2.779533267021179199e-01,-4.144505858421325684e-01,-9.529778733849525452e-03,2.495772242546081543e-01,4.634928703308105469e-02,7.571949809789657593e-02,2.193307876586914062e-02,-1.488087885081768036e-02,1.954841660335659981e-03,2.291184104979038239e-02,3.785032331943511963e-01,3.499999940395355225e-01,1.726628839969635010e-01
-1.228596687316894531e+00,3.642072379589080811e-01,7.606777548789978027e-01,-6.508735567331314087e-02,-4.612991958856582642e-02,9.886168837547302246e-01,-1.275631040334701538e-01,0.000000000000000000e+00,0.000000000000000000e+00,3.274141848087310791e-01,-1.167508244514465332e+00,2.185413613915443420e-02,-2.086396217346191406e+00,1.891208440065383911e-01,9.778161644935607910e-01,-5.842740088701248169e-02,2.297603130340576172e+00,-2.307798117399215698e-01,-4.228169322013854980e-01,-2.520483918488025665e-02,2.094008773565292358e-01,1.193053349852561951e-01,2.424423210322856903e-02,9.982356429100036621e-02,-8.551938831806182861e-02,9.144479990936815739e-04,2.853368595242500305e-02,5.438818931579589844e-01,3.499999940395355225e-01,1.503684669733047485e-01
-1.265964269638061523e+00,3.570930659770965576e-01,7.504296898841857910e-01,-7.188174873590469360e-02,-4.431576281785964966e-02,9.883599877357482910e-01,-1.265452057123184204e-01,0.000000000000000000e+00,0.000000000000000000e+00,2.336838245391845703e-01,-1.133811950683593750e+00,8.182930201292037964e-02,-2.112627983093261719e+00,2.040497660636901855e-01,1.004862308502197266e+00,-7.094763219356536865e-02,2.238712787628173828e+00,-1.513989418745040894e-01,-4.702499508857727051e-01,-4.824271798133850098e-02,1.359436362981796265e-01,2.693986594676971436e-01,-9.553574770689010620e-02,2.063297033309936523e-01,-2.130917906761169434e-01,-1.450644806027412415e-03,1.564972661435604095e-02,7.160301804542541504e-01,3.491659462451934814e-01,1.256762146949768066e-01
-1.304698705673217773e+00,3.471155166625976562e-01,7.464643120765686035e-01,-8.522775024175643921e-02,-4.630846157670021057e-02,9.887911081314086914e-01,-1.135071069002151489e-01,0.000000000000000000e+00,0.000000000000000000e+00,1.198963373899459839e-01,-1.092833518981933594e+00,1.240066215395927429e-01,-2.145880222320556641e+00,2.328795790672302246e-01,1.011952161788940430e+00,-7.052420824766159058e-02,2.162678480148315430e+00,-5.394207313656806946e-02,-4.895108938217163086e-01,-7.950899004936218262e-02,8.414197713136672974e-02,3.648715615272521973e-01,-1.865460425615310669e-01,2.503924071788787842e-01,-3.711595237255096436e-01,-1.251694373786449432e-02,4.467015969567000866e-04,8.513000607490539551e-01,2.999023795127868652e-01,8.737321197986602783e-02
-1.341424465179443359e+00,3.376941084861755371e-01,7.506539225578308105e-01,-8.929397165775299072e-02,-4.301631450653076172e-02,9.904379248619079590e-01,-9.596298635005950928e-02,0.000000000000000000e+00,0.000000000000000000e+00,2.713956683874130249e-02,-1.058101177215576172e+00,1.284656971693038940e-01,-2.221694707870483398e+00,2.778356671333312988e-01,1.006509900093078613e+00,-6.654797494411468506e-02,2.118518352508544922e+00,4.601420834660530090e-02,-4.018852114677429199e-01,-1.122891455888748169e-01,5.404226109385490417e-02,3.338822722434997559e-01,-2.234896272420883179e-01,2.381627559661865234e-01,-4.895736873149871826e-01,-3.672417253255844116e-02,-6.986537482589483261e-03,8.849183917045593262e-01,1.898642480373382568e-01,5.682963132858276367e-02
-1.375226497650146484e+00,3.282583057880401611e-01,7.598182559013366699e-01,-8.275692164897918701e-02,-3.750656917691230774e-02,9.931401014328002930e-01,-7.360249012708663940e-02,0.000000000000000000e+00,0.000000000000000000e+00,-3.474761545658111572e-02,-1.038342714309692383e+00,8.878143131732940674e-02,-2.308981180191040039e+00,3.192112743854522705e-01,9.878590106964111328e-01,-6.581226736307144165e-02,2.115844488143920898e+00,1.441998779773712158e-01,-2.537624239921569824e-01,-1.339605748653411865e-01,2.056274004280567169e-02,2.383442223072052002e-01,-1.654339730739593506e-01,1.809362173080444336e-01,-5.507349967956542969e-01,-5.082200095057487488e-02,-8.638261817395687103e-03,7.931005954742431641e-01,9.923157095909118652e-02,5.022038891911506653e-02
-1.408081889152526855e+00,3.172335326671600342e-01,7.716053724288940430e-01,-7.378759235143661499e-02,-3.609777614474296570e-02,9.953724741935729980e-01,-4.985900968313217163e-02,0.000000000000000000e+00,0.000000000000000000e+00,-4.826365783810615540e-02,-1.032413601875305176e+00,4.524936527013778687e-02,-2.350323200225830078e+00,3.610098659992218018e-01,9.723316431045532227e-01,-7.483584433794021606e-02,2.115938663482666016e+00,2.382203042507171631e-01,-1.126255765557289124e-01,-1.365968137979507446e-01,-7.524593733251094818e-03,1.500732004642486572e-01,-2.892373315989971161e-02,9.632949531078338623e-02,-5.505695343017578125e-01,-5.527816712856292725e-02,-1.389095839112997055e-02,5.944406986236572266e-01,5.127808079123497009e-02,6.122129783034324646e-02
-1.440108060836791992e+00,3.074057698249816895e-01,7.823074460029602051e-01,-6.147638708353042603e-02,-3.132335469126701355e-02,9.968043565750122070e-01,-4.025643691420555115e-02,0.000000000000000000e+00,0.000000000000000000e+00,-3.670146688818931580e-02,-1.042795419692993164e+00,1.890893094241619110e-02,-2.364999771118164062e+00,3.981094658374786377e-01,9.719002842903137207e-01,-8.368750661611557007e-02,2.101445198059082031e+00,3.191414177417755127e-01,1.576733309775590897e-03,-1.244389414787292480e-01,-2.602612972259521484e-02,1.126585826277732849e-01,1.380936354398727417e-01,1.054178830236196518e-02,-5.098425745964050293e-01,-5.613115057349205017e-02,-2.659957483410835266e-02,3.585675358772277832e-01,3.998522460460662842e-02,8.839372545480728149e-02
-1.470595717430114746e+00,2.966313064098358154e-01,7.896923422813415527e-01,-4.267835244536399841e-02,-3.030096367001533508e-02,9.978126287460327148e-01,-4.037719219923019409e-02,0.000000000000000000e+00,0.000000000000000000e+00,1.008840277791023254e-02,-1.052386879920959473e+00,6.812723353505134583e-03,-2.358464241027832031e+00,4.369209110736846924e-01,9.959881305694580078e-01,-7.175592333078384399e-02,2.073646545410156250e+00,4.092625379562377930e-01,8.870036154985427856e-02,-8.036485314369201660e-02,-5.884942039847373962e-02,1.227505207061767578e-01,3.102008700370788574e-01,-6.065525487065315247e-02,-4.264119267463684082e-01,-4.866664856672286987e-02,-1.122571527957916260e-01,1.184235513210296631e-01,5.753030255436897278e-02,1.165382862091064453e-01
-1.506916880607604980e+00,2.888320982456207275e-01,7.933830022811889648e-01,-5.090089514851570129e-02,-1.774973422288894653e-02,9.968760013580322266e-01,-5.772570893168449402e-02,0.000000000000000000e+00,0.000000000000000000e+00,1.874173758551478386e-03,-1.069241642951965332e+00,1.902423053979873657e-02,-2.347182035446166992e+00,4.157509505748748779e-01,9.920910000801086426e-01,-7.324854284524917603e-02,2.036073446273803711e+00,3.913422226905822754e-01,6.506739556789398193e-02,-7.799257338047027588e-02,-3.502255305647850037e-02,2.595505714416503906e-01,3.498352468013763428e-01,-8.705718070268630981e-02,-4.234788417816162109e-01,-4.591088742017745972e-02,-1.111635342240333557e-01,1.970744691789150238e-02,6.130013987421989441e-02,1.244728416204452515e-01
-1.543132543563842773e+00,2.775802612304687500e-01,7.864625453948974609e-01,-5.665108188986778259e-02,-1.804645359516143799e-02,9.952982068061828613e-01,-7.646216452121734619e-02,0.000000000000000000e+00,0.000000000000000000e+00,1.462375186383724213e-02,-1.091123819351196289e+00,2.213352918624877930e-02,-2.321219205856323242e+00,3.951913118362426758e-01,9.924568533897399902e-01,-6.259828805923461914e-02,2.024740695953369141e+00,3.529508709907531738e-01,-1.927746832370758057e-02,-5.948068946599960327e-02,1.968459039926528931e-02,4.472422897815704346e-01,3.494906425476074219e-01,-5.357959493994712830e-02,-4.402090013027191162e-01,-3.808721154928207397e-02,-9.810541570186614990e-02,6.485078483819961548e-02,3.078480809926986694e-02,8.987663686275482178e-02
-1.581129431724548340e+00,2.649904489517211914e-01,7.779111862182617188e-01,-7.156678289175033569e-02,-2.409491315484046936e-02,9.918056726455688477e-01,-1.030490398406982422e-01,0.000000000000000000e+00,0.000000000000000000e+00,3.776809945702552795e-02,-1.116351485252380371e+00,3.118616342544555664e-02,-2.260926246643066406e+00,3.548890054225921631e-01,9.858507513999938965e-01,-4.735533148050308228e-02,2.035198688507080078e+00,2.794812619686126709e-01,-1.791258901357650757e-01,-3.108509071171283722e-02,8.199269324541091919e-02,6.698958277702331543e-01,3.166643977165222168e-01,2.380326576530933380e-02,-5.008956193923950195e-01,-3.016574680805206299e-02,-5.898502096533775330e-02,2.243997454643249512e-01,-5.172974243760108948e-02,2.660344727337360382e-02
-1.619198203086853027e+00,2.519657015800476074e-01,7.694876790046691895e-01,-8.818151801824569702e-02,-2.598399296402931213e-02,9.872183799743652344e-01,-1.301872134208679199e-01,0.000000000000000000e+00,0.000000000000000000e+00,8.472377061843872070e-02,-1.132790327072143555e+00,6.041872873902320862e-02,-2.140537261962890625e+00,2.999662458896636963e-01,9.691627025604248047e-01,-2.574319764971733093e-02,2.055932760238647461e+00,1.870954334735870361e-01,-3.703591227531433105e-01,1.631975173950195312e-02,1.342201679944992065e-01,8.902795314788818359e-01,2.035034447908401489e-01,1.040235385298728943e-01,-5.679874420166015625e-01,-7.866799831390380859e-03,-1.194448396563529968e-02,3.986257314682006836e-01,-1.614646166563034058e-01,-3.444191440939903259e-02
-1.655403852462768555e+00,2.378237396478652954e-01,7.653902173042297363e-01,-9.921329468488693237e-02,-3.271866962313652039e-02,9.804620146751403809e-01,-1.666747331619262695e-01,0.000000000000000000e+00,0.000000000000000000e+00,1.375672370195388794e-01,-1.147919654846191406e+00,7.546308636665344238e-02,-2.061477661132812500e+00,2.413801550865173340e-01,9.698111414909362793e-01,-3.557675331830978394e-02,2.108475446701049805e+00,9.299082309007644653e-02,-5.371315479278564453e-01,6.006129458546638489e-02,1.596107929944992065e-01,1.004230737686157227e+00,1.035093218088150024e-01,1.578571349382400513e-01,-5.659965276718139648e-01,1.442156080156564713e-02,3.587686456739902496e-03,4.717572927474975586e-01,-2.362868785858154297e-01,-5.590045824646949768e-02
-1.689107775688171387e+00,2.246416807174682617e-01,7.696837782859802246e-01,-1.002425849437713623e-01,-3.539834171533584595e-02,9.711909294128417969e-01,-2.132759094238281250e-01,0.000000000000000000e+00,0.000000000000000000e+00,2.093366086483001709e-01,-1.155725479125976562e+00,6.528729200363159180e-02,-2.031296014785766602e+00,1.999871879816055298e-01,9.972837567329406738e-01,-6.276058405637741089e-02,2.176418542861938477e+00,7.859488017857074738e-03,-6.291319727897644043e-01,7.914920151233673096e-02,1.655807346105575562e-01,9.704388976097106934e-01,4.780713841319084167e-02,1.732898652553558350e-01,-4.706503152847290039e-01,2.006387151777744293e-02,-5.053072236478328705e-03,4.223104417324066162e-01,-2.395279854536056519e-01,-4.578659310936927795e-02
-1.720998167991638184e+00,2.107114344835281372e-01,7.793700695037841797e-01,-9.466945379972457886e-02,-3.696484118700027466e-02,9.603679776191711426e-01,-2.595469355583190918e-01,0.000000000000000000e+00,0.000000000000000000e+00,2.757832407951354980e-01,-1.161978006362915039e+00,6.063782796263694763e-02,-2.032692670822143555e+00,1.843362450599670410e-01,1.017499804496765137e+00,-7.892730832099914551e-02,2.231905937194824219e+00,-6.594268232583999634e-02,-6.483635306358337402e-01,7.464232295751571655e-02,1.767223924398422241e-01,8.005015850067138672e-01,2.407341636717319489e-02,1.542090773582458496e-01,-3.307035267353057861e-01,2.417945489287376404e-02,-1.958108693361282349e-02,3.167570829391479492e-01,-1.577279865741729736e-01,-3.725209971889853477e-03
-1.751576066017150879e+00,1.947614550590515137e-01,7.912095785140991211e-01,-8.560795336961746216e-02,-4.114025458693504333e-02,9.493417143821716309e-01,-2.995481193065643311e-01,0.000000000000000000e+00,0.000000000000000000e+00,3.311354815959930420e-01,-1.161217808723449707e+00,4.478344693779945374e-02,-2.032954454421997070e+00,1.823232024908065796e-01,1.025337576866149902e+00,-9.254372119903564453e-02,2.276128053665161133e+00,-1.472633183002471924e-01,-6.295927762985229492e-01,6.787812709808349609e-02,1.902896612882614136e-01,5.646731853485107422e-01,1.813544146716594696e-02,1.059195995330810547e-01,-1.855947077274322510e-01,2.990227937698364258e-02,-2.854215167462825775e-02,2.145459204912185669e-01,-4.371716175228357315e-03,5.646986141800880432e-02
-1.781447052955627441e+00,1.768545657396316528e-01,8.005273938179016113e-01,-7.637938857078552246e-02,-4.742383584380149841e-02,9.395070672035217285e-01,-3.305202424526214600e-01,0.000000000000000000e+00,0.000000000000000000e+00,3.736356496810913086e-01,-1.164632081985473633e+00,2.238957025110721588e-02,-2.026857852935791016e+00,1.953901052474975586e-01,1.019582867622375488e+00,-1.003554612398147583e-01,2.305885791778564453e+00,-2.241532504558563232e-01,-5.681692957878112793e-01,6.098461151123046875e-02,2.191831618547439575e-01,2.973664700984954834e-01,5.449483916163444519e-02,4.343966022133827209e-02,-6.598205119371414185e-02,2.475938946008682251e-02,-2.913683280348777771e-02,1.647661775350570679e-01,1.748856753110885620e-01,1.109480485320091248e-01
-1.811685800552368164e+00,1.572671979665756226e-01,8.045795559883117676e-01,-7.334889471530914307e-02,-5.105389282107353210e-02,9.332928061485290527e-01,-3.478188812732696533e-01,0.000000000000000000e+00,0.000000000000000000e+00,3.912729322910308838e-01,-1.167197108268737793e+00,1.089231390506029129e-02,-2.035785675048828125e+00,2.098434865474700928e-01,1.002213954925537109e+00,-8.443108201026916504e-02,2.319304943084716797e+00,-2.738669812679290771e-01,-5.034534335136413574e-01,4.838087409734725952e-02,2.436700314283370972e-01,8.376793563365936279e-02,9.508748352527618408e-02,-1.740434579551219940e-02,-6.770402193069458008e-03,7.816733792424201965e-03,-1.776139810681343079e-02,2.056322693824768066e-01,3.330278694629669189e-01,1.458923369646072388e-01
-1.841858983039855957e+00,1.361922323703765869e-01,8.011204600334167480e-01,-7.127128541469573975e-02,-5.336719006299972534e-02,9.306390881538391113e-01,-3.549410998821258545e-01,0.000000000000000000e+00,0.000000000000000000e+00,3.867512047290802002e-01,-1.175463676452636719e+00,7.881823927164077759e-03,-2.056770563125610352e+00,2.128083705902099609e-01,9.914745688438415527e-01,-6.502936780452728271e-02,2.317010641098022461e+00,-2.817251980304718018e-01,-4.629134833812713623e-01,3.784132376313209534e-02,2.473677396774291992e-01,1.836475729942321777e-02,1.228219494223594666e-01,-2.115358412265777588e-02,-6.390938069671392441e-03,-4.200049676001071930e-03,-9.456429630517959595e-03,3.376493453979492188e-01,3.499999940395355225e-01,1.459829360246658325e-01
-1.871084809303283691e+00,1.131390482187271118e-01,7.918829321861267090e-01,-6.922074407339096069e-02,-5.875362455844879150e-02,9.310769438743591309e-01,-3.533443808555603027e-01,0.000000000000000000e+00,0.000000000000000000e+00,3.501986861228942871e-01,-1.165242314338684082e+00,2.311418950557708740e-02,-2.087102413177490234e+00,2.131759524345397949e-01,9.991962909698486328e-01,-5.474910885095596313e-02,2.303360223770141602e+00,-2.510768771171569824e-01,-4.620391726493835449e-01,3.221519663929939270e-02,2.027552723884582520e-01,7.680033147335052490e-02,9.166926145553588867e-02,4.008753225207328796e-02,-6.847520172595977783e-02,-8.404982276260852814e-03,-4.640661645680665970e-03,5.118527412414550781e-01,3.499999940395355225e-01,1.149372011423110962e-01
-1.900258302688598633e+00,8.901098370552062988e-02,7.820118665695190430e-01,-7.084487378597259521e-02,-6.289557367563247681e-02,9.336881637573242188e-01,-3.453281521797180176e-01,0.000000000000000000e+00,0.000000000000000000e+00,2.742093503475189209e-01,-1.133678674697875977e+00,6.591708213090896606e-02,-2.103014469146728516e+00,2.035186290740966797e-01,1.020493507385253906e+00,-5.276920273900032043e-02,2.269824981689453125e+00,-1.790466159582138062e-01,-5.050331950187683105e-01,1.821599900722503662e-02,1.319673508405685425e-01,2.275984585285186768e-01,-7.479846477508544922e-03,1.379100084304809570e-01,-1.916296035051345825e-01,-1.292711030691862106e-02,-2.063489146530628204e-02,6.918578147888183594e-01,3.487512171268463135e-01,7.499822974205017090e-02
-1.930524826049804688e+00,6.438867747783660889e-02,7.774574160575866699e-01,-7.824822515249252319e-02,-6.538652628660202026e-02,9.369724988937377930e-01,-3.341920673847198486e-01,0.000000000000000000e+00,0.000000000000000000e+00,1.750371009111404419e-01,-1.098558783531188965e+00,1.131584122776985168e-01,-2.118024349212646484e+00,2.011078149080276489e-01,1.036885023117065430e+00,-5.354638397693634033e-02,2.223440885543823242e+00,-9.485129266977310181e-02,-5.284072160720825195e-01,-9.201142005622386932e-03,9.491015225648880005e-02,3.424119055271148682e-01,-9.868633747100830078e-02,1.914681643247604370e-01,-3.420560657978057861e-01,-1.943268999457359314e-02,-4.457507282495498657e-02,8.134835362434387207e-01,2.967044413089752197e-01,4.205678775906562805e-02
-1.959751486778259277e+00,4.100603982806205750e-02,7.789325118064880371e-01,-8.052629232406616211e-02,-6.122994050383567810e-02,9.434005618095397949e-01,-3.158509731292724609e-01,0.000000000000000000e+00,0.000000000000000000e+00,9.331585466861724854e-02,-1.084867477416992188e+00,1.274223625659942627e-01,-2.155384540557861328e+00,2.181491106748580933e-01,1.030163049697875977e+00,-3.988226875662803650e-02,2.204765796661376953e+00,-5.666708108037710190e-03,-4.701855778694152832e-01,-4.202342405915260315e-02,7.946140319108963013e-02,3.459996581077575684e-01,-1.435316801071166992e-01,1.930733323097229004e-01,-4.634882807731628418e-01,-3.283097222447395325e-02,-6.368338316679000854e-02,8.398240208625793457e-01,1.868117898702621460e-01,1.983913779258728027e-02
-1.987147808074951172e+00,1.758152432739734650e-02,7.874834537506103516e-01,-7.857477664947509766e-02,-5.868004262447357178e-02,9.514652490615844727e-01,-2.917130589485168457e-01,0.000000000000000000e+00,0.000000000000000000e+00,4.274396970868110657e-02,-1.077011704444885254e+00,1.309207379817962646e-01,-2.185399532318115234e+00,2.499100714921951294e-01,1.006398320198059082e+00,-2.871592156589031219e-02,2.214541912078857422e+00,8.302982151508331299e-02,-3.426481783390045166e-01,-6.520695984363555908e-02,7.389961928129196167e-02,2.698805928230285645e-01,-1.046919748187065125e-01,1.494025588035583496e-01,-5.283736586570739746e-01,-3.919018432497978210e-02,-7.027345150709152222e-02,7.461977601051330566e-01,1.111316233873367310e-01,2.005937136709690094e-02
-2.012592554092407227e+00,-3.975932952016592026e-03,7.973887920379638672e-01,-6.742995232343673706e-02,-5.014389753341674805e-02,9.598900079727172852e-01,-2.674881815910339355e-01,0.000000000000000000e+00,0.000000000000000000e+00,2.784622646868228912e-02,-1.073402523994445801e+00,1.332873553037643433e-01,-2.206796884536743164e+00,2.881627678871154785e-01,9.846013188362121582e-01,-2.389263920485973358e-02,2.217842578887939453e+00,1.699689030647277832e-01,-2.025956809520721436e-01,-8.175970613956451416e-02,7.213184982538223267e-02,1.848569214344024658e-01,-1.112490892410278320e-02,7.653323560953140259e-02,-5.305965542793273926e-01,-3.928703069686889648e-02,-8.176831156015396118e-02,5.422575473785400391e-01,6.217477098107337952e-02,4.243084788322448730e-02
-2.038151025772094727e+00,-2.489303611218929291e-02,8.067989945411682129e-01,-5.681147798895835876e-02,-3.882555663585662842e-02,9.662306308746337891e-01,-2.483212202787399292e-01,0.000000000000000000e+00,0.000000000000000000e+00,3.835958987474441528e-02,-1.072183847427368164e+00,1.299552023410797119e-01,-2.210794687271118164e+00,3.221751749515533447e-01,9.756951332092285156e-01,-3.025148063898086548e-02,2.204125881195068359e+00,2.557097375392913818e-01,-7.501672953367233276e-02,-8.465650677680969238e-02,6.219291687011718750e-02,1.249794587492942810e-01,1.187037304043769836e-01,-1.783437910489737988e-03,-4.977876543998718262e-01,-3.942888230085372925e-02,-1.052757725119590759e-01,3.034193515777587891e-01,4.572940990328788757e-02,7.453186810016632080e-02
-2.061475515365600586e+00,-4.502334073185920715e-02,8.122562766075134277e-01,-3.672623261809349060e-02,-2.779573015868663788e-02,9.704549908638000488e-01,-2.368453592061996460e-01,0.000000000000000000e+00,0.000000000000000000e+00,8.514689654111862183e-02,-1.071092247962951660e+00,1.252870112657546997e-01,-2.197862386703491211e+00,3.644582331180572510e-01,9.915681481361389160e-01,-2.787450328469276428e-02,2.174983739852905273e+00,3.445675671100616455e-01,2.731586247682571411e-02,-5.813028663396835327e-02,3.896183893084526062e-02,1.158684566617012024e-01,2.565735578536987305e-01,-6.422822177410125732e-02,-4.269987940788269043e-01,-3.267651423811912537e-02,-1.941941231489181519e-01,7.756100594997406006e-02,5.531500652432441711e-02,1.079927682876586914e-01
-2.090370893478393555e+00,-6.483389437198638916e-02,8.129181861877441406e-01,-4.337253794074058533e-02,-1.677126064896583557e-02,9.693509340286254883e-01,-2.412392348051071167e-01,0.000000000000000000e+00,0.000000000000000000e+00,7.809438556432723999e-02,-1.063089013099670410e+00,1.256208270788192749e-01,-2.198172569274902344e+00,3.465854823589324951e-01,9.802104830741882324e-01,-4.041017219424247742e-02,2.148364067077636719e+00,3.482224345207214355e-01,3.112541325390338898e-02,-5.604091286659240723e-02,5.109750851988792419e-02,2.034974098205566406e-01,3.355453312397003174e-01,-9.042952954769134521e-02,-4.451827704906463623e-01,-3.541424125432968140e-02,-2.067002654075622559e-01,5.981001071631908417e-03,6.787758320569992065e-02,1.235734075307846069e-01
-2.118509054183959961e+00,-8.528701215982437134e-02,8.054084777832031250e-01,-4.548384994268417358e-02,-9.873592294752597809e-03,9.668860435485839844e-01,-2.509285509586334229e-01,0.000000000000000000e+00,0.000000000000000000e+00,8.914232254028320312e-02,-1.069274663925170898e+00,1.126444414258003235e-01,-2.189029455184936523e+00,3.419890701770782471e-01,9.661922454833984375e-01,-4.193094745278358459e-02,2.130416393280029297e+00,3.392297923564910889e-01,-2.109702676534652710e-03,-4.203362762928009033e-02,7.026483863592147827e-02,3.562489449977874756e-01,3.484545648097991943e-01,-6.914316117763519287e-02,-4.493408799171447754e-01,-3.763322904706001282e-02,-2.007610201835632324e-01,2.810860797762870789e-02,7.721035927534103394e-02,9.997308254241943359e-02
-2.147218704223632812e+00,-1.073092967271804810e-01,7.961521744728088379e-01,-5.286343023180961609e-02,-1.323024276643991470e-02,9.617990851402282715e-01,-2.682776749134063721e-01,0.000000000000000000e+00,0.000000000000000000e+00,9.940895438194274902e-02,-1.083017587661743164e+00,8.699578791856765747e-02,-2.186055421829223633e+00,3.216667473316192627e-01,9.504878520965576172e-01,-4.202736541628837585e-02,2.118755578994750977e+00,2.926087975502014160e-01,-1.030365824699401855e-01,-2.044266462326049805e-02,9.561561048030853271e-02,5.418325066566467285e-01,3.333431184291839600e-01,-5.755247082561254501e-03,-4.938133656978607178e-01,-3.392290696501731873e-02,-1.625213921070098877e-01,1.732827425003051758e-01,1.426619384437799454e-02,3.195892274379730225e-02
-2.176935911178588867e+00,-1.301714032888412476e-01,7.879316210746765137e-01,-6.815847754478454590e-02,-1.618221215903759003e-02,9.560719728469848633e-01,-2.846382856369018555e-01,0.000000000000000000e+00,0.000000000000000000e+00,1.134090349078178406e-01,-1.103072166442871094e+00,6.656583398580551147e-02,-2.149885416030883789e+00,2.952177822589874268e-01,9.226559400558471680e-01,-3.729358687996864319e-02,2.126485824584960938e+00,2.280253618955612183e-01,-2.516992688179016113e-01,1.016413141041994095e-02,1.263583600521087646e-01,7.358889579772949219e-01,2.389552146196365356e-01,7.680154591798782349e-02,-5.643600225448608398e-01,-2.125197649002075195e-02,-1.037402674555778503e-01,3.541627824306488037e-01,-7.989979535341262817e-02,-4.143123328685760498e-02
-2.205193519592285156e+00,-1.535010039806365967e-01,7.826703190803527832e-01,-8.087647706270217896e-02,-2.220927178859710693e-02,9.491897821426391602e-01,-3.033224642276763916e-01,0.000000000000000000e+00,0.000000000000000000e+00,1.368182152509689331e-01,-1.126281857490539551e+00,4.943257197737693787e-02,-2.095052003860473633e+00,2.660199105739593506e-01,9.098112583160400391e-01,-5.036775395274162292e-02,2.149397850036621094e+00,1.526488363742828369e-01,-4.064166247844696045e-01,4.827093333005905151e-02,1.518090218305587769e-01,8.561701774597167969e-01,1.257836669683456421e-01,1.404331922531127930e-01,-6.044847369194030762e-01,1.418978907167911530e-03,-6.182496994733810425e-02,4.748872220516204834e-01,-1.653166115283966064e-01,-7.852698862552642822e-02
-2.231704711914062500e+00,-1.746722459793090820e-01,7.846812009811401367e-01,-8.732949197292327881e-02,-2.283645607531070709e-02,9.400157928466796875e-01,-3.289716839790344238e-01,0.000000000000000000e+00,0.000000000000000000e+00,1.765609979629516602e-01,-1.149897098541259766e+00,4.500825703144073486e-02,-2.051742553710937500e+00,2.502844631671905518e-01,9.206361770629882812e-01,-7.223590463399887085e-02,2.196302175521850586e+00,8.086135238409042358e-02,-5.145034790039062500e-01,7.028163969516754150e-02,1.627055704593658447e-01,8.506943583488464355e-01,4.477219283580780029e-02,1.669673025608062744e-01,-5.661736130714416504e-01,1.445435266941785812e-02,-4.380532726645469666e-02,4.895066916942596436e-01,-2.052631229162216187e-01,-9.446118772029876709e-02
-2.255029439926147461e+00,-1.955032497644424438e-01,7.935256958007812500e-01,-8.471314609050750732e-02,-2.619015052914619446e-02,9.300131201744079590e-01,-3.566698431968688965e-01,0.000000000000000000e+00,0.000000000000000000e+00,2.297190278768539429e-01,-1.174246430397033691e+00,3.824582695960998535e-02,-2.039518117904663086e+00,2.481419742107391357e-01,9.332244992256164551e-01,-8.499836921691894531e-02,2.246404409408569336e+00,2.166059799492359161e-02,-5.532040596008300781e-01,6.363704800605773926e-02,1.640475392341613770e-01,7.128677368164062500e-01,2.185841836035251617e-02,1.522662341594696045e-01,-4.644966721534729004e-01,2.735498920083045959e-02,-3.545118495821952820e-02,4.173826873302459717e-01,-1.734540164470672607e-01,-7.309789210557937622e-02
-2.276958465576171875e+00,-2.157786786556243896e-01,8.042582869529724121e-01,-7.920313626527786255e-02,-2.857267670333385468e-02,9.189883470535278320e-01,-3.851894736289978027e-01,0.000000000000000000e+00,0.000000000000000000e+00,2.808904349803924561e-01,-1.195747375488281250e+00,2.694875001907348633e-02,-2.035658836364746094e+00,2.578928768634796143e-01,9.442827105522155762e-01,-9.320449829101562500e-02,2.287667512893676758e+00,-4.298400506377220154e-02,-5.441663861274719238e-01,5.539907887578010559e-02,1.746022552251815796e-01,5.084602832794189453e-01,2.982363291084766388e-02,1.091087982058525085e-01,-3.507756292819976807e-01,3.663093596696853638e-02,-2.667901106178760529e-02,3.282321691513061523e-01,-8.271293342113494873e-02,-2.709108963608741760e-02
-2.297868967056274414e+00,-2.363989949226379395e-01,8.142632246017456055e-01,-7.408118247985839844e-02,-3.223185241222381592e-02,9.088023304939270020e-01,-4.093304872512817383e-01,0.000000000000000000e+00,0.000000000000000000e+00,3.245798051357269287e-01,-1.209464788436889648e+00,1.197824720293283463e-02,-2.028262138366699219e+00,2.749173939228057861e-01,9.458374977111816406e-01,-8.359786868095397949e-02,2.309682607650756836e+00,-1.134221926331520081e-01,-5.067974328994750977e-01,4.888502135872840881e-02,1.991755068302154541e-01,2.713364660739898682e-01,8.117336779832839966e-02,3.481300920248031616e-02,-2.460324466228485107e-01,3.751632571220397949e-02,-2.620472013950347900e-02,2.617141306400299072e-01,2.611806429922580719e-02,2.221853286027908325e-02
-2.316327810287475586e+00,-2.549784183502197266e-01,8.186535239219665527e-01,-6.038111075758934021e-02,-3.083222545683383942e-02,9.017453789710998535e-01,-4.269177615642547607e-01,0.000000000000000000e+00,0.000000000000000000e+00,3.910767734050750732e-01,-1.235785603523254395e+00,-7.882453501224517822e-03,-2.029723644256591797e+00,3.087986409664154053e-01,9.414479136466979980e-01,-7.065694779157638550e-02,2.311496973037719727e+00,-2.008993625640869141e-01,-4.382574260234832764e-01,4.069550707936286926e-02,2.659381628036499023e-01,7.177378237247467041e-02,1.595091223716735840e-01,-3.994867950677871704e-02,-1.460507363080978394e-01,2.056605927646160126e-02,-1.505740638822317123e-02,2.332933098077774048e-01,1.415588408708572388e-01,5.254890397191047668e-02
-2.335585832595825195e+00,-2.761362493038177490e-01,8.180279731750488281e-01,-6.320694833993911743e-02,-3.614099696278572083e-02,8.970173001289367676e-01,-4.359571635723114014e-01,0.000000000000000000e+00,0.000000000000000000e+00,3.701523542404174805e-01,-1.236946702003479004e+00,-2.588761970400810242e-02,-2.027713775634765625e+00,2.728136777877807617e-01,9.244237542152404785e-01,-4.068753123283386230e-02,2.303261995315551758e+00,-2.204641848802566528e-01,-4.602759480476379395e-01,3.660899028182029724e-02,2.279540002346038818e-01,1.155821606516838074e-02,2.318743169307708740e-01,-8.983355760574340820e-02,-1.613745093345642090e-01,1.472749561071395874e-02,-2.939398773014545441e-02,3.153785765171051025e-01,1.723993569612503052e-01,5.845109000802040100e-02
-2.351725101470947266e+00,-2.949980795383453369e-01,8.102661371231079102e-01,-5.609579011797904968e-02,-3.794400393962860107e-02,8.951202630996704102e-01,-4.406509399414062500e-01,0.000000000000000000e+00,0.000000000000000000e+00,3.601522147655487061e-01,-1.233708858489990234e+00,-3.300115466117858887e-02,-2.030774593353271484e+00,2.560144066810607910e-01,9.260702133178710938e-01,-2.188047021627426147e-02,2.294132232666015625e+00,-2.326601594686508179e-01,-4.532065391540527344e-01,3.187234699726104736e-02,1.977690458297729492e-01,1.700605265796184540e-02,2.676121592521667480e-01,-7.942204922437667847e-02,-1.814484000205993652e-01,7.397659588605165482e-03,-3.521440178155899048e-02,4.201522767543792725e-01,1.710215508937835693e-01,4.542945325374603271e-02
-2.366219520568847656e+00,-3.131710886955261230e-01,8.002865910530090332e-01,-5.088089033961296082e-02,-3.881794214248657227e-02,8.967790603637695312e-01,-4.378259778022766113e-01,0.000000000000000000e+00,0.000000000000000000e+00,3.272114694118499756e-01,-1.218440651893615723e+00,-2.396578527987003326e-02,-2.034676790237426758e+00,2.331458181142807007e-01,9.349927902221679688e-01,-1.459863595664501190e-02,2.304784297943115234e+00,-2.127549499273300171e-01,-4.685482978820800781e-01,2.619395963847637177e-02,1.471216380596160889e-01,9.647586941719055176e-02,2.155051827430725098e-01,-1.174488198012113571e-02,-2.482921034097671509e-01,-3.132208716124296188e-03,-4.581192135810852051e-02,5.572886466979980469e-01,1.371276229619979858e-01,1.684720255434513092e-02
-2.380255222320556641e+00,-3.309055268764495850e-01,7.930541634559631348e-01,-5.253063142299652100e-02,-4.022508487105369568e-02,8.997029662132263184e-01,-4.314591884613037109e-01,0.000000000000000000e+00,0.000000000000000000e+00,2.670530080795288086e-01,-1.185273289680480957e+00,-9.079909650608897209e-04,-2.017513751983642578e+00,1.994190663099288940e-01,9.635156989097595215e-01,-1.406284980475902557e-02,2.289136409759521484e+00,-1.695862114429473877e-01,-5.038065910339355469e-01,1.691475883126258850e-02,1.159600019454956055e-01,2.034612298011779785e-01,1.066761687397956848e-01,6.671521812677383423e-02,-3.410886228084564209e-01,-1.698672212660312653e-02,-6.842124462127685547e-02,6.861644387245178223e-01,9.732446819543838501e-02,-7.843746803700923920e-03
-2.391422510147094727e+00,-3.449434340000152588e-01,7.914686203002929688e-01,-3.953538835048675537e-02,-3.723830357193946838e-02,9.029236435890197754e-01,-4.263556301593780518e-01,0.000000000000000000e+00,0.000000000000000000e+00,2.661539614200592041e-01,-1.169057130813598633e+00,1.233679614961147308e-02,-2.030716180801391602e+00,2.273572087287902832e-01,9.945779442787170410e-01,-7.221006322652101517e-03,2.280288934707641602e+00,-1.642427146434783936e-01,-4.427240192890167236e-01,1.912649720907211304e-02,1.473348289728164673e-01,2.109388709068298340e-01,7.315749675035476685e-02,9.168326854705810547e-02,-3.517181873321533203e-01,-1.105363480746746063e-02,-6.575059145689010620e-02,6.526520252227783203e-01,1.099364683032035828e-01,-3.098182938992977142e-02
-2.402420520782470703e+00,-3.578895330429077148e-01,7.941916584968566895e-01,-3.290618956089019775e-02,-3.471322730183601379e-02,9.074906706809997559e-01,-4.173402190208435059e-01,0.000000000000000000e+00,0.000000000000000000e+00,2.465875893831253052e-01,-1.149004101753234863e+00,1.330747082829475403e-02,-2.048761844635009766e+00,2.442482709884643555e-01,1.002915382385253906e+00,1.447026990354061127e-02,2.282303333282470703e+00,-1.350872367620468140e-01,-3.915038704872131348e-01,1.149218715727329254e-02,1.535507440567016602e-01,1.993481963872909546e-01,6.102363020181655884e-02,8.780331909656524658e-02,-3.703120946884155273e-01,-2.692313399165868759e-03,-6.767451018095016479e-02,5.846138596534729004e-01,7.662650197744369507e-02,-3.941065445542335510e-02
-2.414325714111328125e+00,-3.704957664012908936e-01,8.012382984161376953e-01,-3.859407082200050354e-02,-3.418207541108131409e-02,9.129912257194519043e-01,-4.047087430953979492e-01,0.000000000000000000e+00,0.000000000000000000e+00,2.040163874626159668e-01,-1.136036515235900879e+00,-2.708361949771642685e-03,-2.071200132369995117e+00,2.410927265882492065e-01,9.896782636642456055e-01,3.310587629675865173e-02,2.298450946807861328e+00,-9.330546855926513672e-02,-3.637271225452423096e-01,-1.379627618007361889e-03,1.495257169008255005e-01,1.774677783250808716e-01,7.766596972942352295e-02,6.565184146165847778e-02,-3.924055099487304688e-01,4.289991687983274460e-03,-6.629216670989990234e-02,4.825215637683868408e-01,5.056060478091239929e-02,-2.835003659129142761e-02
-2.424798488616943359e+00,-3.798435032367706299e-01,8.069264888763427734e-01,-3.825628384947776794e-02,-3.130629658699035645e-02,9.170688986778259277e-01,-3.956526517868041992e-01,0.000000000000000000e+00,0.000000000000000000e+00,1.748460680246353149e-01,-1.124055027961730957e+00,-2.937337942421436310e-02,-2.085512161254882812e+00,2.537960112094879150e-01,9.775340557098388672e-01,4.329806566238403320e-02,2.300423145294189453e+00,-4.837903752923011780e-02,-3.202058970928192139e-01,-1.780148781836032867e-02,1.343633085489273071e-01,1.452652066946029663e-01,1.010861545801162720e-01,4.017562791705131531e-02,-3.838582336902618408e-01,5.813051015138626099e-03,-7.183958590030670166e-02,3.562570512294769287e-01,4.197150841355323792e-02,-6.030213087797164917e-03
-2.434008121490478516e+00,-3.857201337814331055e-01,8.086184263229370117e-01,-3.196755424141883850e-02,-2.402962185442447662e-02,9.196153879165649414e-01,-3.907789289951324463e-01,0.000000000000000000e+00,0.000000000000000000e+00,1.572680771350860596e-01,-1.104882359504699707e+00,-4.622538760304450989e-02,-2.077028751373291016e+00,2.780335843563079834e-01,9.782592654228210449e-01,5.143611878156661987e-02,2.269412040710449219e+00,1.365420781075954437e-02,-2.684202790260314941e-01,-3.965391963720321655e-02,8.845762908458709717e-02,1.060790270566940308e-01,1.367852538824081421e-01,1.494340319186449051e-02,-3.397455513477325439e-01,4.789042286574840546e-03,-8.797829598188400269e-02,2.131928354501724243e-01,4.867048561573028564e-02,2.842964231967926025e-02
-2.442305088043212891e+00,-3.898077607154846191e-01,8.081887364387512207e-01,-2.556301280856132507e-02,-1.702720299363136292e-02,9.211291670799255371e-01,-3.880434036254882812e-01,0.000000000000000000e+00,0.000000000000000000e+00,1.664758622646331787e-01,-1.081642866134643555e+00,-4.693262279033660889e-02,-2.066314458847045898e+00,3.092195689678192139e-01,9.755333065986633301e-01,5.320683121681213379e-02,2.224397897720336914e+00,4.443362727761268616e-02,-2.242371290922164917e-01,-4.833960905671119690e-02,6.842813640832901001e-02,8.181073516607284546e-02,1.539539843797683716e-01,2.530463738366961479e-03,-3.038783371448516846e-01,7.898395881056785583e-03,-8.126332610845565796e-02,1.144161373376846313e-01,7.359487563371658325e-02,5.422875285148620605e-02
-2.450352191925048828e+00,-3.925860226154327393e-01,8.067051172256469727e-01,-2.160776779055595398e-02,-1.097727473825216293e-02,9.211773872375488281e-01,-3.883875012397766113e-01,0.000000000000000000e+00,0.000000000000000000e+00,1.569646000862121582e-01,-1.060353755950927734e+00,-3.343052044510841370e-02,-2.022439002990722656e+00,3.214647471904754639e-01,9.645050764083862305e-01,7.535903900861740112e-02,2.147549867630004883e+00,6.614049524068832397e-02,-1.948714256286621094e-01,-5.466630309820175171e-02,4.713608697056770325e-02,7.177103310823440552e-02,1.503966599702835083e-01,1.138876657932996750e-03,-2.798415720462799072e-01,8.364146575331687927e-03,-7.576223462820053101e-02,6.533999741077423096e-02,9.214939922094345093e-02,7.310011237859725952e-02
-2.458550214767456055e+00,-3.950483202934265137e-01,8.050724267959594727e-01,-2.350751869380474091e-02,-7.356584072113037109e-03,9.204663634300231934e-01,-3.900447785854339600e-01,0.000000000000000000e+00,0.000000000000000000e+00,1.058498695492744446e-01,-1.044444203376770020e+00,2.809101529419422150e-02,-1.902629733085632324e+00,2.895231544971466064e-01,9.560725688934326172e-01,1.552053987979888916e-01,1.988343834877014160e+00,6.797477602958679199e-02,-1.870298534631729126e-01,-5.739695578813552856e-02,4.216764122247695923e-02,7.659991830587387085e-02,1.254566907882690430e-01,3.242463339120149612e-03,-2.707637250423431396e-01,1.080563385039567947e-02,-6.621504575014114380e-02,6.034876406192779541e-02,8.960722386837005615e-02,7.686689496040344238e-02
-2.465672254562377930e+00,-3.964998126029968262e-01,8.032318353652954102e-01,-2.276721596717834473e-02,-4.001610446721315384e-03,9.189701676368713379e-01,-3.936489522457122803e-01,0.000000000000000000e+00,0.000000000000000000e+00,7.104481011629104614e-02,-1.032252073287963867e+00,9.673357009887695312e-02,-1.762322902679443359e+00,2.611907124519348145e-01,9.590094089508056641e-01,2.484561353921890259e-01,1.793516874313354492e+00,6.212956085801124573e-02,-1.735513061285018921e-01,-5.671668052673339844e-02,3.697981685400009155e-02,7.754833996295928955e-02,9.530203044414520264e-02,3.866540500894188881e-03,-2.532630860805511475e-01,1.448248699307441711e-02,-6.308664381504058838e-02,6.094630435109138489e-02,5.254212766885757446e-02,6.639210134744644165e-02
-2.471479177474975586e+00,-3.974801599979400635e-01,8.018426299095153809e-01,-1.921643316745758057e-02,-1.094981795176863670e-03,9.174124002456665039e-01,-3.974720835685729980e-01,0.000000000000000000e+00,0.000000000000000000e+00,3.039777651429176331e-02,-1.033507108688354492e+00,1.816173791885375977e-01,-1.596902132034301758e+00,2.220659852027893066e-01,9.757857918739318848e-01,3.493444919586181641e-01,1.576816439628601074e+00,5.966133996844291687e-02,-1.568754613399505615e-01,-5.335902050137519836e-02,3.298315033316612244e-02,7.842019945383071899e-02,7.215195894241333008e-02,6.055456586182117462e-03,-2.338204234838485718e-01,1.759854704141616821e-02,-5.830622091889381409e-02,6.217564642429351807e-02,2.928271517157554626e-02,6.760223209857940674e-02
-2.476789474487304688e+00,-3.984421193599700928e-01,8.012877702713012695e-01,-1.712844148278236389e-02,1.294251414947211742e-03,9.156544804573059082e-01,-4.015990197658538818e-01,0.000000000000000000e+00,0.000000000000000000e+00,-1.991838775575160980e-02,-1.053174972534179688e+00,2.774741053581237793e-01,-1.402418136596679688e+00,1.722348481416702271e-01,1.018174171447753906e+00,4.442377984523773193e-01,1.332212328910827637e+00,5.667094513773918152e-02,-1.396927833557128906e-01,-5.118424445390701294e-02,2.984829246997833252e-02,7.118605822324752808e-02,5.445264652371406555e-02,7.866717642173171043e-04,-2.130230665206909180e-01,1.942343078553676605e-02,-6.021853536367416382e-02,5.431966111063957214e-02,1.462790649384260178e-02,7.062654942274093628e-02
-2.481057643890380859e+00,-3.992200195789337158e-01,8.006547689437866211e-01,-1.407265476882457733e-02,3.732817946001887321e-03,9.140861034393310547e-01,-4.052587151527404785e-01,0.000000000000000000e+00,0.000000000000000000e+00,-6.636676192283630371e-02,-1.091350674629211426e+00,3.785216808319091797e-01,-1.179948091506958008e+00,1.300172209739685059e-01,1.071432828903198242e+00,5.107622742652893066e-01,1.094918370246887207e+00,5.697286501526832581e-02,-1.193548440933227539e-01,-4.895398765802383423e-02,2.761301957070827484e-02,5.836584419012069702e-02,4.167424514889717102e-02,-5.604816135019063950e-03,-1.860968023538589478e-01,2.058982104063034058e-02,-6.896518915891647339e-02,3.603941202163696289e-02,8.818180300295352936e-03,7.753658294677734375e-02
-2.484268665313720703e+00,-3.998462259769439697e-01,7.997531890869140625e-01,-1.037371437996625900e-02,6.891451310366392136e-03,9.133902192115783691e-01,-4.068946242332458496e-01,0.000000000000000000e+00,0.000000000000000000e+00,-1.090890243649482727e-01,-1.148518919944763184e+00,4.797882437705993652e-01,-9.168176054954528809e-01,9.394256770610809326e-02,1.127298235893249512e+00,5.495071411132812500e-01,8.590227961540222168e-01,5.900034680962562561e-02,-9.586355835199356079e-02,-4.783072322607040405e-02,2.716789580881595612e-02,4.078130051493644714e-02,3.439170867204666138e-02,-1.158794015645980835e-02,-1.547693312168121338e-01,2.095400169491767883e-02,-7.941454648971557617e-02,9.772227145731449127e-03,9.177424944937229156e-03,8.325615525245666504e-02
-2.488387584686279297e+00,-4.025762379169464111e-01,8.004759550094604492e-01,-1.841865107417106628e-02,4.221948795020580292e-03,9.131255745887756348e-01,-4.072402417659759521e-01,0.000000000000000000e+00,0.000000000000000000e+00,-1.741747558116912842e-01,-1.198835492134094238e+00,5.564613342285156250e-01,-6.415090560913085938e-01,3.110964782536029816e-02,1.165063142776489258e+00,5.542030334472656250e-01,6.428627967834472656e-01,5.403049662709236145e-02,-1.009201630949974060e-01,-4.761134833097457886e-02,3.004326857626438141e-02,2.421863935887813568e-02,2.968627400696277618e-02,-1.935732364654541016e-02,-1.633211374282836914e-01,2.093484438955783844e-02,-8.237579464912414551e-02,1.063348492607474327e-03,4.579528700560331345e-03,8.865793049335479736e-02
-2.490216016769409180e+00,-4.032672345638275146e-01,7.994120121002197266e-01,-1.569102145731449127e-02,6.273744627833366394e-03,9.129160642623901367e-01,-4.077973365783691406e-01,0.000000000000000000e+00,0.000000000000000000e+00,-1.837276369333267212e-01,-1.258380770683288574e+00,6.020278334617614746e-01,-4.018761217594146729e-01,5.108178593218326569e-03,1.206443667411804199e+00,5.129777193069458008e-01,4.430705308914184570e-01,5.328983813524246216e-02,-8.275038748979568481e-02,-4.658602923154830933e-02,3.260830417275428772e-02,8.567760698497295380e-03,2.477920241653919220e-02,-2.583808451890945435e-02,-1.512000411748886108e-01,2.064332738518714905e-02,-9.338078647851943970e-02,1.661481542625242724e-11,-1.748871640302240849e-03,9.226727485656738281e-02
-2.491888284683227539e+00,-4.046273827552795410e-01,7.990372180938720703e-01,-1.585677266120910645e-02,4.910160787403583527e-03,9.121882915496826172e-01,-4.094349145889282227e-01,0.000000000000000000e+00,0.000000000000000000e+00,-1.709411144256591797e-01,-1.288737177848815918e+00,6.031578183174133301e-01,-2.557496130466461182e-01,-7.415706757456064224e-03,1.227655291557312012e+00,4.513205885887145996e-01,3.144572675228118896e-01,5.323473736643791199e-02,-7.727599889039993286e-02,-4.273337498307228088e-02,3.768059611320495605e-02,2.677425170460878689e-09,1.621061936020851135e-02,-2.901868335902690887e-02,-1.484001427888870239e-01,2.319463342428207397e-02,-1.002044305205345154e-01,1.257540847696196574e-17,-5.969316698610782623e-03,9.408416599035263062e-02
-2.493164539337158203e+00,-4.064863026142120361e-01,7.992838621139526367e-01,-1.844305358827114105e-02,2.849349519237875938e-03,9.131083488464355469e-01,-4.072896838188171387e-01,0.000000000000000000e+00,0.000000000000000000e+00,-1.459286063909530640e-01,-1.298880815505981445e+00,5.810467004776000977e-01,-2.071715444326400757e-01,-1.912159961648285389e-03,1.230132341384887695e+00,4.113159179687500000e-01,2.751030027866363525e-01,5.409882590174674988e-02,-8.075547218322753906e-02,-4.028129950165748596e-02,4.260063543915748596e-02,3.346794141736303407e-13,1.190885715186595917e-02,-2.814147435128688812e-02,-1.521071791648864746e-01,2.529367804527282715e-02,-1.022439301013946533e-01,-1.281838781881574230e-18,-9.817745536565780640e-03,9.887135773897171021e-02
