-6.021546572446823120e-02,2.042529871687293053e-03,7.154863476753234863e-01,-1.653240178711712360e-03,6.724905222654342651e-03,-4.722029343247413635e-02,9.988604784011840820e-01,0.000000000000000000e+00,0.000000000000000000e+00,-1.087865754961967468e-01,-1.309611558914184570e+00,5.624774694442749023e-01,-4.785083234310150146e-01,1.256167236715555191e-02,1.264492273330688477e+00,4.255080223083496094e-01,5.897538065910339355e-01,8.605726063251495361e-03,-1.168652251362800598e-01,1.571730524301528931e-02,6.171741336584091187e-02,-4.557608010850797413e-19,3.674133867025375366e-02,4.656546562910079956e-02,-7.597065716981887817e-02,-3.435123711824417114e-02,-2.525103390216827393e-01,4.835718427784740925e-04,-1.543388050049543381e-02,-2.009334228932857513e-02
-6.048841401934623718e-02,1.909536076709628105e-03,7.153635025024414062e-01,-1.128090545535087585e-03,5.894347093999385834e-03,-4.642501845955848694e-02,9.989037513732910156e-01,0.000000000000000000e+00,0.000000000000000000e+00,-1.319226175546646118e-01,-1.320281386375427246e+00,5.762941241264343262e-01,-4.568538963794708252e-01,-5.934931337833404541e-03,1.269747138023376465e+00,4.370609819889068604e-01,5.819787383079528809e-01,1.551743783056735992e-02,-1.175696253776550293e-01,1.301002874970436096e-02,5.258466675877571106e-02,-2.906809452643007954e-18,3.936594724655151367e-02,4.815609753131866455e-02,-7.237626612186431885e-02,-3.600588813424110413e-02,-2.611320912837982178e-01,1.715104299364611506e-04,-1.513822935521602631e-02,-2.085398137569427490e-02
-6.076074764132499695e-02,1.920311362482607365e-03,7.152337431907653809e-01,-7.222145795822143555e-04,4.899089224636554718e-03,-4.646741226315498352e-02,9.989075064659118652e-01,0.000000000000000000e+00,0.000000000000000000e+00,-1.431741118431091309e-01,-1.322818994522094727e+00,5.772864222526550293e-01,-4.540411233901977539e-01,-1.777544431388378143e-02,1.269971489906311035e+00,4.401731789112091064e-01,5.852687358856201172e-01,1.841877773404121399e-02,-1.163454651832580566e-01,1.148772332817316055e-02,4.905441030859947205e-02,-2.371431690419086746e-18,3.981553018093109131e-02,4.771736264228820801e-02,-6.978066265583038330e-02,-3.730537369847297668e-02,-2.645534873008728027e-01,1.289357314817607403e-04,-1.480356231331825256e-02,-2.002788521349430084e-02
-6.098150089383125305e-02,2.097967080771923065e-03,7.151439785957336426e-01,-8.743479847908020020e-04,4.210643470287322998e-03,-4.659070819616317749e-02,9.989048242568969727e-01,0.000000000000000000e+00,0.000000000000000000e+00,-1.490141451358795166e-01,-1.323645710945129395e+00,5.689216256141662598e-01,-4.561395943164825439e-01,-2.629977278411388397e-02,1.267881155014038086e+00,4.399313032627105713e-01,5.898519754409790039e-01,2.054019458591938019e-02,-1.154522299766540527e-01,1.131854206323623657e-02,4.812375456094741821e-02,2.849494107999208666e-18,3.982978314161300659e-02,4.893453046679496765e-02,-6.805347651243209839e-02,-3.743315115571022034e-02,-2.665411829948425293e-01,1.203008941956795752e-04,-1.341882348060607910e-02,-1.905085705220699310e-02
-6.130551546812057495e-02,2.411646302789449692e-03,7.149882316589355469e-01,-1.065355376340448856e-03,3.244428429752588272e-03,-4.728669300675392151e-02,9.988754987716674805e-01,0.000000000000000000e+00,0.000000000000000000e+00,-1.497426927089691162e-01,-1.322786688804626465e+00,5.613155364990234375e-01,-4.607000648975372314e-01,-3.394085913896560669e-02,1.265522003173828125e+00,4.380244910717010498e-01,5.997224450111389160e-01,2.213233895599842072e-02,-1.138086467981338501e-01,1.124338433146476746e-02,4.823623970150947571e-02,4.684696867344057138e-18,3.876846656203269958e-02,4.886570572853088379e-02,-6.633024662733078003e-02,-3.748613595962524414e-02,-2.671374380588531494e-01,8.515320951119065285e-05,-1.253864355385303497e-02,-1.695081964135169983e-02
-6.168886274099349976e-02,2.796826185658574104e-03,7.148160338401794434e-01,-1.236391253769397736e-03,2.135966205969452858e-03,-4.825188964605331421e-02,9.988321661949157715e-01,0.000000000000000000e+00,0.000000000000000000e+00,-1.481221765279769897e-01,-1.323492527008056641e+00,5.507272481918334961e-01,-4.636017382144927979e-01,-3.888041526079177856e-02,1.263192534446716309e+00,4.353144168853759766e-01,6.086426973342895508e-01,2.335867844521999359e-02,-1.117662638425827026e-01,1.117017026990652084e-02,4.924641177058219910e-02,-2.357640935246602668e-18,3.825333341956138611e-02,4.825721681118011475e-02,-6.455750018358230591e-02,-3.762853145599365234e-02,-2.681905627250671387e-01,5.040223186369985342e-05,-1.164595596492290497e-02,-1.425348967313766479e-02
-6.215476244688034058e-02,3.181271953508257866e-03,7.146021723747253418e-01,-1.422768924385309219e-03,7.256506360135972500e-04,-4.896287620067596436e-02,9.987993240356445312e-01,0.000000000000000000e+00,0.000000000000000000e+00,-1.467463076114654541e-01,-1.325243711471557617e+00,5.395525693893432617e-01,-4.647333025932312012e-01,-4.017779603600502014e-02,1.262412786483764648e+00,4.310286641120910645e-01,6.124861836433410645e-01,2.406778559088706970e-02,-1.091534942388534546e-01,1.110775489360094070e-02,5.080013722181320190e-02,-1.035093203980782479e-17,3.818142786622047424e-02,4.773813113570213318e-02,-6.225709244608879089e-02,-3.788783773779869080e-02,-2.694723010063171387e-01,3.829347770079039037e-05,-1.013169251382350922e-02,-1.221307739615440369e-02
-6.258513778448104858e-02,3.667201614007353783e-03,7.143697738647460938e-01,-1.758012222126126289e-03,-5.986986216157674789e-04,-5.016852170228958130e-02,9.987390637397766113e-01,0.000000000000000000e+00,0.000000000000000000e+00,-1.458234786987304688e-01,-1.327070474624633789e+00,5.288456082344055176e-01,-4.654788970947265625e-01,-4.129414260387420654e-02,1.262722253799438477e+00,4.266538321971893311e-01,6.125928759574890137e-01,2.548658102750778198e-02,-1.066735163331031799e-01,1.143559068441390991e-02,5.314468592405319214e-02,1.835754488813421342e-18,3.658571839332580566e-02,4.848096519708633423e-02,-6.022521853446960449e-02,-3.781187906861305237e-02,-2.703807353973388672e-01,4.021768472739495337e-05,-9.499220177531242371e-03,-9.521211497485637665e-03
-6.278780847787857056e-02,4.012240562587976456e-03,7.142684459686279297e-01,-1.910280669108033180e-03,-1.089469296857714653e-03,-5.068209394812583923e-02,9.987124204635620117e-01,0.000000000000000000e+00,0.000000000000000000e+00,-1.455161422491073608e-01,-1.328924894332885742e+00,5.194847583770751953e-01,-4.663034677505493164e-01,-4.310318827629089355e-02,1.263989210128784180e+00,4.201790094375610352e-01,6.098720431327819824e-01,2.617508359253406525e-02,-1.058012321591377258e-01,1.127701532095670700e-02,5.468297377228736877e-02,-1.001582463005034222e-17,3.476465120911598206e-02,4.924742504954338074e-02,-5.951959267258644104e-02,-3.802795708179473877e-02,-2.705942988395690918e-01,2.022226362896617502e-05,-9.171864017844200134e-03,-8.214771747589111328e-03
-6.285352259874343872e-02,4.309584386646747589e-03,7.141950726509094238e-01,-2.183765172958374023e-03,-1.261629629880189896e-03,-5.083003267645835876e-02,9.987041354179382324e-01,0.000000000000000000e+00,0.000000000000000000e+00,-1.457484960556030273e-01,-1.330169677734375000e+00,5.106193423271179199e-01,-4.660082161426544189e-01,-4.591498151421546936e-02,1.265784859657287598e+00,4.134835600852966309e-01,6.045141816139221191e-01,2.655287086963653564e-02,-1.054944619536399841e-01,1.141281984746456146e-02,5.670765787363052368e-02,1.376105938849342370e-18,3.291872888803482056e-02,4.977110400795936584e-02,-5.925195291638374329e-02,-3.795902058482170105e-02,-2.708050310611724854e-01,2.282524292240850627e-05,-9.168107062578201294e-03,-7.648743223398923874e-03
-6.282793730497360229e-02,4.504241049289703369e-03,7.141600847244262695e-01,-2.260471694171428680e-03,-1.403791131451725960e-03,-5.074329674243927002e-02,9.987081885337829590e-01,0.000000000000000000e+00,0.000000000000000000e+00,-1.409236043691635132e-01,-1.330091238021850586e+00,5.022115111351013184e-01,-4.617182910442352295e-01,-4.963269829750061035e-02,1.268430590629577637e+00,4.051166474819183350e-01,5.958618521690368652e-01,2.627340704202651978e-02,-1.050298362970352173e-01,1.120117120444774628e-02,5.861731618642807007e-02,-1.901779218126791458e-18,3.091500699520111084e-02,5.053422227501869202e-02,-5.886862799525260925e-02,-3.820029646158218384e-02,-2.705331444740295410e-01,3.250145527999848127e-05,-8.615630678832530975e-03,-7.550057489424943924e-03
-6.260640919208526611e-02,4.524937830865383148e-03,7.142373323440551758e-01,-1.899140654131770134e-03,-9.996088920161128044e-04,-5.030804872512817383e-02,9.987314343452453613e-01,0.000000000000000000e+00,0.000000000000000000e+00,-1.282004117965698242e-01,-1.332796692848205566e+00,4.934300780296325684e-01,-4.539593756198883057e-01,-4.674753546714782715e-02,1.274094820022583008e+00,3.968545198440551758e-01,5.789784193038940430e-01,2.530524879693984985e-02,-1.054548919200897217e-01,1.005757972598075867e-02,5.977281928062438965e-02,5.181409726195412174e-19,3.006683848798274994e-02,5.006612837314605713e-02,-5.938088521361351013e-02,-3.921534866094589233e-02,-2.692602872848510742e-01,2.329411836399231106e-05,-9.583943523466587067e-03,-9.050865657627582550e-03
-6.234044954180717468e-02,4.643884487450122833e-03,7.142407894134521484e-01,-2.329723909497261047e-03,-6.816586828790605068e-04,-4.965887591242790222e-02,9.987632632255554199e-01,0.000000000000000000e+00,0.000000000000000000e+00,-1.167789474129676819e-01,-1.338028192520141602e+00,4.866124093532562256e-01,-4.454059004783630371e-01,-3.960921615362167358e-02,1.281209588050842285e+00,3.880077600479125977e-01,5.571740865707397461e-01,2.470141835510730743e-02,-1.057650148868560791e-01,1.070558745414018631e-02,6.094530224800109863e-02,-3.565193107856627142e-18,2.795683406293392181e-02,5.196941643953323364e-02,-5.941734462976455688e-02,-3.852691873908042908e-02,-2.687681913375854492e-01,1.423147386958589777e-05,-1.082554366439580917e-02,-9.873205795884132385e-03
-6.208867579698562622e-02,4.522992298007011414e-03,7.142654657363891602e-01,-1.881405245512723923e-03,-6.786179146729409695e-04,-4.873428121209144592e-02,9.988097548484802246e-01,0.000000000000000000e+00,0.000000000000000000e+00,-1.054344326257705688e-01,-1.343620419502258301e+00,4.817684590816497803e-01,-4.352925419807434082e-01,-3.247824683785438538e-02,1.288035154342651367e+00,3.789184391498565674e-01,5.340524315834045410e-01,2.348837815225124359e-02,-1.053460612893104553e-01,9.409513324499130249e-03,6.089861318469047546e-02,1.516528119636344348e-18,2.754228562116622925e-02,5.173876881599426270e-02,-5.864792689681053162e-02,-3.965859115123748779e-02,-2.694129049777984619e-01,1.778934222151917766e-09,-1.197198312729597092e-02,-1.042625121772289276e-02
-6.186537072062492371e-02,4.375867079943418503e-03,7.142537832260131836e-01,-1.218789722770452499e-03,-1.009329804219305515e-03,-4.806625470519065857e-02,9.988428950309753418e-01,0.000000000000000000e+00,0.000000000000000000e+00,-9.523493796586990356e-02,-1.349157691001892090e+00,4.768222868442535400e-01,-4.235316216945648193e-01,-2.520617842674255371e-02,1.294550538063049316e+00,3.701504766941070557e-01,5.119199752807617188e-01,2.246030420064926147e-02,-1.041315421462059021e-01,7.751039694994688034e-03,6.104371324181556702e-02,2.814711990421966405e-18,2.806343138217926025e-02,5.167103558778762817e-02,-5.721446126699447632e-02,-4.128836095333099365e-02,-2.705204188823699951e-01,2.223695538686523698e-13,-1.269147731363773346e-02,-1.092057209461927414e-02
-6.158668547868728638e-02,4.271633923053741455e-03,7.142477631568908691e-01,-6.654498283751308918e-04,-1.277345465496182442e-03,-4.764217883348464966e-02,9.988633990287780762e-01,0.000000000000000000e+00,0.000000000000000000e+00,-8.520896732807159424e-02,-1.354066491127014160e+00,4.719007909297943115e-01,-4.110146462917327881e-01,-1.737277209758758545e-02,1.300187468528747559e+00,3.605084717273712158e-01,4.923893809318542480e-01,2.209621109068393707e-02,-1.030309349298477173e-01,6.327922455966472626e-03,6.076086312532424927e-02,5.721199669806691231e-18,2.900021895766258240e-02,5.191045626997947693e-02,-5.579297617077827454e-02,-4.267524182796478271e-02,-2.714843451976776123e-01,2.654347146810800973e-17,-1.334679126739501953e-02,-1.137861143797636032e-02
-6.126481294631958008e-02,4.151354543864727020e-03,7.142674326896667480e-01,2.606717498565558344e-05,-1.490905764512717724e-03,-4.735977575182914734e-02,9.988768100738525391e-01,0.000000000000000000e+00,0.000000000000000000e+00,-7.597644627094268799e-02,-1.358517169952392578e+00,4.648001790046691895e-01,-4.000713229179382324e-01,-9.058238007128238678e-03,1.304696440696716309e+00,3.487735092639923096e-01,4.761087894439697266e-01,2.226673811674118042e-02,-1.019701212644577026e-01,4.591204691678285599e-03,6.119605898857116699e-02,5.475224279774247604e-19,3.070817701518535614e-02,5.146194994449615479e-02,-5.443727970123291016e-02,-4.444180801510810852e-02,-2.727080881595611572e-01,3.144186300207962859e-18,-1.259808801114559174e-02,-1.211448013782501221e-02
-6.093024834990501404e-02,4.136862698942422867e-03,7.142361402511596680e-01,3.007402483490295708e-05,-1.743280910886824131e-03,-4.693799465894699097e-02,9.988963007926940918e-01,0.000000000000000000e+00,0.000000000000000000e+00,-6.895050406455993652e-02,-1.361076593399047852e+00,4.616912901401519775e-01,-3.897219002246856689e-01,-1.706568058580160141e-03,1.309198021888732910e+00,3.366145491600036621e-01,4.630390703678131104e-01,2.161490544676780701e-02,-1.006755456328392029e-01,4.383089952170848846e-03,5.997542664408683777e-02,-2.043286659877463008e-18,3.056175448000431061e-02,5.309881642460823059e-02,-5.301730334758758545e-02,-4.459194839000701904e-02,-2.722157239913940430e-01,1.898200834796887060e-18,-1.328722480684518814e-02,-1.337257679551839828e-02
-6.063870713114738464e-02,3.963785246014595032e-03,7.141886353492736816e-01,6.789701292291283607e-04,-2.240402391180396080e-03,-4.647389054298400879e-02,9.989167451858520508e-01,0.000000000000000000e+00,0.000000000000000000e+00,-6.317507475614547729e-02,-1.363278031349182129e+00,4.558802545070648193e-01,-3.825932741165161133e-01,4.161477554589509964e-03,1.311623930931091309e+00,3.262087106704711914e-01,4.547045528888702393e-01,2.097893320024013519e-02,-9.890303760766983032e-02,2.800190355628728867e-03,5.914852768182754517e-02,-1.444593184846282850e-18,3.091348521411418915e-02,5.315274000167846680e-02,-5.108424276113510132e-02,-4.610682651400566101e-02,-2.728166282176971436e-01,-1.470025679959838238e-18,-1.369918044656515121e-02,-1.379995513707399368e-02
-6.028393283486366272e-02,3.876794595271348953e-03,7.141581773757934570e-01,8.473286870867013931e-04,-2.457200549542903900e-03,-4.617464914917945862e-02,9.989299774169921875e-01,0.000000000000000000e+00,0.000000000000000000e+00,-6.038249284029006958e-02,-1.364638566970825195e+00,4.517514407634735107e-01,-3.784689307212829590e-01,7.611290086060762405e-03,1.312692999839782715e+00,3.185473382472991943e-01,4.509814679622650146e-01,2.086247876286506653e-02,-9.770847856998443604e-02,2.349412301555275917e-03,5.850922316312789917e-02,2.338555396973166661e-19,3.067828156054019928e-02,5.396831408143043518e-02,-4.967570304870605469e-02,-4.653350263833999634e-02,-2.732292711734771729e-01,-2.627284444146026077e-18,-1.402407139539718628e-02,-1.316394843161106110e-02
-5.988688766956329346e-02,3.696666564792394638e-03,7.141653299331665039e-01,1.250825705938041210e-03,-2.438853261992335320e-03,-4.587171971797943115e-02,9.989435672760009766e-01,0.000000000000000000e+00,0.000000000000000000e+00,-5.858332291245460510e-02,-1.365534663200378418e+00,4.479718208312988281e-01,-3.778423368930816650e-01,9.974150918424129486e-03,1.313072085380554199e+00,3.120020031929016113e-01,4.501672685146331787e-01,2.035005204379558563e-02,-9.687934815883636475e-02,1.478608697652816772e-03,5.751249939203262329e-02,-3.940005187016655042e-18,3.098595701158046722e-02,5.448852479457855225e-02,-4.880025982856750488e-02,-4.731311276555061340e-02,-2.735564708709716797e-01,-1.305277771718876823e-18,-1.560622174292802811e-02,-1.293290872126817703e-02
-5.963647365570068359e-02,3.481362713500857353e-03,7.141004800796508789e-01,1.734526827931404114e-03,-3.007807768881320953e-03,-4.575295746326446533e-02,9.989467263221740723e-01,0.000000000000000000e+00,0.000000000000000000e+00,-5.674808099865913391e-02,-1.365839362144470215e+00,4.453766047954559326e-01,-3.776465058326721191e-01,1.225083693861961365e-02,1.313293218612670898e+00,3.073962032794952393e-01,4.510601162910461426e-01,1.976136676967144012e-02,-9.488092362880706787e-02,5.894033238291740417e-04,5.683399736881256104e-02,-5.109122412464403085e-18,3.133495151996612549e-02,5.528252199292182922e-02,-4.687909036874771118e-02,-4.818646237254142761e-02,-2.740550637245178223e-01,2.998920149753850350e-18,-1.734723895788192749e-02,-1.348023209720849991e-02
-5.945124849677085876e-02,3.226163098588585854e-03,7.140154242515563965e-01,2.266613068059086800e-03,-3.789986018091440201e-03,-4.564477503299713135e-02,9.989479780197143555e-01,0.000000000000000000e+00,0.000000000000000000e+00,-5.496303364634513855e-02,-1.366379380226135254e+00,4.425740242004394531e-01,-3.773740231990814209e-01,1.464178226888179779e-02,1.313326001167297363e+00,3.037114143371582031e-01,4.521193206310272217e-01,1.935380324721336365e-02,-9.255272895097732544e-02,-3.296098730061203241e-04,5.654430016875267029e-02,-3.030045301842995676e-19,3.218541666865348816e-02,5.555213987827301025e-02,-4.459541290998458862e-02,-4.914795234799385071e-02,-2.742076814174652100e-01,6.467520068760210239e-18,-1.790414378046989441e-02,-1.440451759845018387e-02
-5.911654233932495117e-02,2.916177269071340561e-03,7.140319943428039551e-01,2.805181778967380524e-03,-3.771574003621935844e-03,-4.543712735176086426e-02,9.989561438560485840e-01,0.000000000000000000e+00,0.000000000000000000e+00,-5.367880687117576599e-02,-1.366372585296630859e+00,4.414469897747039795e-01,-3.774893581867218018e-01,1.658198609948158264e-02,1.313284754753112793e+00,3.011971116065979004e-01,4.537243545055389404e-01,1.903771236538887024e-02,-9.188579022884368896e-02,-1.183052780106663704e-03,5.611595511436462402e-02,-1.561324912889766115e-18,3.287260234355926514e-02,5.596265196800231934e-02,-4.388909041881561279e-02,-4.995371773838996887e-02,-2.739152610301971436e-01,2.173910059128161820e-18,-1.895898021757602692e-02,-1.468135695904493332e-02
-5.876267328858375549e-02,2.631784882396459579e-03,7.140640616416931152e-01,3.167985938489437103e-03,-3.614306682720780373e-03,-4.528812319040298462e-02,9.989624023437500000e-01,0.000000000000000000e+00,0.000000000000000000e+00,-5.217788740992546082e-02,-1.366179704666137695e+00,4.406116306781768799e-01,-3.778202533721923828e-01,1.808352768421173096e-02,1.313626408576965332e+00,2.988473176956176758e-01,4.545978009700775146e-01,1.857675798237323761e-02,-9.143729507923126221e-02,-1.610705512575805187e-03,5.593105405569076538e-02,1.078064492340360969e-19,3.275180608034133911e-02,5.607372522354125977e-02,-4.354818537831306458e-02,-5.033521354198455811e-02,-2.733710408210754395e-01,4.532896817231388265e-18,-1.963366009294986725e-02,-1.475082430988550186e-02
-5.836500972509384155e-02,2.224289812147617340e-03,7.141365408897399902e-01,3.849188564345240593e-03,-3.189561190083622932e-03,-4.478486254811286926e-02,9.989841580390930176e-01,0.000000000000000000e+00,0.000000000000000000e+00,-5.129720643162727356e-02,-1.366130948066711426e+00,4.399522840976715088e-01,-3.781265020370483398e-01,1.976392976939678192e-02,1.313420295715332031e+00,2.982130944728851318e-01,4.558860957622528076e-01,1.795609854161739349e-02,-9.168714284896850586e-02,-2.726312261074781418e-03,5.514322221279144287e-02,1.455118230960407574e-18,3.334622830152511597e-02,5.559360235929489136e-02,-4.366153478622436523e-02,-5.136795714497566223e-02,-2.726625502109527588e-01,-1.354829199133253392e-18,-2.038210816681385040e-02,-1.505439728498458862e-02
-5.801380425691604614e-02,1.901533571071922779e-03,7.141643166542053223e-01,4.168306011706590652e-03,-2.985054394230246544e-03,-4.437585547566413879e-02,9.990017414093017578e-01,0.000000000000000000e+00,0.000000000000000000e+00,-4.971243813633918762e-02,-1.365682244300842285e+00,4.399726390838623047e-01,-3.791460394859313965e-01,2.200480177998542786e-02,1.313565015792846680e+00,2.973196804523468018e-01,4.575194716453552246e-01,1.777857914566993713e-02,-9.159120917320251465e-02,-3.036410780623555183e-03,5.450943857431411743e-02,-2.340277587008502064e-18,3.337183222174644470e-02,5.602412670850753784e-02,-4.328260198235511780e-02,-5.167864263057708740e-02,-2.720309495925903320e-01,1.066837997066791277e-18,-2.106008678674697876e-02,-1.612514257431030273e-02
-5.760477110743522644e-02,1.591414911672472954e-03,7.142201066017150879e-01,4.206787794828414917e-03,-2.492450177669525146e-03,-4.366154968738555908e-02,9.990344047546386719e-01,0.000000000000000000e+00,0.000000000000000000e+00,-4.890781268477439880e-02,-1.364790558815002441e+00,4.407323598861694336e-01,-3.800443112850189209e-01,2.387573756277561188e-02,1.313910126686096191e+00,2.968964576721191406e-01,4.587463140487670898e-01,1.751563139259815216e-02,-9.215400367975234985e-02,-2.759063616394996643e-03,5.415102466940879822e-02,1.970114262891022180e-18,3.312088176608085632e-02,5.660297721624374390e-02,-4.335399717092514038e-02,-5.136576667428016663e-02,-2.723104357719421387e-01,2.279365661061322212e-18,-2.144590392708778381e-02,-1.588488742709159851e-02
-5.702753365039825439e-02,1.284248894080519676e-03,7.143748998641967773e-01,4.292351659387350082e-03,-1.272115274332463741e-03,-4.308060184121131897e-02,9.990615844726562500e-01,0.000000000000000000e+00,0.000000000000000000e+00,-4.794600978493690491e-02,-1.363703727722167969e+00,4.426149725914001465e-01,-3.813588023185729980e-01,2.572144754230976105e-02,1.314004659652709961e+00,2.976034879684448242e-01,4.603233635425567627e-01,1.693663187325000763e-02,-9.396865963935852051e-02,-2.563324989750981331e-03,5.371868610382080078e-02,9.419750836019117495e-19,3.244284912943840027e-02,5.665760114789009094e-02,-4.498241841793060303e-02,-5.105932429432868958e-02,-2.716917991638183594e-01,1.996456656678385899e-18,-2.216931618750095367e-02,-1.578053832054138184e-02
-5.653959512710571289e-02,9.613143047317862511e-04,7.144681215286254883e-01,4.483132623136043549e-03,-4.686548782046884298e-04,-4.252344369888305664e-02,9.990853071212768555e-01,0.000000000000000000e+00,0.000000000000000000e+00,-4.699517786502838135e-02,-1.362569451332092285e+00,4.441046416759490967e-01,-3.830404877662658691e-01,2.805534005165100098e-02,1.313786029815673828e+00,2.994733452796936035e-01,4.629432559013366699e-01,1.640439592301845551e-02,-9.503038227558135986e-02,-2.567818388342857361e-03,5.321173742413520813e-02,4.059532785530567541e-18,3.248696774244308472e-02,5.651519820094108582e-02,-4.580371081829071045e-02,-5.104523524641990662e-02,-2.714762985706329346e-01,-4.989024059327828997e-19,-2.293768152594566345e-02,-1.630595512688159943e-02
-5.596283078193664551e-02,6.596047314815223217e-04,7.145955562591552734e-01,4.610599484294652939e-03,6.819396512582898140e-04,-4.204425588250160217e-02,9.991048574447631836e-01,0.000000000000000000e+00,0.000000000000000000e+00,-4.649001732468605042e-02,-1.361302018165588379e+00,4.464592933654785156e-01,-3.845592439174652100e-01,3.029421344399452209e-02,1.313509464263916016e+00,3.017385601997375488e-01,4.654603600502014160e-01,1.584267057478427887e-02,-9.673833101987838745e-02,-2.416889416053891182e-03,5.253858119249343872e-02,3.181318437905468271e-18,3.228808194398880005e-02,5.607170611619949341e-02,-4.730340838432312012e-02,-5.082353949546813965e-02,-2.716596424579620361e-01,3.343450801049537013e-18,-2.402132004499435425e-02,-1.538132503628730774e-02
-5.551295727491378784e-02,3.229702124372124672e-04,7.146592140197753906e-01,4.854193888604640961e-03,1.196791534312069416e-03,-4.127361625432968140e-02,9.991353750228881836e-01,0.000000000000000000e+00,0.000000000000000000e+00,-4.684837162494659424e-02,-1.360749840736389160e+00,4.478216469287872314e-01,-3.846289515495300293e-01,3.232166916131973267e-02,1.313537478446960449e+00,3.017561137676239014e-01,4.670178890228271484e-01,1.468502171337604523e-02,-9.720074385404586792e-02,-2.571305260062217712e-03,5.150464177131652832e-02,-4.597143935408381924e-18,3.286475315690040588e-02,5.552191287279129028e-02,-4.753238707780838013e-02,-5.102314054965972900e-02,-2.717967629432678223e-01,1.000557668944142276e-18,-2.477639354765415192e-02,-1.670720055699348450e-02
-5.492877215147018433e-02,1.435081940144300461e-04,7.147712111473083496e-01,4.866367205977439880e-03,2.198454923927783966e-03,-4.125143960118293762e-02,9.991345405578613281e-01,0.000000000000000000e+00,0.000000000000000000e+00,-4.704145714640617371e-02,-1.360092878341674805e+00,4.480465948581695557e-01,-3.852784335613250732e-01,3.399886563420295715e-02,1.313305258750915527e+00,3.032497167587280273e-01,4.699509143829345703e-01,1.461277715861797333e-02,-9.849334508180618286e-02,-2.241839654743671417e-03,5.039459466934204102e-02,7.047335627851705200e-18,3.266522660851478577e-02,5.498991161584854126e-02,-4.878837615251541138e-02,-5.065037682652473450e-02,-2.716705799102783203e-01,1.656372928355784313e-18,-2.556307986378669739e-02,-1.568829827010631561e-02
-5.436071008443832397e-02,2.002026775471676956e-07,7.148607969284057617e-01,4.916787613183259964e-03,2.977774478495121002e-03,-4.132398217916488647e-02,9.991292357444763184e-01,0.000000000000000000e+00,0.000000000000000000e+00,-4.615054652094841003e-02,-1.359005808830261230e+00,4.509341418743133545e-01,-3.863792121410369873e-01,3.604098409414291382e-02,1.312494397163391113e+00,3.057186603546142578e-01,4.735640287399291992e-01,1.438155490905046463e-02,-9.918688982725143433e-02,-2.064254367724061012e-03,4.911942780017852783e-02,7.131086010511474146e-18,3.271504119038581848e-02,5.497318506240844727e-02,-4.956647008657455444e-02,-5.042813718318939209e-02,-2.714480757713317871e-01,1.449908647462548605e-18,-2.707844041287899017e-02,-1.499032601714134216e-02
-5.374120548367500305e-02,-2.075458360195625573e-05,7.149530649185180664e-01,4.411390516906976700e-03,3.885273588821291924e-03,-4.119454324245452881e-02,9.991338253021240234e-01,0.000000000000000000e+00,0.000000000000000000e+00,-4.562537744641304016e-02,-1.357840180397033691e+00,4.536616802215576172e-01,-3.873073160648345947e-01,3.717064484953880310e-02,1.311405181884765625e+00,3.087090551853179932e-01,4.772512018680572510e-01,1.413971185684204102e-02,-1.001405268907546997e-01,-7.695517269894480705e-04,4.833257570862770081e-02,-1.096164858504246320e-18,3.123574145138263702e-02,5.622568726539611816e-02,-5.047997087240219116e-02,-4.910233989357948303e-02,-2.710553109645843506e-01,3.899527930921985186e-19,-2.747161872684955597e-02,-1.348127797245979309e-02
-5.303178355097770691e-02,-1.367917575407773256e-04,7.150999307632446289e-01,4.181752447038888931e-03,5.181833170354366302e-03,-4.054333642125129700e-02,9.991555809974670410e-01,0.000000000000000000e+00,0.000000000000000000e+00,-4.618781059980392456e-02,-1.357543468475341797e+00,4.546964764595031738e-01,-3.867010772228240967e-01,3.691762313246726990e-02,1.309874653816223145e+00,3.099123239517211914e-01,4.817597270011901855e-01,1.325300708413124084e-02,-1.019417271018028259e-01,-1.790005189832299948e-04,4.717352613806724548e-02,-5.794286040009426545e-18,2.967568859457969666e-02,5.626640096306800842e-02,-5.207809433341026306e-02,-4.842791706323623657e-02,-2.703880667686462402e-01,8.151633326138572888e-19,-2.790967747569084167e-02,-1.271910406649112701e-02
-5.233681574463844299e-02,-1.808400993468239903e-04,7.152456045150756836e-01,3.880041884258389473e-03,6.395271513611078262e-03,-4.023087769746780396e-02,9.991624355316162109e-01,0.000000000000000000e+00,0.000000000000000000e+00,-4.591178148984909058e-02,-1.357272267341613770e+00,4.551785588264465332e-01,-3.866743743419647217e-01,3.511338308453559875e-02,1.307551026344299316e+00,3.110407590866088867e-01,4.875584244728088379e-01,1.227286085486412048e-02,-1.033524647355079651e-01,5.893877823837101460e-04,4.666537046432495117e-02,1.062475942824554141e-17,2.791366539895534515e-02,5.610543861985206604e-02,-5.368240550160408020e-02,-4.759041965007781982e-02,-2.693250775337219238e-01,-6.860649235404612384e-18,-2.869061939418315887e-02,-1.291399076581001282e-02
-5.178448930382728577e-02,-1.775293785613030195e-04,7.153128385543823242e-01,3.289231797680258751e-03,7.047222461551427841e-03,-3.983508422970771790e-02,9.991760253906250000e-01,0.000000000000000000e+00,0.000000000000000000e+00,-4.554187506437301636e-02,-1.356563448905944824e+00,4.553945362567901611e-01,-3.869430124759674072e-01,3.148778900504112244e-02,1.304404854774475098e+00,3.114581704139709473e-01,4.956377446651458740e-01,1.115562487393617630e-02,-1.036965548992156982e-01,2.005967078730463982e-03,4.637467488646507263e-02,-7.820744537505110758e-19,2.640163525938987732e-02,5.658281967043876648e-02,-5.416750535368919373e-02,-4.615327715873718262e-02,-2.689934670925140381e-01,-3.065941631705346865e-18,-2.927009202539920807e-02,-1.249788329005241394e-02
-5.128294602036476135e-02,-2.248251112177968025e-04,7.153701186180114746e-01,2.831900259479880333e-03,7.601663935929536819e-03,-3.936887159943580627e-02,9.991918206214904785e-01,0.000000000000000000e+00,0.000000000000000000e+00,-4.492650926113128662e-02,-1.356197118759155273e+00,4.541269838809967041e-01,-3.874796926975250244e-01,2.640822902321815491e-02,1.300034046173095703e+00,3.118160665035247803e-01,5.057302117347717285e-01,1.003711204975843430e-02,-1.039558798074722290e-01,3.147574607282876968e-03,4.582927376031875610e-02,1.166438649188178829e-17,2.508044056594371796e-02,5.692177265882492065e-02,-5.449835956096649170e-02,-4.496931284666061401e-02,-2.684513926506042480e-01,-3.574267279176333856e-18,-2.965832874178886414e-02,-1.110032200813293457e-02
-5.093357339501380920e-02,-2.777198678813874722e-04,7.153683304786682129e-01,2.578824525699019432e-03,7.610390428453683853e-03,-3.936865553259849548e-02,9.991924166679382324e-01,0.000000000000000000e+00,0.000000000000000000e+00,-4.387988150119781494e-02,-1.355702638626098633e+00,4.527857005596160889e-01,-3.871372342109680176e-01,2.130526304244995117e-02,1.295057654380798340e+00,3.136500418186187744e-01,5.168427824974060059e-01,9.080747142434120178e-03,-1.030253916978836060e-01,3.950498998165130615e-03,4.632452130317687988e-02,-9.326874996841663548e-19,2.433913201093673706e-02,5.627602338790893555e-02,-5.396745726466178894e-02,-4.421272501349449158e-02,-2.686037421226501465e-01,-1.895977373310344521e-18,-2.983035519719123840e-02,-9.664622135460376740e-03
-5.060151219367980957e-02,-3.631720901466906071e-04,7.153762578964233398e-01,2.249008510261774063e-03,7.695186883211135864e-03,-3.921117261052131653e-02,9.991987943649291992e-01,0.000000000000000000e+00,0.000000000000000000e+00,-4.272577911615371704e-02,-1.355207324028015137e+00,4.506267309188842773e-01,-3.873030543327331543e-01,1.776314713060855865e-02,1.291203856468200684e+00,3.136314451694488525e-01,5.266887545585632324e-01,7.945144549012184143e-03,-1.023161411285400391e-01,4.961505532264709473e-03,4.617019742727279663e-02,9.726480987682355900e-18,2.362031862139701843e-02,5.566248297691345215e-02,-5.362157896161079407e-02,-4.320616275072097778e-02,-2.678110599517822266e-01,-2.896323284017673222e-18,-3.052476048469543457e-02,-9.502729400992393494e-03
-5.037364736199378967e-02,-5.165395559743046761e-04,7.153422236442565918e-01,2.037248807027935982e-03,7.446529343724250793e-03,-3.890186175704002380e-02,9.992132186889648438e-01,0.000000000000000000e+00,0.000000000000000000e+00,-4.161797463893890381e-02,-1.355061531066894531e+00,4.465343654155731201e-01,-3.870489299297332764e-01,1.704652234911918640e-02,1.288316249847412109e+00,3.137921392917633057e-01,5.354881882667541504e-01,6.953557487577199936e-03,-1.011325716972351074e-01,5.764781497418880463e-03,4.604976251721382141e-02,1.198182697811636329e-18,2.343291044235229492e-02,5.542477220296859741e-02,-5.253238230943679810e-02,-4.240486770868301392e-02,-2.680386006832122803e-01,-4.687268571868484501e-19,-3.133839741349220276e-02,-8.816419169306755066e-03
-5.029084160923957825e-02,-5.663194460794329643e-04,7.152300477027893066e-01,1.848183339461684227e-03,6.583707872778177261e-03,-3.945980966091156006e-02,9.991977810859680176e-01,0.000000000000000000e+00,0.000000000000000000e+00,-3.969779238104820251e-02,-1.354684948921203613e+00,4.438045024871826172e-01,-3.862248361110687256e-01,1.764174550771713257e-02,1.286919236183166504e+00,3.138715624809265137e-01,5.413562059402465820e-01,6.837796885520219803e-03,-9.860377013683319092e-02,6.542913150042295456e-03,4.612573981285095215e-02,-4.264094551014931285e-18,2.289716154336929321e-02,5.525742098689079285e-02,-5.042730644345283508e-02,-4.165917262434959412e-02,-2.681146264076232910e-01,2.974673831638696003e-18,-3.258778154850006104e-02,-7.678013294935226440e-03
-5.010893940925598145e-02,-7.725282339379191399e-04,7.151879668235778809e-01,1.965740229934453964e-03,6.217945367097854614e-03,-3.919874876737594604e-02,9.992101788520812988e-01,0.000000000000000000e+00,0.000000000000000000e+00,-3.838207572698593140e-02,-1.354846358299255371e+00,4.388220310211181641e-01,-3.863744139671325684e-01,1.973446272313594818e-02,1.286164760589599609e+00,3.133689761161804199e-01,5.460446476936340332e-01,5.631257779896259308e-03,-9.715577214956283569e-02,6.586723960936069489e-03,4.535911604762077332e-02,6.822072840357589385e-19,2.361042797565460205e-02,5.474966391921043396e-02,-4.920246824622154236e-02,-4.158004000782966614e-02,-2.679372429847717285e-01,1.003628163377939114e-18,-3.386184573173522949e-02,-8.154872804880142212e-03
-4.984326288104057312e-02,-8.923838031478226185e-04,7.151703834533691406e-01,1.819214085116982460e-03,6.176300346851348877e-03,-3.902094066143035889e-02,9.992176294326782227e-01,0.000000000000000000e+00,0.000000000000000000e+00,-3.699885681271553040e-02,-1.354718327522277832e+00,4.346919059753417969e-01,-3.873334825038909912e-01,2.158762328326702118e-02,1.285958886146545410e+00,3.125086724758148193e-01,5.485896468162536621e-01,5.128584336489439011e-03,-9.645672142505645752e-02,7.128067314624786377e-03,4.437496885657310486e-02,2.017819423178180392e-18,2.302530035376548767e-02,5.488497763872146606e-02,-4.849044606089591980e-02,-4.094312712550163269e-02,-2.674706578254699707e-01,1.942484999517546385e-07,-3.556516021490097046e-02,-8.465591818094253540e-03
-4.968195036053657532e-02,-8.667361107654869556e-04,7.150628566741943359e-01,1.277335337363183498e-03,5.518279969692230225e-03,-3.907775878906250000e-02,9.992201328277587891e-01,0.000000000000000000e+00,0.000000000000000000e+00,-3.613573685288429260e-02,-1.354277610778808594e+00,4.304788112640380859e-01,-3.876358568668365479e-01,2.272276952862739563e-02,1.286564588546752930e+00,3.114840388298034668e-01,5.498080253601074219e-01,5.219537299126386642e-03,-9.448612481355667114e-02,8.451085537672042847e-03,4.420951381325721741e-02,1.500705808879430035e-18,2.226090990006923676e-02,5.622677132487297058e-02,-4.653262719511985779e-02,-3.971390426158905029e-02,-2.680183649063110352e-01,6.782690616091713309e-05,-3.584996610879898071e-02,-7.540116552263498306e-03
-4.925765469670295715e-02,-9.395955130457878113e-04,7.150748968124389648e-01,1.139246160164475441e-03,5.828714463859796524e-03,-3.887252137064933777e-02,9.992265105247497559e-01,0.000000000000000000e+00,0.000000000000000000e+00,-3.521907702088356018e-02,-1.354317665100097656e+00,4.263664782047271729e-01,-3.889138400554656982e-01,2.341377176344394684e-02,1.286898493766784668e+00,3.102181255817413330e-01,5.498615503311157227e-01,4.874821752309799194e-03,-9.434900432825088501e-02,8.834688924252986908e-03,4.332085698843002319e-02,-6.481108991863231378e-19,2.107385732233524323e-02,5.722570046782493591e-02,-4.634430259466171265e-02,-3.927363082766532898e-02,-2.682002484798431396e-01,9.123901691054925323e-05,-3.744848445057868958e-02,-7.501426618546247482e-03
-4.873452335596084595e-02,-1.070408849045634270e-03,7.151138186454772949e-01,1.202147919684648514e-03,6.240964401513338089e-03,-3.853605687618255615e-02,9.992370009422302246e-01,0.000000000000000000e+00,0.000000000000000000e+00,-3.376906737685203552e-02,-1.354676485061645508e+00,4.209215342998504639e-01,-3.912003934383392334e-01,2.397510595619678497e-02,1.287448644638061523e+00,3.070351183414459229e-01,5.491545796394348145e-01,4.456957802176475525e-03,-9.428508579730987549e-02,8.782334625720977783e-03,4.280095919966697693e-02,8.554055039784395746e-18,2.048959024250507355e-02,5.831777304410934448e-02,-4.618432000279426575e-02,-3.929356858134269714e-02,-2.680440843105316162e-01,1.513345196144655347e-04,-3.852470591664314270e-02,-8.319428190588951111e-03
-4.809753596782684326e-02,-1.136122853495180607e-03,7.151613235473632812e-01,1.066298689693212509e-03,6.777564063668251038e-03,-3.867350891232490540e-02,9.992283582687377930e-01,0.000000000000000000e+00,0.000000000000000000e+00,-3.216188400983810425e-02,-1.354439973831176758e+00,4.163923263549804688e-01,-3.934922218322753906e-01,2.333406358957290649e-02,1.288735389709472656e+00,3.023956418037414551e-01,5.470443367958068848e-01,4.404409322887659073e-03,-9.417473524808883667e-02,9.280126541852951050e-03,4.272158443927764893e-02,4.198241048088359646e-18,1.887825317680835724e-02,6.002417951822280884e-02,-4.622575268149375916e-02,-3.878424689173698425e-02,-2.682375311851501465e-01,2.076987584587186575e-04,-3.979579359292984009e-02,-7.774815429002046585e-03
-4.724260419607162476e-02,-1.412172685377299786e-03,7.152760624885559082e-01,1.129669370129704475e-03,7.889655418694019318e-03,-3.803303837776184082e-02,9.992446899414062500e-01,0.000000000000000000e+00,0.000000000000000000e+00,-3.105727583169937134e-02,-1.354069471359252930e+00,4.118979871273040771e-01,-3.962244689464569092e-01,2.222396433353424072e-02,1.289685130119323730e+00,2.966396808624267578e-01,5.453097224235534668e-01,3.317093476653099060e-03,-9.508742392063140869e-02,9.444816969335079193e-03,4.164655134081840515e-02,4.337895605266912414e-18,1.760065183043479919e-02,6.165461242198944092e-02,-4.709791764616966248e-02,-3.853751718997955322e-02,-2.679750323295593262e-01,2.549483033362776041e-04,-4.110997915267944336e-02,-8.001045323908329010e-03
-4.628225788474082947e-02,-1.811723224818706512e-03,7.153934240341186523e-01,1.198694924823939800e-03,9.082966484129428864e-03,-3.731909766793251038e-02,9.992613792419433594e-01,0.000000000000000000e+00,0.000000000000000000e+00,-2.996977418661117554e-02,-1.352876067161560059e+00,4.081240594387054443e-01,-3.995717465877532959e-01,1.717171631753444672e-02,1.288267135620117188e+00,2.901768982410430908e-01,5.451733469963073730e-01,2.407140331342816353e-03,-9.605646878480911255e-02,9.832751005887985229e-03,4.038982465863227844e-02,-2.282778608268716005e-18,1.628319732844829559e-02,6.380097568035125732e-02,-4.792866855859756470e-02,-3.812316805124282837e-02,-2.676289975643157959e-01,3.615953028202056885e-04,-4.321868717670440674e-02,-8.572261780500411987e-03
-4.510421305894851685e-02,-2.514132764190435410e-03,7.155698537826538086e-01,1.788198249414563179e-03,1.093885395675897598e-02,-3.634949028491973877e-02,9.992776513099670410e-01,0.000000000000000000e+00,0.000000000000000000e+00,-2.895341813564300537e-02,-1.351271986961364746e+00,4.048023223876953125e-01,-4.042617976665496826e-01,7.336936891078948975e-03,1.282331228256225586e+00,2.799162268638610840e-01,5.485516786575317383e-01,1.028824364766478539e-03,-9.820992499589920044e-02,9.419843554496765137e-03,3.794885054230690002e-02,3.728058353023417867e-18,1.506442017853260040e-02,6.498043984174728394e-02,-4.988454282283782959e-02,-3.838611766695976257e-02,-2.668953239917755127e-01,4.421195480972528458e-04,-4.662477225065231323e-02,-1.101075857877731323e-02
-4.373738542199134827e-02,-3.473490942269563675e-03,7.158187031745910645e-01,2.219649031758308411e-03,1.347339618951082230e-02,-3.494424745440483093e-02,9.992959499359130859e-01,0.000000000000000000e+00,0.000000000000000000e+00,-2.893344685435295105e-02,-1.348721742630004883e+00,4.014131426811218262e-01,-4.098328948020935059e-01,2.702680649235844612e-03,1.278454661369323730e+00,2.696223855018615723e-01,5.487858653068542480e-01,4.649293841794133186e-04,-1.019506305456161499e-01,9.777368977665901184e-03,3.489299118518829346e-02,9.582341457222540615e-19,1.350552216172218323e-02,6.550659984350204468e-02,-5.392654240131378174e-02,-3.805073350667953491e-02,-2.659730017185211182e-01,2.845135750249028206e-03,-5.158986151218414307e-02,-1.320351473987102509e-02
-4.232435673475265503e-02,-4.956789780408143997e-03,7.160722017288208008e-01,3.555980511009693146e-03,1.620854064822196960e-02,-3.324568644165992737e-02,9.993094205856323242e-01,0.000000000000000000e+00,0.000000000000000000e+00,-2.881795354187488556e-02,-1.346092104911804199e+00,3.972212374210357666e-01,-4.165847003459930420e-01,8.090266026556491852e-03,1.281305670738220215e+00,2.577048242092132568e-01,5.425104498863220215e-01,-7.581394747830927372e-04,-1.060987263917922974e-01,8.862908929586410522e-03,3.051447682082653046e-02,6.979930334095984081e-18,1.202472392469644547e-02,6.592872738838195801e-02,-6.136169284582138062e-02,-3.979365527629852295e-02,-2.645653784275054932e-01,1.098258048295974731e-02,-5.908421799540519714e-02,-2.007312327623367310e-02
-4.099310189485549927e-02,-6.673804484307765961e-03,7.163179516792297363e-01,4.282897338271141052e-03,1.872390508651733398e-02,-3.175419569015502930e-02,9.993111491203308105e-01,0.000000000000000000e+00,0.000000000000000000e+00,-2.919555455446243286e-02,-1.341534852981567383e+00,3.937084376811981201e-01,-4.235106110572814941e-01,1.553448289632797241e-02,1.287289619445800781e+00,2.453765869140625000e-01,5.363140106201171875e-01,-9.826980531215667725e-04,-1.099684536457061768e-01,1.006608828902244568e-02,2.592024952173233032e-02,1.012176247828062102e-18,1.135679613798856735e-02,6.730347126722335815e-02,-7.291212677955627441e-02,-4.057926684617996216e-02,-2.635155320167541504e-01,2.807207778096199036e-02,-7.027693092823028564e-02,-2.493338473141193390e-02
-3.964803740382194519e-02,-8.927402086555957794e-03,7.165794968605041504e-01,5.038394592702388763e-03,2.154837734997272491e-02,-2.981192432343959808e-02,9.993105530738830566e-01,0.000000000000000000e+00,0.000000000000000000e+00,-3.029422089457511902e-02,-1.336296319961547852e+00,3.887832760810852051e-01,-4.300803542137145996e-01,2.253410406410694122e-02,1.294293642044067383e+00,2.321100682020187378e-01,5.328311920166015625e-01,-1.066173776052892208e-03,-1.147900372743606567e-01,1.216297317296266556e-02,2.060900814831256866e-02,-1.413504428704089857e-18,1.092493999749422073e-02,6.732092052698135376e-02,-9.059664607048034668e-02,-4.191489890217781067e-02,-2.618331313133239746e-01,5.601842701435089111e-02,-8.630778640508651733e-02,-3.079585731029510498e-02
-3.834414482116699219e-02,-1.160351373255252838e-02,7.168210744857788086e-01,5.381437949836254120e-03,2.443335577845573425e-02,-2.857010997831821442e-02,9.992786645889282227e-01,0.000000000000000000e+00,0.000000000000000000e+00,-3.181375935673713684e-02,-1.329356312751770020e+00,3.831321001052856445e-01,-4.377666711807250977e-01,2.798458188772201538e-02,1.302948117256164551e+00,2.175371795892715454e-01,5.336019992828369141e-01,-3.247122222092002630e-04,-1.196894943714141846e-01,1.653225161135196686e-02,1.563108526170253754e-02,2.056206187069775609e-18,1.186640188097953796e-02,6.851991266012191772e-02,-1.166479066014289856e-01,-4.317681863903999329e-02,-2.599985599517822266e-01,9.943125396966934204e-02,-1.065842583775520325e-01,-3.623401746153831482e-02
-3.705678135156631470e-02,-1.515539735555648804e-02,7.168422341346740723e-01,6.729351356625556946e-03,2.747341059148311615e-02,-2.757063880562782288e-02,9.992195963859558105e-01,0.000000000000000000e+00,0.000000000000000000e+00,-3.334856033325195312e-02,-1.322206020355224609e+00,3.761068880558013916e-01,-4.486742913722991943e-01,3.441370651125907898e-02,1.311826467514038086e+00,2.017768770456314087e-01,5.398269295692443848e-01,1.124163391068577766e-04,-1.249544546008110046e-01,2.033204957842826843e-02,9.340771473944187164e-03,-4.800707707483700440e-18,1.122756488621234894e-02,6.869678944349288940e-02,-1.517478674650192261e-01,-4.719528928399085999e-02,-2.577817142009735107e-01,1.591269224882125854e-01,-1.351692676544189453e-01,-4.214063659310340881e-02
-3.551230952143669128e-02,-1.941524632275104523e-02,7.167356014251708984e-01,8.569415658712387085e-03,3.154461085796356201e-02,-2.769894152879714966e-02,9.990817308425903320e-01,0.000000000000000000e+00,0.000000000000000000e+00,-3.380748629570007324e-02,-1.316114068031311035e+00,3.673889040946960449e-01,-4.654904007911682129e-01,4.503511264920234680e-02,1.316938638687133789e+00,1.864414513111114502e-01,5.485100150108337402e-01,2.712144982069730759e-03,-1.322464644908905029e-01,2.476808987557888031e-02,3.260933794081211090e-03,-3.129812589498782035e-18,8.814962580800056458e-03,6.767282634973526001e-02,-1.980811953544616699e-01,-5.271786823868751526e-02,-2.538247406482696533e-01,2.365904897451400757e-01,-1.712772399187088013e-01,-5.030584335327148438e-02
-3.384507820010185242e-02,-2.450588531792163849e-02,7.162140011787414551e-01,1.093651168048381805e-02,3.574607893824577332e-02,-2.782881259918212891e-02,9.989134669303894043e-01,0.000000000000000000e+00,0.000000000000000000e+00,-3.518877178430557251e-02,-1.314509391784667969e+00,3.610824048519134521e-01,-4.897493422031402588e-01,6.379251927137374878e-02,1.308311223983764648e+00,1.667434871196746826e-01,5.563921332359313965e-01,6.610186304897069931e-03,-1.400039643049240112e-01,2.968846634030342102e-02,-3.088347380980849266e-03,3.181138732917391126e-18,6.073894910514354706e-03,6.741497665643692017e-02,-2.544680833816528320e-01,-6.013427674770355225e-02,-2.492194771766662598e-01,3.335963785648345947e-01,-2.126052081584930420e-01,-6.114315241575241089e-02
-3.169359639286994934e-02,-3.025496564805507660e-02,7.158371210098266602e-01,1.340576447546482086e-02,4.110145941376686096e-02,-2.764761447906494141e-02,9.986824393272399902e-01,0.000000000000000000e+00,0.000000000000000000e+00,-3.651820123195648193e-02,-1.318903923034667969e+00,3.521171212196350098e-01,-5.160187482833862305e-01,7.341041415929794312e-02,1.298431515693664551e+00,1.469296514987945557e-01,5.765598416328430176e-01,9.657022543251514435e-03,-1.495928913354873657e-01,3.574825450778007507e-02,-1.021548267453908920e-02,1.497237233775842052e-18,1.321233995258808136e-02,6.833103299140930176e-02,-3.143426477909088135e-01,-6.669740378856658936e-02,-2.458140999078750610e-01,4.335480928421020508e-01,-2.487429231405258179e-01,-6.918288022279739380e-02
-2.815264463424682617e-02,-3.642193228006362915e-02,7.161871790885925293e-01,1.537527516484260559e-02,5.109028145670890808e-02,-2.677731774747371674e-02,9.982165694236755371e-01,0.000000000000000000e+00,0.000000000000000000e+00,-3.414915874600410461e-02,-1.316624045372009277e+00,3.411873877048492432e-01,-5.429010987281799316e-01,7.698269188404083252e-02,1.289517283439636230e+00,1.315332651138305664e-01,6.077359914779663086e-01,1.090900227427482605e-02,-1.846404522657394409e-01,4.336582869291305542e-02,-2.004045434296131134e-02,3.111717104911804199e-02,2.078303694725036621e-02,6.959200650453567505e-02,-3.743723928928375244e-01,-6.781342625617980957e-02,-2.407184988260269165e-01,5.164761543273925781e-01,-2.742379307746887207e-01,-7.442913949489593506e-02
-2.391615882515907288e-02,-4.253150522708892822e-02,7.166010141372680664e-01,1.568668708205223083e-02,6.247734650969505310e-02,-2.491826564073562622e-02,9.976119399070739746e-01,0.000000000000000000e+00,0.000000000000000000e+00,-2.218295447528362274e-02,-1.303713560104370117e+00,3.216027021408081055e-01,-5.794160962104797363e-01,8.236533403396606445e-02,1.277310252189636230e+00,1.161673069000244141e-01,6.526361107826232910e-01,4.606769885867834091e-03,-2.801769077777862549e-01,5.506699532270431519e-02,-2.612202242016792297e-02,1.684998124837875366e-01,1.406653132289648056e-02,6.864719837903976440e-02,-4.233800470829010010e-01,-5.835659056901931763e-02,-2.319562137126922607e-01,5.709372758865356445e-01,-2.956030964851379395e-01,-8.491686731576919556e-02
-1.964688114821910858e-02,-4.793826863169670105e-02,7.153202891349792480e-01,1.418378949165344238e-02,7.157997041940689087e-02,-2.342624031007289886e-02,9.970588684082031250e-01,0.000000000000000000e+00,0.000000000000000000e+00,-5.801499821245670319e-03,-1.285613179206848145e+00,3.101952672004699707e-01,-6.138329505920410156e-01,8.594663441181182861e-02,1.262330412864685059e+00,1.074096485972404480e-01,7.133588194847106934e-01,-1.634347252547740936e-02,-4.512602984905242920e-01,7.158755511045455933e-02,-3.232289105653762817e-02,4.546467959880828857e-01,1.140366680920124054e-02,5.729142203927040100e-02,-4.467231929302215576e-01,-3.576396405696868896e-02,-2.207256853580474854e-01,5.828611254692077637e-01,-3.238306641578674316e-01,-1.007725149393081665e-01
-1.311042532324790955e-02,-5.266403034329414368e-02,7.145886421203613281e-01,8.573721162974834442e-03,8.704249560832977295e-02,-1.753689162433147430e-02,9.960133433341979980e-01,0.000000000000000000e+00,0.000000000000000000e+00,-3.276135248597711325e-04,-1.274516582489013672e+00,2.891128957271575928e-01,-6.386876106262207031e-01,8.187402784824371338e-02,1.244415640830993652e+00,1.081867590546607971e-01,7.643882632255554199e-01,-4.201898723840713501e-02,-6.056975126266479492e-01,8.187142014503479004e-02,-4.792965203523635864e-02,6.767175793647766113e-01,-2.725852653384208679e-03,5.170433595776557922e-02,-4.750468134880065918e-01,-2.200948540121316910e-03,-2.096618115901947021e-01,5.850530266761779785e-01,-3.367218077182769775e-01,-1.085559725761413574e-01
-5.379071459174156189e-03,-5.726506933569908142e-02,7.137160897254943848e-01,2.739809220656752586e-03,1.040003076195716858e-01,-1.082523539662361145e-02,9.945145845413208008e-01,0.000000000000000000e+00,0.000000000000000000e+00,1.114872191101312637e-02,-1.262177109718322754e+00,2.809301912784576416e-01,-6.609404087066650391e-01,7.731756567955017090e-02,1.222641468048095703e+00,1.077910065650939941e-01,8.251317739486694336e-01,-7.452731579542160034e-02,-7.440860271453857422e-01,9.242787957191467285e-02,-5.645784735679626465e-02,8.703821301460266113e-01,1.239533652551472187e-03,4.890690371394157410e-02,-4.913896322250366211e-01,3.730930760502815247e-02,-1.965855658054351807e-01,5.624547004699707031e-01,-3.504492938518524170e-01,-1.117528080940246582e-01
3.110732417553663254e-03,-6.226836889982223511e-02,7.136880159378051758e-01,-1.054689870215952396e-03,1.211055815219879150e-01,-4.353288561105728149e-03,9.926295280456542969e-01,0.000000000000000000e+00,0.000000000000000000e+00,2.321144565939903259e-02,-1.253421902656555176e+00,2.775081694126129150e-01,-6.748480200767517090e-01,7.808795571327209473e-02,1.195448875427246094e+00,1.018276959657669067e-01,8.907007575035095215e-01,-1.136828809976577759e-01,-8.554709553718566895e-01,9.431717544794082642e-02,-6.499110907316207886e-02,1.000023722648620605e+00,1.211190782487392426e-02,4.320693388581275940e-02,-4.833652377128601074e-01,8.009892702102661133e-02,-1.772596091032028198e-01,4.961395263671875000e-01,-3.431909680366516113e-01,-1.106355786323547363e-01
1.118716783821582794e-02,-6.759992986917495728e-02,7.137544155120849609e-01,-2.953124931082129478e-03,1.341801881790161133e-01,2.434980589896440506e-03,9.909495711326599121e-01,0.000000000000000000e+00,0.000000000000000000e+00,4.124936461448669434e-02,-1.255296707153320312e+00,2.794054448604583740e-01,-6.736361384391784668e-01,6.682911515235900879e-02,1.184981346130371094e+00,9.848428517580032349e-02,9.159262180328369141e-01,-1.438758522272109985e-01,-9.310990571975708008e-01,7.117833197116851807e-02,-7.238307595252990723e-02,1.040328860282897949e+00,-2.426237333565950394e-03,4.169975593686103821e-02,-5.066398978233337402e-01,1.031132787466049194e-01,-1.738112568855285645e-01,5.079216957092285156e-01,-3.607113957405090332e-01,-1.024549901485443115e-01
2.114038355648517609e-02,-7.331456989049911499e-02,7.152836918830871582e-01,-3.282890422269701958e-03,1.527634710073471069e-01,7.151261903345584869e-03,9.882314801216125488e-01,0.000000000000000000e+00,0.000000000000000000e+00,5.793584510684013367e-02,-1.249443054199218750e+00,2.684645652770996094e-01,-6.796010136604309082e-01,6.769705563783645630e-02,1.137956619262695312e+00,7.608208060264587402e-02,9.978532791137695312e-01,-1.682354509830474854e-01,-1.004876613616943359e+00,3.761702775955200195e-02,-8.665376156568527222e-02,1.033330202102661133e+00,-2.197909727692604065e-02,2.890511788427829742e-02,-4.603609442710876465e-01,1.416054517030715942e-01,-1.499422043561935425e-01,3.733839988708496094e-01,-3.187730312347412109e-01,-9.237040579319000244e-02
3.054980747401714325e-02,-7.870008796453475952e-02,7.158188223838806152e-01,-4.697160795331001282e-03,1.671454012393951416e-01,1.059899106621742249e-02,9.858641028404235840e-01,0.000000000000000000e+00,0.000000000000000000e+00,8.024068176746368408e-02,-1.247651815414428711e+00,2.527648210525512695e-01,-6.698445081710815430e-01,5.937511473894119263e-02,1.106236219406127930e+00,5.799980461597442627e-02,1.042364954948425293e+00,-1.806940734386444092e-01,-1.061337351799011230e+00,3.679536515846848488e-03,-9.295586496591567993e-02,9.905575513839721680e-01,-4.309706389904022217e-02,2.489637024700641632e-02,-4.466687738895416260e-01,1.674792766571044922e-01,-1.394651532173156738e-01,3.187279701232910156e-01,-3.025105893611907959e-01,-8.282256126403808594e-02
3.783192113041877747e-02,-8.386641740798950195e-02,7.144005894660949707e-01,-9.613881818950176239e-03,1.703118532896041870e-01,1.477387920022010803e-02,9.852325320243835449e-01,0.000000000000000000e+00,0.000000000000000000e+00,1.262221634387969971e-01,-1.242758989334106445e+00,2.400409281253814697e-01,-6.495689153671264648e-01,6.556022912263870239e-02,1.106321692466735840e+00,3.466780856251716614e-02,1.071982979774475098e+00,-1.882356852293014526e-01,-1.114548325538635254e+00,-2.759194932878017426e-02,-1.046780496835708618e-01,9.728522896766662598e-01,-7.005643844604492188e-02,2.552556805312633514e-02,-4.288165867328643799e-01,1.881973296403884888e-01,-1.529985964298248291e-01,3.024301826953887939e-01,-2.971454858779907227e-01,-7.852762937545776367e-02
4.754551872611045837e-02,-8.963577449321746826e-02,7.143707871437072754e-01,-8.305884897708892822e-03,1.817001700401306152e-01,1.250089798122644424e-02,9.832394123077392578e-01,0.000000000000000000e+00,0.000000000000000000e+00,1.481554359197616577e-01,-1.237169384956359863e+00,2.269113957881927490e-01,-6.343607902526855469e-01,5.493523553013801575e-02,1.066815376281738281e+00,1.154649350792169571e-02,1.098890185356140137e+00,-1.783560961484909058e-01,-1.144777417182922363e+00,-6.382276862859725952e-02,-1.080275252461433411e-01,8.871859908103942871e-01,-6.301876157522201538e-02,1.704782061278820038e-02,-4.067551493644714355e-01,1.999536305665969849e-01,-1.528661996126174927e-01,2.479444444179534912e-01,-2.851243615150451660e-01,-7.155662775039672852e-02
5.794141814112663269e-02,-9.517401456832885742e-02,7.123638391494750977e-01,-7.398512214422225952e-03,1.912985295057296753e-01,1.117827463895082474e-02,9.814403653144836426e-01,0.000000000000000000e+00,0.000000000000000000e+00,1.722055822610855103e-01,-1.232194423675537109e+00,2.142413258552551270e-01,-6.164933443069458008e-01,4.387407377362251282e-02,1.035043478012084961e+00,-5.017785821110010147e-03,1.106409668922424316e+00,-1.656338721513748169e-01,-1.197221994400024414e+00,-1.029538512229919434e-01,-1.063373461365699768e-01,8.652222752571105957e-01,-8.135926723480224609e-02,1.101449318230152130e-02,-4.163552522659301758e-01,1.999990642070770264e-01,-1.690121442079544067e-01,2.648518383502960205e-01,-3.067193627357482910e-01,-6.251256167888641357e-02
6.902974098920822144e-02,-1.003515049815177917e-01,7.105056643486022949e-01,-7.362649776041507721e-03,2.015755623579025269e-01,8.123453706502914429e-03,9.794116020202636719e-01,0.000000000000000000e+00,0.000000000000000000e+00,1.905806809663772583e-01,-1.225312352180480957e+00,1.960421353578567505e-01,-5.973954200744628906e-01,3.104408830404281616e-02,9.877234697341918945e-01,-2.311897650361061096e-02,1.115438222885131836e+00,-1.429629623889923096e-01,-1.226168870925903320e+00,-1.392995864152908325e-01,-1.073545888066291809e-01,8.102440237998962402e-01,-7.028987258672714233e-02,-1.776252465788275003e-04,-4.232476949691772461e-01,2.000000029802322388e-01,-1.904423087835311890e-01,2.769751250743865967e-01,-3.276539742946624756e-01,-5.446920171380043030e-02
8.025249838829040527e-02,-1.043604314327239990e-01,7.083453536033630371e-01,-1.051338948309421539e-02,2.098543792963027954e-01,4.121739417314529419e-03,9.776674509048461914e-01,0.000000000000000000e+00,0.000000000000000000e+00,2.054309695959091187e-01,-1.216047406196594238e+00,1.808151453733444214e-01,-5.782281160354614258e-01,1.973536983132362366e-02,9.380699992179870605e-01,-4.027933627367019653e-02,1.116561055183410645e+00,-1.100262254476547241e-01,-1.236254572868347168e+00,-1.741053909063339233e-01,-1.073210611939430237e-01,7.412227988243103027e-01,-5.138462036848068237e-02,-1.004259567707777023e-02,-4.269656538963317871e-01,2.000000029802322388e-01,-2.213740646839141846e-01,2.938357889652252197e-01,-3.460499942302703857e-01,-4.410001635551452637e-02
9.175651520490646362e-02,-1.077084168791770935e-01,7.057976126670837402e-01,-1.479445677250623703e-02,2.162349075078964233e-01,1.178101138066267595e-05,9.762292504310607910e-01,0.000000000000000000e+00,0.000000000000000000e+00,2.190389037132263184e-01,-1.205739974975585938e+00,1.647873967885971069e-01,-5.591197609901428223e-01,9.070867672562599182e-03,8.859084248542785645e-01,-5.150256305932998657e-02,1.111487507820129395e+00,-8.141760528087615967e-02,-1.233234286308288574e+00,-1.998360902070999146e-01,-1.137082874774932861e-01,6.762072443962097168e-01,-2.779172547161579132e-02,-1.254968997091054916e-02,-4.325102865695953369e-01,2.000000029802322388e-01,-2.493594288825988770e-01,3.227572143077850342e-01,-3.648300468921661377e-01,-3.139177709817886353e-02
1.040959358215332031e-01,-1.102855876088142395e-01,7.027444243431091309e-01,-1.946119219064712524e-02,2.222770750522613525e-01,-4.609498661011457443e-03,9.747784137725830078e-01,0.000000000000000000e+00,0.000000000000000000e+00,2.266966700553894043e-01,-1.195919871330261230e+00,1.512427926063537598e-01,-5.378807187080383301e-01,-4.212588246446102858e-04,8.343526721000671387e-01,-5.715514346957206726e-02,1.096410393714904785e+00,-6.710506230592727661e-02,-1.217057347297668457e+00,-1.999680697917938232e-01,-1.071286648511886597e-01,6.246495842933654785e-01,-9.140733745880424976e-04,-1.055446173995733261e-02,-4.472728669643402100e-01,2.000000029802322388e-01,-2.565306425094604492e-01,3.707470893859863281e-01,-3.838586211204528809e-01,-1.504426728934049606e-02
1.164384335279464722e-01,-1.126955375075340271e-01,6.996306180953979492e-01,-2.407860383391380310e-02,2.245952785015106201e-01,-9.604036808013916016e-03,9.741072654724121094e-01,0.000000000000000000e+00,0.000000000000000000e+00,2.300796508789062500e-01,-1.181853294372558594e+00,1.328642666339874268e-01,-5.150372982025146484e-01,-1.077742874622344971e-02,7.877791523933410645e-01,-5.211806669831275940e-02,1.076301217079162598e+00,-5.466960743069648743e-02,-1.199719786643981934e+00,-1.999595910310745239e-01,-1.135792955756187439e-01,5.999745726585388184e-01,1.801558956503868103e-02,-3.777433652430772781e-03,-4.541514217853546143e-01,2.000000029802322388e-01,-2.788324058055877686e-01,4.236937761306762695e-01,-3.973997533321380615e-01,-7.442336529493331909e-03
1.296508610248565674e-01,-1.139956414699554443e-01,6.966113448143005371e-01,-3.150687366724014282e-02,2.262039631605148315e-01,-1.389367319643497467e-02,9.734711050987243652e-01,0.000000000000000000e+00,0.000000000000000000e+00,2.266501337289810181e-01,-1.163816571235656738e+00,1.148600205779075623e-01,-4.882782399654388428e-01,-2.034671045839786530e-02,7.453001737594604492e-01,-3.887883573770523071e-02,1.048916459083557129e+00,-3.795978054404258728e-02,-1.183618545532226562e+00,-1.999505162239074707e-01,-1.206110715866088867e-01,6.064055562019348145e-01,1.770895905792713165e-02,1.463244762271642685e-02,-4.619017243385314941e-01,2.000000029802322388e-01,-3.128298819065093994e-01,4.860371947288513184e-01,-3.961238265037536621e-01,6.881740409880876541e-03
1.434472948312759399e-01,-1.143861785531044006e-01,6.940433979034423828e-01,-4.010886698961257935e-02,2.260919362306594849e-01,-1.953980512917041779e-02,9.730837345123291016e-01,0.000000000000000000e+00,0.000000000000000000e+00,2.155121564865112305e-01,-1.143761038780212402e+00,9.754134714603424072e-02,-4.561090171337127686e-01,-3.125048801302909851e-02,7.056216597557067871e-01,-2.028955891728401184e-02,1.016170740127563477e+00,-1.759123615920543671e-02,-1.173560619354248047e+00,-1.999434381723403931e-01,-1.272036582231521606e-01,6.453466415405273438e-01,-4.836773499846458435e-03,3.923130780458450317e-02,-4.712685942649841309e-01,2.000000029802322388e-01,-3.433371186256408691e-01,5.540331602096557617e-01,-3.638062775135040283e-01,3.313501179218292236e-02
1.574231833219528198e-01,-1.146828383207321167e-01,6.905832290649414062e-01,-4.493552818894386292e-02,2.225860804319381714e-01,-2.837925031781196594e-02,9.734633564949035645e-01,0.000000000000000000e+00,0.000000000000000000e+00,1.916946917772293091e-01,-1.126374244689941406e+00,7.930033653974533081e-02,-4.182700812816619873e-01,-4.473097622394561768e-02,6.644170284271240234e-01,1.307252096012234688e-03,9.789113402366638184e-01,2.081048674881458282e-03,-1.163721203804016113e+00,-1.999467313289642334e-01,-1.274573355913162231e-01,7.023506760597229004e-01,-5.064054206013679504e-02,7.305011898279190063e-02,-5.019323825836181641e-01,2.000000029802322388e-01,-3.409916758537292480e-01,6.383284926414489746e-01,-3.455204367637634277e-01,7.841678708791732788e-02
1.721432507038116455e-01,-1.150115132331848145e-01,6.898782253265380859e-01,-4.875975847244262695e-02,2.182077318429946899e-01,-3.693557530641555786e-02,9.739834070205688477e-01,0.000000000000000000e+00,0.000000000000000000e+00,1.531173884868621826e-01,-1.108424305915832520e+00,6.166574358940124512e-02,-3.787378370761871338e-01,-5.958839878439903259e-02,6.274197101593017578e-01,1.928297430276870728e-02,9.385805726051330566e-01,1.265944447368383408e-02,-1.161598205566406250e+00,-1.999481469392776489e-01,-1.302774399518966675e-01,7.829652428627014160e-01,-1.023834347724914551e-01,1.088210642337799072e-01,-5.421102046966552734e-01,2.000000029802322388e-01,-3.321858346462249756e-01,7.406305670738220215e-01,-2.840752899646759033e-01,1.277368068695068359e-01
1.912829279899597168e-01,-1.110727861523628235e-01,6.890158653259277344e-01,-6.910105049610137939e-02,2.292642295360565186e-01,-5.088096857070922852e-02,9.695741534233093262e-01,0.000000000000000000e+00,0.000000000000000000e+00,5.308050662279129028e-02,-1.044162869453430176e+00,3.672483190894126892e-02,-3.111692667007446289e-01,-1.239791586995124817e-01,6.023939847946166992e-01,5.744719877839088440e-02,8.953920006752014160e-01,4.332670941948890686e-02,-1.156916260719299316e+00,-1.985598504543304443e-01,-1.835039108991622925e-01,8.143025040626525879e-01,-1.538288444280624390e-01,1.503774672746658325e-01,-6.016036868095397949e-01,2.000000029802322388e-01,-3.543784022331237793e-01,8.378964662551879883e-01,-1.345348358154296875e-01,1.760464906692504883e-01
2.098370343446731567e-01,-1.101384386420249939e-01,6.858833432197570801e-01,-7.542468607425689697e-02,2.322252690792083740e-01,-6.242401897907257080e-02,9.677219390869140625e-01,0.000000000000000000e+00,0.000000000000000000e+00,-2.231496945023536682e-02,-1.029416084289550781e+00,5.405478551983833313e-02,-2.960329651832580566e-01,-1.473903208971023560e-01,5.669140815734863281e-01,6.520955264568328857e-02,8.564205169677734375e-01,2.246206440031528473e-02,-1.176248550415039062e+00,-1.766974031925201416e-01,-1.693588942289352417e-01,9.190236330032348633e-01,-2.437422871589660645e-01,1.977410614490509033e-01,-6.782257556915283203e-01,1.887033432722091675e-01,-3.243418037891387939e-01,9.784875512123107910e-01,-8.724730461835861206e-03,1.877089142799377441e-01
2.290887385606765747e-01,-1.109998226165771484e-01,6.848468780517578125e-01,-7.220808416604995728e-02,2.353620529174804688e-01,-7.504404336214065552e-02,9.663121104240417480e-01,0.000000000000000000e+00,0.000000000000000000e+00,-1.090463176369667053e-01,-1.033242464065551758e+00,9.524993598461151123e-02,-3.132090270519256592e-01,-1.587619036436080933e-01,5.226521492004394531e-01,5.600635707378387451e-02,8.186771869659423828e-01,1.254147646250203252e-04,-1.172347903251647949e+00,-1.412317752838134766e-01,-1.244834437966346741e-01,9.814466834068298340e-01,-3.257069885730743408e-01,2.235087156295776367e-01,-7.865699529647827148e-01,1.471165269613265991e-01,-2.744306325912475586e-01,1.121054649353027344e+00,3.909897804260253906e-02,1.731876432895660400e-01
2.489498704671859741e-01,-1.133139133453369141e-01,6.876697540283203125e-01,-6.313093006610870361e-02,2.402442395687103271e-01,-8.652981370687484741e-02,9.647848606109619141e-01,0.000000000000000000e+00,0.000000000000000000e+00,-2.019745707511901855e-01,-1.054854989051818848e+00,1.538441777229309082e-01,-3.646498918533325195e-01,-1.586225032806396484e-01,4.722474217414855957e-01,3.487049043178558350e-02,7.855243086814880371e-01,4.347512125968933105e-02,-1.129115819931030273e+00,-1.600348353385925293e-01,-8.988518267869949341e-02,9.502507448196411133e-01,-3.573213219642639160e-01,2.249911874532699585e-01,-9.088832736015319824e-01,6.462036818265914917e-02,-2.366712689399719238e-01,1.232460141181945801e+00,2.561924234032630920e-02,1.511666923761367798e-01
2.694398760795593262e-01,-1.171485111117362976e-01,6.953559517860412598e-01,-4.873419553041458130e-02,2.468000054359436035e-01,-9.778820723295211792e-02,9.628874063491821289e-01,0.000000000000000000e+00,0.000000000000000000e+00,-2.876958250999450684e-01,-1.087040662765502930e+00,2.334633320569992065e-01,-4.364453256130218506e-01,-1.485702544450759888e-01,4.260054230690002441e-01,1.035773288458585739e-02,7.501236200332641602e-01,1.014227941632270813e-01,-1.033773183822631836e+00,-1.918771713972091675e-01,-6.374059617519378662e-02,8.162594437599182129e-01,-3.385547697544097900e-01,2.046178877353668213e-01,-1.020597100257873535e+00,-1.444976497441530228e-02,-1.895346492528915405e-01,1.266322016716003418e+00,-2.884472534060478210e-02,1.232805624604225159e-01
2.888048589229583740e-01,-1.214673295617103577e-01,7.042574882507324219e-01,-3.390694409608840942e-02,2.478804290294647217e-01,-1.089231744408607483e-01,9.620506167411804199e-01,0.000000000000000000e+00,0.000000000000000000e+00,-3.593308329582214355e-01,-1.148365259170532227e+00,3.201418519020080566e-01,-5.167366862297058105e-01,-1.124833226203918457e-01,4.011814594268798828e-01,-1.859743148088455200e-02,7.104030847549438477e-01,1.525192707777023315e-01,-9.040864109992980957e-01,-1.999618709087371826e-01,-1.049952767789363861e-02,6.405081748962402344e-01,-2.864705622196197510e-01,1.614539474248886108e-01,-1.121568799018859863e+00,-7.915455102920532227e-02,-1.401210576295852661e-01,1.259050726890563965e+00,-8.947975933551788330e-02,9.308818727731704712e-02
3.099389970302581787e-01,-1.253675818443298340e-01,7.120386362075805664e-01,-2.441286668181419373e-02,2.535701990127563477e-01,-1.164461448788642883e-01,9.599721431732177734e-01,0.000000000000000000e+00,0.000000000000000000e+00,-4.379911422729492188e-01,-1.180533051490783691e+00,4.209863543510437012e-01,-6.023046374320983887e-01,-8.977701514959335327e-02,3.869253098964691162e-01,-6.146457046270370483e-02,6.644235849380493164e-01,1.753019094467163086e-01,-7.479622960090637207e-01,-2.000000029802322388e-01,2.017361484467983246e-02,4.072573482990264893e-01,-1.870850324630737305e-01,1.016068309545516968e-01,-1.198263883590698242e+00,-7.798511534929275513e-02,-8.306557685136795044e-02,1.161905527114868164e+00,-1.050781980156898499e-01,9.292471408843994141e-02
3.319981396198272705e-01,-1.288131624460220337e-01,7.209364771842956543e-01,-1.744087599217891693e-02,2.597407996654510498e-01,-1.255207955837249756e-01,9.573270082473754883e-01,0.000000000000000000e+00,0.000000000000000000e+00,-5.030789375305175781e-01,-1.209088444709777832e+00,5.225523710250854492e-01,-6.686397790908813477e-01,-6.209287419915199280e-02,3.918804824352264404e-01,-1.005014777183532715e-01,6.010285615921020508e-01,1.873772740364074707e-01,-6.041755080223083496e-01,-2.000000029802322388e-01,5.616334080696105957e-02,2.188040912151336670e-01,-7.890123873949050903e-02,4.019165039062500000e-02,-1.229462385177612305e+00,-4.729948192834854126e-02,-2.861719764769077301e-02,9.974140524864196777e-01,-6.920596957206726074e-02,1.156845837831497192e-01
3.535530567169189453e-01,-1.327594965696334839e-01,7.273395061492919922e-01,-8.796543814241886139e-03,2.626024484634399414e-01,-1.339488625526428223e-01,9.555209279060363770e-01,0.000000000000000000e+00,0.000000000000000000e+00,-5.589833855628967285e-01,-1.235272049903869629e+00,6.163341999053955078e-01,-7.101908922195434570e-01,-3.327548876404762268e-02,3.982732295989990234e-01,-1.113183498382568359e-01,5.485739707946777344e-01,1.940668970346450806e-01,-5.087797641754150391e-01,-2.000000029802322388e-01,1.086047738790512085e-01,1.518892496824264526e-01,-2.081997692584991455e-02,-6.982573540881276131e-05,-1.197859764099121094e+00,-5.541856400668621063e-03,9.732908569276332855e-03,7.434139847755432129e-01,2.597029693424701691e-02,1.556715965270996094e-01
3.730966448783874512e-01,-1.379905790090560913e-01,7.296591401100158691e-01,5.686279386281967163e-03,2.575141191482543945e-01,-1.441168189048767090e-01,9.554498791694641113e-01,0.000000000000000000e+00,0.000000000000000000e+00,-5.980502367019653320e-01,-1.257539153099060059e+00,6.961286664009094238e-01,-7.229359745979309082e-01,-8.663700893521308899e-03,3.941631019115447998e-01,-1.097375750541687012e-01,5.127176642417907715e-01,2.113993763923645020e-01,-4.601898789405822754e-01,-2.000000029802322388e-01,1.678518354892730713e-01,2.204934507608413696e-01,4.621197935193777084e-03,-3.270364925265312195e-02,-1.105505108833312988e+00,1.932240836322307587e-02,3.161092847585678101e-02,4.194450080394744873e-01,1.748221069574356079e-01,2.067033052444458008e-01
3.905231952667236328e-01,-1.418668925762176514e-01,7.236356139183044434e-01,1.619549468159675598e-02,2.386940419673919678e-01,-1.570681631565093994e-01,9.581714272499084473e-01,0.000000000000000000e+00,0.000000000000000000e+00,-5.889251828193664551e-01,-1.269610166549682617e+00,7.497767210006713867e-01,-7.117170691490173340e-01,2.389926090836524963e-02,3.877635896205902100e-01,-8.010003715753555298e-02,5.035892724990844727e-01,2.349151819944381714e-01,-4.197646081447601318e-01,-1.835073679685592651e-01,2.144094109535217285e-01,4.052959978580474854e-01,2.958781784400343895e-03,-5.442281439900398254e-02,-1.029238104820251465e+00,4.159922152757644653e-02,2.378370985388755798e-02,2.306345105171203613e-01,2.990012168884277344e-01,2.300192713737487793e-01
4.062767326831817627e-01,-1.429955959320068359e-01,7.091317772865295410e-01,1.526581496000289917e-02,2.123953104019165039e-01,-1.653401851654052734e-01,9.629734158515930176e-01,0.000000000000000000e+00,0.000000000000000000e+00,-5.679275989532470703e-01,-1.253336071968078613e+00,7.900115251541137695e-01,-6.991032958030700684e-01,3.303669393062591553e-02,3.765397965908050537e-01,-6.297717243432998657e-02,5.027700662612915039e-01,2.493404000997543335e-01,-3.890679478645324707e-01,-1.334161758422851562e-01,2.488139569759368896e-01,6.485624909400939941e-01,-1.179875433444976807e-02,-5.348720401525497437e-02,-1.012805700302124023e+00,7.486823946237564087e-02,4.900120664387941360e-03,2.234614789485931396e-01,3.350891470909118652e-01,2.190035879611968994e-01
4.222965538501739502e-01,-1.419847011566162109e-01,6.923036575317382812e-01,4.693559836596250534e-03,1.886104941368103027e-01,-1.695057600736618042e-01,9.673013091087341309e-01,0.000000000000000000e+00,0.000000000000000000e+00,-5.320688486099243164e-01,-1.210174679756164551e+00,8.156855106353759766e-01,-6.838894486427307129e-01,9.184024296700954437e-03,3.601353764533996582e-01,-6.390371173620223999e-02,5.039730668067932129e-01,2.658630311489105225e-01,-3.713094592094421387e-01,-7.217726856470108032e-02,2.424771189689636230e-01,8.833410739898681641e-01,-3.350494801998138428e-02,-3.635516390204429626e-02,-1.066096305847167969e+00,1.011175289750099182e-01,-1.981978863477706909e-02,4.032098352909088135e-01,2.462785989046096802e-01,1.578404456377029419e-01
4.402627646923065186e-01,-1.397368609905242920e-01,6.736153364181518555e-01,-1.307565160095691681e-02,1.739895939826965332e-01,-1.716287732124328613e-01,9.695876240730285645e-01,0.000000000000000000e+00,0.000000000000000000e+00,-4.523034691810607910e-01,-1.171350121498107910e+00,7.770591974258422852e-01,-6.401908993721008301e-01,-2.158437483012676239e-02,3.391382396221160889e-01,-5.744230747222900391e-02,5.405170321464538574e-01,2.842923998832702637e-01,-3.888758420944213867e-01,3.212031442672014236e-03,2.242960929870605469e-01,1.131291270256042480e+00,-7.848742604255676270e-02,-1.123141846619546413e-03,-1.202318072319030762e+00,1.422075182199478149e-01,-3.735990449786186218e-02,7.554923892021179199e-01,5.666838586330413818e-02,5.837102979421615601e-02
4.584168493747711182e-01,-1.357814669609069824e-01,6.564493775367736816e-01,-3.898425772786140442e-02,1.671421527862548828e-01,-1.674383282661437988e-01,9.708285927772521973e-01,0.000000000000000000e+00,0.000000000000000000e+00,-3.682413995265960693e-01,-1.148931503295898438e+00,6.976971030235290527e-01,-5.635314583778381348e-01,-6.103977560997009277e-02,3.262058496475219727e-01,-5.358169600367546082e-02,5.885806083679199219e-01,3.034366369247436523e-01,-4.599491357803344727e-01,6.828161329030990601e-02,1.815381497144699097e-01,1.349586248397827148e+00,-1.279935091733932495e-01,4.120226576924324036e-02,-1.327710032463073730e+00,1.839607506990432739e-01,-5.692300945520401001e-02,1.038511395454406738e+00,-1.000947803258895874e-01,-2.212392166256904602e-02
4.746997356414794922e-01,-1.326048374176025391e-01,6.432922482490539551e-01,-6.221196055412292480e-02,1.657574027776718140e-01,-1.579091250896453857e-01,9.714519381523132324e-01,0.000000000000000000e+00,0.000000000000000000e+00,-2.929361760616302490e-01,-1.137954235076904297e+00,6.141035556793212891e-01,-4.809792041778564453e-01,-9.047146886587142944e-02,3.127165436744689941e-01,-3.175877407193183899e-02,6.452555060386657715e-01,3.232197761535644531e-01,-5.978800058364868164e-01,1.232282891869544983e-01,1.199543997645378113e-01,1.540005564689636230e+00,-1.769275963306427002e-01,7.023126631975173950e-02,-1.399015188217163086e+00,1.999893933534622192e-01,-8.955691754817962646e-02,1.195355296134948730e+00,-2.081460952758789062e-01,-6.764651834964752197e-02
4.894516170024871826e-01,-1.317632645368576050e-01,6.412781476974487305e-01,-7.797090709209442139e-02,1.724794059991836548e-01,-1.357446610927581787e-01,9.724941253662109375e-01,0.000000000000000000e+00,0.000000000000000000e+00,-2.214094996452331543e-01,-1.137096166610717773e+00,5.277397632598876953e-01,-4.073636531829833984e-01,-9.324201196432113647e-02,3.067239224910736084e-01,9.312340058386325836e-03,6.973987817764282227e-01,3.135065436363220215e-01,-7.743523716926574707e-01,1.704649776220321655e-01,6.240992248058319092e-02,1.653678894042968750e+00,-2.373549491167068481e-01,9.490837156772613525e-02,-1.416156888008117676e+00,2.000000029802322388e-01,-1.177520602941513062e-01,1.244804143905639648e+00,-2.566441893577575684e-01,-9.985071420669555664e-02
5.017910003662109375e-01,-1.310288757085800171e-01,6.483473777770996094e-01,-9.046412259340286255e-02,1.808116286993026733e-01,-1.079455316066741943e-01,9.733812808990478516e-01,0.000000000000000000e+00,0.000000000000000000e+00,-1.546244323253631592e-01,-1.138125896453857422e+00,4.537943899631500244e-01,-3.646728694438934326e-01,-7.761018723249435425e-02,3.291772007942199707e-01,5.529694259166717529e-02,7.362323403358459473e-01,2.909825444221496582e-01,-9.470620751380920410e-01,1.819301843643188477e-01,1.313102897256612778e-02,1.663163781166076660e+00,-2.826725840568542480e-01,1.087534725666046143e-01,-1.384890913963317871e+00,2.000000029802322388e-01,-1.296771615743637085e-01,1.205281734466552734e+00,-2.468897253274917603e-01,-8.234741538763046265e-02
5.124068856239318848e-01,-1.316130161285400391e-01,6.620533466339111328e-01,-9.247599542140960693e-02,1.917860954999923706e-01,-7.737500220537185669e-02,9.740017652511596680e-01,0.000000000000000000e+00,0.000000000000000000e+00,-1.208624765276908875e-01,-1.129332065582275391e+00,4.014870226383209229e-01,-3.364920914173126221e-01,-8.227862417697906494e-02,3.378527760505676270e-01,8.851844817399978638e-02,7.586619853973388672e-01,2.666712999343872070e-01,-1.084223985671997070e+00,1.609079837799072266e-01,-1.111686509102582932e-02,1.558819413185119629e+00,-3.395475149154663086e-01,1.154245883226394653e-01,-1.315614342689514160e+00,2.000000029802322388e-01,-9.447184950113296509e-02,1.081233501434326172e+00,-1.601010710000991821e-01,-1.218200568109750748e-02
5.202281475067138672e-01,-1.312261670827865601e-01,6.757450699806213379e-01,-9.233975410461425781e-02,1.957095414400100708e-01,-5.083687603473663330e-02,9.749804139137268066e-01,0.000000000000000000e+00,0.000000000000000000e+00,-6.208775565028190613e-02,-1.142562389373779297e+00,3.369046747684478760e-01,-3.070894479751586914e-01,-6.564327329397201538e-02,3.694955706596374512e-01,1.055890992283821106e-01,7.685289382934570312e-01,2.376941293478012085e-01,-1.155714273452758789e+00,1.324839591979980469e-01,-3.303288668394088745e-02,1.399471282958984375e+00,-3.632035553455352783e-01,1.162248849868774414e-01,-1.241162776947021484e+00,2.000000029802322388e-01,-6.989636272192001343e-02,9.731698632240295410e-01,-9.896846115589141846e-02,4.216836392879486084e-02
5.257941484451293945e-01,-1.294954568147659302e-01,6.877725720405578613e-01,-9.146847575902938843e-02,1.934567242860794067e-01,-3.299446776509284973e-02,9.762783050537109375e-01,0.000000000000000000e+00,0.000000000000000000e+00,-1.025465782731771469e-02,-1.154495120048522949e+00,2.743848860263824463e-01,-2.828069627285003662e-01,-5.597973987460136414e-02,3.949220776557922363e-01,1.086309328675270081e-01,7.834641337394714355e-01,2.157117575407028198e-01,-1.153096914291381836e+00,9.585820138454437256e-02,-5.057980120182037354e-02,1.186234712600708008e+00,-3.548001050949096680e-01,1.049505695700645447e-01,-1.165956497192382812e+00,2.000000029802322388e-01,-4.159065335988998413e-02,8.823925852775573730e-01,-4.775682091712951660e-02,9.207427501678466797e-02
5.306662917137145996e-01,-1.269308775663375854e-01,6.951050162315368652e-01,-8.904895186424255371e-02,1.887246966361999512e-01,-2.320598810911178589e-02,9.777089357376098633e-01,0.000000000000000000e+00,0.000000000000000000e+00,4.241588711738586426e-02,-1.157866597175598145e+00,2.217945456504821777e-01,-2.571035325527191162e-01,-5.136768519878387451e-02,4.121202528476715088e-01,9.727546572685241699e-02,8.013689517974853516e-01,1.987998634576797485e-01,-1.095277786254882812e+00,7.036159187555313110e-02,-5.881591141223907471e-02,9.996666908264160156e-01,-3.062242567539215088e-01,8.640055358409881592e-02,-1.103479743003845215e+00,1.903900057077407837e-01,-2.554506063461303711e-02,8.294861912727355957e-01,-3.666116669774055481e-02,1.157950535416603088e-01
5.358745455741882324e-01,-1.241032630205154419e-01,6.968789100646972656e-01,-8.367677778005599976e-02,1.842034608125686646e-01,-2.128090895712375641e-02,9.790885448455810547e-01,0.000000000000000000e+00,0.000000000000000000e+00,8.623968809843063354e-02,-1.147792220115661621e+00,1.922043710947036743e-01,-2.351945340633392334e-01,-4.724781960248947144e-02,4.164509773254394531e-01,7.905536144971847534e-02,8.256031274795532227e-01,1.912037283182144165e-01,-1.034661650657653809e+00,6.110687926411628723e-02,-4.222592711448669434e-02,9.087609052658081055e-01,-2.758727371692657471e-01,7.467041164636611938e-02,-1.063780426979064941e+00,1.678942590951919556e-01,-2.182690985500812531e-02,8.184105753898620605e-01,-6.530801206827163696e-02,1.200530007481575012e-01
5.410795807838439941e-01,-1.207682341337203979e-01,6.945195794105529785e-01,-7.989366352558135986e-02,1.796399950981140137e-01,-2.268262207508087158e-02,9.802203774452209473e-01,0.000000000000000000e+00,0.000000000000000000e+00,1.169123426079750061e-01,-1.127054095268249512e+00,1.701382249593734741e-01,-2.143666297197341919e-01,-4.968893527984619141e-02,4.143222272396087646e-01,5.892232432961463928e-02,8.432826995849609375e-01,1.879705041646957397e-01,-9.992743134498596191e-01,6.285214424133300781e-02,-1.622992567718029022e-02,9.001072645187377930e-01,-2.993481159210205078e-01,8.232113718986511230e-02,-1.041509509086608887e+00,1.422043293714523315e-01,-2.306284382939338684e-02,8.340926766395568848e-01,-1.103439554572105408e-01,1.065788492560386658e-01
5.458339452743530273e-01,-1.175481751561164856e-01,6.944397687911987305e-01,-7.746469229459762573e-02,1.743305027484893799e-01,-2.587747946381568909e-02,9.812942743301391602e-01,0.000000000000000000e+00,0.000000000000000000e+00,1.281167119741439819e-01,-1.098065614700317383e+00,1.581771969795227051e-01,-1.986277699470520020e-01,-5.364173278212547302e-02,4.144376218318939209e-01,3.626646846532821655e-02,8.550694584846496582e-01,1.908845454454421997e-01,-9.703005552291870117e-01,6.787464767694473267e-02,1.119370106607675552e-02,9.004082083702087402e-01,-3.188680410385131836e-01,8.905024826526641846e-02,-1.027169227600097656e+00,1.126041114330291748e-01,-2.368324808776378632e-02,8.516772389411926270e-01,-1.361656188964843750e-01,9.579422324895858765e-02
5.514342188835144043e-01,-1.147969588637351990e-01,6.945667266845703125e-01,-7.631494849920272827e-02,1.725610643625259399e-01,-3.159560635685920715e-02,9.815296530723571777e-01,0.000000000000000000e+00,0.000000000000000000e+00,1.172669306397438049e-01,-1.068094611167907715e+00,1.463693976402282715e-01,-1.907843053340911865e-01,-5.783597379922866821e-02,4.185746014118194580e-01,1.837047748267650604e-02,8.611722588539123535e-01,2.010465860366821289e-01,-9.469494819641113281e-01,7.353243231773376465e-02,3.588789328932762146e-02,8.939550518989562988e-01,-3.381443023681640625e-01,9.290976822376251221e-02,-1.023704290390014648e+00,8.736505359411239624e-02,-2.076045237481594086e-02,8.657006621360778809e-01,-1.639325916767120361e-01,8.377327769994735718e-02
5.580641627311706543e-01,-1.129862144589424133e-01,6.948006153106689453e-01,-7.580830156803131104e-02,1.742503345012664795e-01,-3.897287324070930481e-02,9.810051321983337402e-01,0.000000000000000000e+00,0.000000000000000000e+00,8.357279002666473389e-02,-1.038986563682556152e+00,1.376941651105880737e-01,-1.969570368528366089e-01,-5.913763493299484253e-02,4.272609949111938477e-01,-1.833084155805408955e-03,8.616387844085693359e-01,2.205922752618789673e-01,-9.293071627616882324e-01,7.668296247720718384e-02,5.715136975049972534e-02,8.812365531921386719e-01,-3.518396914005279541e-01,9.118900448083877563e-02,-1.034199714660644531e+00,6.386654078960418701e-02,-1.876219548285007477e-02,8.853611350059509277e-01,-1.777970641851425171e-01,7.579646259546279907e-02
5.661136507987976074e-01,-1.122860908508300781e-01,6.958418488502502441e-01,-7.561128586530685425e-02,1.797496974468231201e-01,-4.874955490231513977e-02,9.795899391174316406e-01,0.000000000000000000e+00,0.000000000000000000e+00,2.981830015778541565e-02,-1.016252398490905762e+00,1.322668492794036865e-01,-2.190172970294952393e-01,-5.932026728987693787e-02,4.402239024639129639e-01,-1.401923689991235733e-02,8.493380546569824219e-01,2.484320253133773804e-01,-9.098854064941406250e-01,7.573579251766204834e-02,7.412486523389816284e-02,8.503454327583312988e-01,-3.615389466285705566e-01,8.707166463136672974e-02,-1.055263519287109375e+00,3.731102868914604187e-02,-2.228807099163532257e-02,9.116111397743225098e-01,-1.812301725149154663e-01,7.143054902553558350e-02
5.750000476837158203e-01,-1.138970181345939636e-01,6.973713636398315430e-01,-7.158643007278442383e-02,1.859845966100692749e-01,-5.999007076025009155e-02,9.781033992767333984e-01,0.000000000000000000e+00,0.000000000000000000e+00,-3.974040970206260681e-02,-1.008093833923339844e+00,1.400200873613357544e-01,-2.613022327423095703e-01,-5.358630791306495667e-02,4.522330164909362793e-01,-2.604803629219532013e-02,8.205430507659912109e-01,2.800379395484924316e-01,-8.794023990631103516e-01,6.822847574949264526e-02,9.336855262517929077e-02,8.009752035140991211e-01,-3.568165600299835205e-01,7.696639001369476318e-02,-1.081869959831237793e+00,8.816475048661231995e-03,-2.885533869266510010e-02,9.384530186653137207e-01,-1.697440594434738159e-01,7.695490121841430664e-02
5.841067433357238770e-01,-1.175370067358016968e-01,6.993562579154968262e-01,-6.443145126104354858e-02,1.894396394491195679e-01,-7.292142510414123535e-02,9.770587086677551270e-01,0.000000000000000000e+00,0.000000000000000000e+00,-1.230773851275444031e-01,-1.015028119087219238e+00,1.683913469314575195e-01,-3.236511349678039551e-01,-4.000508785247802734e-02,4.606415331363677979e-01,-4.715360328555107117e-02,7.706794738769531250e-01,3.100472986698150635e-01,-8.339402675628662109e-01,5.943808704614639282e-02,1.138566583395004272e-01,7.415685057640075684e-01,-3.413051068782806396e-01,6.878263503313064575e-02,-1.106097817420959473e+00,-2.113914489746093750e-02,-4.011555761098861694e-02,9.650872945785522461e-01,-1.568150520324707031e-01,8.787472546100616455e-02
5.956343412399291992e-01,-1.240559741854667664e-01,7.019761204719543457e-01,-5.125022307038307190e-02,1.979862898588180542e-01,-8.657313138246536255e-02,9.750281572341918945e-01,0.000000000000000000e+00,0.000000000000000000e+00,-2.177006751298904419e-01,-1.046091318130493164e+00,2.279634773731231689e-01,-3.965426385402679443e-01,-1.286789868026971817e-02,4.732157289981842041e-01,-7.715322077274322510e-02,7.089421153068542480e-01,3.436147272586822510e-01,-7.725975513458251953e-01,3.633205592632293701e-02,1.426405012607574463e-01,6.424451470375061035e-01,-3.072857558727264404e-01,5.437531322240829468e-02,-1.123467683792114258e+00,-5.534380674362182617e-02,-4.978322237730026245e-02,9.760875105857849121e-01,-1.393016576766967773e-01,1.004076600074768066e-01
6.080985665321350098e-01,-1.319492757320404053e-01,7.047418951988220215e-01,-3.701326623558998108e-02,2.053199261426925659e-01,-1.013472378253936768e-01,9.727293848991394043e-01,0.000000000000000000e+00,0.000000000000000000e+00,-3.150457143783569336e-01,-1.087580919265747070e+00,3.125789463520050049e-01,-4.794665277004241943e-01,2.417481318116188049e-02,4.824506044387817383e-01,-9.814562648534774780e-02,6.271871924400329590e-01,3.793943822383880615e-01,-6.866362690925598145e-01,1.078762486577033997e-02,1.776349991559982300e-01,5.033274888992309570e-01,-2.491909563541412354e-01,4.127230867743492126e-02,-1.127261519432067871e+00,-9.555085748434066772e-02,-6.142165884375572205e-02,9.674574732780456543e-01,-1.178769171237945557e-01,1.158312931656837463e-01
6.205187439918518066e-01,-1.393740773200988770e-01,7.062577605247497559e-01,-2.300342358648777008e-02,2.044569998979568481e-01,-1.289881616830825806e-01,9.700671434402465820e-01,0.000000000000000000e+00,0.000000000000000000e+00,-4.000134766101837158e-01,-1.149018406867980957e+00,4.077473580837249756e-01,-5.442635416984558105e-01,6.455052644014358521e-02,4.785611033439636230e-01,-1.104037687182426453e-01,5.495823025703430176e-01,4.325305819511413574e-01,-5.858826041221618652e-01,-8.455716073513031006e-03,2.329962551593780518e-01,3.804155588150024414e-01,-1.795359700918197632e-01,2.964328601956367493e-02,-1.127344846725463867e+00,-1.411892473697662354e-01,-7.179647684097290039e-02,9.648454189300537109e-01,-1.070081666111946106e-01,1.237205862998962402e-01
6.348113417625427246e-01,-1.466660201549530029e-01,7.087843418121337891e-01,-1.566397026181221008e-02,2.070137709379196167e-01,-1.542210876941680908e-01,9.659792184829711914e-01,0.000000000000000000e+00,0.000000000000000000e+00,-4.915110766887664795e-01,-1.178849220275878906e+00,5.230846405029296875e-01,-6.082605719566345215e-01,8.457803726196289062e-02,4.632623195648193359e-01,-1.213954612612724304e-01,4.616351425647735596e-01,4.583808481693267822e-01,-4.872442483901977539e-01,-1.892815530300140381e-02,2.710564434528350830e-01,2.545068860054016113e-01,-1.047682315111160278e-01,7.897802628576755524e-03,-1.093655705451965332e+00,-1.583779305219650269e-01,-8.250539749860763550e-02,8.735679984092712402e-01,-6.401481479406356812e-02,1.409654170274734497e-01
6.476452946662902832e-01,-1.549911499023437500e-01,7.063488364219665527e-01,-2.358481520786881447e-03,1.979182064533233643e-01,-1.899091303348541260e-01,9.616430401802062988e-01,0.000000000000000000e+00,0.000000000000000000e+00,-5.337590575218200684e-01,-1.197861909866333008e+00,5.652006268501281738e-01,-6.478621959686279297e-01,1.129234507679939270e-01,4.200268983840942383e-01,-1.167608126997947693e-01,4.302088320255279541e-01,4.980868101119995117e-01,-4.429043233394622803e-01,-1.680843904614448547e-02,2.858957052230834961e-01,2.916129827499389648e-01,-9.657116979360580444e-02,-2.169904671609401703e-02,-1.095674633979797363e+00,-1.782397329807281494e-01,-9.917629510164260864e-02,8.764113783836364746e-01,-8.698891103267669678e-02,1.499206721782684326e-01
6.589816808700561523e-01,-1.630775183439254761e-01,7.014359235763549805e-01,7.154689170420169830e-03,1.827637255191802979e-01,-2.199954837560653687e-01,9.582005143165588379e-01,0.000000000000000000e+00,0.000000000000000000e+00,-5.683678388595581055e-01,-1.199238777160644531e+00,6.206175088882446289e-01,-6.751374602317810059e-01,1.124848499894142151e-01,3.542225062847137451e-01,-1.195977628231048584e-01,3.778311908245086670e-01,5.174493193626403809e-01,-4.100547730922698975e-01,4.326787311583757401e-03,2.715418040752410889e-01,3.750992417335510254e-01,-1.190606355667114258e-01,-4.737643525004386902e-02,-1.059132933616638184e+00,-1.752283573150634766e-01,-1.303276270627975464e-01,8.398958444595336914e-01,-9.418576210737228394e-02,1.539724618196487427e-01
6.682961583137512207e-01,-1.699101179838180542e-01,6.905099749565124512e-01,1.075722929090261459e-02,1.608432680368423462e-01,-2.462758123874664307e-01,9.556997418403625488e-01,0.000000000000000000e+00,0.000000000000000000e+00,-5.808435678482055664e-01,-1.180189728736877441e+00,6.725576519966125488e-01,-6.829638481140136719e-01,8.951267600059509277e-02,2.791419923305511475e-01,-1.210148781538009644e-01,3.339297771453857422e-01,5.146272182464599609e-01,-4.022007882595062256e-01,6.719676405191421509e-02,2.580689191818237305e-01,5.532476305961608887e-01,-1.631345301866531372e-01,-5.295757949352264404e-02,-1.008720517158508301e+00,-1.439720541238784790e-01,-1.685231775045394897e-01,8.127767443656921387e-01,-1.068720147013664246e-01,1.358268707990646362e-01
6.767079234123229980e-01,-1.745574772357940674e-01,6.773770451545715332e-01,3.035156289115548134e-03,1.391460448503494263e-01,-2.654199004173278809e-01,9.540343284606933594e-01,0.000000000000000000e+00,0.000000000000000000e+00,-5.585417747497558594e-01,-1.145917892456054688e+00,7.047689557075500488e-01,-6.727017760276794434e-01,5.349016189575195312e-02,2.171524614095687866e-01,-1.254452317953109741e-01,3.047555387020111084e-01,5.105742812156677246e-01,-4.064637422561645508e-01,1.931286752223968506e-01,2.711442410945892334e-01,7.827522158622741699e-01,-1.456740796566009521e-01,-1.428381912410259247e-02,-9.739090800285339355e-01,-9.039646387100219727e-02,-1.916529983282089233e-01,8.333380222320556641e-01,-1.410537511110305786e-01,8.460358530282974243e-02
6.830542087554931641e-01,-1.770762503147125244e-01,6.641723513603210449e-01,-1.264222431927919388e-02,1.162205263972282410e-01,-2.801832556724548340e-01,9.528012871742248535e-01,0.000000000000000000e+00,0.000000000000000000e+00,-5.010682344436645508e-01,-1.118655562400817871e+00,6.934759020805358887e-01,-6.407065987586975098e-01,1.436592265963554382e-02,1.622138768434524536e-01,-1.298306435346603394e-01,2.992343902587890625e-01,4.878905415534973145e-01,-4.645229279994964600e-01,3.119037449359893799e-01,2.341503798961639404e-01,1.028883814811706543e+00,-1.858417242765426636e-01,2.156165987253189087e-02,-9.599758386611938477e-01,-8.620948530733585358e-03,-1.984235942363739014e-01,8.821428418159484863e-01,-1.952584385871887207e-01,2.701345272362232208e-02
6.905153393745422363e-01,-1.804975122213363647e-01,6.559519767761230469e-01,-2.940757572650909424e-02,1.085510104894638062e-01,-2.845635414123535156e-01,9.520375132560729980e-01,0.000000000000000000e+00,0.000000000000000000e+00,-4.512256085872650146e-01,-1.093174338340759277e+00,6.717240214347839355e-01,-6.038866043090820312e-01,-3.154523298144340515e-02,1.345150917768478394e-01,-1.406504511833190918e-01,2.938056290149688721e-01,4.545411765575408936e-01,-5.505650043487548828e-01,4.000051915645599365e-01,1.769879460334777832e-01,1.189810156822204590e+00,-2.238141745328903198e-01,7.688054442405700684e-02,-9.680182337760925293e-01,5.927694961428642273e-02,-2.142662853002548218e-01,9.266502261161804199e-01,-2.171588540077209473e-01,-1.033064909279346466e-02
6.948725581169128418e-01,-1.832114309072494507e-01,6.483069658279418945e-01,-4.616471007466316223e-02,9.952268004417419434e-02,-2.825902700424194336e-01,9.529463648796081543e-01,0.000000000000000000e+00,0.000000000000000000e+00,-3.880424797534942627e-01,-1.089274525642395020e+00,6.103376150131225586e-01,-5.447295308113098145e-01,-5.898969247937202454e-02,1.232277527451515198e-01,-1.446819603443145752e-01,3.098087608814239502e-01,4.112903177738189697e-01,-6.921209692955017090e-01,4.708574712276458740e-01,1.042774096131324768e-01,1.322863936424255371e+00,-2.940598726272583008e-01,1.268033236265182495e-01,-9.692119359970092773e-01,1.233875602483749390e-01,-2.357092350721359253e-01,9.604790210723876953e-01,-2.452703118324279785e-01,-2.979329973459243774e-02
6.968073844909667969e-01,-1.863017082214355469e-01,6.441686153411865234e-01,-5.882799997925758362e-02,9.240734577178955078e-02,-2.728571891784667969e-01,9.557976126670837402e-01,0.000000000000000000e+00,0.000000000000000000e+00,-3.280703723430633545e-01,-1.103284716606140137e+00,5.169146656990051270e-01,-4.752863943576812744e-01,-6.335696578025817871e-02,1.325318217277526855e-01,-1.400119066238403320e-01,3.381934463977813721e-01,3.664509952068328857e-01,-8.672483563423156738e-01,5.078212022781372070e-01,2.126328460872173309e-02,1.389044046401977539e+00,-3.736478090286254883e-01,1.657211184501647949e-01,-9.584886431694030762e-01,1.678469032049179077e-01,-2.599049210548400879e-01,9.710393548011779785e-01,-2.655794024467468262e-01,-3.915556892752647400e-02
6.972228884696960449e-01,-1.872553676366806030e-01,6.440247297286987305e-01,-8.137733489274978638e-02,8.965726196765899658e-02,-2.525855600833892822e-01,9.599686861038208008e-01,0.000000000000000000e+00,0.000000000000000000e+00,-2.677473127841949463e-01,-1.109286546707153320e+00,3.488622307777404785e-01,-4.125363230705261230e-01,-6.479619443416595459e-02,1.740969568490982056e-01,-1.255314648151397705e-01,3.678362667560577393e-01,3.873335421085357666e-01,-1.087347149848937988e+00,4.414367675781250000e-01,-1.076294034719467163e-01,1.369683027267456055e+00,-4.004100263118743896e-01,1.838679313659667969e-01,-9.170752167701721191e-01,1.683662980794906616e-01,-3.346074819564819336e-01,9.119868278503417969e-01,-2.549514472484588623e-01,-3.469890728592872620e-02
6.966701149940490723e-01,-1.892578899860382080e-01,6.458557248115539551e-01,-8.949667215347290039e-02,8.807061612606048584e-02,-2.357082366943359375e-01,9.636781215667724609e-01,0.000000000000000000e+00,0.000000000000000000e+00,-2.188643068075180054e-01,-1.125158071517944336e+00,2.239802777767181396e-01,-3.583628237247467041e-01,-5.407276377081871033e-02,2.143871039152145386e-01,-1.149117723107337952e-01,4.271212518215179443e-01,3.776923716068267822e-01,-1.219082593917846680e+00,3.733570873737335205e-01,-1.492669582366943359e-01,1.284876108169555664e+00,-3.772925138473510742e-01,1.821876615285873413e-01,-8.885664939880371094e-01,1.692464351654052734e-01,-3.785395324230194092e-01,8.695237636566162109e-01,-2.521629333496093750e-01,-2.684975601732730865e-02
6.968865990638732910e-01,-1.915528178215026855e-01,6.530843973159790039e-01,-9.812965244054794312e-02,1.023670658469200134e-01,-2.090858519077301025e-01,9.675611853599548340e-01,0.000000000000000000e+00,0.000000000000000000e+00,-2.040203511714935303e-01,-1.119118094444274902e+00,1.185069680213928223e-01,-3.262282609939575195e-01,-6.806629896163940430e-02,2.508249580860137939e-01,-1.183847337961196899e-01,4.722443222999572754e-01,3.612111210823059082e-01,-1.260890960693359375e+00,2.633522450923919678e-01,-1.559431552886962891e-01,1.022715091705322266e+00,-2.755880057811737061e-01,1.372732967138290405e-01,-8.745115995407104492e-01,1.766117513179779053e-01,-4.055633246898651123e-01,7.827093601226806641e-01,-2.238081693649291992e-01,8.595436811447143555e-03
6.934866309165954590e-01,-1.905371546745300293e-01,6.560877561569213867e-01,-9.793879836797714233e-02,9.342786669731140137e-02,-1.943858265876770020e-01,9.715417623519897461e-01,0.000000000000000000e+00,0.000000000000000000e+00,-1.385354399681091309e-01,-1.174880981445312500e+00,9.262360632419586182e-03,-2.869936525821685791e-01,-3.521243482828140259e-02,2.826418578624725342e-01,-1.124314218759536743e-01,5.449318289756774902e-01,3.748660981655120850e-01,-1.254810929298400879e+00,1.529516875743865967e-01,-9.685191512107849121e-02,7.772700786590576172e-01,-1.922804564237594604e-01,8.943152427673339844e-02,-8.245068192481994629e-01,1.501461863517761230e-01,-4.486986398696899414e-01,7.362201213836669922e-01,-2.125933617353439331e-01,4.280093312263488770e-02
6.881594061851501465e-01,-1.888227164745330811e-01,6.558884978294372559e-01,-1.026136651635169983e-01,8.327194303274154663e-02,-1.664370000362396240e-01,9.771565794944763184e-01,0.000000000000000000e+00,0.000000000000000000e+00,-9.298918396234512329e-02,-1.198446035385131836e+00,-4.100625589489936829e-02,-2.756219804286956787e-01,-3.652867674827575684e-02,3.192972242832183838e-01,-1.119777336716651917e-01,6.134713292121887207e-01,3.555040061473846436e-01,-1.139027714729309082e+00,3.833263739943504333e-02,-5.001925304532051086e-02,3.403013646602630615e-01,-1.297105010598897934e-02,1.691503450274467468e-02,-7.919315099716186523e-01,1.354829221963882446e-01,-4.795992672443389893e-01,7.143601775169372559e-01,-1.963836848735809326e-01,5.935297906398773193e-02
6.840007305145263672e-01,-1.863574087619781494e-01,6.504628062248229980e-01,-1.066488176584243774e-01,6.712863594293594360e-02,-1.440477073192596436e-01,9.815141558647155762e-01,0.000000000000000000e+00,0.000000000000000000e+00,-4.505209624767303467e-02,-1.214102864265441895e+00,-7.378070056438446045e-02,-2.705551087856292725e-01,-4.787300154566764832e-02,3.528445065021514893e-01,-9.462171792984008789e-02,6.738593578338623047e-01,3.040354251861572266e-01,-1.074839353561401367e+00,-4.251653328537940979e-02,-1.859146356582641602e-02,6.229983642697334290e-02,1.171209216117858887e-01,-3.925137221813201904e-02,-7.677283883094787598e-01,1.395306736230850220e-01,-4.881879389286041260e-01,7.353558540344238281e-01,-2.134764790534973145e-01,5.427236482501029968e-02
6.809929013252258301e-01,-1.857806295156478882e-01,6.463878750801086426e-01,-1.071734577417373657e-01,4.966104775667190552e-02,-1.199096590280532837e-01,9.857328534126281738e-01,0.000000000000000000e+00,0.000000000000000000e+00,3.740046173334121704e-03,-1.232624769210815430e+00,-8.414707332849502563e-02,-2.736904025077819824e-01,-4.607181251049041748e-02,3.878907561302185059e-01,-5.700826644897460938e-02,7.405874133110046387e-01,2.372364550828933716e-01,-1.050196647644042969e+00,-8.879195898771286011e-02,2.553480677306652069e-03,1.250240165973082185e-04,1.928595006465911865e-01,-6.502713263034820557e-02,-7.324926853179931641e-01,1.503352820873260498e-01,-4.817129373550415039e-01,7.506572008132934570e-01,-2.417206913232803345e-01,3.884930536150932312e-02
6.787806749343872070e-01,-1.867384761571884155e-01,6.431210637092590332e-01,-1.031866818666458130e-01,3.324770554900169373e-02,-1.001072078943252563e-01,9.890528917312622070e-01,0.000000000000000000e+00,0.000000000000000000e+00,4.612384364008903503e-02,-1.257964849472045898e+00,-6.234503537416458130e-02,-2.766747474670410156e-01,-5.060929432511329651e-02,4.200764298439025879e-01,2.068486995995044708e-02,8.027769923210144043e-01,1.715672463178634644e-01,-1.032077908515930176e+00,-1.144104450941085815e-01,1.028149574995040894e-02,1.686810515820980072e-02,2.225791215896606445e-01,-7.091103494167327881e-02,-6.984011530876159668e-01,1.547219455242156982e-01,-4.684513807296752930e-01,7.689220309257507324e-01,-2.715288400650024414e-01,1.898658834397792816e-02
6.782981157302856445e-01,-1.883173137903213501e-01,6.427185535430908203e-01,-9.803550690412521362e-02,2.130921557545661926e-02,-8.552505820989608765e-02,9.912721514701843262e-01,0.000000000000000000e+00,0.000000000000000000e+00,7.984580844640731812e-02,-1.273883819580078125e+00,-4.439417645335197449e-02,-2.842588722705841064e-01,-5.632810667157173157e-02,4.473961889743804932e-01,1.028362885117530823e-01,8.604100346565246582e-01,1.183158308267593384e-01,-1.026957750320434570e+00,-1.282689273357391357e-01,1.492597348988056183e-02,1.089618206024169922e-01,2.068206518888473511e-01,-6.820236146450042725e-02,-6.627323627471923828e-01,1.614071130752563477e-01,-4.478396475315093994e-01,7.660925984382629395e-01,-2.884001433849334717e-01,4.178891424089670181e-03
6.783300042152404785e-01,-1.901426166296005249e-01,6.436377167701721191e-01,-9.296407550573348999e-02,8.381225168704986572e-03,-7.620706409215927124e-02,9.927133917808532715e-01,0.000000000000000000e+00,0.000000000000000000e+00,1.076968461275100708e-01,-1.289531588554382324e+00,-8.656439371407032013e-03,-2.966638505458831787e-01,-5.335995182394981384e-02,4.888623356819152832e-01,1.610660254955291748e-01,9.095144867897033691e-01,7.487546652555465698e-02,-1.020983695983886719e+00,-1.224645227193832397e-01,2.634145878255367279e-02,2.458552420139312744e-01,1.739463508129119873e-01,-6.180469319224357605e-02,-6.122826337814331055e-01,1.690696626901626587e-01,-4.311990439891815186e-01,7.406600713729858398e-01,-2.853607237339019775e-01,3.143792273476719856e-04
6.799253225326538086e-01,-1.921911686658859253e-01,6.464635133743286133e-01,-8.410452306270599365e-02,-2.886185247916728258e-04,-7.707610726356506348e-02,9.934715032577514648e-01,0.000000000000000000e+00,0.000000000000000000e+00,1.275667846202850342e-01,-1.298359513282775879e+00,3.299413993954658508e-02,-3.000629246234893799e-01,-5.025513842701911926e-02,5.514984130859375000e-01,2.037686854600906372e-01,9.578567147254943848e-01,3.620007261633872986e-02,-9.985615015029907227e-01,-1.009153053164482117e-01,2.300838567316532135e-02,3.715684711933135986e-01,1.635739058256149292e-01,-5.599189177155494690e-02,-5.633824467658996582e-01,1.789630651473999023e-01,-3.997174501419067383e-01,6.989917755126953125e-01,-2.757379114627838135e-01,-6.217643618583679199e-03
6.817904114723205566e-01,-1.929504573345184326e-01,6.497340202331542969e-01,-7.526617497205734253e-02,-9.018871001899242401e-03,-8.832686394453048706e-02,9.932029247283935547e-01,0.000000000000000000e+00,0.000000000000000000e+00,1.429016888141632080e-01,-1.303031802177429199e+00,7.935416698455810547e-02,-3.009582459926605225e-01,-4.161446914076805115e-02,6.240307688713073730e-01,2.450935840606689453e-01,9.983154535293579102e-01,1.061883382499217987e-02,-9.587796330451965332e-01,-7.733643800020217896e-02,6.218438968062400818e-03,4.844835102558135986e-01,1.436278074979782104e-01,-4.204208403825759888e-02,-5.114728212356567383e-01,1.906111985445022583e-01,-3.608831465244293213e-01,6.464485526084899902e-01,-2.519924044609069824e-01,-7.259689737111330032e-03
6.836048960685729980e-01,-1.924814283847808838e-01,6.530362367630004883e-01,-6.762450188398361206e-02,-1.742370426654815674e-02,-1.043890714645385742e-01,9.920817613601684570e-01,0.000000000000000000e+00,0.000000000000000000e+00,1.504925489425659180e-01,-1.306233286857604980e+00,1.192536354064941406e-01,-2.977920174598693848e-01,-3.013824857771396637e-02,7.119486331939697266e-01,2.704675197601318359e-01,1.022690653800964355e+00,-1.022100914269685745e-03,-9.033104181289672852e-01,-5.781803652644157410e-02,-1.502289902418851852e-02,5.754051208496093750e-01,1.219902783632278442e-01,-1.942521333694458008e-02,-4.574402272701263428e-01,2.000000029802322388e-01,-3.217081129550933838e-01,5.850117206573486328e-01,-2.170945852994918823e-01,-3.598089970182627439e-04
6.856709718704223633e-01,-1.919109225273132324e-01,6.563731431961059570e-01,-5.797959864139556885e-02,-2.290665730834007263e-02,-1.211081743240356445e-01,9.906798005104064941e-01,0.000000000000000000e+00,0.000000000000000000e+00,1.529343128204345703e-01,-1.307813644409179688e+00,1.565864384174346924e-01,-3.016811311244964600e-01,-1.417178474366664886e-02,8.069172501564025879e-01,2.879399955272674561e-01,1.028250932693481445e+00,-8.571790531277656555e-03,-8.453721404075622559e-01,-3.877200186252593994e-02,-2.742390893399715424e-02,6.703458428382873535e-01,8.497461676597595215e-02,1.205397956073284149e-02,-4.145890474319458008e-01,2.000000029802322388e-01,-2.785539925098419189e-01,5.301123261451721191e-01,-1.828923821449279785e-01,1.237686257809400558e-02
6.885755658149719238e-01,-1.907593011856079102e-01,6.607322096824645996e-01,-4.618835076689720154e-02,-2.059164643287658691e-02,-1.415369957685470581e-01,9.886404275894165039e-01,0.000000000000000000e+00,0.000000000000000000e+00,1.262148469686508179e-01,-1.305235028266906738e+00,1.778406649827957153e-01,-3.165493607521057129e-01,-9.723436087369918823e-03,8.775434494018554688e-01,3.121014237403869629e-01,1.021586775779724121e+00,-1.097966451197862625e-02,-7.796578407287597656e-01,-1.785982400178909302e-02,-3.133436664938926697e-02,7.320145964622497559e-01,5.054605752229690552e-02,3.359560668468475342e-02,-3.809287250041961670e-01,2.000000029802322388e-01,-2.160275727510452271e-01,4.581537842750549316e-01,-1.423362195491790771e-01,2.361147478222846985e-02
6.903539896011352539e-01,-1.886042058467864990e-01,6.624104976654052734e-01,-4.077473655343055725e-02,-2.291859127581119537e-02,-1.588346362113952637e-01,9.861965775489807129e-01,0.000000000000000000e+00,0.000000000000000000e+00,1.113949492573738098e-01,-1.303727984428405762e+00,2.068457454442977905e-01,-3.236356675624847412e-01,8.915099315345287323e-03,9.714093208312988281e-01,3.396371901035308838e-01,9.538299441337585449e-01,-5.984263028949499130e-03,-7.221512198448181152e-01,1.855124835856258869e-03,-2.806459926068782806e-02,8.223525881767272949e-01,-4.531678743660449982e-03,6.292170286178588867e-02,-3.623857796192169189e-01,2.000000029802322388e-01,-1.781649291515350342e-01,4.312222301959991455e-01,-1.238011568784713745e-01,3.022249974310398102e-02
6.907764673233032227e-01,-1.867580860853195190e-01,6.638425588607788086e-01,-3.568133711814880371e-02,-2.685766667127609253e-02,-1.709999144077301025e-01,9.842583537101745605e-01,0.000000000000000000e+00,0.000000000000000000e+00,8.173532783985137939e-02,-1.295950174331665039e+00,2.463779002428054810e-01,-3.252533674240112305e-01,2.770819887518882751e-02,1.059861421585083008e+00,3.631770014762878418e-01,8.673731088638305664e-01,-5.254527553915977478e-03,-6.517773270606994629e-01,2.160107530653476715e-02,-1.224988698959350586e-02,8.814495801925659180e-01,-5.684458091855049133e-02,8.179999887943267822e-02,-3.336847126483917236e-01,2.000000029802322388e-01,-1.410582363605499268e-01,3.900868296623229980e-01,-1.040940508246421814e-01,2.418895624577999115e-02
6.906030178070068359e-01,-1.846690326929092407e-01,6.644677519798278809e-01,-3.276966139674186707e-02,-2.977452985942363739e-02,-1.799440532922744751e-01,9.826799035072326660e-01,0.000000000000000000e+00,0.000000000000000000e+00,4.200759902596473694e-02,-1.296832323074340820e+00,2.783552706241607666e-01,-3.231507539749145508e-01,4.576321318745613098e-02,1.133185744285583496e+00,3.791155815124511719e-01,7.697530388832092285e-01,8.130270871333777905e-04,-5.766540169715881348e-01,3.866044431924819946e-02,9.668048471212387085e-03,9.215112924575805664e-01,-9.572488069534301758e-02,1.004410609602928162e-01,-3.173363506793975830e-01,2.000000029802322388e-01,-1.138594523072242737e-01,3.657018840312957764e-01,-8.398320525884628296e-02,1.254601683467626572e-02
6.898711919784545898e-01,-1.821901500225067139e-01,6.646197438240051270e-01,-3.076375648379325867e-02,-3.200382366776466370e-02,-1.891227513551712036e-01,9.809495210647583008e-01,0.000000000000000000e+00,0.000000000000000000e+00,-1.037299283780157566e-03,-1.299693822860717773e+00,3.068956434726715088e-01,-3.194301128387451172e-01,6.841088086366653442e-02,1.191059827804565430e+00,3.738895654678344727e-01,6.726874709129333496e-01,9.990508668124675751e-03,-4.999839365482330322e-01,5.048104003071784973e-02,3.102962113916873932e-02,9.475934505462646484e-01,-1.263916641473770142e-01,1.050518378615379333e-01,-3.052479624748229980e-01,1.999044865369796753e-01,-9.477373957633972168e-02,3.440542519092559814e-01,-6.605660915374755859e-02,1.850889297202229500e-03
6.886384487152099609e-01,-1.795272678136825562e-01,6.645110249519348145e-01,-2.951257303357124329e-02,-3.313274309039115906e-02,-1.977213621139526367e-01,9.792535305023193359e-01,0.000000000000000000e+00,0.000000000000000000e+00,-5.212685838341712952e-02,-1.300896883010864258e+00,3.463759422302246094e-01,-3.222382068634033203e-01,9.382794052362442017e-02,1.233696460723876953e+00,3.588059544563293457e-01,5.846045017242431641e-01,2.022107131779193878e-02,-4.176602363586425781e-01,5.554980039596557617e-02,5.381098389625549316e-02,9.612017869949340820e-01,-1.298676431179046631e-01,9.712938964366912842e-02,-2.871232032775878906e-01,1.993642896413803101e-01,-8.787500113248825073e-02,3.057771325111389160e-01,-4.982097074389457703e-02,1.726104295812547207e-03
6.865972280502319336e-01,-1.773558706045150757e-01,6.647500991821289062e-01,-2.749065682291984558e-02,-3.345717862248420715e-02,-2.025398313999176025e-01,9.783161282539367676e-01,0.000000000000000000e+00,0.000000000000000000e+00,-1.053394004702568054e-01,-1.305973887443542480e+00,3.704097568988800049e-01,-3.393580019474029541e-01,1.187269836664199829e-01,1.261083602905273438e+00,3.397186696529388428e-01,5.093006491661071777e-01,3.127919137477874756e-02,-3.343891501426696777e-01,5.526252090930938721e-02,7.765588164329528809e-02,9.413482546806335449e-01,-1.154527589678764343e-01,8.173947781324386597e-02,-2.731646597385406494e-01,1.952016204595565796e-01,-8.662497252225875854e-02,2.693479955196380615e-01,-2.853097021579742432e-02,9.312029760621953756e-06
6.835105419158935547e-01,-1.760845631361007690e-01,6.656236052513122559e-01,-2.079267054796218872e-02,-3.455885127186775208e-02,-2.056842893362045288e-01,9.777869582176208496e-01,0.000000000000000000e+00,0.000000000000000000e+00,-1.618173420429229736e-01,-1.310745954513549805e+00,3.850677609443664551e-01,-3.671648800373077393e-01,1.445090919733047485e-01,1.276089310646057129e+00,3.114777803421020508e-01,4.523692131042480469e-01,4.435986280441284180e-02,-2.566932737827301025e-01,4.056978970766067505e-02,9.050054848194122314e-02,8.772639036178588867e-01,-1.077438145875930786e-01,7.387903332710266113e-02,-2.555825412273406982e-01,1.781277954578399658e-01,-9.243548661470413208e-02,2.252304255962371826e-01,-4.862702917307615280e-03,3.850279143080115318e-03
6.803496479988098145e-01,-1.745651513338088989e-01,6.664056181907653809e-01,-1.653802767395973206e-02,-3.451178967952728271e-02,-2.060273140668869019e-01,9.777976274490356445e-01,0.000000000000000000e+00,0.000000000000000000e+00,-2.110862880945205688e-01,-1.317252516746520996e+00,3.829924464225769043e-01,-4.008543789386749268e-01,1.645752638578414917e-01,1.281362771987915039e+00,2.785037755966186523e-01,4.099272787570953369e-01,5.517956987023353577e-02,-1.864977926015853882e-01,1.891969330608844757e-02,9.349471330642700195e-02,7.761521339416503906e-01,-1.108785346150398254e-01,6.893196702003479004e-02,-2.431335002183914185e-01,1.660515666007995605e-01,-9.725008159875869751e-02,1.860960125923156738e-01,1.965244486927986145e-02,1.217367779463529587e-02
6.775028705596923828e-01,-1.738253086805343628e-01,6.680379509925842285e-01,-1.072270609438419342e-02,-3.168250247836112976e-02,-2.041303068399429321e-01,9.783721566200256348e-01,0.000000000000000000e+00,0.000000000000000000e+00,-2.568293809890747070e-01,-1.322619795799255371e+00,3.820164799690246582e-01,-4.346490204334259033e-01,1.809864193201065063e-01,1.280176043510437012e+00,2.493344098329544067e-01,3.787984848022460938e-01,6.067452952265739441e-02,-1.210167855024337769e-01,-7.594931405037641525e-03,8.390564471483230591e-02,6.357836723327636719e-01,-1.179046258330345154e-01,6.670858711004257202e-02,-2.370323240756988525e-01,1.521826535463333130e-01,-9.812774509191513062e-02,1.473820954561233521e-01,4.737193882465362549e-02,2.139429748058319092e-02
6.754790544509887695e-01,-1.730549186468124390e-01,6.700571179389953613e-01,-6.865330506116151810e-03,-2.625283785164356232e-02,-2.010276019573211670e-01,9.792096614837646484e-01,0.000000000000000000e+00,0.000000000000000000e+00,-2.904948592185974121e-01,-1.329826474189758301e+00,3.873489201068878174e-01,-4.644419550895690918e-01,1.947564035654067993e-01,1.276931047439575195e+00,2.092813551425933838e-01,3.643891513347625732e-01,6.438145786523818970e-02,-6.399810314178466797e-02,-2.756182290613651276e-02,7.836500555276870728e-02,4.916744530200958252e-01,-1.277836412191390991e-01,7.154226303100585938e-02,-2.402883619070053101e-01,1.420723497867584229e-01,-1.014259010553359985e-01,1.191345974802970886e-01,7.168399542570114136e-02,4.119796305894851685e-02
6.740019321441650391e-01,-1.718957722187042236e-01,6.706876754760742188e-01,-5.375871900469064713e-03,-1.970932260155677795e-02,-1.991095095872879028e-01,9.797642827033996582e-01,0.000000000000000000e+00,0.000000000000000000e+00,-3.226305544376373291e-01,-1.326903462409973145e+00,3.941623270511627197e-01,-4.926367402076721191e-01,1.948073357343673706e-01,1.273140192031860352e+00,1.970464885234832764e-01,3.572679162025451660e-01,6.854093819856643677e-02,-3.332470357418060303e-02,-3.601178154349327087e-02,7.786384969949722290e-02,3.822910487651824951e-01,-1.252686828374862671e-01,7.967019081115722656e-02,-2.502873539924621582e-01,1.364035755395889282e-01,-1.119500175118446350e-01,9.847445040941238403e-02,7.814009487628936768e-02,4.906246066093444824e-02
