2.342323958873748779e-02,3.992164507508277893e-02,5.405789613723754883e-01,-4.297026433050632477e-03,-3.301203018054366112e-03,-8.782789707183837891e-01,4.781178534030914307e-01,0.000000000000000000e+00,0.000000000000000000e+00,1.180017180740833282e-02,-1.237872123718261719e+00,-9.558822494000196457e-04,-2.065260894596576691e-03,9.396927431225776672e-03,1.231743693351745605e+00,-9.222503285855054855e-04,5.790042268927209079e-05,1.023067277856171131e-03,-5.020364001393318176e-02,-8.296980708837509155e-02,3.125505521893501282e-03,8.140383669807851712e-19,5.474431067705154419e-02,7.429566234350204468e-02,-5.858503282070159912e-02,6.673191487789154053e-02,-5.901189055293798447e-03,5.443644260404514879e-14,6.226485222578048706e-02,-6.262953579425811768e-02
2.343448437750339508e-02,3.993358463048934937e-02,5.405785441398620605e-01,-4.249295219779014587e-03,-3.283305326476693153e-03,-8.782855272293090820e-01,4.781064093112945557e-01,0.000000000000000000e+00,0.000000000000000000e+00,1.151004154235124588e-02,-1.238256692886352539e+00,-1.008701277896761894e-03,-1.615026150830090046e-03,9.564916603267192841e-03,1.232092499732971191e+00,-9.885111358016729355e-04,4.088788409717381001e-04,1.138248015195131302e-03,-5.053449422121047974e-02,-8.317685127258300781e-02,3.081869333982467651e-03,2.252512069655400722e-18,5.550251901149749756e-02,7.507687062025070190e-02,-5.890672281384468079e-02,6.685068458318710327e-02,-6.045034620910882950e-03,8.829047925705199584e-18,6.305582076311111450e-02,-6.325507909059524536e-02
2.343470230698585510e-02,3.993384540081024170e-02,5.405785441398620605e-01,-4.248131532222032547e-03,-3.282761201262474060e-03,-8.782855272293090820e-01,4.781064093112945557e-01,0.000000000000000000e+00,0.000000000000000000e+00,1.149057876318693161e-02,-1.238257884979248047e+00,-9.995370637625455856e-04,-1.585475052706897259e-03,9.577634744346141815e-03,1.232093453407287598e+00,-9.969884995371103287e-04,4.323072789702564478e-04,1.148741808719933033e-03,-5.054347217082977295e-02,-8.318094164133071899e-02,3.071987070143222809e-03,-2.077520356708582611e-18,5.552199482917785645e-02,7.509081810712814331e-02,-5.891286209225654602e-02,6.685218960046768188e-02,-6.056881044059991837e-03,3.202631573568509582e-18,6.307107955217361450e-02,-6.326565146446228027e-02
2.343470603227615356e-02,3.993384912610054016e-02,5.405785441398620605e-01,-4.248104523867368698e-03,-3.282742807641625404e-03,-8.782855272293090820e-01,4.781064093112945557e-01,0.000000000000000000e+00,0.000000000000000000e+00,1.148921344429254532e-02,-1.238257884979248047e+00,-9.986979421228170395e-04,-1.583341276273131371e-03,9.578607045114040375e-03,1.232093453407287598e+00,-9.976436849683523178e-04,4.339431470725685358e-04,1.149951945990324020e-03,-5.054381862282752991e-02,-8.318105340003967285e-02,3.070734906941652298e-03,5.315277327808543961e-18,5.552269145846366882e-02,7.509105652570724487e-02,-5.891285091638565063e-02,6.685215979814529419e-02,-6.058174185454845428e-03,-2.011703249728963305e-20,6.307116150856018066e-02,-6.326583772897720337e-02
2.343470603227615356e-02,3.993384912610054016e-02,5.405785441398620605e-01,-4.248103592544794083e-03,-3.282741643488407135e-03,-8.782855272293090820e-01,4.781064093112945557e-01,0.000000000000000000e+00,0.000000000000000000e+00,1.148911472409963608e-02,-1.238257884979248047e+00,-9.986353106796741486e-04,-1.583185861818492413e-03,9.578678756952285767e-03,1.232093453407287598e+00,-9.976908331736922264e-04,4.340607847552746534e-04,1.150095602497458458e-03,-5.054384469985961914e-02,-8.318106085062026978e-02,3.070585895329713821e-03,1.693999720059596436e-18,5.552273988723754883e-02,7.509106397628784180e-02,-5.891283601522445679e-02,6.685215979814529419e-02,-6.058324128389358521e-03,1.792533474626913093e-18,6.307113170623779297e-02,-6.326584517955780029e-02
2.343470603227615356e-02,3.993384912610054016e-02,5.405785441398620605e-01,-4.248103592544794083e-03,-3.282741643488407135e-03,-8.782855272293090820e-01,4.781064093112945557e-01,0.000000000000000000e+00,0.000000000000000000e+00,1.148910820484161377e-02,-1.238257884979248047e+00,-9.986307704821228981e-04,-1.583174336701631546e-03,9.578684344887733459e-03,1.232093453407287598e+00,-9.976942092180252075e-04,4.340691957622766495e-04,1.150112599134445190e-03,-5.054384842514991760e-02,-8.318106085062026978e-02,3.070568200200796127e-03,2.957349360889385392e-18,5.552274361252784729e-02,7.509106397628784180e-02,-5.891283228993415833e-02,6.685215234756469727e-02,-6.058341823518276215e-03,2.319811484292715054e-18,6.307113170623779297e-02,-6.326584517955780029e-02
2.343470603227615356e-02,3.993384912610054016e-02,5.405785441398620605e-01,-4.248104058206081390e-03,-3.282741643488407135e-03,-8.782855272293090820e-01,4.781064093112945557e-01,0.000000000000000000e+00,0.000000000000000000e+00,1.148910727351903915e-02,-1.238257884979248047e+00,-9.986304212361574173e-04,-1.583173405379056931e-03,9.578684344887733459e-03,1.232093453407287598e+00,-9.976944420486688614e-04,4.340696614235639572e-04,1.150114694610238075e-03,-5.054384842514991760e-02,-8.318106085062026978e-02,3.070566337555646896e-03,-4.948115014953406460e-18,5.552274361252784729e-02,7.509106397628784180e-02,-5.891283228993415833e-02,6.685215234756469727e-02,-6.058344151824712753e-03,2.199744564019417981e-18,6.307113170623779297e-02,-6.326584517955780029e-02
2.343470603227615356e-02,3.993384912610054016e-02,5.405785441398620605e-01,-4.248104058206081390e-03,-3.282741643488407135e-03,-8.782855272293090820e-01,4.781064093112945557e-01,0.000000000000000000e+00,0.000000000000000000e+00,1.148910727351903915e-02,-1.238257884979248047e+00,-9.986304212361574173e-04,-1.583173405379056931e-03,9.578684344887733459e-03,1.232093453407287598e+00,-9.976944420486688614e-04,4.340697196312248707e-04,1.150114927440881729e-03,-5.054384842514991760e-02,-8.318106085062026978e-02,3.070565871894359589e-03,2.444259153090092961e-18,5.552274361252784729e-02,7.509106397628784180e-02,-5.891283228993415833e-02,6.685215234756469727e-02,-6.058344151824712753e-03,-5.498514377101290651e-18,6.307113170623779297e-02,-6.326584517955780029e-02
2.343470603227615356e-02,3.993384912610054016e-02,5.405785441398620605e-01,-4.248104058206081390e-03,-3.282741643488407135e-03,-8.782855272293090820e-01,4.781064093112945557e-01,0.000000000000000000e+00,0.000000000000000000e+00,1.148910727351903915e-02,-1.238257884979248047e+00,-9.986304212361574173e-04,-1.583173288963735104e-03,9.578684344887733459e-03,1.232093453407287598e+00,-9.976944420486688614e-04,4.340696905273944139e-04,1.150114927440881729e-03,-5.054384842514991760e-02,-8.318106085062026978e-02,3.070565871894359589e-03,-3.974450642084588221e-18,5.552274361252784729e-02,7.509106397628784180e-02,-5.891283228993415833e-02,6.685215234756469727e-02,-6.058344151824712753e-03,-5.313014161652598877e-19,6.307113170623779297e-02,-6.326584517955780029e-02
2.343470603227615356e-02,3.993384912610054016e-02,5.405785441398620605e-01,-4.248104058206081390e-03,-3.282741643488407135e-03,-8.782855272293090820e-01,4.781064093112945557e-01,0.000000000000000000e+00,0.000000000000000000e+00,1.148910727351903915e-02,-1.238257884979248047e+00,-9.986304212361574173e-04,-1.583173405379056931e-03,9.578684344887733459e-03,1.232093453407287598e+00,-9.976944420486688614e-04,4.340697196312248707e-04,1.150114927440881729e-03,-5.054384842514991760e-02,-8.318106085062026978e-02,3.070565871894359589e-03,3.362059056109529924e-19,5.552274361252784729e-02,7.509106397628784180e-02,-5.891283228993415833e-02,6.685215234756469727e-02,-6.058344151824712753e-03,-3.380932008965539803e-18,6.307113170623779297e-02,-6.326584517955780029e-02
2.343470603227615356e-02,3.993384912610054016e-02,5.405785441398620605e-01,-4.248104058206081390e-03,-3.282741876319050789e-03,-8.782855272293090820e-01,4.781064093112945557e-01,0.000000000000000000e+00,0.000000000000000000e+00,1.148910727351903915e-02,-1.238257884979248047e+00,-9.986304212361574173e-04,-1.583173288963735104e-03,9.578684344887733459e-03,1.232093453407287598e+00,-9.976944420486688614e-04,4.340696905273944139e-04,1.150114927440881729e-03,-5.054384842514991760e-02,-8.318106085062026978e-02,3.070565871894359589e-03,-5.438216219168625146e-20,5.552274361252784729e-02,7.509106397628784180e-02,-5.891283228993415833e-02,6.685215234756469727e-02,-6.058344151824712753e-03,-2.714740595950032587e-18,6.307113170623779297e-02,-6.326584517955780029e-02
2.343470603227615356e-02,3.993384912610054016e-02,5.405785441398620605e-01,-4.248104058206081390e-03,-3.282741643488407135e-03,-8.782855272293090820e-01,4.781064093112945557e-01,0.000000000000000000e+00,0.000000000000000000e+00,1.148910727351903915e-02,-1.238257884979248047e+00,-9.986304212361574173e-04,-1.583173405379056931e-03,9.578684344887733459e-03,1.232093453407287598e+00,-9.976944420486688614e-04,4.340697196312248707e-04,1.150114927440881729e-03,-5.054384842514991760e-02,-8.318106085062026978e-02,3.070565871894359589e-03,-6.136290481714376261e-18,5.552274361252784729e-02,7.509106397628784180e-02,-5.891283228993415833e-02,6.685215234756469727e-02,-6.058344151824712753e-03,3.574479037413147431e-19,6.307113170623779297e-02,-6.326584517955780029e-02
2.343470603227615356e-02,3.993384912610054016e-02,5.405785441398620605e-01,-4.248104523867368698e-03,-3.282742109149694443e-03,-8.782855272293090820e-01,4.781064093112945557e-01,0.000000000000000000e+00,0.000000000000000000e+00,1.148910820484161377e-02,-1.238257884979248047e+00,-9.986305376514792442e-04,-1.583173056133091450e-03,9.578685276210308075e-03,1.232093453407287598e+00,-9.976940928027033806e-04,4.340695159044116735e-04,1.150115393102169037e-03,-5.054384469985961914e-02,-8.318106085062026978e-02,3.070565871894359589e-03,-3.714411527277518017e-18,5.552274361252784729e-02,7.509106397628784180e-02,-5.891282856464385986e-02,6.685215234756469727e-02,-6.058344151824712753e-03,-9.507944832929521306e-20,6.307113170623779297e-02,-6.326584517955780029e-02
2.343470603227615356e-02,3.993384912610054016e-02,5.405785441398620605e-01,-4.248104058206081390e-03,-3.282742109149694443e-03,-8.782855272293090820e-01,4.781064093112945557e-01,0.000000000000000000e+00,0.000000000000000000e+00,1.148910820484161377e-02,-1.238257884979248047e+00,-9.986306540668010712e-04,-1.583173056133091450e-03,9.578685276210308075e-03,1.232093453407287598e+00,-9.976940928027033806e-04,4.340695741120725870e-04,1.150115393102169037e-03,-5.054384842514991760e-02,-8.318106085062026978e-02,3.070565871894359589e-03,5.866589897352686694e-18,5.552274361252784729e-02,7.509106397628784180e-02,-5.891282856464385986e-02,6.685215234756469727e-02,-6.058344151824712753e-03,-1.915776768452413792e-18,6.307113170623779297e-02,-6.326584517955780029e-02
1.980181969702243805e-02,3.567972034215927124e-02,5.436924099922180176e-01,2.188685908913612366e-02,6.195005029439926147e-03,-8.787220716476440430e-01,4.767915308475494385e-01,0.000000000000000000e+00,0.000000000000000000e+00,7.547069340944290161e-03,-1.216735959053039551e+00,1.706944778561592102e-02,-1.212770715355873108e-01,1.402234658598899841e-02,1.210916042327880859e+00,1.851356402039527893e-02,6.194491311907768250e-02,3.291227156296372414e-03,-1.477179527282714844e-01,-9.140446782112121582e-02,-1.137820581789128482e-04,3.763350099325180054e-02,6.562249362468719482e-02,7.105069607496261597e-02,-1.476081311702728271e-01,5.776859074831008911e-02,-9.614516049623489380e-03,2.707475982606410980e-02,7.011220604181289673e-02,-5.275071412324905396e-02
1.629393920302391052e-02,3.159309923648834229e-02,5.463183522224426270e-01,4.681695997714996338e-02,1.509255822747945786e-02,-8.786892294883728027e-01,4.748532176017761230e-01,0.000000000000000000e+00,0.000000000000000000e+00,6.739151664078235626e-03,-1.195540904998779297e+00,3.234311565756797791e-02,-2.439920306205749512e-01,2.104506827890872955e-02,1.189409971237182617e+00,3.677385300397872925e-02,1.250930875539779663e-01,5.285410210490226746e-03,-2.725916802883148193e-01,-9.956321865320205688e-02,1.005687285214662552e-03,1.320010870695114136e-01,5.187533795833587646e-02,6.742934137582778931e-02,-2.653012573719024658e-01,4.884314909577369690e-02,-1.245613209903240204e-02,1.126213371753692627e-01,5.338626727461814880e-02,-4.242606088519096375e-02
1.267168950289487839e-02,2.734288945794105530e-02,5.483646988868713379e-01,7.180076092481613159e-02,2.402251213788986206e-02,-8.781834840774536133e-01,4.722937345504760742e-01,0.000000000000000000e+00,0.000000000000000000e+00,5.972171202301979065e-03,-1.174899339675903320e+00,4.560883343219757080e-02,-3.674151301383972168e-01,2.837943099439144135e-02,1.167491436004638672e+00,5.399778112769126892e-02,1.889423877000808716e-01,6.830600090324878693e-03,-4.010056257247924805e-01,-1.071877256035804749e-01,5.013614427298307419e-03,2.331147342920303345e-01,3.413748368620872498e-02,6.406056135892868042e-02,-3.901087939739227295e-01,4.058104753494262695e-02,-1.296262815594673157e-02,2.107548266649246216e-01,3.087219595909118652e-02,-3.225975483655929565e-02
9.929239749908447266e-03,2.396625652909278870e-02,5.493910312652587891e-01,9.000899642705917358e-02,3.117955662310123444e-02,-8.778042793273925781e-01,4.694527685642242432e-01,0.000000000000000000e+00,0.000000000000000000e+00,1.247341372072696686e-02,-1.166545867919921875e+00,6.249976903200149536e-02,-4.624230265617370605e-01,4.670133814215660095e-02,1.165725588798522949e+00,7.368847727775573730e-02,2.347545474767684937e-01,6.621708162128925323e-03,-5.011823177337646484e-01,-1.110278517007827759e-01,1.091864984482526779e-02,3.075205981731414795e-01,3.068155050277709961e-02,6.771343201398849487e-02,-4.879300892353057861e-01,3.901455551385879517e-02,-1.290860027074813843e-02,2.825014591217041016e-01,2.407948113977909088e-02,-2.904787659645080566e-02
6.398465950042009354e-03,1.975050009787082672e-02,5.503819584846496582e-01,1.127427369356155396e-01,3.949650749564170837e-02,-8.767248392105102539e-01,4.659213423728942871e-01,0.000000000000000000e+00,0.000000000000000000e+00,1.154049206525087357e-02,-1.148370742797851562e+00,7.634570449590682983e-02,-5.736779570579528809e-01,5.615526437759399414e-02,1.147458314895629883e+00,9.163959324359893799e-02,2.910658419132232666e-01,7.077311631292104721e-03,-6.165243387222290039e-01,-1.150172427296638489e-01,1.776731759309768677e-02,3.942731916904449463e-01,1.784766465425491333e-02,6.515482068061828613e-02,-6.036649346351623535e-01,3.486727550625801086e-02,-1.030329708009958267e-02,3.716706037521362305e-01,5.501952022314071655e-03,-2.012422308325767517e-02
2.657473320141434669e-03,1.532955933362245560e-02,5.507173538208007812e-01,1.360640525817871094e-01,4.783637821674346924e-02,-8.751869201660156250e-01,4.617858231067657471e-01,0.000000000000000000e+00,0.000000000000000000e+00,1.203253399580717087e-02,-1.130793213844299316e+00,8.759628981351852417e-02,-6.908374428749084473e-01,6.597485393285751343e-02,1.127375602722167969e+00,1.083067059516906738e-01,3.507515192031860352e-01,8.335198275744915009e-03,-7.378851771354675293e-01,-1.183456555008888245e-01,2.603395842015743256e-02,4.898879826068878174e-01,5.421131500042974949e-04,6.256879866123199463e-02,-7.286685705184936523e-01,3.126220777630805969e-02,-6.982581224292516708e-03,4.753983914852142334e-01,-1.989014446735382080e-02,-1.090824231505393982e-02
-1.267983345314860344e-03,1.073485985398292542e-02,5.504195094108581543e-01,1.596790403127670288e-01,5.609840899705886841e-02,-8.731997013092041016e-01,4.570315480232238770e-01,0.000000000000000000e+00,0.000000000000000000e+00,1.366594899445772171e-02,-1.114466667175292969e+00,9.661743044853210449e-02,-8.109855651855468750e-01,7.645945250988006592e-02,1.106399416923522949e+00,1.236405596137046814e-01,4.122084379196166992e-01,1.100258342921733856e-02,-8.603304028511047363e-01,-1.212916970252990723e-01,3.496459871530532837e-02,5.863866806030273438e-01,-1.768222264945507050e-02,6.030541658401489258e-02,-8.567968010902404785e-01,2.814578823745250702e-02,-3.273532260209321976e-03,5.835763216018676758e-01,-4.783789440989494324e-02,-1.806372543796896935e-03
-5.347209051251411438e-03,5.974860861897468567e-03,5.496608614921569824e-01,1.835028231143951416e-01,6.436766684055328369e-02,-8.707489371299743652e-01,4.516412913799285889e-01,0.000000000000000000e+00,0.000000000000000000e+00,1.585120707750320435e-02,-1.099429965019226074e+00,1.037958487868309021e-01,-9.329309463500976562e-01,8.736220002174377441e-02,1.084708452224731445e+00,1.376475840806961060e-01,4.748800992965698242e-01,1.558004878461360931e-02,-9.803906679153442383e-01,-1.242064908146858215e-01,4.388024285435676575e-02,6.774051785469055176e-01,-3.377027064561843872e-02,5.838704481720924377e-02,-9.825313687324523926e-01,2.526446431875228882e-02,6.540890317410230637e-04,6.861660480499267578e-01,-7.382263988256454468e-02,7.169383112341165543e-03
-9.517317637801170349e-03,1.086607459001243114e-03,5.486419200897216797e-01,2.073797285556793213e-01,7.275012880563735962e-02,-8.678295016288757324e-01,4.456153810024261475e-01,0.000000000000000000e+00,0.000000000000000000e+00,1.818933337926864624e-02,-1.085605859756469727e+00,1.095046922564506531e-01,-1.055839180946350098e+00,9.849869459867477417e-02,1.062534451484680176e+00,1.503781229257583618e-01,5.383846759796142578e-01,2.205375209450721741e-02,-1.096077919006347656e+00,-1.271090507507324219e-01,5.251038819551467896e-02,7.596192955970764160e-01,-4.601623117923736572e-02,5.678771808743476868e-02,-1.102393746376037598e+00,2.267690934240818024e-02,4.855078645050525665e-03,7.770383954048156738e-01,-9.479605406522750854e-02,1.602473668754100800e-02
-1.371806487441062927e-02,-3.875196212902665138e-03,5.474860668182373047e-01,2.311442643404006958e-01,8.128912746906280518e-02,-8.644478321075439453e-01,4.389697015285491943e-01,0.000000000000000000e+00,0.000000000000000000e+00,2.046409435570240021e-02,-1.072960376739501953e+00,1.141365692019462585e-01,-1.179035425186157227e+00,1.097925230860710144e-01,1.040086865425109863e+00,1.619206517934799194e-01,6.023854613304138184e-01,3.005314804613590240e-02,-1.206972599029541016e+00,-1.297274529933929443e-01,6.092879176139831543e-02,8.328413963317871094e-01,-5.422217771410942078e-02,5.547217652201652527e-02,-1.215628623962402344e+00,2.070450596511363983e-02,9.461787529289722443e-03,8.551944494247436523e-01,-1.099535152316093445e-01,2.474444359540939331e-02
-1.791346445679664612e-02,-8.862485177814960480e-03,5.462203621864318848e-01,2.546901106834411621e-01,8.997439593076705933e-02,-8.606123328208923340e-01,4.317221343517303467e-01,0.000000000000000000e+00,0.000000000000000000e+00,2.257193252444267273e-02,-1.061536550521850586e+00,1.180818378925323486e-01,-1.302055716514587402e+00,1.212337836623191833e-01,1.017476320266723633e+00,1.723612993955612183e-01,6.666359305381774902e-01,3.921711444854736328e-02,-1.313747048377990723e+00,-1.317432522773742676e-01,6.933591514825820923e-02,8.988071680068969727e-01,-5.916171148419380188e-02,5.441987514495849609e-02,-1.323282718658447266e+00,1.967095211148262024e-02,1.453678682446479797e-02,9.228630661964416504e-01,-1.200815290212631226e-01,3.330441191792488098e-02
-2.162084169685840607e-02,-1.355549879372119904e-02,5.439295172691345215e-01,2.750427424907684326e-01,9.821315854787826538e-02,-8.570437431335449219e-01,4.244781136512756348e-01,0.000000000000000000e+00,0.000000000000000000e+00,4.643592610955238342e-02,-1.048561215400695801e+00,1.189675405621528625e-01,-1.451584935188293457e+00,1.489270180463790894e-01,9.963821172714233398e-01,1.828870773315429688e-01,7.448651194572448730e-01,5.020846426486968994e-02,-1.425795793533325195e+00,-1.322835385799407959e-01,7.822597026824951172e-02,9.841680526733398438e-01,-7.030350714921951294e-02,5.466338992118835449e-02,-1.434959888458251953e+00,1.901476643979549408e-02,1.710980571806430817e-02,1.007999181747436523e+00,-1.357145160436630249e-01,4.190090671181678772e-02
-2.568845450878143311e-02,-1.853714324533939362e-02,5.421804189682006836e-01,2.975144088268280029e-01,1.071609258651733398e-01,-8.525084853172302246e-01,4.162102937698364258e-01,0.000000000000000000e+00,0.000000000000000000e+00,5.733174830675125122e-02,-1.037727713584899902e+00,1.169314086437225342e-01,-1.586555719375610352e+00,1.663161814212799072e-01,9.728951454162597656e-01,1.884032338857650757e-01,8.161960840225219727e-01,6.165020912885665894e-02,-1.528997421264648438e+00,-1.325594484806060791e-01,8.700957149267196655e-02,1.046549320220947266e+00,-7.418473809957504272e-02,5.430176481604576111e-02,-1.537128210067749023e+00,1.986750029027462006e-02,2.223757468163967133e-02,1.067620873451232910e+00,-1.422191858291625977e-01,5.009421706199645996e-02
-2.949421852827072144e-02,-2.333037368953227997e-02,5.400601029396057129e-01,3.183988332748413086e-01,1.159406751394271851e-01,-8.479319810867309570e-01,4.076657295227050781e-01,0.000000000000000000e+00,0.000000000000000000e+00,7.859310507774353027e-02,-1.026836037635803223e+00,1.133119761943817139e-01,-1.733776569366455078e+00,1.918947696685791016e-01,9.493131637573242188e-01,1.925482451915740967e-01,8.947237133979797363e-01,7.428330928087234497e-02,-1.631285071372985840e+00,-1.317348629236221313e-01,9.589386731386184692e-02,1.112516880035400391e+00,-7.920477539300918579e-02,5.449877679347991943e-02,-1.637602210044860840e+00,2.150062099099159241e-02,2.656646259129047394e-02,1.129086017608642578e+00,-1.488578915596008301e-01,5.821956694126129150e-02
-3.343211486935615540e-02,-2.816034853458404541e-02,5.380586981773376465e-01,3.401100635528564453e-01,1.250263303518295288e-01,-8.426640629768371582e-01,3.982597887516021729e-01,0.000000000000000000e+00,0.000000000000000000e+00,8.909811824560165405e-02,-1.018941283226013184e+00,1.117500364780426025e-01,-1.867342114448547363e+00,2.104524672031402588e-01,9.249652624130249023e-01,1.949447989463806152e-01,9.666519761085510254e-01,8.757490664720535278e-02,-1.729291081428527832e+00,-1.298963874578475952e-01,1.051160693168640137e-01,1.167791485786437988e+00,-7.973077148199081421e-02,5.471792072057723999e-02,-1.734081983566284180e+00,2.489304356276988983e-02,3.230642154812812805e-02,1.178952574729919434e+00,-1.497164070606231689e-01,6.606148183345794678e-02
-3.604407981038093567e-02,-3.144338354468345642e-02,5.369816422462463379e-01,3.533365428447723389e-01,1.305706053972244263e-01,-8.404422402381896973e-01,3.895657360553741455e-01,0.000000000000000000e+00,0.000000000000000000e+00,1.254787296056747437e-01,-1.011033773422241211e+00,1.096507832407951355e-01,-2.014108180999755859e+00,2.519876360893249512e-01,8.997165560722351074e-01,1.968972831964492798e-01,1.045766830444335938e+00,1.008454114198684692e-01,-1.799999952316284180e+00,-1.264105290174484253e-01,1.119030565023422241e-01,1.216219186782836914e+00,-8.153955638408660889e-02,5.555347725749015808e-02,-1.799999952316284180e+00,2.988278679549694061e-02,3.587123379111289978e-02,1.216259360313415527e+00,-1.498193889856338501e-01,7.359446585178375244e-02
-4.345673695206642151e-02,-3.695677220821380615e-02,5.371573567390441895e-01,3.573884665966033936e-01,1.260449141263961792e-01,-8.360754251480102539e-01,3.966913521289825439e-01,0.000000000000000000e+00,0.000000000000000000e+00,1.321380585432052612e-01,-1.017435908317565918e+00,9.427630901336669922e-02,-2.035526990890502930e+00,2.615507543087005615e-01,9.016629457473754883e-01,1.958779096603393555e-01,1.051303267478942871e+00,1.006230413913726807e-01,-1.799999952316284180e+00,-1.429457217454910278e-01,1.063069552183151245e-01,1.168337702751159668e+00,-8.895158767700195312e-02,5.717383697628974915e-02,-1.799999952316284180e+00,1.311371196061372757e-02,3.879963606595993042e-02,1.255671977996826172e+00,-1.607380658388137817e-01,6.552094221115112305e-02
-5.159324035048484802e-02,-4.522786661982536316e-02,5.366049408912658691e-01,3.614741861820220947e-01,1.256089210510253906e-01,-8.312581181526184082e-01,4.031981229782104492e-01,0.000000000000000000e+00,0.000000000000000000e+00,1.304181963205337524e-01,-1.013855695724487305e+00,8.821865171194076538e-02,-2.034306526184082031e+00,2.571931779384613037e-01,9.204931259155273438e-01,2.068062424659729004e-01,1.044675588607788086e+00,1.058562844991683960e-01,-1.799999952316284180e+00,-1.688546687364578247e-01,1.037576943635940552e-01,1.129138231277465820e+00,-1.216213330626487732e-01,6.530097872018814087e-02,-1.799999952316284180e+00,-6.694335490465164185e-03,3.528130799531936646e-02,1.303820133209228516e+00,-1.545665711164474487e-01,6.112688779830932617e-02
-5.875270068645477295e-02,-5.450445041060447693e-02,5.354104638099670410e-01,3.570881187915802002e-01,1.250420510768890381e-01,-8.317679762840270996e-01,4.062199294567108154e-01,0.000000000000000000e+00,0.000000000000000000e+00,1.249398887157440186e-01,-1.012562513351440430e+00,9.268317371606826782e-02,-2.025356292724609375e+00,2.575415372848510742e-01,9.341908097267150879e-01,2.261945158243179321e-01,1.049740552902221680e+00,1.391306519508361816e-01,-1.777432084083557129e+00,-1.998897194862365723e-01,1.188293769955635071e-01,1.110149383544921875e+00,-1.490795612335205078e-01,1.003792956471443176e-01,-1.799999952316284180e+00,-2.777662687003612518e-02,3.966362401843070984e-02,1.373978972434997559e+00,-4.383217170834541321e-02,1.047718897461891174e-01
-6.739211827516555786e-02,-6.442169845104217529e-02,5.382211804389953613e-01,3.527628481388092041e-01,1.209043338894844055e-01,-8.343656063079833984e-01,4.059243798255920410e-01,0.000000000000000000e+00,0.000000000000000000e+00,1.244359612464904785e-01,-1.005818843841552734e+00,1.003110557794570923e-01,-2.009836196899414062e+00,2.674638032913208008e-01,9.352758526802062988e-01,2.424969673156738281e-01,1.073113918304443359e+00,1.377815902233123779e-01,-1.742088317871093750e+00,-2.000000029802322388e-01,1.178136095404624939e-01,1.123581051826477051e+00,-1.901697069406509399e-01,1.241515427827835083e-01,-1.799999952316284180e+00,5.856131901964545250e-04,4.074047878384590149e-02,1.416877627372741699e+00,2.481966465711593628e-02,1.439610421657562256e-01
-7.560362666845321655e-02,-7.628679275512695312e-02,5.449437499046325684e-01,3.453212678432464600e-01,1.216051876544952393e-01,-8.384599685668945312e-01,4.036709964275360107e-01,0.000000000000000000e+00,0.000000000000000000e+00,1.346270143985748291e-01,-9.910527467727661133e-01,1.118429675698280334e-01,-1.979836463928222656e+00,2.763054370880126953e-01,9.373098015785217285e-01,2.483849674463272095e-01,1.116585016250610352e+00,1.402747333049774170e-01,-1.690662622451782227e+00,-2.000000029802322388e-01,1.062173098325729370e-01,1.130861401557922363e+00,-2.264788299798965454e-01,1.424272656440734863e-01,-1.799999952316284180e+00,6.925780326128005981e-03,4.109200462698936462e-02,1.418842792510986328e+00,3.949965536594390869e-02,1.544387191534042358e-01
-8.522951602935791016e-02,-8.867005258798599243e-02,5.515953302383422852e-01,3.406901955604553223e-01,1.220749765634536743e-01,-8.400339484214782715e-01,4.041916429996490479e-01,0.000000000000000000e+00,0.000000000000000000e+00,1.441097855567932129e-01,-9.707497358322143555e-01,1.225503906607627869e-01,-1.930151939392089844e+00,2.661532163619995117e-01,9.317283630371093750e-01,2.494690865278244019e-01,1.164748787879943848e+00,1.334942132234573364e-01,-1.640610218048095703e+00,-1.938990801572799683e-01,9.982072561979293823e-02,1.135591745376586914e+00,-2.288700640201568604e-01,1.434356421232223511e-01,-1.799999952316284180e+00,1.208700612187385559e-02,4.707976058125495911e-02,1.338961839675903320e+00,-9.139070287346839905e-03,1.448051333427429199e-01
-9.906253218650817871e-02,-1.016947403550148010e-01,5.558991432189941406e-01,3.494574129581451416e-01,1.185573488473892212e-01,-8.364341259002685547e-01,4.052180349826812744e-01,0.000000000000000000e+00,0.000000000000000000e+00,1.458976417779922485e-01,-9.627563357353210449e-01,1.320409327745437622e-01,-1.863050580024719238e+00,2.202892601490020752e-01,9.228138923645019531e-01,2.374836504459381104e-01,1.210301637649536133e+00,1.020265668630599976e-01,-1.614944338798522949e+00,-1.736306995153427124e-01,1.098326817154884338e-01,1.152165055274963379e+00,-1.975744813680648804e-01,1.238907054066658020e-01,-1.799999952316284180e+00,3.460431843996047974e-02,6.148816645145416260e-02,1.228584766387939453e+00,-5.779133737087249756e-02,1.302437484264373779e-01
-1.134788915514945984e-01,-1.149546429514884949e-01,5.548984408378601074e-01,3.562998771667480469e-01,1.155562847852706909e-01,-8.285750746726989746e-01,4.161255955696105957e-01,0.000000000000000000e+00,0.000000000000000000e+00,1.510116308927536011e-01,-9.620425105094909668e-01,1.419132500886917114e-01,-1.772696971893310547e+00,1.565671563148498535e-01,9.222294092178344727e-01,2.189399302005767822e-01,1.265138268470764160e+00,5.315404385328292847e-02,-1.607557177543640137e+00,-1.506296992301940918e-01,1.128259524703025818e-01,1.188610553741455078e+00,-1.047477647662162781e-01,7.678215205669403076e-02,-1.799999952316284180e+00,6.766500324010848999e-02,7.080553472042083740e-02,1.164661765098571777e+00,-1.019403338432312012e-01,1.071397513151168823e-01
-1.278128325939178467e-01,-1.300805360078811646e-01,5.514584183692932129e-01,3.607693612575531006e-01,1.177763491868972778e-01,-8.189742565155029297e-01,4.304130077362060547e-01,0.000000000000000000e+00,0.000000000000000000e+00,1.730087846517562866e-01,-9.621950984001159668e-01,1.573623120784759521e-01,-1.656345009803771973e+00,9.114057570695877075e-02,9.197337627410888672e-01,1.906385719776153564e-01,1.368018269538879395e+00,1.522798184305429459e-02,-1.627692699432373047e+00,-1.251972019672393799e-01,1.129605695605278015e-01,1.252780795097351074e+00,-2.070185169577598572e-02,5.165094882249832153e-02,-1.799999952316284180e+00,7.536052167415618896e-02,5.450473725795745850e-02,1.193173408508300781e+00,-1.546446233987808228e-01,6.408552825450897217e-02
-1.407452821731567383e-01,-1.447968035936355591e-01,5.482742786407470703e-01,3.546650707721710205e-01,1.191345006227493286e-01,-8.156925439834594727e-01,4.412089884281158447e-01,0.000000000000000000e+00,0.000000000000000000e+00,2.102496474981307983e-01,-9.583147764205932617e-01,1.733142882585525513e-01,-1.523014426231384277e+00,5.470534786581993103e-02,9.150549173355102539e-01,1.375939399003982544e-01,1.534405112266540527e+00,-2.291421778500080109e-02,-1.652261495590209961e+00,-8.945851027965545654e-02,1.033707633614540100e-01,1.323803663253784180e+00,8.837377652525901794e-03,5.857510492205619812e-02,-1.768971920013427734e+00,8.851881325244903564e-02,2.552385628223419189e-02,1.232401251792907715e+00,-2.539668381214141846e-01,1.927440799772739410e-02
-1.551337987184524536e-01,-1.591360867023468018e-01,5.530966520309448242e-01,3.490314781665802002e-01,1.147820204496383667e-01,-8.111358880996704102e-01,4.550392627716064453e-01,0.000000000000000000e+00,0.000000000000000000e+00,2.597527205944061279e-01,-9.508352875709533691e-01,1.883177757263183594e-01,-1.426171422004699707e+00,2.338790148496627808e-02,9.012985229492187500e-01,5.034540593624114990e-02,1.725226521492004395e+00,-5.482524260878562927e-02,-1.687461733818054199e+00,-5.629559233784675598e-02,9.699988365173339844e-02,1.360616207122802734e+00,-9.150950238108634949e-03,7.359363883733749390e-02,-1.703839540481567383e+00,7.945384085178375244e-02,-4.414146766066551208e-03,1.241159677505493164e+00,-3.195508718490600586e-01,-1.348306518048048019e-02
-1.694024354219436646e-01,-1.746414452791213989e-01,5.602982640266418457e-01,3.426704108715057373e-01,1.112725734710693359e-01,-8.075260519981384277e-01,4.670086205005645752e-01,0.000000000000000000e+00,0.000000000000000000e+00,3.043792545795440674e-01,-9.488381147384643555e-01,1.860385984182357788e-01,-1.379812717437744141e+00,1.453251694329082966e-03,8.945417404174804688e-01,-2.960155904293060303e-02,1.873503446578979492e+00,-7.648227363824844360e-02,-1.713742613792419434e+00,-4.663965106010437012e-02,9.184797108173370361e-02,1.317702889442443848e+00,-4.243389517068862915e-02,8.313988149166107178e-02,-1.620816111564636230e+00,6.579390168190002441e-02,-2.962902560830116272e-02,1.224494099617004395e+00,-3.510403335094451904e-01,-2.232906222343444824e-02
-1.834087669849395752e-01,-1.924694627523422241e-01,5.697590112686157227e-01,3.384572863578796387e-01,1.120722442865371704e-01,-8.043290376663208008e-01,4.753327965736389160e-01,0.000000000000000000e+00,0.000000000000000000e+00,3.395211398601531982e-01,-9.497001171112060547e-01,1.778846532106399536e-01,-1.377040147781372070e+00,-1.497135148383677006e-03,8.953606486320495605e-01,-7.179683446884155273e-02,1.945234775543212891e+00,-8.116445690393447876e-02,-1.715103626251220703e+00,-7.282717525959014893e-02,8.336390554904937744e-02,1.201730370521545410e+00,-6.301358342170715332e-02,8.108912408351898193e-02,-1.528655886650085449e+00,4.994039610028266907e-02,-4.920598119497299194e-02,1.183175325393676758e+00,-3.485524356365203857e-01,-6.999745499342679977e-03
-1.972097754478454590e-01,-2.126995921134948730e-01,5.803646445274353027e-01,3.372189700603485107e-01,1.183996871113777161e-01,-7.982760667800903320e-01,4.847888350486755371e-01,0.000000000000000000e+00,0.000000000000000000e+00,3.685286939144134521e-01,-9.547923803329467773e-01,1.644541621208190918e-01,-1.400915861129760742e+00,1.329255755990743637e-02,9.048032760620117188e-01,-7.884760946035385132e-02,1.961855292320251465e+00,-6.798528879880905151e-02,-1.685352683067321777e+00,-1.236179172992706299e-01,8.269687741994857788e-02,1.033698797225952148e+00,-5.966482311487197876e-02,6.982356309890747070e-02,-1.432983994483947754e+00,2.822080627083778381e-02,-6.819114089012145996e-02,1.131999373435974121e+00,-3.417251408100128174e-01,1.803861930966377258e-02
-2.094826102256774902e-01,-2.332952767610549927e-01,5.881431102752685547e-01,3.332656919956207275e-01,1.255736052989959717e-01,-7.946867942810058594e-01,4.915669858455657959e-01,0.000000000000000000e+00,0.000000000000000000e+00,3.796291947364807129e-01,-9.690012335777282715e-01,1.533365696668624878e-01,-1.430285334587097168e+00,5.052579939365386963e-02,9.116573333740234375e-01,-6.029878929257392883e-02,1.928874254226684570e+00,-3.572721034288406372e-02,-1.612647175788879395e+00,-1.944883465766906738e-01,8.084251731634140015e-02,8.431129455566406250e-01,-3.515101224184036255e-02,5.873002484440803528e-02,-1.336269974708557129e+00,2.485926263034343719e-03,-8.444699645042419434e-02,1.090358972549438477e+00,-2.885113358497619629e-01,6.131421029567718506e-02
-2.201017737388610840e-01,-2.524605989456176758e-01,5.905201435089111328e-01,3.246669173240661621e-01,1.298034191131591797e-01,-7.967427372932434082e-01,4.928929805755615234e-01,0.000000000000000000e+00,0.000000000000000000e+00,3.749651014804840088e-01,-9.880151748657226562e-01,1.461372524499893188e-01,-1.456300020217895508e+00,9.943068772554397583e-02,9.131060838699340820e-01,-1.065732445567846298e-02,1.850236654281616211e+00,-3.988781943917274475e-02,-1.533053636550903320e+00,-2.000000029802322388e-01,9.168408066034317017e-02,7.300796508789062500e-01,-3.807867690920829773e-02,6.281095743179321289e-02,-1.237134337425231934e+00,1.168646663427352905e-02,-9.880850464105606079e-02,1.045470714569091797e+00,-1.418991982936859131e-01,1.112860441207885742e-01
-2.297059595584869385e-01,-2.707363367080688477e-01,5.894181132316589355e-01,3.140306174755096436e-01,1.327884942293167114e-01,-7.988374829292297363e-01,4.955912530422210693e-01,0.000000000000000000e+00,0.000000000000000000e+00,3.431043922901153564e-01,-1.014209151268005371e+00,1.398725509643554688e-01,-1.486236095428466797e+00,1.621052920818328857e-01,9.170365929603576660e-01,5.852035433053970337e-02,1.724658012390136719e+00,-4.430074617266654968e-02,-1.477895736694335938e+00,-2.000000029802322388e-01,9.771842509508132935e-02,7.042380571365356445e-01,-8.052560687065124512e-02,8.482251316308975220e-02,-1.185006499290466309e+00,2.824229747056961060e-02,-9.373988956212997437e-02,1.055083036422729492e+00,-7.981548085808753967e-03,1.432397067546844482e-01
-2.388563603162765503e-01,-2.890705466270446777e-01,5.847765803337097168e-01,3.054792881011962891e-01,1.365854889154434204e-01,-8.024409413337707520e-01,4.940802752971649170e-01,0.000000000000000000e+00,0.000000000000000000e+00,2.844690680503845215e-01,-1.038173079490661621e+00,1.320510059595108032e-01,-1.521166324615478516e+00,2.173776030540466309e-01,9.281667470932006836e-01,1.250484138727188110e-01,1.577757954597473145e+00,-3.589694947004318237e-02,-1.453971266746520996e+00,-2.000000029802322388e-01,9.265375137329101562e-02,7.596548199653625488e-01,-1.328505873680114746e-01,1.249974444508552551e-01,-1.188788890838623047e+00,4.100362211465835571e-02,-8.624476194381713867e-02,1.120787382125854492e+00,8.643186092376708984e-02,1.684455722570419312e-01
-2.472657859325408936e-01,-3.057633638381958008e-01,5.793496370315551758e-01,2.940009236335754395e-01,1.364230066537857056e-01,-8.061679601669311523e-01,4.950206875801086426e-01,0.000000000000000000e+00,0.000000000000000000e+00,2.065374851226806641e-01,-1.062609195709228516e+00,1.297620534896850586e-01,-1.559718608856201172e+00,2.524566650390625000e-01,9.536650180816650391e-01,1.952399760484695435e-01,1.375180244445800781e+00,-2.279965020716190338e-02,-1.453331470489501953e+00,-2.000000029802322388e-01,8.834024518728256226e-02,8.513473868370056152e-01,-2.210717499256134033e-01,1.766106039285659790e-01,-1.229160547256469727e+00,4.786920920014381409e-02,-7.028972357511520386e-02,1.225250244140625000e+00,1.647158712148666382e-01,1.830553412437438965e-01
-2.552347779273986816e-01,-3.224545717239379883e-01,5.758482217788696289e-01,2.832034826278686523e-01,1.347796916961669922e-01,-8.135676980018615723e-01,4.896303415298461914e-01,0.000000000000000000e+00,0.000000000000000000e+00,1.004479676485061646e-01,-1.085341334342956543e+00,1.452726572751998901e-01,-1.618582010269165039e+00,2.735895216464996338e-01,9.842160344123840332e-01,2.790696322917938232e-01,1.134190201759338379e+00,-8.483455749228596687e-04,-1.452234029769897461e+00,-2.000000029802322388e-01,9.154100716114044189e-02,9.509288668632507324e-01,-3.080928027629852295e-01,2.154829502105712891e-01,-1.315490484237670898e+00,5.252671241760253906e-02,-5.008278787136077881e-02,1.351804256439208984e+00,1.878781169652938843e-01,1.769869774580001831e-01
-2.630214393138885498e-01,-3.407339155673980713e-01,5.745399594306945801e-01,2.747105956077575684e-01,1.363381296396255493e-01,-8.206255435943603516e-01,4.822030365467071533e-01,0.000000000000000000e+00,0.000000000000000000e+00,-1.330884080380201340e-02,-1.110584735870361328e+00,1.545974761247634888e-01,-1.662966251373291016e+00,2.824203670024871826e-01,9.950181245803833008e-01,3.304553925991058350e-01,9.534335732460021973e-01,2.794742584228515625e-02,-1.434253334999084473e+00,-2.000000029802322388e-01,1.014975160360336304e-01,1.025120735168457031e+00,-3.739314973354339600e-01,2.325640916824340820e-01,-1.415249824523925781e+00,5.669140815734863281e-02,-2.382297441363334656e-02,1.450980424880981445e+00,1.733661442995071411e-01,1.555392146110534668e-01
-2.708349823951721191e-01,-3.588690757751464844e-01,5.754564404487609863e-01,2.644304335117340088e-01,1.341929137706756592e-01,-8.284385204315185547e-01,4.751404523849487305e-01,0.000000000000000000e+00,0.000000000000000000e+00,-1.264116615056991577e-01,-1.121998548507690430e+00,1.560213416814804077e-01,-1.710246920585632324e+00,2.917544841766357422e-01,9.890413880348205566e-01,3.456475734710693359e-01,8.194404244422912598e-01,5.954394489526748657e-02,-1.385675191879272461e+00,-2.000000029802322388e-01,1.182688400149345398e-01,1.064319014549255371e+00,-4.187814593315124512e-01,2.389141321182250977e-01,-1.511935472488403320e+00,5.973330885171890259e-02,3.082940587773919106e-03,1.499359250068664551e+00,1.253962665796279907e-01,1.245084926486015320e-01
-2.785670459270477295e-01,-3.791668117046356201e-01,5.806120038032531738e-01,2.558625936508178711e-01,1.350545734167098999e-01,-8.381561636924743652e-01,4.623731076717376709e-01,0.000000000000000000e+00,0.000000000000000000e+00,-2.306499779224395752e-01,-1.112336993217468262e+00,1.407020837068557739e-01,-1.772559404373168945e+00,3.119521439075469971e-01,9.634876847267150879e-01,3.378503024578094482e-01,7.405923008918762207e-01,9.826841205358505249e-02,-1.309405684471130371e+00,-2.000000029802322388e-01,1.260489970445632935e-01,1.052282691001892090e+00,-4.369493126869201660e-01,2.378775328397750854e-01,-1.598518967628479004e+00,5.956987291574478149e-02,1.806288957595825195e-02,1.476302146911621094e+00,6.007559224963188171e-02,1.001141592860221863e-01
-2.875220775604248047e-01,-4.005824029445648193e-01,5.886223912239074707e-01,2.500046491622924805e-01,1.339827477931976318e-01,-8.465268611907958984e-01,4.504870772361755371e-01,0.000000000000000000e+00,0.000000000000000000e+00,-3.101944625377655029e-01,-1.073754668235778809e+00,1.167715936899185181e-01,-1.855527400970458984e+00,3.343645930290222168e-01,9.241647720336914062e-01,3.083762228488922119e-01,6.945157647132873535e-01,1.374530494213104248e-01,-1.206342220306396484e+00,-2.000000029802322388e-01,1.441936939954757690e-01,9.906186461448669434e-01,-4.152767062187194824e-01,2.203933298587799072e-01,-1.662517786026000977e+00,5.529069155454635620e-02,1.769139245152473450e-02,1.398431539535522461e+00,2.803254872560501099e-03,9.555125981569290161e-02
-2.982562184333801270e-01,-4.231960475444793701e-01,5.977760553359985352e-01,2.479305714368820190e-01,1.319438517093658447e-01,-8.516072034835815430e-01,4.425905942916870117e-01,0.000000000000000000e+00,0.000000000000000000e+00,-3.626100718975067139e-01,-1.004587411880493164e+00,8.011473715305328369e-02,-1.950976371765136719e+00,3.576070666313171387e-01,8.830159902572631836e-01,2.790817916393280029e-01,6.755627989768981934e-01,1.465830951929092407e-01,-1.091634035110473633e+00,-2.000000029802322388e-01,1.464134305715560913e-01,9.060675501823425293e-01,-3.840919733047485352e-01,1.710270047187805176e-01,-1.681106686592102051e+00,7.331412285566329956e-02,-9.499388979747891426e-04,1.256436705589294434e+00,-1.501415483653545380e-02,1.046186685562133789e-01
-3.093873262405395508e-01,-4.462720155715942383e-01,6.084049940109252930e-01,2.447158843278884888e-01,1.290794610977172852e-01,-8.558179736137390137e-01,4.370677173137664795e-01,0.000000000000000000e+00,0.000000000000000000e+00,-3.834476172924041748e-01,-8.981829881668090820e-01,3.972127288579940796e-02,-2.058395862579345703e+00,3.714039325714111328e-01,8.403012752532958984e-01,2.511166334152221680e-01,6.624304056167602539e-01,1.491207629442214966e-01,-9.527544975280761719e-01,-2.000000029802322388e-01,1.418472975492477417e-01,7.937707304954528809e-01,-2.962446510791778564e-01,1.136357039213180542e-01,-1.653389811515808105e+00,8.733186125755310059e-02,-3.243001177906990051e-02,1.067473173141479492e+00,-5.993263795971870422e-03,1.291054934263229370e-01
-3.209528625011444092e-01,-4.684289395809173584e-01,6.179679632186889648e-01,2.392082810401916504e-01,1.217189058661460876e-01,-8.579684495925903320e-01,4.380114674568176270e-01,0.000000000000000000e+00,0.000000000000000000e+00,-3.875235617160797119e-01,-7.591062784194946289e-01,-2.858253661543130875e-03,-2.153776645660400391e+00,3.708072006702423096e-01,7.981356978416442871e-01,2.299441546201705933e-01,6.521955728530883789e-01,1.466770023107528687e-01,-8.100106120109558105e-01,-2.000000029802322388e-01,1.456915438175201416e-01,6.791880726814270020e-01,-1.811154484748840332e-01,5.837294086813926697e-02,-1.592448353767395020e+00,8.666517585515975952e-02,-8.298366516828536987e-02,8.830578327178955078e-01,3.108486346900463104e-02,1.554276645183563232e-01
-3.339353501796722412e-01,-4.901931285858154297e-01,6.247332692146301270e-01,2.353437840938568115e-01,1.107140630483627319e-01,-8.553909063339233398e-01,4.479532241821289062e-01,0.000000000000000000e+00,0.000000000000000000e+00,-3.595504760742187500e-01,-5.913519859313964844e-01,-4.066779091954231262e-02,-2.210270643234252930e+00,3.632589876651763916e-01,7.645135521888732910e-01,2.030426263809204102e-01,6.489319205284118652e-01,1.358024775981903076e-01,-6.987723112106323242e-01,-2.000000029802322388e-01,1.460976600646972656e-01,6.063168644905090332e-01,-7.886900752782821655e-02,1.678815297782421112e-02,-1.521100282669067383e+00,7.996951788663864136e-02,-1.404677331447601318e-01,7.504236698150634766e-01,8.571369946002960205e-02,1.724741905927658081e-01
-3.466764092445373535e-01,-5.133436322212219238e-01,6.266321539878845215e-01,2.307048290967941284e-01,1.024370640516281128e-01,-8.500849008560180664e-01,4.622094631195068359e-01,0.000000000000000000e+00,0.000000000000000000e+00,-3.198989033699035645e-01,-4.077018499374389648e-01,-7.129958271980285645e-02,-2.194841623306274414e+00,3.453135788440704346e-01,7.392513155937194824e-01,1.784129142761230469e-01,6.515942215919494629e-01,1.203280836343765259e-01,-6.250872611999511719e-01,-2.000000029802322388e-01,1.363438814878463745e-01,5.969004631042480469e-01,-2.262295968830585480e-02,3.796436591073870659e-03,-1.455627560615539551e+00,5.843594297766685486e-02,-1.957861632108688354e-01,7.289268970489501953e-01,1.315144300460815430e-01,1.731862723827362061e-01
-3.609688580036163330e-01,-5.396687984466552734e-01,6.233842372894287109e-01,2.360730171203613281e-01,1.025926470756530762e-01,-8.342673182487487793e-01,4.875882863998413086e-01,0.000000000000000000e+00,0.000000000000000000e+00,-3.077863454818725586e-01,-2.068142890930175781e-01,-9.713593870401382446e-02,-2.125832796096801758e+00,2.816535830497741699e-01,7.319072484970092773e-01,1.202453151345252991e-01,6.380864977836608887e-01,8.144997060298919678e-02,-5.809161663055419922e-01,-2.000000029802322388e-01,1.093740090727806091e-01,5.963897705078125000e-01,1.593462564051151276e-02,5.810797680169343948e-03,-1.415536999702453613e+00,2.849812433123588562e-02,-2.222456485033035278e-01,7.820017337799072266e-01,1.647264510393142700e-01,1.559004783630371094e-01
-3.742143511772155762e-01,-5.640291571617126465e-01,6.145598292350769043e-01,2.364476323127746582e-01,9.219965338706970215e-02,-8.261405825614929199e-01,5.030740499496459961e-01,0.000000000000000000e+00,0.000000000000000000e+00,-2.860635221004486084e-01,-5.556165799498558044e-02,-1.212004572153091431e-01,-1.900223374366760254e+00,2.345086932182312012e-01,7.047590613365173340e-01,1.077950671315193176e-01,6.680679917335510254e-01,5.828832089900970459e-02,-5.671051740646362305e-01,-2.000000029802322388e-01,1.019560992717742920e-01,6.750110983848571777e-01,1.479283627122640610e-02,3.252320736646652222e-02,-1.407431483268737793e+00,-1.374805811792612076e-02,-2.329774498939514160e-01,9.326626062393188477e-01,9.700785577297210693e-02,9.837727993726730347e-02
-3.866823613643646240e-01,-5.901033878326416016e-01,6.032665967941284180e-01,2.389277815818786621e-01,8.629483729600906372e-02,-8.197609782218933105e-01,5.132822990417480469e-01,0.000000000000000000e+00,0.000000000000000000e+00,-2.892322540283203125e-01,6.541214883327484131e-02,-1.547114849090576172e-01,-1.610166192054748535e+00,1.636151969432830811e-01,6.682795286178588867e-01,1.044775396585464478e-01,7.376370429992675781e-01,3.262308984994888306e-02,-5.982329249382019043e-01,-1.919947117567062378e-01,1.040781512856483459e-01,7.836320996284484863e-01,-1.739838719367980957e-02,8.588188141584396362e-02,-1.423243284225463867e+00,-3.977685421705245972e-02,-2.277798354625701904e-01,1.081086874008178711e+00,-1.732439734041690826e-02,4.025408253073692322e-02
-3.998121917247772217e-01,-6.183623671531677246e-01,5.948491096496582031e-01,2.492878288030624390e-01,8.347001671791076660e-02,-8.150805234909057617e-01,5.162674188613891602e-01,0.000000000000000000e+00,0.000000000000000000e+00,-3.445836901664733887e-01,1.392746269702911377e-01,-2.264941185712814331e-01,-1.340515136718750000e+00,5.739163607358932495e-02,6.222859621047973633e-01,8.627191931009292603e-02,8.508719801902770996e-01,-1.923958887346088886e-03,-6.632321476936340332e-01,-1.843850314617156982e-01,1.004533246159553528e-01,8.819639682769775391e-01,-6.160888820886611938e-02,1.269695311784744263e-01,-1.433603763580322266e+00,-3.900740668177604675e-02,-2.030828744173049927e-01,1.160057067871093750e+00,-1.240583732724189758e-01,1.817708462476730347e-02
-4.107357859611511230e-01,-6.453439593315124512e-01,5.882642269134521484e-01,2.509021759033203125e-01,7.464976608753204346e-02,-8.167781233787536621e-01,5.141488313674926758e-01,0.000000000000000000e+00,0.000000000000000000e+00,-3.947087526321411133e-01,1.995309442281723022e-01,-3.385755419731140137e-01,-1.032540082931518555e+00,-4.626967757940292358e-02,5.528195500373840332e-01,6.411723792552947998e-02,1.037838935852050781e+00,-5.938867852091789246e-02,-7.557246088981628418e-01,-1.533296108245849609e-01,1.351693570613861084e-01,1.032674431800842285e+00,-1.161786392331123352e-01,1.719885468482971191e-01,-1.402666568756103516e+00,-3.515316173434257507e-02,-2.049239426851272583e-01,1.223068237304687500e+00,-2.726968824863433838e-01,-1.986193470656871796e-02
-4.201048314571380615e-01,-6.726615428924560547e-01,5.895143151283264160e-01,2.462612986564636230e-01,6.645724177360534668e-02,-8.176726698875427246e-01,5.160913467407226562e-01,0.000000000000000000e+00,0.000000000000000000e+00,-4.169013202190399170e-01,2.984634935855865479e-01,-5.076761245727539062e-01,-7.311195135116577148e-01,-1.366741657257080078e-01,4.667426645755767822e-01,1.843221369199454784e-03,1.298645138740539551e+00,-1.291580349206924438e-01,-8.709416389465332031e-01,-1.114362999796867371e-01,1.599909812211990356e-01,1.187704443931579590e+00,-1.792596280574798584e-01,1.994056850671768188e-01,-1.326427459716796875e+00,-2.620797418057918549e-02,-2.044547200202941895e-01,1.238531112670898438e+00,-3.906027078628540039e-01,-3.562521561980247498e-02
-4.286969006061553955e-01,-6.986003518104553223e-01,5.974252223968505859e-01,2.319115847349166870e-01,5.484866350889205933e-02,-8.139910101890563965e-01,5.297426581382751465e-01,0.000000000000000000e+00,0.000000000000000000e+00,-4.142369031906127930e-01,3.903405070304870605e-01,-6.420440077781677246e-01,-4.774785935878753662e-01,-2.098634839057922363e-01,3.883546590805053711e-01,-8.294845372438430786e-02,1.562438845634460449e+00,-2.073073238134384155e-01,-9.950503706932067871e-01,-4.977783188223838806e-02,1.714821159839630127e-01,1.295648574829101562e+00,-2.258967906236648560e-01,2.121868282556533813e-01,-1.185638308525085449e+00,-3.190290927886962891e-02,-2.139568477869033813e-01,1.177417516708374023e+00,-4.857654869556427002e-01,-4.626754298806190491e-02
-4.369069635868072510e-01,-7.277377843856811523e-01,6.120347976684570312e-01,2.170990407466888428e-01,5.345461145043373108e-02,-8.047525882720947266e-01,5.498944520950317383e-01,0.000000000000000000e+00,0.000000000000000000e+00,-4.201351702213287354e-01,4.281499087810516357e-01,-6.948010921478271484e-01,-2.974008023738861084e-01,-2.579459846019744873e-01,3.404854536056518555e-01,-1.583875566720962524e-01,1.771789073944091797e+00,-2.764632999897003174e-01,-1.112158656120300293e+00,1.697853766381740570e-02,1.641429364681243896e-01,1.322682142257690430e+00,-2.586426734924316406e-01,2.070901840925216675e-01,-9.928569793701171875e-01,-2.892721816897392273e-02,-2.247117459774017334e-01,1.015568494796752930e+00,-5.135937929153442383e-01,-2.435849048197269440e-02
-4.462320506572723389e-01,-7.578135728836059570e-01,6.246061325073242188e-01,2.004637271165847778e-01,5.465250089764595032e-02,-7.865725159645080566e-01,5.814903378486633301e-01,0.000000000000000000e+00,0.000000000000000000e+00,-4.147463142871856689e-01,3.964256346225738525e-01,-6.788920164108276367e-01,-2.026655524969100952e-01,-2.824007868766784668e-01,3.517738282680511475e-01,-2.238387912511825562e-01,1.874176383018493652e+00,-3.512907326221466064e-01,-1.196946620941162109e+00,9.611492604017257690e-02,1.670988798141479492e-01,1.259440779685974121e+00,-2.929965853691101074e-01,2.018772512674331665e-01,-7.670988440513610840e-01,-6.029048934578895569e-02,-2.954830229282379150e-01,8.273159861564636230e-01,-4.617552161216735840e-01,1.232285331934690475e-02
-4.574513435363769531e-01,-7.880557775497436523e-01,6.395768523216247559e-01,1.885232776403427124e-01,4.805165901780128479e-02,-7.714214920997619629e-01,6.058538556098937988e-01,0.000000000000000000e+00,0.000000000000000000e+00,-4.037522375583648682e-01,3.169412910938262939e-01,-6.258733868598937988e-01,-1.003224328160285950e-01,-2.698210477828979492e-01,3.578498959541320801e-01,-2.544263899326324463e-01,1.923375606536865234e+00,-3.722679316997528076e-01,-1.228451609611511230e+00,1.071703210473060608e-01,1.779397428035736084e-01,1.090768218040466309e+00,-2.765398621559143066e-01,1.693018078804016113e-01,-5.179736018180847168e-01,-9.848923236131668091e-02,-4.032039940357208252e-01,5.921075344085693359e-01,-2.844024598598480225e-01,6.662873178720474243e-02
-4.693776369094848633e-01,-8.191863298416137695e-01,6.515380144119262695e-01,1.810621619224548340e-01,4.159286990761756897e-02,-7.557855248451232910e-01,6.279129981994628906e-01,0.000000000000000000e+00,0.000000000000000000e+00,-3.648149371147155762e-01,1.723003834486007690e-01,-5.518884658813476562e-01,-2.994999103248119354e-02,-2.317423075437545776e-01,3.961845934391021729e-01,-2.528321146965026855e-01,1.936046481132507324e+00,-3.691617846488952637e-01,-1.200719833374023438e+00,6.230688095092773438e-02,2.132259011268615723e-01,8.129642605781555176e-01,-2.152728885412216187e-01,1.332120746374130249e-01,-3.071161210536956787e-01,-1.347357332706451416e-01,-5.121927261352539062e-01,4.587853550910949707e-01,-1.142172962427139282e-01,1.211360096931457520e-01
-4.799168109893798828e-01,-8.488077521324157715e-01,6.570764780044555664e-01,1.697325706481933594e-01,3.321260958909988403e-02,-7.439265251159667969e-01,6.454929113388061523e-01,0.000000000000000000e+00,0.000000000000000000e+00,-2.667088806629180908e-01,2.202901057898998260e-03,-5.134902000427246094e-01,-1.665021928840638770e-18,-1.905372440814971924e-01,4.470286369323730469e-01,-2.122549116611480713e-01,1.890339016914367676e+00,-3.664335310459136963e-01,-1.095723271369934082e+00,-1.803908683359622955e-02,2.708967030048370361e-01,4.455974400043487549e-01,-8.109334111213684082e-02,9.134303778409957886e-02,-1.766254156827926636e-01,-2.213396131992340088e-01,-5.870136618614196777e-01,5.635196566581726074e-01,-7.134109269827604294e-03,1.312329024076461792e-01
-4.884192049503326416e-01,-8.761934638023376465e-01,6.542443633079528809e-01,1.512539088726043701e-01,2.056224457919597626e-02,-7.431917786598205566e-01,6.514333486557006836e-01,0.000000000000000000e+00,0.000000000000000000e+00,-9.165757149457931519e-02,-1.963676214218139648e-01,-5.157654285430908203e-01,-4.188379400825502450e-19,-1.397499442100524902e-01,5.038592219352722168e-01,-1.393531411886215210e-01,1.797173976898193359e+00,-3.744831979274749756e-01,-9.969524741172790527e-01,-8.333924412727355957e-02,3.213955163955688477e-01,1.719897389411926270e-01,7.521500438451766968e-02,5.304332822561264038e-02,-1.232071220874786377e-01,-3.716264963150024414e-01,-5.630173087120056152e-01,8.918026685714721680e-01,2.324550226330757141e-02,8.268170803785324097e-02
-4.950204491615295410e-01,-9.032306671142578125e-01,6.433482170104980469e-01,1.323912888765335083e-01,6.071544252336025238e-03,-7.570785880088806152e-01,6.397403478622436523e-01,0.000000000000000000e+00,0.000000000000000000e+00,1.590943336486816406e-01,-4.309075772762298584e-01,-5.208011269569396973e-01,-4.337071319786503322e-18,-5.624954774975776672e-02,5.794247984886169434e-01,-8.216378837823867798e-02,1.625681996345520020e+00,-3.488293588161468506e-01,-9.625903964042663574e-01,-1.454617828130722046e-01,3.296087384223937988e-01,1.460442841053009033e-01,1.710059344768524170e-01,6.305465847253799438e-02,-1.467519402503967285e-01,-5.835489630699157715e-01,-4.483725130558013916e-01,1.324356675148010254e+00,-2.216265909373760223e-02,-1.478300616145133972e-02
-5.007836818695068359e-01,-9.285523891448974609e-01,6.234853863716125488e-01,1.191593036055564880e-01,-1.527486834675073624e-02,-7.860642671585083008e-01,6.063585877418518066e-01,0.000000000000000000e+00,0.000000000000000000e+00,3.887164592742919922e-01,-7.028179764747619629e-01,-4.754379689693450928e-01,6.396681561872087778e-18,4.946012794971466064e-02,6.764341592788696289e-01,-9.673286974430084229e-02,1.429657220840454102e+00,-2.711081802845001221e-01,-1.050208568572998047e+00,-1.620418727397918701e-01,3.478633165359497070e-01,4.216001033782958984e-01,9.241930395364761353e-02,1.174418330192565918e-01,-3.840926587581634521e-01,-7.440860867500305176e-01,-1.311857849359512329e-01,1.711825132369995117e+00,-8.302760869264602661e-02,-1.074392274022102356e-01
-5.019176006317138672e-01,-9.556151628494262695e-01,6.047410964965820312e-01,1.070778667926788330e-01,-2.392704971134662628e-02,-8.256646990776062012e-01,5.533892512321472168e-01,0.000000000000000000e+00,0.000000000000000000e+00,5.168467760086059570e-01,-9.965235590934753418e-01,-3.264893293380737305e-01,-8.663234859704971313e-02,1.565755456686019897e-01,7.649384737014770508e-01,-1.647803038358688354e-01,1.294268846511840820e+00,-1.391750872135162354e-01,-1.167246341705322266e+00,-1.786859482526779175e-01,3.816966116428375244e-01,7.136508822441101074e-01,-4.553069174289703369e-02,1.804524511098861694e-01,-8.695145845413208008e-01,-7.802127599716186523e-01,2.917948663234710693e-01,1.964887380599975586e+00,-1.652943789958953857e-01,-1.638309210538864136e-01
-5.041045546531677246e-01,-9.753914475440979004e-01,5.928834676742553711e-01,9.552135318517684937e-02,-6.089265272021293640e-02,-8.591909408569335938e-01,4.989575445652008057e-01,0.000000000000000000e+00,0.000000000000000000e+00,5.797085762023925781e-01,-1.215907931327819824e+00,-1.297282874584197998e-01,-3.000675141811370850e-01,2.619088590145111084e-01,8.250929117202758789e-01,-2.368998974561691284e-01,1.235775828361511230e+00,-1.961484178900718689e-02,-1.236646413803100586e+00,-1.863641142845153809e-01,4.432180225849151611e-01,8.850082159042358398e-01,-1.569869965314865112e-01,2.281751185655593872e-01,-1.504245758056640625e+00,-6.454486250877380371e-01,6.028762459754943848e-01,2.014708995819091797e+00,-2.530487477779388428e-01,-1.851142048835754395e-01
-5.057144761085510254e-01,-9.953647851943969727e-01,5.933415293693542480e-01,9.286573529243469238e-02,-8.390198647975921631e-02,-8.847952485084533691e-01,4.488583207130432129e-01,0.000000000000000000e+00,0.000000000000000000e+00,5.089599490165710449e-01,-1.301234483718872070e+00,4.333809018135070801e-02,-4.738014340400695801e-01,3.139537870883941650e-01,8.736025691032409668e-01,-2.158487886190414429e-01,1.219512820243835449e+00,6.301057338714599609e-02,-1.256729125976562500e+00,-1.750800460577011108e-01,4.915319681167602539e-01,9.669125676155090332e-01,-2.103408873081207275e-01,2.224409431219100952e-01,-1.799999952316284180e+00,-3.542833030223846436e-01,5.284420251846313477e-01,1.776199698448181152e+00,-3.041139543056488037e-01,-1.461990475654602051e-01
-5.064693689346313477e-01,-1.012098789215087891e+00,5.989963412284851074e-01,9.945923089981079102e-02,-9.174777567386627197e-02,-9.036366939544677734e-01,4.063629806041717529e-01,0.000000000000000000e+00,0.000000000000000000e+00,3.953036963939666748e-01,-1.274888277053833008e+00,1.566419154405593872e-01,-6.148326992988586426e-01,3.587600588798522949e-01,9.174781441688537598e-01,-1.660276651382446289e-01,1.193123102188110352e+00,7.693438325077295303e-03,-1.253360152244567871e+00,-5.776160582900047302e-02,5.435015559196472168e-01,1.026018738746643066e+00,-2.759518921375274658e-01,1.884031146764755249e-01,-1.799999952316284180e+00,1.329656783491373062e-02,2.981568574905395508e-01,1.138725399971008301e+00,-2.672250866889953613e-01,-3.463321551680564880e-02
-5.129596590995788574e-01,-1.027546167373657227e+00,5.988111495971679688e-01,1.088648661971092224e-01,-9.976917505264282227e-02,-9.114015102386474609e-01,3.841117620468139648e-01,0.000000000000000000e+00,0.000000000000000000e+00,3.014742732048034668e-01,-1.185850501060485840e+00,1.675836145877838135e-01,-7.658922076225280762e-01,4.210998415946960449e-01,9.408628344535827637e-01,-1.389026939868927002e-01,1.223905444145202637e+00,3.308406844735145569e-02,-1.242279171943664551e+00,-6.576312333345413208e-02,5.582187175750732422e-01,1.060633301734924316e+00,-3.501124978065490723e-01,1.636053919792175293e-01,-1.799999952316284180e+00,1.872837394475936890e-01,2.488600015640258789e-01,7.915384173393249512e-01,-2.547592818737030029e-01,3.778275847434997559e-02
-5.187355279922485352e-01,-1.041964292526245117e+00,5.972350835800170898e-01,1.166986748576164246e-01,-9.631161391735076904e-02,-9.122263193130493164e-01,3.807212710380554199e-01,0.000000000000000000e+00,0.000000000000000000e+00,1.991731673479080200e-01,-1.006056427955627441e+00,1.034014448523521423e-01,-1.089632868766784668e+00,4.561810195446014404e-01,9.858384728431701660e-01,-1.630654633045196533e-01,1.298086762428283691e+00,1.142285093665122986e-01,-1.218678712844848633e+00,-1.358910799026489258e-01,5.597686767578125000e-01,1.066557765007019043e+00,-3.887606859207153320e-01,1.770419925451278687e-01,-1.799999952316284180e+00,2.000000029802322388e-01,2.624845206737518311e-01,5.420933961868286133e-01,-1.291134655475616455e-01,9.876498579978942871e-02
-5.213847756385803223e-01,-1.057565450668334961e+00,6.002906560897827148e-01,1.098187267780303955e-01,-8.105546981096267700e-02,-9.166675209999084473e-01,3.756201565265655518e-01,0.000000000000000000e+00,0.000000000000000000e+00,1.433930099010467529e-01,-8.141183853149414062e-01,2.968349435832351446e-04,-1.434763431549072266e+00,4.804758429527282715e-01,1.029751420021057129e+00,-1.804462224245071411e-01,1.368538022041320801e+00,2.011261731386184692e-01,-1.150843739509582520e+00,-2.000000029802322388e-01,5.355132222175598145e-01,1.057487726211547852e+00,-4.341233074665069580e-01,2.117120027542114258e-01,-1.799999952316284180e+00,2.000000029802322388e-01,3.120861351490020752e-01,5.082576274871826172e-01,-1.479220669716596603e-02,1.458469182252883911e-01
-5.229994058609008789e-01,-1.075389146804809570e+00,6.114541888236999512e-01,9.576580673456192017e-02,-4.634627699851989746e-02,-9.185920953750610352e-01,3.806172907352447510e-01,0.000000000000000000e+00,0.000000000000000000e+00,1.269722431898117065e-01,-6.251138448715209961e-01,-8.680150657892227173e-02,-1.722998499870300293e+00,4.737207889556884766e-01,1.089906096458435059e+00,-1.635027676820755005e-01,1.444838047027587891e+00,2.360630929470062256e-01,-1.062795042991638184e+00,-2.000000029802322388e-01,5.116028189659118652e-01,1.050974249839782715e+00,-4.336365759372711182e-01,2.045592367649078369e-01,-1.799999952316284180e+00,2.000000029802322388e-01,3.095178902149200439e-01,6.000539660453796387e-01,8.727888762950897217e-02,1.866864711046218872e-01
-5.304657816886901855e-01,-1.092926263809204102e+00,6.287400126457214355e-01,9.976347535848617554e-02,-1.249719131737947464e-02,-9.112312793731689453e-01,3.994354009628295898e-01,0.000000000000000000e+00,0.000000000000000000e+00,1.091791093349456787e-01,-5.057381987571716309e-01,-1.028261557221412659e-01,-1.898724436759948730e+00,4.257107377052307129e-01,1.116274595260620117e+00,-1.333895176649093628e-01,1.504137039184570312e+00,2.316663116216659546e-01,-9.803875684738159180e-01,-2.000000029802322388e-01,4.989434778690338135e-01,1.009705662727355957e+00,-3.930470645427703857e-01,1.659181565046310425e-01,-1.797456979751586914e+00,2.000000029802322388e-01,2.927722632884979248e-01,7.107631564140319824e-01,1.950964331626892090e-01,2.299754917621612549e-01
-5.398269295692443848e-01,-1.106800913810729980e+00,6.483156681060791016e-01,1.005232557654380798e-01,8.915073238313198090e-03,-8.970360755920410156e-01,4.302811920642852783e-01,0.000000000000000000e+00,0.000000000000000000e+00,1.380778998136520386e-01,-4.642643928527832031e-01,-9.403102099895477295e-02,-2.046108484268188477e+00,3.906317055225372314e-01,1.122856378555297852e+00,-8.980482071638107300e-02,1.532706975936889648e+00,1.929855346679687500e-01,-8.805981874465942383e-01,-2.000000029802322388e-01,4.735661149024963379e-01,9.417388439178466797e-01,-3.221683800220489502e-01,1.258373260498046875e-01,-1.691284298896789551e+00,2.000000029802322388e-01,2.793852090835571289e-01,7.768810987472534180e-01,3.499999940395355225e-01,2.817997038364410400e-01
-5.518408417701721191e-01,-1.119372487068176270e+00,6.657058000564575195e-01,1.064594089984893799e-01,1.706102304160594940e-02,-8.771336674690246582e-01,4.679870605468750000e-01,0.000000000000000000e+00,0.000000000000000000e+00,1.344760656356811523e-01,-5.026639699935913086e-01,-4.456328973174095154e-02,-2.112712860107421875e+00,3.670661151409149170e-01,1.096381187438964844e+00,-5.725145712494850159e-02,1.539374232292175293e+00,1.518945097923278809e-01,-7.967261672019958496e-01,-2.000000029802322388e-01,4.390864670276641846e-01,8.936632275581359863e-01,-2.458666861057281494e-01,8.722780644893646240e-02,-1.577123641967773438e+00,2.000000029802322388e-01,2.813670635223388672e-01,8.921057581901550293e-01,3.499999940395355225e-01,3.441716730594635010e-01
-5.631926655769348145e-01,-1.130488514900207520e+00,6.785550713539123535e-01,1.119496747851371765e-01,2.336311340332031250e-02,-8.520035743713378906e-01,5.108926892280578613e-01,0.000000000000000000e+00,0.000000000000000000e+00,8.211628347635269165e-02,-6.069481968879699707e-01,1.638346910476684570e-02,-2.112474679946899414e+00,3.628057539463043213e-01,1.055930495262145996e+00,-2.950230799615383148e-02,1.533689618110656738e+00,1.270882636308670044e-01,-7.226175069808959961e-01,-2.000000029802322388e-01,3.883022069931030273e-01,8.577281832695007324e-01,-1.340388506650924683e-01,5.542191863059997559e-02,-1.478445291519165039e+00,2.000000029802322388e-01,2.923497855663299561e-01,1.001647949218750000e+00,3.499999940395355225e-01,4.011042714118957520e-01
-5.715158581733703613e-01,-1.138173103332519531e+00,6.873661279678344727e-01,1.073169335722923279e-01,3.185966238379478455e-02,-8.239410519599914551e-01,5.555080175399780273e-01,0.000000000000000000e+00,0.000000000000000000e+00,-3.011642023921012878e-02,-7.311359047889709473e-01,1.334802508354187012e-01,-2.012797594070434570e+00,3.686982095241546631e-01,1.007190823554992676e+00,2.455257438123226166e-02,1.498313307762145996e+00,1.829545795917510986e-01,-6.765627861022949219e-01,-2.000000029802322388e-01,2.759061753749847412e-01,8.509290814399719238e-01,-2.260256372392177582e-02,3.289392590522766113e-02,-1.391211986541748047e+00,9.528530389070510864e-02,2.301148474216461182e-01,1.034161329269409180e+00,3.499999940395355225e-01,4.094628393650054932e-01
-5.746994614601135254e-01,-1.147771596908569336e+00,6.914184689521789551e-01,9.258911758661270142e-02,6.110411509871482849e-02,-8.000452518463134766e-01,5.895940661430358887e-01,0.000000000000000000e+00,0.000000000000000000e+00,-1.088609248399734497e-01,-8.020254969596862793e-01,1.918242424726486206e-01,-1.924113273620605469e+00,3.847370445728302002e-01,9.660292267799377441e-01,8.209212869405746460e-02,1.461755871772766113e+00,2.053397595882415771e-01,-6.935576796531677246e-01,-1.004257425665855408e-01,1.831585466861724854e-01,9.180628657341003418e-01,-5.533532239496707916e-03,1.710096187889575958e-02,-1.326185345649719238e+00,4.007341712713241577e-02,9.910496324300765991e-02,1.001698374748229980e+00,3.499999940395355225e-01,3.984452188014984131e-01
-5.755354762077331543e-01,-1.154687523841857910e+00,6.893979310989379883e-01,6.999065726995468140e-02,8.796578645706176758e-02,-7.812000513076782227e-01,6.140764355659484863e-01,0.000000000000000000e+00,0.000000000000000000e+00,-1.958112865686416626e-01,-8.535546660423278809e-01,2.485295683145523071e-01,-1.827934503555297852e+00,4.106896817684173584e-01,9.111158251762390137e-01,1.379143297672271729e-01,1.400690197944641113e+00,1.764599233865737915e-01,-7.116963863372802734e-01,3.927155584096908569e-02,1.172625645995140076e-01,9.692556262016296387e-01,-4.275616258382797241e-02,2.771007595583796501e-03,-1.307662606239318848e+00,5.276295542716979980e-02,-5.166227743029594421e-02,9.469060897827148438e-01,3.499999940395355225e-01,3.783069550991058350e-01
-5.762033462524414062e-01,-1.160107731819152832e+00,6.818985342979431152e-01,5.120237544178962708e-02,1.021748557686805725e-01,-7.755353450775146484e-01,6.208732128143310547e-01,0.000000000000000000e+00,0.000000000000000000e+00,-2.949700653553009033e-01,-8.823416233062744141e-01,2.570839822292327881e-01,-1.756217837333679199e+00,4.291984140872955322e-01,8.457323312759399414e-01,1.703339666128158569e-01,1.329120039939880371e+00,1.493110507726669312e-01,-6.980353593826293945e-01,1.423711031675338745e-01,8.696057647466659546e-02,9.908944964408874512e-01,-9.201481193304061890e-02,-1.653650030493736267e-02,-1.358363866806030273e+00,5.617393180727958679e-02,-1.977173537015914917e-01,9.596363902091979980e-01,2.318181246519088745e-01,3.500207960605621338e-01
-5.785797834396362305e-01,-1.164259552955627441e+00,6.721085309982299805e-01,4.206955805420875549e-02,1.018496751785278320e-01,-7.793713808059692383e-01,6.167957782745361328e-01,0.000000000000000000e+00,0.000000000000000000e+00,-3.908287882804870605e-01,-8.934150934219360352e-01,2.598973512649536133e-01,-1.698918104171752930e+00,4.375840127468109131e-01,7.699872851371765137e-01,1.688821017742156982e-01,1.251607537269592285e+00,1.454656571149826050e-01,-6.589836478233337402e-01,1.891285032033920288e-01,9.652207791805267334e-02,9.777057766914367676e-01,-1.676497459411621094e-01,-2.087786048650741577e-02,-1.443446755409240723e+00,3.153815492987632751e-02,-3.090950548648834229e-01,1.021523475646972656e+00,9.294967353343963623e-02,3.391082286834716797e-01
-5.822432041168212891e-01,-1.170897841453552246e+00,6.636734008789062500e-01,4.965615645051002502e-02,1.037779375910758972e-01,-7.843300104141235352e-01,6.095824837684631348e-01,0.000000000000000000e+00,0.000000000000000000e+00,-4.661058485507965088e-01,-8.879712224006652832e-01,2.516971826553344727e-01,-1.654149293899536133e+00,4.355650842189788818e-01,6.956536769866943359e-01,1.509630084037780762e-01,1.197636246681213379e+00,1.534184962511062622e-01,-6.215412616729736328e-01,1.915069669485092163e-01,1.140964627265930176e-01,9.538235068321228027e-01,-2.294790744781494141e-01,-2.237013727426528931e-02,-1.521948099136352539e+00,-1.532133761793375015e-02,-3.734524250030517578e-01,1.101746916770935059e+00,1.556350570172071457e-02,3.404904305934906006e-01
-5.840498208999633789e-01,-1.169034242630004883e+00,6.638048887252807617e-01,4.814134165644645691e-02,9.746796637773513794e-02,-7.780123949050903320e-01,6.187722682952880859e-01,0.000000000000000000e+00,0.000000000000000000e+00,-4.464105069637298584e-01,-8.968223929405212402e-01,2.503103911876678467e-01,-1.539278626441955566e+00,4.130179584026336670e-01,7.311991453170776367e-01,1.450347155332565308e-01,1.132136940956115723e+00,1.505425274372100830e-01,-6.110813617706298828e-01,1.648438125848770142e-01,9.944666177034378052e-02,9.241174459457397461e-01,-2.232642471790313721e-01,-1.502188760787248611e-02,-1.452805399894714355e+00,-2.580479346215724945e-02,-3.494293689727783203e-01,1.071168303489685059e+00,-1.982850721105933189e-03,3.172523677349090576e-01
-5.856898427009582520e-01,-1.166967988014221191e+00,6.640024781227111816e-01,4.527360945940017700e-02,9.120020270347595215e-02,-7.716193199157714844e-01,6.278824806213378906e-01,0.000000000000000000e+00,0.000000000000000000e+00,-4.230666458606719971e-01,-9.062525629997253418e-01,2.482887953519821167e-01,-1.424715876579284668e+00,3.877745866775512695e-01,7.694337368011474609e-01,1.442903578281402588e-01,1.061620712280273438e+00,1.357386857271194458e-01,-5.936545729637145996e-01,1.477555781602859497e-01,9.406787902116775513e-02,8.929551243782043457e-01,-2.183344215154647827e-01,-8.762341924011707306e-03,-1.375595927238464355e+00,-2.062536031007766724e-02,-3.274697065353393555e-01,1.026296854019165039e+00,-1.105748768895864487e-02,2.931024432182312012e-01
-5.873104333877563477e-01,-1.164884686470031738e+00,6.641997694969177246e-01,4.205148294568061829e-02,8.485330641269683838e-02,-7.651433348655700684e-01,6.368573307991027832e-01,0.000000000000000000e+00,0.000000000000000000e+00,-3.983144760131835938e-01,-9.178643226623535156e-01,2.452823221683502197e-01,-1.311440706253051758e+00,3.616434633731842041e-01,8.079808950424194336e-01,1.434157639741897583e-01,9.889374971389770508e-01,1.160745397210121155e-01,-5.733330845832824707e-01,1.340799629688262939e-01,9.316796809434890747e-02,8.611250519752502441e-01,-2.142260521650314331e-01,-2.737229457125067711e-03,-1.296352148056030273e+00,-9.496807120740413666e-03,-3.046761453151702881e-01,9.773464202880859375e-01,-1.734435372054576874e-02,2.683686614036560059e-01
-5.888975858688354492e-01,-1.162892937660217285e+00,6.643949747085571289e-01,3.873711451888084412e-02,7.882674783468246460e-02,-7.585484385490417480e-01,6.456702351570129395e-01,0.000000000000000000e+00,0.000000000000000000e+00,-3.711670637130737305e-01,-9.301801919937133789e-01,2.396026849746704102e-01,-1.203673481941223145e+00,3.357984125614166260e-01,8.470071554183959961e-01,1.392787396907806396e-01,9.171620607376098633e-01,9.653693437576293945e-02,-5.532905459403991699e-01,1.208985894918441772e-01,9.223999828100204468e-02,8.293218016624450684e-01,-2.100523859262466431e-01,3.293022513389587402e-03,-1.217464923858642578e+00,1.762773608788847923e-03,-2.816221415996551514e-01,9.284126758575439453e-01,-2.339143678545951843e-02,2.433228194713592529e-01
-5.905172228813171387e-01,-1.160841345787048340e+00,6.645961999893188477e-01,3.523813188076019287e-02,7.225643098354339600e-02,-7.520920634269714355e-01,6.541367173194885254e-01,0.000000000000000000e+00,0.000000000000000000e+00,-3.439310789108276367e-01,-9.464094638824462891e-01,2.328327596187591553e-01,-1.093193411827087402e+00,3.094559609889984131e-01,8.847784996032714844e-01,1.353828459978103638e-01,8.426751494407653809e-01,7.685241103172302246e-02,-5.302097797393798828e-01,1.074534505605697632e-01,9.288539737462997437e-02,7.947976589202880859e-01,-2.049278020858764648e-01,9.470267221331596375e-03,-1.137030482292175293e+00,1.365403272211551666e-02,-2.568083703517913818e-01,8.781646490097045898e-01,-2.835473977029323578e-02,2.179591804742813110e-01
-5.921223163604736328e-01,-1.158914923667907715e+00,6.648299694061279297e-01,3.183494880795478821e-02,6.603737920522689819e-02,-7.455468177795410156e-01,6.624088883399963379e-01,0.000000000000000000e+00,0.000000000000000000e+00,-3.149826824665069580e-01,-9.633225202560424805e-01,2.235468029975891113e-01,-9.883905649185180664e-01,2.835160493850708008e-01,9.226397275924682617e-01,1.277533918619155884e-01,7.700106501579284668e-01,5.929554998874664307e-02,-5.074284076690673828e-01,9.316706657409667969e-02,9.189959615468978882e-02,7.586177587509155273e-01,-1.984272450208663940e-01,1.572146080434322357e-02,-1.057478904724121094e+00,2.349818684160709381e-02,-2.322573363780975342e-01,8.288967013359069824e-01,-3.375593200325965881e-02,1.924585849046707153e-01
-5.942457914352416992e-01,-1.157268524169921875e+00,6.687940955162048340e-01,2.982156723737716675e-02,6.210979819297790527e-02,-7.369803786277770996e-01,6.723934412002563477e-01,0.000000000000000000e+00,0.000000000000000000e+00,-3.005082607269287109e-01,-9.681529998779296875e-01,2.370228767395019531e-01,-8.919425606727600098e-01,2.387634217739105225e-01,9.691969752311706543e-01,1.101536527276039124e-01,6.773416996002197266e-01,4.282556846737861633e-02,-3.907629847526550293e-01,6.870555877685546875e-02,8.848241716623306274e-02,5.314075350761413574e-01,-9.402287006378173828e-02,1.771698705852031708e-02,-9.330068230628967285e-01,3.914885967969894409e-02,-2.105709016323089600e-01,6.909488439559936523e-01,2.799142617732286453e-03,1.695800274610519409e-01
-5.958361625671386719e-01,-1.155246257781982422e+00,6.690794825553894043e-01,2.605661936104297638e-02,5.455072596669197083e-02,-7.312254905700683594e-01,6.794516444206237793e-01,0.000000000000000000e+00,0.000000000000000000e+00,-2.698006629943847656e-01,-9.933293461799621582e-01,2.207466512918472290e-01,-7.812083363533020020e-01,2.143398076295852661e-01,1.001789331436157227e+00,1.031795218586921692e-01,6.035705208778381348e-01,3.044578805565834045e-02,-3.515149652957916260e-01,5.109519511461257935e-02,8.599290251731872559e-02,4.690999984741210938e-01,-7.623467594385147095e-02,2.460477687418460846e-02,-8.431701660156250000e-01,4.607800766825675964e-02,-1.844041794538497925e-01,6.274288892745971680e-01,4.156897775828838348e-03,1.433495730161666870e-01
-5.973810553550720215e-01,-1.153328657150268555e+00,6.692804098129272461e-01,2.222824469208717346e-02,4.720589891076087952e-02,-7.254805564880371094e-01,6.862619519233703613e-01,0.000000000000000000e+00,0.000000000000000000e+00,-2.379516661167144775e-01,-1.019900321960449219e+00,2.016623169183731079e-01,-6.734290719032287598e-01,1.895854175090789795e-01,1.034294486045837402e+00,9.472347795963287354e-02,5.292700529098510742e-01,1.963153854012489319e-02,-3.130710422992706299e-01,3.370242565870285034e-02,8.186686784029006958e-02,4.078281819820404053e-01,-5.896095186471939087e-02,3.154770284891128540e-02,-7.520382404327392578e-01,5.197800323367118835e-02,-1.588034182786941528e-01,5.613031387329101562e-01,6.711130496114492416e-03,1.170927733182907104e-01
-5.987800359725952148e-01,-1.152521371841430664e+00,6.705707311630249023e-01,1.897656917572021484e-02,4.604258388280868530e-02,-7.178115248680114746e-01,6.944541335105895996e-01,0.000000000000000000e+00,0.000000000000000000e+00,-2.186523526906967163e-01,-1.023972392082214355e+00,1.893003284931182861e-01,-5.768797397613525391e-01,1.535788327455520630e-01,1.066263437271118164e+00,7.567689567804336548e-02,4.551788866519927979e-01,1.679822430014610291e-02,-2.643950879573822021e-01,2.151340246200561523e-02,5.950077623128890991e-02,3.075394630432128906e-01,-2.593548782169818878e-02,3.104788996279239655e-02,-6.469392776489257812e-01,5.920311808586120605e-02,-1.444677859544754028e-01,4.572941362857818604e-01,2.111548930406570435e-02,9.755760431289672852e-02
-6.002615690231323242e-01,-1.150710701942443848e+00,6.704117655754089355e-01,1.504613272845745087e-02,3.797566145658493042e-02,-7.126550078392028809e-01,7.003244161605834961e-01,0.000000000000000000e+00,0.000000000000000000e+00,-1.835254281759262085e-01,-1.055466651916503906e+00,1.631125360727310181e-01,-4.727828800678253174e-01,1.294772177934646606e-01,1.095826745033264160e+00,6.588069349527359009e-02,3.801643252372741699e-01,1.037762407213449478e-02,-2.242196798324584961e-01,3.933568950742483139e-03,5.327398329973220825e-02,2.461105734109878540e-01,-8.423827588558197021e-03,3.820851817727088928e-02,-5.503067374229431152e-01,6.292405724525451660e-02,-1.194689124822616577e-01,3.833640217781066895e-01,2.684187330305576324e-02,7.072626799345016479e-02
-6.017423868179321289e-01,-1.149023532867431641e+00,6.701377034187316895e-01,1.119634229689836502e-02,2.994504943490028381e-02,-7.075346708297729492e-01,7.059550881385803223e-01,0.000000000000000000e+00,0.000000000000000000e+00,-1.473537683486938477e-01,-1.088567495346069336e+00,1.344509720802307129e-01,-3.717402815818786621e-01,1.050721928477287292e-01,1.124870300292968750e+00,5.490784719586372375e-02,3.044807910919189453e-01,5.441837012767791748e-03,-1.834089159965515137e-01,-1.352631207555532455e-02,4.559009522199630737e-02,1.835750192403793335e-01,9.714274667203426361e-03,4.542020335793495178e-02,-4.506078660488128662e-01,6.582542508840560913e-02,-9.503936767578125000e-02,3.034708201885223389e-01,3.526289388537406921e-02,4.393034428358078003e-02
-6.032445430755615234e-01,-1.147461414337158203e+00,6.696849465370178223e-01,7.510952185839414597e-03,2.184953913092613220e-02,-7.024782299995422363e-01,7.113301157951354980e-01,0.000000000000000000e+00,0.000000000000000000e+00,-1.096578538417816162e-01,-1.123285174369812012e+00,1.031388267874717712e-01,-2.745124697685241699e-01,8.100175112485885620e-02,1.153133869171142578e+00,4.241042956709861755e-02,2.291233390569686890e-01,2.135269111022353172e-03,-1.444758921861648560e-01,-3.090758807957172394e-02,3.644825890660285950e-02,1.248769834637641907e-01,2.612614072859287262e-02,5.271787196397781372e-02,-3.507798016071319580e-01,6.746901571750640869e-02,-7.147969305515289307e-02,2.231739461421966553e-01,4.363681375980377197e-02,1.720361597836017609e-02
-6.047760844230651855e-01,-1.146017551422119141e+00,6.690741777420043945e-01,4.018429666757583618e-03,1.365652959793806076e-02,-6.975107192993164062e-01,7.164329290390014648e-01,0.000000000000000000e+00,0.000000000000000000e+00,-7.099455595016479492e-02,-1.159734725952148438e+00,6.996474415063858032e-02,-1.802881509065628052e-01,5.662798136472702026e-02,1.180549502372741699e+00,2.894793450832366943e-02,1.531037241220474243e-01,5.015222122892737389e-04,-1.038995906710624695e-01,-4.827507212758064270e-02,2.574782073497772217e-02,6.349609792232513428e-02,4.405052587389945984e-02,6.002809479832649231e-02,-2.465179264545440674e-01,6.833666563034057617e-02,-4.861908778548240662e-02,1.343669146299362183e-01,5.589246749877929688e-02,-9.538800455629825592e-03
-6.063598990440368652e-01,-1.144671559333801270e+00,6.682506799697875977e-01,8.070437470450997353e-04,5.248410627245903015e-03,-6.926489472389221191e-01,7.212553024291992188e-01,0.000000000000000000e+00,0.000000000000000000e+00,-3.066020272672176361e-02,-1.197998404502868652e+00,3.487876802682876587e-02,-9.020814299583435059e-02,3.306826204061508179e-02,1.206882119178771973e+00,1.399518549442291260e-02,7.821185886859893799e-02,-2.941530510724987835e-06,-6.548205763101577759e-02,-6.564860790967941284e-02,1.424626354128122330e-02,6.928991060703992844e-03,5.984933301806449890e-02,6.741803884506225586e-02,-1.439679712057113647e-01,6.808298826217651367e-02,-2.634089440107345581e-02,4.837231338024139404e-02,6.693281233310699463e-02,-3.622931241989135742e-02
-6.080268621444702148e-01,-1.143047332763671875e+00,6.671882271766662598e-01,-3.043810604140162468e-03,-4.447844810783863068e-03,-6.879100799560546875e-01,7.257759571075439453e-01,0.000000000000000000e+00,0.000000000000000000e+00,1.178595051169395447e-02,-1.238164544105529785e+00,-1.036976347677409649e-03,-2.103892387822270393e-03,1.034612301737070084e-02,1.232025146484375000e+00,-1.386103103868663311e-03,1.677733729593455791e-03,8.746609673835337162e-04,-5.039854347705841064e-02,-8.307836949825286865e-02,3.315230365842580795e-03,4.330619418624337413e-08,5.522092431783676147e-02,7.472680509090423584e-02,-5.887169763445854187e-02,6.678988039493560791e-02,-5.780259612947702408e-03,2.463863665980170481e-06,6.300856918096542358e-02,-6.291423738002777100e-02
-6.080260872840881348e-01,-1.143044590950012207e+00,6.671882867813110352e-01,-3.028868231922388077e-03,-4.434431437402963638e-03,-6.879162788391113281e-01,7.257701754570007324e-01,0.000000000000000000e+00,0.000000000000000000e+00,1.151193305850028992e-02,-1.238257884979248047e+00,-1.009818050079047680e-03,-1.617812085896730423e-03,9.635296650230884552e-03,1.232093334197998047e+00,-1.032923115417361259e-03,5.218565347604453564e-04,1.117086037993431091e-03,-5.053485929965972900e-02,-8.317814022302627563e-02,3.102915827184915543e-03,5.413278766214224547e-12,5.550918355584144592e-02,7.508480548858642578e-02,-5.891363322734832764e-02,6.685251742601394653e-02,-6.025214213877916336e-03,3.079829447028004097e-10,6.307589262723922729e-02,-6.325973570346832275e-02
-6.080259680747985840e-01,-1.143044590950012207e+00,6.671884059906005859e-01,-3.028015140444040298e-03,-4.433379508554935455e-03,-6.879167556762695312e-01,7.257696986198425293e-01,0.000000000000000000e+00,0.000000000000000000e+00,1.149076409637928009e-02,-1.238258004188537598e+00,-9.995347354561090469e-04,-1.585695426911115646e-03,9.582793340086936951e-03,1.232093453407287598e+00,-1.000366872176527977e-03,4.404374340083450079e-04,1.146235270425677299e-03,-5.054296180605888367e-02,-8.318084478378295898e-02,3.074436914175748825e-03,6.798225024774338585e-16,5.552150681614875793e-02,7.509095221757888794e-02,-5.891308933496475220e-02,6.685240566730499268e-02,-6.054441444575786591e-03,3.849756613754501400e-14,6.307189166545867920e-02,-6.326578557491302490e-02
-6.080259680747985840e-01,-1.143044590950012207e+00,6.671884059906005859e-01,-3.027965780347585678e-03,-4.433307331055402756e-03,-6.879168152809143066e-01,7.257696390151977539e-01,0.000000000000000000e+00,0.000000000000000000e+00,1.148921996355056763e-02,-1.238257884979248047e+00,-9.986944496631622314e-04,-1.583359669893980026e-03,9.578971192240715027e-03,1.232093453407287598e+00,-9.978919988498091698e-04,4.345310444477945566e-04,1.149674295447766781e-03,-5.054363608360290527e-02,-8.318101614713668823e-02,3.071000101044774055e-03,-1.233068212965447719e-18,5.552249401807785034e-02,7.509103417396545410e-02,-5.891278013586997986e-02,6.685225665569305420e-02,-6.057897582650184631e-03,7.474218726571946192e-18,6.307113170623779297e-02,-6.326591223478317261e-02
-6.080259680747985840e-01,-1.143044590950012207e+00,6.671884059906005859e-01,-3.027962753549218178e-03,-4.433301743119955063e-03,-6.879168152809143066e-01,7.257696390151977539e-01,0.000000000000000000e+00,0.000000000000000000e+00,1.148910634219646454e-02,-1.238257884979248047e+00,-9.986339136958122253e-04,-1.583187724463641644e-03,9.578691795468330383e-03,1.232093453407287598e+00,-9.977081790566444397e-04,4.341014428064227104e-04,1.150079187937080860e-03,-5.054370313882827759e-02,-8.318103104829788208e-02,3.070592647418379784e-03,7.948557177034354382e-18,5.552259832620620728e-02,7.509103417396545410e-02,-5.891273543238639832e-02,6.685223430395126343e-02,-6.058306433260440826e-03,-4.823852634613240431e-18,6.307103484869003296e-02,-6.326591968536376953e-02
-6.080259680747985840e-01,-1.143044590950012207e+00,6.671884059906005859e-01,-3.027963219210505486e-03,-4.433301743119955063e-03,-6.879168152809143066e-01,7.257696390151977539e-01,0.000000000000000000e+00,0.000000000000000000e+00,1.148909889161586761e-02,-1.238257884979248047e+00,-9.986296063289046288e-04,-1.583174685947597027e-03,9.578672237694263458e-03,1.232093453407287598e+00,-9.976943256333470345e-04,4.340698360465466976e-04,1.150126801803708076e-03,-5.054371058940887451e-02,-8.318103104829788208e-02,3.070544451475143433e-03,-3.074517840296296656e-18,5.552260950207710266e-02,7.509103417396545410e-02,-5.891272798180580139e-02,6.685223430395126343e-02,-6.058354396373033524e-03,7.982226736687712820e-18,6.307102739810943604e-02,-6.326591968536376953e-02
-6.080259680747985840e-01,-1.143044590950012207e+00,6.671884059906005859e-01,-3.027963219210505486e-03,-4.433301277458667755e-03,-6.879168152809143066e-01,7.257696390151977539e-01,0.000000000000000000e+00,0.000000000000000000e+00,1.148909796029329300e-02,-1.238257884979248047e+00,-9.986293734982609749e-04,-1.583173754625022411e-03,9.578670375049114227e-03,1.232093453407287598e+00,-9.976933943107724190e-04,4.340677114669233561e-04,1.150132855400443077e-03,-5.054371058940887451e-02,-8.318103104829788208e-02,3.070538397878408432e-03,-3.038307181801175316e-18,5.552260950207710266e-02,7.509103417396545410e-02,-5.891272798180580139e-02,6.685223430395126343e-02,-6.058360449969768524e-03,2.327646539054817332e-18,6.307101994752883911e-02,-6.326591968536376953e-02
-6.080259680747985840e-01,-1.143044590950012207e+00,6.671884059906005859e-01,-3.027963219210505486e-03,-4.433301277458667755e-03,-6.879168152809143066e-01,7.257696390151977539e-01,0.000000000000000000e+00,0.000000000000000000e+00,1.148909796029329300e-02,-1.238257884979248047e+00,-9.986293734982609749e-04,-1.583173638209700584e-03,9.578670375049114227e-03,1.232093453407287598e+00,-9.976932778954505920e-04,4.340674786362797022e-04,1.150133437477052212e-03,-5.054371058940887451e-02,-8.318103104829788208e-02,3.070537699386477470e-03,3.389190580201269232e-19,5.552261322736740112e-02,7.509103417396545410e-02,-5.891272798180580139e-02,6.685223430395126343e-02,-6.058361381292343140e-03,3.808471889092147900e-18,6.307101994752883911e-02,-6.326591968536376953e-02
-6.080259680747985840e-01,-1.143044590950012207e+00,6.671884059906005859e-01,-3.027963219210505486e-03,-4.433301277458667755e-03,-6.879168152809143066e-01,7.257696390151977539e-01,0.000000000000000000e+00,0.000000000000000000e+00,1.148909796029329300e-02,-1.238257884979248047e+00,-9.986292570829391479e-04,-1.583173638209700584e-03,9.578670375049114227e-03,1.232093453407287598e+00,-9.976932778954505920e-04,4.340674786362797022e-04,1.150133553892374039e-03,-5.054371058940887451e-02,-8.318103104829788208e-02,3.070537466555833817e-03,5.189241472235064240e-18,5.552261322736740112e-02,7.509103417396545410e-02,-5.891272798180580139e-02,6.685223430395126343e-02,-6.058361381292343140e-03,-3.987195840962805271e-18,6.307101994752883911e-02,-6.326591968536376953e-02
-6.080259680747985840e-01,-1.143044590950012207e+00,6.671884059906005859e-01,-3.027962986379861832e-03,-4.433301277458667755e-03,-6.879168152809143066e-01,7.257696390151977539e-01,0.000000000000000000e+00,0.000000000000000000e+00,1.148909796029329300e-02,-1.238257884979248047e+00,-9.986293734982609749e-04,-1.583173754625022411e-03,9.578670375049114227e-03,1.232093453407287598e+00,-9.976932778954505920e-04,4.340675077401101589e-04,1.150133204646408558e-03,-5.054371058940887451e-02,-8.318103104829788208e-02,3.070537932217121124e-03,-5.255627679476120029e-18,5.552261322736740112e-02,7.509103417396545410e-02,-5.891272798180580139e-02,6.685223430395126343e-02,-6.058360915631055832e-03,-6.558152594116420375e-19,6.307101994752883911e-02,-6.326591968536376953e-02
-6.080259680747985840e-01,-1.143044590950012207e+00,6.671884059906005859e-01,-3.027962986379861832e-03,-4.433301277458667755e-03,-6.879168152809143066e-01,7.257696390151977539e-01,0.000000000000000000e+00,0.000000000000000000e+00,1.148909796029329300e-02,-1.238257884979248047e+00,-9.986293734982609749e-04,-1.583173754625022411e-03,9.578670375049114227e-03,1.232093453407287598e+00,-9.976932778954505920e-04,4.340675368439406157e-04,1.150133204646408558e-03,-5.054371058940887451e-02,-8.318103104829788208e-02,3.070537932217121124e-03,-3.048365698049820133e-18,5.552261322736740112e-02,7.509103417396545410e-02,-5.891272798180580139e-02,6.685223430395126343e-02,-6.058360915631055832e-03,-4.716279450311944288e-18,6.307101994752883911e-02,-6.326591968536376953e-02
-6.080259680747985840e-01,-1.143044590950012207e+00,6.671884059906005859e-01,-3.027962986379861832e-03,-4.433301277458667755e-03,-6.879168152809143066e-01,7.257696390151977539e-01,0.000000000000000000e+00,0.000000000000000000e+00,1.148909796029329300e-02,-1.238257884979248047e+00,-9.986293734982609749e-04,-1.583173754625022411e-03,9.578670375049114227e-03,1.232093453407287598e+00,-9.976932778954505920e-04,4.340675077401101589e-04,1.150133204646408558e-03,-5.054371058940887451e-02,-8.318103104829788208e-02,3.070537932217121124e-03,2.446866426380860104e-19,5.552261322736740112e-02,7.509103417396545410e-02,-5.891272798180580139e-02,6.685223430395126343e-02,-6.058360915631055832e-03,-6.654926108340224189e-18,6.307101994752883911e-02,-6.326591968536376953e-02
-6.080259680747985840e-01,-1.143044590950012207e+00,6.671884059906005859e-01,-3.027962986379861832e-03,-4.433301277458667755e-03,-6.879168152809143066e-01,7.257696390151977539e-01,0.000000000000000000e+00,0.000000000000000000e+00,1.148909796029329300e-02,-1.238257884979248047e+00,-9.986293734982609749e-04,-1.583173754625022411e-03,9.578670375049114227e-03,1.232093453407287598e+00,-9.976932778954505920e-04,4.340675077401101589e-04,1.150133204646408558e-03,-5.054371058940887451e-02,-8.318103104829788208e-02,3.070537932217121124e-03,-2.078724731680459820e-18,5.552261322736740112e-02,7.509103417396545410e-02,-5.891272798180580139e-02,6.685223430395126343e-02,-6.058360915631055832e-03,2.935180920472964250e-18,6.307101994752883911e-02,-6.326591968536376953e-02
-6.080259680747985840e-01,-1.143044590950012207e+00,6.671884059906005859e-01,-3.027962986379861832e-03,-4.433301277458667755e-03,-6.879168152809143066e-01,7.257696390151977539e-01,0.000000000000000000e+00,0.000000000000000000e+00,1.148909796029329300e-02,-1.238257884979248047e+00,-9.986293734982609749e-04,-1.583173754625022411e-03,9.578670375049114227e-03,1.232093453407287598e+00,-9.976932778954505920e-04,4.340675077401101589e-04,1.150133204646408558e-03,-5.054371058940887451e-02,-8.318103104829788208e-02,3.070537932217121124e-03,-7.704082292633081946e-18,5.552261322736740112e-02,7.509103417396545410e-02,-5.891272798180580139e-02,6.685223430395126343e-02,-6.058360915631055832e-03,-1.434238537938344049e-18,6.307101994752883911e-02,-6.326591968536376953e-02
-6.080259680747985840e-01,-1.143044590950012207e+00,6.671884059906005859e-01,-3.027962986379861832e-03,-4.433301277458667755e-03,-6.879168152809143066e-01,7.257696390151977539e-01,0.000000000000000000e+00,0.000000000000000000e+00,1.148909796029329300e-02,-1.238257884979248047e+00,-9.986293734982609749e-04,-1.583173754625022411e-03,9.578670375049114227e-03,1.232093453407287598e+00,-9.976932778954505920e-04,4.340675077401101589e-04,1.150133204646408558e-03,-5.054371058940887451e-02,-8.318103104829788208e-02,3.070537932217121124e-03,-2.018373634188590920e-18,5.552261322736740112e-02,7.509103417396545410e-02,-5.891272798180580139e-02,6.685223430395126343e-02,-6.058360915631055832e-03,6.787910281059149342e-18,6.307101994752883911e-02,-6.326591968536376953e-02
-6.080259680747985840e-01,-1.143044590950012207e+00,6.671884059906005859e-01,-3.027962986379861832e-03,-4.433301277458667755e-03,-6.879168152809143066e-01,7.257696390151977539e-01,0.000000000000000000e+00,0.000000000000000000e+00,1.148909796029329300e-02,-1.238257884979248047e+00,-9.986293734982609749e-04,-1.583173754625022411e-03,9.578670375049114227e-03,1.232093453407287598e+00,-9.976932778954505920e-04,4.340675077401101589e-04,1.150133204646408558e-03,-5.054371058940887451e-02,-8.318103104829788208e-02,3.070537932217121124e-03,-8.460800351886392512e-19,5.552261322736740112e-02,7.509103417396545410e-02,-5.891272798180580139e-02,6.685223430395126343e-02,-6.058360915631055832e-03,-5.902972609415219063e-18,6.307101994752883911e-02,-6.326591968536376953e-02
-6.080259680747985840e-01,-1.143044590950012207e+00,6.671884059906005859e-01,-3.027962986379861832e-03,-4.433301277458667755e-03,-6.879168152809143066e-01,7.257696390151977539e-01,0.000000000000000000e+00,0.000000000000000000e+00,1.148909796029329300e-02,-1.238257884979248047e+00,-9.986293734982609749e-04,-1.583173754625022411e-03,9.578670375049114227e-03,1.232093453407287598e+00,-9.976932778954505920e-04,4.340675077401101589e-04,1.150133204646408558e-03,-5.054371058940887451e-02,-8.318103104829788208e-02,3.070537932217121124e-03,-1.576751831313880081e-18,5.552261322736740112e-02,7.509103417396545410e-02,-5.891272798180580139e-02,6.685223430395126343e-02,-6.058360915631055832e-03,-3.682475738188070724e-18,6.307101994752883911e-02,-6.326591968536376953e-02
-6.080259680747985840e-01,-1.143044590950012207e+00,6.671884059906005859e-01,-3.027962986379861832e-03,-4.433301277458667755e-03,-6.879168152809143066e-01,7.257696390151977539e-01,0.000000000000000000e+00,0.000000000000000000e+00,1.148909796029329300e-02,-1.238257884979248047e+00,-9.986293734982609749e-04,-1.583173754625022411e-03,9.578670375049114227e-03,1.232093453407287598e+00,-9.976932778954505920e-04,4.340675077401101589e-04,1.150133204646408558e-03,-5.054371058940887451e-02,-8.318103104829788208e-02,3.070537932217121124e-03,7.236837743103928522e-19,5.552261322736740112e-02,7.509103417396545410e-02,-5.891272798180580139e-02,6.685223430395126343e-02,-6.058360915631055832e-03,-4.363490227780528197e-18,6.307101994752883911e-02,-6.326591968536376953e-02
-6.080259680747985840e-01,-1.143044590950012207e+00,6.671884059906005859e-01,-3.027962986379861832e-03,-4.433301277458667755e-03,-6.879168152809143066e-01,7.257696390151977539e-01,0.000000000000000000e+00,0.000000000000000000e+00,1.148909796029329300e-02,-1.238257884979248047e+00,-9.986293734982609749e-04,-1.583173754625022411e-03,9.578670375049114227e-03,1.232093453407287598e+00,-9.976932778954505920e-04,4.340675368439406157e-04,1.150133204646408558e-03,-5.054371058940887451e-02,-8.318103104829788208e-02,3.070537932217121124e-03,4.601188848603766229e-18,5.552261322736740112e-02,7.509103417396545410e-02,-5.891272798180580139e-02,6.685223430395126343e-02,-6.058360915631055832e-03,2.573497851995378005e-18,6.307101994752883911e-02,-6.326591968536376953e-02
-6.080259680747985840e-01,-1.143044590950012207e+00,6.671884059906005859e-01,-3.027962986379861832e-03,-4.433301277458667755e-03,-6.879168152809143066e-01,7.257696390151977539e-01,0.000000000000000000e+00,0.000000000000000000e+00,1.148909796029329300e-02,-1.238257884979248047e+00,-9.986293734982609749e-04,-1.583173754625022411e-03,9.578670375049114227e-03,1.232093453407287598e+00,-9.976932778954505920e-04,4.340675077401101589e-04,1.150133204646408558e-03,-5.054371058940887451e-02,-8.318103104829788208e-02,3.070537932217121124e-03,6.453014629538480346e-18,5.552261322736740112e-02,7.509103417396545410e-02,-5.891272798180580139e-02,6.685223430395126343e-02,-6.058360915631055832e-03,-2.411714559069806640e-18,6.307101994752883911e-02,-6.326591968536376953e-02
-6.080259680747985840e-01,-1.143044590950012207e+00,6.671884059906005859e-01,-3.027962986379861832e-03,-4.433301277458667755e-03,-6.879168152809143066e-01,7.257696390151977539e-01,0.000000000000000000e+00,0.000000000000000000e+00,1.148909796029329300e-02,-1.238257884979248047e+00,-9.986293734982609749e-04,-1.583173754625022411e-03,9.578670375049114227e-03,1.232093453407287598e+00,-9.976932778954505920e-04,4.340675077401101589e-04,1.150133204646408558e-03,-5.054371058940887451e-02,-8.318103104829788208e-02,3.070537932217121124e-03,-4.731526043362521694e-18,5.552261322736740112e-02,7.509103417396545410e-02,-5.891272798180580139e-02,6.685223430395126343e-02,-6.058360915631055832e-03,4.716279450311944288e-18,6.307101994752883911e-02,-6.326591968536376953e-02
-6.080259680747985840e-01,-1.143044590950012207e+00,6.671884059906005859e-01,-3.027962986379861832e-03,-4.433301277458667755e-03,-6.879168152809143066e-01,7.257696390151977539e-01,0.000000000000000000e+00,0.000000000000000000e+00,1.148909796029329300e-02,-1.238257884979248047e+00,-9.986293734982609749e-04,-1.583173754625022411e-03,9.578670375049114227e-03,1.232093453407287598e+00,-9.976932778954505920e-04,4.340675077401101589e-04,1.150133204646408558e-03,-5.054371058940887451e-02,-8.318103104829788208e-02,3.070537932217121124e-03,2.755715814773459366e-18,5.552261322736740112e-02,7.509103417396545410e-02,-5.891272798180580139e-02,6.685223430395126343e-02,-6.058360915631055832e-03,5.780999865010599814e-20,6.307101994752883911e-02,-6.326591968536376953e-02
-6.080259680747985840e-01,-1.143044590950012207e+00,6.671884059906005859e-01,-3.027962986379861832e-03,-4.433301277458667755e-03,-6.879168152809143066e-01,7.257696390151977539e-01,0.000000000000000000e+00,0.000000000000000000e+00,1.148909796029329300e-02,-1.238257884979248047e+00,-9.986293734982609749e-04,-1.583173754625022411e-03,9.578670375049114227e-03,1.232093453407287598e+00,-9.976932778954505920e-04,4.340675077401101589e-04,1.150133204646408558e-03,-5.054371058940887451e-02,-8.318103104829788208e-02,3.070537932217121124e-03,2.932851579868014924e-18,5.552261322736740112e-02,7.509103417396545410e-02,-5.891272798180580139e-02,6.685223430395126343e-02,-6.058360915631055832e-03,5.055939662160918724e-18,6.307101994752883911e-02,-6.326591968536376953e-02
-6.080259680747985840e-01,-1.143044590950012207e+00,6.671884059906005859e-01,-3.027962986379861832e-03,-4.433301277458667755e-03,-6.879168152809143066e-01,7.257696390151977539e-01,0.000000000000000000e+00,0.000000000000000000e+00,1.148909796029329300e-02,-1.238257884979248047e+00,-9.986293734982609749e-04,-1.583173754625022411e-03,9.578670375049114227e-03,1.232093453407287598e+00,-9.976932778954505920e-04,4.340675077401101589e-04,1.150133204646408558e-03,-5.054371058940887451e-02,-8.318103104829788208e-02,3.070537932217121124e-03,-3.471776292558563515e-19,5.552261322736740112e-02,7.509103417396545410e-02,-5.891272798180580139e-02,6.685223430395126343e-02,-6.058360915631055832e-03,-2.389268185967567681e-18,6.307101994752883911e-02,-6.326591968536376953e-02
-6.080259680747985840e-01,-1.143044590950012207e+00,6.671884059906005859e-01,-3.027962986379861832e-03,-4.433301277458667755e-03,-6.879168152809143066e-01,7.257696390151977539e-01,0.000000000000000000e+00,0.000000000000000000e+00,1.148909796029329300e-02,-1.238257884979248047e+00,-9.986293734982609749e-04,-1.583173754625022411e-03,9.578670375049114227e-03,1.232093453407287598e+00,-9.976932778954505920e-04,4.340675077401101589e-04,1.150133204646408558e-03,-5.054371058940887451e-02,-8.318103104829788208e-02,3.070537932217121124e-03,3.754261780467872678e-18,5.552261322736740112e-02,7.509103417396545410e-02,-5.891272798180580139e-02,6.685223430395126343e-02,-6.058360915631055832e-03,9.844640429463105691e-19,6.307101994752883911e-02,-6.326591968536376953e-02
-6.080259680747985840e-01,-1.143044590950012207e+00,6.671884059906005859e-01,-3.027962986379861832e-03,-4.433301277458667755e-03,-6.879168152809143066e-01,7.257696390151977539e-01,0.000000000000000000e+00,0.000000000000000000e+00,1.148909796029329300e-02,-1.238257884979248047e+00,-9.986293734982609749e-04,-1.583173754625022411e-03,9.578670375049114227e-03,1.232093453407287598e+00,-9.976932778954505920e-04,4.340675077401101589e-04,1.150133204646408558e-03,-5.054371058940887451e-02,-8.318103104829788208e-02,3.070537932217121124e-03,-3.269229539046378946e-18,5.552261322736740112e-02,7.509103417396545410e-02,-5.891272798180580139e-02,6.685223430395126343e-02,-6.058360915631055832e-03,-4.358196271860188820e-18,6.307101994752883911e-02,-6.326591968536376953e-02
-6.080259680747985840e-01,-1.143044590950012207e+00,6.671884059906005859e-01,-3.027962986379861832e-03,-4.433301277458667755e-03,-6.879168152809143066e-01,7.257696390151977539e-01,0.000000000000000000e+00,0.000000000000000000e+00,1.148909796029329300e-02,-1.238257884979248047e+00,-9.986293734982609749e-04,-1.583173754625022411e-03,9.578670375049114227e-03,1.232093453407287598e+00,-9.976932778954505920e-04,4.340675077401101589e-04,1.150133204646408558e-03,-5.054371058940887451e-02,-8.318103104829788208e-02,3.070537932217121124e-03,2.980073666677442168e-18,5.552261322736740112e-02,7.509103417396545410e-02,-5.891272798180580139e-02,6.685223430395126343e-02,-6.058360915631055832e-03,-1.394216231180578358e-18,6.307101994752883911e-02,-6.326591968536376953e-02
-6.080259680747985840e-01,-1.143044590950012207e+00,6.671884059906005859e-01,-3.027962986379861832e-03,-4.433301277458667755e-03,-6.879168152809143066e-01,7.257696390151977539e-01,0.000000000000000000e+00,0.000000000000000000e+00,1.148909796029329300e-02,-1.238257884979248047e+00,-9.986293734982609749e-04,-1.583173754625022411e-03,9.578670375049114227e-03,1.232093453407287598e+00,-9.976932778954505920e-04,4.340675077401101589e-04,1.150133204646408558e-03,-5.054371058940887451e-02,-8.318103104829788208e-02,3.070537932217121124e-03,-1.261443816698466780e-18,5.552261322736740112e-02,7.509103417396545410e-02,-5.891272798180580139e-02,6.685223430395126343e-02,-6.058360915631055832e-03,-3.394696294358422184e-18,6.307101994752883911e-02,-6.326591968536376953e-02
-6.080259680747985840e-01,-1.143044590950012207e+00,6.671884059906005859e-01,-3.027962986379861832e-03,-4.433301277458667755e-03,-6.879168152809143066e-01,7.257696390151977539e-01,0.000000000000000000e+00,0.000000000000000000e+00,1.148909796029329300e-02,-1.238257884979248047e+00,-9.986293734982609749e-04,-1.583173754625022411e-03,9.578670375049114227e-03,1.232093453407287598e+00,-9.976932778954505920e-04,4.340675077401101589e-04,1.150133204646408558e-03,-5.054371058940887451e-02,-8.318103104829788208e-02,3.070537932217121124e-03,3.251971242746072577e-18,5.552261322736740112e-02,7.509103417396545410e-02,-5.891272798180580139e-02,6.685223430395126343e-02,-6.058360915631055832e-03,7.125029394066360877e-18,6.307101994752883911e-02,-6.326591968536376953e-02
-6.080259680747985840e-01,-1.143044590950012207e+00,6.671884059906005859e-01,-3.027962986379861832e-03,-4.433301277458667755e-03,-6.879168152809143066e-01,7.257696390151977539e-01,0.000000000000000000e+00,0.000000000000000000e+00,1.148909796029329300e-02,-1.238257884979248047e+00,-9.986293734982609749e-04,-1.583173754625022411e-03,9.578670375049114227e-03,1.232093453407287598e+00,-9.976932778954505920e-04,4.340675077401101589e-04,1.150133204646408558e-03,-5.054371058940887451e-02,-8.318103104829788208e-02,3.070537932217121124e-03,-2.034996655778456565e-18,5.552261322736740112e-02,7.509103417396545410e-02,-5.891272798180580139e-02,6.685223430395126343e-02,-6.058360915631055832e-03,-6.660431822497377141e-18,6.307101994752883911e-02,-6.326591968536376953e-02
-6.080259680747985840e-01,-1.143044590950012207e+00,6.671884059906005859e-01,-3.027962986379861832e-03,-4.433301277458667755e-03,-6.879168152809143066e-01,7.257696390151977539e-01,0.000000000000000000e+00,0.000000000000000000e+00,1.148909796029329300e-02,-1.238257884979248047e+00,-9.986293734982609749e-04,-1.583173754625022411e-03,9.578670375049114227e-03,1.232093453407287598e+00,-9.976932778954505920e-04,4.340675368439406157e-04,1.150133204646408558e-03,-5.054371058940887451e-02,-8.318103104829788208e-02,3.070537932217121124e-03,3.102152290200468204e-18,5.552261322736740112e-02,7.509103417396545410e-02,-5.891272798180580139e-02,6.685223430395126343e-02,-6.058360915631055832e-03,9.989694821680404624e-18,6.307101994752883911e-02,-6.326591968536376953e-02
-6.080259680747985840e-01,-1.143044590950012207e+00,6.671884059906005859e-01,-3.027962986379861832e-03,-4.433301277458667755e-03,-6.879168152809143066e-01,7.257696390151977539e-01,0.000000000000000000e+00,0.000000000000000000e+00,1.148909796029329300e-02,-1.238257884979248047e+00,-9.986293734982609749e-04,-1.583173754625022411e-03,9.578670375049114227e-03,1.232093453407287598e+00,-9.976932778954505920e-04,4.340675077401101589e-04,1.150133204646408558e-03,-5.054371058940887451e-02,-8.318103104829788208e-02,3.070537932217121124e-03,-5.798469919547719759e-18,5.552261322736740112e-02,7.509103417396545410e-02,-5.891272798180580139e-02,6.685223430395126343e-02,-6.058360915631055832e-03,2.434796206882486325e-18,6.307101994752883911e-02,-6.326591968536376953e-02
-6.080259680747985840e-01,-1.143044590950012207e+00,6.671884059906005859e-01,-3.027962986379861832e-03,-4.433301277458667755e-03,-6.879168152809143066e-01,7.257696390151977539e-01,0.000000000000000000e+00,0.000000000000000000e+00,1.148909796029329300e-02,-1.238257884979248047e+00,-9.986293734982609749e-04,-1.583173754625022411e-03,9.578670375049114227e-03,1.232093453407287598e+00,-9.976932778954505920e-04,4.340675077401101589e-04,1.150133204646408558e-03,-5.054371058940887451e-02,-8.318103104829788208e-02,3.070537932217121124e-03,4.391654073276733683e-18,5.552261322736740112e-02,7.509103417396545410e-02,-5.891272798180580139e-02,6.685223430395126343e-02,-6.058360915631055832e-03,2.238919837829929371e-18,6.307101994752883911e-02,-6.326591968536376953e-02
-6.080259680747985840e-01,-1.143044590950012207e+00,6.671884059906005859e-01,-3.027962986379861832e-03,-4.433301277458667755e-03,-6.879168152809143066e-01,7.257696390151977539e-01,0.000000000000000000e+00,0.000000000000000000e+00,1.148909796029329300e-02,-1.238257884979248047e+00,-9.986293734982609749e-04,-1.583173754625022411e-03,9.578670375049114227e-03,1.232093453407287598e+00,-9.976932778954505920e-04,4.340675077401101589e-04,1.150133204646408558e-03,-5.054371058940887451e-02,-8.318103104829788208e-02,3.070537932217121124e-03,-2.988014600557951234e-18,5.552261322736740112e-02,7.509103417396545410e-02,-5.891272798180580139e-02,6.685223430395126343e-02,-6.058360915631055832e-03,2.267295441562948433e-18,6.307101994752883911e-02,-6.326591968536376953e-02
-6.080259680747985840e-01,-1.143044590950012207e+00,6.671884059906005859e-01,-3.027962986379861832e-03,-4.433301277458667755e-03,-6.879168152809143066e-01,7.257696390151977539e-01,0.000000000000000000e+00,0.000000000000000000e+00,1.148909796029329300e-02,-1.238257884979248047e+00,-9.986293734982609749e-04,-1.583173754625022411e-03,9.578670375049114227e-03,1.232093453407287598e+00,-9.976932778954505920e-04,4.340675077401101589e-04,1.150133204646408558e-03,-5.054371058940887451e-02,-8.318103104829788208e-02,3.070537932217121124e-03,3.896245678251374772e-18,5.552261322736740112e-02,7.509103417396545410e-02,-5.891272798180580139e-02,6.685223430395126343e-02,-6.058360915631055832e-03,5.564582946987126078e-18,6.307101994752883911e-02,-6.326591968536376953e-02
-6.080259680747985840e-01,-1.143044590950012207e+00,6.671884059906005859e-01,-3.027962986379861832e-03,-4.433301277458667755e-03,-6.879168152809143066e-01,7.257696390151977539e-01,0.000000000000000000e+00,0.000000000000000000e+00,1.148909796029329300e-02,-1.238257884979248047e+00,-9.986293734982609749e-04,-1.583173754625022411e-03,9.578670375049114227e-03,1.232093453407287598e+00,-9.976932778954505920e-04,4.340675077401101589e-04,1.150133204646408558e-03,-5.054371058940887451e-02,-8.318103104829788208e-02,3.070537932217121124e-03,3.851352932046896854e-18,5.552261322736740112e-02,7.509103417396545410e-02,-5.891272798180580139e-02,6.685223430395126343e-02,-6.058360915631055832e-03,3.237783440879563046e-18,6.307101994752883911e-02,-6.326591968536376953e-02
-6.080259680747985840e-01,-1.143044590950012207e+00,6.671884059906005859e-01,-3.027962986379861832e-03,-4.433301277458667755e-03,-6.879168152809143066e-01,7.257696390151977539e-01,0.000000000000000000e+00,0.000000000000000000e+00,1.148909796029329300e-02,-1.238257884979248047e+00,-9.986293734982609749e-04,-1.583173754625022411e-03,9.578670375049114227e-03,1.232093453407287598e+00,-9.976932778954505920e-04,4.340675077401101589e-04,1.150133204646408558e-03,-5.054371058940887451e-02,-8.318103104829788208e-02,3.070537932217121124e-03,3.331274702432756446e-18,5.552261322736740112e-02,7.509103417396545410e-02,-5.891272798180580139e-02,6.685223430395126343e-02,-6.058360915631055832e-03,3.875599250162051201e-18,6.307101994752883911e-02,-6.326591968536376953e-02
-6.080259680747985840e-01,-1.143044590950012207e+00,6.671884059906005859e-01,-3.027962986379861832e-03,-4.433301277458667755e-03,-6.879168152809143066e-01,7.257696390151977539e-01,0.000000000000000000e+00,0.000000000000000000e+00,1.148909796029329300e-02,-1.238257884979248047e+00,-9.986293734982609749e-04,-1.583173754625022411e-03,9.578670375049114227e-03,1.232093453407287598e+00,-9.976932778954505920e-04,4.340675077401101589e-04,1.150133204646408558e-03,-5.054371058940887451e-02,-8.318103104829788208e-02,3.070537932217121124e-03,6.440626772684886203e-19,5.552261322736740112e-02,7.509103417396545410e-02,-5.891272798180580139e-02,6.685223430395126343e-02,-6.058360915631055832e-03,-2.915910920922928917e-19,6.307101994752883911e-02,-6.326591968536376953e-02
-6.080259680747985840e-01,-1.143044590950012207e+00,6.671884059906005859e-01,-3.027962986379861832e-03,-4.433301277458667755e-03,-6.879168152809143066e-01,7.257696390151977539e-01,0.000000000000000000e+00,0.000000000000000000e+00,1.148909796029329300e-02,-1.238257884979248047e+00,-9.986293734982609749e-04,-1.583173754625022411e-03,9.578670375049114227e-03,1.232093453407287598e+00,-9.976932778954505920e-04,4.340675077401101589e-04,1.150133204646408558e-03,-5.054371058940887451e-02,-8.318103104829788208e-02,3.070537932217121124e-03,1.345511836713456089e-18,5.552261322736740112e-02,7.509103417396545410e-02,-5.891272798180580139e-02,6.685223430395126343e-02,-6.058360915631055832e-03,-3.267006077559836408e-18,6.307101994752883911e-02,-6.326591968536376953e-02
-6.080259680747985840e-01,-1.143044590950012207e+00,6.671884059906005859e-01,-3.027962986379861832e-03,-4.433301277458667755e-03,-6.879168152809143066e-01,7.257696390151977539e-01,0.000000000000000000e+00,0.000000000000000000e+00,1.148909796029329300e-02,-1.238257884979248047e+00,-9.986293734982609749e-04,-1.583173754625022411e-03,9.578670375049114227e-03,1.232093453407287598e+00,-9.976932778954505920e-04,4.340675077401101589e-04,1.150133204646408558e-03,-5.054371058940887451e-02,-8.318103104829788208e-02,3.070537932217121124e-03,8.434648209639915989e-18,5.552261322736740112e-02,7.509103417396545410e-02,-5.891272798180580139e-02,6.685223430395126343e-02,-6.058360915631055832e-03,-3.112846081159553746e-18,6.307101994752883911e-02,-6.326591968536376953e-02
-6.080259680747985840e-01,-1.143044590950012207e+00,6.671884059906005859e-01,-3.027962986379861832e-03,-4.433301277458667755e-03,-6.879168152809143066e-01,7.257696390151977539e-01,0.000000000000000000e+00,0.000000000000000000e+00,1.148909796029329300e-02,-1.238257884979248047e+00,-9.986293734982609749e-04,-1.583173754625022411e-03,9.578670375049114227e-03,1.232093453407287598e+00,-9.976932778954505920e-04,4.340675077401101589e-04,1.150133204646408558e-03,-5.054371058940887451e-02,-8.318103104829788208e-02,3.070537932217121124e-03,4.336491052586797373e-18,5.552261322736740112e-02,7.509103417396545410e-02,-5.891272798180580139e-02,6.685223430395126343e-02,-6.058360915631055832e-03,-6.736876545987077747e-18,6.307101994752883911e-02,-6.326591968536376953e-02
-6.080259680747985840e-01,-1.143044590950012207e+00,6.671884059906005859e-01,-3.027962986379861832e-03,-4.433301277458667755e-03,-6.879168152809143066e-01,7.257696390151977539e-01,0.000000000000000000e+00,0.000000000000000000e+00,1.148909796029329300e-02,-1.238257884979248047e+00,-9.986293734982609749e-04,-1.583173754625022411e-03,9.578670375049114227e-03,1.232093453407287598e+00,-9.976932778954505920e-04,4.340675077401101589e-04,1.150133204646408558e-03,-5.054371058940887451e-02,-8.318103104829788208e-02,3.070537932217121124e-03,-1.538529469569029778e-18,5.552261322736740112e-02,7.509103417396545410e-02,-5.891272798180580139e-02,6.685223430395126343e-02,-6.058360915631055832e-03,-1.749123036080130200e-19,6.307101994752883911e-02,-6.326591968536376953e-02
-6.080259680747985840e-01,-1.143044590950012207e+00,6.671884059906005859e-01,-3.027962986379861832e-03,-4.433301277458667755e-03,-6.879168152809143066e-01,7.257696390151977539e-01,0.000000000000000000e+00,0.000000000000000000e+00,1.148909796029329300e-02,-1.238257884979248047e+00,-9.986293734982609749e-04,-1.583173754625022411e-03,9.578670375049114227e-03,1.232093453407287598e+00,-9.976932778954505920e-04,4.340675077401101589e-04,1.150133204646408558e-03,-5.054371058940887451e-02,-8.318103104829788208e-02,3.070537932217121124e-03,-1.496071943087907974e-19,5.552261322736740112e-02,7.509103417396545410e-02,-5.891272798180580139e-02,6.685223430395126343e-02,-6.058360915631055832e-03,-3.881528480792831304e-19,6.307101994752883911e-02,-6.326591968536376953e-02
-6.080259680747985840e-01,-1.143044590950012207e+00,6.671884059906005859e-01,-3.027962986379861832e-03,-4.433301277458667755e-03,-6.879168152809143066e-01,7.257696390151977539e-01,0.000000000000000000e+00,0.000000000000000000e+00,1.148909796029329300e-02,-1.238257884979248047e+00,-9.986293734982609749e-04,-1.583173754625022411e-03,9.578670375049114227e-03,1.232093453407287598e+00,-9.976932778954505920e-04,4.340675077401101589e-04,1.150133204646408558e-03,-5.054371058940887451e-02,-8.318103104829788208e-02,3.070537932217121124e-03,-7.600744273068057305e-18,5.552261322736740112e-02,7.509103417396545410e-02,-5.891272798180580139e-02,6.685223430395126343e-02,-6.058360915631055832e-03,-4.868321864344091199e-18,6.307101994752883911e-02,-6.326591968536376953e-02
-6.080259680747985840e-01,-1.143044590950012207e+00,6.671884059906005859e-01,-3.027962986379861832e-03,-4.433301277458667755e-03,-6.879168152809143066e-01,7.257696390151977539e-01,0.000000000000000000e+00,0.000000000000000000e+00,1.148909796029329300e-02,-1.238257884979248047e+00,-9.986293734982609749e-04,-1.583173754625022411e-03,9.578670375049114227e-03,1.232093453407287598e+00,-9.976932778954505920e-04,4.340675077401101589e-04,1.150133204646408558e-03,-5.054371058940887451e-02,-8.318103104829788208e-02,3.070537932217121124e-03,-4.422570775851515645e-18,5.552261322736740112e-02,7.509103417396545410e-02,-5.891272798180580139e-02,6.685223430395126343e-02,-6.058360915631055832e-03,-4.236435285692383146e-18,6.307101994752883911e-02,-6.326591968536376953e-02
