-3.505878848955035210e-04,2.462252601981163025e-02,6.787132620811462402e-01,-5.464741494506597519e-03,-7.272771559655666351e-03,-7.242338061332702637e-01,6.894944906234741211e-01,0.000000000000000000e+00,0.000000000000000000e+00,2.872440405189990997e-02,-1.232219815254211426e+00,-3.536183387041091919e-03,-7.868470624089241028e-03,2.535064332187175751e-02,1.221457958221435547e+00,-3.519344376400113106e-03,5.280802026391029358e-03,3.941452596336603165e-03,-6.933793425559997559e-02,-4.350054264068603516e-02,-1.249024644494056702e-03,2.950940825030556880e-07,8.488593995571136475e-02,4.045651108026504517e-02,-7.811155915260314941e-02,2.317912876605987549e-02,-6.907542701810598373e-03,3.509439636673050700e-07,9.331422299146652222e-02,-2.689302898943424225e-02
-3.504033957142382860e-04,2.462442778050899506e-02,6.787117719650268555e-01,-5.471617914736270905e-03,-7.280071265995502472e-03,-7.242354750633239746e-01,6.894925832748413086e-01,0.000000000000000000e+00,0.000000000000000000e+00,2.897973358631134033e-02,-1.232251524925231934e+00,-3.697630017995834351e-03,-8.237309753894805908e-03,2.561501413583755493e-02,1.221480965614318848e+00,-3.665976924821734428e-03,5.671306978911161423e-03,4.007928539067506790e-03,-6.932528316974639893e-02,-4.350615665316581726e-02,-1.314001274295151234e-03,3.688676100677135139e-11,8.491968363523483276e-02,4.045741632580757141e-02,-7.808059453964233398e-02,2.317293733358383179e-02,-6.972989067435264587e-03,4.386799604128022168e-11,9.332260489463806152e-02,-2.689418569207191467e-02
-3.503981570247560740e-04,2.462445013225078583e-02,6.787117719650268555e-01,-5.471769720315933228e-03,-7.280204910784959793e-03,-7.242355346679687500e-01,6.894925236701965332e-01,0.000000000000000000e+00,0.000000000000000000e+00,2.898631989955902100e-02,-1.232251644134521484e+00,-3.701727138832211494e-03,-8.247332647442817688e-03,2.562176436185836792e-02,1.221481084823608398e+00,-3.669980447739362717e-03,5.681673996150493622e-03,4.010176286101341248e-03,-6.932513415813446045e-02,-4.350629821419715881e-02,-1.316278474405407906e-03,4.608998915893924506e-15,8.492017537355422974e-02,4.045739769935607910e-02,-7.807981222867965698e-02,2.317277900874614716e-02,-6.975268945097923279e-03,5.487688449002433438e-15,9.332216531038284302e-02,-2.689421735703945160e-02
-3.503979824017733335e-04,2.462445013225078583e-02,6.787117719650268555e-01,-5.471774376928806305e-03,-7.280208636075258255e-03,-7.242355346679687500e-01,6.894925236701965332e-01,0.000000000000000000e+00,0.000000000000000000e+00,2.898649498820304871e-02,-1.232251644134521484e+00,-3.701834939420223236e-03,-8.247597143054008484e-03,2.562194131314754486e-02,1.221481084823608398e+00,-3.670085221529006958e-03,5.681945476680994034e-03,4.010253585875034332e-03,-6.932512670755386353e-02,-4.350630193948745728e-02,-1.316357403993606567e-03,6.549705839291335133e-18,8.492019027471542358e-02,4.045739769935607910e-02,-7.807978987693786621e-02,2.317277342081069946e-02,-6.975347641855478287e-03,5.667709208315337144e-19,9.332215040922164917e-02,-2.689421735703945160e-02
-3.503980115056037903e-04,2.462445013225078583e-02,6.787117719650268555e-01,-5.471773445606231689e-03,-7.280208170413970947e-03,-7.242355346679687500e-01,6.894925236701965332e-01,0.000000000000000000e+00,0.000000000000000000e+00,2.898649685084819794e-02,-1.232251644134521484e+00,-3.701838199049234390e-03,-8.247604593634605408e-03,2.562194503843784332e-02,1.221481084823608398e+00,-3.670088015496730804e-03,5.681952927261590958e-03,4.010256379842758179e-03,-6.932513415813446045e-02,-4.350630193948745728e-02,-1.316360081546008587e-03,-3.575355848862453640e-19,8.492019027471542358e-02,4.045739769935607910e-02,-7.807978987693786621e-02,2.317277342081069946e-02,-6.975350435823202133e-03,-2.208691349524791528e-18,9.332215040922164917e-02,-2.689421735703945160e-02
-3.503980115056037903e-04,2.462445013225078583e-02,6.787117719650268555e-01,-5.471773445606231689e-03,-7.280208170413970947e-03,-7.242355346679687500e-01,6.894925236701965332e-01,0.000000000000000000e+00,0.000000000000000000e+00,2.898649685084819794e-02,-1.232251644134521484e+00,-3.701838199049234390e-03,-8.247604593634605408e-03,2.562194503843784332e-02,1.221481084823608398e+00,-3.670088015496730804e-03,5.681953392922878265e-03,4.010256379842758179e-03,-6.932513415813446045e-02,-4.350630193948745728e-02,-1.316360081546008587e-03,-3.170778088950011316e-18,8.492019027471542358e-02,4.045739769935607910e-02,-7.807978987693786621e-02,2.317277342081069946e-02,-6.975350435823202133e-03,-1.832396962707068602e-18,9.332215040922164917e-02,-2.689421735703945160e-02
-3.503980115056037903e-04,2.462445013225078583e-02,6.787117719650268555e-01,-5.471773445606231689e-03,-7.280208170413970947e-03,-7.242355346679687500e-01,6.894925236701965332e-01,0.000000000000000000e+00,0.000000000000000000e+00,2.898649685084819794e-02,-1.232251644134521484e+00,-3.701838199049234390e-03,-8.247604593634605408e-03,2.562194503843784332e-02,1.221481084823608398e+00,-3.670088015496730804e-03,5.681953392922878265e-03,4.010256379842758179e-03,-6.932513415813446045e-02,-4.350630193948745728e-02,-1.316360081546008587e-03,-1.130679641647269099e-19,8.492019027471542358e-02,4.045739769935607910e-02,-7.807978987693786621e-02,2.317277342081069946e-02,-6.975350435823202133e-03,-3.397846198131024113e-18,9.332215040922164917e-02,-2.689421735703945160e-02
-3.503980115056037903e-04,2.462445013225078583e-02,6.787117719650268555e-01,-5.471773445606231689e-03,-7.280207704752683640e-03,-7.242355346679687500e-01,6.894925236701965332e-01,0.000000000000000000e+00,0.000000000000000000e+00,2.898649685084819794e-02,-1.232251644134521484e+00,-3.701838199049234390e-03,-8.247605524957180023e-03,2.562194503843784332e-02,1.221481084823608398e+00,-3.670088015496730804e-03,5.681953392922878265e-03,4.010256379842758179e-03,-6.932513415813446045e-02,-4.350630193948745728e-02,-1.316360081546008587e-03,-1.695717670794292505e-19,8.492019027471542358e-02,4.045739769935607910e-02,-7.807978987693786621e-02,2.317277342081069946e-02,-6.975350435823202133e-03,1.094790084326183188e-19,9.332215040922164917e-02,-2.689421735703945160e-02
-3.503980115056037903e-04,2.462445013225078583e-02,6.787117719650268555e-01,-5.471773445606231689e-03,-7.280208170413970947e-03,-7.242355346679687500e-01,6.894925236701965332e-01,0.000000000000000000e+00,0.000000000000000000e+00,2.898649685084819794e-02,-1.232251644134521484e+00,-3.701838199049234390e-03,-8.247604593634605408e-03,2.562194503843784332e-02,1.221481084823608398e+00,-3.670088015496730804e-03,5.681952927261590958e-03,4.010256379842758179e-03,-6.932513415813446045e-02,-4.350630193948745728e-02,-1.316360081546008587e-03,-2.033326164531405725e-18,8.492019027471542358e-02,4.045739769935607910e-02,-7.807978987693786621e-02,2.317277342081069946e-02,-6.975350435823202133e-03,8.830583172922098004e-19,9.332215040922164917e-02,-2.689421735703945160e-02
-3.503980115056037903e-04,2.462445013225078583e-02,6.787117719650268555e-01,-5.471773445606231689e-03,-7.280208170413970947e-03,-7.242355346679687500e-01,6.894925236701965332e-01,0.000000000000000000e+00,0.000000000000000000e+00,2.898649685084819794e-02,-1.232251644134521484e+00,-3.701838199049234390e-03,-8.247605524957180023e-03,2.562194503843784332e-02,1.221481084823608398e+00,-3.670088015496730804e-03,5.681953392922878265e-03,4.010256379842758179e-03,-6.932513415813446045e-02,-4.350630193948745728e-02,-1.316360081546008587e-03,2.008140169240391139e-18,8.492019027471542358e-02,4.045739769935607910e-02,-7.807978987693786621e-02,2.317277342081069946e-02,-6.975350435823202133e-03,1.419362521802190399e-18,9.332215040922164917e-02,-2.689421735703945160e-02
-3.503980115056037903e-04,2.462445013225078583e-02,6.787117719650268555e-01,-5.471773445606231689e-03,-7.280208170413970947e-03,-7.242355346679687500e-01,6.894925236701965332e-01,0.000000000000000000e+00,0.000000000000000000e+00,2.898649685084819794e-02,-1.232251644134521484e+00,-3.701838199049234390e-03,-8.247605524957180023e-03,2.562194503843784332e-02,1.221481084823608398e+00,-3.670088015496730804e-03,5.681953392922878265e-03,4.010256379842758179e-03,-6.932513415813446045e-02,-4.350630193948745728e-02,-1.316360081546008587e-03,-2.383275107333256142e-19,8.492019027471542358e-02,4.045739769935607910e-02,-7.807978987693786621e-02,2.317277342081069946e-02,-6.975350435823202133e-03,2.461689502957810360e-20,9.332215040922164917e-02,-2.689421735703945160e-02
-3.503980115056037903e-04,2.462445013225078583e-02,6.787117719650268555e-01,-5.471773445606231689e-03,-7.280207704752683640e-03,-7.242355346679687500e-01,6.894925236701965332e-01,0.000000000000000000e+00,0.000000000000000000e+00,2.898649685084819794e-02,-1.232251644134521484e+00,-3.701838199049234390e-03,-8.247605524957180023e-03,2.562194503843784332e-02,1.221481084823608398e+00,-3.670088015496730804e-03,5.681953392922878265e-03,4.010256379842758179e-03,-6.932513415813446045e-02,-4.350630193948745728e-02,-1.316360081546008587e-03,-2.752676339612633265e-18,8.492019027471542358e-02,4.045739769935607910e-02,-7.807978987693786621e-02,2.317277342081069946e-02,-6.975350435823202133e-03,3.074411961177889868e-18,9.332215040922164917e-02,-2.689421735703945160e-02
-3.503980115056037903e-04,2.462445013225078583e-02,6.787117719650268555e-01,-5.471773445606231689e-03,-7.280208170413970947e-03,-7.242355346679687500e-01,6.894925236701965332e-01,0.000000000000000000e+00,0.000000000000000000e+00,2.898649685084819794e-02,-1.232251644134521484e+00,-3.701838199049234390e-03,-8.247604593634605408e-03,2.562194503843784332e-02,1.221481084823608398e+00,-3.670088015496730804e-03,5.681953392922878265e-03,4.010256379842758179e-03,-6.932513415813446045e-02,-4.350630193948745728e-02,-1.316360081546008587e-03,1.067011188007544567e-18,8.492019027471542358e-02,4.045739769935607910e-02,-7.807978987693786621e-02,2.317277342081069946e-02,-6.975350435823202133e-03,-2.348848832515776537e-18,9.332215040922164917e-02,-2.689421735703945160e-02
-3.503980115056037903e-04,2.462445013225078583e-02,6.787117719650268555e-01,-5.471773445606231689e-03,-7.280208170413970947e-03,-7.242355346679687500e-01,6.894925236701965332e-01,0.000000000000000000e+00,0.000000000000000000e+00,2.898649685084819794e-02,-1.232251644134521484e+00,-3.701838199049234390e-03,-8.247604593634605408e-03,2.562194503843784332e-02,1.221481084823608398e+00,-3.670088015496730804e-03,5.681952927261590958e-03,4.010256379842758179e-03,-6.932513415813446045e-02,-4.350630193948745728e-02,-1.316360081546008587e-03,-2.611504733190658244e-18,8.492019027471542358e-02,4.045739769935607910e-02,-7.807978987693786621e-02,2.317277342081069946e-02,-6.975350435823202133e-03,5.395785162467105038e-18,9.332215040922164917e-02,-2.689421735703945160e-02
-3.724185517057776451e-04,2.134517952799797058e-02,6.804845929145812988e-01,5.062340758740901947e-03,3.962812479585409164e-03,-7.237046360969543457e-01,6.900798678398132324e-01,0.000000000000000000e+00,0.000000000000000000e+00,3.774922713637351990e-02,-1.220359683036804199e+00,2.538304403424263000e-02,-9.242168813943862915e-02,1.681175269186496735e-02,1.216722846031188965e+00,1.192533038556575775e-02,9.078501909971237183e-02,4.916189238429069519e-03,-1.099730730056762695e-01,-4.317358508706092834e-02,6.624644622206687927e-03,5.197574570775032043e-02,8.757547289133071899e-02,3.367424011230468750e-02,-1.067455261945724487e-01,3.020997717976570129e-02,-6.685547064989805222e-03,1.056806277483701706e-02,8.066275715827941895e-02,-1.805448718369007111e-02
-4.234102379996329546e-04,1.801620610058307648e-02,6.822273135185241699e-01,1.566998101770877838e-02,1.511783432215452194e-02,-7.229744791984558105e-01,6.905315518379211426e-01,0.000000000000000000e+00,0.000000000000000000e+00,4.738637059926986694e-02,-1.207793712615966797e+00,5.471681803464889526e-02,-1.776142865419387817e-01,8.605004288256168365e-03,1.211810350418090820e+00,2.694029547274112701e-02,1.766911000013351440e-01,5.699919536709785461e-03,-1.514191180467605591e-01,-4.290723428130149841e-02,1.459913980215787888e-02,1.054893583059310913e-01,8.954135328531265259e-02,2.724284492433071136e-02,-1.374310106039047241e-01,3.693521767854690552e-02,-6.610155105590820312e-03,2.484196051955223083e-02,6.622942537069320679e-02,-9.151400998234748840e-03
-5.046484875492751598e-04,1.462465245276689529e-02,6.839365363121032715e-01,2.638961561024188995e-02,2.621234580874443054e-02,-7.220474481582641602e-01,6.908429265022277832e-01,0.000000000000000000e+00,0.000000000000000000e+00,5.728718265891075134e-02,-1.194500327110290527e+00,8.442173898220062256e-02,-2.630521357059478760e-01,5.052508786320686340e-04,1.206739783287048340e+00,4.161527380347251892e-02,2.627300322055816650e-01,6.424407009035348892e-03,-1.929644048213958740e-01,-4.271967336535453796e-02,2.256211452186107635e-02,1.590397655963897705e-01,9.152209013700485229e-02,2.116901241242885590e-02,-1.682903766632080078e-01,4.333946481347084045e-02,-6.752792745828628540e-03,3.920121490955352783e-02,5.162352323532104492e-02,-1.902923540910705924e-04
-6.135970470495522022e-04,1.117049343883991241e-02,6.856064796447753906e-01,3.721161186695098877e-02,3.724982589483261108e-02,-7.209265828132629395e-01,6.910083889961242676e-01,0.000000000000000000e+00,0.000000000000000000e+00,6.738056987524032593e-02,-1.180433511734008789e+00,1.143542006611824036e-01,-3.487088084220886230e-01,-7.494455669075250626e-03,1.201545000076293945e+00,5.596153438091278076e-02,3.488940298557281494e-01,7.142131216824054718e-03,-2.349243462085723877e-01,-4.258669540286064148e-02,3.051301464438438416e-02,2.132121622562408447e-01,9.328106045722961426e-02,1.545185688883066177e-02,-1.993134915828704834e-01,4.943019151687622070e-02,-7.139304652810096741e-03,5.363937839865684509e-02,3.684979677200317383e-02,8.828274905681610107e-03
-7.463367073796689510e-04,7.654065266251564026e-03,6.872290372848510742e-01,4.812083020806312561e-02,4.823883250355720520e-02,-7.196144461631774902e-01,6.910227537155151367e-01,0.000000000000000000e+00,0.000000000000000000e+00,7.759759575128555298e-02,-1.165547728538513184e+00,1.443653404712677002e-01,-4.345582723617553711e-01,-1.539422757923603058e-02,1.196269750595092773e+00,6.998959928750991821e-02,4.351821243762969971e-01,7.893769070506095886e-03,-2.775496542453765869e-01,-4.246344417333602905e-02,3.845275938510894775e-02,2.684756517410278320e-01,9.463151544332504272e-02,1.008883863687515259e-02,-2.304923087358474731e-01,5.522762984037399292e-02,-7.788366638123989105e-03,6.815166771411895752e-02,2.191150747239589691e-02,1.790300942957401276e-02
-8.963953005149960518e-04,4.066554829478263855e-03,6.887933611869812012e-01,5.911224707961082458e-02,5.921922996640205383e-02,-7.181054949760437012e-01,6.908859014511108398e-01,0.000000000000000000e+00,0.000000000000000000e+00,8.836222440004348755e-02,-1.149648666381835938e+00,1.740922033786773682e-01,-5.215190052986145020e-01,-2.277672290802001953e-02,1.190908789634704590e+00,8.346677571535110474e-02,5.223821997642517090e-01,8.558147586882114410e-03,-3.215992152690887451e-01,-4.219987988471984863e-02,4.654269292950630188e-02,3.261828720569610596e-01,9.472691267728805542e-02,5.073100794106721878e-03,-2.621949911117553711e-01,6.081561744213104248e-02,-8.605201728641986847e-03,8.330204337835311890e-02,6.444751285016536713e-03,2.704923599958419800e-02
-1.060369773767888546e-03,4.240229609422385693e-04,6.902886629104614258e-01,7.014494389295578003e-02,7.016693800687789917e-02,-7.164126634597778320e-01,6.905860900878906250e-01,0.000000000000000000e+00,0.000000000000000000e+00,9.871878474950790405e-02,-1.132937550544738770e+00,2.037460356950759888e-01,-6.078918576240539551e-01,-3.039486333727836609e-02,1.185605287551879883e+00,9.684738516807556152e-02,6.091028451919555664e-01,9.375874884426593781e-03,-3.662885129451751709e-01,-4.184291139245033264e-02,5.453365668654441833e-02,3.849698603153228760e-01,9.461084753274917603e-02,4.020471824333071709e-04,-2.938289046287536621e-01,6.616152077913284302e-02,-9.760057553648948669e-03,9.817238152027130127e-02,-8.943561464548110962e-03,3.623503074049949646e-02
-1.232383889146149158e-03,-3.278118791058659554e-03,6.917042136192321777e-01,8.120861649513244629e-02,8.111291378736495972e-02,-7.145312428474426270e-01,6.901239156723022461e-01,0.000000000000000000e+00,0.000000000000000000e+00,1.089976057410240173e-01,-1.115294456481933594e+00,2.330144196748733521e-01,-6.943847537040710449e-01,-3.790804371237754822e-02,1.180368185043334961e+00,1.099538952112197876e-01,6.959670782089233398e-01,1.024430803954601288e-02,-4.120500087738037109e-01,-4.126455634832382202e-02,6.253441423177719116e-02,4.456118345260620117e-01,9.376686811447143555e-02,-3.932734020054340363e-03,-3.256456553936004639e-01,7.133719325065612793e-02,-1.117472629994153976e-02,1.131462752819061279e-01,-2.450130507349967957e-02,4.547126218676567078e-02
-1.407704432494938374e-03,-7.037786766886711121e-03,6.930293440818786621e-01,9.228600561618804932e-02,9.207132458686828613e-02,-7.124609351158142090e-01,6.894966363906860352e-01,0.000000000000000000e+00,0.000000000000000000e+00,1.191385835409164429e-01,-1.096712350845336914e+00,2.617450356483459473e-01,-7.809679508209228516e-01,-4.531305655837059021e-02,1.175240516662597656e+00,1.228037849068641663e-01,7.829794883728027344e-01,1.114632375538349152e-02,-4.588892757892608643e-01,-4.038494825363159180e-02,7.054596394300460815e-02,5.081259608268737793e-01,9.219092875719070435e-02,-7.939178496599197388e-03,-3.576481342315673828e-01,7.638663798570632935e-02,-1.283607911318540573e-02,1.282164752483367920e-01,-4.021646454930305481e-02,5.475565791130065918e-02
-2.023138105869293213e-03,-8.729818277060985565e-03,6.937115192413330078e-01,9.789302945137023926e-02,9.509723633527755737e-02,-7.109799981117248535e-01,6.898412704467773438e-01,0.000000000000000000e+00,0.000000000000000000e+00,1.573029309511184692e-01,-1.086315631866455078e+00,2.924003899097442627e-01,-8.704032301902770996e-01,-2.347011491656303406e-02,1.173370242118835449e+00,1.299435794353485107e-01,8.722726106643676758e-01,1.306359283626079559e-02,-4.659162461757659912e-01,-4.480713978409767151e-02,7.797079533338546753e-02,5.343330502510070801e-01,1.105975061655044556e-01,-9.080331772565841675e-03,-3.600362241268157959e-01,7.772424072027206421e-02,-1.446883939206600189e-02,1.264699697494506836e-01,-4.824607446789741516e-02,6.448718905448913574e-02
-2.613528398796916008e-03,-1.094341371208429337e-02,6.948370337486267090e-01,1.053267493844032288e-01,9.947033226490020752e-02,-7.094920277595520020e-01,6.896615624427795410e-01,0.000000000000000000e+00,0.000000000000000000e+00,1.881635785102844238e-01,-1.072292327880859375e+00,3.215382099151611328e-01,-9.594030976295471191e-01,-5.465635564178228378e-03,1.165164351463317871e+00,1.359573155641555786e-01,9.652946591377258301e-01,1.740815490484237671e-02,-4.825778305530548096e-01,-5.073056742548942566e-02,8.386945724487304688e-02,5.681875348091125488e-01,1.260214895009994507e-01,-1.111399568617343903e-02,-3.660518229007720947e-01,7.718067616224288940e-02,-1.775011420249938965e-02,1.223096400499343872e-01,-5.517667159438133240e-02,7.428587228059768677e-02
-2.926420653238892555e-03,-1.448514591902494431e-02,6.959916353225708008e-01,1.157700866460800171e-01,1.089357361197471619e-01,-7.072793841361999512e-01,6.888296008110046387e-01,0.000000000000000000e+00,0.000000000000000000e+00,2.014924883842468262e-01,-1.052748084068298340e+00,3.487513959407806396e-01,-1.045633435249328613e+00,-6.857272237539291382e-03,1.159376382827758789e+00,1.462683826684951782e-01,1.053906321525573730e+00,2.018582634627819061e-02,-5.274785757064819336e-01,-5.134430527687072754e-02,9.141488373279571533e-02,6.325668096542358398e-01,1.246717795729637146e-01,-1.330255065113306046e-02,-3.927119374275207520e-01,8.000914752483367920e-02,-2.094936184585094452e-02,1.333961635828018188e-01,-6.952223181724548340e-02,8.378036320209503174e-02
-3.209877060726284981e-03,-1.810172572731971741e-02,6.970338821411132812e-01,1.262097954750061035e-01,1.186262965202331543e-01,-7.048842906951904297e-01,6.878495812416076660e-01,0.000000000000000000e+00,0.000000000000000000e+00,2.138123661279678345e-01,-1.032281875610351562e+00,3.752267360687255859e-01,-1.131212711334228516e+00,-9.346320293843746185e-03,1.154278874397277832e+00,1.571262329816818237e-01,1.141243457794189453e+00,2.251981198787689209e-02,-5.746390819549560547e-01,-5.094433948397636414e-02,9.951259195804595947e-02,7.006388902664184570e-01,1.214628666639328003e-01,-1.509421132504940033e-02,-4.202775955200195312e-01,8.315489441156387329e-02,-2.398999966681003571e-02,1.452657431364059448e-01,-8.430001884698867798e-02,9.328648447990417480e-02
-3.474551485851407051e-03,-2.175417728722095490e-02,6.979573369026184082e-01,1.365656703710556030e-01,1.283873021602630615e-01,-7.023275494575500488e-01,6.867332458496093750e-01,0.000000000000000000e+00,0.000000000000000000e+00,2.258421927690505981e-01,-1.011017084121704102e+00,4.005862772464752197e-01,-1.216652989387512207e+00,-1.179257128387689590e-02,1.149597764015197754e+00,1.679475307464599609e-01,1.228390574455261230e+00,2.462570928037166595e-02,-6.229977607727050781e-01,-4.973519593477249146e-02,1.079084053635597229e-01,7.710220813751220703e-01,1.171791478991508484e-01,-1.649080030620098114e-02,-4.480270445346832275e-01,8.645001053810119629e-02,-2.703310362994670868e-02,1.572635620832443237e-01,-9.919144213199615479e-02,1.028133854269981384e-01
-3.739858279004693031e-03,-2.533391304314136505e-02,6.987361311912536621e-01,1.465487331151962280e-01,1.378454566001892090e-01,-6.996068954467773438e-01,6.856181621551513672e-01,0.000000000000000000e+00,0.000000000000000000e+00,2.410780042409896851e-01,-9.879739284515380859e-01,4.238280951976776123e-01,-1.306114912033081055e+00,-1.023501437157392502e-02,1.144592642784118652e+00,1.770290583372116089e-01,1.319505810737609863e+00,2.573205903172492981e-02,-6.712433099746704102e-01,-4.736229777336120605e-02,1.170222833752632141e-01,8.433857560157775879e-01,1.116735935211181641e-01,-1.747220382094383240e-02,-4.747560024261474609e-01,9.011191129684448242e-02,-2.955592982470989227e-02,1.689390987157821655e-01,-1.139953657984733582e-01,1.123715713620185852e-01
-3.967266995459794998e-03,-2.902718447148799896e-02,6.994053721427917480e-01,1.566657721996307373e-01,1.476867944002151489e-01,-6.967197656631469727e-01,6.842704415321350098e-01,0.000000000000000000e+00,0.000000000000000000e+00,2.533296048641204834e-01,-9.649513363838195801e-01,4.460782408714294434e-01,-1.392242431640625000e+00,-1.165463589131832123e-02,1.140576601028442383e+00,1.872945725917816162e-01,1.407358646392822266e+00,2.695647627115249634e-02,-7.211335897445678711e-01,-4.409581050276756287e-02,1.260328441858291626e-01,9.173147082328796387e-01,1.056177467107772827e-01,-1.808963902294635773e-02,-5.026890635490417480e-01,9.397400915622711182e-02,-3.235393390059471130e-02,1.811406910419464111e-01,-1.290394663810729980e-01,1.219275817275047302e-01
-7.792332209646701813e-03,-4.627366364002227783e-02,6.991438865661621094e-01,1.641861796379089355e-01,1.504726409912109375e-01,-6.877411007881164551e-01,6.909508705139160156e-01,0.000000000000000000e+00,0.000000000000000000e+00,2.804968953132629395e-01,-9.648656845092773438e-01,4.361684620380401611e-01,-1.399552106857299805e+00,-3.320720046758651733e-02,1.126504302024841309e+00,1.663103848695755005e-01,1.482864618301391602e+00,2.850953023880720139e-03,-7.868586182594299316e-01,-3.540238738059997559e-02,1.348667889833450317e-01,9.434252381324768066e-01,7.623816281557083130e-02,-9.998121298849582672e-03,-4.752317368984222412e-01,9.862577915191650391e-02,-2.398158796131610870e-02,1.624797135591506958e-01,-1.414740532636642456e-01,1.265523433685302734e-01
-1.221251953393220901e-02,-6.778637319803237915e-02,6.989274024963378906e-01,1.734184473752975464e-01,1.539356261491775513e-01,-6.770924329757690430e-01,6.984094381332397461e-01,0.000000000000000000e+00,0.000000000000000000e+00,3.108842670917510986e-01,-9.622256159782409668e-01,4.159536659717559814e-01,-1.422587513923645020e+00,-4.826581850647926331e-02,1.105749845504760742e+00,1.310131996870040894e-01,1.580071091651916504e+00,-2.507978118956089020e-02,-8.707196712493896484e-01,-2.082630433142185211e-02,1.433588713407516479e-01,9.405841231346130371e-01,3.160345926880836487e-02,6.575594889000058174e-04,-4.354005753993988037e-01,1.034663617610931396e-01,-2.025418542325496674e-02,1.325509101152420044e-01,-1.465885639190673828e-01,1.389898210763931274e-01
-1.676334999501705170e-02,-9.285713732242584229e-02,6.985865831375122070e-01,1.830448061227798462e-01,1.579558849334716797e-01,-6.656678915023803711e-01,7.059963345527648926e-01,0.000000000000000000e+00,0.000000000000000000e+00,3.394988179206848145e-01,-9.634034037590026855e-01,3.859518468379974365e-01,-1.459160923957824707e+00,-4.835581406950950623e-02,1.080166220664978027e+00,9.171371161937713623e-02,1.682834506034851074e+00,-5.102736875414848328e-02,-9.600267410278320312e-01,-1.254083681851625443e-02,1.478386819362640381e-01,8.970625400543212891e-01,-1.549643091857433319e-02,5.608662962913513184e-03,-3.882858455181121826e-01,1.080929934978485107e-01,-2.075947076082229614e-02,1.027204990386962891e-01,-1.356396526098251343e-01,1.613713353872299194e-01
-2.124478854238986969e-02,-1.209046617150306702e-01,6.983527541160583496e-01,1.938645392656326294e-01,1.627945303916931152e-01,-6.547780632972717285e-01,7.121658325195312500e-01,0.000000000000000000e+00,0.000000000000000000e+00,3.485434651374816895e-01,-9.738842844963073730e-01,3.620802760124206543e-01,-1.496607184410095215e+00,-3.697188571095466614e-02,1.060913681983947754e+00,6.549718976020812988e-02,1.759229779243469238e+00,-6.369733065366744995e-02,-1.030681252479553223e+00,-2.007326669991016388e-02,1.474378705024719238e-01,7.946107387542724609e-01,-5.075673013925552368e-02,-4.548292607069015503e-03,-3.488362133502960205e-01,1.093137264251708984e-01,-3.278612717986106873e-02,8.744311332702636719e-02,-6.934317946434020996e-02,1.976228356361389160e-01
-2.471298724412918091e-02,-1.505189090967178345e-01,6.968154907226562500e-01,2.033204287290573120e-01,1.679627299308776855e-01,-6.491980552673339844e-01,7.134361863136291504e-01,0.000000000000000000e+00,0.000000000000000000e+00,3.376190364360809326e-01,-1.003252387046813965e+00,3.408783078193664551e-01,-1.544889569282531738e+00,1.913494081236422062e-03,1.038557410240173340e+00,7.417171448469161987e-02,1.787403583526611328e+00,-5.851359665393829346e-02,-1.063818097114562988e+00,-4.698722809553146362e-02,1.378674358129501343e-01,6.546981334686279297e-01,-7.005686312913894653e-02,-1.844368129968643188e-02,-3.166268467903137207e-01,1.119874343276023865e-01,-2.870300784707069397e-02,9.891981631517410278e-02,8.298441022634506226e-02,2.523692846298217773e-01
-2.609794214367866516e-02,-1.807240992784500122e-01,6.932358741760253906e-01,2.052285969257354736e-01,1.755491942167282104e-01,-6.499943137168884277e-01,7.103316783905029297e-01,0.000000000000000000e+00,0.000000000000000000e+00,3.014064729213714600e-01,-1.040314674377441406e+00,3.276094198226928711e-01,-1.596348524093627930e+00,5.347085744142532349e-02,1.025091052055358887e+00,1.034974306821823120e-01,1.769992709159851074e+00,-4.072074219584465027e-02,-1.051255106925964355e+00,-6.363989412784576416e-02,1.223601251840591431e-01,5.162498950958251953e-01,-7.075106352567672729e-02,-2.790541388094425201e-02,-3.000147342681884766e-01,1.211947798728942871e-01,-1.312627550214529037e-02,1.423896998167037964e-01,2.680868208408355713e-01,3.124747574329376221e-01
-2.450522035360336304e-02,-2.120195925235748291e-01,6.886366009712219238e-01,1.963503062725067139e-01,1.864301711320877075e-01,-6.612706184387207031e-01,6.995795369148254395e-01,0.000000000000000000e+00,0.000000000000000000e+00,2.362533956766128540e-01,-1.085226178169250488e+00,3.119042217731475830e-01,-1.657005071640014648e+00,9.035967290401458740e-02,1.027078390121459961e+00,1.587920337915420532e-01,1.687297821044921875e+00,2.095752209424972534e-02,-9.866149425506591797e-01,-7.422573119401931763e-02,9.176907688379287720e-02,4.182070493698120117e-01,-7.177250832319259644e-02,-2.251882571727037430e-03,-3.394348621368408203e-01,1.329289376735687256e-01,-2.842330001294612885e-02,2.967537343502044678e-01,3.499999940395355225e-01,3.766839206218719482e-01
-2.126665599644184113e-02,-2.454879581928253174e-01,6.834436655044555664e-01,1.834096610546112061e-01,1.983236074447631836e-01,-6.826623678207397461e-01,6.789703369140625000e-01,0.000000000000000000e+00,0.000000000000000000e+00,1.625901311635971069e-01,-1.110920667648315430e+00,2.956260144710540771e-01,-1.692731738090515137e+00,1.319680809974670410e-01,1.030046343803405762e+00,1.929296553134918213e-01,1.622394680976867676e+00,9.504618495702743530e-02,-9.220626950263977051e-01,-5.674263834953308105e-02,6.899668276309967041e-02,4.088709950447082520e-01,-1.324968934059143066e-01,5.210884660482406616e-02,-4.386035501956939697e-01,1.313916593790054321e-01,-8.155687898397445679e-02,5.022554993629455566e-01,3.499999940395355225e-01,3.924115300178527832e-01
-1.712011918425559998e-02,-2.812038362026214600e-01,6.853716373443603516e-01,1.705463081598281860e-01,2.115581929683685303e-01,-7.104241847991943359e-01,6.491953134536743164e-01,0.000000000000000000e+00,0.000000000000000000e+00,7.434649765491485596e-02,-1.113468885421752930e+00,2.779212296009063721e-01,-1.711777329444885254e+00,1.474528014659881592e-01,1.028759479522705078e+00,2.409425228834152222e-01,1.539400815963745117e+00,1.672809869050979614e-01,-8.525292277336120605e-01,-2.891267277300357819e-02,5.191004276275634766e-02,4.147020280361175537e-01,-2.277298867702484131e-01,9.232578426599502563e-02,-5.826752185821533203e-01,1.136137917637825012e-01,-1.493642330169677734e-01,6.753991842269897461e-01,3.499999940395355225e-01,3.588700294494628906e-01
-1.339859422296285629e-02,-3.177840411663055420e-01,6.887076497077941895e-01,1.602748036384582520e-01,2.208350300788879395e-01,-7.418776750564575195e-01,6.125042438507080078e-01,0.000000000000000000e+00,0.000000000000000000e+00,-1.179873477667570114e-03,-1.097306728363037109e+00,2.644026577472686768e-01,-1.713137030601501465e+00,1.231849715113639832e-01,1.021613836288452148e+00,3.031951785087585449e-01,1.465198159217834473e+00,2.346301972866058350e-01,-7.612835764884948730e-01,2.135341521352529526e-03,6.716068834066390991e-02,3.844583034515380859e-01,-2.946275770664215088e-01,9.894989430904388428e-02,-7.576060295104980469e-01,8.119380474090576172e-02,-2.015016973018646240e-01,7.805343866348266602e-01,2.833945751190185547e-01,3.157842457294464111e-01
-1.168488059192895889e-02,-3.525478839874267578e-01,6.951065063476562500e-01,1.485523283481597900e-01,2.196468114852905273e-01,-7.660807371139526367e-01,5.854979157447814941e-01,0.000000000000000000e+00,0.000000000000000000e+00,-2.365624904632568359e-02,-1.084396004676818848e+00,2.612001299858093262e-01,-1.706737518310546875e+00,1.280339211225509644e-01,9.967481493949890137e-01,3.164914250373840332e-01,1.470287084579467773e+00,2.802791297435760498e-01,-6.133965849876403809e-01,1.996712759137153625e-02,9.843046963214874268e-02,2.957627773284912109e-01,-2.567893564701080322e-01,7.359033823013305664e-02,-8.564233183860778809e-01,6.306181102991104126e-02,-2.137510627508163452e-01,7.575685381889343262e-01,1.803258061408996582e-01,2.927010059356689453e-01
-1.222193893045186996e-02,-3.865368664264678955e-01,7.013305425643920898e-01,1.418608427047729492e-01,2.154757976531982422e-01,-7.814181447029113770e-01,5.681825280189514160e-01,0.000000000000000000e+00,0.000000000000000000e+00,-2.171255648136138916e-02,-1.052001953125000000e+00,2.827098965644836426e-01,-1.713646292686462402e+00,1.061982363462448120e-01,9.943702816963195801e-01,3.304891586303710938e-01,1.493220448493957520e+00,3.018712997436523438e-01,-5.109639763832092285e-01,3.686674311757087708e-02,1.421947628259658813e-01,2.779577374458312988e-01,-1.110241189599037170e-01,2.149187773466110229e-02,-8.866152763366699219e-01,7.091492414474487305e-02,-2.004905194044113159e-01,5.782102346420288086e-01,1.212009266018867493e-01,2.818950116634368896e-01
-1.749555580317974091e-02,-4.167927801609039307e-01,7.075572609901428223e-01,1.413747221231460571e-01,1.932605803012847900e-01,-7.888055443763732910e-01,5.660824775695800781e-01,0.000000000000000000e+00,0.000000000000000000e+00,1.596247777342796326e-02,-1.021164894104003906e+00,3.112169802188873291e-01,-1.736635804176330566e+00,9.658581018447875977e-02,1.010205268859863281e+00,3.400020897388458252e-01,1.515530347824096680e+00,3.039742112159729004e-01,-4.759478569030761719e-01,3.451361134648323059e-02,1.440225094556808472e-01,3.594262301921844482e-01,5.118506774306297302e-02,-2.766468003392219543e-02,-8.436398506164550781e-01,7.319289445877075195e-02,-1.794243901968002319e-01,3.235966861248016357e-01,8.906349539756774902e-02,2.734187543392181396e-01
-2.396684885025024414e-02,-4.463791549205780029e-01,7.103313803672790527e-01,1.438269019126892090e-01,1.733586937189102173e-01,-7.853507995605468750e-01,5.766148567199707031e-01,0.000000000000000000e+00,0.000000000000000000e+00,6.033038347959518433e-02,-9.877979755401611328e-01,3.343948423862457275e-01,-1.755508303642272949e+00,9.252467751502990723e-02,1.024665236473083496e+00,3.280470073223114014e-01,1.534269809722900391e+00,2.611481845378875732e-01,-5.103111267089843750e-01,2.856006100773811340e-02,1.341379582881927490e-01,5.081657171249389648e-01,1.613397747278213501e-01,-5.467121675610542297e-02,-7.887608408927917480e-01,7.331044971942901611e-02,-1.631633192300796509e-01,1.909025907516479492e-01,6.718787550926208496e-02,2.373220622539520264e-01
-3.150470927357673645e-02,-4.770305454730987549e-01,7.084585428237915039e-01,1.528702974319458008e-01,1.594914942979812622e-01,-7.744334936141967773e-01,5.928286910057067871e-01,0.000000000000000000e+00,0.000000000000000000e+00,1.160283982753753662e-01,-9.574966430664062500e-01,3.217134177684783936e-01,-1.759593725204467773e+00,8.533035218715667725e-02,1.034545898437500000e+00,2.927925884723663330e-01,1.551587581634521484e+00,1.916324347257614136e-01,-6.127006411552429199e-01,2.624798566102981567e-02,1.386150568723678589e-01,7.075168490409851074e-01,2.064271420240402222e-01,-5.534100905060768127e-02,-7.379266023635864258e-01,7.236967235803604126e-02,-1.446450948715209961e-01,1.710487157106399536e-01,2.231246419250965118e-02,1.833897829055786133e-01
-3.990107402205467224e-02,-5.076367259025573730e-01,7.040851116180419922e-01,1.639343798160552979e-01,1.457797884941101074e-01,-7.592024803161621094e-01,6.127685904502868652e-01,0.000000000000000000e+00,0.000000000000000000e+00,2.059780359268188477e-01,-9.391535520553588867e-01,2.777591645717620850e-01,-1.731432199478149414e+00,1.130005195736885071e-01,1.020622134208679199e+00,2.442120611667633057e-01,1.535486698150634766e+00,1.191403046250343323e-01,-7.339335083961486816e-01,3.167632594704627991e-02,1.674418598413467407e-01,8.664678335189819336e-01,1.845317333936691284e-01,-3.041011095046997070e-02,-6.572713255882263184e-01,6.012194231152534485e-02,-1.268701255321502686e-01,1.677089333534240723e-01,-4.842839390039443970e-02,1.314655840396881104e-01
-4.693114012479782104e-02,-5.397904515266418457e-01,7.001965045928955078e-01,1.757782548666000366e-01,1.402862071990966797e-01,-7.437169551849365234e-01,6.295290589332580566e-01,0.000000000000000000e+00,0.000000000000000000e+00,2.683284878730773926e-01,-9.271194934844970703e-01,2.460819482803344727e-01,-1.682370543479919434e+00,1.409022361040115356e-01,1.020640254020690918e+00,2.037374824285507202e-01,1.464645385742187500e+00,2.571283467113971710e-02,-8.798090219497680664e-01,6.015649437904357910e-02,1.795839369297027588e-01,9.226969480514526367e-01,1.132180988788604736e-01,-1.233131904155015945e-02,-5.975351929664611816e-01,6.200019270181655884e-02,-1.073029339313507080e-01,1.686765104532241821e-01,-1.178336963057518005e-01,1.149587258696556091e-01
-5.345640704035758972e-02,-5.745823979377746582e-01,6.991930603981018066e-01,1.921176016330718994e-01,1.446272432804107666e-01,-7.238803505897521973e-01,6.466614603996276855e-01,0.000000000000000000e+00,0.000000000000000000e+00,2.855201363563537598e-01,-9.340855479240417480e-01,2.397443652153015137e-01,-1.619866251945495605e+00,1.791498810052871704e-01,1.027820706367492676e+00,1.939178705215454102e-01,1.300066351890563965e+00,-5.190731212496757507e-02,-1.009166598320007324e+00,8.027508109807968140e-02,1.625982075929641724e-01,8.554803729057312012e-01,5.677211284637451172e-02,-2.035238966345787048e-02,-5.407313704490661621e-01,6.088184192776679993e-02,-1.103106886148452759e-01,1.734353601932525635e-01,-1.376130580902099609e-01,1.192348003387451172e-01
-5.903030559420585632e-02,-6.086511015892028809e-01,6.971504688262939453e-01,2.042979598045349121e-01,1.482347548007965088e-01,-7.097895145416259766e-01,6.576378941535949707e-01,0.000000000000000000e+00,0.000000000000000000e+00,2.717125713825225830e-01,-9.599003195762634277e-01,2.440958917140960693e-01,-1.572425365447998047e+00,2.469581663608551025e-01,1.025040268898010254e+00,1.861107796430587769e-01,1.084890961647033691e+00,-9.633478522300720215e-02,-1.074717879295349121e+00,7.067383825778961182e-02,1.130093038082122803e-01,6.644737124443054199e-01,4.114832356572151184e-02,-5.094965174794197083e-02,-4.753767549991607666e-01,4.122813045978546143e-02,-1.661086976528167725e-01,2.126586586236953735e-01,-6.605232506990432739e-02,1.250514537096023560e-01
-6.080055609345436096e-02,-6.400990486145019531e-01,6.916934251785278320e-01,2.004503160715103149e-01,1.519794017076492310e-01,-7.143223285675048828e-01,6.530433297157287598e-01,0.000000000000000000e+00,0.000000000000000000e+00,2.534974515438079834e-01,-9.937154054641723633e-01,2.386416345834732056e-01,-1.558966994285583496e+00,3.079274892807006836e-01,1.016108989715576172e+00,1.550393998622894287e-01,9.160575270652770996e-01,-1.049819514155387878e-01,-1.051296710968017578e+00,8.704251050949096680e-02,6.277689337730407715e-02,4.685344398021697998e-01,4.133082181215286255e-02,-7.783380895853042603e-02,-4.135433435440063477e-01,1.813364773988723755e-02,-2.352764755487442017e-01,3.098053932189941406e-01,6.154994294047355652e-02,9.979296475648880005e-02
-5.550577118992805481e-02,-6.681632995605468750e-01,6.822805404663085938e-01,1.638140678405761719e-01,1.583822816610336304e-01,-7.425366640090942383e-01,6.298565864562988281e-01,0.000000000000000000e+00,0.000000000000000000e+00,2.400169372558593750e-01,-1.013624072074890137e+00,1.714734882116317749e-01,-1.581587791442871094e+00,3.546589314937591553e-01,9.883159995079040527e-01,6.772299855947494507e-02,8.306001424789428711e-01,-4.772991314530372620e-02,-9.471564888954162598e-01,1.546313762664794922e-01,3.416080772876739502e-02,3.709713518619537354e-01,-1.189467217773199081e-02,-4.961748048663139343e-02,-4.224075078964233398e-01,1.819237251766026020e-03,-2.692090868949890137e-01,5.318533182144165039e-01,7.265902310609817505e-02,3.298601135611534119e-02
-4.995635896921157837e-02,-6.995397210121154785e-01,6.696887016296386719e-01,1.328160017728805542e-01,1.640152186155319214e-01,-7.862420082092285156e-01,5.807601809501647949e-01,0.000000000000000000e+00,0.000000000000000000e+00,2.001940459012985229e-01,-1.040041923522949219e+00,1.031837165355682373e-01,-1.650543689727783203e+00,3.834774792194366455e-01,9.535531997680664062e-01,-3.785898536443710327e-02,7.893980741500854492e-01,8.189954608678817749e-02,-8.765058517456054688e-01,2.037320584058761597e-01,1.594874821603298187e-02,4.330848455429077148e-01,-1.354186087846755981e-01,-6.268152035772800446e-03,-4.849223196506500244e-01,-1.231054030358791351e-02,-3.475696444511413574e-01,7.764613032341003418e-01,1.214627474546432495e-01,7.229648064821958542e-03
-4.866464436054229736e-02,-7.359485626220703125e-01,6.598586440086364746e-01,1.150559484958648682e-01,1.709956973791122437e-01,-8.236067295074462891e-01,5.283886194229125977e-01,0.000000000000000000e+00,0.000000000000000000e+00,1.625352650880813599e-01,-1.051957607269287109e+00,4.441084712743759155e-02,-1.690904617309570312e+00,4.137542843818664551e-01,9.112731814384460449e-01,-9.428806602954864502e-02,7.849504947662353516e-01,2.162451297044754028e-01,-8.191650509834289551e-01,2.264604270458221436e-01,6.088948342949151993e-03,5.030846595764160156e-01,-2.580741941928863525e-01,2.369876392185688019e-02,-5.609868168830871582e-01,-3.977995831519365311e-03,-4.223018288612365723e-01,8.733643889427185059e-01,1.213555410504341125e-01,1.269123051315546036e-02
-4.964037612080574036e-02,-7.765051126480102539e-01,6.562029123306274414e-01,1.027017235755920410e-01,1.837956458330154419e-01,-8.569120168685913086e-01,4.705032110214233398e-01,0.000000000000000000e+00,0.000000000000000000e+00,1.157416552305221558e-01,-1.036917209625244141e+00,2.045070007443428040e-02,-1.679609417915344238e+00,4.262237548828125000e-01,8.825896382331848145e-01,-9.768577665090560913e-02,7.979248166084289551e-01,3.399031460285186768e-01,-7.619136571884155273e-01,2.546463608741760254e-01,1.577279902994632721e-02,5.416393876075744629e-01,-3.356916606426239014e-01,2.838465571403503418e-02,-6.615072488784790039e-01,4.104386642575263977e-02,-5.164498686790466309e-01,8.401069641113281250e-01,9.288133680820465088e-02,6.071737781167030334e-02
-5.474697425961494446e-02,-8.178437352180480957e-01,6.538136005401611328e-01,9.452993422746658325e-02,1.945958137512207031e-01,-8.803596496582031250e-01,4.220941066741943359e-01,0.000000000000000000e+00,0.000000000000000000e+00,5.810286849737167358e-02,-1.002355337142944336e+00,2.932717464864253998e-02,-1.619537591934204102e+00,4.395402371883392334e-01,8.738322854042053223e-01,-5.616993084549903870e-02,8.282022476196289062e-01,4.379333853721618652e-01,-6.866431236267089844e-01,2.770442962646484375e-01,2.207645960152149200e-02,5.588917732238769531e-01,-3.361948728561401367e-01,1.353691052645444870e-02,-7.773737311363220215e-01,7.215132564306259155e-02,-6.066818833351135254e-01,7.135490775108337402e-01,4.048441350460052490e-02,1.326690465211868286e-01
-6.444167345762252808e-02,-8.568047881126403809e-01,6.584401726722717285e-01,9.045709669589996338e-02,2.019491493701934814e-01,-8.882061839103698730e-01,4.026460051536560059e-01,0.000000000000000000e+00,0.000000000000000000e+00,5.104604735970497131e-02,-9.434041976928710938e-01,3.340234607458114624e-02,-1.605580449104309082e+00,4.626715481281280518e-01,8.973664641380310059e-01,-5.470879841595888138e-03,8.683971762657165527e-01,4.827247858047485352e-01,-5.595620870590209961e-01,3.032101690769195557e-01,6.798804551362991333e-02,5.060998201370239258e-01,-2.233308553695678711e-01,-2.666793018579483032e-02,-8.771570920944213867e-01,5.680359899997711182e-02,-6.541353464126586914e-01,5.618800520896911621e-01,1.993230916559696198e-02,2.007009834051132202e-01
-7.841085642576217651e-02,-8.942973017692565918e-01,6.633341312408447266e-01,9.623936563730239868e-02,2.076404690742492676e-01,-8.865599036216735840e-01,4.020385444164276123e-01,0.000000000000000000e+00,0.000000000000000000e+00,7.810295373201370239e-02,-8.764326572418212891e-01,2.209296263754367828e-02,-1.645427703857421875e+00,4.949399828910827637e-01,9.409438371658325195e-01,3.783972188830375671e-02,9.130814075469970703e-01,4.923449456691741943e-01,-4.755477905273437500e-01,3.051744401454925537e-01,6.477682292461395264e-02,4.976484477519989014e-01,-1.298403590917587280e-01,-5.857379734516143799e-02,-9.565383195877075195e-01,-1.242528203874826431e-02,-6.457351446151733398e-01,3.951461911201477051e-01,4.284254461526870728e-02,2.568068206310272217e-01
-9.622823446989059448e-02,-9.270203709602355957e-01,6.658525466918945312e-01,1.073132678866386414e-01,2.024735063314437866e-01,-8.736461400985717773e-01,4.292211234569549561e-01,0.000000000000000000e+00,0.000000000000000000e+00,1.232075840234756470e-01,-8.106369972229003906e-01,4.523645620793104172e-03,-1.703298091888427734e+00,5.483073592185974121e-01,1.007477164268493652e+00,7.339410483837127686e-02,9.683843851089477539e-01,4.547630846500396729e-01,-4.476121068000793457e-01,2.983925342559814453e-01,3.290738910436630249e-02,5.599668622016906738e-01,-4.018161073327064514e-02,-8.280134946107864380e-02,-9.849600791931152344e-01,-1.018075719475746155e-01,-5.693286657333374023e-01,2.140031903982162476e-01,1.124187037348747253e-01,3.034429848194122314e-01
-1.156572848558425903e-01,-9.574967026710510254e-01,6.628237962722778320e-01,1.215215325355529785e-01,1.925610303878784180e-01,-8.511787652969360352e-01,4.729137718677520752e-01,0.000000000000000000e+00,0.000000000000000000e+00,1.785020679235458374e-01,-7.664806246757507324e-01,-4.420383367687463760e-03,-1.754437565803527832e+00,5.959734916687011719e-01,1.062799572944641113e+00,7.761777192354202271e-02,1.023764014244079590e+00,3.851039111614227295e-01,-4.851452708244323730e-01,2.777775824069976807e-01,-1.828816905617713928e-02,7.221608161926269531e-01,8.336583152413368225e-03,-7.102740556001663208e-02,-9.555454850196838379e-01,-1.804004311561584473e-01,-4.715168178081512451e-01,1.446043401956558228e-01,2.267755120992660522e-01,3.315478563308715820e-01
-1.354325860738754272e-01,-9.835829734802246094e-01,6.543882489204406738e-01,1.279543489217758179e-01,1.707330346107482910e-01,-8.202279806137084961e-01,5.307579040527343750e-01,0.000000000000000000e+00,0.000000000000000000e+00,2.384027093648910522e-01,-7.422664165496826172e-01,5.795955075882375240e-04,-1.753145098686218262e+00,6.179901361465454102e-01,1.107816219329833984e+00,7.653608918190002441e-02,1.069355368614196777e+00,2.625010013580322266e-01,-5.975607037544250488e-01,2.249352484941482544e-01,-6.563495099544525146e-02,9.904950857162475586e-01,1.008356548845767975e-02,-3.692417591810226440e-02,-9.035733342170715332e-01,-2.435224354267120361e-01,-3.613410890102386475e-01,1.608668267726898193e-01,2.686767280101776123e-01,3.277198970317840576e-01
-1.548577249050140381e-01,-1.009247422218322754e+00,6.427359580993652344e-01,1.288690716028213501e-01,1.488428562879562378e-01,-7.742331624031066895e-01,6.014994382858276367e-01,0.000000000000000000e+00,0.000000000000000000e+00,2.919754683971405029e-01,-7.424359917640686035e-01,1.048526028171181679e-03,-1.680206418037414551e+00,6.114680767059326172e-01,1.138490200042724609e+00,7.833734154701232910e-02,1.098566293716430664e+00,9.478478878736495972e-02,-7.412956357002258301e-01,1.451646983623504639e-01,-3.696687147021293640e-02,1.271626353263854980e+00,2.057762350887060165e-03,-5.511349532753229141e-03,-8.666309714317321777e-01,-2.831739485263824463e-01,-2.497274875640869141e-01,2.088890224695205688e-01,1.857480108737945557e-01,2.816779017448425293e-01
-1.720675379037857056e-01,-1.038623929023742676e+00,6.297988891601562500e-01,1.319727599620819092e-01,1.306383758783340454e-01,-7.288466095924377441e-01,6.590139865875244141e-01,0.000000000000000000e+00,0.000000000000000000e+00,3.293512165546417236e-01,-7.751269936561584473e-01,1.434670994058251381e-03,-1.568599462509155273e+00,5.381967425346374512e-01,1.149050951004028320e+00,7.833991944789886475e-02,1.049565672874450684e+00,-5.638673529028892517e-02,-8.697032928466796875e-01,4.712573811411857605e-02,5.540162697434425354e-02,1.380334734916687012e+00,-1.409388612955808640e-02,6.936336285434663296e-04,-8.917647600173950195e-01,-2.974706292152404785e-01,-1.433527469635009766e-01,3.414822816848754883e-01,5.175007134675979614e-02,2.273704856634140015e-01
-1.885791122913360596e-01,-1.073778271675109863e+00,6.186956763267517090e-01,1.434515118598937988e-01,1.198554262518882751e-01,-6.715776324272155762e-01,7.169657349586486816e-01,0.000000000000000000e+00,0.000000000000000000e+00,3.409273922443389893e-01,-8.681176900863647461e-01,2.608872205018997192e-02,-1.409103631973266602e+00,3.752962946891784668e-01,1.143443465232849121e+00,5.917967855930328369e-02,9.101787805557250977e-01,-1.922434866428375244e-01,-1.013239979743957520e+00,-5.965235456824302673e-02,2.084200084209442139e-01,1.347505331039428711e+00,-4.426492750644683838e-02,-6.857859436422586441e-03,-9.688436985015869141e-01,-3.185372948646545410e-01,-5.016532912850379944e-02,5.648835301399230957e-01,-1.113951057195663452e-01,1.650940775871276855e-01
-1.991299837827682495e-01,-1.115749478340148926e+00,6.104960441589355469e-01,1.557625383138656616e-01,1.267886608839035034e-01,-6.103550791740417480e-01,7.662436366081237793e-01,0.000000000000000000e+00,0.000000000000000000e+00,3.659056723117828369e-01,-9.702397584915161133e-01,3.761599585413932800e-02,-1.298234224319458008e+00,2.257763147354125977e-01,1.115455508232116699e+00,-1.762347482144832611e-02,8.549013137817382812e-01,-2.884554564952850342e-01,-1.143776893615722656e+00,-1.377153694629669189e-01,3.455936312675476074e-01,1.223846077919006348e+00,-8.932033926248550415e-02,-2.552064880728721619e-02,-9.871572852134704590e-01,-3.545275330543518066e-01,-5.117090418934822083e-02,7.214363813400268555e-01,-2.282025516033172607e-01,1.290780603885650635e-01
-2.035974264144897461e-01,-1.163935899734497070e+00,6.118549704551696777e-01,1.816861331462860107e-01,1.456755995750427246e-01,-5.665087699890136719e-01,7.904660701751708984e-01,0.000000000000000000e+00,0.000000000000000000e+00,4.058346152305603027e-01,-1.021635770797729492e+00,2.437187172472476959e-02,-1.301121592521667480e+00,1.531901508569717407e-01,1.066040992736816406e+00,-8.689196407794952393e-02,9.351106286048889160e-01,-3.491055369377136230e-01,-1.276508808135986328e+00,-1.281213760375976562e-01,3.930409550666809082e-01,1.154919981956481934e+00,-1.043514683842658997e-01,-5.004170909523963928e-02,-9.518817067146301270e-01,-3.798987865447998047e-01,-1.055902317166328430e-01,7.354859113693237305e-01,-2.975992560386657715e-01,1.267277598381042480e-01
-2.016148418188095093e-01,-1.212275743484497070e+00,6.162819862365722656e-01,2.015676945447921753e-01,1.700409054756164551e-01,-5.325407385826110840e-01,8.042741417884826660e-01,0.000000000000000000e+00,0.000000000000000000e+00,4.417652487754821777e-01,-1.020809412002563477e+00,2.666992601007223129e-03,-1.349293112754821777e+00,1.532734483480453491e-01,1.018735766410827637e+00,-1.496178060770034790e-01,1.097584843635559082e+00,-3.792138993740081787e-01,-1.378884792327880859e+00,-5.848131328821182251e-02,3.613779246807098389e-01,1.095304250717163086e+00,-1.237846985459327698e-01,-6.608761847019195557e-02,-8.477861881256103516e-01,-3.757559657096862793e-01,-1.775961816310882568e-01,6.562211513519287109e-01,-3.624408543109893799e-01,1.533233523368835449e-01
-1.941309720277786255e-01,-1.256488084793090820e+00,6.210837364196777344e-01,2.079787999391555786e-01,1.932273805141448975e-01,-5.173487067222595215e-01,8.073155283927917480e-01,0.000000000000000000e+00,0.000000000000000000e+00,4.643350541591644287e-01,-9.959355592727661133e-01,-3.765236213803291321e-02,-1.404155254364013672e+00,2.023973166942596436e-01,9.921434521675109863e-01,-1.954641491174697876e-01,1.272552609443664551e+00,-3.650085031986236572e-01,-1.442203402519226074e+00,3.720369189977645874e-02,2.316913008689880371e-01,1.016898870468139648e+00,-1.210178881883621216e-01,-7.426714897155761719e-02,-6.758375167846679688e-01,-3.354896008968353271e-01,-2.229696661233901978e-01,5.155882239341735840e-01,-3.576027750968933105e-01,1.880870014429092407e-01
-1.869493275880813599e-01,-1.295664429664611816e+00,6.278634667396545410e-01,2.109373211860656738e-01,2.041105628013610840e-01,-5.166442990303039551e-01,8.043152093887329102e-01,0.000000000000000000e+00,0.000000000000000000e+00,4.508656263351440430e-01,-9.767966270446777344e-01,-7.357326149940490723e-02,-1.432885885238647461e+00,2.621656954288482666e-01,9.757799506187438965e-01,-1.944707930088043213e-01,1.334334254264831543e+00,-3.216977119445800781e-01,-1.463875293731689453e+00,1.025421470403671265e-01,8.274070173501968384e-02,8.950816988945007324e-01,-1.043860241770744324e-01,-9.200295060873031616e-02,-4.957044422626495361e-01,-3.225132524967193604e-01,-3.191421627998352051e-01,4.046289920806884766e-01,-1.297951936721801758e-01,2.065235078334808350e-01
-1.766623854637145996e-01,-1.329340457916259766e+00,6.312254667282104492e-01,2.024636119604110718e-01,2.113389819860458374e-01,-5.316238999366760254e-01,7.948083877563476562e-01,0.000000000000000000e+00,0.000000000000000000e+00,4.066418707370758057e-01,-9.310100078582763672e-01,-9.287340939044952393e-02,-1.434773802757263184e+00,3.197370171546936035e-01,9.814389944076538086e-01,-1.510849446058273315e-01,1.305929422378540039e+00,-2.599663734436035156e-01,-1.440164327621459961e+00,1.658451259136199951e-01,-7.841902226209640503e-02,7.609758973121643066e-01,-7.445082068443298340e-02,-1.093755885958671570e-01,-3.750524818897247314e-01,-2.931351661682128906e-01,-3.572641611099243164e-01,4.032279849052429199e-01,6.306143105030059814e-02,1.962302327156066895e-01
-1.637499928474426270e-01,-1.359498381614685059e+00,6.308805942535400391e-01,1.868683993816375732e-01,2.175264209508895874e-01,-5.579443573951721191e-01,7.787557840347290039e-01,0.000000000000000000e+00,0.000000000000000000e+00,3.292330205440521240e-01,-8.693388700485229492e-01,-1.001003757119178772e-01,-1.412381291389465332e+00,3.585066497325897217e-01,9.976933598518371582e-01,-6.988675147294998169e-02,1.219122052192687988e+00,-1.944048553705215454e-01,-1.368846535682678223e+00,2.334312945604324341e-01,-2.265753597021102905e-01,6.388535499572753906e-01,-5.855534970760345459e-02,-1.328326761722564697e-01,-3.364709615707397461e-01,-2.448052912950515747e-01,-3.351305127143859863e-01,5.087946653366088867e-01,1.999105960130691528e-01,1.546040773391723633e-01
-1.470366865396499634e-01,-1.384544730186462402e+00,6.269834637641906738e-01,1.523028910160064697e-01,2.234857380390167236e-01,-5.943595767021179199e-01,7.573603391647338867e-01,0.000000000000000000e+00,0.000000000000000000e+00,2.360819280147552490e-01,-8.033794760704040527e-01,-1.052294671535491943e-01,-1.385118484497070312e+00,3.688915073871612549e-01,1.023562073707580566e+00,4.119955468922853470e-03,1.132474064826965332e+00,-1.235081925988197327e-01,-1.292076349258422852e+00,2.810813486576080322e-01,-3.165930807590484619e-01,6.125583052635192871e-01,-9.290057420730590820e-02,-1.360643804073333740e-01,-3.656525611877441406e-01,-1.857041269540786743e-01,-2.908252477645874023e-01,6.696935296058654785e-01,2.686873674392700195e-01,1.023861393332481384e-01
-1.291330456733703613e-01,-1.408643126487731934e+00,6.211987733840942383e-01,1.171563789248466492e-01,2.285586148500442505e-01,-6.408950090408325195e-01,7.233871221542358398e-01,0.000000000000000000e+00,0.000000000000000000e+00,1.321635842323303223e-01,-7.509310841560363770e-01,-1.121085733175277710e-01,-1.365754246711730957e+00,3.600693345069885254e-01,1.034477353096008301e+00,8.787040412425994873e-02,1.072589755058288574e+00,-2.953852526843547821e-02,-1.246472477912902832e+00,3.197824954986572266e-01,-3.210815787315368652e-01,6.870085597038269043e-01,-2.031733542680740356e-01,-1.010339409112930298e-01,-4.663632810115814209e-01,-8.345346897840499878e-02,-2.897218763828277588e-01,8.622505664825439453e-01,3.110746145248413086e-01,9.579396992921829224e-02
-1.116683110594749451e-01,-1.434243083000183105e+00,6.233585476875305176e-01,8.814381808042526245e-02,2.316658198833465576e-01,-6.965841054916381836e-01,6.732994914054870605e-01,0.000000000000000000e+00,0.000000000000000000e+00,4.280389472842216492e-02,-7.058036327362060547e-01,-9.932841360569000244e-02,-1.342633485794067383e+00,3.497061431407928467e-01,1.037850260734558105e+00,1.593879759311676025e-01,1.052894949913024902e+00,5.890901759266853333e-02,-1.197482585906982422e+00,3.847226798534393311e-01,-2.939780354499816895e-01,7.856559157371520996e-01,-2.977463901042938232e-01,-6.602888554334640503e-02,-6.048867106437683105e-01,5.801754444837570190e-02,-3.659288287162780762e-01,9.948704838752746582e-01,2.979008555412292480e-01,1.501608937978744507e-01
-9.735252708196640015e-02,-1.462539315223693848e+00,6.222456693649291992e-01,6.815226376056671143e-02,2.341487407684326172e-01,-7.484515905380249023e-01,6.167251467704772949e-01,0.000000000000000000e+00,0.000000000000000000e+00,-2.062083221971988678e-02,-6.557459831237792969e-01,-7.844591140747070312e-02,-1.323674440383911133e+00,3.465036451816558838e-01,1.023358702659606934e+00,2.301752567291259766e-01,1.059232115745544434e+00,1.384197473526000977e-01,-1.146093845367431641e+00,4.474166035652160645e-01,-2.648223936557769775e-01,8.762698173522949219e-01,-3.714055418968200684e-01,-3.332892805337905884e-02,-7.443872690200805664e-01,1.827366501092910767e-01,-4.815204143524169922e-01,9.887046217918395996e-01,2.360828369855880737e-01,2.381690293550491333e-01
-8.780676126480102539e-02,-1.492809057235717773e+00,6.202276945114135742e-01,5.822797119617462158e-02,2.298099547624588013e-01,-7.990072965621948242e-01,5.526158213615417480e-01,0.000000000000000000e+00,0.000000000000000000e+00,-7.072240114212036133e-02,-6.216460466384887695e-01,-4.624907672405242920e-02,-1.339727520942687988e+00,3.421023488044738770e-01,9.869141578674316406e-01,2.923975884914398193e-01,1.068734526634216309e+00,2.765982449054718018e-01,-1.081288695335388184e+00,4.403498470783233643e-01,-2.339955121278762817e-01,9.223091602325439453e-01,-3.849588036537170410e-01,1.619150978513062000e-03,-9.114825129508972168e-01,2.000000029802322388e-01,-6.718876361846923828e-01,9.065659046173095703e-01,1.414973586797714233e-01,3.558142483234405518e-01
-8.375991135835647583e-02,-1.524035573005676270e+00,6.196807622909545898e-01,5.125544220209121704e-02,2.218195497989654541e-01,-8.429223299026489258e-01,4.874945282936096191e-01,0.000000000000000000e+00,0.000000000000000000e+00,-6.830704957246780396e-02,-5.932946205139160156e-01,-1.005879230797290802e-02,-1.432671427726745605e+00,3.564750254154205322e-01,9.639388322830200195e-01,3.256783783435821533e-01,1.074086785316467285e+00,3.309459090232849121e-01,-9.524468779563903809e-01,4.825204610824584961e-01,-1.704971194267272949e-01,9.342966675758361816e-01,-4.123152494430541992e-01,-3.202693187631666660e-04,-1.048061966896057129e+00,2.000000029802322388e-01,-7.598003149032592773e-01,7.327016592025756836e-01,5.619211867451667786e-02,4.399999976158142090e-01
-8.684842288494110107e-02,-1.556359291076660156e+00,6.255259513854980469e-01,5.926572531461715698e-02,2.218317389488220215e-01,-8.651695251464843750e-01,4.458250403404235840e-01,0.000000000000000000e+00,0.000000000000000000e+00,-5.278843641281127930e-02,-5.780829191207885742e-01,1.342280395328998566e-02,-1.533553957939147949e+00,3.735184967517852783e-01,9.511393308639526367e-01,3.112126588821411133e-01,1.070086479187011719e+00,3.594025671482086182e-01,-8.222700953483581543e-01,4.786061346530914307e-01,-1.042787954211235046e-01,9.065788984298706055e-01,-3.944880664348602295e-01,-2.178165130317211151e-02,-1.117495059967041016e+00,1.639237105846405029e-01,-7.434768676757812500e-01,5.596069693565368652e-01,3.337841853499412537e-02,4.399999976158142090e-01
-9.458390623331069946e-02,-1.589920401573181152e+00,6.293748617172241211e-01,7.932905852794647217e-02,2.270572483539581299e-01,-8.756766319274902344e-01,4.187390208244323730e-01,0.000000000000000000e+00,0.000000000000000000e+00,-2.732980251312255859e-02,-5.740854144096374512e-01,2.873395197093486786e-02,-1.642626166343688965e+00,3.761599957942962646e-01,9.681026935577392578e-01,2.753692269325256348e-01,1.049327611923217773e+00,3.916905820369720459e-01,-7.393211722373962402e-01,4.347762465476989746e-01,-6.143970787525177002e-02,8.857702016830444336e-01,-3.548160791397094727e-01,-3.807371109724044800e-02,-1.143985033035278320e+00,7.139769196510314941e-02,-6.187688112258911133e-01,4.190355837345123291e-01,6.437399983406066895e-02,4.399999976158142090e-01
-1.064537838101387024e-01,-1.621089458465576172e+00,6.284766197204589844e-01,1.049990803003311157e-01,2.257912755012512207e-01,-8.774471282958984375e-01,4.099756181240081787e-01,0.000000000000000000e+00,0.000000000000000000e+00,4.524271935224533081e-03,-5.919031500816345215e-01,3.310492634773254395e-02,-1.725295305252075195e+00,3.787999153137207031e-01,1.005254864692687988e+00,2.235940843820571899e-01,1.036881327629089355e+00,4.135186076164245605e-01,-7.077360153198242188e-01,3.713541328907012939e-01,-4.654105752706527710e-02,8.872261047363281250e-01,-2.998734116554260254e-01,-4.533103480935096741e-02,-1.142582416534423828e+00,-4.700918495655059814e-02,-4.161821305751800537e-01,3.035090267658233643e-01,1.427140831947326660e-01,4.399982392787933350e-01
-1.204551905393600464e-01,-1.648736476898193359e+00,6.219270825386047363e-01,1.306654810905456543e-01,2.174867391586303711e-01,-8.704742789268493652e-01,4.217825829982757568e-01,0.000000000000000000e+00,0.000000000000000000e+00,4.008822143077850342e-02,-6.123081445693969727e-01,4.281089454889297485e-02,-1.805343151092529297e+00,3.846187591552734375e-01,1.033554315567016602e+00,1.646350771188735962e-01,1.041555523872375488e+00,3.879770338535308838e-01,-7.271171212196350098e-01,3.102646768093109131e-01,-3.181796520948410034e-02,9.587057828903198242e-01,-2.722567915916442871e-01,-2.033564820885658264e-02,-1.136824011802673340e+00,-1.176104769110679626e-01,-2.275393158197402954e-01,2.954610884189605713e-01,1.996581554412841797e-01,4.251034855842590332e-01
-1.349452137947082520e-01,-1.673290729522705078e+00,6.123778820037841797e-01,1.529102772474288940e-01,2.029627412557601929e-01,-8.542425036430358887e-01,4.535353779792785645e-01,0.000000000000000000e+00,0.000000000000000000e+00,9.699697792530059814e-02,-6.196598410606384277e-01,3.309582546353340149e-02,-1.870945692062377930e+00,3.926235735416412354e-01,1.056921958923339844e+00,1.111865565180778503e-01,1.076121330261230469e+00,2.892227172851562500e-01,-7.971921563148498535e-01,2.652439177036285400e-01,7.832887582480907440e-03,1.102173924446105957e+00,-2.785598635673522949e-01,2.138362079858779907e-02,-1.152020692825317383e+00,-1.462388187646865845e-01,-6.313917040824890137e-02,3.850410878658294678e-01,1.345905810594558716e-01,3.715584874153137207e-01
-1.500572115182876587e-01,-1.696182131767272949e+00,6.023773550987243652e-01,1.727811843156814575e-01,1.849261820316314697e-01,-8.227500915527343750e-01,5.089511871337890625e-01,0.000000000000000000e+00,0.000000000000000000e+00,1.542461067438125610e-01,-6.250968575477600098e-01,1.712759211659431458e-02,-1.866070389747619629e+00,3.652665019035339355e-01,1.066961288452148438e+00,8.309661597013473511e-02,1.118517637252807617e+00,1.363229155540466309e-01,-8.975041508674621582e-01,2.373032420873641968e-01,8.022396266460418701e-02,1.270857095718383789e+00,-2.694636583328247070e-01,5.421993881464004517e-02,-1.207528948783874512e+00,-1.371449530124664307e-01,6.747130304574966431e-02,5.512145161628723145e-01,-4.312697798013687134e-02,3.039329648017883301e-01
-1.651114076375961304e-01,-1.723113656044006348e+00,5.961633324623107910e-01,1.979895532131195068e-01,1.742485761642456055e-01,-7.815469503402709961e-01,5.653511881828308105e-01,0.000000000000000000e+00,0.000000000000000000e+00,1.932446062564849854e-01,-6.388659477233886719e-01,-5.838381475768983364e-04,-1.801288723945617676e+00,3.116354048252105713e-01,1.054515480995178223e+00,6.355094164609909058e-02,1.146257400512695312e+00,6.240512244403362274e-03,-1.005371570587158203e+00,1.954737007617950439e-01,1.603181958198547363e-01,1.372954487800598145e+00,-2.338428944349288940e-01,5.249954015016555786e-02,-1.263809442520141602e+00,-1.455931663513183594e-01,1.430218070745468140e-01,7.033305168151855469e-01,-1.844636797904968262e-01,2.573573589324951172e-01
-1.814283430576324463e-01,-1.751849889755249023e+00,5.978785753250122070e-01,2.268028259277343750e-01,1.595673114061355591e-01,-7.236426472663879395e-01,6.320126652717590332e-01,0.000000000000000000e+00,0.000000000000000000e+00,2.201956212520599365e-01,-6.594879031181335449e-01,-2.619009837508201599e-02,-1.663804292678833008e+00,2.382404953241348267e-01,1.023796319961547852e+00,3.870442882180213928e-02,1.139072418212890625e+00,-1.045159399509429932e-01,-1.112610936164855957e+00,1.401881128549575806e-01,2.569698393344879150e-01,1.421223878860473633e+00,-1.988455951213836670e-01,9.112397208809852600e-03,-1.274570465087890625e+00,-2.140492945909500122e-01,1.710920184850692749e-01,7.973918318748474121e-01,-2.693153023719787598e-01,2.170041501522064209e-01
-1.945665627717971802e-01,-1.783995747566223145e+00,6.039556860923767090e-01,2.537249326705932617e-01,1.502751857042312622e-01,-6.592299938201904297e-01,6.917057037353515625e-01,0.000000000000000000e+00,0.000000000000000000e+00,2.280321270227432251e-01,-6.681641936302185059e-01,-6.956693530082702637e-02,-1.522326231002807617e+00,1.831460297107696533e-01,9.625694751739501953e-01,3.783045569434762001e-03,1.118423700332641602e+00,-1.898720711469650269e-01,-1.207635998725891113e+00,9.780283272266387939e-02,3.478057980537414551e-01,1.413356900215148926e+00,-1.908542960882186890e-01,-5.640260875225067139e-02,-1.233747005462646484e+00,-3.069604337215423584e-01,1.591213941574096680e-01,8.114860057830810547e-01,-3.202066123485565186e-01,1.880073249340057373e-01
-2.003188878297805786e-01,-1.818161249160766602e+00,6.117498874664306641e-01,2.720499336719512939e-01,1.545582711696624756e-01,-6.061048507690429688e-01,7.312574386596679688e-01,0.000000000000000000e+00,0.000000000000000000e+00,2.358395904302597046e-01,-6.832162141799926758e-01,-1.057633683085441589e-01,-1.441985964775085449e+00,1.702196002006530762e-01,9.350703954696655273e-01,-5.196715146303176880e-02,1.110309362411499023e+00,-2.353487908840179443e-01,-1.281732797622680664e+00,1.030286550521850586e-01,3.527131378650665283e-01,1.361392259597778320e+00,-2.180309444665908813e-01,-8.769319951534271240e-02,-1.146174073219299316e+00,-3.827501237392425537e-01,1.029014587402343750e-01,7.590079307556152344e-01,-3.266046941280364990e-01,1.760010868310928345e-01
-2.002929151058197021e-01,-1.851294517517089844e+00,6.214225888252258301e-01,2.802304327487945557e-01,1.661911308765411377e-01,-5.644769072532653809e-01,7.584307789802551270e-01,0.000000000000000000e+00,0.000000000000000000e+00,2.455082535743713379e-01,-7.156363129615783691e-01,-1.390281021595001221e-01,-1.400919318199157715e+00,1.962910741567611694e-01,9.437265992164611816e-01,-9.628124535083770752e-02,1.108424663543701172e+00,-2.421318143606185913e-01,-1.345438838005065918e+00,1.374557763338088989e-01,2.794221639633178711e-01,1.288585186004638672e+00,-2.632143497467041016e-01,-9.768637269735336304e-02,-1.004000306129455566e+00,-4.330736696720123291e-01,1.893004216253757477e-02,6.693158745765686035e-01,-2.834486067295074463e-01,1.596745997667312622e-01
-1.946129053831100464e-01,-1.880485177040100098e+00,6.287844181060791016e-01,2.719240188598632812e-01,1.835173666477203369e-01,-5.393557548522949219e-01,7.755476236343383789e-01,0.000000000000000000e+00,0.000000000000000000e+00,2.477945387363433838e-01,-7.598451972007751465e-01,-1.560344398021697998e-01,-1.380876421928405762e+00,2.414833605289459229e-01,9.778059124946594238e-01,-1.019424349069595337e-01,1.106374144554138184e+00,-2.117733210325241089e-01,-1.394114613533020020e+00,1.640431135892868042e-01,1.270604431629180908e-01,1.185057520866394043e+00,-2.995946705341339111e-01,-9.196883440017700195e-02,-8.395430445671081543e-01,-4.472124576568603516e-01,-1.072184443473815918e-01,6.118535995483398438e-01,-1.717257797718048096e-01,1.198886185884475708e-01
-1.856968402862548828e-01,-1.906765818595886230e+00,6.332620978355407715e-01,2.581376433372497559e-01,2.022690623998641968e-01,-5.343033671379089355e-01,7.790841460227966309e-01,0.000000000000000000e+00,0.000000000000000000e+00,2.208367586135864258e-01,-7.963046431541442871e-01,-1.601132601499557495e-01,-1.354808688163757324e+00,2.715382575988769531e-01,1.022929668426513672e+00,-7.743161171674728394e-02,1.078927993774414062e+00,-1.551305800676345825e-01,-1.386886477470397949e+00,1.591697782278060913e-01,-1.208373717963695526e-02,1.055871367454528809e+00,-3.112235069274902344e-01,-9.326916188001632690e-02,-7.682240009307861328e-01,-4.229110181331634521e-01,-1.948349624872207642e-01,6.725629568099975586e-01,-6.219620257616043091e-02,6.886833906173706055e-02
-1.719481498003005981e-01,-1.927799105644226074e+00,6.372843384742736816e-01,2.260849773883819580e-01,2.205890864133834839e-01,-5.542771220207214355e-01,7.700667977333068848e-01,0.000000000000000000e+00,0.000000000000000000e+00,1.640121042728424072e-01,-8.141982555389404297e-01,-1.338577568531036377e-01,-1.334318161010742188e+00,2.887842953205108643e-01,1.052620410919189453e+00,-2.299623191356658936e-02,1.036167502403259277e+00,-6.814342737197875977e-02,-1.334575057029724121e+00,1.528141051530838013e-01,-1.134295985102653503e-01,9.466155171394348145e-01,-3.432839214801788330e-01,-8.102588355541229248e-02,-8.278519511222839355e-01,-3.783677518367767334e-01,-2.222048938274383545e-01,8.652487993240356445e-01,-1.576234959065914154e-02,1.209152489900588989e-02
-1.573137044906616211e-01,-1.949030637741088867e+00,6.395232677459716797e-01,1.985837966203689575e-01,2.355959266424179077e-01,-5.927120447158813477e-01,7.441447973251342773e-01,0.000000000000000000e+00,0.000000000000000000e+00,8.028880506753921509e-02,-8.167206645011901855e-01,-8.611061424016952515e-02,-1.322092771530151367e+00,2.843543589115142822e-01,1.051804423332214355e+00,5.068934336304664612e-02,9.902442693710327148e-01,5.643793940544128418e-02,-1.280863165855407715e+00,1.632470488548278809e-01,-1.153904721140861511e-01,9.308366775512695312e-01,-4.081787168979644775e-01,-5.342295020818710327e-02,-9.656673669815063477e-01,-3.118355274200439453e-01,-2.564849853515625000e-01,1.096404433250427246e+00,-4.135730676352977753e-03,1.246521249413490295e-03
-1.433219164609909058e-01,-1.972214818000793457e+00,6.412003040313720703e-01,1.757716089487075806e-01,2.492122054100036621e-01,-6.304188966751098633e-01,7.138414382934570312e-01,0.000000000000000000e+00,0.000000000000000000e+00,-8.391984738409519196e-03,-7.932788729667663574e-01,-5.121862888336181641e-02,-1.335052013397216797e+00,2.743108868598937988e-01,1.038701891899108887e+00,9.854339808225631714e-02,9.564208984375000000e-01,1.588451266288757324e-01,-1.238806009292602539e+00,1.949885785579681396e-01,-1.051107347011566162e-01,9.491286873817443848e-01,-4.300721287727355957e-01,-5.080377683043479919e-02,-1.094164252281188965e+00,-2.397703528404235840e-01,-3.050788044929504395e-01,1.223636746406555176e+00,-6.281649321317672729e-02,7.532494608312845230e-03
-1.316294372081756592e-01,-1.998154282569885254e+00,6.389322280883789062e-01,1.613485813140869141e-01,2.593216300010681152e-01,-6.662915349006652832e-01,6.802753210067749023e-01,0.000000000000000000e+00,0.000000000000000000e+00,-1.005774512887001038e-01,-7.525947093963623047e-01,-9.094556793570518494e-03,-1.372390270233154297e+00,2.658962607383728027e-01,1.004158973693847656e+00,1.245780885219573975e-01,9.255557656288146973e-01,2.540995180606842041e-01,-1.198079943656921387e+00,2.309799641370773315e-01,-7.250010222196578979e-02,9.740077853202819824e-01,-4.579932391643524170e-01,-5.958830937743186951e-02,-1.211823463439941406e+00,-1.938920170068740845e-01,-3.855945467948913574e-01,1.292155146598815918e+00,-1.342844516038894653e-01,2.696143276989459991e-02
-1.229697689414024353e-01,-2.025264978408813477e+00,6.385280489921569824e-01,1.499189287424087524e-01,2.624467611312866211e-01,-6.993379592895507812e-01,6.477440595626831055e-01,0.000000000000000000e+00,0.000000000000000000e+00,-1.822115331888198853e-01,-7.008694410324096680e-01,3.041776455938816071e-02,-1.441150903701782227e+00,2.735881507396697998e-01,9.450029730796813965e-01,1.436523795127868652e-01,8.870317339897155762e-01,3.301234543323516846e-01,-1.124559164047241211e+00,2.783334553241729736e-01,-1.417082361876964569e-02,9.681572914123535156e-01,-4.669310748577117920e-01,-7.781863212585449219e-02,-1.321866989135742188e+00,-1.923823952674865723e-01,-4.472901523113250732e-01,1.295276165008544922e+00,-2.356152385473251343e-01,3.503030911087989807e-02
-1.191232353448867798e-01,-2.055641412734985352e+00,6.416306495666503906e-01,1.509348154067993164e-01,2.622673213481903076e-01,-7.244834899902343750e-01,6.193208098411560059e-01,0.000000000000000000e+00,0.000000000000000000e+00,-2.303076386451721191e-01,-6.363506913185119629e-01,5.366612970829010010e-02,-1.523742914199829102e+00,2.849625647068023682e-01,8.809859156608581543e-01,1.571341305971145630e-01,8.618783354759216309e-01,3.858387470245361328e-01,-1.006789803504943848e+00,3.016048669815063477e-01,6.335888803005218506e-02,8.952040672302246094e-01,-4.850100576877593994e-01,-9.953778237104415894e-02,-1.406043529510498047e+00,-2.208525985479354858e-01,-4.516731798648834229e-01,1.272219896316528320e+00,-3.069381117820739746e-01,3.945524990558624268e-02
-1.199128627777099609e-01,-2.087742328643798828e+00,6.525284051895141602e-01,1.598359793424606323e-01,2.572521567344665527e-01,-7.427002787590026855e-01,5.972186326980590820e-01,0.000000000000000000e+00,0.000000000000000000e+00,-2.388409823179244995e-01,-5.658427476882934570e-01,6.193268299102783203e-02,-1.614618659019470215e+00,3.044104874134063721e-01,8.241397142410278320e-01,1.810200661420822144e-01,8.547115325927734375e-01,4.184711873531341553e-01,-8.172093629837036133e-01,2.854628264904022217e-01,1.584728956222534180e-01,7.095927000045776367e-01,-4.676855802536010742e-01,-1.275184750556945801e-01,-1.474045038223266602e+00,-2.524387240409851074e-01,-4.120529294013977051e-01,1.216822504997253418e+00,-3.476888537406921387e-01,4.947183653712272644e-02
-1.241201758384704590e-01,-2.122027397155761719e+00,6.628754734992980957e-01,1.746587455272674561e-01,2.531250119209289551e-01,-7.555251121520996094e-01,5.784495472908020020e-01,0.000000000000000000e+00,0.000000000000000000e+00,-2.052567899227142334e-01,-5.029909610748291016e-01,6.355071067810058594e-02,-1.689388155937194824e+00,3.465587794780731201e-01,7.850673794746398926e-01,2.128751426935195923e-01,8.836638331413269043e-01,4.211918711662292480e-01,-5.707074403762817383e-01,2.203248292207717896e-01,2.214182615280151367e-01,4.274279177188873291e-01,-3.529687523841857910e-01,-1.686655133962631226e-01,-1.509988784790039062e+00,-2.500082254409790039e-01,-3.459710180759429932e-01,1.120777010917663574e+00,-3.221464455127716064e-01,7.563358545303344727e-02
-1.307098269462585449e-01,-2.155019283294677734e+00,6.728460788726806641e-01,1.866716593503952026e-01,2.470294982194900513e-01,-7.616031765937805176e-01,5.692896842956542969e-01,0.000000000000000000e+00,0.000000000000000000e+00,-1.393773704767227173e-01,-4.633310139179229736e-01,7.782621681690216064e-02,-1.727420210838317871e+00,3.853572010993957520e-01,7.940611839294433594e-01,2.408038526773452759e-01,9.213142395019531250e-01,3.994825184345245361e-01,-3.567976951599121094e-01,1.802419126033782959e-01,2.760888040065765381e-01,2.142632752656936646e-01,-1.109753474593162537e-01,-2.097835689783096313e-01,-1.478417515754699707e+00,-2.291720062494277954e-01,-3.214853107929229736e-01,1.006850361824035645e+00,-2.547805011272430420e-01,1.016218587756156921e-01
-1.393364071846008301e-01,-2.188484907150268555e+00,6.805120110511779785e-01,1.981245428323745728e-01,2.428174912929534912e-01,-7.654919028282165527e-01,5.619683861732482910e-01,0.000000000000000000e+00,0.000000000000000000e+00,-6.435902416706085205e-02,-4.411964118480682373e-01,1.089577078819274902e-01,-1.751360535621643066e+00,4.094552397727966309e-01,8.351631164550781250e-01,2.551423013210296631e-01,9.542750120162963867e-01,3.850562870502471924e-01,-2.348904162645339966e-01,1.569050401449203491e-01,2.984989881515502930e-01,1.330864727497100830e-01,1.127758026123046875e-01,-2.309286147356033325e-01,-1.386801600456237793e+00,-2.062730044126510620e-01,-3.224287927150726318e-01,8.751509785652160645e-01,-1.525283455848693848e-01,1.290492713451385498e-01
-1.512614488601684570e-01,-2.222406625747680664e+00,6.844849586486816406e-01,2.113171219825744629e-01,2.351387590169906616e-01,-7.702018022537231445e-01,5.539350509643554688e-01,0.000000000000000000e+00,0.000000000000000000e+00,1.649836311116814613e-03,-4.593375921249389648e-01,1.489981263875961304e-01,-1.749462246894836426e+00,4.075112938880920410e-01,9.008682370185852051e-01,2.413786798715591431e-01,9.748896956443786621e-01,3.729840815067291260e-01,-1.794777065515518188e-01,1.414528340101242065e-01,3.116646409034729004e-01,1.422181725502014160e-01,2.703806757926940918e-01,-2.206907123327255249e-01,-1.262747406959533691e+00,-1.839606910943984985e-01,-3.426460325717926025e-01,7.648423910140991211e-01,-7.641606032848358154e-02,1.378364562988281250e-01
-1.652725785970687866e-01,-2.255913734436035156e+00,6.854499578475952148e-01,2.170377373695373535e-01,2.223100960254669189e-01,-7.771133184432983398e-01,5.473278164863586426e-01,0.000000000000000000e+00,0.000000000000000000e+00,5.496909841895103455e-02,-5.028188824653625488e-01,1.973826885223388672e-01,-1.724991440773010254e+00,3.870408535003662109e-01,9.622452259063720703e-01,2.172687649726867676e-01,9.885914325714111328e-01,3.472086191177368164e-01,-1.757241934537887573e-01,1.355790197849273682e-01,3.261072635650634766e-01,2.214545607566833496e-01,2.865348160266876221e-01,-1.681366562843322754e-01,-1.127412080764770508e+00,-1.449707746505737305e-01,-3.695179224014282227e-01,6.820124983787536621e-01,-5.051640421152114868e-02,1.296803951263427734e-01
-1.834357231855392456e-01,-2.290075778961181641e+00,6.825426220893859863e-01,2.248693108558654785e-01,2.043664306402206421e-01,-7.829595208168029785e-01,5.428098440170288086e-01,0.000000000000000000e+00,0.000000000000000000e+00,8.745103329420089722e-02,-5.667106509208679199e-01,2.461984008550643921e-01,-1.668479442596435547e+00,3.480401933193206787e-01,1.014714598655700684e+00,1.737605482339859009e-01,9.969103932380676270e-01,2.793969810009002686e-01,-2.492254823446273804e-01,1.560343652963638306e-01,3.387402594089508057e-01,4.369284212589263916e-01,2.089106887578964233e-01,-7.903330028057098389e-02,-9.820280671119689941e-01,-7.556246221065521240e-02,-3.836451172828674316e-01,6.132587194442749023e-01,-1.182160675525665283e-01,8.470238745212554932e-02
-2.050489485263824463e-01,-2.323306560516357422e+00,6.776941418647766113e-01,2.334231585264205933e-01,1.834593117237091064e-01,-7.833795547485351562e-01,5.460520386695861816e-01,0.000000000000000000e+00,0.000000000000000000e+00,7.553082704544067383e-02,-6.374642252922058105e-01,2.980353534221649170e-01,-1.579392790794372559e+00,2.617009878158569336e-01,1.056799769401550293e+00,1.481177657842636108e-01,1.002959966659545898e+00,1.640323102474212646e-01,-4.694224894046783447e-01,2.149307876825332642e-01,3.110073506832122803e-01,8.347343802452087402e-01,7.908370345830917358e-02,1.547037065029144287e-02,-8.975008130073547363e-01,-1.035254565067589283e-03,-3.573543429374694824e-01,6.103894710540771484e-01,-2.920387089252471924e-01,-1.279042381793260574e-02
-2.276299297809600830e-01,-2.355648040771484375e+00,6.734096407890319824e-01,2.390469014644622803e-01,1.640165001153945923e-01,-7.809588909149169922e-01,5.532254576683044434e-01,0.000000000000000000e+00,0.000000000000000000e+00,8.475286513566970825e-02,-6.944615840911865234e-01,3.158406317234039307e-01,-1.514799952507019043e+00,1.963917911052703857e-01,1.085122466087341309e+00,1.540194302797317505e-01,1.047898173332214355e+00,5.434676632285118103e-02,-7.001268267631530762e-01,2.650763690471649170e-01,2.591617107391357422e-01,1.114389300346374512e+00,-4.084330424666404724e-02,8.359305560588836670e-02,-7.930046319961547852e-01,6.252035498619079590e-02,-3.144885301589965820e-01,5.685557126998901367e-01,-3.956131637096405029e-01,-6.393021345138549805e-02
-2.504696249961853027e-01,-2.388528823852539062e+00,6.745351552963256836e-01,2.442611008882522583e-01,1.498983502388000488e-01,-7.733107209205627441e-01,5.655595064163208008e-01,0.000000000000000000e+00,0.000000000000000000e+00,9.327762573957443237e-02,-7.468174099922180176e-01,3.104488849639892578e-01,-1.479094982147216797e+00,1.503495723009109497e-01,1.095211148262023926e+00,1.844667196273803711e-01,1.150987148284912109e+00,-3.295687586069107056e-02,-9.014654755592346191e-01,2.653214335441589355e-01,1.964299082756042480e-01,1.217047333717346191e+00,-1.299007683992385864e-01,1.041568443179130554e-01,-6.435669660568237305e-01,1.199737638235092163e-01,-2.615046799182891846e-01,4.357558786869049072e-01,-4.335841238498687744e-01,-6.975364685058593750e-02
-2.720895111560821533e-01,-2.423432111740112305e+00,6.767504811286926270e-01,2.510214745998382568e-01,1.462941318750381470e-01,-7.621461749076843262e-01,5.785494446754455566e-01,0.000000000000000000e+00,0.000000000000000000e+00,9.956558793783187866e-02,-8.006784319877624512e-01,3.044735193252563477e-01,-1.469615817070007324e+00,1.150255501270294189e-01,1.087948799133300781e+00,2.268140912055969238e-01,1.262214779853820801e+00,-8.161829411983489990e-02,-1.055526137351989746e+00,2.227583378553390503e-01,1.522350907325744629e-01,1.171921610832214355e+00,-1.995626538991928101e-01,1.024739891290664673e-01,-4.850044548511505127e-01,1.636908352375030518e-01,-2.259083986282348633e-01,2.797678411006927490e-01,-3.677548170089721680e-01,-1.515214052051305771e-02
-2.919084131717681885e-01,-2.459076166152954102e+00,6.841862797737121582e-01,2.635172307491302490e-01,1.495802700519561768e-01,-7.583554387092590332e-01,5.771320462226867676e-01,0.000000000000000000e+00,0.000000000000000000e+00,8.013781160116195679e-02,-8.692340850830078125e-01,3.008810281753540039e-01,-1.467536091804504395e+00,1.118829920887947083e-01,1.051493525505065918e+00,2.700052857398986816e-01,1.318003296852111816e+00,-6.922774761915206909e-02,-1.143357157707214355e+00,1.271139383316040039e-01,1.212406754493713379e-01,1.036777019500732422e+00,-2.237314879894256592e-01,8.005178719758987427e-02,-3.862037360668182373e-01,1.666120737791061401e-01,-2.521046698093414307e-01,2.113600820302963257e-01,-1.176844760775566101e-01,1.033728644251823425e-01
-3.077428340911865234e-01,-2.493871212005615234e+00,6.906428933143615723e-01,2.650352418422698975e-01,1.629430055618286133e-01,-7.662231326103210449e-01,5.622348785400390625e-01,0.000000000000000000e+00,0.000000000000000000e+00,3.649919852614402771e-02,-9.327456951141357422e-01,3.073266148567199707e-01,-1.452139854431152344e+00,1.296020746231079102e-01,1.029997825622558594e+00,3.061164319515228271e-01,1.269660353660583496e+00,-6.174467876553535461e-02,-1.145933508872985840e+00,6.994996964931488037e-02,8.635269850492477417e-02,8.471083045005798340e-01,-2.081613540649414062e-01,4.558883234858512878e-02,-3.738179206848144531e-01,1.584952622652053833e-01,-3.051520586013793945e-01,2.731992900371551514e-01,6.242663040757179260e-02,1.683095544576644897e-01
-3.208247125148773193e-01,-2.525889396667480469e+00,6.924133896827697754e-01,2.514720261096954346e-01,1.762448847293853760e-01,-7.851272225379943848e-01,5.378426909446716309e-01,0.000000000000000000e+00,0.000000000000000000e+00,-2.990228496491909027e-02,-9.671617150306701660e-01,3.054943978786468506e-01,-1.430115818977355957e+00,1.405140757560729980e-01,1.033638119697570801e+00,2.893936932086944580e-01,1.100486040115356445e+00,-5.209730565547943115e-02,-1.085753560066223145e+00,8.194924890995025635e-02,6.344319880008697510e-02,7.123383283615112305e-01,-2.264495491981506348e-01,3.420315682888031006e-02,-4.481199979782104492e-01,1.188354566693305969e-01,-3.884898722171783447e-01,4.681206941604614258e-01,1.772940456867218018e-01,1.849944591522216797e-01
-3.340666592121124268e-01,-2.553662061691284180e+00,6.870751380920410156e-01,2.347475588321685791e-01,1.770859062671661377e-01,-8.128062486648559570e-01,5.028718709945678711e-01,0.000000000000000000e+00,0.000000000000000000e+00,-8.135230839252471924e-02,-9.741361737251281738e-01,3.006140291690826416e-01,-1.410047769546508789e+00,1.546711921691894531e-01,9.977988004684448242e-01,2.155919969081878662e-01,9.512012600898742676e-01,7.644323166459798813e-03,-1.004011392593383789e+00,1.050838679075241089e-01,5.069928616285324097e-02,6.794073581695556641e-01,-2.756624221801757812e-01,4.217522591352462769e-02,-5.753467082977294922e-01,6.355427671223878860e-03,-4.875205457210540771e-01,7.038524150848388672e-01,1.876865476369857788e-01,1.619333177804946899e-01
-3.480010628700256348e-01,-2.578830480575561523e+00,6.762043833732604980e-01,2.257602065801620483e-01,1.721681058406829834e-01,-8.422100543975830078e-01,4.583368301391601562e-01,0.000000000000000000e+00,0.000000000000000000e+00,-1.247058361768722534e-01,-9.658958911895751953e-01,2.700181007385253906e-01,-1.391441822052001953e+00,1.847695857286453247e-01,9.098517894744873047e-01,5.713539198040962219e-02,8.191214203834533691e-01,1.097611337900161743e-01,-9.061275720596313477e-01,1.122042238712310791e-01,4.213288798928260803e-02,6.678880453109741211e-01,-3.785642385482788086e-01,5.077104270458221436e-02,-7.607576251029968262e-01,-1.737082451581954956e-01,-5.416310429573059082e-01,9.363383650779724121e-01,1.262252181768417358e-01,1.280342191457748413e-01
-3.607424795627593994e-01,-2.601773023605346680e+00,6.719082593917846680e-01,2.211784571409225464e-01,1.722036004066467285e-01,-8.667705059051513672e-01,4.124740660190582275e-01,0.000000000000000000e+00,0.000000000000000000e+00,-1.553879380226135254e-01,-9.297606945037841797e-01,2.446727603673934937e-01,-1.352662801742553711e+00,2.160456776618957520e-01,7.901790738105773926e-01,-1.130377054214477539e-01,6.745794415473937988e-01,2.212118804454803467e-01,-7.857553362846374512e-01,1.012012585997581482e-01,4.640335589647293091e-02,5.953801274299621582e-01,-4.741388857364654541e-01,4.333722963929176331e-02,-9.608027338981628418e-01,-3.317112326622009277e-01,-5.121536850929260254e-01,1.041491627693176270e+00,5.843934416770935059e-02,1.160176545381546021e-01
-3.734070956707000732e-01,-2.620322227478027344e+00,6.696488857269287109e-01,2.228943258523941040e-01,1.736506819725036621e-01,-8.779588341712951660e-01,3.864607214927673340e-01,0.000000000000000000e+00,0.000000000000000000e+00,-1.772983968257904053e-01,-9.045293331146240234e-01,2.348813265562057495e-01,-1.332527518272399902e+00,2.187145054340362549e-01,7.063033580780029297e-01,-2.003318816423416138e-01,5.831103324890136719e-01,2.830504775047302246e-01,-6.959966421127319336e-01,8.878703415393829346e-02,1.952680386602878571e-02,5.337858200073242188e-01,-4.710233509540557861e-01,1.958176493644714355e-02,-1.079806685447692871e+00,-3.842496871948242188e-01,-4.660087823867797852e-01,1.022160887718200684e+00,1.731280982494354248e-02,1.283541768789291382e-01
-3.721600174903869629e-01,-2.615222930908203125e+00,6.695305705070495605e-01,2.104714959859848022e-01,1.605420559644699097e-01,-8.794373869895935059e-01,3.956234157085418701e-01,0.000000000000000000e+00,0.000000000000000000e+00,-1.673046201467514038e-01,-9.261540770530700684e-01,2.291970551013946533e-01,-1.247040271759033203e+00,2.140740752220153809e-01,7.354007363319396973e-01,-1.942414045333862305e-01,5.494489669799804688e-01,2.722325623035430908e-01,-6.491394042968750000e-01,7.448869198560714722e-02,9.920999407768249512e-03,4.809727370738983154e-01,-4.244829714298248291e-01,2.203558012843132019e-02,-1.013135552406311035e+00,-3.578529357910156250e-01,-4.502544105052947998e-01,9.461110234260559082e-01,2.710759267210960388e-02,1.238182708621025085e-01
-3.707791864871978760e-01,-2.610260486602783203e+00,6.691441535949707031e-01,1.973981261253356934e-01,1.484302431344985962e-01,-8.803622126579284668e-01,4.049256443977355957e-01,0.000000000000000000e+00,0.000000000000000000e+00,-1.579306870698928833e-01,-9.457692503929138184e-01,2.247272878885269165e-01,-1.161258816719055176e+00,2.085191309452056885e-01,7.680300474166870117e-01,-1.854838877916336060e-01,5.179814100265502930e-01,2.532225549221038818e-01,-6.057071089744567871e-01,6.768950819969177246e-02,5.655969027429819107e-03,4.372771680355072021e-01,-3.839730918407440186e-01,2.366984263062477112e-02,-9.458211660385131836e-01,-3.222742378711700439e-01,-4.319280385971069336e-01,8.652579188346862793e-01,3.972181305289268494e-02,1.175134107470512390e-01
-3.693162202835083008e-01,-2.605185508728027344e+00,6.685487031936645508e-01,1.834371984004974365e-01,1.360142678022384644e-01,-8.811754584312438965e-01,4.139815866947174072e-01,0.000000000000000000e+00,0.000000000000000000e+00,-1.476684063673019409e-01,-9.670677781105041504e-01,2.200601696968078613e-01,-1.072114586830139160e+00,2.034914493560791016e-01,8.000069856643676758e-01,-1.745690107345581055e-01,4.858515560626983643e-01,2.321169823408126831e-01,-5.588541030883789062e-01,6.240748241543769836e-02,4.092242103070020676e-03,3.919842541217803955e-01,-3.434194624423980713e-01,2.507405541837215424e-02,-8.761031031608581543e-01,-2.850341498851776123e-01,-4.106724262237548828e-01,7.826381325721740723e-01,5.336686223745346069e-02,1.103792712092399597e-01
-3.678885400295257568e-01,-2.600148916244506836e+00,6.676722168922424316e-01,1.693465709686279297e-01,1.236709281802177429e-01,-8.816488981246948242e-01,4.227557778358459473e-01,0.000000000000000000e+00,0.000000000000000000e+00,-1.367251574993133545e-01,-9.887828826904296875e-01,2.135213315486907959e-01,-9.840037822723388672e-01,1.973385661840438843e-01,8.318445682525634766e-01,-1.631473749876022339e-01,4.531841576099395752e-01,2.112128436565399170e-01,-5.124149918556213379e-01,5.663154646754264832e-02,3.145633963868021965e-03,3.477123081684112549e-01,-3.034773468971252441e-01,2.643748372793197632e-02,-8.071128129959106445e-01,-2.497602850198745728e-01,-3.868465423583984375e-01,7.023794651031494141e-01,6.591062247753143311e-02,1.028371527791023254e-01
-3.666010499000549316e-01,-2.595332384109497070e+00,6.664863824844360352e-01,1.558739691972732544e-01,1.119442358613014221e-01,-8.815627098083496094e-01,4.312992393970489502e-01,0.000000000000000000e+00,0.000000000000000000e+00,-1.254089325666427612e-01,-1.009367227554321289e+00,2.038577347993850708e-01,-9.014335870742797852e-01,1.883772313594818115e-01,8.643779754638671875e-01,-1.530770510435104370e-01,4.203565716743469238e-01,1.919188648462295532e-01,-4.718342721462249756e-01,4.951509460806846619e-02,9.734649211168289185e-04,3.101025819778442383e-01,-2.664810419082641602e-01,2.782663516700267792e-02,-7.424578070640563965e-01,-2.186539173126220703e-01,-3.614505827426910400e-01,6.289137601852416992e-01,7.491521537303924561e-02,9.507762640714645386e-02
-3.652237951755523682e-01,-2.590406417846679688e+00,6.650859713554382324e-01,1.414842158555984497e-01,9.981306642293930054e-02,-8.814281821250915527e-01,4.394359290599822998e-01,0.000000000000000000e+00,0.000000000000000000e+00,-1.123210415244102478e-01,-1.031553030014038086e+00,1.927001029253005981e-01,-8.161415457725524902e-01,1.801052689552307129e-01,8.959798216819763184e-01,-1.406089812517166138e-01,3.865641355514526367e-01,1.725018024444580078e-01,-4.276962578296661377e-01,4.240629449486732483e-02,6.955483695492148399e-05,2.701407074928283691e-01,-2.286863923072814941e-01,2.915673144161701202e-02,-6.753721237182617188e-01,-1.883476525545120239e-01,-3.340466022491455078e-01,5.554577112197875977e-01,8.409316092729568481e-02,8.670964837074279785e-02
-3.638746738433837891e-01,-2.585553169250488281e+00,6.634495258331298828e-01,1.269732117652893066e-01,8.781034499406814575e-02,-8.809852004051208496e-01,4.472496509552001953e-01,0.000000000000000000e+00,0.000000000000000000e+00,-9.853202104568481445e-02,-1.053862571716308594e+00,1.796381622552871704e-01,-7.320279479026794434e-01,1.707822680473327637e-01,9.275555610656738281e-01,-1.277618259191513062e-01,3.522138595581054688e-01,1.534745395183563232e-01,-3.844978213310241699e-01,3.477236256003379822e-02,-5.558937555178999901e-04,2.319082468748092651e-01,-1.917562484741210938e-01,3.046699240803718567e-02,-6.095950007438659668e-01,-1.603350937366485596e-01,-3.049136102199554443e-01,4.857989847660064697e-01,9.150705486536026001e-02,7.787994295358657837e-02
-3.626978397369384766e-01,-2.581037759780883789e+00,6.616308093070983887e-01,1.133928298950195312e-01,7.677816599607467651e-02,-8.799468278884887695e-01,4.549074769020080566e-01,0.000000000000000000e+00,0.000000000000000000e+00,-8.610685169696807861e-02,-1.074339866638183594e+00,1.649601906538009644e-01,-6.531481146812438965e-01,1.576178371906280518e-01,9.602974653244018555e-01,-1.168776750564575195e-01,3.176200687885284424e-01,1.352235674858093262e-01,-3.488454818725585938e-01,2.652609534561634064e-02,-2.056573051959276199e-03,2.019786387681961060e-01,-1.586324274539947510e-01,3.173991292715072632e-02,-5.502687096595764160e-01,-1.355664432048797607e-01,-2.748475074768066406e-01,4.248572587966918945e-01,9.446638822555541992e-02,6.865451484918594360e-02
-3.613716065883636475e-01,-2.576355934143066406e+00,6.596104502677917480e-01,9.855916351079940796e-02,6.512164324522018433e-02,-8.789500594139099121e-01,4.620520174503326416e-01,0.000000000000000000e+00,0.000000000000000000e+00,-7.096182554960250854e-02,-1.096711277961730957e+00,1.483649164438247681e-01,-5.708446502685546875e-01,1.462102383375167847e-01,9.919734597206115723e-01,-1.031486243009567261e-01,2.817563712596893311e-01,1.168286129832267761e-01,-3.083868026733398438e-01,1.818672753870487213e-02,-2.079654019325971603e-03,1.689959913492202759e-01,-1.244274824857711792e-01,3.299958631396293640e-02,-4.872303903102874756e-01,-1.114128679037094116e-01,-2.430396378040313721e-01,3.629516363143920898e-01,9.825138747692108154e-02,5.878006294369697571e-02
-3.600494861602783203e-01,-2.571777105331420898e+00,6.574301123619079590e-01,8.356197178363800049e-02,5.369551479816436768e-02,-8.776735663414001465e-01,4.688532054424285889e-01,0.000000000000000000e+00,0.000000000000000000e+00,-5.522268638014793396e-02,-1.118844270706176758e+00,1.301178634166717529e-01,-4.895777702331542969e-01,1.339542269706726074e-01,1.023901462554931641e+00,-8.924217522144317627e-02,2.454162687063217163e-01,9.866490215063095093e-02,-2.688479721546173096e-01,9.577576071023941040e-03,-1.752044307067990303e-03,1.376900672912597656e-01,-9.106498211622238159e-02,3.422668576240539551e-02,-4.254141151905059814e-01,-8.889958262443542480e-02,-2.101283520460128784e-01,3.044057786464691162e-01,1.005628854036331177e-01,4.836552217602729797e-02
-3.591018915176391602e-01,-2.567852258682250977e+00,6.553338766098022461e-01,7.092922180891036987e-02,4.425460100173950195e-02,-8.754996061325073242e-01,4.759317636489868164e-01,0.000000000000000000e+00,0.000000000000000000e+00,-5.545109137892723083e-02,-1.138055801391601562e+00,1.204151287674903870e-01,-3.985072672367095947e-01,1.045635640621185303e-01,1.056835532188415527e+00,-7.210129499435424805e-02,1.944260597229003906e-01,7.082199305295944214e-02,-2.404064238071441650e-01,2.982716774567961693e-03,7.426902651786804199e-03,1.178099289536476135e-01,-6.497818976640701294e-02,3.511532023549079895e-02,-3.793464303016662598e-01,-6.563279777765274048e-02,-1.673379689455032349e-01,2.605070173740386963e-01,9.657511860132217407e-02,3.700178861618041992e-02
-3.576902747154235840e-01,-2.563445329666137695e+00,6.529135704040527344e-01,5.520215630531311035e-02,3.324955329298973083e-02,-8.738591670989990234e-01,4.818893671035766602e-01,0.000000000000000000e+00,0.000000000000000000e+00,-3.652240708470344543e-02,-1.159453511238098145e+00,9.722896665334701538e-02,-3.200598359107971191e-01,9.279347211122512817e-02,1.089474678039550781e+00,-5.844537913799285889e-02,1.589048355817794800e-01,5.573386326432228088e-02,-2.020064890384674072e-01,-6.538540590554475784e-03,6.210978608578443527e-03,8.919234573841094971e-02,-3.261958435177803040e-02,3.633499518036842346e-02,-3.167360424995422363e-01,-4.635056480765342712e-02,-1.351696103811264038e-01,2.050481289625167847e-01,9.745680540800094604e-02,2.555639855563640594e-02
-3.567053973674774170e-01,-2.560196161270141602e+00,6.510947346687316895e-01,4.330500587821006775e-02,2.657266706228256226e-02,-8.712342977523803711e-01,4.882308840751647949e-01,0.000000000000000000e+00,0.000000000000000000e+00,-3.606407344341278076e-02,-1.169200778007507324e+00,7.819785922765731812e-02,-2.402545362710952759e-01,6.185796856880187988e-02,1.122983574867248535e+00,-4.687727987766265869e-02,1.171385794878005981e-01,3.613720834255218506e-02,-1.811881065368652344e-01,-1.250074990093708038e-02,7.140811067074537277e-03,7.241687923669815063e-02,-7.013995200395584106e-03,3.687585890293121338e-02,-2.765798568725585938e-01,-2.520462870597839355e-02,-9.919944405555725098e-02,1.685154289007186890e-01,8.943657577037811279e-02,1.336755044758319855e-02
-3.551769852638244629e-01,-2.555864334106445312e+00,6.484123468399047852e-01,2.663684077560901642e-02,1.550695020705461502e-02,-8.693739175796508789e-01,4.931926429271697998e-01,0.000000000000000000e+00,0.000000000000000000e+00,-1.481445506215095520e-02,-1.190903186798095703e+00,5.188565328717231750e-02,-1.617527455091476440e-01,5.037691816687583923e-02,1.155399441719055176e+00,-3.211084753274917603e-02,8.035451173782348633e-02,2.416213601827621460e-02,-1.425019055604934692e-01,-2.284293994307518005e-02,4.997644573450088501e-03,4.595147073268890381e-02,2.461518347263336182e-02,3.818226233124732971e-02,-2.103501409292221069e-01,-8.158485405147075653e-03,-6.803519278764724731e-02,1.116496101021766663e-01,9.107217192649841309e-02,5.344701348803937435e-04
-3.536694347858428955e-01,-2.551667213439941406e+00,6.456329226493835449e-01,9.865385480225086212e-03,4.729441367089748383e-03,-8.672412633895874023e-01,4.977678954601287842e-01,0.000000000000000000e+00,0.000000000000000000e+00,7.244276348501443863e-03,-1.211898565292358398e+00,2.432866021990776062e-02,-8.511034399271011353e-02,3.864545747637748718e-02,1.188264727592468262e+00,-1.793819479644298553e-02,4.381326586008071899e-02,1.363417226821184158e-02,-1.049121245741844177e-01,-3.321186080574989319e-02,1.945989090017974377e-03,2.112966589629650116e-02,5.561473220586776733e-02,3.938443213701248169e-02,-1.436951756477355957e-01,7.918506860733032227e-03,-3.749005869030952454e-02,5.463321134448051453e-02,9.271390736103057861e-02,-1.287335623055696487e-02
-3.521837294101715088e-01,-2.547595500946044922e+00,6.427701115608215332e-01,-7.011631503701210022e-03,-5.802464671432971954e-03,-8.648491501808166504e-01,5.019493103027343750e-01,0.000000000000000000e+00,0.000000000000000000e+00,2.885412611067295074e-02,-1.232231974601745605e+00,-3.610211890190839767e-03,-8.067757822573184967e-03,2.552796714007854462e-02,1.221470475196838379e+00,-3.616218920797109604e-03,5.558389704674482346e-03,4.069169051945209503e-03,-6.934569031000137329e-02,-4.350845143198966980e-02,-1.379748457111418247e-03,8.308090286845981609e-07,8.491618186235427856e-02,4.045914858579635620e-02,-7.808330655097961426e-02,2.316987141966819763e-02,-7.039075717329978943e-03,1.353617562926956452e-06,9.329084306955337524e-02,-2.689419873058795929e-02
-3.521831333637237549e-01,-2.547594308853149414e+00,6.427691578865051270e-01,-7.016170304268598557e-03,-5.806311499327421188e-03,-8.648493289947509766e-01,5.019488930702209473e-01,0.000000000000000000e+00,0.000000000000000000e+00,2.898318879306316376e-02,-1.232251524925231934e+00,-3.699802560731768608e-03,-8.242533542215824127e-03,2.561962418258190155e-02,1.221481084823608398e+00,-3.668670309707522392e-03,5.678502377122640610e-03,4.012377467006444931e-03,-6.932565569877624512e-02,-4.350644350051879883e-02,-1.318570459261536598e-03,1.038511221462812273e-10,8.492064476013183594e-02,4.045738652348518372e-02,-7.807976752519607544e-02,2.317265607416629791e-02,-6.977570243179798126e-03,1.692021939225796245e-10,9.332176297903060913e-02,-2.689426392316818237e-02
-3.521831333637237549e-01,-2.547594308853149414e+00,6.427691578865051270e-01,-7.016241084784269333e-03,-5.806364584714174271e-03,-8.648493289947509766e-01,5.019489526748657227e-01,0.000000000000000000e+00,0.000000000000000000e+00,2.898640185594558716e-02,-1.232251644134521484e+00,-3.701782086864113808e-03,-8.247479796409606934e-03,2.562187984585762024e-02,1.221481084823608398e+00,-3.670059377327561378e-03,5.681869108229875565e-03,4.010367672890424728e-03,-6.932520121335983276e-02,-4.350632056593894958e-02,-1.316481037065386772e-03,1.297899775935112965e-14,8.492024242877960205e-02,4.045741260051727295e-02,-7.807989418506622314e-02,2.317279949784278870e-02,-6.975478027015924454e-03,2.115299783749489959e-14,9.332222491502761841e-02,-2.689424902200698853e-02
-3.521831333637237549e-01,-2.547594308853149414e+00,6.427691578865051270e-01,-7.016239687800407410e-03,-5.806366913020610809e-03,-8.648493289947509766e-01,5.019489526748657227e-01,0.000000000000000000e+00,0.000000000000000000e+00,2.898648008704185486e-02,-1.232251644134521484e+00,-3.701831214129924774e-03,-8.247609250247478485e-03,2.562193758785724640e-02,1.221481084823608398e+00,-3.670097328722476959e-03,5.681958980858325958e-03,4.010296892374753952e-03,-6.932518631219863892e-02,-4.350632056593894958e-02,-1.316408626735210419e-03,2.246999531258194207e-18,8.492022752761840820e-02,4.045741260051727295e-02,-7.807990163564682007e-02,2.317279949784278870e-02,-6.975405849516391754e-03,6.259123493956050659e-18,9.332223981618881226e-02,-2.689424902200698853e-02
-3.521831333637237549e-01,-2.547594308853149414e+00,6.427691578865051270e-01,-7.016238756477832794e-03,-5.806366447359323502e-03,-8.648493289947509766e-01,5.019489526748657227e-01,0.000000000000000000e+00,0.000000000000000000e+00,2.898648008704185486e-02,-1.232251644134521484e+00,-3.701832611113786697e-03,-8.247612975537776947e-03,2.562193572521209717e-02,1.221481084823608398e+00,-3.670098492875695229e-03,5.681961774826049805e-03,4.010294564068317413e-03,-6.932519376277923584e-02,-4.350632056593894958e-02,-1.316406065598130226e-03,-4.985295542716746225e-18,8.492022752761840820e-02,4.045741260051727295e-02,-7.807990908622741699e-02,2.317279949784278870e-02,-6.975403055548667908e-03,-2.384927142112889392e-20,9.332223981618881226e-02,-2.689424902200698853e-02
-3.521831333637237549e-01,-2.547594308853149414e+00,6.427691578865051270e-01,-7.016239687800407410e-03,-5.806366913020610809e-03,-8.648493289947509766e-01,5.019489526748657227e-01,0.000000000000000000e+00,0.000000000000000000e+00,2.898648194968700409e-02,-1.232251644134521484e+00,-3.701832378283143044e-03,-8.247612975537776947e-03,2.562193758785724640e-02,1.221481084823608398e+00,-3.670098492875695229e-03,5.681961309164762497e-03,4.010294564068317413e-03,-6.932518631219863892e-02,-4.350632056593894958e-02,-1.316406065598130226e-03,-8.824180794980937569e-19,8.492022752761840820e-02,4.045741260051727295e-02,-7.807990163564682007e-02,2.317280136048793793e-02,-6.975403055548667908e-03,4.209753747853872685e-19,9.332223981618881226e-02,-2.689424902200698853e-02
-3.521831333637237549e-01,-2.547594308853149414e+00,6.427691578865051270e-01,-7.016239687800407410e-03,-5.806366913020610809e-03,-8.648493289947509766e-01,5.019489526748657227e-01,0.000000000000000000e+00,0.000000000000000000e+00,2.898648194968700409e-02,-1.232251644134521484e+00,-3.701832378283143044e-03,-8.247612975537776947e-03,2.562193758785724640e-02,1.221481084823608398e+00,-3.670098492875695229e-03,5.681961309164762497e-03,4.010294564068317413e-03,-6.932518631219863892e-02,-4.350632056593894958e-02,-1.316406065598130226e-03,-2.492570636766252543e-18,8.492022752761840820e-02,4.045741260051727295e-02,-7.807990163564682007e-02,2.317279949784278870e-02,-6.975403055548667908e-03,2.139684634103167747e-18,9.332223981618881226e-02,-2.689424902200698853e-02
-3.521831333637237549e-01,-2.547594308853149414e+00,6.427691578865051270e-01,-7.016239687800407410e-03,-5.806366913020610809e-03,-8.648493289947509766e-01,5.019489526748657227e-01,0.000000000000000000e+00,0.000000000000000000e+00,2.898648194968700409e-02,-1.232251644134521484e+00,-3.701832378283143044e-03,-8.247612975537776947e-03,2.562193758785724640e-02,1.221481084823608398e+00,-3.670098492875695229e-03,5.681961309164762497e-03,4.010294564068317413e-03,-6.932518631219863892e-02,-4.350632056593894958e-02,-1.316406065598130226e-03,-2.696921057604108988e-19,8.492022752761840820e-02,4.045741260051727295e-02,-7.807990163564682007e-02,2.317279949784278870e-02,-6.975403055548667908e-03,-4.974280392089683832e-18,9.332223981618881226e-02,-2.689424902200698853e-02
-3.521831333637237549e-01,-2.547594308853149414e+00,6.427691578865051270e-01,-7.016240153461694717e-03,-5.806366913020610809e-03,-8.648493289947509766e-01,5.019489526748657227e-01,0.000000000000000000e+00,0.000000000000000000e+00,2.898648194968700409e-02,-1.232251644134521484e+00,-3.701832378283143044e-03,-8.247612975537776947e-03,2.562193758785724640e-02,1.221481084823608398e+00,-3.670098492875695229e-03,5.681961309164762497e-03,4.010294564068317413e-03,-6.932518631219863892e-02,-4.350632056593894958e-02,-1.316406065598130226e-03,-2.164540584329773676e-18,8.492022752761840820e-02,4.045741260051727295e-02,-7.807990163564682007e-02,2.317280136048793793e-02,-6.975403055548667908e-03,2.804261390562971454e-18,9.332223981618881226e-02,-2.689424902200698853e-02
-3.521831333637237549e-01,-2.547594308853149414e+00,6.427691578865051270e-01,-7.016238756477832794e-03,-5.806366447359323502e-03,-8.648493289947509766e-01,5.019489526748657227e-01,0.000000000000000000e+00,0.000000000000000000e+00,2.898648008704185486e-02,-1.232251644134521484e+00,-3.701832611113786697e-03,-8.247612975537776947e-03,2.562193758785724640e-02,1.221481084823608398e+00,-3.670098492875695229e-03,5.681961774826049805e-03,4.010294564068317413e-03,-6.932519376277923584e-02,-4.350632056593894958e-02,-1.316405949182808399e-03,2.311980358638522402e-18,8.492022752761840820e-02,4.045741260051727295e-02,-7.807990908622741699e-02,2.317279949784278870e-02,-6.975403055548667908e-03,5.323310905917658965e-18,9.332223981618881226e-02,-2.689424902200698853e-02
-3.521831333637237549e-01,-2.547594308853149414e+00,6.427691578865051270e-01,-7.016239687800407410e-03,-5.806366913020610809e-03,-8.648493289947509766e-01,5.019489526748657227e-01,0.000000000000000000e+00,0.000000000000000000e+00,2.898648194968700409e-02,-1.232251644134521484e+00,-3.701832378283143044e-03,-8.247612975537776947e-03,2.562193758785724640e-02,1.221481084823608398e+00,-3.670098492875695229e-03,5.681961309164762497e-03,4.010294564068317413e-03,-6.932518631219863892e-02,-4.350632056593894958e-02,-1.316406065598130226e-03,-1.377709945454659260e-18,8.492022752761840820e-02,4.045741260051727295e-02,-7.807990163564682007e-02,2.317280136048793793e-02,-6.975403055548667908e-03,-3.310628274343432875e-18,9.332223981618881226e-02,-2.689424902200698853e-02
-3.521831333637237549e-01,-2.547594308853149414e+00,6.427691578865051270e-01,-7.016238756477832794e-03,-5.806366447359323502e-03,-8.648493289947509766e-01,5.019489526748657227e-01,0.000000000000000000e+00,0.000000000000000000e+00,2.898648008704185486e-02,-1.232251644134521484e+00,-3.701832611113786697e-03,-8.247612975537776947e-03,2.562193758785724640e-02,1.221481084823608398e+00,-3.670098492875695229e-03,5.681961774826049805e-03,4.010294564068317413e-03,-6.932519376277923584e-02,-4.350632056593894958e-02,-1.316405949182808399e-03,6.528767002855474067e-19,8.492022752761840820e-02,4.045741260051727295e-02,-7.807990908622741699e-02,2.317279949784278870e-02,-6.975403055548667908e-03,7.032491044578828565e-19,9.332223981618881226e-02,-2.689424902200698853e-02
-3.521831333637237549e-01,-2.547594308853149414e+00,6.427691578865051270e-01,-7.016238756477832794e-03,-5.806366447359323502e-03,-8.648493289947509766e-01,5.019489526748657227e-01,0.000000000000000000e+00,0.000000000000000000e+00,2.898648008704185486e-02,-1.232251644134521484e+00,-3.701832611113786697e-03,-8.247612975537776947e-03,2.562193758785724640e-02,1.221481084823608398e+00,-3.670098492875695229e-03,5.681961774826049805e-03,4.010294564068317413e-03,-6.932519376277923584e-02,-4.350632056593894958e-02,-1.316405949182808399e-03,-1.625003861383512414e-18,8.492022752761840820e-02,4.045741260051727295e-02,-7.807990908622741699e-02,2.317279949784278870e-02,-6.975403055548667908e-03,-1.566005100795591146e-18,9.332223981618881226e-02,-2.689424902200698853e-02
-3.521831333637237549e-01,-2.547594308853149414e+00,6.427691578865051270e-01,-7.016240153461694717e-03,-5.806366913020610809e-03,-8.648493289947509766e-01,5.019489526748657227e-01,0.000000000000000000e+00,0.000000000000000000e+00,2.898648194968700409e-02,-1.232251644134521484e+00,-3.701832378283143044e-03,-8.247612975537776947e-03,2.562193758785724640e-02,1.221481084823608398e+00,-3.670098492875695229e-03,5.681961309164762497e-03,4.010294564068317413e-03,-6.932518631219863892e-02,-4.350632056593894958e-02,-1.316406065598130226e-03,-1.244493851971489552e-18,8.492022752761840820e-02,4.045741260051727295e-02,-7.807990163564682007e-02,2.317280136048793793e-02,-6.975403055548667908e-03,-1.515897808009578941e-18,9.332223981618881226e-02,-2.689424902200698853e-02
-3.521831333637237549e-01,-2.547594308853149414e+00,6.427691578865051270e-01,-7.016239687800407410e-03,-5.806366913020610809e-03,-8.648493289947509766e-01,5.019489526748657227e-01,0.000000000000000000e+00,0.000000000000000000e+00,2.898648194968700409e-02,-1.232251644134521484e+00,-3.701832378283143044e-03,-8.247612975537776947e-03,2.562193758785724640e-02,1.221481084823608398e+00,-3.670098492875695229e-03,5.681961309164762497e-03,4.010294564068317413e-03,-6.932518631219863892e-02,-4.350632056593894958e-02,-1.316406065598130226e-03,-3.074821105388373910e-19,8.492022752761840820e-02,4.045741260051727295e-02,-7.807990163564682007e-02,2.317280136048793793e-02,-6.975403055548667908e-03,-1.318909708213750719e-18,9.332223981618881226e-02,-2.689424902200698853e-02
-3.521831333637237549e-01,-2.547594308853149414e+00,6.427691578865051270e-01,-7.016239687800407410e-03,-5.806366913020610809e-03,-8.648493289947509766e-01,5.019489526748657227e-01,0.000000000000000000e+00,0.000000000000000000e+00,2.898648194968700409e-02,-1.232251644134521484e+00,-3.701832378283143044e-03,-8.247612975537776947e-03,2.562193758785724640e-02,1.221481084823608398e+00,-3.670098492875695229e-03,5.681961309164762497e-03,4.010294564068317413e-03,-6.932518631219863892e-02,-4.350632056593894958e-02,-1.316406065598130226e-03,2.551481509414090051e-19,8.492022752761840820e-02,4.045741260051727295e-02,-7.807990163564682007e-02,2.317279949784278870e-02,-6.975403055548667908e-03,9.709644553494451574e-19,9.332223981618881226e-02,-2.689424902200698853e-02
-3.521831333637237549e-01,-2.547594308853149414e+00,6.427691578865051270e-01,-7.016239687800407410e-03,-5.806366913020610809e-03,-8.648493289947509766e-01,5.019489526748657227e-01,0.000000000000000000e+00,0.000000000000000000e+00,2.898648194968700409e-02,-1.232251644134521484e+00,-3.701832378283143044e-03,-8.247612975537776947e-03,2.562193758785724640e-02,1.221481084823608398e+00,-3.670098492875695229e-03,5.681961309164762497e-03,4.010294564068317413e-03,-6.932518631219863892e-02,-4.350632056593894958e-02,-1.316406065598130226e-03,1.758481964325708294e-18,8.492022752761840820e-02,4.045741260051727295e-02,-7.807990163564682007e-02,2.317279949784278870e-02,-6.975403055548667908e-03,1.868554681642986548e-18,9.332223981618881226e-02,-2.689424902200698853e-02
-3.521831333637237549e-01,-2.547594308853149414e+00,6.427691578865051270e-01,-7.016239687800407410e-03,-5.806366913020610809e-03,-8.648493289947509766e-01,5.019489526748657227e-01,0.000000000000000000e+00,0.000000000000000000e+00,2.898648194968700409e-02,-1.232251644134521484e+00,-3.701832378283143044e-03,-8.247612975537776947e-03,2.562193758785724640e-02,1.221481084823608398e+00,-3.670098492875695229e-03,5.681961309164762497e-03,4.010294564068317413e-03,-6.932518631219863892e-02,-4.350632056593894958e-02,-1.316406065598130226e-03,-1.651200981575796508e-18,8.492022752761840820e-02,4.045741260051727295e-02,-7.807990163564682007e-02,2.317279949784278870e-02,-6.975403055548667908e-03,-4.262878595514478335e-18,9.332223981618881226e-02,-2.689424902200698853e-02
-3.521831333637237549e-01,-2.547594308853149414e+00,6.427691578865051270e-01,-7.016241550445556641e-03,-5.806365516036748886e-03,-8.648493289947509766e-01,5.019489526748657227e-01,0.000000000000000000e+00,0.000000000000000000e+00,2.898648753762245178e-02,-1.232251644134521484e+00,-3.701833775267004967e-03,-8.247614838182926178e-03,2.562193945050239563e-02,1.221481084823608398e+00,-3.670097794383764267e-03,5.681961309164762497e-03,4.010295495390892029e-03,-6.932518631219863892e-02,-4.350631684064865112e-02,-1.316406414844095707e-03,-3.216649183023986327e-18,8.492022752761840820e-02,4.045741260051727295e-02,-7.807990163564682007e-02,2.317280322313308716e-02,-6.975403521209955215e-03,-2.564709885167614639e-18,9.332223981618881226e-02,-2.689424715936183929e-02
-3.521831333637237549e-01,-2.547594308853149414e+00,6.427691578865051270e-01,-7.016242016106843948e-03,-5.806365516036748886e-03,-8.648493289947509766e-01,5.019489526748657227e-01,0.000000000000000000e+00,0.000000000000000000e+00,2.898648753762245178e-02,-1.232251644134521484e+00,-3.701833542436361313e-03,-8.247614838182926178e-03,2.562193945050239563e-02,1.221481084823608398e+00,-3.670097794383764267e-03,5.681960843503475189e-03,4.010295495390892029e-03,-6.932518631219863892e-02,-4.350631684064865112e-02,-1.316406414844095707e-03,2.230999790259887270e-18,8.492022752761840820e-02,4.045741260051727295e-02,-7.807990163564682007e-02,2.317280322313308716e-02,-6.975403521209955215e-03,-3.109854996064561998e-18,9.332223981618881226e-02,-2.689424715936183929e-02
-3.521831333637237549e-01,-2.547594308853149414e+00,6.427691578865051270e-01,-7.016241550445556641e-03,-5.806365516036748886e-03,-8.648493289947509766e-01,5.019489526748657227e-01,0.000000000000000000e+00,0.000000000000000000e+00,2.898648753762245178e-02,-1.232251644134521484e+00,-3.701833775267004967e-03,-8.247614838182926178e-03,2.562193945050239563e-02,1.221481084823608398e+00,-3.670097794383764267e-03,5.681961309164762497e-03,4.010295495390892029e-03,-6.932518631219863892e-02,-4.350631684064865112e-02,-1.316406414844095707e-03,3.197520631358697562e-18,8.492022752761840820e-02,4.045741260051727295e-02,-7.807990163564682007e-02,2.317280322313308716e-02,-6.975403521209955215e-03,1.847511206859637524e-18,9.332223981618881226e-02,-2.689424715936183929e-02
-3.521831333637237549e-01,-2.547594308853149414e+00,6.427691578865051270e-01,-7.016241550445556641e-03,-5.806365516036748886e-03,-8.648493289947509766e-01,5.019489526748657227e-01,0.000000000000000000e+00,0.000000000000000000e+00,2.898648753762245178e-02,-1.232251644134521484e+00,-3.701833775267004967e-03,-8.247614838182926178e-03,2.562193945050239563e-02,1.221481084823608398e+00,-3.670097794383764267e-03,5.681961309164762497e-03,4.010295495390892029e-03,-6.932518631219863892e-02,-4.350631684064865112e-02,-1.316406414844095707e-03,1.473132983930893687e-18,8.492022752761840820e-02,4.045741260051727295e-02,-7.807990163564682007e-02,2.317280322313308716e-02,-6.975403521209955215e-03,-3.691740161048664634e-19,9.332223981618881226e-02,-2.689424715936183929e-02
-3.521831333637237549e-01,-2.547594308853149414e+00,6.427691578865051270e-01,-7.016241550445556641e-03,-5.806365516036748886e-03,-8.648493289947509766e-01,5.019489526748657227e-01,0.000000000000000000e+00,0.000000000000000000e+00,2.898648753762245178e-02,-1.232251644134521484e+00,-3.701833775267004967e-03,-8.247614838182926178e-03,2.562193945050239563e-02,1.221481084823608398e+00,-3.670097794383764267e-03,5.681960843503475189e-03,4.010295495390892029e-03,-6.932518631219863892e-02,-4.350631684064865112e-02,-1.316406414844095707e-03,-3.547854575036903129e-18,8.492022752761840820e-02,4.045741260051727295e-02,-7.807990163564682007e-02,2.317280322313308716e-02,-6.975403521209955215e-03,1.269543569256586027e-18,9.332223981618881226e-02,-2.689424715936183929e-02
-3.521831333637237549e-01,-2.547594308853149414e+00,6.427691578865051270e-01,-7.016242016106843948e-03,-5.806365516036748886e-03,-8.648493289947509766e-01,5.019489526748657227e-01,0.000000000000000000e+00,0.000000000000000000e+00,2.898648753762245178e-02,-1.232251644134521484e+00,-3.701833542436361313e-03,-8.247614838182926178e-03,2.562193945050239563e-02,1.221481084823608398e+00,-3.670097794383764267e-03,5.681960843503475189e-03,4.010295495390892029e-03,-6.932518631219863892e-02,-4.350631684064865112e-02,-1.316406414844095707e-03,3.834264621362470132e-18,8.492022752761840820e-02,4.045741260051727295e-02,-7.807990163564682007e-02,2.317280322313308716e-02,-6.975403521209955215e-03,2.824775469754286540e-18,9.332223981618881226e-02,-2.689424715936183929e-02
-3.521831333637237549e-01,-2.547594308853149414e+00,6.427691578865051270e-01,-7.016241550445556641e-03,-5.806365516036748886e-03,-8.648493289947509766e-01,5.019489526748657227e-01,0.000000000000000000e+00,0.000000000000000000e+00,2.898648753762245178e-02,-1.232251644134521484e+00,-3.701833775267004967e-03,-8.247614838182926178e-03,2.562193945050239563e-02,1.221481084823608398e+00,-3.670097794383764267e-03,5.681961309164762497e-03,4.010295495390892029e-03,-6.932518631219863892e-02,-4.350631684064865112e-02,-1.316406414844095707e-03,4.586700469982170242e-19,8.492022752761840820e-02,4.045741260051727295e-02,-7.807990163564682007e-02,2.317280322313308716e-02,-6.975403521209955215e-03,1.037244783472094159e-18,9.332223981618881226e-02,-2.689424715936183929e-02
-3.521831333637237549e-01,-2.547594308853149414e+00,6.427691578865051270e-01,-7.016238756477832794e-03,-5.806366447359323502e-03,-8.648493289947509766e-01,5.019489526748657227e-01,0.000000000000000000e+00,0.000000000000000000e+00,2.898648008704185486e-02,-1.232251644134521484e+00,-3.701832611113786697e-03,-8.247613906860351562e-03,2.562193758785724640e-02,1.221481084823608398e+00,-3.670098492875695229e-03,5.681961774826049805e-03,4.010294564068317413e-03,-6.932519376277923584e-02,-4.350632056593894958e-02,-1.316405949182808399e-03,7.827833475354690205e-19,8.492022752761840820e-02,4.045741260051727295e-02,-7.807990908622741699e-02,2.317279949784278870e-02,-6.975403055548667908e-03,-1.993174404007775485e-19,9.332223981618881226e-02,-2.689424902200698853e-02
-3.521831333637237549e-01,-2.547594308853149414e+00,6.427691578865051270e-01,-7.016238756477832794e-03,-5.806366447359323502e-03,-8.648493289947509766e-01,5.019489526748657227e-01,0.000000000000000000e+00,0.000000000000000000e+00,2.898648008704185486e-02,-1.232251644134521484e+00,-3.701832611113786697e-03,-8.247612975537776947e-03,2.562193572521209717e-02,1.221481084823608398e+00,-3.670098492875695229e-03,5.681961774826049805e-03,4.010294564068317413e-03,-6.932519376277923584e-02,-4.350632056593894958e-02,-1.316405949182808399e-03,7.022283635819924204e-18,8.492022752761840820e-02,4.045741260051727295e-02,-7.807990908622741699e-02,2.317279949784278870e-02,-6.975403055548667908e-03,-4.355549293900019131e-18,9.332223981618881226e-02,-2.689424902200698853e-02
-3.521831333637237549e-01,-2.547594308853149414e+00,6.427691578865051270e-01,-7.016238756477832794e-03,-5.806366447359323502e-03,-8.648493289947509766e-01,5.019489526748657227e-01,0.000000000000000000e+00,0.000000000000000000e+00,2.898648008704185486e-02,-1.232251644134521484e+00,-3.701832611113786697e-03,-8.247612975537776947e-03,2.562193758785724640e-02,1.221481084823608398e+00,-3.670098492875695229e-03,5.681961774826049805e-03,4.010294564068317413e-03,-6.932519376277923584e-02,-4.350632056593894958e-02,-1.316405949182808399e-03,-1.525330251932097685e-18,8.492022752761840820e-02,4.045741260051727295e-02,-7.807990908622741699e-02,2.317279949784278870e-02,-6.975403055548667908e-03,-5.658444785454743234e-19,9.332223981618881226e-02,-2.689424902200698853e-02
-3.521831333637237549e-01,-2.547594308853149414e+00,6.427691578865051270e-01,-7.016240153461694717e-03,-5.806366913020610809e-03,-8.648493289947509766e-01,5.019489526748657227e-01,0.000000000000000000e+00,0.000000000000000000e+00,2.898648194968700409e-02,-1.232251644134521484e+00,-3.701832378283143044e-03,-8.247612975537776947e-03,2.562193758785724640e-02,1.221481084823608398e+00,-3.670098492875695229e-03,5.681961309164762497e-03,4.010294564068317413e-03,-6.932518631219863892e-02,-4.350632056593894958e-02,-1.316406065598130226e-03,3.241944986541317328e-18,8.492022752761840820e-02,4.045741260051727295e-02,-7.807990163564682007e-02,2.317280136048793793e-02,-6.975403055548667908e-03,-1.612194866200552211e-18,9.332223981618881226e-02,-2.689424902200698853e-02
-3.521831333637237549e-01,-2.547594308853149414e+00,6.427691578865051270e-01,-7.016238756477832794e-03,-5.806366447359323502e-03,-8.648493289947509766e-01,5.019489526748657227e-01,0.000000000000000000e+00,0.000000000000000000e+00,2.898648008704185486e-02,-1.232251644134521484e+00,-3.701832611113786697e-03,-8.247612975537776947e-03,2.562193572521209717e-02,1.221481084823608398e+00,-3.670098492875695229e-03,5.681961774826049805e-03,4.010294564068317413e-03,-6.932519376277923584e-02,-4.350632056593894958e-02,-1.316405949182808399e-03,2.787799462397400512e-18,8.492022752761840820e-02,4.045741260051727295e-02,-7.807990908622741699e-02,2.317279949784278870e-02,-6.975403055548667908e-03,-2.381009614731838253e-18,9.332223981618881226e-02,-2.689424902200698853e-02
-3.521831333637237549e-01,-2.547594308853149414e+00,6.427691578865051270e-01,-7.016240153461694717e-03,-5.806366913020610809e-03,-8.648493289947509766e-01,5.019489526748657227e-01,0.000000000000000000e+00,0.000000000000000000e+00,2.898648194968700409e-02,-1.232251644134521484e+00,-3.701832378283143044e-03,-8.247612975537776947e-03,2.562193758785724640e-02,1.221481084823608398e+00,-3.670098492875695229e-03,5.681961309164762497e-03,4.010294564068317413e-03,-6.932518631219863892e-02,-4.350632056593894958e-02,-1.316406065598130226e-03,-7.665730890712673371e-18,8.492022752761840820e-02,4.045741260051727295e-02,-7.807990163564682007e-02,2.317280136048793793e-02,-6.975403055548667908e-03,-4.470401667591781918e-18,9.332223981618881226e-02,-2.689424902200698853e-02
-3.521831333637237549e-01,-2.547594308853149414e+00,6.427691578865051270e-01,-7.016238756477832794e-03,-5.806366447359323502e-03,-8.648493289947509766e-01,5.019489526748657227e-01,0.000000000000000000e+00,0.000000000000000000e+00,2.898648008704185486e-02,-1.232251644134521484e+00,-3.701832611113786697e-03,-8.247612975537776947e-03,2.562193572521209717e-02,1.221481084823608398e+00,-3.670098492875695229e-03,5.681961774826049805e-03,4.010294564068317413e-03,-6.932519376277923584e-02,-4.350632056593894958e-02,-1.316405949182808399e-03,5.944133943876470273e-18,8.492022752761840820e-02,4.045741260051727295e-02,-7.807990908622741699e-02,2.317279949784278870e-02,-6.975403055548667908e-03,1.439188386723861367e-18,9.332223981618881226e-02,-2.689424902200698853e-02
-3.521831333637237549e-01,-2.547594308853149414e+00,6.427691578865051270e-01,-7.016239687800407410e-03,-5.806366913020610809e-03,-8.648493289947509766e-01,5.019489526748657227e-01,0.000000000000000000e+00,0.000000000000000000e+00,2.898648194968700409e-02,-1.232251644134521484e+00,-3.701832378283143044e-03,-8.247612975537776947e-03,2.562193758785724640e-02,1.221481084823608398e+00,-3.670098492875695229e-03,5.681961309164762497e-03,4.010294564068317413e-03,-6.932518631219863892e-02,-4.350632056593894958e-02,-1.316406065598130226e-03,-1.994932989990063222e-18,8.492022752761840820e-02,4.045741260051727295e-02,-7.807990163564682007e-02,2.317280136048793793e-02,-6.975403055548667908e-03,2.429158143827324888e-18,9.332223981618881226e-02,-2.689424902200698853e-02
-3.521831333637237549e-01,-2.547594308853149414e+00,6.427691578865051270e-01,-7.016239687800407410e-03,-5.806366913020610809e-03,-8.648493289947509766e-01,5.019489526748657227e-01,0.000000000000000000e+00,0.000000000000000000e+00,2.898648194968700409e-02,-1.232251644134521484e+00,-3.701832378283143044e-03,-8.247612975537776947e-03,2.562193758785724640e-02,1.221481084823608398e+00,-3.670098492875695229e-03,5.681961309164762497e-03,4.010294564068317413e-03,-6.932518631219863892e-02,-4.350632056593894958e-02,-1.316406065598130226e-03,-1.329504651089636174e-18,8.492022752761840820e-02,4.045741260051727295e-02,-7.807990163564682007e-02,2.317279949784278870e-02,-6.975403055548667908e-03,6.408333641570816003e-19,9.332223981618881226e-02,-2.689424902200698853e-02
-3.521831333637237549e-01,-2.547594308853149414e+00,6.427691578865051270e-01,-7.016239687800407410e-03,-5.806366913020610809e-03,-8.648493289947509766e-01,5.019489526748657227e-01,0.000000000000000000e+00,0.000000000000000000e+00,2.898648194968700409e-02,-1.232251644134521484e+00,-3.701832378283143044e-03,-8.247612975537776947e-03,2.562193758785724640e-02,1.221481084823608398e+00,-3.670098492875695229e-03,5.681961309164762497e-03,4.010294564068317413e-03,-6.932518631219863892e-02,-4.350632056593894958e-02,-1.316406065598130226e-03,-1.969958132550402796e-18,8.492022752761840820e-02,4.045741260051727295e-02,-7.807990163564682007e-02,2.317279949784278870e-02,-6.975403055548667908e-03,-8.271276729938242811e-19,9.332223981618881226e-02,-2.689424902200698853e-02
-3.521831333637237549e-01,-2.547594308853149414e+00,6.427691578865051270e-01,-7.016239687800407410e-03,-5.806366913020610809e-03,-8.648493289947509766e-01,5.019489526748657227e-01,0.000000000000000000e+00,0.000000000000000000e+00,2.898648194968700409e-02,-1.232251644134521484e+00,-3.701832378283143044e-03,-8.247612975537776947e-03,2.562193758785724640e-02,1.221481084823608398e+00,-3.670098492875695229e-03,5.681961309164762497e-03,4.010294564068317413e-03,-6.932518631219863892e-02,-4.350632056593894958e-02,-1.316406065598130226e-03,1.821047837907687924e-18,8.492022752761840820e-02,4.045741260051727295e-02,-7.807990163564682007e-02,2.317280136048793793e-02,-6.975403055548667908e-03,5.195488340221064705e-19,9.332223981618881226e-02,-2.689424902200698853e-02
-3.521831333637237549e-01,-2.547594308853149414e+00,6.427691578865051270e-01,-7.016239687800407410e-03,-5.806366913020610809e-03,-8.648493289947509766e-01,5.019489526748657227e-01,0.000000000000000000e+00,0.000000000000000000e+00,2.898648194968700409e-02,-1.232251644134521484e+00,-3.701832378283143044e-03,-8.247612975537776947e-03,2.562193758785724640e-02,1.221481084823608398e+00,-3.670098492875695229e-03,5.681961309164762497e-03,4.010294564068317413e-03,-6.932518631219863892e-02,-4.350632056593894958e-02,-1.316406065598130226e-03,2.977521917885292647e-19,8.492022752761840820e-02,4.045741260051727295e-02,-7.807990163564682007e-02,2.317279949784278870e-02,-6.975403055548667908e-03,-1.745152569139875667e-18,9.332223981618881226e-02,-2.689424902200698853e-02
-3.521831333637237549e-01,-2.547594308853149414e+00,6.427691578865051270e-01,-7.016240153461694717e-03,-5.806366913020610809e-03,-8.648493289947509766e-01,5.019489526748657227e-01,0.000000000000000000e+00,0.000000000000000000e+00,2.898648194968700409e-02,-1.232251644134521484e+00,-3.701832378283143044e-03,-8.247612975537776947e-03,2.562193758785724640e-02,1.221481084823608398e+00,-3.670098492875695229e-03,5.681961309164762497e-03,4.010294564068317413e-03,-6.932518631219863892e-02,-4.350632056593894958e-02,-1.316406065598130226e-03,-4.118173687105983056e-18,8.492022752761840820e-02,4.045741260051727295e-02,-7.807990163564682007e-02,2.317280136048793793e-02,-6.975403055548667908e-03,-1.126739108305431329e-18,9.332223981618881226e-02,-2.689424902200698853e-02
-3.521831333637237549e-01,-2.547594308853149414e+00,6.427691578865051270e-01,-7.016239687800407410e-03,-5.806367378681898117e-03,-8.648493289947509766e-01,5.019489526748657227e-01,0.000000000000000000e+00,0.000000000000000000e+00,2.898648194968700409e-02,-1.232251644134521484e+00,-3.701832378283143044e-03,-8.247612975537776947e-03,2.562193945050239563e-02,1.221481084823608398e+00,-3.670098492875695229e-03,5.681961309164762497e-03,4.010294564068317413e-03,-6.932518631219863892e-02,-4.350632056593894958e-02,-1.316405949182808399e-03,1.216943774489798412e-18,8.492022752761840820e-02,4.045741260051727295e-02,-7.807990163564682007e-02,2.317279949784278870e-02,-6.975403055548667908e-03,4.065678737481836537e-18,9.332223981618881226e-02,-2.689424902200698853e-02
-3.521831333637237549e-01,-2.547594308853149414e+00,6.427691578865051270e-01,-7.016242481768131256e-03,-5.806365981698036194e-03,-8.648493289947509766e-01,5.019489526748657227e-01,0.000000000000000000e+00,0.000000000000000000e+00,2.898648940026760101e-02,-1.232251644134521484e+00,-3.701833542436361313e-03,-8.247613906860351562e-03,2.562194131314754486e-02,1.221481084823608398e+00,-3.670097794383764267e-03,5.681960377842187881e-03,4.010295495390892029e-03,-6.932518631219863892e-02,-4.350631684064865112e-02,-1.316406414844095707e-03,1.558050828627704662e-18,8.492022752761840820e-02,4.045741260051727295e-02,-7.807990163564682007e-02,2.317280322313308716e-02,-6.975403521209955215e-03,2.895264492833605346e-19,9.332223981618881226e-02,-2.689424715936183929e-02
-3.521831333637237549e-01,-2.547594308853149414e+00,6.427691578865051270e-01,-7.016241550445556641e-03,-5.806365516036748886e-03,-8.648493289947509766e-01,5.019489526748657227e-01,0.000000000000000000e+00,0.000000000000000000e+00,2.898648753762245178e-02,-1.232251644134521484e+00,-3.701833775267004967e-03,-8.247614838182926178e-03,2.562193945050239563e-02,1.221481084823608398e+00,-3.670097794383764267e-03,5.681961309164762497e-03,4.010295495390892029e-03,-6.932518631219863892e-02,-4.350631684064865112e-02,-1.316406414844095707e-03,-1.348500440266610178e-18,8.492022752761840820e-02,4.045741260051727295e-02,-7.807990163564682007e-02,2.317280322313308716e-02,-6.975403521209955215e-03,-1.369864033947017223e-18,9.332223981618881226e-02,-2.689424715936183929e-02
-3.521831333637237549e-01,-2.547594308853149414e+00,6.427691578865051270e-01,-7.016241550445556641e-03,-5.806365516036748886e-03,-8.648493289947509766e-01,5.019489526748657227e-01,0.000000000000000000e+00,0.000000000000000000e+00,2.898648753762245178e-02,-1.232251644134521484e+00,-3.701833775267004967e-03,-8.247614838182926178e-03,2.562193945050239563e-02,1.221481084823608398e+00,-3.670097794383764267e-03,5.681961309164762497e-03,4.010295495390892029e-03,-6.932518631219863892e-02,-4.350631684064865112e-02,-1.316406414844095707e-03,-2.359878458803558608e-18,8.492022752761840820e-02,4.045741260051727295e-02,-7.807990163564682007e-02,2.317280322313308716e-02,-6.975403521209955215e-03,-6.254808919880974066e-19,9.332223981618881226e-02,-2.689424715936183929e-02
-3.521831333637237549e-01,-2.547594308853149414e+00,6.427691578865051270e-01,-7.016241550445556641e-03,-5.806365516036748886e-03,-8.648493289947509766e-01,5.019489526748657227e-01,0.000000000000000000e+00,0.000000000000000000e+00,2.898648753762245178e-02,-1.232251644134521484e+00,-3.701833775267004967e-03,-8.247614838182926178e-03,2.562193945050239563e-02,1.221481084823608398e+00,-3.670097794383764267e-03,5.681961309164762497e-03,4.010295495390892029e-03,-6.932518631219863892e-02,-4.350631684064865112e-02,-1.316406414844095707e-03,1.935599945037093962e-18,8.492022752761840820e-02,4.045741260051727295e-02,-7.807990163564682007e-02,2.317280322313308716e-02,-6.975403521209955215e-03,5.394276385029808316e-19,9.332223981618881226e-02,-2.689424715936183929e-02
-3.521831333637237549e-01,-2.547594308853149414e+00,6.427691578865051270e-01,-7.016241550445556641e-03,-5.806365516036748886e-03,-8.648493289947509766e-01,5.019489526748657227e-01,0.000000000000000000e+00,0.000000000000000000e+00,2.898648753762245178e-02,-1.232251644134521484e+00,-3.701833775267004967e-03,-8.247614838182926178e-03,2.562193945050239563e-02,1.221481084823608398e+00,-3.670097794383764267e-03,5.681960843503475189e-03,4.010295495390892029e-03,-6.932518631219863892e-02,-4.350631684064865112e-02,-1.316406414844095707e-03,1.203441188363212495e-18,8.492022752761840820e-02,4.045741260051727295e-02,-7.807990163564682007e-02,2.317280322313308716e-02,-6.975403521209955215e-03,-2.351469340696344529e-18,9.332223981618881226e-02,-2.689424715936183929e-02
-3.521831333637237549e-01,-2.547594308853149414e+00,6.427691578865051270e-01,-7.016242016106843948e-03,-5.806365516036748886e-03,-8.648493289947509766e-01,5.019489526748657227e-01,0.000000000000000000e+00,0.000000000000000000e+00,2.898648753762245178e-02,-1.232251644134521484e+00,-3.701833775267004967e-03,-8.247614838182926178e-03,2.562193945050239563e-02,1.221481084823608398e+00,-3.670097794383764267e-03,5.681960843503475189e-03,4.010295495390892029e-03,-6.932518631219863892e-02,-4.350631684064865112e-02,-1.316406414844095707e-03,-6.498771882880652747e-19,8.492022752761840820e-02,4.045741260051727295e-02,-7.807990163564682007e-02,2.317280322313308716e-02,-6.975403521209955215e-03,-5.062689455959351430e-18,9.332223981618881226e-02,-2.689424715936183929e-02
