-2.868156880140304565e-03,-6.636043637990951538e-02,6.993792653083801270e-01,4.193611443042755127e-03,-3.403028007596731186e-03,6.588299870491027832e-01,7.522724866867065430e-01,0.000000000000000000e+00,0.000000000000000000e+00,1.202428154647350311e-02,-1.238005995750427246e+00,-1.009780331514775753e-03,-1.545429346151649952e-03,1.011428795754909515e-02,1.231210470199584961e+00,-1.057298621162772179e-03,5.669139791280031204e-04,1.361525966785848141e-03,-5.249825865030288696e-02,-7.769358158111572266e-02,2.655469579622149467e-03,5.105468854960429868e-16,5.739299580454826355e-02,6.994158774614334106e-02,-6.095772981643676758e-02,6.059389188885688782e-02,-5.973134655505418777e-03,2.647719113998536072e-18,6.501900404691696167e-02,-5.766384303569793701e-02
-2.869956428185105324e-03,-6.636980921030044556e-02,6.993781924247741699e-01,4.181978292763233185e-03,-3.381598973646759987e-03,6.588309407234191895e-01,7.522717714309692383e-01,0.000000000000000000e+00,0.000000000000000000e+00,1.225382089614868164e-02,-1.238114595413208008e+00,-1.154366647824645042e-03,-1.947310869581997395e-03,1.016173604875802994e-02,1.231290102005004883e+00,-1.127126743085682392e-03,6.655023898929357529e-04,1.277255709283053875e-03,-5.265687406063079834e-02,-7.779503613710403442e-02,2.768835984170436859e-03,4.905617783802882111e-18,5.778776481747627258e-02,7.033261656761169434e-02,-6.114608049392700195e-02,6.065364181995391846e-02,-5.911493208259344101e-03,-2.447395821972894042e-18,6.548044085502624512e-02,-5.796058475971221924e-02
-2.869994379580020905e-03,-6.636998802423477173e-02,6.993781924247741699e-01,4.181879572570323944e-03,-3.381326561793684959e-03,6.588309407234191895e-01,7.522717714309692383e-01,0.000000000000000000e+00,0.000000000000000000e+00,1.226790249347686768e-02,-1.238115191459655762e+00,-1.163612236268818378e-03,-1.970543526113033295e-03,1.016514562070369720e-02,1.231290221214294434e+00,-1.129822223447263241e-03,6.713906768709421158e-04,1.268754247575998306e-03,-5.265836790204048157e-02,-7.779615372419357300e-02,2.778124762699007988e-03,5.126269866562627349e-18,5.779300257563591003e-02,7.033823430538177490e-02,-6.115017086267471313e-02,6.065480038523674011e-02,-5.903008393943309784e-03,1.676384081734667159e-18,6.549021601676940918e-02,-5.796442180871963501e-02
-2.869994612410664558e-03,-6.636999547481536865e-02,6.993781924247741699e-01,4.181888420134782791e-03,-3.381328424438834190e-03,6.588309407234191895e-01,7.522717714309692383e-01,0.000000000000000000e+00,0.000000000000000000e+00,1.226876024156808853e-02,-1.238115191459655762e+00,-1.164159504696726799e-03,-1.971908379346132278e-03,1.016537193208932877e-02,1.231290221214294434e+00,-1.129970652982592583e-03,6.717317737638950348e-04,1.267906045541167259e-03,-5.265827104449272156e-02,-7.779613882303237915e-02,2.779007423669099808e-03,7.869465475584484088e-20,5.779291689395904541e-02,7.033831626176834106e-02,-6.115032732486724854e-02,6.065485253930091858e-02,-5.902137607336044312e-03,7.252190215272912716e-18,6.549055874347686768e-02,-5.796446278691291809e-02
-2.869994612410664558e-03,-6.636999547481536865e-02,6.993781924247741699e-01,4.181889351457357407e-03,-3.381328890100121498e-03,6.588309407234191895e-01,7.522717714309692383e-01,0.000000000000000000e+00,0.000000000000000000e+00,1.226881146430969238e-02,-1.238115191459655762e+00,-1.164191402494907379e-03,-1.971989404410123825e-03,1.016538590192794800e-02,1.231290221214294434e+00,-1.129979966208338737e-03,6.717519136145710945e-04,1.267821760848164558e-03,-5.265825614333152771e-02,-7.779613882303237915e-02,2.779093803837895393e-03,5.329160727209633977e-19,5.779289454221725464e-02,7.033832371234893799e-02,-6.115033850073814392e-02,6.065485998988151550e-02,-5.902050994336605072e-03,5.516407948112037746e-18,6.549058109521865845e-02,-5.796446278691291809e-02
-2.869994612410664558e-03,-6.636999547481536865e-02,6.993781924247741699e-01,4.181889351457357407e-03,-3.381328657269477844e-03,6.588309407234191895e-01,7.522717714309692383e-01,0.000000000000000000e+00,0.000000000000000000e+00,1.226881425827741623e-02,-1.238115191459655762e+00,-1.164193265140056610e-03,-1.971994293853640556e-03,1.016538590192794800e-02,1.231290221214294434e+00,-1.129980548284947872e-03,6.717531359754502773e-04,1.267813378944993019e-03,-5.265825614333152771e-02,-7.779613882303237915e-02,2.779102418571710587e-03,2.950453983303143353e-18,5.779289454221725464e-02,7.033832371234893799e-02,-6.115033850073814392e-02,6.065485998988151550e-02,-5.902042146772146225e-03,6.470272925838786715e-19,6.549058854579925537e-02,-5.796446278691291809e-02
-2.869994612410664558e-03,-6.636999547481536865e-02,6.993781924247741699e-01,4.181889351457357407e-03,-3.381328657269477844e-03,6.588309407234191895e-01,7.522717714309692383e-01,0.000000000000000000e+00,0.000000000000000000e+00,1.226881425827741623e-02,-1.238115191459655762e+00,-1.164193381555378437e-03,-1.971994759514927864e-03,1.016538590192794800e-02,1.231290221214294434e+00,-1.129980548284947872e-03,6.717532523907721043e-04,1.267812564037740231e-03,-5.265825614333152771e-02,-7.779613882303237915e-02,2.779103349894285202e-03,-1.901562496806302564e-18,5.779289454221725464e-02,7.033832371234893799e-02,-6.115034222602844238e-02,6.065485998988151550e-02,-5.902041681110858917e-03,5.146678066635535648e-18,6.549058854579925537e-02,-5.796446278691291809e-02
-2.869994612410664558e-03,-6.636999547481536865e-02,6.993781924247741699e-01,4.181889351457357407e-03,-3.381328657269477844e-03,6.588309407234191895e-01,7.522717714309692383e-01,0.000000000000000000e+00,0.000000000000000000e+00,1.226881425827741623e-02,-1.238115191459655762e+00,-1.164193381555378437e-03,-1.971994759514927864e-03,1.016538590192794800e-02,1.231290221214294434e+00,-1.129980664700269699e-03,6.717533105984330177e-04,1.267812564037740231e-03,-5.265825614333152771e-02,-7.779613882303237915e-02,2.779103349894285202e-03,-3.335695155626239826e-18,5.779289454221725464e-02,7.033832371234893799e-02,-6.115034222602844238e-02,6.065485998988151550e-02,-5.902041215449571609e-03,1.537894194858589053e-18,6.549058854579925537e-02,-5.796446278691291809e-02
-2.869994612410664558e-03,-6.636999547481536865e-02,6.993781924247741699e-01,4.181889351457357407e-03,-3.381328657269477844e-03,6.588309407234191895e-01,7.522717714309692383e-01,0.000000000000000000e+00,0.000000000000000000e+00,1.226881425827741623e-02,-1.238115191459655762e+00,-1.164193497970700264e-03,-1.971994759514927864e-03,1.016538590192794800e-02,1.231290221214294434e+00,-1.129980664700269699e-03,6.717533105984330177e-04,1.267812564037740231e-03,-5.265825614333152771e-02,-7.779613882303237915e-02,2.779103349894285202e-03,-5.551533345643489513e-18,5.779289454221725464e-02,7.033832371234893799e-02,-6.115034222602844238e-02,6.065485998988151550e-02,-5.902041215449571609e-03,3.230054265235867555e-18,6.549058854579925537e-02,-5.796446278691291809e-02
-2.869994612410664558e-03,-6.636999547481536865e-02,6.993781924247741699e-01,4.181889351457357407e-03,-3.381328657269477844e-03,6.588309407234191895e-01,7.522717714309692383e-01,0.000000000000000000e+00,0.000000000000000000e+00,1.226881425827741623e-02,-1.238115191459655762e+00,-1.164193381555378437e-03,-1.971994759514927864e-03,1.016538590192794800e-02,1.231290221214294434e+00,-1.129980664700269699e-03,6.717533105984330177e-04,1.267812564037740231e-03,-5.265825614333152771e-02,-7.779613882303237915e-02,2.779103349894285202e-03,-3.583346413579715888e-18,5.779289454221725464e-02,7.033832371234893799e-02,-6.115034222602844238e-02,6.065485998988151550e-02,-5.902041215449571609e-03,7.961368550361575674e-18,6.549058854579925537e-02,-5.796446278691291809e-02
-2.869994612410664558e-03,-6.636999547481536865e-02,6.993781924247741699e-01,4.181889351457357407e-03,-3.381328657269477844e-03,6.588309407234191895e-01,7.522717714309692383e-01,0.000000000000000000e+00,0.000000000000000000e+00,1.226881425827741623e-02,-1.238115191459655762e+00,-1.164193381555378437e-03,-1.971994759514927864e-03,1.016538590192794800e-02,1.231290221214294434e+00,-1.129980664700269699e-03,6.717533105984330177e-04,1.267812564037740231e-03,-5.265825614333152771e-02,-7.779613882303237915e-02,2.779103349894285202e-03,2.329605302745342901e-19,5.779289454221725464e-02,7.033832371234893799e-02,-6.115034222602844238e-02,6.065485998988151550e-02,-5.902041215449571609e-03,-2.220602750345555126e-18,6.549058854579925537e-02,-5.796446278691291809e-02
-2.869994612410664558e-03,-6.636999547481536865e-02,6.993781924247741699e-01,4.181889351457357407e-03,-3.381328657269477844e-03,6.588309407234191895e-01,7.522717714309692383e-01,0.000000000000000000e+00,0.000000000000000000e+00,1.226881425827741623e-02,-1.238115191459655762e+00,-1.164193497970700264e-03,-1.971994759514927864e-03,1.016538590192794800e-02,1.231290221214294434e+00,-1.129980664700269699e-03,6.717533105984330177e-04,1.267812564037740231e-03,-5.265825614333152771e-02,-7.779613882303237915e-02,2.779103349894285202e-03,-2.268539521204228186e-18,5.779289454221725464e-02,7.033832371234893799e-02,-6.115034222602844238e-02,6.065485998988151550e-02,-5.902041215449571609e-03,2.129970224989344990e-18,6.549058854579925537e-02,-5.796446278691291809e-02
-2.869994612410664558e-03,-6.636999547481536865e-02,6.993781924247741699e-01,4.181889351457357407e-03,-3.381328657269477844e-03,6.588309407234191895e-01,7.522717714309692383e-01,0.000000000000000000e+00,0.000000000000000000e+00,1.226881425827741623e-02,-1.238115191459655762e+00,-1.164193381555378437e-03,-1.971994759514927864e-03,1.016538590192794800e-02,1.231290221214294434e+00,-1.129980664700269699e-03,6.717533105984330177e-04,1.267812564037740231e-03,-5.265825614333152771e-02,-7.779613882303237915e-02,2.779103349894285202e-03,-1.666193216588013858e-18,5.779289454221725464e-02,7.033832371234893799e-02,-6.115034222602844238e-02,6.065485998988151550e-02,-5.902041215449571609e-03,-1.184787334971952599e-19,6.549058854579925537e-02,-5.796446278691291809e-02
-2.869994612410664558e-03,-6.636999547481536865e-02,6.993781924247741699e-01,4.181889351457357407e-03,-3.381328657269477844e-03,6.588309407234191895e-01,7.522717714309692383e-01,0.000000000000000000e+00,0.000000000000000000e+00,1.226881425827741623e-02,-1.238115191459655762e+00,-1.164193381555378437e-03,-1.971994759514927864e-03,1.016538590192794800e-02,1.231290221214294434e+00,-1.129980664700269699e-03,6.717533105984330177e-04,1.267812564037740231e-03,-5.265825614333152771e-02,-7.779613882303237915e-02,2.779103349894285202e-03,-5.174709563233732650e-18,5.779289454221725464e-02,7.033832371234893799e-02,-6.115034222602844238e-02,6.065485998988151550e-02,-5.902041215449571609e-03,-3.761885076993161381e-19,6.549058854579925537e-02,-5.796446278691291809e-02
-2.996525727212429047e-03,-6.506367772817611694e-02,7.002150416374206543e-01,-2.160770585760474205e-03,-3.859947319142520428e-04,6.608230471611022949e-01,7.505385279655456543e-01,0.000000000000000000e+00,0.000000000000000000e+00,2.780323289334774017e-02,-1.200566411018371582e+00,-3.851848468184471130e-02,-1.110619753599166870e-01,1.380310114473104477e-02,1.166469812393188477e+00,-6.456611305475234985e-02,1.210777536034584045e-01,-4.050345160067081451e-03,-6.742136925458908081e-02,-6.661530584096908569e-02,5.878668744117021561e-03,1.415418524641537563e-18,6.334531307220458984e-02,6.572759151458740234e-02,-7.707116752862930298e-02,6.398285180330276489e-02,-4.106195643544197083e-03,4.567731047187221366e-18,6.346933543682098389e-02,-5.101299658417701721e-02
-3.125209128484129906e-03,-6.370566040277481079e-02,7.010636925697326660e-01,-8.613690733909606934e-03,2.826126990839838982e-03,6.626867055892944336e-01,7.488418221473693848e-01,0.000000000000000000e+00,0.000000000000000000e+00,4.423819109797477722e-02,-1.164207577705383301e+00,-7.820726186037063599e-02,-2.209837883710861206e-01,1.877780258655548096e-02,1.103623509407043457e+00,-1.330028772354125977e-01,2.425955384969711304e-01,-9.351056069135665894e-03,-8.296367526054382324e-02,-5.547297745943069458e-02,9.434808045625686646e-03,4.546628624666482210e-04,6.818341463804244995e-02,6.130503118038177490e-02,-9.354489296674728394e-02,6.731318682432174683e-02,-2.138426993042230606e-03,1.616500048839952797e-05,6.171266362071037292e-02,-4.417192563414573669e-02
-3.252183087170124054e-03,-6.232330575585365295e-02,7.019299864768981934e-01,-1.509055588394403458e-02,6.194420624524354935e-03,6.644180417060852051e-01,7.471830844879150391e-01,0.000000000000000000e+00,0.000000000000000000e+00,6.025914475321769714e-02,-1.129030466079711914e+00,-1.190300881862640381e-01,-3.295837640762329102e-01,2.341122739017009735e-02,1.042894124984741211e+00,-2.045731842517852783e-01,3.630934953689575195e-01,-1.418780256062746048e-02,-1.071231812238693237e-01,-4.432716593146324158e-02,1.314778253436088562e-02,1.657621562480926514e-02,6.638690829277038574e-02,5.686018615961074829e-02,-1.106366068124771118e-01,7.052700221538543701e-02,-5.126764299347996712e-04,6.130390684120357037e-04,5.872084200382232666e-02,-3.728830069303512573e-02
-3.411054844036698341e-03,-6.105365976691246033e-02,7.027429342269897461e-01,-2.125195786356925964e-02,9.217607788741588593e-03,6.660146117210388184e-01,7.455789446830749512e-01,0.000000000000000000e+00,0.000000000000000000e+00,7.636557519435882568e-02,-1.094961762428283691e+00,-1.605084836483001709e-01,-4.366030097007751465e-01,2.781656943261623383e-02,9.845113158226013184e-01,-2.780424952507019043e-01,4.824457168579101562e-01,-1.894007436931133270e-02,-1.349506676197052002e-01,-3.298800811171531677e-02,1.699587143957614899e-02,4.143347591161727905e-02,6.106611713767051697e-02,5.240492150187492371e-02,-1.343747675418853760e-01,7.379928976297378540e-02,8.364163804799318314e-04,1.541522424668073654e-02,5.035631358623504639e-02,-3.036184236407279968e-02
-3.582413308322429657e-03,-5.978474766016006470e-02,7.035295367240905762e-01,-2.738578245043754578e-02,1.224828325212001801e-02,6.674819588661193848e-01,7.440213561058044434e-01,0.000000000000000000e+00,0.000000000000000000e+00,9.201285988092422485e-02,-1.062016487121582031e+00,-2.023113816976547241e-01,-5.422873497009277344e-01,3.104903362691402435e-02,9.285142421722412109e-01,-3.523435890674591064e-01,6.010355949401855469e-01,-2.350549399852752686e-02,-1.634836941957473755e-01,-2.151478640735149384e-02,2.071394771337509155e-02,6.773751229047775269e-02,5.505979061126708984e-02,4.794929549098014832e-02,-1.600300520658493042e-01,7.711239159107208252e-02,2.018589293584227562e-03,3.387260437011718750e-02,4.042505845427513123e-02,-2.340486645698547363e-02
-3.760349238291382790e-03,-5.850438028573989868e-02,7.042895555496215820e-01,-3.351600840687751770e-02,1.532798074185848236e-02,6.688327193260192871e-01,7.424988746643066406e-01,0.000000000000000000e+00,0.000000000000000000e+00,1.071018204092979431e-01,-1.030184984207153320e+00,-2.440823018550872803e-01,-6.467633843421936035e-01,3.263045102357864380e-02,8.748815655708312988e-01,-4.263583719730377197e-01,7.191906571388244629e-01,-2.789763547480106354e-02,-1.922446042299270630e-01,-9.937769733369350433e-03,2.425555512309074402e-02,9.439930319786071777e-02,4.890022799372673035e-02,4.349587857723236084e-02,-1.859696805477142334e-01,8.044525980949401855e-02,3.109618555754423141e-03,5.273077636957168579e-02,3.030605800449848175e-02,-1.641879603266716003e-02
-3.940880764275789261e-03,-5.721255391836166382e-02,7.050224542617797852e-01,-3.963842242956161499e-02,1.845987886190414429e-02,6.700841188430786133e-01,7.409961223602294922e-01,0.000000000000000000e+00,0.000000000000000000e+00,1.215783432126045227e-01,-9.994336366653442383e-01,-2.854610681533813477e-01,-7.501367330551147461e-01,3.215584903955459595e-02,8.235249519348144531e-01,-4.989486634731292725e-01,8.372453451156616211e-01,-3.217152878642082214e-02,-2.211371213197708130e-01,1.730876974761486053e-03,2.762329392135143280e-02,1.212335005402565002e-01,4.267439618706703186e-02,3.904682770371437073e-02,-2.119296938180923462e-01,8.378696441650390625e-02,4.137300886213779449e-03,7.148644328117370605e-02,2.025056630373001099e-02,-9.403717704117298126e-03
-4.119388293474912643e-03,-5.590886995196342468e-02,7.057284116744995117e-01,-4.574912041425704956e-02,2.164904773235321045e-02,6.712576150894165039e-01,7.394940853118896484e-01,0.000000000000000000e+00,0.000000000000000000e+00,1.353943794965744019e-01,-9.697139263153076172e-01,-3.261008262634277344e-01,-8.525207042694091797e-01,2.926847338676452637e-02,7.742913961410522461e-01,-5.689935088157653809e-01,9.555355906486511230e-01,-3.638785332441329956e-02,-2.501443028450012207e-01,1.347987167537212372e-02,3.081778809428215027e-02,1.481988430023193359e-01,3.639775142073631287e-02,3.460388630628585815e-02,-2.378712296485900879e-01,8.712616562843322754e-02,5.109775345772504807e-03,9.005952626466751099e-02,1.029784698039293289e-02,-2.359236823394894600e-03
-4.503175150603055954e-03,-5.578581243753433228e-02,7.056128382682800293e-01,-4.735560715198516846e-02,2.129230648279190063e-02,6.714420914649963379e-01,7.392358183860778809e-01,0.000000000000000000e+00,0.000000000000000000e+00,1.742676794528961182e-01,-9.595219492912292480e-01,-3.708158135414123535e-01,-9.630538225173950195e-01,5.045604705810546875e-02,7.444838881492614746e-01,-6.387093067169189453e-01,1.092686891555786133e+00,-3.840501978993415833e-02,-2.764360606670379639e-01,2.212255448102951050e-02,3.704519942402839661e-02,1.894017606973648071e-01,2.876379899680614471e-02,3.701672703027725220e-02,-2.556684911251068115e-01,8.952253311872482300e-02,7.920763455331325531e-03,1.121571213006973267e-01,5.202174652367830276e-03,3.069626400247216225e-04
-4.687963984906673431e-03,-5.460901185870170593e-02,7.061393857002258301e-01,-5.284585431218147278e-02,2.405486069619655609e-02,6.724624037742614746e-01,7.378502488136291504e-01,0.000000000000000000e+00,0.000000000000000000e+00,1.905072927474975586e-01,-9.330535531044006348e-01,-4.108223915100097656e-01,-1.066268682479858398e+00,4.630641639232635498e-02,7.009525895118713379e-01,-7.034276723861694336e-01,1.216384291648864746e+00,-4.260356724262237549e-02,-3.074215054512023926e-01,3.409126773476600647e-02,4.029586911201477051e-02,2.231550365686416626e-01,1.936994306743144989e-02,3.277489915490150452e-02,-2.808315157890319824e-01,9.277951717376708984e-02,9.215354919433593750e-03,1.320219635963439941e-01,-5.057082511484622955e-03,7.401773706078529358e-03
-4.842555616050958633e-03,-5.342072248458862305e-02,7.066344618797302246e-01,-5.830101296305656433e-02,2.693779394030570984e-02,6.735147833824157715e-01,7.363783717155456543e-01,0.000000000000000000e+00,0.000000000000000000e+00,2.049544006586074829e-01,-9.070366024971008301e-01,-4.480544924736022949e-01,-1.167509794235229492e+00,3.744670748710632324e-02,6.576781272888183594e-01,-7.605160474777221680e-01,1.338677287101745605e+00,-4.697117209434509277e-02,-3.382430374622344971e-01,4.605048149824142456e-02,4.327938705682754517e-02,2.563616335391998291e-01,1.025540847331285477e-02,2.848985977470874786e-02,-3.066502809524536133e-01,9.592946618795394897e-02,1.038083061575889587e-02,1.528553068637847900e-01,-1.578072458505630493e-02,1.455636788159608841e-02
-4.963900893926620483e-03,-5.222181975841522217e-02,7.070965170860290527e-01,-6.370935589075088501e-02,2.992265485227108002e-02,6.746332645416259766e-01,7.347896099090576172e-01,0.000000000000000000e+00,0.000000000000000000e+00,2.184758931398391724e-01,-8.817154169082641602e-01,-4.831162393093109131e-01,-1.268082022666931152e+00,2.503430470824241638e-02,6.149730086326599121e-01,-8.105131387710571289e-01,1.461077928543090820e+00,-5.167008563876152039e-02,-3.689810037612915039e-01,5.802946537733078003e-02,4.607527330517768860e-02,2.893030643463134766e-01,1.253933180123567581e-03,2.421259321272373199e-02,-3.326535522937774658e-01,9.900998324155807495e-02,1.152398250997066498e-02,1.738534718751907349e-01,-2.655852586030960083e-02,2.174518443644046783e-02
-5.187090486288070679e-03,-5.189329013228416443e-02,7.069651484489440918e-01,-6.569406390190124512e-02,2.998914383351802826e-02,6.753176450729370117e-01,7.339829802513122559e-01,0.000000000000000000e+00,0.000000000000000000e+00,2.540431916713714600e-01,-8.682785034179687500e-01,-5.226101875305175781e-01,-1.378802657127380371e+00,3.120180778205394745e-02,5.831481218338012695e-01,-8.579216003417968750e-01,1.600787520408630371e+00,-5.629540979862213135e-02,-4.022571444511413574e-01,6.930281221866607666e-02,5.075959488749504089e-02,3.449266552925109863e-01,-1.759052462875843048e-02,2.244242094457149506e-02,-3.549847602844238281e-01,1.013974249362945557e-01,1.449602842330932617e-02,2.044531106948852539e-01,-3.992073610424995422e-02,2.756508998572826385e-02
-5.270549096167087555e-03,-5.075433105230331421e-02,7.072333693504333496e-01,-7.076311111450195312e-02,3.276315331459045410e-02,6.766539812088012695e-01,7.321602106094360352e-01,0.000000000000000000e+00,0.000000000000000000e+00,2.697944045066833496e-01,-8.457292914390563965e-01,-5.553692579269409180e-01,-1.482006907463073730e+00,1.631945930421352386e-02,5.431563854217529297e-01,-8.952338695526123047e-01,1.727056264877319336e+00,-6.255213171243667603e-02,-4.367656707763671875e-01,8.216948062181472778e-02,5.340009927749633789e-02,3.870846331119537354e-01,-3.128715977072715759e-02,1.824574731290340424e-02,-3.822195529937744141e-01,1.048556193709373474e-01,1.618521660566329956e-02,2.291606515645980835e-01,-5.224806070327758789e-02,3.480432182550430298e-02
-5.286905448883771896e-03,-4.958811402320861816e-02,7.074990272521972656e-01,-7.577779144048690796e-02,3.576888144016265869e-02,6.781603693962097168e-01,7.301210761070251465e-01,0.000000000000000000e+00,0.000000000000000000e+00,2.830341756343841553e-01,-8.228647112846374512e-01,-5.835649371147155762e-01,-1.582913398742675781e+00,-3.388973651453852654e-03,5.012009739875793457e-01,-9.211521148681640625e-01,1.850503206253051758e+00,-6.929850578308105469e-02,-4.690165817737579346e-01,9.479033201932907104e-02,5.588724836707115173e-02,4.245053529739379883e-01,-4.273027926683425903e-02,1.404621917754411697e-02,-4.091998040676116943e-01,1.080846711993217468e-01,1.781146228313446045e-02,2.529023587703704834e-01,-6.410268694162368774e-02,4.209432005882263184e-02
-5.247769877314567566e-03,-4.839333519339561462e-02,7.077526450157165527e-01,-8.075923472642898560e-02,3.895123675465583801e-02,6.798402070999145508e-01,7.278585433959960938e-01,0.000000000000000000e+00,0.000000000000000000e+00,2.950091361999511719e-01,-8.001192808151245117e-01,-6.084185838699340820e-01,-1.683189988136291504e+00,-2.595895156264305115e-02,4.583752751350402832e-01,-9.373686909675598145e-01,1.973123550415039062e+00,-7.665506750345230103e-02,-5.000336766242980957e-01,1.073669418692588806e-01,5.825973674654960632e-02,4.592984020709991455e-01,-5.297266691923141479e-02,9.853192605078220367e-03,-4.360620975494384766e-01,1.112414374947547913e-01,1.943673193454742432e-02,2.760491967201232910e-01,-7.566231489181518555e-02,4.942625761032104492e-02
-2.092700917273759842e-03,-4.819893464446067810e-02,7.075791358947753906e-01,-8.373328298330307007e-02,4.464373365044593811e-02,6.852346062660217285e-01,7.221143841743469238e-01,0.000000000000000000e+00,0.000000000000000000e+00,3.225255906581878662e-01,-8.080573081970214844e-01,-6.222345829010009766e-01,-1.696671843528747559e+00,-2.051964588463306427e-02,4.560260176658630371e-01,-9.596632122993469238e-01,1.981808900833129883e+00,-8.864278346300125122e-02,-5.328343510627746582e-01,1.095195561647415161e-01,5.314535275101661682e-02,4.921261966228485107e-01,-6.556355953216552734e-02,1.225147279910743237e-03,-4.545194804668426514e-01,1.126253977417945862e-01,1.654342189431190491e-02,2.858349084854125977e-01,-8.871774375438690186e-02,5.018349736928939819e-02
2.623987151309847832e-03,-4.901444166898727417e-02,7.071599364280700684e-01,-8.334244787693023682e-02,4.954670742154121399e-02,6.962909102439880371e-01,7.111807465553283691e-01,0.000000000000000000e+00,0.000000000000000000e+00,3.544853329658508301e-01,-8.140226006507873535e-01,-6.342228055000305176e-01,-1.707911849021911621e+00,-6.600011140108108521e-03,4.518564641475677490e-01,-9.752756357192993164e-01,1.969773888587951660e+00,-1.040849611163139343e-01,-5.737192630767822266e-01,1.064373627305030823e-01,4.566812887787818909e-02,5.433011054992675781e-01,-5.655326321721076965e-02,-2.744130603969097137e-02,-4.688403606414794922e-01,1.081992760300636292e-01,1.015738211572170258e-02,3.001556098461151123e-01,-1.043892353773117065e-01,4.546192660927772522e-02
8.855723775923252106e-03,-5.071401596069335938e-02,7.072295546531677246e-01,-7.942833006381988525e-02,5.456209182739257812e-02,7.116651535034179688e-01,6.958784461021423340e-01,0.000000000000000000e+00,0.000000000000000000e+00,3.903447687625885010e-01,-8.300108313560485840e-01,-6.399777531623840332e-01,-1.723448991775512695e+00,1.061503309756517410e-02,4.578988254070281982e-01,-9.849731326103210449e-01,1.949349164962768555e+00,-1.181799769401550293e-01,-6.283938884735107422e-01,1.112707555294036865e-01,5.612175911664962769e-02,6.211030483245849609e-01,-2.488564699888229370e-02,-6.860263645648956299e-02,-4.818355739116668701e-01,9.403850883245468140e-02,-6.132449489086866379e-03,3.221018612384796143e-01,-1.146600171923637390e-01,3.833446651697158813e-02
1.608251407742500305e-02,-5.131356418132781982e-02,7.079403996467590332e-01,-7.923234254121780396e-02,6.437166035175323486e-02,7.306192517280578613e-01,6.751103997230529785e-01,0.000000000000000000e+00,0.000000000000000000e+00,4.168443083763122559e-01,-8.559946417808532715e-01,-6.314770579338073730e-01,-1.746785759925842285e+00,9.718981571495532990e-03,4.678535759449005127e-01,-9.834365248680114746e-01,1.892738461494445801e+00,-1.193400397896766663e-01,-7.174494862556457520e-01,1.447642445564270020e-01,1.071021035313606262e-01,7.625241279602050781e-01,-3.270243853330612183e-02,-8.019399642944335938e-02,-4.964626729488372803e-01,6.900519877672195435e-02,-4.048253595829010010e-02,3.295856714248657227e-01,-1.292231529951095581e-01,3.385075181722640991e-02
2.303277887403964996e-02,-5.324841290712356567e-02,7.075696587562561035e-01,-7.337962090969085693e-02,7.039707154035568237e-02,7.485781311988830566e-01,6.552026271820068359e-01,0.000000000000000000e+00,0.000000000000000000e+00,4.626702070236206055e-01,-9.097396135330200195e-01,-6.255366802215576172e-01,-1.781288743019104004e+00,3.694853186607360840e-02,5.297488570213317871e-01,-9.921889901161193848e-01,1.887921094894409180e+00,-1.345271617174148560e-01,-7.810469269752502441e-01,1.747970730066299438e-01,1.659246385097503662e-01,9.033421277999877930e-01,-1.922803185880184174e-02,-1.156226769089698792e-01,-5.110877156257629395e-01,4.683754965662956238e-02,-5.580397322773933411e-02,3.568529188632965088e-01,-1.421837210655212402e-01,2.571667172014713287e-02
2.925222367048263550e-02,-5.570024251937866211e-02,7.063997387886047363e-01,-6.876270473003387451e-02,7.240869104862213135e-02,7.683498263359069824e-01,6.321923732757568359e-01,0.000000000000000000e+00,0.000000000000000000e+00,5.047914385795593262e-01,-9.886586666107177734e-01,-6.088905930519104004e-01,-1.833753585815429688e+00,5.310813337564468384e-02,6.291134357452392578e-01,-1.007606863975524902e+00,1.907716035842895508e+00,-1.545518636703491211e-01,-8.232409954071044922e-01,2.055542916059494019e-01,2.198451757431030273e-01,1.017165422439575195e+00,-8.316676132380962372e-03,-1.485624462366104126e-01,-5.263024568557739258e-01,3.125641494989395142e-02,-6.794182211160659790e-02,3.926436901092529297e-01,-1.555687934160232544e-01,1.630593650043010712e-02
3.516681864857673645e-02,-5.850042775273323059e-02,7.048851847648620605e-01,-6.306517124176025391e-02,7.220405340194702148e-02,7.889593839645385742e-01,6.069204807281494141e-01,0.000000000000000000e+00,0.000000000000000000e+00,5.463852286338806152e-01,-1.087935566902160645e+00,-5.614251494407653809e-01,-1.899567961692810059e+00,4.976801574230194092e-02,7.710222601890563965e-01,-1.016948103904724121e+00,1.960052609443664551e+00,-1.687263846397399902e-01,-8.234806656837463379e-01,2.297823578119277954e-01,2.879944443702697754e-01,1.076517820358276367e+00,1.028140191920101643e-03,-1.776206642389297485e-01,-5.429346561431884766e-01,1.087719295173883438e-02,-8.491431176662445068e-02,4.430322051048278809e-01,-1.746303290128707886e-01,1.005422230809926987e-02
4.048699885606765747e-02,-6.193751096725463867e-02,7.027953267097473145e-01,-5.594358220696449280e-02,6.942790746688842773e-02,8.078784346580505371e-01,5.825654268264770508e-01,0.000000000000000000e+00,0.000000000000000000e+00,5.679422616958618164e-01,-1.177171468734741211e+00,-4.844311475753784180e-01,-1.942343235015869141e+00,1.643786020576953888e-02,9.313657879829406738e-01,-9.839413762092590332e-01,2.025621891021728516e+00,-1.737648844718933105e-01,-7.957125306129455566e-01,2.463339269161224365e-01,3.500998318195343018e-01,1.089147210121154785e+00,1.944026560522615910e-03,-1.766474246978759766e-01,-5.620645880699157715e-01,-1.392056886106729507e-02,-1.053439453244209290e-01,5.109283328056335449e-01,-2.006145715713500977e-01,2.221451839432120323e-03
4.480221122503280640e-02,-6.272242963314056396e-02,7.029771804809570312e-01,-5.798773840069770813e-02,7.464890927076339722e-02,8.253088593482971191e-01,5.567138195037841797e-01,0.000000000000000000e+00,0.000000000000000000e+00,5.384306311607360840e-01,-1.243097305297851562e+00,-3.722929358482360840e-01,-1.956406593322753906e+00,-7.357156276702880859e-02,1.069327354431152344e+00,-9.069740176200866699e-01,2.063540697097778320e+00,-1.643337607383728027e-01,-7.744644880294799805e-01,2.359358370304107666e-01,3.816727995872497559e-01,1.057510375976562500e+00,4.145572893321514130e-03,-1.734575331211090088e-01,-5.697107315063476562e-01,-4.322789236903190613e-02,-1.341876983642578125e-01,5.221658945083618164e-01,-2.121858745813369751e-01,1.038204878568649292e-03
4.880097880959510803e-02,-6.579335033893585205e-02,7.016176581382751465e-01,-5.395257472991943359e-02,6.950882822275161743e-02,8.434454798698425293e-01,5.299597978591918945e-01,0.000000000000000000e+00,0.000000000000000000e+00,5.065993070602416992e-01,-1.301690220832824707e+00,-2.366163432598114014e-01,-1.927534341812133789e+00,-1.158746033906936646e-01,1.248500704765319824e+00,-7.675110101699829102e-01,2.090973854064941406e+00,-1.554468721151351929e-01,-7.287331819534301758e-01,2.450793832540512085e-01,4.144495725631713867e-01,1.031652569770812988e+00,-7.080251816660165787e-03,-1.464887708425521851e-01,-5.709400177001953125e-01,-7.026946544647216797e-02,-1.687340140342712402e-01,5.657108426094055176e-01,-2.273409664630889893e-01,-1.239858008921146393e-02
5.317838862538337708e-02,-6.911508738994598389e-02,7.005338668823242188e-01,-4.620683938264846802e-02,6.436846405267715454e-02,8.603922724723815918e-01,5.034349560737609863e-01,0.000000000000000000e+00,0.000000000000000000e+00,4.410680532455444336e-01,-1.329424977302551270e+00,-1.171064674854278564e-01,-1.845818519592285156e+00,-1.286629140377044678e-01,1.360982656478881836e+00,-5.902944803237915039e-01,2.046707153320312500e+00,-1.437856703996658325e-01,-6.747418642044067383e-01,2.560386657714843750e-01,4.332306087017059326e-01,1.004524111747741699e+00,-2.910741604864597321e-02,-1.049893647432327271e-01,-5.584126710891723633e-01,-1.060889214277267456e-01,-2.117801904678344727e-01,5.998260378837585449e-01,-2.430903911590576172e-01,-3.026184998452663422e-02
5.672881379723548889e-02,-7.323661446571350098e-02,6.998431682586669922e-01,-3.678694367408752441e-02,5.642747133970260620e-02,8.750236034393310547e-01,4.793707728385925293e-01,0.000000000000000000e+00,0.000000000000000000e+00,3.610908985137939453e-01,-1.350477576255798340e+00,-1.947448588907718658e-02,-1.706357359886169434e+00,-1.010735034942626953e-01,1.386252522468566895e+00,-3.981439173221588135e-01,1.904639840126037598e+00,-1.308237761259078979e-01,-6.168542504310607910e-01,2.579006254673004150e-01,4.407818913459777832e-01,9.728996157646179199e-01,-5.319704860448837280e-02,-7.115121185779571533e-02,-5.259969234466552734e-01,-1.358776688575744629e-01,-2.559334337711334229e-01,6.103825569152832031e-01,-2.514995634555816650e-01,-4.160387441515922546e-02
6.045018136501312256e-02,-7.714059203863143921e-02,7.001205086708068848e-01,-2.528655342757701874e-02,4.875632002949714661e-02,8.907301425933837891e-01,4.512019157409667969e-01,0.000000000000000000e+00,0.000000000000000000e+00,2.630402147769927979e-01,-1.360644698143005371e+00,8.543653041124343872e-02,-1.465752363204956055e+00,-7.210287451744079590e-02,1.342361927032470703e+00,-1.738715618848800659e-01,1.615959286689758301e+00,-1.168459877371788025e-01,-5.480268597602844238e-01,2.437786012887954712e-01,4.355745315551757812e-01,9.171308875083923340e-01,-8.216212689876556396e-02,-3.436865285038948059e-02,-4.693052768707275391e-01,-1.631946563720703125e-01,-3.034607172012329102e-01,5.884751081466674805e-01,-2.483681291341781616e-01,-5.580558255314826965e-02
6.240093708038330078e-02,-8.163937926292419434e-02,7.004272937774658203e-01,-1.522066816687583923e-02,3.833340108394622803e-02,9.039101600646972656e-01,4.257290959358215332e-01,0.000000000000000000e+00,0.000000000000000000e+00,1.524521410465240479e-01,-1.358256340026855469e+00,2.250663042068481445e-01,-1.180683493614196777e+00,-8.830066025257110596e-02,1.304680347442626953e+00,2.444975264370441437e-02,1.260964632034301758e+00,-1.025124043226242065e-01,-4.718542695045471191e-01,2.199114114046096802e-01,4.318612217903137207e-01,8.293160796165466309e-01,-1.087062731385231018e-01,-2.974083414301276207e-03,-3.996274173259735107e-01,-1.763164848089218140e-01,-3.534374535083770752e-01,5.433753728866577148e-01,-2.277393490076065063e-01,-5.882967263460159302e-02
6.306904554367065430e-02,-8.467940241098403931e-02,7.011573910713195801e-01,-9.363097138702869415e-03,3.169708326458930969e-02,9.168950319290161133e-01,3.977576792240142822e-01,0.000000000000000000e+00,0.000000000000000000e+00,5.082974210381507874e-02,-1.365039944648742676e+00,3.773412704467773438e-01,-9.162812232971191406e-01,-1.195664927363395691e-01,1.289633393287658691e+00,1.794995367527008057e-01,9.321609139442443848e-01,-9.256933629512786865e-02,-4.004227221012115479e-01,1.804857403039932251e-01,4.117602407932281494e-01,7.155246138572692871e-01,-1.252640336751937866e-01,1.478387229144573212e-02,-3.356259167194366455e-01,-1.854003369808197021e-01,-4.000740945339202881e-01,4.887633919715881348e-01,-1.977252662181854248e-01,-6.378567963838577271e-02
6.228687241673469543e-02,-8.644299209117889404e-02,7.019817233085632324e-01,-7.553936913609504700e-03,2.787837386131286621e-02,9.296264052391052246e-01,3.673696517944335938e-01,0.000000000000000000e+00,0.000000000000000000e+00,-2.311116456985473633e-02,-1.376572489738464355e+00,5.378566980361938477e-01,-6.869985461235046387e-01,-1.338052451610565186e-01,1.288310766220092773e+00,3.161531090736389160e-01,6.291571259498596191e-01,-8.380784094333648682e-02,-3.194634616374969482e-01,1.277527362108230591e-01,3.829999864101409912e-01,5.550733208656311035e-01,-1.208651885390281677e-01,1.517265010625123978e-02,-2.703847587108612061e-01,-1.867941915988922119e-01,-4.424678683280944824e-01,4.145742356777191162e-01,-1.653484404087066650e-01,-6.113135442137718201e-02
6.075198948383331299e-02,-8.921845257282257080e-02,7.014162540435791016e-01,-3.012299304828047752e-03,2.135999873280525208e-02,9.405142664909362793e-01,3.390687406063079834e-01,0.000000000000000000e+00,0.000000000000000000e+00,-2.220565080642700195e-02,-1.355011463165283203e+00,6.174712777137756348e-01,-6.366714239120483398e-01,-8.871874213218688965e-02,1.265162706375122070e+00,3.586281538009643555e-01,5.044559240341186523e-01,-7.551283389329910278e-02,-2.483089268207550049e-01,8.084307610988616943e-02,3.519589006900787354e-01,4.164782762527465820e-01,-1.289410293102264404e-01,2.838836796581745148e-02,-2.202444970607757568e-01,-1.941650211811065674e-01,-4.809648096561431885e-01,3.854294717311859131e-01,-1.387834697961807251e-01,-4.953846707940101624e-02
5.825700610876083374e-02,-9.198684990406036377e-02,7.013431191444396973e-01,1.184046617709100246e-03,1.760186441242694855e-02,9.480146169662475586e-01,3.177374601364135742e-01,0.000000000000000000e+00,0.000000000000000000e+00,3.562055155634880066e-02,-1.282497167587280273e+00,6.095958948135375977e-01,-7.605650424957275391e-01,-9.123371914029121399e-03,1.207238554954528809e+00,3.541196882724761963e-01,5.374470949172973633e-01,-6.480008363723754883e-02,-1.872498691082000732e-01,3.910381719470024109e-02,3.147357106208801270e-01,2.977977395057678223e-01,-1.358983963727951050e-01,3.796131536364555359e-02,-1.912173330783843994e-01,-2.098579406738281250e-01,-5.026573538780212402e-01,3.869332373142242432e-01,-1.108189448714256287e-01,-3.149109706282615662e-02
5.537321045994758606e-02,-9.480423480272293091e-02,7.013737559318542480e-01,5.002998281270265579e-03,1.465029362589120865e-02,9.539785981178283691e-01,2.994748651981353760e-01,0.000000000000000000e+00,0.000000000000000000e+00,1.530982851982116699e-01,-1.133212924003601074e+00,4.886895120143890381e-01,-1.103244900703430176e+00,1.209935918450355530e-01,1.094444632530212402e+00,2.900713682174682617e-01,7.389788031578063965e-01,-4.466813430190086365e-02,-1.206195503473281860e-01,1.143783330917358398e-03,2.789742052555084229e-01,1.690011918544769287e-01,-1.102816462516784668e-01,3.526531532406806946e-02,-1.804368793964385986e-01,-2.307728081941604614e-01,-5.003185272216796875e-01,4.207897782325744629e-01,-7.879858464002609253e-02,-5.023958161473274231e-03
5.278497934341430664e-02,-9.905978292226791382e-02,7.005581259727478027e-01,9.992112405598163605e-03,7.457759696990251541e-03,9.582711458206176758e-01,2.855888307094573975e-01,0.000000000000000000e+00,0.000000000000000000e+00,2.176872640848159790e-01,-1.020274758338928223e+00,3.150539696216583252e-01,-1.389992117881774902e+00,2.217889130115509033e-01,9.740164875984191895e-01,2.173573821783065796e-01,9.516263604164123535e-01,-2.764920704066753387e-02,-8.347807824611663818e-02,-1.263497117906808853e-02,2.422830760478973389e-01,1.121602281928062439e-01,-9.517036378383636475e-02,3.185067325830459595e-02,-1.887639313936233521e-01,-2.371314167976379395e-01,-4.647854864597320557e-01,4.722391664981842041e-01,-5.557117983698844910e-02,1.715507358312606812e-02
5.031184107065200806e-02,-1.037971973419189453e-01,7.001344561576843262e-01,1.308069378137588501e-02,-1.503932988271117210e-03,9.611889123916625977e-01,2.755765914916992188e-01,0.000000000000000000e+00,0.000000000000000000e+00,2.197781503200531006e-01,-9.456703066825866699e-01,1.148770824074745178e-01,-1.612432956695556641e+00,3.047142326831817627e-01,8.453277349472045898e-01,1.479373127222061157e-01,1.154338955879211426e+00,-1.674206368625164032e-02,-6.242735683917999268e-02,-1.368048507720232010e-02,2.123633474111557007e-01,8.503084629774093628e-02,-8.561878651380538940e-02,2.927059866487979889e-02,-2.092168927192687988e-01,-2.240290790796279907e-01,-4.097917973995208740e-01,5.128764510154724121e-01,-6.873249262571334839e-02,2.565148659050464630e-02
4.867872595787048340e-02,-1.093972548842430115e-01,6.988920569419860840e-01,1.728133857250213623e-02,-1.481852959841489792e-02,9.635062813758850098e-01,2.667160034179687500e-01,0.000000000000000000e+00,0.000000000000000000e+00,1.077518686652183533e-01,-8.914341330528259277e-01,-1.013042926788330078e-01,-1.808501124382019043e+00,3.591874539852142334e-01,6.867441534996032715e-01,5.585455521941184998e-02,1.377777934074401855e+00,-9.801276959478855133e-03,-5.092149972915649414e-02,-8.594092796556651592e-04,1.878188848495483398e-01,8.464504778385162354e-02,-8.909882605075836182e-02,3.461396321654319763e-02,-2.192743271589279175e-01,-1.979707926511764526e-01,-3.565876781940460205e-01,5.388989448547363281e-01,-6.689038127660751343e-02,1.661134138703346252e-02
4.866203665733337402e-02,-1.153688207268714905e-01,6.958107948303222656e-01,2.910110354423522949e-02,-2.343583479523658752e-02,9.627830982208251953e-01,2.676799595355987549e-01,0.000000000000000000e+00,0.000000000000000000e+00,-6.146313250064849854e-02,-8.656815886497497559e-01,-2.759488224983215332e-01,-1.960430622100830078e+00,3.754729628562927246e-01,5.196390151977539062e-01,-1.295315288007259369e-02,1.538215637207031250e+00,9.985365904867649078e-03,-3.368625789880752563e-02,2.126682316884398460e-03,1.798472255468368530e-01,9.438931941986083984e-02,-9.410304576158523560e-02,3.913044184446334839e-02,-2.281745523214340210e-01,-1.890309453010559082e-01,-3.194598257541656494e-01,5.841100215911865234e-01,-6.869415938854217529e-02,-1.696258201263844967e-03
4.780315980315208435e-02,-1.212040409445762634e-01,6.941773891448974609e-01,3.472917899489402771e-02,-3.227728977799415588e-02,9.601984024047851562e-01,2.752654552459716797e-01,0.000000000000000000e+00,0.000000000000000000e+00,-2.459587752819061279e-01,-8.200197219848632812e-01,-3.846414387226104736e-01,-2.061215639114379883e+00,3.336486220359802246e-01,3.627924621105194092e-01,-8.135556429624557495e-02,1.601784229278564453e+00,2.599101886153221130e-02,-1.864947192370891571e-02,1.122281327843666077e-02,1.768965870141983032e-01,9.133315086364746094e-02,-9.482152014970779419e-02,3.313244134187698364e-02,-2.278284728527069092e-01,-1.588727235794067383e-01,-2.793224751949310303e-01,5.723444223403930664e-01,-5.428116768598556519e-02,2.224921714514493942e-03
4.829408228397369385e-02,-1.266846954822540283e-01,6.919781565666198730e-01,4.675802588462829590e-02,-3.713200613856315613e-02,9.563890695571899414e-01,2.859280407428741455e-01,0.000000000000000000e+00,0.000000000000000000e+00,-4.118313193321228027e-01,-7.785992026329040527e-01,-4.940756261348724365e-01,-2.144230842590332031e+00,2.478813230991363525e-01,1.954883784055709839e-01,-1.602564007043838501e-01,1.616737961769104004e+00,4.958235472440719604e-02,3.589013218879699707e-02,4.186543636023998260e-03,1.809782534837722778e-01,3.282933682203292847e-02,-7.283160835504531860e-02,2.900524623692035675e-02,-2.218846380710601807e-01,-1.488094180822372437e-01,-2.387347966432571411e-01,5.751743912696838379e-01,-4.181068018078804016e-02,1.451827771961688995e-02
4.707755148410797119e-02,-1.304295808076858521e-01,6.915487647056579590e-01,4.878260567784309387e-02,-3.764293715357780457e-02,9.517053365707397461e-01,3.007661402225494385e-01,0.000000000000000000e+00,0.000000000000000000e+00,-5.304884314537048340e-01,-7.378079295158386230e-01,-5.545983314514160156e-01,-2.189566850662231445e+00,1.432446539402008057e-01,6.841263920068740845e-02,-2.190712243318557739e-01,1.568849921226501465e+00,7.181198149919509888e-02,5.716452747583389282e-02,-2.070530550554394722e-03,1.825519651174545288e-01,7.277143332373725571e-10,-5.910496786236763000e-02,2.366265654563903809e-02,-2.198305875062942505e-01,-1.380846500396728516e-01,-2.071015983819961548e-01,5.673252344131469727e-01,-4.333618655800819397e-02,3.045041859149932861e-02
4.646014422178268433e-02,-1.330921947956085205e-01,6.908204555511474609e-01,5.240112915635108948e-02,-3.451246768236160278e-02,9.462510347366333008e-01,3.172884285449981689e-01,0.000000000000000000e+00,0.000000000000000000e+00,-6.040154695510864258e-01,-6.834014654159545898e-01,-6.078002452850341797e-01,-2.219432115554809570e+00,3.082696162164211273e-02,-2.895737625658512115e-02,-3.043428361415863037e-01,1.505278348922729492e+00,9.306291490793228149e-02,6.332296878099441528e-02,-1.175842713564634323e-02,1.844567656517028809e-01,1.257743341510149555e-17,-6.071539223194122314e-02,2.127324976027011871e-02,-2.318233698606491089e-01,-1.402104943990707397e-01,-1.822438091039657593e-01,5.906604528427124023e-01,-6.026341393589973450e-02,4.196616634726524353e-02
4.576978832483291626e-02,-1.344021707773208618e-01,6.909548044204711914e-01,5.232979729771614075e-02,-3.127814084291458130e-02,9.424452781677246094e-01,3.287554979324340820e-01,0.000000000000000000e+00,0.000000000000000000e+00,-6.637629270553588867e-01,-6.463114619255065918e-01,-6.257514357566833496e-01,-2.229801893234252930e+00,-7.389147579669952393e-02,-9.771472215652465820e-02,-3.574343919754028320e-01,1.422589778900146484e+00,1.054304167628288269e-01,6.236093118786811829e-02,-1.918828487396240234e-02,1.846303641796112061e-01,3.197880248130004991e-18,-6.128787249326705933e-02,1.576560735702514648e-02,-2.406330108642578125e-01,-1.382152438163757324e-01,-1.589268445968627930e-01,5.981964468955993652e-01,-7.257583737373352051e-02,5.033304542303085327e-02
4.501838609576225281e-02,-1.351812928915023804e-01,6.915093660354614258e-01,5.048140138387680054e-02,-3.000331111252307892e-02,9.394733905792236328e-01,3.375517129898071289e-01,0.000000000000000000e+00,0.000000000000000000e+00,-7.111261487007141113e-01,-6.227095127105712891e-01,-6.283192634582519531e-01,-2.242283344268798828e+00,-1.528626382350921631e-01,-1.387863308191299438e-01,-3.950885534286499023e-01,1.359843015670776367e+00,1.115153059363365173e-01,5.936244130134582520e-02,-2.093753404915332794e-02,1.872480511665344238e-01,1.063727797963591893e-18,-6.127224490046501160e-02,1.996389962732791901e-02,-2.512012422084808350e-01,-1.303504705429077148e-01,-1.354323625564575195e-01,6.051370501518249512e-01,-7.585459202527999878e-02,5.794616416096687317e-02
4.454503208398818970e-02,-1.356644183397293091e-01,6.917211413383483887e-01,4.914578795433044434e-02,-2.984682284295558929e-02,9.366273880004882812e-01,3.455762863159179688e-01,0.000000000000000000e+00,0.000000000000000000e+00,-7.426937818527221680e-01,-6.204892992973327637e-01,-6.243784427642822266e-01,-2.257792472839355469e+00,-1.888128817081451416e-01,-1.448660492897033691e-01,-4.176316559314727783e-01,1.337342739105224609e+00,1.147221252322196960e-01,5.827558413147926331e-02,-1.950667053461074829e-02,1.950388401746749878e-01,-2.520280360106166417e-18,-6.113915890455245972e-02,2.457973547279834747e-02,-2.649202942848205566e-01,-1.200770288705825806e-01,-1.120162829756736755e-01,6.218571662902832031e-01,-7.848788052797317505e-02,6.081961840391159058e-02
4.416942223906517029e-02,-1.359725594520568848e-01,6.917585134506225586e-01,4.789639264345169067e-02,-3.165973722934722900e-02,9.339517951011657715e-01,3.527571260929107666e-01,0.000000000000000000e+00,0.000000000000000000e+00,-7.617240548133850098e-01,-6.278721094131469727e-01,-6.193116307258605957e-01,-2.276890754699707031e+00,-1.979721486568450928e-01,-1.239056065678596497e-01,-4.406814873218536377e-01,1.356068015098571777e+00,1.176331713795661926e-01,5.860230326652526855e-02,-1.292366255074739456e-02,2.065727710723876953e-01,1.219339661775027629e-17,-6.214313954114913940e-02,3.106661699712276459e-02,-2.811585664749145508e-01,-1.043694838881492615e-01,-8.732923120260238647e-02,6.473267674446105957e-01,-6.948132067918777466e-02,7.184518128633499146e-02
4.353273659944534302e-02,-1.361080557107925415e-01,6.916686296463012695e-01,4.652197659015655518e-02,-3.348765149712562561e-02,9.299069046974182129e-01,3.633008003234863281e-01,0.000000000000000000e+00,0.000000000000000000e+00,-7.672862410545349121e-01,-6.355782747268676758e-01,-6.203936934471130371e-01,-2.298267364501953125e+00,-1.851599067449569702e-01,-9.344421327114105225e-02,-4.556806087493896484e-01,1.390135645866394043e+00,1.223437339067459106e-01,6.001889333128929138e-02,-5.042632576078176498e-03,2.220927625894546509e-01,3.824181703285755001e-18,-6.379446387290954590e-02,3.523240610957145691e-02,-2.936538159847259521e-01,-8.722816407680511475e-02,-6.847778707742691040e-02,6.681398749351501465e-01,-6.472899764776229858e-02,7.374160736799240112e-02
4.306743666529655457e-02,-1.357725858688354492e-01,6.914762258529663086e-01,4.577450081706047058e-02,-3.582125902175903320e-02,9.257549643516540527e-01,3.736299276351928711e-01,0.000000000000000000e+00,0.000000000000000000e+00,-7.702507972717285156e-01,-6.440950632095336914e-01,-6.290681362152099609e-01,-2.315706491470336914e+00,-1.693209111690521240e-01,-5.734601989388465881e-02,-4.659719169139862061e-01,1.406480908393859863e+00,1.261140257120132446e-01,6.375726312398910522e-02,4.624077118933200836e-03,2.377943843603134155e-01,-1.930560140359961502e-18,-6.447272747755050659e-02,3.967555612325668335e-02,-2.981384694576263428e-01,-6.648517400026321411e-02,-5.423238500952720642e-02,6.785317063331604004e-01,-5.677619203925132751e-02,7.244946062564849854e-02
4.234515130519866943e-02,-1.346078217029571533e-01,6.920022964477539062e-01,4.272270947694778442e-02,-3.885288536548614502e-02,9.221446514129638672e-01,3.825107514858245850e-01,0.000000000000000000e+00,0.000000000000000000e+00,-7.626224160194396973e-01,-6.413261294364929199e-01,-6.322503089904785156e-01,-2.320529460906982422e+00,-1.602869033813476562e-01,-2.026455849409103394e-02,-4.711094796657562256e-01,1.373073816299438477e+00,1.285082697868347168e-01,6.429908424615859985e-02,1.796652935445308685e-02,2.542330622673034668e-01,-7.323790969095502791e-19,-6.463348865509033203e-02,3.970662131905555725e-02,-2.915145158767700195e-01,-3.981745615601539612e-02,-4.356395080685615540e-02,6.681690812110900879e-01,-5.455412715673446655e-02,7.342295348644256592e-02
4.151486232876777649e-02,-1.322975903749465942e-01,6.933279037475585938e-01,3.716267645359039307e-02,-4.117156192660331726e-02,9.190411567687988281e-01,3.902398943901062012e-01,0.000000000000000000e+00,0.000000000000000000e+00,-7.423402070999145508e-01,-6.216913461685180664e-01,-6.311260461807250977e-01,-2.309186935424804688e+00,-1.578620225191116333e-01,1.255185715854167938e-02,-4.627419412136077881e-01,1.283663153648376465e+00,1.286247074604034424e-01,6.038502231240272522e-02,3.262895718216896057e-02,2.704252600669860840e-01,3.342617002992083561e-18,-6.048936024308204651e-02,3.496805950999259949e-02,-2.786337733268737793e-01,-1.474982500076293945e-02,-4.337717965245246887e-02,6.383736133575439453e-01,-6.859524548053741455e-02,6.240139156579971313e-02
4.086552932858467102e-02,-1.293238252401351929e-01,6.957588791847229004e-01,3.016536682844161987e-02,-4.642027243971824646e-02,9.175348877906799316e-01,3.937828540802001953e-01,0.000000000000000000e+00,0.000000000000000000e+00,-7.038562893867492676e-01,-5.787531137466430664e-01,-6.245508790016174316e-01,-2.286969184875488281e+00,-1.596670448780059814e-01,3.086102753877639771e-02,-4.251285195350646973e-01,1.159979820251464844e+00,1.239601373672485352e-01,5.560075864195823669e-02,5.555615574121475220e-02,2.847839891910552979e-01,2.622625762936127425e-18,-4.202972725033760071e-02,3.610524907708168030e-02,-2.549307644367218018e-01,1.599338650703430176e-02,-4.167720302939414978e-02,5.849486589431762695e-01,-7.540630549192428589e-02,4.858554899692535400e-02
4.049615934491157532e-02,-1.254666298627853394e-01,6.990520954132080078e-01,2.201693691313266754e-02,-5.249671265482902527e-02,9.171582460403442383e-01,3.944364190101623535e-01,0.000000000000000000e+00,0.000000000000000000e+00,-6.383367776870727539e-01,-5.094780921936035156e-01,-6.103500723838806152e-01,-2.263288021087646484e+00,-1.578880101442337036e-01,3.891688212752342224e-02,-3.517695963382720947e-01,1.016627430915832520e+00,1.106156781315803528e-01,2.283588238060474396e-02,8.978474885225296021e-02,3.002483248710632324e-01,5.975770950317382812e-02,-3.778967633843421936e-02,3.422547504305839539e-02,-2.197521030902862549e-01,4.886452481150627136e-02,-3.739934787154197693e-02,5.051638484001159668e-01,-6.258783489465713501e-02,3.266560658812522888e-02
4.102355986833572388e-02,-1.208041757345199585e-01,7.005430459976196289e-01,1.437195576727390289e-02,-5.818506702780723572e-02,9.179835319519042969e-01,3.920640647411346436e-01,0.000000000000000000e+00,0.000000000000000000e+00,-5.454540252685546875e-01,-4.028609991073608398e-01,-5.876331329345703125e-01,-2.241732358932495117e+00,-1.392542272806167603e-01,4.475971311330795288e-02,-2.611904740333557129e-01,8.968515396118164062e-01,8.908778429031372070e-02,-1.288525164127349854e-01,1.704801172018051147e-01,3.272199332714080811e-01,3.516062200069427490e-01,-7.895374298095703125e-02,3.708418086171150208e-02,-1.854653805494308472e-01,7.687090337276458740e-02,-4.260570183396339417e-02,4.251620173454284668e-01,-4.517669230699539185e-02,5.692421458661556244e-03
3.850726038217544556e-02,-1.166669428348541260e-01,6.985875368118286133e-01,-7.597379386425018311e-03,-7.559125870466232300e-02,9.179632663726806641e-01,3.893220424652099609e-01,0.000000000000000000e+00,0.000000000000000000e+00,-4.306042790412902832e-01,-2.070057094097137451e-01,-5.434361696243286133e-01,-2.231154680252075195e+00,-1.508109122514724731e-01,7.654336839914321899e-02,-1.389551311731338501e-01,8.001380562782287598e-01,6.313112378120422363e-02,-4.049287438392639160e-01,2.825994789600372314e-01,2.457015514373779297e-01,7.799881100654602051e-01,-4.708366468548774719e-02,-4.543504863977432251e-02,-1.238905861973762512e-01,1.379334032535552979e-01,-6.560764461755752563e-02,2.565437853336334229e-01,1.687896065413951874e-02,-2.432425692677497864e-02
3.786574304103851318e-02,-1.110920906066894531e-01,6.957098245620727539e-01,-2.101392298936843872e-02,-8.024354279041290283e-02,9.196359515190124512e-01,3.839128911495208740e-01,0.000000000000000000e+00,0.000000000000000000e+00,-2.791169583797454834e-01,-3.070998750627040863e-02,-4.678874611854553223e-01,-2.147797107696533203e+00,-1.168095245957374573e-01,5.826412886381149292e-02,-3.435773774981498718e-02,8.026742935180664062e-01,2.399209141731262207e-02,-5.772441029548645020e-01,2.922391593456268311e-01,1.760269254446029663e-01,1.010864019393920898e+00,1.041977386921644211e-02,-1.134444698691368103e-01,-1.168490797281265259e-01,1.669274419546127319e-01,-6.820712983608245850e-02,2.113500386476516724e-01,3.295199247077107430e-03,-2.952642925083637238e-02
3.912755846977233887e-02,-1.054647564888000488e-01,6.935587525367736816e-01,-2.544807828962802887e-02,-8.082240819931030273e-02,9.230298995971679688e-01,3.752811849117279053e-01,0.000000000000000000e+00,0.000000000000000000e+00,-1.440425813198089600e-01,1.127921342849731445e-01,-3.308851122856140137e-01,-2.035038709640502930e+00,-8.120643347501754761e-02,6.270475685596466064e-03,5.735924467444419861e-02,8.921611905097961426e-01,-9.076549671590328217e-03,-6.966529488563537598e-01,2.947225272655487061e-01,1.309192329645156860e-01,1.170334219932556152e+00,8.854202181100845337e-02,-1.606674939393997192e-01,-1.091988161206245422e-01,1.794549822807312012e-01,-7.617796212434768677e-02,1.957733333110809326e-01,-2.121309936046600342e-02,-2.235758118331432343e-02
4.141813144087791443e-02,-1.000853851437568665e-01,6.935403943061828613e-01,-2.099832892417907715e-02,-7.447690516710281372e-02,9.265709519386291504e-01,3.680741190910339355e-01,0.000000000000000000e+00,0.000000000000000000e+00,-6.066035851836204529e-02,1.866943985223770142e-01,-2.082893848419189453e-01,-1.913478136062622070e+00,-5.593570694327354431e-02,-6.908356398344039917e-02,9.787976741790771484e-02,1.041733980178833008e+00,-4.018276557326316833e-02,-7.750954627990722656e-01,2.944188714027404785e-01,9.857220947742462158e-02,1.269864439964294434e+00,1.406025141477584839e-01,-1.966148763895034790e-01,-9.313327074050903320e-02,1.697925478219985962e-01,-7.555865496397018433e-02,1.865675598382949829e-01,-4.013158753514289856e-02,-1.631534472107887268e-02
4.315563663840293884e-02,-9.702036529779434204e-02,6.938859224319458008e-01,-8.432712405920028687e-03,-6.770734488964080811e-02,9.272491335868835449e-01,3.681760728359222412e-01,0.000000000000000000e+00,0.000000000000000000e+00,-4.644362628459930420e-02,2.315844893455505371e-01,-1.638321578502655029e-01,-1.797284126281738281e+00,-6.427574902772903442e-02,-1.516958624124526978e-01,5.103629082441329956e-02,1.197717428207397461e+00,-5.494346842169761658e-02,-8.123143315315246582e-01,3.016697764396667480e-01,6.340017169713973999e-02,1.290216326713562012e+00,1.428580731153488159e-01,-2.052319794893264771e-01,-5.939292907714843750e-02,1.495579630136489868e-01,-6.697979569435119629e-02,1.687741726636886597e-01,-4.254637658596038818e-02,-1.591916754841804504e-02
4.260088130831718445e-02,-9.502751380205154419e-02,6.962003111839294434e-01,6.621048087254166603e-04,-5.760535970330238342e-02,9.269775152206420898e-01,3.706667423248291016e-01,0.000000000000000000e+00,0.000000000000000000e+00,-1.032109558582305908e-01,2.421199232339859009e-01,-2.244785130023956299e-01,-1.694259881973266602e+00,-1.322200745344161987e-01,-2.297124415636062622e-01,-8.797613531351089478e-02,1.325939059257507324e+00,-7.141785323619842529e-02,-7.971817851066589355e-01,3.061564862728118896e-01,3.654709458351135254e-02,1.225785613059997559e+00,1.328990906476974487e-01,-2.078396528959274292e-01,-3.166542202234268188e-02,1.201781034469604492e-01,-4.745889827609062195e-02,1.458324491977691650e-01,-3.717502951622009277e-02,-9.269108995795249939e-04
4.172072559595108032e-02,-9.703031927347183228e-02,6.954067945480346680e-01,2.025280147790908813e-02,-5.978861451148986816e-02,9.268335103988647461e-01,3.701281249523162842e-01,0.000000000000000000e+00,0.000000000000000000e+00,-1.818179786205291748e-01,2.129163295030593872e-01,-3.557433784008026123e-01,-1.615713357925415039e+00,-2.021784633398056030e-01,-2.536493241786956787e-01,-2.701886594295501709e-01,1.431395411491394043e+00,-8.191170543432235718e-02,-7.149230837821960449e-01,3.049521744251251221e-01,8.607779629528522491e-03,1.119120359420776367e+00,1.283383220434188843e-01,-1.955312043428421021e-01,2.579673891887068748e-03,9.944621473550796509e-02,-3.757227584719657898e-02,1.629683971405029297e-01,-3.245637938380241394e-02,8.640093728899955750e-03
3.927588462829589844e-02,-1.012661755084991455e-01,6.929767727851867676e-01,4.160272702574729919e-02,-6.659511476755142212e-02,9.263682961463928223e-01,3.683423399925231934e-01,0.000000000000000000e+00,0.000000000000000000e+00,-2.806662023067474365e-01,1.253448426723480225e-01,-5.206598639488220215e-01,-1.583434104919433594e+00,-2.813388407230377197e-01,-2.356972694396972656e-01,-4.607976973056793213e-01,1.519221067428588867e+00,-9.666632860898971558e-02,-5.840415358543395996e-01,2.935976088047027588e-01,2.636904537212103605e-04,9.856526851654052734e-01,1.277945637702941895e-01,-1.816214025020599365e-01,1.493823062628507614e-02,7.953497767448425293e-02,-2.397645823657512665e-02,2.316350638866424561e-01,-4.458473995327949524e-02,1.681453362107276917e-02
3.516522422432899475e-02,-1.076869517564773560e-01,6.885251402854919434e-01,6.319801509380340576e-02,-7.790222018957138062e-02,9.246850609779357910e-01,3.672802150249481201e-01,0.000000000000000000e+00,0.000000000000000000e+00,-3.608789741992950439e-01,2.807632088661193848e-02,-6.418830156326293945e-01,-1.604963183403015137e+00,-3.461494743824005127e-01,-2.031523287296295166e-01,-6.062245965003967285e-01,1.590235233306884766e+00,-1.127489581704139709e-01,-4.276339411735534668e-01,2.662484645843505859e-01,1.500736642628908157e-02,8.320308923721313477e-01,1.229214742779731750e-01,-1.604622900485992432e-01,9.934203699231147766e-03,6.428361684083938599e-02,-1.171278068795800209e-03,3.361263573169708252e-01,-6.870974600315093994e-02,2.969263307750225067e-02
3.000939451158046722e-02,-1.136965528130531311e-01,6.836920976638793945e-01,8.065231889486312866e-02,-8.541772514581680298e-02,9.234963655471801758e-01,3.651760220527648926e-01,0.000000000000000000e+00,0.000000000000000000e+00,-4.203886389732360840e-01,-6.362799555063247681e-02,-7.247480750083923340e-01,-1.657549619674682617e+00,-3.893790841102600098e-01,-1.731764376163482666e-01,-6.966830492019653320e-01,1.659708380699157715e+00,-1.284308582544326782e-01,-2.868748605251312256e-01,2.336103320121765137e-01,4.521156474947929382e-02,6.972695589065551758e-01,7.929851114749908447e-02,-1.338536888360977173e-01,-1.290325634181499481e-02,4.732027649879455566e-02,2.852809056639671326e-02,4.534852504730224609e-01,-9.867127984762191772e-02,4.084999114274978638e-02
2.456795237958431244e-02,-1.199065595865249634e-01,6.775797009468078613e-01,9.594323486089706421e-02,-9.376537799835205078e-02,9.223362803459167480e-01,3.623517155647277832e-01,0.000000000000000000e+00,0.000000000000000000e+00,-4.625031054019927979e-01,-1.317518204450607300e-01,-7.619268298149108887e-01,-1.707525014877319336e+00,-4.172053933143615723e-01,-1.541847586631774902e-01,-7.494381666183471680e-01,1.703962206840515137e+00,-1.436468362808227539e-01,-1.803432106971740723e-01,2.102656513452529907e-01,9.073034673929214478e-02,6.015475988388061523e-01,-1.013347692787647247e-02,-8.775575459003448486e-02,-3.572982177138328552e-02,3.642702102661132812e-02,6.006023287773132324e-02,5.622603893280029297e-01,-1.170644015073776245e-01,6.243722885847091675e-02
1.875393837690353394e-02,-1.248693242669105530e-01,6.736604571342468262e-01,1.046098694205284119e-01,-9.738521277904510498e-02,9.212231636047363281e-01,3.618296980857849121e-01,0.000000000000000000e+00,0.000000000000000000e+00,-4.950951337814331055e-01,-1.727639883756637573e-01,-7.727730274200439453e-01,-1.742009520530700684e+00,-4.347784221172332764e-01,-1.495526731014251709e-01,-7.708814144134521484e-01,1.725702166557312012e+00,-1.580810993909835815e-01,-1.055623888969421387e-01,1.892232745885848999e-01,1.378447562456130981e-01,5.285500884056091309e-01,-8.729991316795349121e-02,-5.641902610659599304e-02,-6.153813004493713379e-02,2.163079753518104553e-02,7.556144893169403076e-02,6.440823078155517578e-01,-1.099514365196228027e-01,7.319406419992446899e-02
1.438939291983842850e-02,-1.283051073551177979e-01,6.693605780601501465e-01,1.130405589938163757e-01,-8.998609334230422974e-02,9.208114743232727051e-01,3.622576594352722168e-01,0.000000000000000000e+00,0.000000000000000000e+00,-5.031439661979675293e-01,-2.231161296367645264e-01,-7.757673859596252441e-01,-1.749830961227416992e+00,-4.362337589263916016e-01,-1.581859290599822998e-01,-7.813514471054077148e-01,1.758996367454528809e+00,-1.522723287343978882e-01,-1.247429549694061279e-01,1.613651961088180542e-01,1.701873838901519775e-01,5.848357677459716797e-01,-1.840973198413848877e-01,-2.296244539320468903e-02,-1.063650026917457581e-01,-1.111895404756069183e-02,7.413133978843688965e-02,7.456496953964233398e-01,-1.099727451801300049e-01,7.794204354286193848e-02
9.225507266819477081e-03,-1.303949207067489624e-01,6.684257984161376953e-01,1.100409701466560364e-01,-8.749195188283920288e-02,9.207941293716430664e-01,3.638327419757843018e-01,0.000000000000000000e+00,0.000000000000000000e+00,-5.132473111152648926e-01,-2.308085709810256958e-01,-7.770913243293762207e-01,-1.762752532958984375e+00,-4.446071386337280273e-01,-1.647120267152786255e-01,-7.903935313224792480e-01,1.767457008361816406e+00,-1.535391807556152344e-01,-1.414401233196258545e-01,1.576595008373260498e-01,1.952696889638900757e-01,6.153014302253723145e-01,-2.513396441936492920e-01,-1.297508738934993744e-02,-1.427092105150222778e-01,-2.393394708633422852e-02,7.066389918327331543e-02,8.025130033493041992e-01,-1.112973317503929138e-01,8.614674955606460571e-02
5.551302805542945862e-03,-1.310918033123016357e-01,6.690373420715332031e-01,1.049992218613624573e-01,-8.345120400190353394e-02,9.209952950477600098e-01,3.657578229904174805e-01,0.000000000000000000e+00,0.000000000000000000e+00,-5.250640511512756348e-01,-2.206242233514785767e-01,-7.786459922790527344e-01,-1.778902769088745117e+00,-4.570264816284179688e-01,-1.712731122970581055e-01,-7.974833250045776367e-01,1.766736030578613281e+00,-1.513841152191162109e-01,-1.545918732881546021e-01,1.558021903038024902e-01,2.148125171661376953e-01,6.242538094520568848e-01,-2.894780337810516357e-01,-1.314892154186964035e-02,-1.671782881021499634e-01,-3.559739515185356140e-02,6.143100932240486145e-02,8.261228203773498535e-01,-1.172653213143348694e-01,8.192650973796844482e-02
2.653459087014198303e-03,-1.305440515279769897e-01,6.717609167098999023e-01,9.473282843828201294e-02,-7.775487005710601807e-02,9.207992553710937500e-01,3.702818155288696289e-01,0.000000000000000000e+00,0.000000000000000000e+00,-5.372563600540161133e-01,-2.009807676076889038e-01,-7.850756049156188965e-01,-1.800969243049621582e+00,-4.706091880798339844e-01,-1.809116750955581665e-01,-8.061518669128417969e-01,1.765755414962768555e+00,-1.413608193397521973e-01,-1.726966798305511475e-01,1.568609029054641724e-01,2.247241735458374023e-01,6.160702109336853027e-01,-3.026610314846038818e-01,-2.065758407115936279e-02,-1.877547204494476318e-01,-3.914393112063407898e-02,4.931722208857536316e-02,8.237688541412353516e-01,-1.313872337341308594e-01,7.649179548025131226e-02
1.111445715650916100e-03,-1.293670982122421265e-01,6.755977272987365723e-01,8.219232410192489624e-02,-7.244788110256195068e-02,9.201530814170837402e-01,3.759175539016723633e-01,0.000000000000000000e+00,0.000000000000000000e+00,-5.518591403961181641e-01,-1.741088479757308960e-01,-7.975345253944396973e-01,-1.821941733360290527e+00,-4.856311976909637451e-01,-1.902235597372055054e-01,-8.175987601280212402e-01,1.764111042022705078e+00,-1.233536973595619202e-01,-1.914002299308776855e-01,1.623025387525558472e-01,2.279822528362274170e-01,5.943517088890075684e-01,-2.977618873119354248e-01,-3.487599268555641174e-02,-1.998080611228942871e-01,-3.517456725239753723e-02,2.726048044860363007e-02,8.008774518966674805e-01,-1.511024683713912964e-01,7.457598298788070679e-02
5.551374633796513081e-04,-1.275979727506637573e-01,6.808685064315795898e-01,6.591266393661499023e-02,-6.724782288074493408e-02,9.191479682922363281e-01,3.824922144412994385e-01,0.000000000000000000e+00,0.000000000000000000e+00,-5.728162527084350586e-01,-1.493976116180419922e-01,-8.184238076210021973e-01,-1.839013814926147461e+00,-5.031510591506958008e-01,-2.030188441276550293e-01,-8.364973664283752441e-01,1.765320777893066406e+00,-9.685967862606048584e-02,-2.171752601861953735e-01,1.708542853593826294e-01,2.205989807844161987e-01,5.667865276336669922e-01,-2.755782008171081543e-01,-5.095050856471061707e-02,-2.088102102279663086e-01,-1.908914186060428619e-02,4.071803763508796692e-03,7.631554603576660156e-01,-1.606583148241043091e-01,8.583265542984008789e-02
1.558370189741253853e-03,-1.254850327968597412e-01,6.859160065650939941e-01,4.972268268465995789e-02,-6.085060164332389832e-02,9.175936579704284668e-01,3.896751701831817627e-01,0.000000000000000000e+00,0.000000000000000000e+00,-5.964724421501159668e-01,-1.251596063375473022e-01,-8.422592878341674805e-01,-1.850904822349548340e+00,-5.220206379890441895e-01,-2.114841341972351074e-01,-8.600453138351440430e-01,1.766534566879272461e+00,-6.648418307304382324e-02,-2.508857250213623047e-01,1.759054213762283325e-01,2.012498378753662109e-01,5.451949238777160645e-01,-2.385459989309310913e-01,-7.563173025846481323e-02,-2.162594795227050781e-01,1.637676497921347618e-03,-1.650472171604633331e-02,7.170071005821228027e-01,-1.597982943058013916e-01,1.004160866141319275e-01
3.687511896714568138e-03,-1.236130297183990479e-01,6.893798708915710449e-01,3.416881337761878967e-02,-5.456256866455078125e-02,9.152292609214782715e-01,3.977572321891784668e-01,0.000000000000000000e+00,0.000000000000000000e+00,-6.206547021865844727e-01,-1.080115661025047302e-01,-8.692088723182678223e-01,-1.859459400177001953e+00,-5.414338707923889160e-01,-2.105648070573806763e-01,-8.869599103927612305e-01,1.771822929382324219e+00,-3.129600360989570618e-02,-3.083905279636383057e-01,1.889926940202713013e-01,1.834007948637008667e-01,5.528607368469238281e-01,-1.700093001127243042e-01,-1.058145985007286072e-01,-2.260165214538574219e-01,2.491062693297863007e-02,-3.504500165581703186e-02,6.675361990928649902e-01,-1.516223549842834473e-01,1.147637888789176941e-01
6.309135351330041885e-03,-1.218419522047042847e-01,6.903327703475952148e-01,1.816296577453613281e-02,-4.873399063944816589e-02,9.130609035491943359e-01,4.044933915138244629e-01,0.000000000000000000e+00,0.000000000000000000e+00,-6.510888338088989258e-01,-9.859043359756469727e-02,-8.978071212768554688e-01,-1.865691781044006348e+00,-5.622471570968627930e-01,-1.999083012342453003e-01,-9.125078320503234863e-01,1.781504750251770020e+00,-4.604388494044542313e-03,-4.024811387062072754e-01,2.148437947034835815e-01,1.732406914234161377e-01,6.196942925453186035e-01,-6.729795783758163452e-02,-1.409970372915267944e-01,-2.452732026576995850e-01,4.053448513150215149e-02,-5.839413404464721680e-02,6.242495775222778320e-01,-1.578105241060256958e-01,1.167773902416229248e-01
9.604465216398239136e-03,-1.199937313795089722e-01,6.914837360382080078e-01,5.152713507413864136e-03,-4.131797328591346741e-02,9.112660288810729980e-01,4.097077548503875732e-01,0.000000000000000000e+00,0.000000000000000000e+00,-6.793022751808166504e-01,-9.431191533803939819e-02,-9.226846098899841309e-01,-1.874999046325683594e+00,-5.818230509757995605e-01,-1.874449402093887329e-01,-9.295492768287658691e-01,1.795802354812622070e+00,6.213350221514701843e-03,-5.314790010452270508e-01,2.448280751705169678e-01,1.624957025051116943e-01,7.528593540191650391e-01,6.403422355651855469e-02,-1.912188827991485596e-01,-2.715048789978027344e-01,4.525639861822128296e-02,-8.101955801248550415e-02,5.966348648071289062e-01,-1.542817503213882446e-01,1.118180155754089355e-01
1.347669772803783417e-02,-1.181819513440132141e-01,6.913146972656250000e-01,-3.955561202019453049e-03,-3.270148113369941711e-02,9.111940860748291016e-01,4.106583595275878906e-01,0.000000000000000000e+00,0.000000000000000000e+00,-6.994126439094543457e-01,-9.488856792449951172e-02,-9.360210895538330078e-01,-1.881694436073303223e+00,-5.978769659996032715e-01,-1.783045977354049683e-01,-9.380052089691162109e-01,1.811318516731262207e+00,4.325502552092075348e-03,-6.853951811790466309e-01,2.760828435420989990e-01,1.380695551633834839e-01,9.151414036750793457e-01,5.798663571476936340e-02,-2.063115239143371582e-01,-3.011406958103179932e-01,4.332056641578674316e-02,-8.867780864238739014e-02,5.878422856330871582e-01,-1.745927631855010986e-01,1.085707247257232666e-01
1.637667976319789886e-02,-1.165850013494491577e-01,6.916511058807373047e-01,-1.159692183136940002e-02,-2.659937180578708649e-02,9.130288958549499512e-01,4.068614542484283447e-01,0.000000000000000000e+00,0.000000000000000000e+00,-7.176350355148315430e-01,-9.347580373287200928e-02,-9.397379755973815918e-01,-1.879101514816284180e+00,-6.160168647766113281e-01,-1.785454899072647095e-01,-9.398251771926879883e-01,1.808641076087951660e+00,-1.801429875195026398e-02,-7.879040837287902832e-01,3.075501322746276855e-01,1.184676438570022583e-01,1.022909522056579590e+00,7.662307471036911011e-02,-2.196279615163803101e-01,-3.189840018749237061e-01,4.408985003829002380e-02,-8.138363063335418701e-02,5.699833035469055176e-01,-1.901792138814926147e-01,1.132561340928077698e-01
1.755459979176521301e-02,-1.166248396039009094e-01,6.912798285484313965e-01,-1.355770323425531387e-02,-2.429592236876487732e-02,9.143061637878417969e-01,4.040670394897460938e-01,0.000000000000000000e+00,0.000000000000000000e+00,-7.251355051994323730e-01,-9.433963149785995483e-02,-9.262257814407348633e-01,-1.855098724365234375e+00,-6.266561150550842285e-01,-1.716579794883728027e-01,-9.271129369735717773e-01,1.800390243530273438e+00,-5.153578147292137146e-02,-8.863106369972229004e-01,3.558349013328552246e-01,8.242229372262954712e-02,1.152036786079406738e+00,8.867493271827697754e-02,-2.413433343172073364e-01,-3.031492233276367188e-01,5.006716400384902954e-02,-5.637773498892784119e-02,5.185097455978393555e-01,-1.687816232442855835e-01,1.152404099702835083e-01
1.786672696471214294e-02,-1.181961074471473694e-01,6.919399499893188477e-01,-7.510694209486246109e-03,-2.300171367824077606e-02,9.148485660552978516e-01,4.030714631080627441e-01,0.000000000000000000e+00,0.000000000000000000e+00,-7.031468152999877930e-01,-1.015409529209136963e-01,-9.121197462081909180e-01,-1.829416751861572266e+00,-6.159231662750244141e-01,-1.529698520898818970e-01,-9.242087602615356445e-01,1.805910110473632812e+00,-7.456743717193603516e-02,-8.953079581260681152e-01,3.751894235610961914e-01,5.732015520334243774e-02,1.172436714172363281e+00,1.071961224079132080e-01,-2.466064095497131348e-01,-2.894545197486877441e-01,4.498872160911560059e-02,-3.296889364719390869e-02,5.029910206794738770e-01,-1.455111652612686157e-01,1.179876625537872314e-01
1.683979108929634094e-02,-1.209596917033195496e-01,6.932296752929687500e-01,3.206151304766535759e-03,-2.377772890031337738e-02,9.152585864067077637e-01,4.021517932415008545e-01,0.000000000000000000e+00,0.000000000000000000e+00,-6.692858934402465820e-01,-1.078121438622474670e-01,-8.927149772644042969e-01,-1.802791953086853027e+00,-5.970176458358764648e-01,-1.364377439022064209e-01,-9.150065183639526367e-01,1.810915470123291016e+00,-9.500280022621154785e-02,-8.296957015991210938e-01,3.640391826629638672e-01,3.839897736907005310e-02,1.108210682868957520e+00,1.375529468059539795e-01,-2.497054934501647949e-01,-2.638717293739318848e-01,3.517504781484603882e-02,-7.865216583013534546e-03,4.893463551998138428e-01,-1.110813543200492859e-01,1.200538203120231628e-01
1.449502352625131607e-02,-1.244516000151634216e-01,6.939249634742736816e-01,1.626495830714702606e-02,-2.684354223310947418e-02,9.164827466011047363e-01,3.988411426544189453e-01,0.000000000000000000e+00,0.000000000000000000e+00,-6.321011781692504883e-01,-1.092478483915328979e-01,-8.737475275993347168e-01,-1.779571294784545898e+00,-5.743199586868286133e-01,-1.304661631584167480e-01,-8.988149166107177734e-01,1.817839384078979492e+00,-1.118313595652580261e-01,-7.102591991424560547e-01,3.256797194480895996e-01,2.967723086476325989e-02,9.822990298271179199e-01,1.774033457040786743e-01,-2.459945678710937500e-01,-2.385404407978057861e-01,2.362648397684097290e-02,1.838294416666030884e-02,4.932751357555389404e-01,-7.925627380609512329e-02,1.242382004857063293e-01
1.126934774219989777e-02,-1.284885108470916748e-01,6.925696134567260742e-01,3.203528374433517456e-02,-3.142298758029937744e-02,9.180437326431274414e-01,3.939314484596252441e-01,0.000000000000000000e+00,0.000000000000000000e+00,-5.988456010818481445e-01,-1.151905506849288940e-01,-8.572506904602050781e-01,-1.763515233993530273e+00,-5.508466362953186035e-01,-1.366857141256332397e-01,-8.826106190681457520e-01,1.826493740081787109e+00,-1.301630437374114990e-01,-5.665692687034606934e-01,2.742494344711303711e-01,3.122924268245697021e-02,8.347372412681579590e-01,2.092881500720977783e-01,-2.355417162179946899e-01,-2.244184017181396484e-01,9.498498402535915375e-03,4.548910632729530334e-02,5.306652188301086426e-01,-5.934149771928787231e-02,1.269021928310394287e-01
7.007061503827571869e-03,-1.325118839740753174e-01,6.891955137252807617e-01,4.679508879780769348e-02,-3.655827790498733521e-02,9.197492003440856934e-01,3.879885971546173096e-01,0.000000000000000000e+00,0.000000000000000000e+00,-5.723752379417419434e-01,-1.211062148213386536e-01,-8.439493179321289062e-01,-1.751765489578247070e+00,-5.291427969932556152e-01,-1.490679234266281128e-01,-8.655890226364135742e-01,1.832620263099670410e+00,-1.488350480794906616e-01,-4.287396073341369629e-01,2.210050821304321289e-01,3.786608576774597168e-02,6.939416527748107910e-01,2.059563994407653809e-01,-2.140373587608337402e-01,-2.257828116416931152e-01,-3.225669497624039650e-03,7.266230881214141846e-02,5.962986946105957031e-01,-5.733959376811981201e-02,1.339805573225021362e-01
1.679424545727670193e-03,-1.363963484764099121e-01,6.837425827980041504e-01,5.770802497863769531e-02,-4.283623397350311279e-02,9.214375019073486328e-01,3.818216323852539062e-01,0.000000000000000000e+00,0.000000000000000000e+00,-5.533920526504516602e-01,-1.227802559733390808e-01,-8.358426094055175781e-01,-1.744508504867553711e+00,-5.114027857780456543e-01,-1.716882735490798950e-01,-8.438987731933593750e-01,1.828578591346740723e+00,-1.613517403602600098e-01,-3.279091715812683105e-01,1.783766746520996094e-01,5.363826453685760498e-02,5.982778072357177734e-01,1.496876031160354614e-01,-1.814384907484054565e-01,-2.359963059425354004e-01,-7.095267996191978455e-03,1.022605672478675842e-01,6.728243231773376465e-01,-7.405437529087066650e-02,1.479383707046508789e-01
-4.183650016784667969e-03,-1.399217993021011353e-01,6.781075596809387207e-01,6.383198499679565430e-02,-4.874191433191299438e-02,9.227659702301025391e-01,3.768986761569976807e-01,0.000000000000000000e+00,0.000000000000000000e+00,-5.453917980194091797e-01,-1.239262670278549194e-01,-8.292497992515563965e-01,-1.742764949798583984e+00,-5.023866295814514160e-01,-1.921277940273284912e-01,-8.209599256515502930e-01,1.815283894538879395e+00,-1.716646552085876465e-01,-2.637816369533538818e-01,1.530120968818664551e-01,8.049071580171585083e-02,5.376598238945007324e-01,6.533754616975784302e-02,-1.424019485712051392e-01,-2.498688697814941406e-01,-1.003547478467226028e-02,1.198933050036430359e-01,7.398889064788818359e-01,-9.453482925891876221e-02,1.625932753086090088e-01
-1.061587221920490265e-02,-1.422273218631744385e-01,6.753474473953247070e-01,6.111164763569831848e-02,-5.156929790973663330e-02,9.242485165596008301e-01,3.733238577842712402e-01,0.000000000000000000e+00,0.000000000000000000e+00,-5.439829230308532715e-01,-1.242990717291831970e-01,-8.243147134780883789e-01,-1.746067643165588379e+00,-5.017504692077636719e-01,-2.116784602403640747e-01,-8.019260764122009277e-01,1.792111277580261230e+00,-1.768335253000259399e-01,-2.376444488763809204e-01,1.435210704803466797e-01,1.093118041753768921e-01,5.053673386573791504e-01,-2.011667937040328979e-02,-1.003528833389282227e-01,-2.701592743396759033e-01,-1.717952266335487366e-02,1.134149804711341858e-01,7.878534197807312012e-01,-1.059196218848228455e-01,1.651821136474609375e-01
-1.574260741472244263e-02,-1.438211798667907715e-01,6.750486493110656738e-01,5.749532952904701233e-02,-5.189374089241027832e-02,9.257120490074157715e-01,3.702141940593719482e-01,0.000000000000000000e+00,0.000000000000000000e+00,-5.504982471466064453e-01,-1.221350282430648804e-01,-8.217629790306091309e-01,-1.753817558288574219e+00,-5.078744888305664062e-01,-2.193843126296997070e-01,-7.889009714126586914e-01,1.774174332618713379e+00,-1.758088916540145874e-01,-2.273472845554351807e-01,1.378868073225021362e-01,1.300589740276336670e-01,4.832404255867004395e-01,-6.791704893112182617e-02,-7.731667906045913696e-02,-2.836349010467529297e-01,-2.999989129602909088e-02,9.400524199008941650e-02,8.171449303627014160e-01,-1.011837124824523926e-01,1.527017354965209961e-01
-1.949834264814853668e-02,-1.449521631002426147e-01,6.756944656372070312e-01,5.235221609473228455e-02,-5.207757651805877686e-02,9.274618029594421387e-01,3.665539026260375977e-01,0.000000000000000000e+00,0.000000000000000000e+00,-5.604327321052551270e-01,-1.170694828033447266e-01,-8.229236602783203125e-01,-1.765240311622619629e+00,-5.187121033668518066e-01,-2.205312401056289673e-01,-7.818577289581298828e-01,1.758091568946838379e+00,-1.731733083724975586e-01,-2.275396138429641724e-01,1.355834305286407471e-01,1.374710798263549805e-01,4.657063484191894531e-01,-9.038192033767700195e-02,-7.079396396875381470e-02,-2.890988290309906006e-01,-3.884674981236457825e-02,6.747973710298538208e-02,8.265797495841979980e-01,-1.110407337546348572e-01,1.346489936113357544e-01
-2.138620242476463318e-02,-1.458753496408462524e-01,6.757982969284057617e-01,4.783481359481811523e-02,-4.953118786215782166e-02,9.283900260925292969e-01,3.651717901229858398e-01,0.000000000000000000e+00,0.000000000000000000e+00,-5.648719072341918945e-01,-1.242184489965438843e-01,-8.262685537338256836e-01,-1.774357795715332031e+00,-5.207850337028503418e-01,-2.193484157323837280e-01,-7.826763391494750977e-01,1.754394769668579102e+00,-1.724314242601394653e-01,-2.564669549465179443e-01,1.348295956850051880e-01,1.449908614158630371e-01,4.940876960754394531e-01,-1.136748492717742920e-01,-6.654270738363265991e-02,-3.060914576053619385e-01,-4.114541038870811462e-02,5.243282392621040344e-02,8.427418470382690430e-01,-1.359252482652664185e-01,1.220097392797470093e-01
-2.214640751481056213e-02,-1.461511999368667603e-01,6.772153377532958984e-01,4.030540212988853455e-02,-4.829784482717514038e-02,9.296647906303405762e-01,3.629961013793945312e-01,0.000000000000000000e+00,0.000000000000000000e+00,-5.709852576255798340e-01,-1.230635568499565125e-01,-8.336199522018432617e-01,-1.785060286521911621e+00,-5.315704941749572754e-01,-2.167142778635025024e-01,-7.893440127372741699e-01,1.753774285316467285e+00,-1.652841866016387939e-01,-2.865337729454040527e-01,1.401231586933135986e-01,1.419303417205810547e-01,5.129282474517822266e-01,-1.272338330745697021e-01,-6.955318897962570190e-02,-3.129247725009918213e-01,-3.086163848638534546e-02,3.873054683208465576e-02,8.394705653190612793e-01,-1.652451455593109131e-01,1.135829761624336243e-01
-2.195703983306884766e-02,-1.461489796638488770e-01,6.798567175865173340e-01,3.044031187891960144e-02,-4.867469891905784607e-02,9.299924969673156738e-01,3.630676567554473877e-01,0.000000000000000000e+00,0.000000000000000000e+00,-5.818191170692443848e-01,-1.041678041219711304e-01,-8.455124497413635254e-01,-1.781863689422607422e+00,-5.516421794891357422e-01,-2.100733667612075806e-01,-7.963837981224060059e-01,1.748870015144348145e+00,-1.310728937387466431e-01,-2.936599850654602051e-01,1.435628086328506470e-01,1.148183122277259827e-01,4.657563269138336182e-01,-9.432291984558105469e-02,-8.596629649400711060e-02,-2.827954888343811035e-01,-2.117758616805076599e-02,-2.684890292584896088e-03,7.716552615165710449e-01,-1.815784722566604614e-01,1.059319376945495605e-01
-1.929900795221328735e-02,-1.454454511404037476e-01,6.802981495857238770e-01,2.362838760018348694e-02,-4.365035891532897949e-02,9.312599301338195801e-01,3.609589040279388428e-01,0.000000000000000000e+00,0.000000000000000000e+00,-5.893872380256652832e-01,-1.125758290290832520e-01,-8.533081412315368652e-01,-1.785837888717651367e+00,-5.624604821205139160e-01,-2.073677927255630493e-01,-8.079316616058349609e-01,1.759335875511169434e+00,-1.271129101514816284e-01,-3.423271775245666504e-01,1.460651904344558716e-01,1.118569597601890564e-01,5.071507096290588379e-01,-9.677437692880630493e-02,-9.391100704669952393e-02,-3.009042143821716309e-01,-1.476165466010570526e-02,-1.257693301886320114e-02,7.716926336288452148e-01,-2.208707183599472046e-01,9.972549974918365479e-02
-1.687716320157051086e-02,-1.442269086837768555e-01,6.809421181678771973e-01,1.254935469478368759e-02,-3.998378291726112366e-02,9.316550493240356445e-01,3.609192371368408203e-01,0.000000000000000000e+00,0.000000000000000000e+00,-6.129586696624755859e-01,-9.512878954410552979e-02,-8.671917915344238281e-01,-1.769536018371582031e+00,-5.870677232742309570e-01,-2.015739530324935913e-01,-8.281066417694091797e-01,1.765092134475708008e+00,-1.011849269270896912e-01,-4.095492959022521973e-01,1.554555147886276245e-01,8.916800469160079956e-02,5.478831529617309570e-01,-5.625094100832939148e-02,-1.256851553916931152e-01,-2.924083471298217773e-01,-9.571289643645286560e-03,-4.850905016064643860e-02,7.194343209266662598e-01,-2.562451958656311035e-01,8.815883100032806396e-02
-1.411043945699930191e-02,-1.430307924747467041e-01,6.816518306732177734e-01,2.232571365311741829e-03,-3.499944880604743958e-02,9.314953684806823730e-01,3.620585501194000244e-01,0.000000000000000000e+00,0.000000000000000000e+00,-6.421234011650085449e-01,-8.695807307958602905e-02,-8.853744864463806152e-01,-1.759554147720336914e+00,-6.107221245765686035e-01,-1.893825232982635498e-01,-8.523990511894226074e-01,1.779416322708129883e+00,-9.018289297819137573e-02,-4.987156391143798828e-01,1.672302782535552979e-01,7.569248974323272705e-02,6.261667609214782715e-01,5.357716232538223267e-02,-1.774256080389022827e-01,-3.073879778385162354e-01,-9.581007063388824463e-03,-7.822358608245849609e-02,6.958671212196350098e-01,-2.713222205638885498e-01,7.722603529691696167e-02
-1.046667899936437607e-02,-1.408567577600479126e-01,6.848098635673522949e-01,-4.509123507887125015e-03,-2.377927675843238831e-02,9.319184422492980957e-01,3.618594408035278320e-01,0.000000000000000000e+00,0.000000000000000000e+00,-6.634305119514465332e-01,-9.280067682266235352e-02,-9.083318710327148438e-01,-1.761671781539916992e+00,-6.313881278038024902e-01,-1.853316575288772583e-01,-8.730340003967285156e-01,1.797772645950317383e+00,-9.512001276016235352e-02,-6.007645130157470703e-01,1.688986271619796753e-01,6.611346453428268433e-02,7.114823460578918457e-01,7.004240900278091431e-02,-2.165295034646987915e-01,-3.407078981399536133e-01,-2.248632162809371948e-02,-9.011799097061157227e-02,7.036750912666320801e-01,-2.767245173454284668e-01,7.076968997716903687e-02
-9.057956747710704803e-03,-1.393581330776214600e-01,6.879016757011413574e-01,-1.488554198294878006e-02,-1.720327883958816528e-02,9.311732053756713867e-01,3.638666868209838867e-01,0.000000000000000000e+00,0.000000000000000000e+00,-6.853093504905700684e-01,-7.093036919832229614e-02,-9.330632686614990234e-01,-1.741921067237854004e+00,-6.510909199714660645e-01,-1.742159575223922729e-01,-9.056224226951599121e-01,1.817861199378967285e+00,-9.585814177989959717e-02,-7.457110881805419922e-01,2.085825651884078979e-01,4.609161615371704102e-02,8.761982321739196777e-01,6.567279249429702759e-02,-2.509898245334625244e-01,-3.417067229747772217e-01,-2.168533392250537872e-02,-1.010139808058738708e-01,6.484048366546630859e-01,-2.493838667869567871e-01,7.065533846616744995e-02
-8.193407207727432251e-03,-1.388248503208160400e-01,6.906692981719970703e-01,-1.847393810749053955e-02,-1.193028874695301056e-02,9.307944774627685547e-01,3.648808896541595459e-01,0.000000000000000000e+00,0.000000000000000000e+00,-6.888058781623840332e-01,-5.884243920445442200e-02,-9.437948465347290039e-01,-1.731376409530639648e+00,-6.549364328384399414e-01,-1.626679301261901855e-01,-9.261227250099182129e-01,1.836273670196533203e+00,-1.124361678957939148e-01,-8.324553370475769043e-01,2.528218626976013184e-01,3.008840978145599365e-02,1.006598711013793945e+00,8.560283482074737549e-02,-2.670324444770812988e-01,-3.324127197265625000e-01,-2.236014790832996368e-02,-9.682485461235046387e-02,5.968160629272460938e-01,-2.116421759128570557e-01,7.118470221757888794e-02
-8.153910748660564423e-03,-1.400527805089950562e-01,6.928111910820007324e-01,-1.622920669615268707e-02,-1.143690384924411774e-02,9.312261939048767090e-01,3.639004528522491455e-01,0.000000000000000000e+00,0.000000000000000000e+00,-6.715154051780700684e-01,-5.202056840062141418e-02,-9.425619244575500488e-01,-1.714230537414550781e+00,-6.424491405487060547e-01,-1.517084389925003052e-01,-9.358374476432800293e-01,1.848556280136108398e+00,-1.317582428455352783e-01,-8.536542654037475586e-01,2.833202481269836426e-01,1.207253430038690567e-02,1.072375416755676270e+00,1.132224574685096741e-01,-2.702894508838653564e-01,-3.083632290363311768e-01,-2.137561701238155365e-02,-8.889620751142501831e-02,5.487101674079895020e-01,-1.624896079301834106e-01,7.899735867977142334e-02
-8.921617642045021057e-03,-1.427485197782516479e-01,6.949620246887207031e-01,-8.255786262452602386e-03,-1.354998629540205002e-02,9.319000244140625000e-01,3.623680174350738525e-01,0.000000000000000000e+00,0.000000000000000000e+00,-6.440377831459045410e-01,-5.221788212656974792e-02,-9.302239418029785156e-01,-1.694940924644470215e+00,-6.207068562507629395e-01,-1.364559531211853027e-01,-9.344133138656616211e-01,1.854839324951171875e+00,-1.459237337112426758e-01,-8.181179761886596680e-01,2.949984669685363770e-01,-1.386331510730087757e-03,1.075507402420043945e+00,1.445401608943939209e-01,-2.685505747795104980e-01,-2.683745622634887695e-01,-2.406266145408153534e-02,-7.690042257308959961e-02,4.976744651794433594e-01,-9.657850116491317749e-02,8.989664167165756226e-02
-1.043367572128772736e-02,-1.472713649272918701e-01,6.951426267623901367e-01,5.473336670547723770e-03,-2.080338820815086365e-02,9.330386519432067871e-01,3.591324090957641602e-01,0.000000000000000000e+00,0.000000000000000000e+00,-5.994896292686462402e-01,-6.093718111515045166e-02,-9.048970937728881836e-01,-1.667293548583984375e+00,-5.849105715751647949e-01,-1.180416345596313477e-01,-9.247811436653137207e-01,1.853442549705505371e+00,-1.547996848821640015e-01,-7.210494279861450195e-01,2.800588607788085938e-01,5.122150760143995285e-04,1.002001881599426270e+00,1.871651560068130493e-01,-2.622978687286376953e-01,-2.179396152496337891e-01,-2.772735431790351868e-02,-6.012356281280517578e-02,4.572083055973052979e-01,-2.475091069936752319e-02,1.212394312024116516e-01
-1.291190087795257568e-02,-1.525073647499084473e-01,6.936121582984924316e-01,2.140021324157714844e-02,-3.005897440016269684e-02,9.342224597930908203e-01,3.547772169113159180e-01,0.000000000000000000e+00,0.000000000000000000e+00,-5.496947169303894043e-01,-6.746346503496170044e-02,-8.753505945205688477e-01,-1.639095902442932129e+00,-5.473914742469787598e-01,-1.070128530263900757e-01,-9.047704339027404785e-01,1.853457689285278320e+00,-1.573042571544647217e-01,-5.908854603767395020e-01,2.481861859560012817e-01,1.342785451561212540e-02,8.865711092948913574e-01,2.164574712514877319e-01,-2.495205402374267578e-01,-1.728225201368331909e-01,-3.304588422179222107e-02,-4.075542464852333069e-02,4.452634155750274658e-01,2.733809687197208405e-02,1.543454378843307495e-01
-1.573277823626995087e-02,-1.575471758842468262e-01,6.908246278762817383e-01,3.898483142256736755e-02,-3.690818697214126587e-02,9.348176121711730957e-01,3.510469496250152588e-01,0.000000000000000000e+00,0.000000000000000000e+00,-5.103782415390014648e-01,-7.179936021566390991e-02,-8.499829173088073730e-01,-1.617118477821350098e+00,-5.128321647644042969e-01,-1.058147698640823364e-01,-8.758479952812194824e-01,1.853895664215087891e+00,-1.593547016382217407e-01,-4.599651396274566650e-01,2.137607932090759277e-01,3.231928125023841858e-02,7.638882994651794434e-01,2.221407145261764526e-01,-2.246094644069671631e-01,-1.387089192867279053e-01,-5.120744928717613220e-02,-3.690634667873382568e-02,4.617109298706054688e-01,4.291575402021408081e-02,1.581429839134216309e-01
-1.891537941992282867e-02,-1.622152179479598999e-01,6.864096522331237793e-01,5.480645969510078430e-02,-4.314274340867996216e-02,9.357584714889526367e-01,3.456748425960540771e-01,0.000000000000000000e+00,0.000000000000000000e+00,-4.782001674175262451e-01,-7.282913476228713989e-02,-8.287105560302734375e-01,-1.595820307731628418e+00,-4.820400476455688477e-01,-1.128937155008316040e-01,-8.445872664451599121e-01,1.853269100189208984e+00,-1.583432406187057495e-01,-3.399116396903991699e-01,1.754951924085617065e-01,5.306259542703628540e-02,6.456283330917358398e-01,2.047243118286132812e-01,-1.960332095623016357e-01,-1.180691197514533997e-01,-6.583505868911743164e-02,-2.809529006481170654e-02,5.053686499595642090e-01,3.344743698835372925e-02,1.557685881853103638e-01
-2.167127653956413269e-02,-1.670958548784255981e-01,6.803023815155029297e-01,7.003509998321533203e-02,-5.084006488323211670e-02,9.365962147712707520e-01,3.395554125308990479e-01,0.000000000000000000e+00,0.000000000000000000e+00,-4.594016969203948975e-01,-6.690096110105514526e-02,-8.111976385116577148e-01,-1.573973059654235840e+00,-4.642208218574523926e-01,-1.256130635738372803e-01,-8.179475665092468262e-01,1.848016262054443359e+00,-1.543914675712585449e-01,-2.477394491434097290e-01,1.427799910306930542e-01,6.889602541923522949e-02,5.582102537155151367e-01,1.480763256549835205e-01,-1.577664166688919067e-01,-1.048840060830116272e-01,-7.317353039979934692e-02,-1.767171546816825867e-02,5.676380991935729980e-01,2.966563962399959564e-02,1.502393931150436401e-01
-2.409617789089679718e-02,-1.714533269405364990e-01,6.761258840560913086e-01,8.087757974863052368e-02,-5.612401664257049561e-02,9.370981454849243164e-01,3.348968923091888428e-01,0.000000000000000000e+00,0.000000000000000000e+00,-4.454309940338134766e-01,-5.458124354481697083e-02,-7.979526519775390625e-01,-1.557360649108886719e+00,-4.553361833095550537e-01,-1.412932574748992920e-01,-8.049245476722717285e-01,1.843449115753173828e+00,-1.503836363554000854e-01,-1.811177730560302734e-01,1.186857298016548157e-01,8.563039451837539673e-02,4.895433187484741211e-01,8.529601246118545532e-02,-1.179776415228843689e-01,-1.000051945447921753e-01,-7.791502773761749268e-02,-9.087709710001945496e-03,6.272101998329162598e-01,2.194212004542350769e-02,1.365945190191268921e-01
-2.607631683349609375e-02,-1.754805445671081543e-01,6.749884486198425293e-01,8.576910942792892456e-02,-5.943184345960617065e-02,9.371927380561828613e-01,3.328382968902587891e-01,0.000000000000000000e+00,0.000000000000000000e+00,-4.395833611488342285e-01,-4.575452581048011780e-02,-7.843983173370361328e-01,-1.547173023223876953e+00,-4.540621638298034668e-01,-1.558490097522735596e-01,-7.993334531784057617e-01,1.835905909538269043e+00,-1.431036293506622314e-01,-1.415324658155441284e-01,1.055267825722694397e-01,1.046242937445640564e-01,4.397093653678894043e-01,3.663039207458496094e-02,-8.440624177455902100e-02,-1.013201028108596802e-01,-7.976738363504409790e-02,-9.106614626944065094e-03,6.718481183052062988e-01,1.031949557363986969e-02,1.245069354772567749e-01
-2.685832045972347260e-02,-1.789631843566894531e-01,6.742703318595886230e-01,8.589738607406616211e-02,-6.019410490989685059e-02,9.372847080230712891e-01,3.324088752269744873e-01,0.000000000000000000e+00,0.000000000000000000e+00,-4.389756023883819580e-01,-3.879980742931365967e-02,-7.768440842628479004e-01,-1.542775392532348633e+00,-4.638725221157073975e-01,-1.679225862026214600e-01,-8.071294426918029785e-01,1.838257670402526855e+00,-1.312697976827621460e-01,-1.286809593439102173e-01,9.873418509960174561e-02,1.170203983783721924e-01,4.116111695766448975e-01,-3.897022455930709839e-03,-5.851366370916366577e-02,-1.078727245330810547e-01,-7.539379596710205078e-02,-1.082690525799989700e-02,7.051671743392944336e-01,-2.015879191458225250e-02,1.094085350632667542e-01
-2.566825039684772491e-02,-1.819787770509719849e-01,6.739400625228881836e-01,8.354631811380386353e-02,-5.924483016133308411e-02,9.374316930770874023e-01,3.327640593051910400e-01,0.000000000000000000e+00,0.000000000000000000e+00,-4.407879114151000977e-01,-3.441537171602249146e-02,-7.765662670135498047e-01,-1.550274729728698730e+00,-4.789144694805145264e-01,-1.766336858272552490e-01,-8.257968425750732422e-01,1.843857049942016602e+00,-1.197889521718025208e-01,-1.355168223381042480e-01,9.656506776809692383e-02,1.205640360713005066e-01,3.980001807212829590e-01,-2.341353148221969604e-02,-4.679282754659652710e-02,-1.095706522464752197e-01,-6.384872645139694214e-02,-1.861904934048652649e-02,7.148303389549255371e-01,-6.063634902238845825e-02,9.476979821920394897e-02
-2.308679372072219849e-02,-1.845990568399429321e-01,6.748148798942565918e-01,7.668660581111907959e-02,-5.630001798272132874e-02,9.368777275085449219e-01,3.364664018154144287e-01,0.000000000000000000e+00,0.000000000000000000e+00,-4.488776922225952148e-01,-3.554561361670494080e-02,-7.845946550369262695e-01,-1.562228441238403320e+00,-4.981781244277954102e-01,-1.679753065109252930e-01,-8.538849353790283203e-01,1.868474721908569336e+00,-1.067833825945854187e-01,-1.613362133502960205e-01,9.940173476934432983e-02,1.193493902683258057e-01,3.953853845596313477e-01,-2.403736114501953125e-02,-5.364566668868064880e-02,-1.085506975650787354e-01,-4.586251825094223022e-02,-3.331742808222770691e-02,6.972219347953796387e-01,-1.064648926258087158e-01,8.417534828186035156e-02
-1.892631128430366516e-02,-1.869329214096069336e-01,6.760134696960449219e-01,6.787190586328506470e-02,-5.130263417959213257e-02,9.351037144660949707e-01,3.440094888210296631e-01,0.000000000000000000e+00,0.000000000000000000e+00,-4.687480628490447998e-01,-5.046456679701805115e-02,-8.035088181495666504e-01,-1.589770793914794922e+00,-5.185066461563110352e-01,-1.406976282596588135e-01,-8.936908841133117676e-01,1.909770965576171875e+00,-9.435035288333892822e-02,-2.067049145698547363e-01,1.057538390159606934e-01,1.162455379962921143e-01,4.154852628707885742e-01,-9.827696718275547028e-03,-6.796294450759887695e-02,-1.008152067661285400e-01,-2.437450177967548370e-02,-5.430272221565246582e-02,6.531045436859130859e-01,-1.483502238988876343e-01,7.160024344921112061e-02
-1.353032700717449188e-02,-1.893035322427749634e-01,6.759845018386840820e-01,5.795207247138023376e-02,-4.581001400947570801e-02,9.320710301399230957e-01,3.546639978885650635e-01,0.000000000000000000e+00,0.000000000000000000e+00,-4.957747161388397217e-01,-8.482894301414489746e-02,-8.420654535293579102e-01,-1.661133050918579102e+00,-5.448931455612182617e-01,-7.694787532091140747e-02,-9.411530494689941406e-01,1.966634035110473633e+00,-8.483379334211349487e-02,-2.868474721908569336e-01,1.209736764430999756e-01,1.068280190229415894e-01,4.804061651229858398e-01,5.102700367569923401e-02,-9.718532115221023560e-02,-9.801528602838516235e-02,3.938045992981642485e-04,-7.443972676992416382e-02,5.975360870361328125e-01,-1.690845787525177002e-01,6.040330976247787476e-02
-7.434374652802944183e-03,-1.929255425930023193e-01,6.786854863166809082e-01,4.872825369238853455e-02,-4.507343471050262451e-02,9.280196428298950195e-01,3.665698766708374023e-01,0.000000000000000000e+00,0.000000000000000000e+00,-5.388486385345458984e-01,-1.389179080724716187e-01,-8.839311003684997559e-01,-1.769192814826965332e+00,-5.797529816627502441e-01,2.739774622023105621e-02,-9.722408652305603027e-01,2.025937557220458984e+00,-8.166453987360000610e-02,-4.047475159168243408e-01,1.483001410961151123e-01,1.029244214296340942e-01,5.865419507026672363e-01,1.765158176422119141e-01,-1.421749144792556763e-01,-1.101356074213981628e-01,1.990839280188083649e-02,-1.089295670390129089e-01,5.527923107147216797e-01,-1.533788889646530151e-01,4.983391612768173218e-02
-1.954593230038881302e-03,-1.958743780851364136e-01,6.803393959999084473e-01,3.560418635606765747e-02,-4.150487482547760010e-02,9.240697026252746582e-01,3.782920539379119873e-01,0.000000000000000000e+00,0.000000000000000000e+00,-6.024980545043945312e-01,-2.189495712518692017e-01,-9.015617370605468750e-01,-1.896286964416503906e+00,-6.307957768440246582e-01,1.559654772281646729e-01,-9.616469144821166992e-01,2.081536769866943359e+00,-9.093977510929107666e-02,-5.813266038894653320e-01,1.733087748289108276e-01,8.659616112709045410e-02,7.553614974021911621e-01,1.311692744493484497e-01,-1.713832616806030273e-01,-1.466792076826095581e-01,2.896723337471485138e-02,-1.375840455293655396e-01,5.329847931861877441e-01,-1.724288910627365112e-01,2.943775616586208344e-02
2.613254822790622711e-03,-1.991382241249084473e-01,6.792455911636352539e-01,2.365798689424991608e-02,-4.226416721940040588e-02,9.206563830375671387e-01,3.873575329780578613e-01,0.000000000000000000e+00,0.000000000000000000e+00,-6.741704940795898438e-01,-3.169911801815032959e-01,-8.669468164443969727e-01,-2.024015426635742188e+00,-6.860093474388122559e-01,2.981678843498229980e-01,-8.917670845985412598e-01,2.086436271667480469e+00,-9.545677155256271362e-02,-7.324977517127990723e-01,2.339488863945007324e-01,1.042233780026435852e-01,9.604528546333312988e-01,1.269506365060806274e-01,-1.749832034111022949e-01,-1.841093450784683228e-01,4.668201133608818054e-02,-1.497095078229904175e-01,5.273823142051696777e-01,-1.904414147138595581e-01,2.863155864179134369e-02
7.074426393955945969e-03,-2.036616653203964233e-01,6.779207587242126465e-01,2.053076215088367462e-02,-4.650419950485229492e-02,9.172202944755554199e-01,3.951237797737121582e-01,0.000000000000000000e+00,0.000000000000000000e+00,-7.218153476715087891e-01,-4.274792075157165527e-01,-7.700201272964477539e-01,-2.149595022201538086e+00,-7.214477658271789551e-01,4.382643401622772217e-01,-7.618425488471984863e-01,2.044013500213623047e+00,-1.027477905154228210e-01,-8.275103569030761719e-01,2.911948561668395996e-01,1.253862977027893066e-01,1.150344848632812500e+00,1.306905299425125122e-01,-1.793868392705917358e-01,-1.948867142200469971e-01,6.464166194200515747e-02,-1.452152729034423828e-01,5.103824734687805176e-01,-1.832458078861236572e-01,3.347639739513397217e-02
1.035479269921779633e-02,-2.091561555862426758e-01,6.765095591545104980e-01,2.261101640760898590e-02,-5.312883481383323669e-02,9.136507511138916016e-01,4.023783802986145020e-01,0.000000000000000000e+00,0.000000000000000000e+00,-7.245985865592956543e-01,-5.277293920516967773e-01,-6.091988086700439453e-01,-2.265327453613281250e+00,-6.978049278259277344e-01,5.281708836555480957e-01,-5.830122232437133789e-01,1.965342521667480469e+00,-1.080821380019187927e-01,-8.444837331771850586e-01,3.297592997550964355e-01,1.450941562652587891e-01,1.294517397880554199e+00,1.369515657424926758e-01,-1.911808401346206665e-01,-1.860968768596649170e-01,7.858087867498397827e-02,-1.408796161413192749e-01,4.852991998195648193e-01,-1.709465086460113525e-01,3.783292323350906372e-02
1.187749765813350677e-02,-2.138603329658508301e-01,6.767089366912841797e-01,2.395982295274734497e-02,-5.562796071171760559e-02,9.105542302131652832e-01,4.089283645153045654e-01,0.000000000000000000e+00,0.000000000000000000e+00,-6.953104138374328613e-01,-5.826609134674072266e-01,-3.939168751239776611e-01,-2.384223222732543945e+00,-6.223593354225158691e-01,5.281640291213989258e-01,-3.652010560035705566e-01,1.877903103828430176e+00,-1.076335906982421875e-01,-7.858198881149291992e-01,3.522506952285766602e-01,1.710880249738693237e-01,1.332239151000976562e+00,1.303026378154754639e-01,-1.956531554460525513e-01,-1.676169335842132568e-01,8.214604109525680542e-02,-1.440413296222686768e-01,4.412409067153930664e-01,-1.546276211738586426e-01,4.255022108554840088e-02
1.194827817380428314e-02,-2.202885895967483521e-01,6.750689744949340820e-01,3.061601519584655762e-02,-6.502185761928558350e-02,9.070427417755126953e-01,4.148594141006469727e-01,0.000000000000000000e+00,0.000000000000000000e+00,-6.676995158195495605e-01,-5.428345799446105957e-01,-1.720115840435028076e-01,-2.440000057220458984e+00,-5.042318701744079590e-01,3.946509659290313721e-01,-1.503819227218627930e-01,1.891412019729614258e+00,-9.550146758556365967e-02,-6.715106368064880371e-01,3.581919968128204346e-01,1.969482004642486572e-01,1.274657011032104492e+00,9.269325435161590576e-02,-1.782738715410232544e-01,-1.381296962499618530e-01,8.696585148572921753e-02,-1.603606343269348145e-01,4.133212566375732422e-01,-1.406146138906478882e-01,5.168350040912628174e-02
1.253924239426851273e-02,-2.269163727760314941e-01,6.736402511596679688e-01,4.639994353055953979e-02,-7.352790236473083496e-02,9.037238359451293945e-01,4.191944003105163574e-01,0.000000000000000000e+00,0.000000000000000000e+00,-6.595531702041625977e-01,-4.649187028408050537e-01,1.021010614931583405e-02,-2.440000057220458984e+00,-3.379327058792114258e-01,1.485165506601333618e-01,-3.708197548985481262e-02,2.039526224136352539e+00,-8.252485841512680054e-02,-5.124548673629760742e-01,3.371260464191436768e-01,2.157080471515655518e-01,1.135954022407531738e+00,3.037655912339687347e-02,-1.369587332010269165e-01,-8.059915900230407715e-02,8.190947026014328003e-02,-1.764680594205856323e-01,3.663199543952941895e-01,-1.149801239371299744e-01,6.494040042161941528e-02
1.347701251506805420e-02,-2.337000668048858643e-01,6.724094748497009277e-01,6.898663192987442017e-02,-7.276256382465362549e-02,8.980789184570312500e-01,4.282530844211578369e-01,0.000000000000000000e+00,0.000000000000000000e+00,-6.319991350173950195e-01,-4.055379927158355713e-01,8.354126662015914917e-02,-2.440000057220458984e+00,-1.464703083038330078e-01,-7.924485206604003906e-02,-1.018169447779655457e-01,2.274980306625366211e+00,-4.663273319602012634e-02,-3.513621389865875244e-01,2.907325923442840576e-01,2.521587014198303223e-01,9.813479185104370117e-01,-1.815274171531200409e-02,-7.641439884901046753e-02,-1.471041142940521240e-02,6.005622819066047668e-02,-1.798270493745803833e-01,3.056454360485076904e-01,-7.794679701328277588e-02,6.385367363691329956e-02
1.154803205281496048e-02,-2.396539002656936646e-01,6.731944084167480469e-01,8.424924314022064209e-02,-6.622613221406936646e-02,8.880712985992431641e-01,4.470409154891967773e-01,0.000000000000000000e+00,0.000000000000000000e+00,-5.451712608337402344e-01,-3.161190450191497803e-01,4.851158335804939270e-02,-2.440000057220458984e+00,-5.443518515676259995e-03,-2.327957600355148315e-01,-2.312223762273788452e-01,2.439879179000854492e+00,-1.808181777596473694e-02,-2.224332392215728760e-01,2.323011755943298340e-01,2.839256823062896729e-01,8.218802809715270996e-01,-7.316190004348754883e-02,-3.685315698385238647e-02,3.895255923271179199e-02,3.246247395873069763e-02,-1.746589243412017822e-01,2.313360720872879028e-01,-3.455631434917449951e-02,7.256399840116500854e-02
9.694466367363929749e-03,-2.438308596611022949e-01,6.738579869270324707e-01,9.122613072395324707e-02,-5.888306722044944763e-02,8.849232196807861328e-01,4.529033899307250977e-01,0.000000000000000000e+00,0.000000000000000000e+00,-5.284976959228515625e-01,-3.053306043148040771e-01,6.159612163901329041e-02,-2.440000057220458984e+00,7.617572695016860962e-02,-3.193286657333374023e-01,-3.259481787681579590e-01,2.440000057220458984e+00,-2.979950048029422760e-03,-1.611902415752410889e-01,1.725409477949142456e-01,2.796014249324798584e-01,7.307670116424560547e-01,-1.652517020702362061e-01,9.800631087273359299e-04,4.679372534155845642e-02,3.309725783765316010e-03,-1.778487116098403931e-01,2.198111414909362793e-01,-2.708591707050800323e-02,8.811426162719726562e-02
6.284362636506557465e-03,-2.488810867071151733e-01,6.746302843093872070e-01,9.393970668315887451e-02,-6.044168397784233093e-02,8.815797567367553711e-01,4.586275815963745117e-01,0.000000000000000000e+00,0.000000000000000000e+00,-5.097479224205017090e-01,-3.298615217208862305e-01,8.482743054628372192e-02,-2.440000057220458984e+00,7.400670647621154785e-02,-2.858210802078247070e-01,-3.665743172168731689e-01,2.440000057220458984e+00,-2.326221438124775887e-03,-1.087379157543182373e-01,1.417287588119506836e-01,2.833458781242370605e-01,6.517348289489746094e-01,-2.441097944974899292e-01,2.304094284772872925e-02,6.350491940975189209e-02,-3.613551612943410873e-03,-1.705579459667205811e-01,1.887983232736587524e-01,-7.186137139797210693e-03,1.016802862286567688e-01
2.705937251448631287e-03,-2.535344362258911133e-01,6.755120158195495605e-01,9.232372790575027466e-02,-6.452996283769607544e-02,8.809165954589843750e-01,4.596718549728393555e-01,0.000000000000000000e+00,0.000000000000000000e+00,-5.155048966407775879e-01,-4.129649400711059570e-01,1.146326065063476562e-01,-2.440000057220458984e+00,1.228005439043045044e-02,-1.604373008012771606e-01,-3.781139254570007324e-01,2.429657220840454102e+00,-1.008878089487552643e-02,-7.096009701490402222e-02,1.288416683673858643e-01,2.967793047428131104e-01,5.861306190490722656e-01,-2.811304032802581787e-01,3.390338271856307983e-02,7.611858099699020386e-02,-1.981962006539106369e-03,-1.636672914028167725e-01,1.558713167905807495e-01,1.422166451811790466e-02,1.094985380768775940e-01
1.460106228478252888e-03,-2.563019394874572754e-01,6.771376729011535645e-01,8.952819555997848511e-02,-6.306377053260803223e-02,8.873379826545715332e-01,4.479274749755859375e-01,0.000000000000000000e+00,0.000000000000000000e+00,-6.355391740798950195e-01,-6.281431913375854492e-01,2.127171307802200317e-01,-2.378592729568481445e+00,-1.282506436109542847e-01,6.209325417876243591e-02,-3.328977227210998535e-01,2.398851156234741211e+00,-4.205527901649475098e-02,-3.599821776151657104e-02,1.030913516879081726e-01,3.153519332408905029e-01,5.054056048393249512e-01,-2.873978316783905029e-01,3.768889605998992920e-02,8.810643851757049561e-02,-1.103529520332813263e-02,-1.533991545438766479e-01,1.104711219668388367e-01,4.280091449618339539e-02,1.012652739882469177e-01
2.444268669933080673e-03,-2.590791881084442139e-01,6.780956387519836426e-01,8.870196342468261719e-02,-6.522947549819946289e-02,8.997029662132263184e-01,4.223879873752593994e-01,0.000000000000000000e+00,0.000000000000000000e+00,-9.818077683448791504e-01,-1.060834646224975586e+00,4.830563664436340332e-01,-1.952732801437377930e+00,-3.875617384910583496e-01,3.983439207077026367e-01,-1.583339273929595947e-01,2.260544538497924805e+00,-1.059520617127418518e-01,5.560712143778800964e-02,6.086304038763046265e-02,3.433985114097595215e-01,3.236749172210693359e-01,-2.359163165092468262e-01,4.539161175489425659e-02,8.702710270881652832e-02,-2.077551372349262238e-02,-1.313771903514862061e-01,9.903497993946075439e-02,6.278593838214874268e-02,9.852334111928939819e-02
3.380373585969209671e-03,-2.606645822525024414e-01,6.777795553207397461e-01,7.817564159631729126e-02,-7.708614319562911987e-02,9.199579358100891113e-01,3.763292431831359863e-01,0.000000000000000000e+00,0.000000000000000000e+00,-1.470238924026489258e+00,-1.668813824653625488e+00,5.524143576622009277e-01,-1.259996056556701660e+00,-6.237729191780090332e-01,7.218163013458251953e-01,-1.212144866585731506e-01,2.013375282287597656e+00,-2.014191597700119019e-01,9.118586778640747070e-02,5.609518289566040039e-02,3.435252904891967773e-01,2.330420613288879395e-01,-2.190764099359512329e-01,6.501917541027069092e-02,1.758384518325328827e-02,-1.228364370763301849e-02,-1.038323193788528442e-01,2.095319479703903198e-01,3.860353305935859680e-02,8.013607561588287354e-02
-6.469937507063150406e-04,-2.645823359489440918e-01,6.783702373504638672e-01,6.640266627073287964e-02,-8.120492100715637207e-02,9.200640320777893066e-01,3.774633407592773438e-01,0.000000000000000000e+00,0.000000000000000000e+00,-1.566353917121887207e+00,-1.740000009536743164e+00,3.655676841735839844e-01,-1.140332579612731934e+00,-7.290178537368774414e-01,9.348375797271728516e-01,-1.944561451673507690e-01,1.948288083076477051e+00,-1.984568685293197632e-01,7.248801738023757935e-02,7.060907781124114990e-02,3.509413301944732666e-01,2.320367842912673950e-01,-2.343784123659133911e-01,7.878343015909194946e-02,-4.826227203011512756e-02,4.554918035864830017e-03,-6.628327816724777222e-02,2.908916175365447998e-01,5.536499619483947754e-02,7.256156951189041138e-02
-4.169048275798559189e-03,-2.674346864223480225e-01,6.791928410530090332e-01,5.702669546008110046e-02,-7.680799067020416260e-02,9.171162247657775879e-01,3.869706392288208008e-01,0.000000000000000000e+00,0.000000000000000000e+00,-1.587727308273315430e+00,-1.740000009536743164e+00,2.577341496944427490e-01,-1.114313364028930664e+00,-7.922494411468505859e-01,1.044429063796997070e+00,-2.003709226846694946e-01,1.913618445396423340e+00,-1.714904010295867920e-01,3.927559033036231995e-02,7.388892769813537598e-02,3.516077101230621338e-01,2.430352866649627686e-01,-2.347470670938491821e-01,1.004335582256317139e-01,-1.287761032581329346e-01,6.751184817403554916e-03,-4.288946092128753662e-02,3.884050548076629639e-01,9.662700444459915161e-02,6.419976055622100830e-02
-5.252712871879339218e-03,-2.681361436843872070e-01,6.787281036376953125e-01,5.135069787502288818e-02,-6.521809846162796021e-02,9.173070192337036133e-01,3.894322514533996582e-01,0.000000000000000000e+00,0.000000000000000000e+00,-1.592459559440612793e+00,-1.740000009536743164e+00,2.095250338315963745e-01,-1.122336030006408691e+00,-8.131161332130432129e-01,1.066103339195251465e+00,-1.730774790048599243e-01,1.896660685539245605e+00,-1.460604369640350342e-01,-7.691056933254003525e-03,6.012508273124694824e-02,3.298970758914947510e-01,2.703192532062530518e-01,-2.472422122955322266e-01,1.226115897297859192e-01,-2.395713329315185547e-01,-7.297449745237827301e-03,-1.689103059470653534e-02,5.270955562591552734e-01,1.773186475038528442e-01,6.732617318630218506e-02
-5.563408602029085159e-03,-2.664329409599304199e-01,6.796440482139587402e-01,4.122576117515563965e-02,-4.723461344838142395e-02,9.196128249168395996e-01,3.877905905246734619e-01,0.000000000000000000e+00,0.000000000000000000e+00,-1.554178833961486816e+00,-1.740000009536743164e+00,2.289089411497116089e-01,-1.168192267417907715e+00,-7.672775387763977051e-01,1.001558423042297363e+00,-1.251502335071563721e-01,1.917853116989135742e+00,-1.112465411424636841e-01,-8.528170734643936157e-02,3.973789140582084656e-02,2.878705263137817383e-01,3.222893178462982178e-01,-2.740659117698669434e-01,1.517983824014663696e-01,-4.031338691711425781e-01,-2.176259411498904228e-03,5.162603408098220825e-02,7.270055413246154785e-01,1.493682414293289185e-01,7.727064192295074463e-02
-5.182423628866672516e-03,-2.637108564376831055e-01,6.796885728836059570e-01,3.019413352012634277e-02,-2.982359007000923157e-02,9.229761958122253418e-01,3.825098276138305664e-01,0.000000000000000000e+00,0.000000000000000000e+00,-1.480219244956970215e+00,-1.740000009536743164e+00,2.966446578502655029e-01,-1.231735944747924805e+00,-6.672592163085937500e-01,8.762766122817993164e-01,-8.809475600719451904e-02,1.981243252754211426e+00,-8.498252183198928833e-02,-1.707756072282791138e-01,2.183614298701286316e-02,2.563903927803039551e-01,3.937105536460876465e-01,-3.222801685333251953e-01,1.746601313352584839e-01,-5.688557624816894531e-01,-1.160944532603025436e-02,8.859360963106155396e-02,9.608172178268432617e-01,1.074674203991889954e-01,7.544274628162384033e-02
-2.431418048217892647e-03,-2.607679367065429688e-01,6.781629323959350586e-01,2.664537541568279266e-02,-8.684210479259490967e-03,9.245566129684448242e-01,3.800127506256103516e-01,0.000000000000000000e+00,0.000000000000000000e+00,-1.359622597694396973e+00,-1.740000009536743164e+00,3.782727420330047607e-01,-1.298044800758361816e+00,-5.130505561828613281e-01,7.223349213600158691e-01,-7.745873928070068359e-02,2.077264547348022461e+00,-6.449759006500244141e-02,-2.680761814117431641e-01,-4.253119230270385742e-03,2.382765412330627441e-01,5.100588798522949219e-01,-3.681389689445495605e-01,1.848467439413070679e-01,-6.967824101448059082e-01,-3.079164586961269379e-02,1.178347468376159668e-01,1.119847893714904785e+00,8.854965120553970337e-02,1.021906882524490356e-01
-2.050118520855903625e-03,-2.604963779449462891e-01,6.795244812965393066e-01,1.676260679960250854e-02,4.198332782834768295e-03,9.192656874656677246e-01,3.932580947875976562e-01,0.000000000000000000e+00,0.000000000000000000e+00,-1.213056921958923340e+00,-1.694139003753662109e+00,4.540700018405914307e-01,-1.337788105010986328e+00,-3.840950727462768555e-01,6.390211582183837891e-01,-5.649448186159133911e-02,2.141000509262084961e+00,-3.466838970780372620e-02,-3.442294001579284668e-01,-7.289804052561521530e-03,2.403105646371841431e-01,5.871295928955078125e-01,-3.913517594337463379e-01,1.903972923755645752e-01,-7.814873456954956055e-01,-4.742129519581794739e-02,1.343962699174880981e-01,1.160128235816955566e+00,7.175764441490173340e-02,1.302685290575027466e-01
-1.051797065883874893e-03,-2.608343660831451416e-01,6.806299090385437012e-01,7.340427022427320480e-03,1.650915294885635376e-02,9.116548895835876465e-01,4.105593264102935791e-01,0.000000000000000000e+00,0.000000000000000000e+00,-1.101500272750854492e+00,-1.650024652481079102e+00,5.014383792877197266e-01,-1.363250494003295898e+00,-3.047358095645904541e-01,6.372300982475280762e-01,-7.284069433808326721e-03,2.168867111206054688e+00,-1.157648023217916489e-02,-3.973298668861389160e-01,-5.203751847147941589e-03,2.622311115264892578e-01,6.278064846992492676e-01,-4.005890190601348877e-01,1.772450357675552368e-01,-8.426163196563720703e-01,-7.143087685108184814e-02,1.517670899629592896e-01,1.114511132240295410e+00,4.330895468592643738e-02,1.494677662849426270e-01
2.844340866431593895e-03,-2.627582252025604248e-01,6.791676878929138184e-01,8.498542010784149170e-03,2.505497634410858154e-02,9.054909348487854004e-01,4.235400855541229248e-01,0.000000000000000000e+00,0.000000000000000000e+00,-1.032850861549377441e+00,-1.641509294509887695e+00,5.298934578895568848e-01,-1.356734991073608398e+00,-2.845406234264373779e-01,7.333200573921203613e-01,6.204092130064964294e-02,2.137356996536254883e+00,-1.352817751467227936e-02,-4.290513098239898682e-01,5.566125735640525818e-03,3.006366491317749023e-01,6.741407513618469238e-01,-3.959711194038391113e-01,1.644927561283111572e-01,-8.822644948959350586e-01,-9.980682283639907837e-02,1.798626333475112915e-01,1.006636500358581543e+00,1.861228048801422119e-02,1.666612178087234497e-01
8.022544905543327332e-03,-2.656738162040710449e-01,6.743445992469787598e-01,1.428991183638572693e-02,2.982568740844726562e-02,9.008992910385131836e-01,4.327663183212280273e-01,0.000000000000000000e+00,0.000000000000000000e+00,-1.020254731178283691e+00,-1.672039628028869629e+00,5.335643291473388672e-01,-1.303580284118652344e+00,-3.330533206462860107e-01,9.017254710197448730e-01,1.293860524892807007e-01,2.023473262786865234e+00,-4.156558960676193237e-02,-4.603008329868316650e-01,3.830983862280845642e-02,3.577023148536682129e-01,7.525741457939147949e-01,-4.044753015041351318e-01,1.521864384412765503e-01,-9.005663394927978516e-01,-1.114138066768646240e-01,2.115385383367538452e-01,8.837940096855163574e-01,3.687255084514617920e-02,1.945761442184448242e-01
1.128393691033124924e-02,-2.689920961856842041e-01,6.671367883682250977e-01,1.451197359710931778e-02,2.872636541724205017e-02,8.954855799674987793e-01,4.439253509044647217e-01,0.000000000000000000e+00,0.000000000000000000e+00,-1.048629641532897949e+00,-1.683617234230041504e+00,4.901386201381683350e-01,-1.247823357582092285e+00,-4.280723035335540771e-01,1.067951679229736328e+00,1.295872330665588379e-01,1.905252814292907715e+00,-6.496529281139373779e-02,-5.023944377899169922e-01,9.356320649385452271e-02,4.031834006309509277e-01,8.497827649116516113e-01,-4.282614290714263916e-01,1.503962874412536621e-01,-9.227289557456970215e-01,-1.076484024524688721e-01,2.267526239156723022e-01,8.185116052627563477e-01,6.501929461956024170e-02,2.338893115520477295e-01
1.237326767295598984e-02,-2.692214250564575195e-01,6.599822640419006348e-01,3.608687315136194229e-03,3.431195765733718872e-02,8.890090584754943848e-01,4.565879404544830322e-01,0.000000000000000000e+00,0.000000000000000000e+00,-1.077818274497985840e+00,-1.667279720306396484e+00,4.051527678966522217e-01,-1.222988367080688477e+00,-5.230903625488281250e-01,1.194992423057556152e+00,8.286362141370773315e-02,1.820168852806091309e+00,-8.250129967927932739e-02,-5.649843811988830566e-01,1.416118890047073364e-01,4.254278838634490967e-01,9.415828585624694824e-01,-4.708235859870910645e-01,1.568058431148529053e-01,-9.585248231887817383e-01,-9.081312268972396851e-02,2.323472350835800171e-01,8.174956440925598145e-01,5.501037836074829102e-02,2.500322163105010986e-01
1.336020696908235550e-02,-2.702971398830413818e-01,6.513918042182922363e-01,-1.022002194076776505e-03,3.660856559872627258e-02,8.801957964897155762e-01,4.731957018375396729e-01,0.000000000000000000e+00,0.000000000000000000e+00,-1.076038122177124023e+00,-1.619074702262878418e+00,2.924627363681793213e-01,-1.215886712074279785e+00,-6.199102997779846191e-01,1.307304143905639648e+00,8.798095514066517353e-04,1.756703853607177734e+00,-9.027760475873947144e-02,-6.198030114173889160e-01,1.941634565591812134e-01,4.403107166290283203e-01,1.049622893333435059e+00,-5.174202919006347656e-01,1.754251122474670410e-01,-1.018088698387145996e+00,-6.213022768497467041e-02,2.392150014638900757e-01,8.756276965141296387e-01,2.657417580485343933e-02,2.655154168605804443e-01
1.341843605041503906e-02,-2.704314589500427246e-01,6.445020437240600586e-01,-7.000385317951440811e-03,3.817471861839294434e-02,8.709614276885986328e-01,4.898161590099334717e-01,0.000000000000000000e+00,0.000000000000000000e+00,-1.041261672973632812e+00,-1.542871356010437012e+00,1.743849515914916992e-01,-1.229061007499694824e+00,-6.968643069267272949e-01,1.387277483940124512e+00,-9.977482259273529053e-02,1.714518308639526367e+00,-8.260303735733032227e-02,-6.714163422584533691e-01,2.392869442701339722e-01,4.415819644927978516e-01,1.143218636512756348e+00,-5.500221252441406250e-01,1.993955522775650024e-01,-1.092158198356628418e+00,-2.346925064921379089e-02,2.549819648265838623e-01,9.633677601814270020e-01,5.735603161156177521e-03,2.789528667926788330e-01
1.319964416325092316e-02,-2.689284086227416992e-01,6.398446559906005859e-01,-1.469546463340520859e-02,4.418080672621726990e-02,8.611136078834533691e-01,5.062760710716247559e-01,0.000000000000000000e+00,0.000000000000000000e+00,-9.876188635826110840e-01,-1.453468561172485352e+00,6.099041178822517395e-02,-1.257064223289489746e+00,-7.489734292030334473e-01,1.432444572448730469e+00,-1.981175094842910767e-01,1.693561553955078125e+00,-6.700579077005386353e-02,-7.163990139961242676e-01,2.680104970932006836e-01,4.412009716033935547e-01,1.207364678382873535e+00,-5.688387751579284668e-01,2.109929174184799194e-01,-1.155491590499877930e+00,1.485794037580490112e-02,2.720217704772949219e-01,1.041291475296020508e+00,-2.488155663013458252e-02,2.847467958927154541e-01
1.246823556721210480e-02,-2.675912976264953613e-01,6.373072266578674316e-01,-2.195691689848899841e-02,4.648787155747413635e-02,8.514057397842407227e-01,5.219818353652954102e-01,0.000000000000000000e+00,0.000000000000000000e+00,-9.062343239784240723e-01,-1.359979391098022461e+00,-5.622076615691184998e-02,-1.309109926223754883e+00,-7.653002142906188965e-01,1.448879480361938477e+00,-2.911195755004882812e-01,1.686504960060119629e+00,-4.316341504454612732e-02,-7.478592395782470703e-01,2.960025072097778320e-01,4.389641582965850830e-01,1.253228068351745605e+00,-5.711867213249206543e-01,2.183153331279754639e-01,-1.198553562164306641e+00,5.130343139171600342e-02,2.846071422100067139e-01,1.108695387840270996e+00,-6.168811768293380737e-02,2.833455502986907959e-01
1.204588729888200760e-02,-2.645757794380187988e-01,6.369099020957946777e-01,-3.356522694230079651e-02,5.409458652138710022e-02,8.430845141410827637e-01,5.339996218681335449e-01,0.000000000000000000e+00,0.000000000000000000e+00,-8.387637138366699219e-01,-1.286077141761779785e+00,-1.413502693176269531e-01,-1.372992992401123047e+00,-7.481300234794616699e-01,1.430980205535888672e+00,-3.326331377029418945e-01,1.705844402313232422e+00,-2.107514999806880951e-02,-7.820323705673217773e-01,3.095230460166931152e-01,4.376227259635925293e-01,1.273414134979248047e+00,-5.625535845756530762e-01,2.227496951818466187e-01,-1.237974166870117188e+00,7.732249796390533447e-02,2.962489724159240723e-01,1.147457480430603027e+00,-9.040438383817672729e-02,2.705734372138977051e-01
1.210953015834093094e-02,-2.615105211734771729e-01,6.373037695884704590e-01,-4.489480331540107727e-02,6.099469587206840515e-02,8.352910280227661133e-01,5.445668697357177734e-01,0.000000000000000000e+00,0.000000000000000000e+00,-7.631030082702636719e-01,-1.223065733909606934e+00,-2.089718133211135864e-01,-1.449900627136230469e+00,-7.008651494979858398e-01,1.398269772529602051e+00,-3.543772995471954346e-01,1.754251360893249512e+00,6.464403122663497925e-03,-8.139855265617370605e-01,3.183900117874145508e-01,4.350624680519104004e-01,1.284911274909973145e+00,-5.453528761863708496e-01,2.342607676982879639e-01,-1.271062850952148438e+00,1.013524830341339111e-01,3.103213608264923096e-01,1.179194092750549316e+00,-1.121484190225601196e-01,2.525659501552581787e-01
1.291409321129322052e-02,-2.576260268688201904e-01,6.381243467330932617e-01,-5.807446315884590149e-02,7.038996368646621704e-02,8.283004760742187500e-01,5.528028011322021484e-01,0.000000000000000000e+00,0.000000000000000000e+00,-6.931166648864746094e-01,-1.188297986984252930e+00,-2.276830822229385376e-01,-1.535203576087951660e+00,-6.285356879234313965e-01,1.362904310226440430e+00,-3.506964743137359619e-01,1.828890681266784668e+00,3.627634048461914062e-02,-8.525254130363464355e-01,3.188867866992950439e-01,4.323785603046417236e-01,1.289950251579284668e+00,-5.314069390296936035e-01,2.544341087341308594e-01,-1.306270599365234375e+00,1.232105940580368042e-01,3.312089443206787109e-01,1.202429175376892090e+00,-1.240028738975524902e-01,2.296429574489593506e-01
1.508046779781579971e-02,-2.525224089622497559e-01,6.402480006217956543e-01,-7.223135232925415039e-02,8.452443033456802368e-02,8.223685622215270996e-01,5.579858422279357910e-01,0.000000000000000000e+00,0.000000000000000000e+00,-6.319535970687866211e-01,-1.181937932968139648e+00,-1.853410601615905762e-01,-1.623967647552490234e+00,-5.417406558990478516e-01,1.328550457954406738e+00,-3.153546750545501709e-01,1.911628961563110352e+00,6.509849429130554199e-02,-8.920099139213562012e-01,3.085384964942932129e-01,4.375084638595581055e-01,1.279858231544494629e+00,-5.049332976341247559e-01,2.727585732936859131e-01,-1.343886852264404297e+00,1.377543658018112183e-01,3.590299785137176514e-01,1.216500163078308105e+00,-1.236211434006690979e-01,1.997488290071487427e-01
1.805984973907470703e-02,-2.466969639062881470e-01,6.430624127388000488e-01,-8.717852085828781128e-02,9.972991049289703369e-02,8.177167177200317383e-01,5.601724982261657715e-01,0.000000000000000000e+00,0.000000000000000000e+00,-5.726822614669799805e-01,-1.201668500900268555e+00,-7.655262202024459839e-02,-1.729619741439819336e+00,-4.177250862121582031e-01,1.291567564010620117e+00,-2.304939329624176025e-01,2.011222124099731445e+00,9.395352005958557129e-02,-9.318713545799255371e-01,2.891913056373596191e-01,4.452720880508422852e-01,1.258968472480773926e+00,-4.820188581943511963e-01,2.942201495170593262e-01,-1.378118872642517090e+00,1.491017043590545654e-01,3.915879130363464355e-01,1.225334405899047852e+00,-1.216374412178993225e-01,1.699290722608566284e-01
2.281936071813106537e-02,-2.401869446039199829e-01,6.468108296394348145e-01,-9.936467558145523071e-02,1.165261641144752502e-01,8.172129988670349121e-01,5.556178689002990723e-01,0.000000000000000000e+00,0.000000000000000000e+00,-5.448656082153320312e-01,-1.252264738082885742e+00,8.337842673063278198e-02,-1.826518774032592773e+00,-2.927412986755371094e-01,1.247035264968872070e+00,-7.610945403575897217e-02,2.117821693420410156e+00,1.140425726771354675e-01,-9.630610346794128418e-01,2.608791589736938477e-01,4.594805538654327393e-01,1.222831249237060547e+00,-4.430043995380401611e-01,3.024099171161651611e-01,-1.406818866729736328e+00,1.477247625589370728e-01,4.215373992919921875e-01,1.231333732604980469e+00,-1.063244342803955078e-01,1.345803886651992798e-01
2.853885851800441742e-02,-2.330099344253540039e-01,6.514913439750671387e-01,-1.103041544556617737e-01,1.325873583555221558e-01,8.226753473281860352e-01,5.417184233665466309e-01,0.000000000000000000e+00,0.000000000000000000e+00,-5.881579518318176270e-01,-1.352814197540283203e+00,2.637699842453002930e-01,-1.858675003051757812e+00,-2.082393169403076172e-01,1.194483399391174316e+00,1.052727550268173218e-01,2.188425302505493164e+00,1.175104081630706787e-01,-9.862274527549743652e-01,2.299342304468154907e-01,4.764770567417144775e-01,1.173273444175720215e+00,-4.099900424480438232e-01,2.984837591648101807e-01,-1.426596879959106445e+00,1.382882893085479736e-01,4.465626776218414307e-01,1.227869868278503418e+00,-9.117484092712402344e-02,1.039543300867080688e-01
3.435688465833663940e-02,-2.261310517787933350e-01,6.568289995193481445e-01,-1.183571219444274902e-01,1.439544558525085449e-01,8.335208892822265625e-01,5.201073288917541504e-01,0.000000000000000000e+00,0.000000000000000000e+00,-7.208589911460876465e-01,-1.528970360755920410e+00,3.981559276580810547e-01,-1.792186856269836426e+00,-2.131730914115905762e-01,1.186011075973510742e+00,2.521472275257110596e-01,2.219739198684692383e+00,1.036458909511566162e-01,-9.954669475555419922e-01,2.051682621240615845e-01,4.948982894420623779e-01,1.118312358856201172e+00,-3.831307590007781982e-01,2.938939332962036133e-01,-1.428961277008056641e+00,1.253522187471389771e-01,4.636035561561584473e-01,1.210960268974304199e+00,-7.412533462047576904e-02,8.266554027795791626e-02
4.102347046136856079e-02,-2.193329632282257080e-01,6.612793803215026855e-01,-1.191381886601448059e-01,1.542585045099258423e-01,8.472824096679687500e-01,4.940879344940185547e-01,0.000000000000000000e+00,0.000000000000000000e+00,-9.192674160003662109e-01,-1.739999771118164062e+00,4.325620234012603760e-01,-1.615076780319213867e+00,-3.116669952869415283e-01,1.247800707817077637e+00,3.277485072612762451e-01,2.191264867782592773e+00,6.924795359373092651e-02,-9.854260683059692383e-01,1.887841522693634033e-01,5.234737396240234375e-01,1.063705325126647949e+00,-3.516930937767028809e-01,2.859808206558227539e-01,-1.423513531684875488e+00,1.085481271147727966e-01,4.680337011814117432e-01,1.193047285079956055e+00,-6.323146820068359375e-02,6.762921810150146484e-02
4.172229394316673279e-02,-2.135538011789321899e-01,6.654822826385498047e-01,-1.305009424686431885e-01,1.531535387039184570e-01,8.486679196357727051e-01,4.891587197780609131e-01,0.000000000000000000e+00,0.000000000000000000e+00,-1.017335176467895508e+00,-1.740000009536743164e+00,3.784059584140777588e-01,-1.550944924354553223e+00,-4.559288024902343750e-01,1.367587804794311523e+00,3.269075453281402588e-01,2.157336473464965820e+00,7.293437421321868896e-02,-9.916328787803649902e-01,2.015419155359268188e-01,5.386310815811157227e-01,1.036438703536987305e+00,-3.394983410835266113e-01,2.740832567214965820e-01,-1.422186970710754395e+00,1.027330160140991211e-01,4.396651089191436768e-01,1.167198061943054199e+00,-5.239120498299598694e-02,8.392856270074844360e-02
4.358276352286338806e-02,-2.072334140539169312e-01,6.684033274650573730e-01,-1.317174136638641357e-01,1.584715992212295532e-01,8.469608426094055176e-01,4.900965094566345215e-01,0.000000000000000000e+00,0.000000000000000000e+00,-1.089384436607360840e+00,-1.740000009536743164e+00,2.797578573226928711e-01,-1.486287474632263184e+00,-6.002092361450195312e-01,1.482015013694763184e+00,2.377116382122039795e-01,2.089137554168701172e+00,6.905603408813476562e-02,-9.741651415824890137e-01,2.054000496864318848e-01,5.688900351524353027e-01,1.010291218757629395e+00,-3.299885690212249756e-01,2.488080859184265137e-01,-1.410692214965820312e+00,1.069392859935760498e-01,4.272058308124542236e-01,1.145233750343322754e+00,-4.771733283996582031e-02,1.363417953252792358e-01
4.705142602324485779e-02,-1.995991468429565430e-01,6.697478890419006348e-01,-1.236904263496398926e-01,1.721207797527313232e-01,8.462399244308471680e-01,4.888282716274261475e-01,0.000000000000000000e+00,0.000000000000000000e+00,-1.122014641761779785e+00,-1.740000009536743164e+00,1.649696975946426392e-01,-1.428209781646728516e+00,-7.097744941711425781e-01,1.535245180130004883e+00,7.035537809133529663e-02,2.056293487548828125e+00,4.886648803949356079e-02,-9.394393563270568848e-01,1.929874718189239502e-01,6.057519316673278809e-01,9.849155545234680176e-01,-3.261569440364837646e-01,2.106455862522125244e-01,-1.397895932197570801e+00,1.153219118714332581e-01,4.373623430728912354e-01,1.142068386077880859e+00,-5.807806551456451416e-02,1.874644607305526733e-01
4.613402113318443298e-02,-1.940705329179763794e-01,6.702869534492492676e-01,-1.199780404567718506e-01,1.762053221464157104e-01,8.355272412300109863e-01,5.064101219177246094e-01,0.000000000000000000e+00,0.000000000000000000e+00,-1.034700274467468262e+00,-1.564648509025573730e+00,3.734312206506729126e-02,-1.453201651573181152e+00,-7.661228179931640625e-01,1.537775516510009766e+00,-8.331622928380966187e-02,2.044771671295166016e+00,6.229225546121597290e-02,-9.119617342948913574e-01,1.933618634939193726e-01,6.139724850654602051e-01,9.842668771743774414e-01,-3.368083536624908447e-01,1.761233359575271606e-01,-1.386627078056335449e+00,1.266105026006698608e-01,4.320681989192962646e-01,1.145890951156616211e+00,-7.666306942701339722e-02,2.246789336204528809e-01
4.174458235502243042e-02,-1.918068230152130127e-01,6.686567664146423340e-01,-1.181246340274810791e-01,1.662080287933349609e-01,8.214673399925231934e-01,5.325531363487243652e-01,0.000000000000000000e+00,0.000000000000000000e+00,-8.804728388786315918e-01,-1.343956828117370605e+00,-1.439152508974075317e-01,-1.529221534729003906e+00,-8.352722525596618652e-01,1.531478166580200195e+00,-2.179295718669891357e-01,1.967226505279541016e+00,1.155795380473136902e-01,-8.945389389991760254e-01,2.048756927251815796e-01,5.932086110115051270e-01,1.012389183044433594e+00,-3.361730873584747314e-01,1.578226685523986816e-01,-1.368052959442138672e+00,1.127493679523468018e-01,4.009042680263519287e-01,1.152580738067626953e+00,-1.092840433120727539e-01,2.427031397819519043e-01
3.834550082683563232e-02,-1.894663572311401367e-01,6.643875837326049805e-01,-1.117226481437683105e-01,1.561027616262435913e-01,8.158208131790161133e-01,5.455147624015808105e-01,0.000000000000000000e+00,0.000000000000000000e+00,-7.517142295837402344e-01,-1.193948507308959961e+00,-2.982393503189086914e-01,-1.560255765914916992e+00,-8.246403932571411133e-01,1.485372781753540039e+00,-3.139780163764953613e-01,1.941339850425720215e+00,1.153594478964805603e-01,-8.744118213653564453e-01,2.495964765548706055e-01,5.882302522659301758e-01,1.074815392494201660e+00,-3.526243269443511963e-01,1.384079456329345703e-01,-1.360243439674377441e+00,1.189158707857131958e-01,3.692506849765777588e-01,1.183791637420654297e+00,-1.641188412904739380e-01,2.475496828556060791e-01
3.533147647976875305e-02,-1.873829811811447144e-01,6.584310531616210938e-01,-1.053139343857765198e-01,1.469214707612991333e-01,8.127927780151367188e-01,5.537968277931213379e-01,0.000000000000000000e+00,0.000000000000000000e+00,-6.462801098823547363e-01,-1.086304903030395508e+00,-4.256033599376678467e-01,-1.569004178047180176e+00,-7.870416641235351562e-01,1.427986621856689453e+00,-3.778322041034698486e-01,1.946172356605529785e+00,1.028763949871063232e-01,-8.588470220565795898e-01,3.026768863201141357e-01,5.908142328262329102e-01,1.149287939071655273e+00,-3.760934472084045410e-01,1.298155188560485840e-01,-1.363306641578674316e+00,1.365825980901718140e-01,3.416918516159057617e-01,1.228688240051269531e+00,-2.192991673946380615e-01,2.508189678192138672e-01
3.322789072990417480e-02,-1.844315975904464722e-01,6.540451049804687500e-01,-1.025112420320510864e-01,1.441361606121063232e-01,8.113190531730651855e-01,5.572051405906677246e-01,0.000000000000000000e+00,0.000000000000000000e+00,-5.634742975234985352e-01,-1.015632152557373047e+00,-5.011075735092163086e-01,-1.585006237030029297e+00,-7.325452566146850586e-01,1.369625926017761230e+00,-4.012498557567596436e-01,1.981696605682373047e+00,7.525490969419479370e-02,-8.479092717170715332e-01,3.436734378337860107e-01,5.982583761215209961e-01,1.201899647712707520e+00,-3.944630920886993408e-01,1.241183057427406311e-01,-1.374467849731445312e+00,1.590142399072647095e-01,3.242190182209014893e-01,1.259029507637023926e+00,-2.524006366729736328e-01,2.452634572982788086e-01
3.156139701604843140e-02,-1.820408999919891357e-01,6.512669920921325684e-01,-1.022288426756858826e-01,1.436538845300674438e-01,8.087153434753417969e-01,5.611526966094970703e-01,0.000000000000000000e+00,0.000000000000000000e+00,-4.923776686191558838e-01,-9.707751870155334473e-01,-5.322350859642028809e-01,-1.611764550209045410e+00,-6.759340763092041016e-01,1.319540977478027344e+00,-3.978052735328674316e-01,2.022350311279296875e+00,6.293088197708129883e-02,-8.432918787002563477e-01,3.638059794902801514e-01,6.009258627891540527e-01,1.231799721717834473e+00,-4.126782715320587158e-01,1.268878281116485596e-01,-1.385865211486816406e+00,1.733804047107696533e-01,3.145916461944580078e-01,1.279624819755554199e+00,-2.704053819179534912e-01,2.424565553665161133e-01
3.113154135644435883e-02,-1.802077442407608032e-01,6.512098312377929688e-01,-1.028181090950965881e-01,1.462914198637008667e-01,8.060110211372375488e-01,5.642459988594055176e-01,0.000000000000000000e+00,0.000000000000000000e+00,-4.239831268787384033e-01,-9.526757597923278809e-01,-5.125512480735778809e-01,-1.660060524940490723e+00,-6.107925772666931152e-01,1.277082204818725586e+00,-3.799658119678497314e-01,2.067155599594116211e+00,6.202406063675880432e-02,-8.385717868804931641e-01,3.652414977550506592e-01,6.068167686462402344e-01,1.236358046531677246e+00,-4.161552488803863525e-01,1.248713433742523193e-01,-1.391486525535583496e+00,1.793162375688552856e-01,3.168161809444427490e-01,1.285767078399658203e+00,-2.738075852394104004e-01,2.363011240959167480e-01
3.178584948182106018e-02,-1.798362582921981812e-01,6.528750061988830566e-01,-1.028740704059600830e-01,1.484594047069549561e-01,8.033261299133300781e-01,5.674891471862792969e-01,0.000000000000000000e+00,0.000000000000000000e+00,-3.551358878612518311e-01,-9.664446711540222168e-01,-4.423755407333374023e-01,-1.738989830017089844e+00,-5.268679857254028320e-01,1.241567730903625488e+00,-3.491035103797912598e-01,2.114271402359008789e+00,7.199481874704360962e-02,-8.316387534141540527e-01,3.586554527282714844e-01,6.142982244491577148e-01,1.226053714752197266e+00,-3.991141021251678467e-01,1.226455122232437134e-01,-1.387042880058288574e+00,1.810430884361267090e-01,3.268375992774963379e-01,1.279249787330627441e+00,-2.664633095264434814e-01,2.248174101114273071e-01
3.335778415203094482e-02,-1.797565966844558716e-01,6.563769578933715820e-01,-1.056595072150230408e-01,1.532277166843414307e-01,8.001127243041992188e-01,5.702428817749023438e-01,0.000000000000000000e+00,0.000000000000000000e+00,-3.028053343296051025e-01,-1.015436887741088867e+00,-3.229311406612396240e-01,-1.836393594741821289e+00,-4.290001690387725830e-01,1.222808241844177246e+00,-2.925599217414855957e-01,2.161927223205566406e+00,9.120997786521911621e-02,-8.294447660446166992e-01,3.477948307991027832e-01,6.301640272140502930e-01,1.206323266029357910e+00,-3.607196211814880371e-01,1.078867241740226746e-01,-1.382723450660705566e+00,1.773398071527481079e-01,3.445421159267425537e-01,1.261547207832336426e+00,-2.544326186180114746e-01,2.077537477016448975e-01
3.580127283930778503e-02,-1.801945865154266357e-01,6.612670421600341797e-01,-1.105887219309806824e-01,1.574927717447280884e-01,7.995316982269287109e-01,5.689597725868225098e-01,0.000000000000000000e+00,0.000000000000000000e+00,-2.808184325695037842e-01,-1.098479628562927246e+00,-1.801577955484390259e-01,-1.929862499237060547e+00,-3.141241073608398438e-01,1.216549754142761230e+00,-1.994463205337524414e-01,2.208904266357421875e+00,1.095222607254981995e-01,-8.361203074455261230e-01,3.377033472061157227e-01,6.413033008575439453e-01,1.183360815048217773e+00,-2.974363565444946289e-01,8.366310596466064453e-02,-1.374149084091186523e+00,1.722354888916015625e-01,3.662005662918090820e-01,1.231744170188903809e+00,-2.328867614269256592e-01,1.848925501108169556e-01
3.889543935656547546e-02,-1.823849231004714966e-01,6.659729480743408203e-01,-1.137158200144767761e-01,1.570679545402526855e-01,8.018144369125366211e-01,5.652362108230590820e-01,0.000000000000000000e+00,0.000000000000000000e+00,-2.924002707004547119e-01,-1.207541465759277344e+00,-2.163556218147277832e-02,-2.000308513641357422e+00,-2.079264521598815918e-01,1.211912631988525391e+00,-7.427497208118438721e-02,2.249760627746582031e+00,1.335086971521377563e-01,-8.521263003349304199e-01,3.365824222564697266e-01,6.505729556083679199e-01,1.167394638061523438e+00,-2.518205940723419189e-01,6.930425763130187988e-02,-1.354664206504821777e+00,1.614442765712738037e-01,3.866405487060546875e-01,1.196317076683044434e+00,-1.991955786943435669e-01,1.624516248703002930e-01
4.229895025491714478e-02,-1.844059675931930542e-01,6.712918281555175781e-01,-1.187332570552825928e-01,1.566729545593261719e-01,8.067066073417663574e-01,5.572974681854248047e-01,0.000000000000000000e+00,0.000000000000000000e+00,-3.541945815086364746e-01,-1.337564706802368164e+00,1.618244498968124390e-01,-2.012888193130493164e+00,-1.188147738575935364e-01,1.214901685714721680e+00,7.555793970823287964e-02,2.274326801300048828e+00,1.480773687362670898e-01,-8.904445767402648926e-01,3.383715748786926270e-01,6.398317813873291016e-01,1.151487588882446289e+00,-2.415605485439300537e-01,4.769883677363395691e-02,-1.337574005126953125e+00,1.443624794483184814e-01,3.986498713493347168e-01,1.151158213615417480e+00,-1.585634499788284302e-01,1.389888077974319458e-01
4.649510607123374939e-02,-1.884036958217620850e-01,6.734547019004821777e-01,-1.174749210476875305e-01,1.484092324972152710e-01,8.191841244697570801e-01,5.413979291915893555e-01,0.000000000000000000e+00,0.000000000000000000e+00,-4.693259298801422119e-01,-1.499958157539367676e+00,3.388456702232360840e-01,-1.943208098411560059e+00,-7.479661703109741211e-02,1.205678939819335938e+00,2.550261616706848145e-01,2.293486833572387695e+00,1.468028128147125244e-01,-9.228088259696960449e-01,3.496850132942199707e-01,6.179965138435363770e-01,1.139209270477294922e+00,-2.450764328241348267e-01,3.468735516071319580e-02,-1.313714861869812012e+00,1.204833984375000000e-01,3.879725039005279541e-01,1.114238023757934570e+00,-1.297749280929565430e-01,1.190623417496681213e-01
4.936838895082473755e-02,-1.924779862165451050e-01,6.742859482765197754e-01,-1.176650226116180420e-01,1.351241171360015869e-01,8.328158855438232422e-01,5.237500071525573730e-01,0.000000000000000000e+00,0.000000000000000000e+00,-6.059046387672424316e-01,-1.671156883239746094e+00,4.578540623188018799e-01,-1.806223273277282715e+00,-8.263332396745681763e-02,1.196686029434204102e+00,4.081349968910217285e-01,2.303432941436767578e+00,1.348377764225006104e-01,-9.445589184761047363e-01,3.660222887992858887e-01,5.858293771743774414e-01,1.122255921363830566e+00,-2.414070516824722290e-01,2.545734122395515442e-02,-1.292581796646118164e+00,1.034942939877510071e-01,3.606782555580139160e-01,1.081479668617248535e+00,-1.062869951128959656e-01,1.026364564895629883e-01
5.076326429843902588e-02,-1.961374431848526001e-01,6.747537851333618164e-01,-1.183595135807991028e-01,1.196090802550315857e-01,8.429042696952819824e-01,5.110744833946228027e-01,0.000000000000000000e+00,0.000000000000000000e+00,-7.161824107170104980e-01,-1.739999890327453613e+00,4.964112639427185059e-01,-1.721239805221557617e+00,-1.380027085542678833e-01,1.196008086204528809e+00,4.885178506374359131e-01,2.308079242706298828e+00,1.227532252669334412e-01,-9.603861570358276367e-01,3.924139142036437988e-01,5.365330576896667480e-01,1.109311699867248535e+00,-2.389475703239440918e-01,2.138963341712951660e-02,-1.276303887367248535e+00,8.518274873495101929e-02,3.092096447944641113e-01,1.056210041046142578e+00,-9.366347640752792358e-02,8.991253376007080078e-02
4.956520348787307739e-02,-2.001617550849914551e-01,6.752554774284362793e-01,-1.192093640565872192e-01,9.955397248268127441e-02,8.458658456802368164e-01,5.102833509445190430e-01,0.000000000000000000e+00,0.000000000000000000e+00,-8.067479729652404785e-01,-1.740000009536743164e+00,4.761675596237182617e-01,-1.680665135383605957e+00,-2.318976521492004395e-01,1.211242198944091797e+00,4.980489909648895264e-01,2.286472797393798828e+00,1.257974207401275635e-01,-9.595697522163391113e-01,4.280518293380737305e-01,4.813245832920074463e-01,1.105388045310974121e+00,-2.306320816278457642e-01,1.960906013846397400e-02,-1.252306103706359863e+00,7.468172907829284668e-02,2.456197589635848999e-01,1.032660126686096191e+00,-8.106479048728942871e-02,9.346771240234375000e-02
4.935952275991439819e-02,-2.050090730190277100e-01,6.721372604370117188e-01,-1.087633147835731506e-01,7.870353013277053833e-02,8.494120836257934570e-01,5.103678703308105469e-01,0.000000000000000000e+00,0.000000000000000000e+00,-8.929598927497863770e-01,-1.740000009536743164e+00,4.023719429969787598e-01,-1.626174330711364746e+00,-3.383171260356903076e-01,1.240053653717041016e+00,4.026730954647064209e-01,2.182776451110839844e+00,1.227476075291633606e-01,-9.428219199180603027e-01,4.521807730197906494e-01,4.293351173400878906e-01,1.115117311477661133e+00,-2.399846911430358887e-01,1.440964825451374054e-02,-1.218736052513122559e+00,6.753826886415481567e-02,1.873159259557723999e-01,1.034052252769470215e+00,-8.456884324550628662e-02,1.159919127821922302e-01
4.872747510671615601e-02,-2.079338431358337402e-01,6.687971353530883789e-01,-1.022043079137802124e-01,6.431388854980468750e-02,8.526355028152465820e-01,5.083607435226440430e-01,0.000000000000000000e+00,0.000000000000000000e+00,-1.027984261512756348e+00,-1.740000009536743164e+00,2.819352149963378906e-01,-1.454219222068786621e+00,-5.215275287628173828e-01,1.282800555229187012e+00,2.059371918439865112e-01,1.905652880668640137e+00,1.395840793848037720e-01,-9.429500102996826172e-01,4.399858713150024414e-01,3.725132346153259277e-01,1.107725262641906738e+00,-2.442195266485214233e-01,1.959292031824588776e-02,-1.196341872215270996e+00,2.573020383715629578e-02,1.181935295462608337e-01,1.040439248085021973e+00,-9.682995826005935669e-02,1.476082056760787964e-01
4.913151264190673828e-02,-2.103280872106552124e-01,6.641165018081665039e-01,-8.864711970090866089e-02,5.081758648157119751e-02,8.624150753021240234e-01,4.957817494869232178e-01,0.000000000000000000e+00,0.000000000000000000e+00,-1.007810950279235840e+00,-1.735588312149047852e+00,2.119396775960922241e-01,-1.403380393981933594e+00,-5.829673409461975098e-01,1.244972705841064453e+00,-1.396737527102231979e-03,1.702915787696838379e+00,1.103920489549636841e-01,-9.265072345733642578e-01,4.503885805606842041e-01,3.402077853679656982e-01,1.139460563659667969e+00,-3.039295375347137451e-01,2.723800763487815857e-02,-1.172393798828125000e+00,1.007668580859899521e-02,7.411712408065795898e-02,1.071432232856750488e+00,-1.259541958570480347e-01,1.785815507173538208e-01
4.727090522646903992e-02,-2.127745896577835083e-01,6.617305874824523926e-01,-8.109278231859207153e-02,3.754505887627601624e-02,8.659412264823913574e-01,4.920976161956787109e-01,0.000000000000000000e+00,0.000000000000000000e+00,-9.507315754890441895e-01,-1.611510396003723145e+00,1.527225524187088013e-01,-1.411193609237670898e+00,-6.345336437225341797e-01,1.214278101921081543e+00,-1.558619588613510132e-01,1.553848028182983398e+00,9.789895266294479370e-02,-9.128619432449340820e-01,4.670465290546417236e-01,3.182395994663238525e-01,1.160423278808593750e+00,-3.185696303844451904e-01,2.305664680898189545e-02,-1.143542408943176270e+00,-2.851457800716161728e-03,2.986174076795578003e-02,1.074537873268127441e+00,-1.387675255537033081e-01,1.992558091878890991e-01
4.494595527648925781e-02,-2.166971117258071899e-01,6.600744724273681641e-01,-7.332820445299148560e-02,2.054680511355400085e-02,8.699623942375183105e-01,4.872024655342102051e-01,0.000000000000000000e+00,0.000000000000000000e+00,-8.913393616676330566e-01,-1.497746825218200684e+00,8.952859789133071899e-02,-1.455389499664306641e+00,-6.604263782501220703e-01,1.173588037490844727e+00,-2.686119079589843750e-01,1.458255052566528320e+00,8.656939864158630371e-02,-8.952028155326843262e-01,4.916871786117553711e-01,3.032090663909912109e-01,1.175439715385437012e+00,-3.106312751770019531e-01,1.071207318454980850e-02,-1.098180413246154785e+00,-1.056772843003273010e-02,-1.199489179998636246e-02,1.055985927581787109e+00,-1.436849385499954224e-01,2.181819677352905273e-01
4.289227724075317383e-02,-2.221345156431198120e-01,6.595596671104431152e-01,-6.163851171731948853e-02,3.373338608071208000e-03,8.734567165374755859e-01,4.829727411270141602e-01,0.000000000000000000e+00,0.000000000000000000e+00,-8.048447370529174805e-01,-1.419262170791625977e+00,3.295574709773063660e-02,-1.521851658821105957e+00,-6.314010024070739746e-01,1.134564876556396484e+00,-3.397426903247833252e-01,1.395994067192077637e+00,6.907775998115539551e-02,-8.696310520172119141e-01,5.084993243217468262e-01,2.846087217330932617e-01,1.195279955863952637e+00,-2.983945906162261963e-01,-1.015253830701112747e-02,-1.041348457336425781e+00,-1.972181489691138268e-03,-3.086635097861289978e-02,1.027298569679260254e+00,-1.429630964994430542e-01,2.272166758775711060e-01
4.009525477886199951e-02,-2.287390083074569702e-01,6.595610380172729492e-01,-5.217687785625457764e-02,-1.420791912823915482e-02,8.751540184020996094e-01,4.808130264282226562e-01,0.000000000000000000e+00,0.000000000000000000e+00,-7.249795794486999512e-01,-1.365614652633666992e+00,-1.940127462148666382e-02,-1.587514281272888184e+00,-5.732597708702087402e-01,1.106328129768371582e+00,-3.770825862884521484e-01,1.385706424713134766e+00,5.296378210186958313e-02,-8.452175855636596680e-01,5.231770873069763184e-01,2.637763619422912598e-01,1.210678577423095703e+00,-2.921644449234008789e-01,-2.823735401034355164e-02,-9.842619299888610840e-01,1.614023931324481964e-02,-4.017738997936248779e-02,9.858915805816650391e-01,-1.336048245429992676e-01,2.356424182653427124e-01
3.549131006002426147e-02,-2.345402985811233521e-01,6.628135442733764648e-01,-5.514202639460563660e-02,-2.733272872865200043e-02,8.750705122947692871e-01,4.800664782524108887e-01,0.000000000000000000e+00,0.000000000000000000e+00,-6.864731311798095703e-01,-1.315767288208007812e+00,-6.410739570856094360e-02,-1.656996965408325195e+00,-5.320054292678833008e-01,1.083528399467468262e+00,-3.919231891632080078e-01,1.415916681289672852e+00,4.844541847705841064e-02,-8.195288181304931641e-01,5.217056274414062500e-01,2.454977184534072876e-01,1.175918221473693848e+00,-2.934909760951995850e-01,-4.505238309502601624e-02,-9.361905455589294434e-01,2.397302165627479553e-02,-5.651728808879852295e-02,9.108453989028930664e-01,-1.109884530305862427e-01,2.385361492633819580e-01
3.232579678297042847e-02,-2.437869906425476074e-01,6.616566181182861328e-01,-4.424684122204780579e-02,-4.408430308103561401e-02,8.725828528404235840e-01,4.844563901424407959e-01,0.000000000000000000e+00,0.000000000000000000e+00,-6.133036613464355469e-01,-1.302129745483398438e+00,-1.033683866262435913e-01,-1.718331098556518555e+00,-4.469389617443084717e-01,1.085703134536743164e+00,-3.759396970272064209e-01,1.477738618850708008e+00,5.053001269698143005e-02,-7.794964909553527832e-01,5.240083932876586914e-01,2.343113720417022705e-01,1.170741915702819824e+00,-3.272076547145843506e-01,-3.182474896311759949e-02,-8.845498561859130859e-01,4.425748810172080994e-02,-4.798167943954467773e-02,8.705809712409973145e-01,-8.844164758920669556e-02,2.403921484947204590e-01
2.919527515769004822e-02,-2.537547051906585693e-01,6.595270633697509766e-01,-3.256209194660186768e-02,-5.982690677046775818e-02,8.691231012344360352e-01,4.898830950260162354e-01,0.000000000000000000e+00,0.000000000000000000e+00,-5.443735718727111816e-01,-1.308576107025146484e+00,-1.116453036665916443e-01,-1.766364336013793945e+00,-3.546806871891021729e-01,1.099045038223266602e+00,-3.402096033096313477e-01,1.554097056388854980e+00,5.918904766440391541e-02,-7.361351847648620605e-01,5.199834108352661133e-01,2.311383038759231567e-01,1.155981421470642090e+00,-3.709091842174530029e-01,-3.451676806434988976e-03,-8.382845520973205566e-01,6.300805509090423584e-02,-3.057906404137611389e-02,8.362755179405212402e-01,-6.226203218102455139e-02,2.320993095636367798e-01
2.522488124668598175e-02,-2.628913223743438721e-01,6.584100127220153809e-01,-2.574899047613143921e-02,-7.100240141153335571e-02,8.643625378608703613e-01,4.971650242805480957e-01,0.000000000000000000e+00,0.000000000000000000e+00,-4.844118952751159668e-01,-1.330769062042236328e+00,-7.634696364402770996e-02,-1.803329467773437500e+00,-2.572830319404602051e-01,1.130650281906127930e+00,-2.812029421329498291e-01,1.630043625831604004e+00,7.373786717653274536e-02,-7.021094560623168945e-01,5.047919750213623047e-01,2.295709550380706787e-01,1.134046673774719238e+00,-4.284271597862243652e-01,2.980813384056091309e-02,-8.079118132591247559e-01,7.977447658777236938e-02,-5.656642373651266098e-03,8.052839040756225586e-01,-2.342321723699569702e-02,2.235040068626403809e-01
2.137755975127220154e-02,-2.715457975864410400e-01,6.569446921348571777e-01,-1.985116489231586456e-02,-7.971262931823730469e-02,8.598399758338928223e-01,5.039116740226745605e-01,0.000000000000000000e+00,0.000000000000000000e+00,-4.310955405235290527e-01,-1.360064148902893066e+00,2.638557460159063339e-03,-1.825465798377990723e+00,-1.591607183218002319e-01,1.179953217506408691e+00,-1.961838155984878540e-01,1.698214292526245117e+00,9.547611325979232788e-02,-6.762989759445190430e-01,4.824553728103637695e-01,2.263942658901214600e-01,1.109913825988769531e+00,-4.968593120574951172e-01,7.912898063659667969e-02,-7.900823950767517090e-01,9.211919456720352173e-02,2.519836835563182831e-02,7.891500592231750488e-01,2.618807367980480194e-02,2.061677426099777222e-01
1.932954043149948120e-02,-2.799881994724273682e-01,6.542689204216003418e-01,-4.342684522271156311e-03,-8.268471062183380127e-02,8.559052944183349609e-01,5.104610919952392578e-01,0.000000000000000000e+00,0.000000000000000000e+00,-3.714687824249267578e-01,-1.424176216125488281e+00,1.145640611648559570e-01,-1.823282837867736816e+00,-4.567761346697807312e-02,1.221648097038269043e+00,-6.815917789936065674e-02,1.775545477867126465e+00,1.198706924915313721e-01,-6.662949323654174805e-01,4.560352563858032227e-01,2.278036326169967651e-01,1.139055848121643066e+00,-5.641033053398132324e-01,1.302743703126907349e-01,-7.735624313354492188e-01,9.662634879350662231e-02,7.338002324104309082e-02,8.062767982482910156e-01,9.861247986555099487e-02,1.897598803043365479e-01
1.617223955690860748e-02,-2.857288718223571777e-01,6.545960903167724609e-01,-7.514265598729252815e-04,-8.190079033374786377e-02,8.533781766891479492e-01,5.148178339004516602e-01,0.000000000000000000e+00,0.000000000000000000e+00,-3.489857017993927002e-01,-1.490746378898620605e+00,2.202287912368774414e-01,-1.801115751266479492e+00,2.021568268537521362e-02,1.258997559547424316e+00,7.650522887706756592e-02,1.839951395988464355e+00,1.297157704830169678e-01,-6.781684160232543945e-01,4.449859261512756348e-01,2.351258099079132080e-01,1.173460006713867188e+00,-6.103046536445617676e-01,1.584871411323547363e-01,-7.902847528457641602e-01,9.725366532802581787e-02,1.031738594174385071e-01,8.375682234764099121e-01,1.579105705022811890e-01,1.698160618543624878e-01
1.329964399337768555e-02,-2.894819676876068115e-01,6.582859754562377930e-01,-4.457872360944747925e-03,-7.682595402002334595e-02,8.526775836944580078e-01,5.167386531829833984e-01,0.000000000000000000e+00,0.000000000000000000e+00,-3.859299123287200928e-01,-1.588969588279724121e+00,3.654381036758422852e-01,-1.697917819023132324e+00,6.789168715476989746e-02,1.276662945747375488e+00,2.965918183326721191e-01,1.956119179725646973e+00,1.447756290435791016e-01,-6.833962798118591309e-01,4.178422391414642334e-01,2.443087548017501831e-01,1.155737757682800293e+00,-6.196826100349426270e-01,1.832067668437957764e-01,-8.216699361801147461e-01,9.122152626514434814e-02,1.241786107420921326e-01,8.639672398567199707e-01,1.611716300249099731e-01,1.414757221937179565e-01
1.303288899362087250e-02,-2.911436259746551514e-01,6.620403528213500977e-01,-9.583382867276668549e-03,-6.710751354694366455e-02,8.577494621276855469e-01,5.095788240432739258e-01,0.000000000000000000e+00,0.000000000000000000e+00,-4.666055738925933838e-01,-1.696536421775817871e+00,4.748991727828979492e-01,-1.563893318176269531e+00,4.642449691891670227e-02,1.281918883323669434e+00,4.783502817153930664e-01,2.036370515823364258e+00,1.431533694267272949e-01,-6.881736516952514648e-01,3.863868415355682373e-01,2.606378495693206787e-01,1.124703884124755859e+00,-6.129199862480163574e-01,2.016448676586151123e-01,-8.706195354461669922e-01,7.016728818416595459e-02,1.150007918477058411e-01,8.996199965476989746e-01,1.082312241196632385e-01,1.077845916152000427e-01
1.308566611260175705e-02,-2.921119630336761475e-01,6.655025482177734375e-01,-1.744758710265159607e-02,-6.173676997423171997e-02,8.631469607353210449e-01,5.008606910705566406e-01,0.000000000000000000e+00,0.000000000000000000e+00,-5.380105972290039062e-01,-1.739999771118164062e+00,5.305639505386352539e-01,-1.492895007133483887e+00,-2.698956988751888275e-02,1.298743128776550293e+00,5.658672451972961426e-01,2.068033933639526367e+00,1.285329610109329224e-01,-6.961478590965270996e-01,3.758130669593811035e-01,2.758564054965972900e-01,1.099592208862304688e+00,-6.026648879051208496e-01,2.137591689825057983e-01,-9.065389633178710938e-01,4.182321578264236450e-02,7.052651047706604004e-02,9.234843850135803223e-01,6.808273494243621826e-02,8.489497750997543335e-02
1.409349497407674789e-02,-2.916934788227081299e-01,6.682596206665039062e-01,-2.613988518714904785e-02,-5.689121410250663757e-02,8.687630891799926758e-01,4.912543296813964844e-01,0.000000000000000000e+00,0.000000000000000000e+00,-6.119326353073120117e-01,-1.740000009536743164e+00,5.338971018791198730e-01,-1.485712170600891113e+00,-1.242994144558906555e-01,1.317469716072082520e+00,5.368039608001708984e-01,2.065372943878173828e+00,1.047432720661163330e-01,-7.059376835823059082e-01,3.739430308341979980e-01,2.888408899307250977e-01,1.079385995864868164e+00,-5.897500514984130859e-01,2.147773951292037964e-01,-9.261806607246398926e-01,9.104390628635883331e-04,5.606431048363447189e-03,9.475763440132141113e-01,5.025074258446693420e-02,7.290752977132797241e-02
1.904991269111633301e-02,-2.892419099807739258e-01,6.684125661849975586e-01,-2.419301308691501617e-02,-4.646322131156921387e-02,8.774662613868713379e-01,4.767692089080810547e-01,0.000000000000000000e+00,0.000000000000000000e+00,-6.737329363822937012e-01,-1.740000009536743164e+00,4.801939129829406738e-01,-1.493719458580017090e+00,-2.184646129608154297e-01,1.323678731918334961e+00,3.553648889064788818e-01,1.972591876983642578e+00,8.340355753898620605e-02,-7.055293917655944824e-01,3.527967035770416260e-01,3.007718026638031006e-01,1.067765355110168457e+00,-5.752167701721191406e-01,2.127007842063903809e-01,-9.349996447563171387e-01,-6.202747300267219543e-02,-5.522644892334938049e-02,1.007895231246948242e+00,1.794835738837718964e-02,7.238189876079559326e-02
2.501217648386955261e-02,-2.812602519989013672e-01,6.729807853698730469e-01,-3.659309074282646179e-02,-2.332472801208496094e-02,8.908997774124145508e-01,4.521221518516540527e-01,0.000000000000000000e+00,0.000000000000000000e+00,-7.851433753967285156e-01,-1.740000009536743164e+00,3.938920199871063232e-01,-1.450668334960937500e+00,-3.713559508323669434e-01,1.301170229911804199e+00,2.806201204657554626e-02,1.791577458381652832e+00,7.694760710000991821e-02,-7.006287574768066406e-01,2.746019959449768066e-01,2.945106029510498047e-01,9.446116685867309570e-01,-4.873525202274322510e-01,2.041192501783370972e-01,-9.242978692054748535e-01,-1.491123288869857788e-01,-1.289310753345489502e-01,1.014753937721252441e+00,3.516704076901078224e-03,8.480562269687652588e-02
3.084557130932807922e-02,-2.733252048492431641e-01,6.716681122779846191e-01,-3.953345865011215210e-02,-5.804548505693674088e-03,9.008516669273376465e-01,4.322842657566070557e-01,0.000000000000000000e+00,0.000000000000000000e+00,-7.544879317283630371e-01,-1.709072470664978027e+00,2.871837913990020752e-01,-1.539424061775207520e+00,-4.359808564186096191e-01,1.220076441764831543e+00,-2.804957032203674316e-01,1.682745218276977539e+00,4.032411798834800720e-02,-7.226182818412780762e-01,2.551503181457519531e-01,3.027977347373962402e-01,9.541039466857910156e-01,-4.894270002841949463e-01,1.870568096637725830e-01,-9.041506052017211914e-01,-2.082885354757308960e-01,-1.820283532142639160e-01,1.042944073677062988e+00,-1.875580102205276489e-02,1.076650768518447876e-01
3.321060165762901306e-02,-2.654249668121337891e-01,6.722229123115539551e-01,-5.307912454009056091e-02,2.565667266026139259e-03,9.057643413543701172e-01,4.204365909099578857e-01,0.000000000000000000e+00,0.000000000000000000e+00,-7.141513228416442871e-01,-1.581630349159240723e+00,1.707330495119094849e-01,-1.658842444419860840e+00,-5.079064369201660156e-01,1.140603423118591309e+00,-5.319222211837768555e-01,1.589936852455139160e+00,1.065640710294246674e-02,-7.381763458251953125e-01,2.637037038803100586e-01,3.089639842510223389e-01,9.328864216804504395e-01,-4.768349230289459229e-01,1.639682948589324951e-01,-8.798183798789978027e-01,-2.346087843179702759e-01,-2.402654737234115601e-01,1.029622077941894531e+00,-3.050986118614673615e-02,1.341999471187591553e-01
3.538940846920013428e-02,-2.597180008888244629e-01,6.691498756408691406e-01,-5.556802824139595032e-02,4.923029337078332901e-03,9.058634042739868164e-01,4.198803305625915527e-01,0.000000000000000000e+00,0.000000000000000000e+00,-6.345233917236328125e-01,-1.466570615768432617e+00,1.405830774456262589e-02,-1.780064344406127930e+00,-5.087607502937316895e-01,1.068966150283813477e+00,-6.789343357086181641e-01,1.524779438972473145e+00,-8.129143156111240387e-03,-7.566319704055786133e-01,2.958351969718933105e-01,3.167915046215057373e-01,9.750057458877563477e-01,-4.711689949035644531e-01,1.416455656290054321e-01,-8.497810959815979004e-01,-2.396423816680908203e-01,-2.762479484081268311e-01,1.021937608718872070e+00,-6.409953534603118896e-02,1.369138211011886597e-01
3.609465062618255615e-02,-2.550641000270843506e-01,6.655840873718261719e-01,-5.676838010549545288e-02,2.995256334543228149e-03,9.017770886421203613e-01,4.284466207027435303e-01,0.000000000000000000e+00,0.000000000000000000e+00,-5.685653686523437500e-01,-1.365087985992431641e+00,-1.358021795749664307e-01,-1.855508804321289062e+00,-4.735958278179168701e-01,1.021707653999328613e+00,-7.503907680511474609e-01,1.501274466514587402e+00,-2.299971878528594971e-02,-7.703905701637268066e-01,3.435061573982238770e-01,3.215659558773040771e-01,1.029582858085632324e+00,-4.575666785240173340e-01,1.285975575447082520e-01,-8.346998691558837891e-01,-2.215308696031570435e-01,-2.999985814094543457e-01,1.019616603851318359e+00,-1.285691410303115845e-01,1.225114166736602783e-01
3.530490398406982422e-02,-2.510631084442138672e-01,6.634888052940368652e-01,-5.650453642010688782e-02,5.802792657050304115e-05,8.928808569908142090e-01,4.467336535453796387e-01,0.000000000000000000e+00,0.000000000000000000e+00,-5.063598752021789551e-01,-1.282712340354919434e+00,-2.436235547065734863e-01,-1.883495688438415527e+00,-4.037392139434814453e-01,1.007382750511169434e+00,-7.425910830497741699e-01,1.509542703628540039e+00,-2.776542119681835175e-02,-7.679913640022277832e-01,3.882319331169128418e-01,3.231093585491180420e-01,1.067295908927917480e+00,-4.018216729164123535e-01,1.106678768992424011e-01,-8.311330080032348633e-01,-1.877289414405822754e-01,-3.019170165061950684e-01,1.028797149658203125e+00,-1.891170442104339600e-01,9.521640837192535400e-02
3.290659189224243164e-02,-2.476799637079238892e-01,6.626196503639221191e-01,-5.570355057716369629e-02,-3.199414350092411041e-03,8.797820210456848145e-01,4.720915555953979492e-01,0.000000000000000000e+00,0.000000000000000000e+00,-4.245602190494537354e-01,-1.233236432075500488e+00,-2.736541926860809326e-01,-1.876774311065673828e+00,-3.048919439315795898e-01,1.026260972023010254e+00,-6.525294184684753418e-01,1.533322691917419434e+00,-2.667637728154659271e-02,-7.587768435478210449e-01,4.157347083091735840e-01,3.119245171546936035e-01,1.093142151832580566e+00,-3.058234453201293945e-01,9.240977466106414795e-02,-8.284022212028503418e-01,-1.446556597948074341e-01,-2.905519902706146240e-01,1.032909035682678223e+00,-2.265058159828186035e-01,7.458198815584182739e-02
2.960372529923915863e-02,-2.458789795637130737e-01,6.623703837394714355e-01,-5.039454996585845947e-02,-8.678590878844261169e-03,8.640866279602050781e-01,5.007388591766357422e-01,0.000000000000000000e+00,0.000000000000000000e+00,-3.177488148212432861e-01,-1.203668713569641113e+00,-2.375818490982055664e-01,-1.825090289115905762e+00,-1.795825213193893433e-01,1.064515233039855957e+00,-5.015993714332580566e-01,1.552622556686401367e+00,-2.629835531115531921e-02,-7.380198836326599121e-01,4.038121998310089111e-01,2.791805863380432129e-01,1.107419490814208984e+00,-2.306755483150482178e-01,7.011800259351730347e-02,-8.123670816421508789e-01,-9.165368974208831787e-02,-2.624057829380035400e-01,1.023407936096191406e+00,-2.498765885829925537e-01,5.916384235024452209e-02
2.551049739122390747e-02,-2.450010925531387329e-01,6.641194224357604980e-01,-4.305280745029449463e-02,-1.398786436766386032e-02,8.474540710449218750e-01,5.289351344108581543e-01,0.000000000000000000e+00,0.000000000000000000e+00,-2.027042359113693237e-01,-1.182716727256774902e+00,-1.496605575084686279e-01,-1.712789654731750488e+00,-3.193580731749534607e-02,1.093038320541381836e+00,-3.037092387676239014e-01,1.529608368873596191e+00,-3.059573471546173096e-02,-7.056378126144409180e-01,3.649741113185882568e-01,2.337284386157989502e-01,1.117200016975402832e+00,-1.960757225751876831e-01,7.536578178405761719e-02,-7.822846770286560059e-01,-3.402911126613616943e-02,-2.191624492406845093e-01,9.906820058822631836e-01,-2.535843551158905029e-01,4.778793826699256897e-02
2.056911587715148926e-02,-2.459728717803955078e-01,6.660104990005493164e-01,-3.435738012194633484e-02,-2.431703917682170868e-02,8.323401808738708496e-01,5.526645183563232422e-01,0.000000000000000000e+00,0.000000000000000000e+00,-8.699875324964523315e-02,-1.163398861885070801e+00,-4.323911387473344803e-03,-1.534694075584411621e+00,1.110598072409629822e-01,1.100388765335083008e+00,-8.751986175775527954e-02,1.440408587455749512e+00,-3.977548703551292419e-02,-6.575635075569152832e-01,3.060152232646942139e-01,1.869826018810272217e-01,1.106570839881896973e+00,-1.631773412227630615e-01,1.022368744015693665e-01,-7.331145405769348145e-01,2.969952486455440521e-02,-1.641882807016372681e-01,9.373872280120849609e-01,-2.422494441270828247e-01,4.464354738593101501e-02
1.666609942913055420e-02,-2.480388879776000977e-01,6.693833470344543457e-01,-1.868236251175403595e-02,-2.982367761433124542e-02,8.158138394355773926e-01,5.772427916526794434e-01,0.000000000000000000e+00,0.000000000000000000e+00,5.035910289734601974e-03,-1.160947084426879883e+00,1.775757968425750732e-01,-1.312191605567932129e+00,2.118177711963653564e-01,1.103995323181152344e+00,8.095010370016098022e-02,1.281229734420776367e+00,-4.535238072276115417e-02,-6.025656461715698242e-01,2.342373132705688477e-01,1.590250134468078613e-01,1.062314152717590332e+00,-1.268807798624038696e-01,1.215931326150894165e-01,-6.708247065544128418e-01,7.058628648519515991e-02,-9.811193495988845825e-02,8.718462586402893066e-01,-2.035047560930252075e-01,4.256468638777732849e-02
1.058493368327617645e-02,-2.504444122314453125e-01,6.715346574783325195e-01,-5.057429429143667221e-03,-3.103672713041305542e-02,7.895516753196716309e-01,6.128778457641601562e-01,0.000000000000000000e+00,0.000000000000000000e+00,7.846450060606002808e-02,-1.200623631477355957e+00,2.962355315685272217e-01,-1.077974319458007812e+00,2.396226227283477783e-01,1.124158978462219238e+00,7.543320953845977783e-02,1.106133222579956055e+00,-2.832158096134662628e-02,-5.805045962333679199e-01,1.632041782140731812e-01,1.349413394927978516e-01,1.031152606010437012e+00,-1.103145107626914978e-01,1.449785828590393066e-01,-6.280907392501831055e-01,1.022638306021690369e-01,-2.275797910988330841e-02,8.223802447319030762e-01,-1.600474566221237183e-01,5.835128575563430786e-02
2.663566265255212784e-03,-2.530635297298431396e-01,6.702533364295959473e-01,7.965758442878723145e-03,-3.169089183211326599e-02,7.542460560798645020e-01,6.557782292366027832e-01,0.000000000000000000e+00,0.000000000000000000e+00,1.537248939275741577e-01,-1.259696125984191895e+00,3.101341426372528076e-01,-9.038681387901306152e-01,2.309054285287857056e-01,1.122209787368774414e+00,-8.935921639204025269e-02,1.029844164848327637e+00,3.246466862037777901e-03,-6.031106710433959961e-01,1.060112938284873962e-01,1.233913227915763855e-01,1.057968735694885254e+00,-9.289400279521942139e-02,1.685344278812408447e-01,-6.119847297668457031e-01,1.296990811824798584e-01,4.931301623582839966e-02,8.133043050765991211e-01,-1.244136989116668701e-01,8.262159675359725952e-02
-4.317985381931066513e-03,-2.548458576202392578e-01,6.663175821304321289e-01,2.102227322757244110e-02,-3.116702288389205933e-02,7.206587195396423340e-01,6.922699809074401855e-01,0.000000000000000000e+00,0.000000000000000000e+00,2.401249408721923828e-01,-1.297953486442565918e+00,2.720913887023925781e-01,-8.583297729492187500e-01,1.962726116180419922e-01,1.112418055534362793e+00,-2.926420271396636963e-01,1.133076429367065430e+00,3.228298202157020569e-02,-6.535403728485107422e-01,6.562528014183044434e-02,1.304185539484024048e-01,1.112222790718078613e+00,-6.395382434129714966e-02,1.801376044750213623e-01,-6.128914952278137207e-01,1.477936208248138428e-01,1.056840792298316956e-01,8.321776390075683594e-01,-1.068902909755706787e-01,1.123130768537521362e-01
-7.265988737344741821e-03,-2.552080154418945312e-01,6.624233126640319824e-01,3.507566452026367188e-02,-2.580775693058967590e-02,7.016624212265014648e-01,7.111775279045104980e-01,0.000000000000000000e+00,0.000000000000000000e+00,3.085969388484954834e-01,-1.298997163772583008e+00,2.509656846523284912e-01,-9.215785264968872070e-01,1.551448404788970947e-01,1.121037960052490234e+00,-3.896947205066680908e-01,1.363610148429870605e+00,3.978673368692398071e-02,-7.057018280029296875e-01,3.277323767542839050e-02,1.470152139663696289e-01,1.132307529449462891e+00,-4.365102574229240417e-02,1.727277636528015137e-01,-6.252101659774780273e-01,1.396128535270690918e-01,1.339186728000640869e-01,8.684679269790649414e-01,-1.081110984086990356e-01,1.336888968944549561e-01
-7.902784273028373718e-03,-2.528312504291534424e-01,6.620410084724426270e-01,4.026578739285469055e-02,-1.658548787236213684e-02,6.979178190231323242e-01,7.148526310920715332e-01,0.000000000000000000e+00,0.000000000000000000e+00,3.309761881828308105e-01,-1.268997550010681152e+00,2.450530380010604858e-01,-1.042231321334838867e+00,1.107325851917266846e-01,1.166737794876098633e+00,-3.668105304241180420e-01,1.631764650344848633e+00,2.118433080613613129e-02,-7.511015534400939941e-01,1.099290233105421066e-02,1.630418449640274048e-01,1.108431816101074219e+00,-3.795079141855239868e-02,1.605923622846603394e-01,-6.430627107620239258e-01,1.215269491076469421e-01,1.417364776134490967e-01,8.871113061904907227e-01,-1.185251995921134949e-01,1.512548327445983887e-01
-8.139559999108314514e-03,-2.480442076921463013e-01,6.644243597984313965e-01,3.547415509819984436e-02,-8.356781676411628723e-03,7.052954435348510742e-01,7.079760432243347168e-01,0.000000000000000000e+00,0.000000000000000000e+00,3.051143884658813477e-01,-1.226512193679809570e+00,2.397495955228805542e-01,-1.171527385711669922e+00,7.549069821834564209e-02,1.208221554756164551e+00,-2.230958044528961182e-01,1.858929634094238281e+00,-1.815583556890487671e-02,-7.824457287788391113e-01,-5.243829218670725822e-04,1.688315123319625854e-01,1.053313612937927246e+00,-3.944034129381179810e-02,1.444708704948425293e-01,-6.583402156829833984e-01,1.065200939774513245e-01,1.328380107879638672e-01,8.838271498680114746e-01,-1.305801570415496826e-01,1.679242551326751709e-01
-8.764057420194149017e-03,-2.416235208511352539e-01,6.681370139122009277e-01,2.510593645274639130e-02,-2.114182803779840469e-03,7.171273827552795410e-01,6.964865326881408691e-01,0.000000000000000000e+00,0.000000000000000000e+00,2.383088171482086182e-01,-1.194488048553466797e+00,2.219089269638061523e-01,-1.295170187950134277e+00,5.679349973797798157e-02,1.200351715087890625e+00,3.021295741200447083e-02,2.022087335586547852e+00,-6.996328383684158325e-02,-7.961556315422058105e-01,1.860725169535726309e-04,1.597374826669692993e-01,9.965724349021911621e-01,-3.726149350404739380e-02,1.224845796823501587e-01,-6.672613620758056641e-01,9.510955214500427246e-02,1.096783205866813660e-01,8.638530373573303223e-01,-1.336710900068283081e-01,1.823320239782333374e-01
-9.682148694992065430e-03,-2.370504140853881836e-01,6.696313619613647461e-01,2.177960425615310669e-02,-6.237032357603311539e-03,7.303866744041442871e-01,6.826580762863159180e-01,0.000000000000000000e+00,0.000000000000000000e+00,1.646394580602645874e-01,-1.169588685035705566e+00,2.276912629604339600e-01,-1.383274912834167480e+00,9.664800018072128296e-03,1.145128369331359863e+00,3.156480789184570312e-01,2.152562856674194336e+00,-1.197241023182868958e-01,-7.744149565696716309e-01,4.449602682143449783e-03,1.390617191791534424e-01,9.442525506019592285e-01,-2.945495024323463440e-02,1.115511357784271240e-01,-6.497453451156616211e-01,8.581494539976119995e-02,8.321151137351989746e-02,8.475295305252075195e-01,-1.359813958406448364e-01,1.778812408447265625e-01
-1.166322361677885056e-02,-2.333375513553619385e-01,6.714649200439453125e-01,1.917388662695884705e-02,-1.731068082153797150e-02,7.433631420135498047e-01,6.683890819549560547e-01,0.000000000000000000e+00,0.000000000000000000e+00,9.667570143938064575e-02,-1.164310336112976074e+00,2.545659840106964111e-01,-1.428088188171386719e+00,-7.152130454778671265e-02,1.063140034675598145e+00,5.962468385696411133e-01,2.239293098449707031e+00,-1.687728166580200195e-01,-7.067891955375671387e-01,5.177906248718500137e-03,1.063339486718177795e-01,8.657090067863464355e-01,-1.991906389594078064e-02,9.817913174629211426e-02,-6.079579591751098633e-01,8.181806653738021851e-02,5.321050435304641724e-02,8.141962289810180664e-01,-1.331136077642440796e-01,1.697712391614913940e-01
-1.392657868564128876e-02,-2.314335256814956665e-01,6.725285649299621582e-01,2.211945876479148865e-02,-3.341611474752426147e-02,7.533206939697265625e-01,6.564312577247619629e-01,0.000000000000000000e+00,0.000000000000000000e+00,4.510977864265441895e-02,-1.181570649147033691e+00,2.908199727535247803e-01,-1.430011510848999023e+00,-1.571467369794845581e-01,9.944810867309570312e-01,7.799850106239318848e-01,2.283833026885986328e+00,-2.046821862459182739e-01,-6.161286234855651855e-01,7.918880321085453033e-03,8.000410348176956177e-02,7.794027328491210938e-01,-2.344343625009059906e-02,8.731422573328018188e-02,-5.518088340759277344e-01,7.508393377065658569e-02,2.465763688087463379e-02,7.856535315513610840e-01,-1.310922503471374512e-01,1.607112586498260498e-01
-1.650440506637096405e-02,-2.310260087251663208e-01,6.723416447639465332e-01,3.013848140835762024e-02,-5.111719295382499695e-02,7.572816014289855957e-01,6.503869891166687012e-01,0.000000000000000000e+00,0.000000000000000000e+00,9.533045813441276550e-03,-1.216745972633361816e+00,3.093592226505279541e-01,-1.406659245491027832e+00,-2.001271396875381470e-01,9.666689038276672363e-01,8.284079432487487793e-01,2.311321020126342773e+00,-2.216603159904479980e-01,-5.230740904808044434e-01,4.719274584203958511e-03,7.106459140777587891e-02,7.065057158470153809e-01,-5.124019458889961243e-02,8.082374185323715210e-02,-4.949827194213867188e-01,6.554524600505828857e-02,2.018074272200465202e-03,7.715580463409423828e-01,-1.209639236330986023e-01,1.554424762725830078e-01
-1.964902877807617188e-02,-2.306439429521560669e-01,6.714940071105957031e-01,3.872771561145782471e-02,-6.323734670877456665e-02,7.527469992637634277e-01,6.541201472282409668e-01,0.000000000000000000e+00,0.000000000000000000e+00,4.586687777191400528e-03,-1.244844198226928711e+00,3.096539676189422607e-01,-1.377198696136474609e+00,-1.960057318210601807e-01,9.537733793258666992e-01,7.511228322982788086e-01,2.344144582748413086e+00,-2.146691679954528809e-01,-4.612946510314941406e-01,1.238069147802889347e-03,7.788933813571929932e-02,6.694802045822143555e-01,-8.351720124483108521e-02,8.915302902460098267e-02,-4.636128544807434082e-01,5.411552637815475464e-02,-1.298372726887464523e-02,7.844542860984802246e-01,-9.435556083917617798e-02,1.597693413496017456e-01
-2.208928577601909637e-02,-2.310720682144165039e-01,6.684237718582153320e-01,5.348336696624755859e-02,-6.956268101930618286e-02,7.411584258079528809e-01,6.655710339546203613e-01,0.000000000000000000e+00,0.000000000000000000e+00,2.415266633033752441e-02,-1.252576708793640137e+00,3.057480752468109131e-01,-1.315937042236328125e+00,-1.442671567201614380e-01,9.613428711891174316e-01,5.677976608276367188e-01,2.352020740509033203e+00,-1.857975572347640991e-01,-4.245676100254058838e-01,-7.832517847418785095e-03,1.021167412400245667e-01,6.652734875679016113e-01,-9.480196237564086914e-02,9.955141693353652954e-02,-4.586859047412872314e-01,2.027733251452445984e-02,-3.215358778834342957e-02,8.284516930580139160e-01,-4.875335842370986938e-02,1.544688344001770020e-01
-2.465980499982833862e-02,-2.305225282907485962e-01,6.666042804718017578e-01,6.193255633115768433e-02,-6.846234202384948730e-02,7.276679873466491699e-01,6.796885728836059570e-01,0.000000000000000000e+00,0.000000000000000000e+00,5.937606841325759888e-02,-1.241096138954162598e+00,2.956962883472442627e-01,-1.243008494377136230e+00,-8.737060427665710449e-02,9.928705692291259766e-01,3.481138348579406738e-01,2.276942729949951172e+00,-1.401374489068984985e-01,-4.283218681812286377e-01,-1.437228731811046600e-02,1.222489550709724426e-01,6.943628787994384766e-01,-1.092072576284408569e-01,1.221985071897506714e-01,-4.875885844230651855e-01,-1.471113599836826324e-02,-4.240867495536804199e-02,8.841042518615722656e-01,-4.116398468613624573e-02,1.389725804328918457e-01
-2.618931606411933899e-02,-2.303685098886489868e-01,6.645331382751464844e-01,7.279536873102188110e-02,-6.208238378167152405e-02,7.107559442520141602e-01,6.969021558761596680e-01,0.000000000000000000e+00,0.000000000000000000e+00,1.101645603775978088e-01,-1.197949767112731934e+00,3.265369832515716553e-01,-1.178201198577880859e+00,-3.724771365523338318e-02,1.023749589920043945e+00,1.692672967910766602e-01,2.141351938247680664e+00,-8.017096668481826782e-02,-4.388387799263000488e-01,-3.274080529808998108e-02,1.349166482686996460e-01,7.229171395301818848e-01,-1.243463754653930664e-01,1.411128938198089600e-01,-5.138614177703857422e-01,-3.192023932933807373e-02,-2.820668928325176239e-02,9.324468970298767090e-01,-7.335253059864044189e-02,1.315172314643859863e-01
-2.703599259257316589e-02,-2.318334430456161499e-01,6.610479354858398438e-01,8.747377246618270874e-02,-5.814424157142639160e-02,6.927734613418579102e-01,7.134651541709899902e-01,0.000000000000000000e+00,0.000000000000000000e+00,1.781617254018783569e-01,-1.149957656860351562e+00,3.967792689800262451e-01,-1.106295466423034668e+00,1.379415579140186310e-02,1.040556311607360840e+00,3.761281818151473999e-02,1.992956757545471191e+00,-1.820140145719051361e-02,-4.399353861808776855e-01,-5.064225941896438599e-02,1.487265676259994507e-01,7.494155764579772949e-01,-1.400138139724731445e-01,1.591626852750778198e-01,-5.163189172744750977e-01,-3.860388696193695068e-02,-4.534838721156120300e-03,9.616729617118835449e-01,-9.737051278352737427e-02,1.299384832382202148e-01
-2.809618599712848663e-02,-2.341835200786590576e-01,6.579567193984985352e-01,1.016415879130363464e-01,-5.596122145652770996e-02,6.727507710456848145e-01,7.307144999504089355e-01,0.000000000000000000e+00,0.000000000000000000e+00,2.502756416797637939e-01,-1.107484102249145508e+00,4.882531762123107910e-01,-1.040321588516235352e+00,5.398293957114219666e-02,1.046572208404541016e+00,-6.961110979318618774e-02,1.847085714340209961e+00,3.836206346750259399e-02,-4.332070648670196533e-01,-6.367807835340499878e-02,1.591687649488449097e-01,7.671445012092590332e-01,-1.470592021942138672e-01,1.735348105430603027e-01,-5.014906525611877441e-01,-3.675822913646697998e-02,2.709411457180976868e-02,9.705226421356201172e-01,-1.231328994035720825e-01,1.234810128808021545e-01
-2.766521275043487549e-02,-2.366527915000915527e-01,6.549546122550964355e-01,1.134675815701484680e-01,-5.267646536231040955e-02,6.587144136428833008e-01,7.419201731681823730e-01,0.000000000000000000e+00,0.000000000000000000e+00,3.084031343460083008e-01,-1.073634743690490723e+00,5.687094926834106445e-01,-1.003788113594055176e+00,7.546994090080261230e-02,1.033081531524658203e+00,-1.335994154214859009e-01,1.755675792694091797e+00,8.293364197015762329e-02,-4.348768591880798340e-01,-7.323453575372695923e-02,1.704519689083099365e-01,7.894260883331298828e-01,-1.341059058904647827e-01,1.758441329002380371e-01,-4.878155589103698730e-01,-3.707687556743621826e-02,4.877077415585517883e-02,9.729508757591247559e-01,-1.500699073076248169e-01,1.079954355955123901e-01
-2.569533511996269226e-02,-2.396143525838851929e-01,6.520367860794067383e-01,1.237797290086746216e-01,-5.179991200566291809e-02,6.531237363815307617e-01,7.452682256698608398e-01,0.000000000000000000e+00,0.000000000000000000e+00,3.247167170047760010e-01,-1.043783903121948242e+00,6.171260476112365723e-01,-1.004442334175109863e+00,7.721798121929168701e-02,1.044046521186828613e+00,-1.689824610948562622e-01,1.751769185066223145e+00,1.085342094302177429e-01,-4.447804391384124756e-01,-6.332007795572280884e-02,1.995851248502731323e-01,8.210273981094360352e-01,-6.675314903259277344e-02,1.713530123233795166e-01,-4.794310629367828369e-01,-4.746488854289054871e-02,4.831812903285026550e-02,9.809347987174987793e-01,-1.639712601900100708e-01,9.179338812828063965e-02
-2.300199680030345917e-02,-2.416215389966964722e-01,6.498093605041503906e-01,1.263333112001419067e-01,-5.190370231866836548e-02,6.568722724914550781e-01,7.415286302566528320e-01,0.000000000000000000e+00,0.000000000000000000e+00,2.957512438297271729e-01,-1.033559918403625488e+00,6.117449402809143066e-01,-1.021096467971801758e+00,5.812494456768035889e-02,1.078928589820861816e+00,-1.624428927898406982e-01,1.803917407989501953e+00,1.046611592173576355e-01,-4.871034920215606689e-01,-4.427371919155120850e-02,2.229943722486495972e-01,8.748931884765625000e-01,-4.105711728334426880e-02,1.734197884798049927e-01,-4.943628013134002686e-01,-5.502195656299591064e-02,3.596371784806251526e-02,1.007247090339660645e+00,-1.787807792425155640e-01,8.832842111587524414e-02
-2.005249261856079102e-02,-2.427659928798675537e-01,6.479421854019165039e-01,1.224748045206069946e-01,-5.463031679391860962e-02,6.690930128097534180e-01,7.309787869453430176e-01,0.000000000000000000e+00,0.000000000000000000e+00,2.286377847194671631e-01,-1.031853675842285156e+00,5.633446574211120605e-01,-1.093010425567626953e+00,2.360243164002895355e-02,1.117362856864929199e+00,-1.046755835413932800e-01,1.938547372817993164e+00,7.619510591030120850e-02,-5.653018951416015625e-01,-2.257959358394145966e-02,2.285215705633163452e-01,9.503012895584106445e-01,-2.571298927068710327e-02,1.555318832397460938e-01,-5.007854700088500977e-01,-6.299629062414169312e-02,1.043248269706964493e-02,1.006366014480590820e+00,-1.694782972335815430e-01,9.082144498825073242e-02
-1.786375604569911957e-02,-2.405292391777038574e-01,6.511538624763488770e-01,1.060785353183746338e-01,-5.228906124830245972e-02,6.849886775016784668e-01,7.188906073570251465e-01,0.000000000000000000e+00,0.000000000000000000e+00,1.615504473447799683e-01,-1.049589633941650391e+00,5.140870809555053711e-01,-1.161272883415222168e+00,-1.723240688443183899e-02,1.140112757682800293e+00,-1.064625754952430725e-02,2.063621282577514648e+00,2.717142365872859955e-02,-6.397908329963684082e-01,9.064190089702606201e-03,2.351070344448089600e-01,1.019497036933898926e+00,-2.300410531461238861e-02,1.413876563310623169e-01,-5.252097249031066895e-01,-5.571475997567176819e-02,-1.040549669414758682e-02,9.931693673133850098e-01,-1.560988277196884155e-01,1.023781895637512207e-01
-1.678845845162868500e-02,-2.379057258367538452e-01,6.544607877731323242e-01,9.111552685499191284e-02,-5.379618704319000244e-02,7.005942463874816895e-01,7.056710720062255859e-01,0.000000000000000000e+00,0.000000000000000000e+00,1.048927903175354004e-01,-1.078145384788513184e+00,4.852745532989501953e-01,-1.223664164543151855e+00,-5.586769804358482361e-02,1.142754435539245605e+00,1.275494992733001709e-01,2.163758993148803711e+00,-3.038684651255607605e-02,-6.936815977096557617e-01,3.161529824137687683e-02,2.223920375108718872e-01,1.065048813819885254e+00,-2.546659298241138458e-02,1.282599419355392456e-01,-5.372148752212524414e-01,-4.433028772473335266e-02,-3.136488422751426697e-02,9.747128486633300781e-01,-1.315664052963256836e-01,1.063814908266067505e-01
-1.652926392853260040e-02,-2.345264554023742676e-01,6.583294272422790527e-01,7.703863829374313354e-02,-5.641694366931915283e-02,7.163869738578796387e-01,6.911380887031555176e-01,0.000000000000000000e+00,0.000000000000000000e+00,6.265698373317718506e-02,-1.114526867866516113e+00,4.871943295001983643e-01,-1.278893589973449707e+00,-8.674852550029754639e-02,1.123162865638732910e+00,3.068870604038238525e-01,2.225134611129760742e+00,-9.420031309127807617e-02,-7.110766768455505371e-01,4.145133495330810547e-02,1.946215927600860596e-01,1.058585524559020996e+00,-3.478930145502090454e-02,1.245768964290618896e-01,-5.398532748222351074e-01,-3.344881162047386169e-02,-5.350247025489807129e-02,9.502011537551879883e-01,-9.810252487659454346e-02,1.081424131989479065e-01
-1.783003099262714386e-02,-2.309814989566802979e-01,6.621745824813842773e-01,6.149701029062271118e-02,-6.491384655237197876e-02,7.336283922195434570e-01,6.736420989036560059e-01,0.000000000000000000e+00,0.000000000000000000e+00,2.752248011529445648e-02,-1.176418900489807129e+00,4.855851829051971436e-01,-1.327759861946105957e+00,-1.353758275508880615e-01,1.075322508811950684e+00,5.466298460960388184e-01,2.242320299148559570e+00,-1.686303913593292236e-01,-6.853200197219848633e-01,3.515008464455604553e-02,1.407825350761413574e-01,1.000318408012390137e+00,-2.451761439442634583e-02,1.149930432438850403e-01,-5.219289064407348633e-01,-1.584115624427795410e-02,-8.380760997533798218e-02,9.079169631004333496e-01,-6.255862116813659668e-02,1.062881425023078918e-01
-1.946924440562725067e-02,-2.289722114801406860e-01,6.603866815567016602e-01,5.018119513988494873e-02,-8.635069429874420166e-02,7.547711730003356934e-01,6.483408808708190918e-01,0.000000000000000000e+00,0.000000000000000000e+00,9.379099123179912567e-03,-1.249138951301574707e+00,4.704720675945281982e-01,-1.396776318550109863e+00,-2.022547423839569092e-01,1.076613187789916992e+00,7.787790894508361816e-01,2.154013395309448242e+00,-2.604325115680694580e-01,-6.262595057487487793e-01,2.715315856039524078e-02,9.243652224540710449e-02,9.527257680892944336e-01,-2.507064864039421082e-02,1.135454922914505005e-01,-4.977649152278900146e-01,7.862469065003097057e-04,-1.265735179185867310e-01,9.075167179107666016e-01,-5.207182466983795166e-02,8.751198649406433105e-02
-2.107285149395465851e-02,-2.271830439567565918e-01,6.566575765609741211e-01,4.506430774927139282e-02,-1.050972416996955872e-01,7.700586318969726562e-01,6.276412010192871094e-01,0.000000000000000000e+00,0.000000000000000000e+00,-1.451123226433992386e-02,-1.307303667068481445e+00,4.405809938907623291e-01,-1.443630695343017578e+00,-2.754986584186553955e-01,1.108546733856201172e+00,9.382191300392150879e-01,2.018012762069702148e+00,-3.299947381019592285e-01,-5.523878931999206543e-01,1.978366635739803314e-02,6.497375667095184326e-02,9.093932509422302246e-01,-7.461860775947570801e-02,1.185655817389488220e-01,-4.738108515739440918e-01,-2.259927336126565933e-03,-1.611582636833190918e-01,9.192733764648437500e-01,-4.266534373164176941e-02,6.777857989072799683e-02
-2.268474549055099487e-02,-2.252087593078613281e-01,6.578285694122314453e-01,4.758300632238388062e-02,-1.158742979168891907e-01,7.743539810180664062e-01,6.202297210693359375e-01,0.000000000000000000e+00,0.000000000000000000e+00,-1.660257950425148010e-02,-1.344162940979003906e+00,4.223099052906036377e-01,-1.426965832710266113e+00,-3.100288808345794678e-01,1.141432285308837891e+00,9.511561393737792969e-01,1.894371986389160156e+00,-3.582837581634521484e-01,-5.013478398323059082e-01,1.037146057933568954e-02,6.057192012667655945e-02,8.900525569915771484e-01,-1.153573319315910339e-01,1.257038861513137817e-01,-4.666506648063659668e-01,-1.843095198273658752e-02,-1.744304448366165161e-01,9.460309147834777832e-01,6.099683232605457306e-03,6.486074626445770264e-02
-2.409803867340087891e-02,-2.229815721511840820e-01,6.560158133506774902e-01,5.613325536251068115e-02,-1.172557398676872253e-01,7.688071727752685547e-01,6.261275410652160645e-01,0.000000000000000000e+00,0.000000000000000000e+00,-4.076479934155941010e-03,-1.348048448562622070e+00,4.327775835990905762e-01,-1.368766307830810547e+00,-2.988834679126739502e-01,1.153958797454833984e+00,8.325521945953369141e-01,1.818999171257019043e+00,-3.396582603454589844e-01,-4.826094806194305420e-01,-3.438129788264632225e-03,7.090722769498825073e-02,8.926643729209899902e-01,-1.482098996639251709e-01,1.398728638887405396e-01,-4.992583990097045898e-01,-4.234249889850616455e-02,-1.670802682638168335e-01,1.004581451416015625e+00,2.736198483034968376e-03,5.820376053452491760e-02
-2.532657608389854431e-02,-2.198580652475357056e-01,6.548969745635986328e-01,6.566061824560165405e-02,-1.059575825929641724e-01,7.549974918365478516e-01,6.437705159187316895e-01,0.000000000000000000e+00,0.000000000000000000e+00,-3.807130269706249237e-03,-1.303882718086242676e+00,4.534059762954711914e-01,-1.302043437957763672e+00,-2.816948294639587402e-01,1.146304368972778320e+00,6.389397978782653809e-01,1.795507788658142090e+00,-2.729963362216949463e-01,-4.806432127952575684e-01,-2.565371990203857422e-02,8.118688315153121948e-02,8.803274631500244141e-01,-1.446202844381332397e-01,1.485081166028976440e-01,-5.492026209831237793e-01,-5.271692201495170593e-02,-1.370307803153991699e-01,1.047640085220336914e+00,9.036455885507166386e-04,6.802871823310852051e-02
-2.486048638820648193e-02,-2.163691967725753784e-01,6.538496613502502441e-01,7.549668103456497192e-02,-9.023404121398925781e-02,7.417448163032531738e-01,6.602823138236999512e-01,0.000000000000000000e+00,0.000000000000000000e+00,6.807320751249790192e-03,-1.246129870414733887e+00,4.918590784072875977e-01,-1.258409380912780762e+00,-2.531331181526184082e-01,1.157696485519409180e+00,4.544531404972076416e-01,1.774587035179138184e+00,-2.012529373168945312e-01,-5.048606991767883301e-01,-4.819622635841369629e-02,1.016127839684486389e-01,9.012725353240966797e-01,-1.444950401782989502e-01,1.519131213426589966e-01,-5.878634452819824219e-01,-6.163945049047470093e-02,-1.017010435461997986e-01,1.087782740592956543e+00,-1.524592284113168716e-03,7.356445491313934326e-02
-2.433216944336891174e-02,-2.144982665777206421e-01,6.500215530395507812e-01,8.549233525991439819e-02,-8.198889344930648804e-02,7.294432520866394043e-01,6.737072467803955078e-01,0.000000000000000000e+00,0.000000000000000000e+00,9.010856039822101593e-03,-1.180042982101440430e+00,5.149362087249755859e-01,-1.249563455581665039e+00,-2.111941277980804443e-01,1.167885184288024902e+00,3.019585907459259033e-01,1.769552230834960938e+00,-1.292086392641067505e-01,-5.290861129760742188e-01,-5.667104944586753845e-02,1.243380382657051086e-01,9.435572624206542969e-01,-1.359735131263732910e-01,1.518560200929641724e-01,-6.107783317565917969e-01,-5.929939076304435730e-02,-6.263846904039382935e-02,1.111386179924011230e+00,-1.023783162236213684e-02,8.727671951055526733e-02
-2.334943599998950958e-02,-2.129490822553634644e-01,6.471142172813415527e-01,9.594958275556564331e-02,-7.196030020713806152e-02,7.155467271804809570e-01,6.881920695304870605e-01,0.000000000000000000e+00,0.000000000000000000e+00,2.869381941854953766e-02,-1.098782539367675781e+00,5.707637071609497070e-01,-1.253221273422241211e+00,-1.597304046154022217e-01,1.164994955062866211e+00,1.780222207307815552e-01,1.765997648239135742e+00,-5.630953609943389893e-02,-5.410444736480712891e-01,-6.294783949851989746e-02,1.523880064487457275e-01,9.664309620857238770e-01,-1.383005529642105103e-01,1.507113128900527954e-01,-6.130334734916687012e-01,-5.831208452582359314e-02,-2.528979256749153137e-02,1.122530221939086914e+00,-3.134868666529655457e-02,9.320500493049621582e-02
-2.254453301429748535e-02,-2.128209918737411499e-01,6.430270671844482422e-01,1.088867932558059692e-01,-6.723060458898544312e-02,7.005190849304199219e-01,7.020660042762756348e-01,0.000000000000000000e+00,0.000000000000000000e+00,6.340337544679641724e-02,-1.010273575782775879e+00,6.805337071418762207e-01,-1.252156376838684082e+00,-1.166387945413589478e-01,1.154050469398498535e+00,9.774054586887359619e-02,1.735170483589172363e+00,9.737767279148101807e-03,-5.374702215194702148e-01,-6.105539575219154358e-02,1.819600909948348999e-01,9.862991571426391602e-01,-1.470023393630981445e-01,1.595142781734466553e-01,-5.997990965843200684e-01,-5.670238658785820007e-02,8.201083168387413025e-03,1.131646871566772461e+00,-6.665241718292236328e-02,9.235747903585433960e-02
-2.194036170840263367e-02,-2.120652049779891968e-01,6.414420604705810547e-01,1.162684187293052673e-01,-6.178274750709533691e-02,6.871041059494018555e-01,7.145295739173889160e-01,0.000000000000000000e+00,0.000000000000000000e+00,9.806331247091293335e-02,-9.260027408599853516e-01,8.164179921150207520e-01,-1.250326275825500488e+00,-8.731426298618316650e-02,1.131166100502014160e+00,4.459690302610397339e-02,1.666219830513000488e+00,7.192149758338928223e-02,-5.362218618392944336e-01,-5.881878733634948730e-02,1.995697766542434692e-01,9.985669255256652832e-01,-1.498423814773559570e-01,1.612922400236129761e-01,-5.866403579711914062e-01,-4.782574251294136047e-02,3.690308704972267151e-02,1.138454556465148926e+00,-1.030602455139160156e-01,8.682836592197418213e-02
-2.263142168521881104e-02,-2.126754820346832275e-01,6.375545263290405273e-01,1.260660141706466675e-01,-6.571630388498306274e-02,6.697059869766235352e-01,7.288913726806640625e-01,0.000000000000000000e+00,0.000000000000000000e+00,1.319148689508438110e-01,-8.559714555740356445e-01,9.413934946060180664e-01,-1.226681828498840332e+00,-6.797333061695098877e-02,1.135725140571594238e+00,2.618090808391571045e-02,1.585764408111572266e+00,1.320372521877288818e-01,-5.332197546958923340e-01,-3.855453431606292725e-02,2.127659618854522705e-01,1.033413052558898926e+00,-1.422714889049530029e-01,1.656432002782821655e-01,-5.744593143463134766e-01,-2.812776155769824982e-02,4.903724789619445801e-02,1.164367079734802246e+00,-1.353158354759216309e-01,7.092650979757308960e-02
-2.131931483745574951e-02,-2.126399725675582886e-01,6.372967958450317383e-01,1.335655897855758667e-01,-6.609965115785598755e-02,6.614699959754943848e-01,7.350159883499145508e-01,0.000000000000000000e+00,0.000000000000000000e+00,1.175581440329551697e-01,-8.060067296028137207e-01,1.003519654273986816e+00,-1.241571903228759766e+00,-6.755389273166656494e-02,1.132929325103759766e+00,3.398815635591745377e-03,1.513221621513366699e+00,1.657976955175399780e-01,-5.206632614135742188e-01,-2.441723272204399109e-02,2.259143590927124023e-01,1.034248352050781250e+00,-1.231478527188301086e-01,1.651023179292678833e-01,-5.496287345886230469e-01,-2.699836157262325287e-02,5.067710205912590027e-02,1.155354738235473633e+00,-1.514322608709335327e-01,6.320779025554656982e-02
-1.971407793462276459e-02,-2.131622135639190674e-01,6.372113227844238281e-01,1.402958035469055176e-01,-7.396347075700759888e-02,6.593323945999145508e-01,7.349334955215454102e-01,0.000000000000000000e+00,0.000000000000000000e+00,5.435336381196975708e-02,-8.245328664779663086e-01,9.443494081497192383e-01,-1.254789590835571289e+00,-6.172671541571617126e-02,1.182038903236389160e+00,-2.206208556890487671e-02,1.501347780227661133e+00,1.731728613376617432e-01,-5.151476860046386719e-01,7.240874692797660828e-03,2.369417250156402588e-01,1.052444934844970703e+00,-1.101482883095741272e-01,1.733977049589157104e-01,-5.207195281982421875e-01,-2.456389553844928741e-02,3.600336611270904541e-02,1.148094296455383301e+00,-1.642776429653167725e-01,6.457797437906265259e-02
-1.370588876307010651e-02,-2.127119451761245728e-01,6.423062086105346680e-01,1.449682563543319702e-01,-7.587739825248718262e-02,6.776382923126220703e-01,7.169610857963562012e-01,0.000000000000000000e+00,0.000000000000000000e+00,-5.155558884143829346e-02,-8.480581641197204590e-01,7.715008854866027832e-01,-1.427194714546203613e+00,-6.058195233345031738e-02,1.203040719032287598e+00,-1.108713820576667786e-01,1.546251773834228516e+00,1.355121582746505737e-01,-4.871673583984375000e-01,-9.666468016803264618e-03,2.277409285306930542e-01,9.933220744132995605e-01,-8.426290005445480347e-02,1.682640761137008667e-01,-4.477114975452423096e-01,-5.568007752299308777e-02,1.074652839452028275e-02,1.053346753120422363e+00,-1.518412381410598755e-01,8.331467956304550171e-02
-1.061249617487192154e-02,-2.113366723060607910e-01,6.475791931152343750e-01,1.430498510599136353e-01,-8.559865504503250122e-02,6.903856396675109863e-01,7.039724588394165039e-01,0.000000000000000000e+00,0.000000000000000000e+00,-1.876847445964813232e-01,-9.320104122161865234e-01,5.412234067916870117e-01,-1.552925109863281250e+00,-5.822306498885154724e-02,1.289406180381774902e+00,-1.397306621074676514e-01,1.638343691825866699e+00,9.615331143140792847e-02,-4.589653313159942627e-01,-5.638299509882926941e-03,2.095426917076110840e-01,9.608011841773986816e-01,-6.252414733171463013e-02,1.470303833484649658e-01,-3.928168714046478271e-01,-5.363437533378601074e-02,-1.675620116293430328e-02,9.814429879188537598e-01,-1.418971121311187744e-01,9.090587496757507324e-02
-7.114079315215349197e-03,-2.099772840738296509e-01,6.530635952949523926e-01,1.477787345647811890e-01,-9.508721530437469482e-02,7.001323699951171875e-01,6.920509934425354004e-01,0.000000000000000000e+00,0.000000000000000000e+00,-3.734044432640075684e-01,-1.017942309379577637e+00,3.358668088912963867e-01,-1.722046613693237305e+00,-6.061149761080741882e-02,1.363933801651000977e+00,-1.096661537885665894e-01,1.761957287788391113e+00,4.809090122580528259e-02,-4.100120067596435547e-01,-1.019487972371280193e-03,1.946059316396713257e-01,9.147733449935913086e-01,-3.862052410840988159e-02,1.220453158020973206e-01,-3.279099762439727783e-01,-5.468750000000000000e-02,-3.095061145722866058e-02,9.062587618827819824e-01,-1.085128635168075562e-01,8.025288581848144531e-02
-4.820945672690868378e-03,-2.058198004961013794e-01,6.618639230728149414e-01,1.427789181470870972e-01,-9.700645506381988525e-02,7.086449861526489258e-01,6.841244101524353027e-01,0.000000000000000000e+00,0.000000000000000000e+00,-5.791565775871276855e-01,-1.075784087181091309e+00,2.165259122848510742e-01,-1.895970344543457031e+00,-5.210121348500251770e-02,1.366590738296508789e+00,2.415428124368190765e-02,1.860472202301025391e+00,3.846559673547744751e-03,-3.677197694778442383e-01,1.370089245028793812e-03,1.795164495706558228e-01,8.607596755027770996e-01,-2.685820125043392181e-02,9.964754432439804077e-02,-2.745938301086425781e-01,-4.656702652573585510e-02,-3.522983565926551819e-02,8.091797232627868652e-01,-7.097309082746505737e-02,5.378035083413124084e-02
-4.779644310474395752e-03,-2.020330578088760376e-01,6.670921444892883301e-01,1.378169208765029907e-01,-1.053750216960906982e-01,7.127618193626403809e-01,6.796125173568725586e-01,0.000000000000000000e+00,0.000000000000000000e+00,-8.076782822608947754e-01,-1.130586147308349609e+00,1.982413679361343384e-01,-2.036420345306396484e+00,-3.707878291606903076e-02,1.303752183914184570e+00,2.648804783821105957e-01,1.955891013145446777e+00,-3.995532542467117310e-02,-3.090723752975463867e-01,9.616374038159847260e-03,1.716227978467941284e-01,7.947258949279785156e-01,-3.691807389259338379e-02,9.546937793493270874e-02,-2.208233177661895752e-01,-2.565889805555343628e-02,-3.096807189285755157e-02,7.225740551948547363e-01,-3.106311336159706116e-02,2.685759589076042175e-02
-1.632170402444899082e-03,-1.981519460678100586e-01,6.695184707641601562e-01,1.443521678447723389e-01,-1.036545708775520325e-01,7.236545085906982422e-01,6.668900847434997559e-01,0.000000000000000000e+00,0.000000000000000000e+00,-1.066268324851989746e+00,-1.285194516181945801e+00,1.913485974073410034e-01,-2.115749120712280273e+00,-1.378315594047307968e-02,1.169389247894287109e+00,5.600620508193969727e-01,2.045903444290161133e+00,-1.025647595524787903e-01,-2.503457665443420410e-01,-2.570299059152603149e-02,1.768789142370223999e-01,7.286494374275207520e-01,-6.947788596153259277e-02,1.040620058774948120e-01,-2.210597991943359375e-01,-4.393915459513664246e-02,-1.006036251783370972e-02,7.341762781143188477e-01,-2.936679683625698090e-02,9.901232988340780139e-05
2.330983290448784828e-03,-1.918337196111679077e-01,6.717085838317871094e-01,1.421403139829635620e-01,-9.592924267053604126e-02,7.420443296432495117e-01,6.480462551116943359e-01,0.000000000000000000e+00,0.000000000000000000e+00,-1.355982780456542969e+00,-1.466586828231811523e+00,1.567903012037277222e-01,-2.084685325622558594e+00,-1.010316796600818634e-02,1.032516837120056152e+00,7.139669060707092285e-01,2.092827320098876953e+00,-2.067945003509521484e-01,-2.167835235595703125e-01,-5.859784036874771118e-02,1.871361136436462402e-01,6.724765300750732422e-01,-1.386704891920089722e-01,1.076488196849822998e-01,-2.807444930076599121e-01,-5.596919357776641846e-02,3.293011710047721863e-02,8.057377338409423828e-01,-5.917993932962417603e-02,-6.081090308725833893e-03
3.515246324241161346e-03,-1.860807985067367554e-01,6.730635166168212891e-01,1.353451311588287354e-01,-9.435161203145980835e-02,7.545939683914184570e-01,6.351121068000793457e-01,0.000000000000000000e+00,0.000000000000000000e+00,-1.583832859992980957e+00,-1.589896082878112793e+00,1.027403324842453003e-01,-2.024934768676757812e+00,-1.673980988562107086e-02,9.684967398643493652e-01,7.375089526176452637e-01,2.118070840835571289e+00,-2.877697348594665527e-01,-1.951044648885726929e-01,-6.733842194080352783e-02,1.951259523630142212e-01,6.420980691909790039e-01,-1.860457509756088257e-01,1.022783368825912476e-01,-3.099719583988189697e-01,-4.976504296064376831e-02,5.995013192296028137e-02,8.308249711990356445e-01,-6.030925363302230835e-02,-4.567398224025964737e-03
1.867464743554592133e-03,-1.815800815820693970e-01,6.724547743797302246e-01,1.289173662662506104e-01,-9.547999501228332520e-02,7.565134763717651367e-01,6.339962482452392578e-01,0.000000000000000000e+00,0.000000000000000000e+00,-1.727644920349121094e+00,-1.656858086585998535e+00,4.332007095217704773e-02,-1.982644438743591309e+00,-1.779062859714031219e-02,9.525781273841857910e-01,6.416788697242736816e-01,2.101590394973754883e+00,-3.276615738868713379e-01,-1.941090673208236694e-01,-5.803848430514335632e-02,2.116262018680572510e-01,6.596064567565917969e-01,-2.389468848705291748e-01,1.125946268439292908e-01,-3.387043774127960205e-01,-3.334200382232666016e-02,8.214585483074188232e-02,8.698083758354187012e-01,-5.728357285261154175e-02,1.139109721407294273e-03
-1.178540289402008057e-03,-1.785372793674468994e-01,6.699075102806091309e-01,1.268262714147567749e-01,-9.599909186363220215e-02,7.485728263854980469e-01,6.436908841133117676e-01,0.000000000000000000e+00,0.000000000000000000e+00,-1.780958294868469238e+00,-1.657289266586303711e+00,-5.824942607432603836e-03,-1.986236691474914551e+00,-6.130152847617864609e-03,9.769775271415710449e-01,4.703325033187866211e-01,2.033334493637084961e+00,-3.162757158279418945e-01,-2.110420763492584229e-01,-3.754933178424835205e-02,2.389794290065765381e-01,7.131842970848083496e-01,-2.833124995231628418e-01,1.280504912137985229e-01,-3.679348528385162354e-01,-2.132352255284786224e-02,9.455514699220657349e-02,9.227274656295776367e-01,-4.918481782078742981e-02,1.708669587969779968e-02
-5.080537404865026474e-03,-1.759221106767654419e-01,6.676306128501892090e-01,1.257710158824920654e-01,-9.094017744064331055e-02,7.323301434516906738e-01,6.630264520645141602e-01,0.000000000000000000e+00,0.000000000000000000e+00,-1.779281497001647949e+00,-1.609194397926330566e+00,-2.351879514753818512e-02,-2.020048141479492188e+00,6.619008723646402359e-03,1.019008159637451172e+00,2.701058983802795410e-01,1.924282789230346680e+00,-2.675648331642150879e-01,-2.414664328098297119e-01,-1.939895935356616974e-02,2.574400007724761963e-01,7.721807360649108887e-01,-3.154587149620056152e-01,1.423303931951522827e-01,-4.033784270286560059e-01,-1.528707891702651978e-02,1.023129075765609741e-01,9.765239953994750977e-01,-6.228018924593925476e-02,2.668057382106781006e-02
-8.968107402324676514e-03,-1.729533374309539795e-01,6.663443446159362793e-01,1.212650537490844727e-01,-8.099216222763061523e-02,7.137680649757385254e-01,6.850329637527465820e-01,0.000000000000000000e+00,0.000000000000000000e+00,-1.749773025512695312e+00,-1.545292615890502930e+00,-3.044277429580688477e-02,-2.070195436477661133e+00,2.741011045873165131e-02,1.058017730712890625e+00,7.255617529153823853e-02,1.815405249595642090e+00,-2.021668553352355957e-01,-2.879686653614044189e-01,2.297312254086136818e-03,2.710200846195220947e-01,8.349158763885498047e-01,-3.451622426509857178e-01,1.564888507127761841e-01,-4.439169764518737793e-01,-4.456206224858760834e-03,1.103927865624427795e-01,1.028776407241821289e+00,-9.251391887664794922e-02,4.284613579511642456e-02
-1.173705980181694031e-02,-1.702814996242523193e-01,6.644703745841979980e-01,1.176265105605125427e-01,-6.854458898305892944e-02,6.952700018882751465e-01,7.057374119758605957e-01,0.000000000000000000e+00,0.000000000000000000e+00,-1.707534432411193848e+00,-1.479683876037597656e+00,-3.215658664703369141e-02,-2.128179550170898438e+00,6.569787114858627319e-02,1.083355665206909180e+00,-9.805393964052200317e-02,1.732554912567138672e+00,-1.293645203113555908e-01,-3.440546393394470215e-01,1.831137388944625854e-02,2.775235176086425781e-01,9.026177525520324707e-01,-3.670750558376312256e-01,1.632613986730575562e-01,-4.819391965866088867e-01,3.006679937243461609e-03,1.160844564437866211e-01,1.081018567085266113e+00,-1.481312960386276245e-01,4.821418225765228271e-02
-1.304252911359071732e-02,-1.687815040349960327e-01,6.612256169319152832e-01,1.160919144749641418e-01,-5.930903181433677673e-02,6.813098192214965820e-01,7.202930450439453125e-01,0.000000000000000000e+00,0.000000000000000000e+00,-1.674721479415893555e+00,-1.426359295845031738e+00,-2.868171036243438721e-02,-2.172413110733032227e+00,1.139528676867485046e-01,1.101053953170776367e+00,-2.191681861877441406e-01,1.673817276954650879e+00,-6.090736389160156250e-02,-3.946148455142974854e-01,3.337303549051284790e-02,2.815006971359252930e-01,9.655796885490417480e-01,-3.661288321018218994e-01,1.615066528320312500e-01,-5.077470541000366211e-01,-1.058533089235424995e-03,1.065695062279701233e-01,1.118718385696411133e+00,-1.949550062417984009e-01,4.153047502040863037e-02
-1.390674617141485214e-02,-1.682362854480743408e-01,6.583314538002014160e-01,1.159532889723777771e-01,-5.265536531805992126e-02,6.683723330497741699e-01,7.328442335128784180e-01,0.000000000000000000e+00,0.000000000000000000e+00,-1.650527358055114746e+00,-1.384796023368835449e+00,-2.649972215294837952e-02,-2.205944299697875977e+00,1.627401262521743774e-01,1.109523653984069824e+00,-3.133668303489685059e-01,1.636568784713745117e+00,2.817015629261732101e-03,-4.334760010242462158e-01,4.691825807094573975e-02,2.852205932140350342e-01,1.014104008674621582e+00,-3.499703109264373779e-01,1.601458340883255005e-01,-5.261937379837036133e-01,-1.137222442775964737e-02,8.936262875795364380e-02,1.149621963500976562e+00,-2.324580997228622437e-01,3.243318945169448853e-02
-1.373000256717205048e-02,-1.682150661945343018e-01,6.568811535835266113e-01,1.167139708995819092e-01,-4.596420750021934509e-02,6.583180427551269531e-01,7.422145605087280273e-01,0.000000000000000000e+00,0.000000000000000000e+00,-1.624713778495788574e+00,-1.353967547416687012e+00,-1.466005854308605194e-02,-2.214775085449218750e+00,1.999375373125076294e-01,1.119108796119689941e+00,-3.770103156566619873e-01,1.625050306320190430e+00,5.527465045452117920e-02,-4.602412283420562744e-01,5.486184731125831604e-02,2.902067005634307861e-01,1.040148854255676270e+00,-3.157872855663299561e-01,1.582343578338623047e-01,-5.387927889823913574e-01,-2.870109677314758301e-02,6.995978206396102905e-02,1.168163180351257324e+00,-2.545577883720397949e-01,3.232405707240104675e-02
-1.317159645259380341e-02,-1.689638495445251465e-01,6.567327380180358887e-01,1.186685711145401001e-01,-4.160844162106513977e-02,6.501652598381042480e-01,7.493141293525695801e-01,0.000000000000000000e+00,0.000000000000000000e+00,-1.605484485626220703e+00,-1.338087916374206543e+00,-1.263682357966899872e-02,-2.215411424636840820e+00,2.261463850736618042e-01,1.128904581069946289e+00,-4.152481555938720703e-01,1.648607850074768066e+00,9.962510317564010620e-02,-4.721554815769195557e-01,6.282615661621093750e-02,2.992095649242401123e-01,1.049070477485656738e+00,-2.645376324653625488e-01,1.588923037052154541e-01,-5.398867130279541016e-01,-4.571932181715965271e-02,5.106959864497184753e-02,1.173462629318237305e+00,-2.676741182804107666e-01,3.997123241424560547e-02
-1.207249052822589874e-02,-1.701311469078063965e-01,6.579493880271911621e-01,1.184412613511085510e-01,-4.015422984957695007e-02,6.474978327751159668e-01,7.517352104187011719e-01,0.000000000000000000e+00,0.000000000000000000e+00,-1.600747942924499512e+00,-1.343434810638427734e+00,-1.081625465303659439e-02,-2.209236383438110352e+00,2.263172715902328491e-01,1.155536532402038574e+00,-4.210483729839324951e-01,1.692553162574768066e+00,1.209643632173538208e-01,-4.778389036655426025e-01,7.923908531665802002e-02,3.138799071311950684e-01,1.051942229270935059e+00,-2.027622610330581665e-01,1.562463939189910889e-01,-5.321460962295532227e-01,-5.733266472816467285e-02,3.029411472380161285e-02,1.159008860588073730e+00,-2.707577943801879883e-01,4.903351888060569763e-02
-9.544829837977886200e-03,-1.719835102558135986e-01,6.607487797737121582e-01,1.205012723803520203e-01,-3.885518014430999756e-02,6.505808830261230469e-01,7.488085031509399414e-01,0.000000000000000000e+00,0.000000000000000000e+00,-1.599671959877014160e+00,-1.365361809730529785e+00,-1.369868218898773193e-02,-2.196462631225585938e+00,2.199026197195053101e-01,1.180497646331787109e+00,-3.984492123126983643e-01,1.755572080612182617e+00,1.178894564509391785e-01,-4.767872095108032227e-01,8.471726626157760620e-02,3.287332952022552490e-01,1.044817090034484863e+00,-1.291065216064453125e-01,1.505297124385833740e-01,-5.189198255538940430e-01,-7.217857241630554199e-02,1.477627549320459366e-02,1.134947419166564941e+00,-2.667443752288818359e-01,5.721986666321754456e-02
-6.318794563412666321e-03,-1.746857315301895142e-01,6.627207398414611816e-01,1.225185617804527283e-01,-4.186506569385528564e-02,6.609963178634643555e-01,7.391348481178283691e-01,0.000000000000000000e+00,0.000000000000000000e+00,-1.613783240318298340e+00,-1.401510238647460938e+00,-6.801934447139501572e-03,-2.171410322189331055e+00,1.915473192930221558e-01,1.202183961868286133e+00,-3.453680276870727539e-01,1.826943755149841309e+00,8.722490072250366211e-02,-4.904023408889770508e-01,8.279602974653244019e-02,3.231378197669982910e-01,1.058902740478515625e+00,-9.654740989208221436e-02,1.382990330457687378e-01,-5.036306977272033691e-01,-7.892442494630813599e-02,3.654724685475230217e-03,1.110291957855224609e+00,-2.506295144557952881e-01,6.180812790989875793e-02
-1.900920178741216660e-03,-1.783929169178009033e-01,6.639376878738403320e-01,1.276354342699050903e-01,-4.863950610160827637e-02,6.784517168998718262e-01,7.218356132507324219e-01,0.000000000000000000e+00,0.000000000000000000e+00,-1.643868684768676758e+00,-1.457358002662658691e+00,-6.894913967698812485e-03,-2.123664617538452148e+00,1.521454751491546631e-01,1.208264589309692383e+00,-2.566779553890228271e-01,1.919368743896484375e+00,2.893535792827606201e-02,-5.014804601669311523e-01,7.631395757198333740e-02,3.146712183952331543e-01,1.073902726173400879e+00,-8.582342416048049927e-02,1.299116760492324829e-01,-4.846415519714355469e-01,-8.514496684074401855e-02,-1.361479982733726501e-03,1.089373111724853516e+00,-2.278283387422561646e-01,5.676811188459396362e-02
2.202534349635243416e-03,-1.807599067687988281e-01,6.667280197143554688e-01,1.260907500982284546e-01,-5.324674770236015320e-02,6.984877586364746094e-01,7.024106979370117188e-01,0.000000000000000000e+00,0.000000000000000000e+00,-1.695997595787048340e+00,-1.535971999168395996e+00,-2.270096167922019958e-02,-2.062054872512817383e+00,1.106421649456024170e-01,1.186221122741699219e+00,-1.152508705854415894e-01,2.012665987014770508e+00,-5.322802811861038208e-02,-5.113000869750976562e-01,7.010336965322494507e-02,3.036057054996490479e-01,1.083668470382690430e+00,-8.606580644845962524e-02,1.196272522211074829e-01,-4.802949726581573486e-01,-7.934976369142532349e-02,5.330237094312906265e-03,1.063573837280273438e+00,-2.102601677179336548e-01,4.349998757243156433e-02
5.323165096342563629e-03,-1.838049292564392090e-01,6.674142479896545410e-01,1.247917935252189636e-01,-6.620074808597564697e-02,7.203093171119689941e-01,6.791163086891174316e-01,0.000000000000000000e+00,0.000000000000000000e+00,-1.756316900253295898e+00,-1.630022168159484863e+00,-5.662724748253822327e-02,-2.001543283462524414e+00,5.929141119122505188e-02,1.142476916313171387e+00,6.592455506324768066e-02,2.112968921661376953e+00,-1.485229134559631348e-01,-5.009103417396545410e-01,6.460113823413848877e-02,2.818465232849121094e-01,1.069525837898254395e+00,-8.896747231483459473e-02,1.104144230484962463e-01,-4.672414362430572510e-01,-6.821013242006301880e-02,6.739255040884017944e-03,1.043184399604797363e+00,-1.751780211925506592e-01,2.075146138668060303e-02
6.676999386399984360e-03,-1.861419379711151123e-01,6.686360239982604980e-01,1.205555945634841919e-01,-8.044762164354324341e-02,7.384163737297058105e-01,6.585862040519714355e-01,0.000000000000000000e+00,0.000000000000000000e+00,-1.807242989540100098e+00,-1.726620793342590332e+00,-1.003650054335594177e-01,-1.967379570007324219e+00,1.213051006197929382e-02,1.088945865631103516e+00,2.756544351577758789e-01,2.189041852951049805e+00,-2.488022297620773315e-01,-4.694976806640625000e-01,5.861560255289077759e-02,2.633704543113708496e-01,1.018446087837219238e+00,-1.035096347332000732e-01,1.050070151686668396e-01,-4.529250562191009521e-01,-5.022060126066207886e-02,1.232914067804813385e-02,1.016442298889160156e+00,-1.436068564653396606e-01,-2.522827126085758209e-04
5.869681481271982193e-03,-1.868262588977813721e-01,6.697091460227966309e-01,1.131422594189643860e-01,-8.984402567148208618e-02,7.486622333526611328e-01,6.470175981521606445e-01,0.000000000000000000e+00,0.000000000000000000e+00,-1.831747174263000488e+00,-1.740000009536743164e+00,-1.255173981189727783e-01,-1.956827402114868164e+00,-2.826904691755771637e-02,1.051865816116333008e+00,4.471425712108612061e-01,2.237314462661743164e+00,-3.227170407772064209e-01,-4.368857443332672119e-01,4.420898109674453735e-02,2.313301861286163330e-01,9.703009724617004395e-01,-1.621673405170440674e-01,1.054234504699707031e-01,-4.496001601219177246e-01,-2.862186729907989502e-02,2.144002541899681091e-02,9.990749359130859375e-01,-1.225046068429946899e-01,-1.438712980598211288e-02
3.823146456852555275e-03,-1.866931617259979248e-01,6.692134141921997070e-01,1.090473905205726624e-01,-9.598515182733535767e-02,7.521126866340637207e-01,6.428235173225402832e-01,0.000000000000000000e+00,0.000000000000000000e+00,-1.845857501029968262e+00,-1.740000009536743164e+00,-1.296456307172775269e-01,-1.962345480918884277e+00,-5.674439668655395508e-02,1.036086916923522949e+00,5.439903140068054199e-01,2.250596523284912109e+00,-3.689776957035064697e-01,-4.112603366374969482e-01,2.839644625782966614e-02,2.071458250284194946e-01,9.434662461280822754e-01,-2.599702775478363037e-01,1.136459782719612122e-01,-4.531389772891998291e-01,-1.767635904252529144e-02,2.896597422659397125e-02,1.000290274620056152e+00,-1.104172244668006897e-01,-2.655385434627532959e-02
4.649662005249410868e-04,-1.851549893617630005e-01,6.687043309211730957e-01,1.058473363518714905e-01,-9.674107283353805542e-02,7.487782835960388184e-01,6.471233367919921875e-01,0.000000000000000000e+00,0.000000000000000000e+00,-1.845754027366638184e+00,-1.740000009536743164e+00,-1.207000687718391418e-01,-1.972518682479858398e+00,-6.094259396195411682e-02,1.036369681358337402e+00,5.496935248374938965e-01,2.239717721939086914e+00,-3.827421367168426514e-01,-4.008806347846984863e-01,2.266991138458251953e-02,2.043414562940597534e-01,9.400871992111206055e-01,-3.554107248783111572e-01,1.378968954086303711e-01,-4.660169184207916260e-01,-1.105874869972467422e-02,3.699070587754249573e-02,1.012501358985900879e+00,-9.117070585489273071e-02,-1.935248821973800659e-02
-4.284610506147146225e-03,-1.820774972438812256e-01,6.674091815948486328e-01,1.022114753723144531e-01,-9.209345281124114990e-02,7.384342551231384277e-01,6.601412296295166016e-01,0.000000000000000000e+00,0.000000000000000000e+00,-1.846480011940002441e+00,-1.740000009536743164e+00,-1.058145761489868164e-01,-1.998411655426025391e+00,-3.294577449560165405e-02,1.031894803047180176e+00,4.484437406063079834e-01,2.215233087539672852e+00,-3.669970035552978516e-01,-4.139016866683959961e-01,2.939083613455295563e-02,2.168854624032974243e-01,9.648975133895874023e-01,-4.278281331062316895e-01,1.579042971134185791e-01,-4.932299852371215820e-01,-9.410345926880836487e-03,4.003537073731422424e-02,1.039188623428344727e+00,-8.355228602886199951e-02,-4.903527908027172089e-03
-1.072625350207090378e-02,-1.775937527418136597e-01,6.660607457160949707e-01,9.451405704021453857e-02,-8.576384186744689941e-02,7.226506471633911133e-01,6.793288588523864746e-01,0.000000000000000000e+00,0.000000000000000000e+00,-1.842143535614013672e+00,-1.740000009536743164e+00,-8.479153364896774292e-02,-2.024394750595092773e+00,-2.760982839390635490e-03,1.037744402885437012e+00,2.798231840133666992e-01,2.176323413848876953e+00,-3.236793875694274902e-01,-4.448285698890686035e-01,4.764561355113983154e-02,2.255177050828933716e-01,1.009154438972473145e+00,-4.866058826446533203e-01,1.801680475473403931e-01,-5.243079662322998047e-01,1.354695763438940048e-03,4.219513759016990662e-02,1.068855762481689453e+00,-7.755228877067565918e-02,2.630841732025146484e-02
-1.760686002671718597e-02,-1.720643639564514160e-01,6.652852296829223633e-01,8.612982183694839478e-02,-7.723713666200637817e-02,7.025989294052124023e-01,7.021188139915466309e-01,0.000000000000000000e+00,0.000000000000000000e+00,-1.832873344421386719e+00,-1.721855759620666504e+00,-6.867056339979171753e-02,-2.049891710281372070e+00,2.458238787949085236e-02,1.051423907279968262e+00,8.207561820745468140e-02,2.114619255065917969e+00,-2.633235156536102295e-01,-4.818564951419830322e-01,6.820551306009292603e-02,2.347897887229919434e-01,1.056557059288024902e+00,-5.362387299537658691e-01,2.039710581302642822e-01,-5.596292614936828613e-01,1.300292741507291794e-02,4.892792552709579468e-02,1.106338143348693848e+00,-8.605425804853439331e-02,6.279434263706207275e-02
-2.302652038633823395e-02,-1.659648269414901733e-01,6.650942564010620117e-01,7.973083853721618652e-02,-6.587585061788558960e-02,6.837104558944702148e-01,7.223872542381286621e-01,0.000000000000000000e+00,0.000000000000000000e+00,-1.822703003883361816e+00,-1.687452077865600586e+00,-5.035051330924034119e-02,-2.061158895492553711e+00,4.649712517857551575e-02,1.065466761589050293e+00,-1.038012951612472534e-01,2.035679101943969727e+00,-1.996328979730606079e-01,-5.187423229217529297e-01,7.741516828536987305e-02,2.413334101438522339e-01,1.093395829200744629e+00,-5.657464861869812012e-01,2.202272564172744751e-01,-5.981822013854980469e-01,1.086665503680706024e-02,5.419099703431129456e-02,1.154583573341369629e+00,-1.081811562180519104e-01,8.699436485767364502e-02
-2.697152830660343170e-02,-1.602586209774017334e-01,6.662614941596984863e-01,7.533556967973709106e-02,-5.613822862505912781e-02,6.693146824836730957e-01,7.370148897171020508e-01,0.000000000000000000e+00,0.000000000000000000e+00,-1.803054451942443848e+00,-1.649454593658447266e+00,-2.937087230384349823e-02,-2.055221080780029297e+00,7.283236086368560791e-02,1.061151027679443359e+00,-2.597736716270446777e-01,1.951179385185241699e+00,-1.401496231555938721e-01,-5.434474349021911621e-01,7.434580475091934204e-02,2.407149225473403931e-01,1.109771609306335449e+00,-5.724205970764160156e-01,2.304436266422271729e-01,-6.245109438896179199e-01,-4.229735117405653000e-03,5.331249162554740906e-02,1.200311422348022461e+00,-1.228262409567832947e-01,9.371009469032287598e-02
-3.037493303418159485e-02,-1.547700911760330200e-01,6.697965860366821289e-01,7.187759131193161011e-02,-4.611942544579505920e-02,6.544336676597595215e-01,7.512810230255126953e-01,0.000000000000000000e+00,0.000000000000000000e+00,-1.774510502815246582e+00,-1.610246181488037109e+00,4.695034120231866837e-03,-2.038161039352416992e+00,1.118167415261268616e-01,1.031126499176025391e+00,-3.594231903553009033e-01,1.858074069023132324e+00,-8.395168930292129517e-02,-5.532650351524353027e-01,6.165981292724609375e-02,2.376959174871444702e-01,1.099386215209960938e+00,-5.666986703872680664e-01,2.370205372571945190e-01,-6.326748728752136230e-01,-2.254100143909454346e-02,4.950946941971778870e-02,1.224896192550659180e+00,-1.370388716459274292e-01,8.548045903444290161e-02
-3.336220234632492065e-02,-1.499699354171752930e-01,6.742761731147766113e-01,6.839870661497116089e-02,-3.905786201357841492e-02,6.417414546012878418e-01,7.628656625747680664e-01,0.000000000000000000e+00,0.000000000000000000e+00,-1.738999366760253906e+00,-1.578758716583251953e+00,4.152540862560272217e-02,-2.009357690811157227e+00,1.474045217037200928e-01,9.910480976104736328e-01,-4.080945551395416260e-01,1.755240678787231445e+00,-3.075588867068290710e-02,-5.536797642707824707e-01,4.163154214620590210e-02,2.218193262815475464e-01,1.075171589851379395e+00,-5.527941584587097168e-01,2.412906140089035034e-01,-6.183821558952331543e-01,-2.839012444019317627e-02,4.932139068841934204e-02,1.220516443252563477e+00,-1.495821475982666016e-01,7.306383550167083740e-02
-3.576525300741195679e-02,-1.460933834314346313e-01,6.782877445220947266e-01,6.435392796993255615e-02,-3.612792119383811951e-02,6.342787742614746094e-01,7.695738077163696289e-01,0.000000000000000000e+00,0.000000000000000000e+00,-1.716294407844543457e+00,-1.567590713500976562e+00,7.985034584999084473e-02,-1.967868566513061523e+00,1.789990216493606567e-01,9.542511701583862305e-01,-4.079652130603790283e-01,1.642912268638610840e+00,5.750313401222229004e-03,-5.499648451805114746e-01,2.336795255541801453e-02,1.983362734317779541e-01,1.051821231842041016e+00,-5.402607321739196777e-01,2.452574521303176880e-01,-5.907089710235595703e-01,-2.523029781877994537e-02,5.025306344032287598e-02,1.188123703002929688e+00,-1.678581535816192627e-01,5.400530621409416199e-02
-3.697195649147033691e-02,-1.429433077573776245e-01,6.818953752517700195e-01,6.126808002591133118e-02,-3.362060338258743286e-02,6.313030719757080078e-01,7.723809480667114258e-01,0.000000000000000000e+00,0.000000000000000000e+00,-1.705256581306457520e+00,-1.569528937339782715e+00,1.219094768166542053e-01,-1.916144967079162598e+00,2.029636651277542114e-01,9.316825270652770996e-01,-3.749869167804718018e-01,1.524535298347473145e+00,2.751094102859497070e-02,-5.430283546447753906e-01,4.351615440100431442e-03,1.753226816654205322e-01,1.025352597236633301e+00,-5.295245051383972168e-01,2.430772632360458374e-01,-5.629720687866210938e-01,-2.534747682511806488e-02,4.784797504544258118e-02,1.148146390914916992e+00,-1.759078055620193481e-01,3.504969179630279541e-02
-3.784469515085220337e-02,-1.404051482677459717e-01,6.843726038932800293e-01,5.930637568235397339e-02,-3.200698643922805786e-02,6.280378699302673340e-01,7.752591371536254883e-01,0.000000000000000000e+00,0.000000000000000000e+00,-1.708817601203918457e+00,-1.586540579795837402e+00,1.623861789703369141e-01,-1.850007295608520508e+00,2.247114777565002441e-01,9.253883361816406250e-01,-3.053434789180755615e-01,1.382576704025268555e+00,3.717480227351188660e-02,-5.339376926422119141e-01,-8.918153122067451477e-03,1.592574715614318848e-01,1.003762006759643555e+00,-5.208190679550170898e-01,2.445785850286483765e-01,-5.443339943885803223e-01,-3.279556334018707275e-02,3.498630598187446594e-02,1.118797063827514648e+00,-1.549305319786071777e-01,3.938139230012893677e-02
-3.806769102811813354e-02,-1.386334002017974854e-01,6.856765151023864746e-01,5.844374001026153564e-02,-3.235240653157234192e-02,6.264948248863220215e-01,7.765577435493469238e-01,0.000000000000000000e+00,0.000000000000000000e+00,-1.720231890678405762e+00,-1.587186098098754883e+00,2.055634111166000366e-01,-1.788827300071716309e+00,2.432368248701095581e-01,9.315046668052673340e-01,-2.111218124628067017e-01,1.246009469032287598e+00,3.617234528064727783e-02,-5.244687199592590332e-01,-1.341335196048021317e-02,1.516010463237762451e-01,9.918249249458312988e-01,-5.161969661712646484e-01,2.519722580909729004e-01,-5.368357300758361816e-01,-3.844962269067764282e-02,2.329923771321773529e-02,1.109685301780700684e+00,-5.907532945275306702e-02,8.277084678411483765e-02
-3.604696691036224365e-02,-1.359798461198806763e-01,6.880710124969482422e-01,5.756358057260513306e-02,-2.408864349126815796e-02,6.259580850601196289e-01,7.773562073707580566e-01,0.000000000000000000e+00,0.000000000000000000e+00,-1.719601988792419434e+00,-1.520722985267639160e+00,2.681358754634857178e-01,-1.755145668983459473e+00,2.587752640247344971e-01,9.401591420173645020e-01,-9.814060479402542114e-02,1.084062099456787109e+00,2.488144673407077789e-02,-5.212038755416870117e-01,-2.520718798041343689e-02,1.530118882656097412e-01,9.698135852813720703e-01,-5.056683421134948730e-01,2.510746717453002930e-01,-5.639666914939880371e-01,-6.632138788700103760e-02,1.034665666520595551e-02,1.152566790580749512e+00,2.066818997263908386e-02,1.252980977296829224e-01
-3.233620524406433105e-02,-1.345185637474060059e-01,6.895768046379089355e-01,6.512189656496047974e-02,-1.377514842897653580e-02,6.225071549415588379e-01,7.797783017158508301e-01,0.000000000000000000e+00,0.000000000000000000e+00,-1.669123291969299316e+00,-1.354455113410949707e+00,3.294254839420318604e-01,-1.791549324989318848e+00,2.705794572830200195e-01,9.539179205894470215e-01,2.751435898244380951e-02,9.015635251998901367e-01,6.685228552669286728e-03,-5.010403394699096680e-01,-4.152818024158477783e-02,1.753715872764587402e-01,9.350157380104064941e-01,-4.995625019073486328e-01,2.511174976825714111e-01,-6.177503466606140137e-01,-1.372837573289871216e-01,-6.122145336121320724e-03,1.229472637176513672e+00,4.020683839917182922e-02,1.421965807676315308e-01
-2.960461191833019257e-02,-1.326899677515029907e-01,6.918501853942871094e-01,7.491903752088546753e-02,-5.496632657013833523e-04,6.036846041679382324e-01,7.936950325965881348e-01,0.000000000000000000e+00,0.000000000000000000e+00,-1.448778033256530762e+00,-1.020137786865234375e+00,2.862158715724945068e-01,-1.999223113059997559e+00,2.743738889694213867e-01,9.661865830421447754e-01,1.679565608501434326e-01,7.174932360649108887e-01,1.045022532343864441e-02,-4.696741104125976562e-01,-6.081313639879226685e-02,2.044898420572280884e-01,8.817166686058044434e-01,-4.923478066921234131e-01,2.435238808393478394e-01,-6.743093729019165039e-01,-2.245040237903594971e-01,-4.218460991978645325e-03,1.284544467926025391e+00,3.027541562914848328e-02,1.566360890865325928e-01
-3.207615017890930176e-02,-1.286999732255935669e-01,6.959294080734252930e-01,7.104595005512237549e-02,4.642203915864229202e-03,5.676441192626953125e-01,8.201896548271179199e-01,0.000000000000000000e+00,0.000000000000000000e+00,-1.074988484382629395e+00,-5.881434679031372070e-01,1.266323402523994446e-02,-2.252967834472656250e+00,2.791960537433624268e-01,1.001835584640502930e+00,2.609733939170837402e-01,5.972057580947875977e-01,4.757942259311676025e-02,-4.409495294094085693e-01,-4.507168754935264587e-02,2.268346846103668213e-01,8.367967009544372559e-01,-4.960114359855651855e-01,2.239456027746200562e-01,-7.101593017578125000e-01,-2.974546849727630615e-01,-1.098601147532463074e-02,1.269917845726013184e+00,3.481801971793174744e-02,1.624787747859954834e-01
-3.805794939398765564e-02,-1.257096678018569946e-01,7.002775669097900391e-01,5.488167330622673035e-02,-1.528299786150455475e-02,5.435689091682434082e-01,8.374289274215698242e-01,0.000000000000000000e+00,0.000000000000000000e+00,-7.345775961875915527e-01,-2.424535006284713745e-01,-2.981362342834472656e-01,-2.323813438415527344e+00,3.128848969936370850e-01,1.081906676292419434e+00,2.233663052320480347e-01,5.372611284255981445e-01,4.339317604899406433e-02,-3.683147728443145752e-01,1.649686507880687714e-02,2.402847260236740112e-01,7.599238753318786621e-01,-4.641695320606231689e-01,1.984402537345886230e-01,-6.668198704719543457e-01,-3.229019641876220703e-01,-5.783696100115776062e-02,1.138454556465148926e+00,5.001373216509819031e-02,1.696801334619522095e-01
-4.183404147624969482e-02,-1.246164813637733459e-01,7.028360366821289062e-01,4.745830595493316650e-02,-3.529527783393859863e-02,5.287301540374755859e-01,8.467268347740173340e-01,0.000000000000000000e+00,0.000000000000000000e+00,-5.787756443023681641e-01,-5.748940259218215942e-02,-4.307449758052825928e-01,-2.205734252929687500e+00,3.678951561450958252e-01,1.111494183540344238e+00,7.793924212455749512e-02,5.532458424568176270e-01,6.282424554228782654e-03,-2.872672677040100098e-01,5.945090949535369873e-02,2.673756480216979980e-01,6.903505921363830566e-01,-4.166258275508880615e-01,1.697096973657608032e-01,-6.069827079772949219e-01,-3.148277699947357178e-01,-7.077673077583312988e-02,9.861223101615905762e-01,7.631711661815643311e-02,2.048188149929046631e-01
-4.494111984968185425e-02,-1.232036948204040527e-01,7.041894197463989258e-01,4.004107415676116943e-02,-5.412071198225021362e-02,5.166133046150207520e-01,8.535680174827575684e-01,0.000000000000000000e+00,0.000000000000000000e+00,-4.889824688434600830e-01,4.276027902960777283e-02,-4.682714641094207764e-01,-2.048260927200317383e+00,4.332916140556335449e-01,1.103673458099365234e+00,-1.043473780155181885e-01,6.263861060142517090e-01,-2.738501317799091339e-02,-2.267605662345886230e-01,9.298585355281829834e-02,2.771964669227600098e-01,6.566240787506103516e-01,-3.873616456985473633e-01,1.441315114498138428e-01,-5.252482295036315918e-01,-2.763367295265197754e-01,-6.283109635114669800e-02,8.433296680450439453e-01,1.252784281969070435e-01,2.555518150329589844e-01
-4.822272807359695435e-02,-1.214734911918640137e-01,7.040350437164306641e-01,3.605811670422554016e-02,-7.090443372726440430e-02,4.986233115196228027e-01,8.631611466407775879e-01,0.000000000000000000e+00,0.000000000000000000e+00,-4.440920054912567139e-01,8.154648542404174805e-02,-4.742281734943389893e-01,-1.888118386268615723e+00,4.847172498703002930e-01,1.049806475639343262e+00,-2.972442805767059326e-01,7.883280515670776367e-01,-4.118433967232704163e-02,-1.666803061962127686e-01,1.152666732668876648e-01,2.884407639503479004e-01,6.264623403549194336e-01,-3.591184020042419434e-01,1.221731007099151611e-01,-4.309460520744323730e-01,-2.319394946098327637e-01,-4.538499191403388977e-02,7.144401669502258301e-01,1.630757749080657959e-01,2.900671362876892090e-01
-5.222435295581817627e-02,-1.207345575094223022e-01,7.020093202590942383e-01,3.245177865028381348e-02,-9.503286331892013550e-02,4.840433597564697266e-01,8.692626953125000000e-01,0.000000000000000000e+00,0.000000000000000000e+00,-4.223291575908660889e-01,1.333677619695663452e-01,-4.762574732303619385e-01,-1.724700927734375000e+00,5.111913084983825684e-01,9.400671720504760742e-01,-4.889853596687316895e-01,1.032882094383239746e+00,-4.478170722723007202e-02,-1.157693937420845032e-01,1.524953246116638184e-01,3.041740655899047852e-01,6.390413045883178711e-01,-3.650354743003845215e-01,1.018842756748199463e-01,-3.442752659320831299e-01,-1.813474744558334351e-01,-2.808937616646289825e-02,6.318540573120117188e-01,1.654959619045257568e-01,3.107263743877410889e-01
-5.470021069049835205e-02,-1.198826581239700317e-01,6.998525261878967285e-01,3.059541061520576477e-02,-1.103099808096885681e-01,4.718832075595855713e-01,8.741978406906127930e-01,0.000000000000000000e+00,0.000000000000000000e+00,-4.182613193988800049e-01,1.869792491197586060e-01,-4.600387513637542725e-01,-1.591622710227966309e+00,4.877829849720001221e-01,8.007260560989379883e-01,-6.542471647262573242e-01,1.214013576507568359e+00,-4.298542812466621399e-02,-8.929714560508728027e-02,1.708602756261825562e-01,2.979725301265716553e-01,6.621551513671875000e-01,-3.854492902755737305e-01,8.689686655998229980e-02,-2.955931425094604492e-01,-1.470224708318710327e-01,-1.129252556711435318e-02,5.990465283393859863e-01,1.082267537713050842e-01,3.064332008361816406e-01
-5.682621523737907410e-02,-1.198172420263290405e-01,6.962411403656005859e-01,2.561457082629203796e-02,-1.252375841140747070e-01,4.658840000629425049e-01,8.755635619163513184e-01,0.000000000000000000e+00,0.000000000000000000e+00,-4.291078746318817139e-01,2.389977127313613892e-01,-4.298967421054840088e-01,-1.513780474662780762e+00,4.874822795391082764e-01,7.704923152923583984e-01,-7.995100617408752441e-01,1.353466391563415527e+00,-5.404957011342048645e-02,-1.032411754131317139e-01,2.090079635381698608e-01,2.926117479801177979e-01,7.560523748397827148e-01,-4.423472881317138672e-01,7.437074184417724609e-02,-2.841745018959045410e-01,-1.141774356365203857e-01,-2.916377270594239235e-04,6.160929799079895020e-01,7.044295966625213623e-02,2.920685410499572754e-01
-5.700122192502021790e-02,-1.211903914809226990e-01,6.945112943649291992e-01,2.448789030313491821e-02,-1.309452503919601440e-01,4.683217406272888184e-01,8.734577298164367676e-01,0.000000000000000000e+00,0.000000000000000000e+00,-4.343346655368804932e-01,2.577008605003356934e-01,-4.048398733139038086e-01,-1.450319647789001465e+00,5.012453198432922363e-01,7.989959716796875000e-01,-9.371957778930664062e-01,1.416148543357849121e+00,-5.419490113854408264e-02,-1.186339557170867920e-01,2.201320677995681763e-01,2.760412991046905518e-01,8.019056320190429688e-01,-4.785074293613433838e-01,8.216749876737594604e-02,-2.808958590030670166e-01,-1.007396057248115540e-01,9.189167059957981110e-03,6.323058009147644043e-01,5.739708617329597473e-02,2.959816157817840576e-01
-5.652099475264549255e-02,-1.243915781378746033e-01,6.934309601783752441e-01,2.948538027703762054e-02,-1.322637200355529785e-01,4.729008078575134277e-01,8.706329464912414551e-01,0.000000000000000000e+00,0.000000000000000000e+00,-4.252133369445800781e-01,2.347059845924377441e-01,-3.947061300277709961e-01,-1.416641712188720703e+00,5.364903211593627930e-01,8.942927718162536621e-01,-1.044378638267517090e+00,1.425690412521362305e+00,-5.373003706336021423e-02,-1.298880577087402344e-01,2.138954401016235352e-01,2.662370204925537109e-01,8.237191438674926758e-01,-4.910279512405395508e-01,9.920710325241088867e-02,-2.873026728630065918e-01,-1.057974845170974731e-01,1.671590656042098999e-02,6.554252505302429199e-01,5.853722989559173584e-02,2.947987020015716553e-01
-5.503970757126808167e-02,-1.295029670000076294e-01,6.925668120384216309e-01,4.042146354913711548e-02,-1.290814280509948730e-01,4.823075830936431885e-01,8.654960989952087402e-01,0.000000000000000000e+00,0.000000000000000000e+00,-3.999709486961364746e-01,1.654290407896041870e-01,-4.055730104446411133e-01,-1.423671126365661621e+00,5.645748376846313477e-01,1.024340629577636719e+00,-1.087604522705078125e+00,1.370396375656127930e+00,-5.652319639921188354e-02,-1.416929811239242554e-01,1.920202076435089111e-01,2.640432417392730713e-01,8.318083286285400391e-01,-4.780620634555816650e-01,1.167670190334320068e-01,-2.992976903915405273e-01,-1.265448629856109619e-01,3.119134157896041870e-02,6.791846156120300293e-01,6.187845766544342041e-02,2.811622917652130127e-01
-5.292017757892608643e-02,-1.357090920209884644e-01,6.915283203125000000e-01,5.426869168877601624e-02,-1.224798187613487244e-01,4.959381222724914551e-01,8.579621315002441406e-01,0.000000000000000000e+00,0.000000000000000000e+00,-3.593328595161437988e-01,5.424801632761955261e-02,-4.252945184707641602e-01,-1.478664040565490723e+00,5.704960823059082031e-01,1.149570703506469727e+00,-1.055615067481994629e+00,1.254554629325866699e+00,-6.273185461759567261e-02,-1.575106233358383179e-01,1.589612811803817749e-01,2.630270421504974365e-01,8.341547250747680664e-01,-4.636494815349578857e-01,1.395939439535140991e-01,-3.188356459140777588e-01,-1.584696322679519653e-01,4.792661219835281372e-02,7.066266536712646484e-01,7.208636403083801270e-02,2.566380500793457031e-01
-5.158815532922744751e-02,-1.420332789421081543e-01,6.896042823791503906e-01,6.765113770961761475e-02,-1.166784912347793579e-01,5.080130100250244141e-01,8.507245779037475586e-01,0.000000000000000000e+00,0.000000000000000000e+00,-3.015713095664978027e-01,-9.560769796371459961e-02,-4.567622244358062744e-01,-1.630738496780395508e+00,5.388019680976867676e-01,1.240157127380371094e+00,-9.380133748054504395e-01,1.061209440231323242e+00,-6.986080855131149292e-02,-1.757921427488327026e-01,1.292379349470138550e-01,2.656864523887634277e-01,8.435320854187011719e-01,-4.541881978511810303e-01,1.582880020141601562e-01,-3.491866290569305420e-01,-1.881660819053649902e-01,6.660871952772140503e-02,7.484829425811767578e-01,8.726879209280014038e-02,2.231410741806030273e-01
-4.951171576976776123e-02,-1.485559791326522827e-01,6.875278353691101074e-01,8.589993417263031006e-02,-1.066248640418052673e-01,5.198091864585876465e-01,8.432382345199584961e-01,0.000000000000000000e+00,0.000000000000000000e+00,-2.539885640144348145e-01,-2.886039316654205322e-01,-4.722257852554321289e-01,-1.825020194053649902e+00,4.697400331497192383e-01,1.268702983856201172e+00,-7.833095788955688477e-01,8.546638488769531250e-01,-6.823808699846267700e-02,-1.959925889968872070e-01,8.380639553070068359e-02,2.667950987815856934e-01,8.455843329429626465e-01,-4.382319152355194092e-01,1.737698763608932495e-01,-3.862718641757965088e-01,-2.338240742683410645e-01,8.680894225835800171e-02,7.956932187080383301e-01,1.288544833660125732e-01,1.810750365257263184e-01
-4.667633026838302612e-02,-1.537267267704010010e-01,6.862568855285644531e-01,1.008766591548919678e-01,-9.142784774303436279e-02,5.332109332084655762e-01,8.349556922912597656e-01,0.000000000000000000e+00,0.000000000000000000e+00,-2.439727187156677246e-01,-4.847889244556427002e-01,-4.391054213047027588e-01,-2.012719154357910156e+00,3.983491063117980957e-01,1.274200677871704102e+00,-6.362360119819641113e-01,6.992190480232238770e-01,-5.683181434869766235e-02,-2.219878435134887695e-01,3.625207766890525818e-02,2.638661861419677734e-01,8.346008658409118652e-01,-4.343641400337219238e-01,1.861955374479293823e-01,-4.336547255516052246e-01,-2.773634195327758789e-01,1.068422943353652954e-01,8.503590822219848633e-01,1.771238595247268677e-01,1.543882489204406738e-01
-4.368938878178596497e-02,-1.575349420309066772e-01,6.854805946350097656e-01,1.113939359784126282e-01,-7.432232052087783813e-02,5.448934435844421387e-01,8.277431726455688477e-01,0.000000000000000000e+00,0.000000000000000000e+00,-2.512092888355255127e-01,-6.918905377388000488e-01,-3.629818260669708252e-01,-2.167430877685546875e+00,3.224385082721710205e-01,1.269873499870300293e+00,-4.983928799629211426e-01,5.822789072990417480e-01,-3.471144661307334900e-02,-2.580006420612335205e-01,-8.611796423792839050e-03,2.489892244338989258e-01,8.298252820968627930e-01,-4.272236526012420654e-01,1.954071223735809326e-01,-4.912967979907989502e-01,-2.906601130962371826e-01,1.476787477731704712e-01,9.169980287551879883e-01,2.223753333091735840e-01,1.511823683977127075e-01
-4.069945961236953735e-02,-1.588240265846252441e-01,6.870787739753723145e-01,1.104701012372970581e-01,-5.387963727116584778e-02,5.564836263656616211e-01,8.217172622680664062e-01,0.000000000000000000e+00,0.000000000000000000e+00,-2.848553061485290527e-01,-8.591301441192626953e-01,-3.013215661048889160e-01,-2.239314317703247070e+00,2.655571103096008301e-01,1.262969613075256348e+00,-4.208576679229736328e-01,5.316300988197326660e-01,-7.787676993757486343e-03,-3.058440685272216797e-01,-3.904850035905838013e-02,2.300079315900802612e-01,8.214989304542541504e-01,-4.219984114170074463e-01,1.961436420679092407e-01,-5.503892898559570312e-01,-2.618759870529174805e-01,1.875489056110382080e-01,9.711541533470153809e-01,1.807903051376342773e-01,1.684599965810775757e-01
-3.754684701561927795e-02,-1.604056209325790405e-01,6.861197948455810547e-01,1.105661168694496155e-01,-3.872143104672431946e-02,5.674596428871154785e-01,8.150247335433959961e-01,0.000000000000000000e+00,0.000000000000000000e+00,-3.187696039676666260e-01,-1.017178416252136230e+00,-2.732630670070648193e-01,-2.242362260818481445e+00,2.221592068672180176e-01,1.256659507751464844e+00,-3.691189587116241455e-01,5.220619440078735352e-01,1.602227054536342621e-02,-3.542630374431610107e-01,-6.101827323436737061e-02,2.155831456184387207e-01,8.376827239990234375e-01,-4.152092635631561279e-01,1.997611969709396362e-01,-6.054465174674987793e-01,-2.182274162769317627e-01,2.222092747688293457e-01,1.042050600051879883e+00,1.100440546870231628e-01,1.829032450914382935e-01
-3.470192849636077881e-02,-1.616158783435821533e-01,6.833550333976745605e-01,1.081291735172271729e-01,-2.796920761466026306e-02,5.773077607154846191e-01,8.088520169258117676e-01,0.000000000000000000e+00,0.000000000000000000e+00,-3.413017392158508301e-01,-1.127566337585449219e+00,-3.108817040920257568e-01,-2.193026542663574219e+00,2.012409418821334839e-01,1.240291833877563477e+00,-3.542421460151672363e-01,5.525175929069519043e-01,3.447705507278442383e-02,-4.125009179115295410e-01,-6.555978208780288696e-02,2.104491591453552246e-01,8.860034942626953125e-01,-4.030144512653350830e-01,2.066460251808166504e-01,-6.494645476341247559e-01,-1.775228977203369141e-01,2.341425418853759766e-01,1.101837396621704102e+00,5.319994688034057617e-02,1.831788420677185059e-01
-3.133613243699073792e-02,-1.616435199975967407e-01,6.808661222457885742e-01,9.950821101665496826e-02,-1.716816984117031097e-02,5.894494652748107910e-01,8.014690876007080078e-01,0.000000000000000000e+00,0.000000000000000000e+00,-3.521725237369537354e-01,-1.168358922004699707e+00,-3.852379918098449707e-01,-2.138710021972656250e+00,1.987419575452804565e-01,1.224764823913574219e+00,-3.748660385608673096e-01,5.759307146072387695e-01,4.320140928030014038e-02,-4.827810525894165039e-01,-5.833964422345161438e-02,2.076116949319839478e-01,9.461561441421508789e-01,-3.979699313640594482e-01,2.144773900508880615e-01,-6.859280467033386230e-01,-1.479307711124420166e-01,2.255569696426391602e-01,1.148082971572875977e+00,-1.269399560987949371e-02,1.562247127294540405e-01
-2.775444090366363525e-02,-1.618836373090744019e-01,6.771460771560668945e-01,9.148781746625900269e-02,-9.163912385702133179e-03,6.005932688713073730e-01,7.942504286766052246e-01,0.000000000000000000e+00,0.000000000000000000e+00,-3.489738702774047852e-01,-1.159304261207580566e+00,-4.657863378524780273e-01,-2.090884923934936523e+00,2.039120048284530640e-01,1.211859583854675293e+00,-4.125005304813385010e-01,5.679812431335449219e-01,4.294550046324729919e-02,-5.481505990028381348e-01,-4.349469393491744995e-02,2.128372937440872192e-01,1.010478377342224121e+00,-4.034421145915985107e-01,2.322203814983367920e-01,-7.216882109642028809e-01,-1.454432904720306396e-01,1.983090639114379883e-01,1.181975126266479492e+00,-8.501747995615005493e-02,1.012194752693176270e-01
-2.261572144925594330e-02,-1.612573266029357910e-01,6.776291728019714355e-01,8.024326711893081665e-02,5.171959288418292999e-03,6.146334409713745117e-01,7.847037911415100098e-01,0.000000000000000000e+00,0.000000000000000000e+00,-3.982808589935302734e-01,-1.099023818969726562e+00,-5.291247367858886719e-01,-1.996862053871154785e+00,1.582536399364471436e-01,1.167150259017944336e+00,-4.851529300212860107e-01,4.802434742450714111e-01,4.849869012832641602e-02,-6.025466322898864746e-01,-5.080429092049598694e-02,2.036189883947372437e-01,1.023115158081054688e+00,-3.703767359256744385e-01,2.567308843135833740e-01,-7.396161556243896484e-01,-1.736032366752624512e-01,1.605797857046127319e-01,1.165260791778564453e+00,-1.444558054208755493e-01,4.188610985875129700e-02
-1.945546455681324005e-02,-1.614776849746704102e-01,6.771603226661682129e-01,7.052908092737197876e-02,6.944204214960336685e-03,6.232959032058715820e-01,7.787680029869079590e-01,0.000000000000000000e+00,0.000000000000000000e+00,-3.718377053737640381e-01,-1.036892652511596680e+00,-5.790162682533264160e-01,-1.960572957992553711e+00,1.536455601453781128e-01,1.152573704719543457e+00,-5.456780195236206055e-01,3.951922953128814697e-01,3.758781030774116516e-02,-6.416768431663513184e-01,-3.628345578908920288e-02,1.928626149892807007e-01,1.054947257041931152e+00,-3.425901234149932861e-01,2.813154757022857666e-01,-7.496379613876342773e-01,-1.636071056127548218e-01,1.385347694158554077e-01,1.163135290145874023e+00,-1.988976299762725830e-01,6.122502032667398453e-03
-1.654594577848911285e-02,-1.618114411830902100e-01,6.774734854698181152e-01,6.168806925415992737e-02,7.093048654496669769e-03,6.291797757148742676e-01,7.747755050659179688e-01,0.000000000000000000e+00,0.000000000000000000e+00,-3.404797911643981934e-01,-9.817139506340026855e-01,-6.154149174690246582e-01,-1.927022099494934082e+00,1.449987292289733887e-01,1.143209576606750488e+00,-6.051434874534606934e-01,3.167631030082702637e-01,1.809270866215229034e-02,-6.686008572578430176e-01,-2.197207883000373840e-02,1.770432591438293457e-01,1.075139760971069336e+00,-3.124075829982757568e-01,3.019681572914123535e-01,-7.546297907829284668e-01,-1.462163478136062622e-01,1.211921125650405884e-01,1.150320172309875488e+00,-2.407187223434448242e-01,-1.255109161138534546e-02
-1.369472034275531769e-02,-1.623108088970184326e-01,6.782272458076477051e-01,5.350907519459724426e-02,6.423101294785737991e-03,6.341537833213806152e-01,7.713264226913452148e-01,0.000000000000000000e+00,0.000000000000000000e+00,-3.134142756462097168e-01,-9.405371546745300293e-01,-6.443845033645629883e-01,-1.889239072799682617e+00,1.280691772699356079e-01,1.136124849319458008e+00,-6.440920233726501465e-01,2.578901648521423340e-01,-5.063246004283428192e-03,-6.888838410377502441e-01,-1.006448641419410706e-02,1.557742655277252197e-01,1.088354945182800293e+00,-2.768334150314331055e-01,3.216814994812011719e-01,-7.547010183334350586e-01,-1.251274794340133667e-01,1.073476150631904602e-01,1.129336595535278320e+00,-2.706782519817352295e-01,-1.900689490139484406e-02
-1.119706593453884125e-02,-1.636982262134552002e-01,6.784678101539611816e-01,4.766839742660522461e-02,3.088902682065963745e-03,6.376668810844421387e-01,7.688297033309936523e-01,0.000000000000000000e+00,0.000000000000000000e+00,-2.904579937458038330e-01,-9.149269461631774902e-01,-6.595864295959472656e-01,-1.852944254875183105e+00,1.039879098534584045e-01,1.135435223579406738e+00,-6.436998248100280762e-01,2.311262637376785278e-01,-2.976129017770290375e-02,-7.029534578323364258e-01,5.870155058801174164e-03,1.367568820714950562e-01,1.104160547256469727e+00,-2.317748814821243286e-01,3.380082249641418457e-01,-7.497528195381164551e-01,-1.028626114130020142e-01,9.501568973064422607e-02,1.107705712318420410e+00,-2.895959019660949707e-01,-1.880884729325771332e-02
-8.605816401541233063e-03,-1.657054126262664795e-01,6.794228553771972656e-01,4.309481009840965271e-02,7.171195466071367264e-04,6.407322883605957031e-01,7.665536403656005859e-01,0.000000000000000000e+00,0.000000000000000000e+00,-2.730150222778320312e-01,-9.093011021614074707e-01,-6.501817703247070312e-01,-1.810343980789184570e+00,6.755044311285018921e-02,1.142361164093017578e+00,-6.003300547599792480e-01,2.295096814632415771e-01,-5.572329834103584290e-02,-7.136633396148681641e-01,1.878103241324424744e-02,1.188658252358436584e-01,1.113856911659240723e+00,-1.803265213966369629e-01,3.463138341903686523e-01,-7.443360686302185059e-01,-7.923233509063720703e-02,8.984137326478958130e-02,1.082106113433837891e+00,-2.961257398128509521e-01,-1.914858818054199219e-02
-6.357970647513866425e-03,-1.685383766889572144e-01,6.806203126907348633e-01,3.782366588711738586e-02,-1.647616154514253139e-03,6.440724134445190430e-01,7.640270590782165527e-01,0.000000000000000000e+00,0.000000000000000000e+00,-2.620522975921630859e-01,-9.270169138908386230e-01,-6.221773624420166016e-01,-1.755775332450866699e+00,1.704495213925838470e-02,1.160713672637939453e+00,-5.149090886116027832e-01,2.548909485340118408e-01,-8.031283318996429443e-02,-7.264258861541748047e-01,3.318345174193382263e-02,1.020790785551071167e-01,1.123461008071899414e+00,-1.311691999435424805e-01,3.525263965129852295e-01,-7.395986318588256836e-01,-5.469390749931335449e-02,8.521500974893569946e-02,1.053459048271179199e+00,-2.918847203254699707e-01,-1.417877804487943649e-02
-3.938813693821430206e-03,-1.729383468627929688e-01,6.815965771675109863e-01,3.469516709446907043e-02,-3.951429389417171478e-03,6.485615968704223633e-01,7.603607773780822754e-01,0.000000000000000000e+00,0.000000000000000000e+00,-2.569660544395446777e-01,-9.651600122451782227e-01,-5.655986070632934570e-01,-1.687193274497985840e+00,-4.331933334469795227e-02,1.191799998283386230e+00,-3.832033276557922363e-01,3.074428141117095947e-01,-1.040523275732994080e-01,-7.402285933494567871e-01,4.577538371086120605e-02,9.098854660987854004e-02,1.134169340133666992e+00,-7.916129380464553833e-02,3.520101308822631836e-01,-7.364467978477478027e-01,-3.458412364125251770e-02,8.285149186849594116e-02,1.028103113174438477e+00,-2.770641148090362549e-01,-7.429594174027442932e-03
-1.434084260836243629e-03,-1.786121726036071777e-01,6.833124160766601562e-01,3.268434107303619385e-02,-4.515684209764003754e-03,6.530442237854003906e-01,7.566006779670715332e-01,0.000000000000000000e+00,0.000000000000000000e+00,-2.544663846492767334e-01,-1.009071350097656250e+00,-4.742894172668457031e-01,-1.584892630577087402e+00,-1.109702661633491516e-01,1.236170053482055664e+00,-2.074580788612365723e-01,3.905108869075775146e-01,-1.262620240449905396e-01,-7.554420828819274902e-01,5.463873594999313354e-02,8.604871481657028198e-02,1.138949513435363770e+00,-3.109028004109859467e-02,3.405842781066894531e-01,-7.357939481735229492e-01,-1.961629465222358704e-02,8.074992895126342773e-02,9.993686676025390625e-01,-2.531742155551910400e-01,-1.848004059866070747e-03
-5.087860045023262501e-04,-1.881592422723770142e-01,6.799250245094299316e-01,3.532132506370544434e-02,-2.357793785631656647e-02,6.597003936767578125e-01,7.503278255462646484e-01,0.000000000000000000e+00,0.000000000000000000e+00,-2.184152901172637939e-01,-1.053196191787719727e+00,-3.326848447322845459e-01,-1.446691870689392090e+00,-1.612970679998397827e-01,1.321380376815795898e+00,6.719923112541437149e-03,4.937968552112579346e-01,-1.516713649034500122e-01,-7.593296766281127930e-01,8.783110231161117554e-02,9.756974130868911743e-02,1.172470211982727051e+00,-7.077987305819988251e-03,3.470580875873565674e-01,-7.335644960403442383e-01,9.030548972077667713e-04,5.944426730275154114e-02,1.026089191436767578e+00,-2.310772836208343506e-01,-4.144263453781604767e-03
8.743706857785582542e-04,-1.983731091022491455e-01,6.771401762962341309e-01,4.295607283711433411e-02,-3.926133364439010620e-02,6.675165891647338867e-01,7.423172593116760254e-01,0.000000000000000000e+00,0.000000000000000000e+00,-1.884448230266571045e-01,-1.095005035400390625e+00,-1.443076282739639282e-01,-1.234190583229064941e+00,-2.360275238752365112e-01,1.392757296562194824e+00,2.573873102664947510e-01,6.218019127845764160e-01,-1.761570274829864502e-01,-7.620567679405212402e-01,6.759632378816604614e-02,1.061746031045913696e-01,1.175086259841918945e+00,-4.062528908252716064e-02,3.240376710891723633e-01,-7.220379114151000977e-01,8.534118533134460449e-03,5.073225125670433044e-02,1.040560007095336914e+00,-2.062583565711975098e-01,-7.523111999034881592e-03
9.475718252360820770e-04,-2.088182270526885986e-01,6.729493141174316406e-01,4.970662295818328857e-02,-6.177096441388130188e-02,6.732217073440551758e-01,7.351775765419006348e-01,0.000000000000000000e+00,0.000000000000000000e+00,-1.495440751314163208e-01,-1.128645300865173340e+00,6.152399256825447083e-02,-9.722732305526733398e-01,-3.033865094184875488e-01,1.441586971282958984e+00,5.006878376007080078e-01,7.925989031791687012e-01,-1.871540099382400513e-01,-7.524397969245910645e-01,5.919640511274337769e-02,1.201808005571365356e-01,1.168766736984252930e+00,-6.860359013080596924e-02,2.637147605419158936e-01,-6.911495327949523926e-01,1.795782148838043213e-02,3.286946192383766174e-02,1.046716094017028809e+00,-1.875496059656143188e-01,-9.259005077183246613e-03
2.189014339819550514e-03,-2.182374447584152222e-01,6.704322695732116699e-01,6.242480501532554626e-02,-7.813943177461624146e-02,6.748916506767272949e-01,7.311078310012817383e-01,0.000000000000000000e+00,0.000000000000000000e+00,-1.137729361653327942e-01,-1.192354321479797363e+00,2.318930029869079590e-01,-6.862424015998840332e-01,-3.375436663627624512e-01,1.413466930389404297e+00,7.021086812019348145e-01,1.109103679656982422e+00,-1.550033688545227051e-01,-7.444657683372497559e-01,6.971921026706695557e-02,1.478771716356277466e-01,1.144734740257263184e+00,-7.295218110084533691e-02,2.039670199155807495e-01,-6.447440385818481445e-01,-5.417896434664726257e-03,3.676972119137644768e-03,1.033381342887878418e+00,-1.641011685132980347e-01,-1.715686544775962830e-02
5.657909903675317764e-03,-2.248709499835968018e-01,6.681807041168212891e-01,7.207626104354858398e-02,-9.392660856246948242e-02,6.882912516593933105e-01,7.157080173492431641e-01,0.000000000000000000e+00,0.000000000000000000e+00,-5.668335407972335815e-02,-1.253828644752502441e+00,3.533165752887725830e-01,-4.995290935039520264e-01,-3.134535849094390869e-01,1.329354047775268555e+00,7.870860695838928223e-01,1.559075593948364258e+00,-1.353860944509506226e-01,-7.372322678565979004e-01,1.054023727774620056e-01,1.850033104419708252e-01,1.138702869415283203e+00,-9.010960161685943604e-02,1.609102189540863037e-01,-5.915424227714538574e-01,-3.412170708179473877e-02,-3.708144277334213257e-02,1.018510103225708008e+00,-1.667300164699554443e-01,-2.753728814423084259e-02
1.066636666655540466e-02,-2.247141599655151367e-01,6.723453402519226074e-01,6.800685822963714600e-02,-9.327553212642669678e-02,7.085578441619873047e-01,6.961469054222106934e-01,0.000000000000000000e+00,0.000000000000000000e+00,1.075922627933323383e-03,-1.315727114677429199e+00,3.845415413379669189e-01,-3.871893584728240967e-01,-2.417925000190734863e-01,1.186744809150695801e+00,6.969172954559326172e-01,2.024422168731689453e+00,-1.264705508947372437e-01,-7.262431383132934570e-01,1.591273546218872070e-01,2.187593579292297363e-01,1.129277825355529785e+00,-1.000616028904914856e-01,1.358527541160583496e-01,-5.582684278488159180e-01,-5.507088452577590942e-02,-7.463739067316055298e-02,9.796730279922485352e-01,-1.772542148828506470e-01,-3.247604146599769592e-02
1.555504370480775833e-02,-2.208629250526428223e-01,6.781970262527465820e-01,6.211044639348983765e-02,-8.805494755506515503e-02,7.271746993064880371e-01,6.779421567916870117e-01,0.000000000000000000e+00,0.000000000000000000e+00,5.758063867688179016e-02,-1.349892735481262207e+00,3.433404564857482910e-01,-3.355060517787933350e-01,-1.894291788339614868e-01,1.030036211013793945e+00,4.829956591129302979e-01,2.372723817825317383e+00,-1.153770014643669128e-01,-7.118280529975891113e-01,2.248679250478744507e-01,2.389809042215347290e-01,1.116416454315185547e+00,-1.029277071356773376e-01,1.185882762074470520e-01,-5.214387774467468262e-01,-6.562218815088272095e-02,-9.698470681905746460e-02,9.271692037582397461e-01,-1.854620426893234253e-01,-5.812181904911994934e-02
1.836749911308288574e-02,-2.156488150358200073e-01,6.801589131355285645e-01,5.880445241928100586e-02,-9.169906377792358398e-02,7.408189773559570312e-01,6.628126502037048340e-01,0.000000000000000000e+00,0.000000000000000000e+00,1.253319680690765381e-01,-1.374937653541564941e+00,2.625750899314880371e-01,-3.199928700923919678e-01,-1.707405000925064087e-01,9.247571825981140137e-01,2.396977841854095459e-01,2.440000057220458984e+00,-1.021763235330581665e-01,-6.813423037528991699e-01,2.978995144367218018e-01,2.548229396343231201e-01,1.108601927757263184e+00,-1.263499259948730469e-01,1.088558360934257507e-01,-4.896093308925628662e-01,-7.013475894927978516e-02,-1.240375265479087830e-01,9.214049577713012695e-01,-2.127929031848907471e-01,-8.613201230764389038e-02
2.074539102613925934e-02,-2.086430042982101440e-01,6.845093369483947754e-01,5.322400107979774475e-02,-9.157513082027435303e-02,7.555215358734130859e-01,6.465047597885131836e-01,0.000000000000000000e+00,0.000000000000000000e+00,1.537334918975830078e-01,-1.376085281372070312e+00,1.398769468069076538e-01,-3.157592415809631348e-01,-1.600150913000106812e-01,7.883422374725341797e-01,-7.842481881380081177e-02,2.435733556747436523e+00,-8.756139874458312988e-02,-6.228162646293640137e-01,3.355640172958374023e-01,2.707052528858184814e-01,1.036623239517211914e+00,-1.138285994529724121e-01,8.600584417581558228e-02,-4.409620165824890137e-01,-6.312216818332672119e-02,-1.399231404066085815e-01,8.742831945419311523e-01,-2.305104732513427734e-01,-1.045663729310035706e-01
2.284857071936130524e-02,-2.023789137601852417e-01,6.865388751029968262e-01,5.474553629755973816e-02,-1.011643558740615845e-01,7.721491456031799316e-01,6.249435544013977051e-01,0.000000000000000000e+00,0.000000000000000000e+00,1.996435225009918213e-01,-1.372943282127380371e+00,3.685979917645454407e-02,-3.033869564533233643e-01,-1.428909152746200562e-01,6.816279292106628418e-01,-3.578741848468780518e-01,2.277076005935668945e+00,-8.061277866363525391e-02,-5.360859036445617676e-01,3.509659767150878906e-01,2.969818413257598877e-01,9.684854149818420410e-01,-1.215845048427581787e-01,8.122085034847259521e-02,-3.764242827892303467e-01,-5.948085710406303406e-02,-1.634923666715621948e-01,8.445822000503540039e-01,-2.296859472990036011e-01,-1.187097057700157166e-01
2.461957558989524841e-02,-1.966006755828857422e-01,6.881139874458312988e-01,6.070496886968612671e-02,-1.094817295670509338e-01,7.866681218147277832e-01,6.045510172843933105e-01,0.000000000000000000e+00,0.000000000000000000e+00,2.330376058816909790e-01,-1.364179015159606934e+00,-5.216492339968681335e-02,-2.896825671195983887e-01,-1.160624101758003235e-01,5.819539427757263184e-01,-5.598736405372619629e-01,2.041597843170166016e+00,-6.987631320953369141e-02,-4.470463991165161133e-01,3.353646397590637207e-01,3.256316483020782471e-01,8.830786347389221191e-01,-1.419226825237274170e-01,8.223123848438262939e-02,-3.078947067260742188e-01,-5.874583497643470764e-02,-1.808066964149475098e-01,8.126395344734191895e-01,-2.210336774587631226e-01,-1.297262012958526611e-01
2.568729408085346222e-02,-1.914846748113632202e-01,6.886588335037231445e-01,6.668383628129959106e-02,-1.169179081916809082e-01,7.991573214530944824e-01,5.858592391014099121e-01,0.000000000000000000e+00,0.000000000000000000e+00,2.520179152488708496e-01,-1.346195816993713379e+00,-1.260418742895126343e-01,-2.754089534282684326e-01,-7.907470315694808960e-02,5.119201540946960449e-01,-6.713613867759704590e-01,1.832029938697814941e+00,-5.808166414499282837e-02,-3.695767819881439209e-01,3.092445135116577148e-01,3.476724028587341309e-01,8.035766482353210449e-01,-1.669893562793731689e-01,7.873508334159851074e-02,-2.460587620735168457e-01,-5.390368774533271790e-02,-1.919813156127929688e-01,7.845686674118041992e-01,-2.187522798776626587e-01,-1.430676430463790894e-01
2.695037238299846649e-02,-1.879113614559173584e-01,6.882091164588928223e-01,7.542995363473892212e-02,-1.240704730153083801e-01,8.092252016067504883e-01,5.692726969718933105e-01,0.000000000000000000e+00,0.000000000000000000e+00,2.600955665111541748e-01,-1.323988437652587891e+00,-1.785162389278411865e-01,-2.638175785541534424e-01,-4.248687252402305603e-02,4.873530864715576172e-01,-7.296819090843200684e-01,1.688452124595642090e+00,-4.735817015171051025e-02,-3.093038797378540039e-01,2.865966558456420898e-01,3.603739142417907715e-01,7.392865419387817383e-01,-1.883143037557601929e-01,7.885325700044631958e-02,-1.926783770322799683e-01,-5.073656514286994934e-02,-1.982931494712829590e-01,7.691940069198608398e-01,-2.069223076105117798e-01,-1.566849052906036377e-01
2.786075696349143982e-02,-1.856464892625808716e-01,6.870272755622863770e-01,8.171895891427993774e-02,-1.314878612756729126e-01,8.168078660964965820e-01,5.557498335838317871e-01,0.000000000000000000e+00,0.000000000000000000e+00,2.554822564125061035e-01,-1.300796747207641602e+00,-2.172494083642959595e-01,-2.661880552768707275e-01,-1.382368709892034531e-02,4.923880398273468018e-01,-7.631186842918395996e-01,1.609831690788269043e+00,-4.084705933928489685e-02,-2.668596506118774414e-01,2.752865850925445557e-01,3.678257763385772705e-01,6.932433247566223145e-01,-2.094564735889434814e-01,8.570372313261032104e-02,-1.540403664112091064e-01,-4.463463649153709412e-02,-2.057223170995712280e-01,7.621755599975585938e-01,-1.952662914991378784e-01,-1.608694791793823242e-01
2.870475314557552338e-02,-1.844773292541503906e-01,6.857234835624694824e-01,8.459689468145370483e-02,-1.387813985347747803e-01,8.221535682678222656e-01,5.455699563026428223e-01,0.000000000000000000e+00,0.000000000000000000e+00,2.389105409383773804e-01,-1.277537822723388672e+00,-2.357643246650695801e-01,-2.758925557136535645e-01,-3.569886612240225077e-04,5.206375122070312500e-01,-7.835762500762939453e-01,1.591420173645019531e+00,-3.865782171487808228e-02,-2.406343221664428711e-01,2.729353606700897217e-01,3.656299412250518799e-01,6.637039780616760254e-01,-2.221135646104812622e-01,9.032405167818069458e-02,-1.313232928514480591e-01,-3.506384417414665222e-02,-2.136576026678085327e-01,7.625470161437988281e-01,-1.828248649835586548e-01,-1.575509756803512573e-01
3.015841729938983917e-02,-1.841116994619369507e-01,6.836106181144714355e-01,8.691783249378204346e-02,-1.425859928131103516e-01,8.248372673988342285e-01,5.401462316513061523e-01,0.000000000000000000e+00,0.000000000000000000e+00,2.253313958644866943e-01,-1.276866436004638672e+00,-2.410428076982498169e-01,-3.013757169246673584e-01,-1.126438262872397900e-03,5.485330820083618164e-01,-7.891401052474975586e-01,1.608371734619140625e+00,-3.777378425002098083e-02,-2.523567378520965576e-01,2.826996743679046631e-01,3.586017191410064697e-01,6.954101920127868652e-01,-2.490589022636413574e-01,9.687743335962295532e-02,-1.363506019115447998e-01,-3.756783530116081238e-02,-2.242890149354934692e-01,7.962296009063720703e-01,-1.831338256597518921e-01,-1.553277671337127686e-01
3.131895512342453003e-02,-1.841059625148773193e-01,6.827553510665893555e-01,8.293108642101287842e-02,-1.447048783302307129e-01,8.255358934402465820e-01,5.391413569450378418e-01,0.000000000000000000e+00,0.000000000000000000e+00,1.914588361978530884e-01,-1.271055936813354492e+00,-2.363026440143585205e-01,-3.354659080505371094e-01,-1.278950367122888565e-02,5.711135268211364746e-01,-7.871009707450866699e-01,1.644109129905700684e+00,-4.094449803233146667e-02,-2.742932140827178955e-01,2.961391210556030273e-01,3.448117971420288086e-01,7.234598398208618164e-01,-2.658557295799255371e-01,9.945593029260635376e-02,-1.516292095184326172e-01,-3.013976849615573883e-02,-2.295109331607818604e-01,8.147298693656921387e-01,-1.922228038311004639e-01,-1.425601840019226074e-01
3.189754113554954529e-02,-1.841506510972976685e-01,6.847029328346252441e-01,7.147285342216491699e-02,-1.437020748853683472e-01,8.228151202201843262e-01,5.451757907867431641e-01,0.000000000000000000e+00,0.000000000000000000e+00,1.095207929611206055e-01,-1.247818827629089355e+00,-1.870282739400863647e-01,-3.607254326343536377e-01,-5.553916841745376587e-02,6.048540472984313965e-01,-7.485662102699279785e-01,1.734512329101562500e+00,-3.688801452517509460e-02,-2.982037365436553955e-01,3.098084628582000732e-01,3.230665624141693115e-01,7.125877141952514648e-01,-2.084095627069473267e-01,8.829968422651290894e-02,-1.681512147188186646e-01,-1.100913435220718384e-02,-2.374763041734695435e-01,7.972382307052612305e-01,-1.851258873939514160e-01,-1.232573762536048889e-01
3.230951726436614990e-02,-1.845408231019973755e-01,6.857116818428039551e-01,6.060580909252166748e-02,-1.393313556909561157e-01,8.167158961296081543e-01,5.566766262054443359e-01,0.000000000000000000e+00,0.000000000000000000e+00,5.666454136371612549e-02,-1.254230856895446777e+00,-1.296403855085372925e-01,-4.111298620700836182e-01,-8.406807482242584229e-02,6.122565269470214844e-01,-7.145220637321472168e-01,1.825460672378540039e+00,-3.358694538474082947e-02,-3.647812902927398682e-01,3.412021696567535400e-01,3.061784207820892334e-01,7.799645662307739258e-01,-1.446786075830459595e-01,7.294584810733795166e-02,-2.056906074285507202e-01,-6.892587989568710327e-03,-2.493366897106170654e-01,8.084315657615661621e-01,-1.892345547676086426e-01,-9.779646992683410645e-02
3.221192583441734314e-02,-1.853003054857254028e-01,6.868885159492492676e-01,4.830144718289375305e-02,-1.335758119821548462e-01,8.076424002647399902e-01,5.723095536231994629e-01,0.000000000000000000e+00,0.000000000000000000e+00,-7.293787784874439240e-04,-1.261265873908996582e+00,-6.330694258213043213e-02,-4.719988107681274414e-01,-1.118245795369148254e-01,6.070626974105834961e-01,-6.744528412818908691e-01,1.920732617378234863e+00,-2.332613430917263031e-02,-4.620215892791748047e-01,3.863049745559692383e-01,2.896972298622131348e-01,8.773492574691772461e-01,-5.171071365475654602e-02,6.777387857437133789e-02,-2.469893544912338257e-01,-4.199280403554439545e-03,-2.670596241950988770e-01,8.156073093414306641e-01,-1.869984865188598633e-01,-7.076427340507507324e-02
3.023565001785755157e-02,-1.852654665708541870e-01,6.894875764846801758e-01,3.033478558063507080e-02,-1.215132996439933777e-01,7.936505079269409180e-01,5.953429341316223145e-01,0.000000000000000000e+00,0.000000000000000000e+00,-5.777177959680557251e-02,-1.266434192657470703e+00,-1.187717542052268982e-03,-5.485383272171020508e-01,-1.365603059530258179e-01,5.737212896347045898e-01,-6.351675987243652344e-01,2.012625932693481445e+00,-1.706499420106410980e-02,-6.112661361694335938e-01,4.199544787406921387e-01,2.464461624622344971e-01,1.007195115089416504e+00,-5.046731978654861450e-02,7.733032852411270142e-02,-3.079915940761566162e-01,-1.727842958644032478e-03,-2.764555513858795166e-01,8.195074200630187988e-01,-1.916268616914749146e-01,-4.077741503715515137e-02
2.789823710918426514e-02,-1.851782947778701782e-01,6.908988356590270996e-01,1.488011702895164490e-02,-1.088995337486267090e-01,7.788978815078735352e-01,6.174443960189819336e-01,0.000000000000000000e+00,0.000000000000000000e+00,-1.046943217515945435e-01,-1.264656305313110352e+00,4.383383318781852722e-02,-6.271426677703857422e-01,-1.623977124691009521e-01,5.301939249038696289e-01,-6.257849335670471191e-01,2.078001260757446289e+00,-8.128740824759006500e-03,-7.506626844406127930e-01,4.357607066631317139e-01,2.037707269191741943e-01,1.136560559272766113e+00,-7.321437448263168335e-02,8.445554971694946289e-02,-3.671250045299530029e-01,-2.204533200711011887e-03,-2.831503152847290039e-01,8.278624415397644043e-01,-2.004293650388717651e-01,-7.001840975135564804e-03
2.470828965306282043e-02,-1.853174120187759399e-01,6.902213692665100098e-01,2.330782357603311539e-03,-9.801447391510009766e-02,7.630833983421325684e-01,6.388203501701354980e-01,0.000000000000000000e+00,0.000000000000000000e+00,-1.396889835596084595e-01,-1.253326296806335449e+00,7.336811721324920654e-02,-7.006968259811401367e-01,-1.980726569890975952e-01,4.745211899280548096e-01,-6.515341401100158691e-01,2.108733654022216797e+00,4.159674048423767090e-03,-8.518702387809753418e-01,4.368290305137634277e-01,1.778397560119628906e-01,1.233290910720825195e+00,-9.116256982088088989e-02,8.997253328561782837e-02,-4.236795306205749512e-01,-4.408126231282949448e-03,-2.864688336849212646e-01,8.443617224693298340e-01,-2.147498130798339844e-01,3.379288315773010254e-02
1.984039507806301117e-02,-1.865468174219131470e-01,6.859038472175598145e-01,3.606965765357017517e-04,-9.351967275142669678e-02,7.421631217002868652e-01,6.636624932289123535e-01,0.000000000000000000e+00,0.000000000000000000e+00,-1.263588219881057739e-01,-1.253719568252563477e+00,7.512530684471130371e-02,-7.454644441604614258e-01,-2.062122672796249390e-01,4.497790932655334473e-01,-6.998047828674316406e-01,2.125423908233642578e+00,2.353898994624614716e-02,-9.038546085357666016e-01,4.195929765701293945e-01,1.605623513460159302e-01,1.317625641822814941e+00,-1.362315416336059570e-01,1.089982464909553528e-01,-4.769587814807891846e-01,-1.642781123518943787e-02,-2.829418480396270752e-01,8.992103338241577148e-01,-2.352495491504669189e-01,7.513652741909027100e-02
1.501984056085348129e-02,-1.863125115633010864e-01,6.845297217369079590e-01,-4.700564779341220856e-03,-8.329909294843673706e-02,7.245066761970520020e-01,6.841996908187866211e-01,0.000000000000000000e+00,0.000000000000000000e+00,-1.307981908321380615e-01,-1.249284863471984863e+00,9.903268516063690186e-02,-7.520564794540405273e-01,-2.389759272336959839e-01,4.185912907123565674e-01,-7.610856890678405762e-01,2.085678339004516602e+00,3.085955604910850525e-02,-9.202720522880554199e-01,3.832310438156127930e-01,1.563194245100021362e-01,1.329173207283020020e+00,-1.692300736904144287e-01,1.179316639900207520e-01,-5.297591090202331543e-01,-1.854975149035453796e-02,-2.578767836093902588e-01,9.269383549690246582e-01,-2.371942400932312012e-01,1.122017577290534973e-01
9.559626691043376923e-03,-1.852051615715026855e-01,6.836370825767517090e-01,-7.899392396211624146e-03,-7.296425849199295044e-02,7.075688242912292480e-01,7.028229832649230957e-01,0.000000000000000000e+00,0.000000000000000000e+00,-1.227432340383529663e-01,-1.251811265945434570e+00,1.377525031566619873e-01,-7.314695119857788086e-01,-2.641497850418090820e-01,3.890534341335296631e-01,-8.139476776123046875e-01,2.030043363571166992e+00,3.883688524365425110e-02,-9.117991924285888672e-01,3.444469869136810303e-01,1.625180542469024658e-01,1.304598927497863770e+00,-1.986312568187713623e-01,1.303532123565673828e-01,-5.761433839797973633e-01,-2.049492672085762024e-02,-2.271943092346191406e-01,9.512406587600708008e-01,-2.347218245267868042e-01,1.444351971149444580e-01
3.473795717582106590e-03,-1.839532554149627686e-01,6.828225255012512207e-01,-7.612570188939571381e-03,-6.669990718364715576e-02,6.925554871559143066e-01,7.182340025901794434e-01,0.000000000000000000e+00,0.000000000000000000e+00,-1.081059947609901428e-01,-1.267356991767883301e+00,1.768054664134979248e-01,-6.751438975334167480e-01,-2.824520766735076904e-01,3.730551302433013916e-01,-8.631405830383300781e-01,1.968472361564636230e+00,4.586870595812797546e-02,-8.781295418739318848e-01,2.975772917270660400e-01,1.649767458438873291e-01,1.243573188781738281e+00,-2.157127261161804199e-01,1.486739516258239746e-01,-6.074647903442382812e-01,-1.865381188690662384e-02,-1.912081092596054077e-01,9.704606533050537109e-01,-2.123194783926010132e-01,1.579458415508270264e-01
-2.986758016049861908e-03,-1.815113425254821777e-01,6.824802160263061523e-01,-6.944955326616764069e-03,-6.090788543224334717e-02,6.795430779457092285e-01,7.310699224472045898e-01,0.000000000000000000e+00,0.000000000000000000e+00,-9.179843217134475708e-02,-1.287512063980102539e+00,2.024144828319549561e-01,-6.023744344711303711e-01,-2.891572415828704834e-01,3.693363964557647705e-01,-9.011775851249694824e-01,1.927481889724731445e+00,5.388088896870613098e-02,-8.319070935249328613e-01,2.523966133594512939e-01,1.757792681455612183e-01,1.168611884117126465e+00,-2.395825833082199097e-01,1.825375556945800781e-01,-6.326369643211364746e-01,-1.722957007586956024e-02,-1.548688411712646484e-01,9.853546619415283203e-01,-1.764799803495407104e-01,1.652193367481231689e-01
-9.548840112984180450e-03,-1.771873831748962402e-01,6.829733848571777344e-01,-9.891879744827747345e-03,-5.385864526033401489e-02,6.702461242675781250e-01,7.401158809661865234e-01,0.000000000000000000e+00,0.000000000000000000e+00,-6.853204965591430664e-02,-1.303171277046203613e+00,2.356068491935729980e-01,-5.386497974395751953e-01,-2.894901335239410400e-01,3.825510740280151367e-01,-9.240506291389465332e-01,1.900518178939819336e+00,5.734925717115402222e-02,-7.934830784797668457e-01,2.121711224317550659e-01,1.820142120122909546e-01,1.109912276268005371e+00,-3.226493597030639648e-01,2.336250543594360352e-01,-6.578490734100341797e-01,-5.849679931998252869e-03,-1.104940921068191528e-01,9.937785267829895020e-01,-1.540498882532119751e-01,1.759029626846313477e-01
-1.420321129262447357e-02,-1.710478812456130981e-01,6.889054179191589355e-01,-1.805338263511657715e-02,-4.011887311935424805e-02,6.694504022598266602e-01,7.415529489517211914e-01,0.000000000000000000e+00,0.000000000000000000e+00,-7.481191307306289673e-02,-1.305415391921997070e+00,2.766993045806884766e-01,-4.905735850334167480e-01,-3.146507143974304199e-01,3.876111507415771484e-01,-9.336772561073303223e-01,1.872644662857055664e+00,4.957175627350807190e-02,-7.579061388969421387e-01,1.694616675376892090e-01,1.910649240016937256e-01,1.023626685142517090e+00,-3.884647190570831299e-01,2.658387422561645508e-01,-6.744168400764465332e-01,2.283062785863876343e-03,-6.825593113899230957e-02,9.684633612632751465e-01,-1.039419472217559814e-01,1.868675947189331055e-01
-1.908431015908718109e-02,-1.654759049415588379e-01,6.942979097366333008e-01,-2.241993136703968048e-02,-3.397660702466964722e-02,6.684570908546447754e-01,7.426358461380004883e-01,0.000000000000000000e+00,0.000000000000000000e+00,-5.405874550342559814e-02,-1.311410307884216309e+00,2.861892282962799072e-01,-4.531266391277313232e-01,-3.044388592243194580e-01,4.408914446830749512e-01,-9.310775399208068848e-01,1.898783445358276367e+00,4.562821239233016968e-02,-7.225280404090881348e-01,1.422957628965377808e-01,1.996560245752334595e-01,9.670736193656921387e-01,-4.311785101890563965e-01,2.922407686710357666e-01,-6.775049567222595215e-01,1.336878444999456406e-02,-3.719710186123847961e-02,9.534258246421813965e-01,-5.784785747528076172e-02,1.913839429616928101e-01
-2.247213013470172882e-02,-1.606420576572418213e-01,6.988278031349182129e-01,-2.424654364585876465e-02,-2.859611436724662781e-02,6.700455546379089355e-01,7.413725852966308594e-01,0.000000000000000000e+00,0.000000000000000000e+00,-3.576870262622833252e-02,-1.309599995613098145e+00,2.988722324371337891e-01,-4.272193610668182373e-01,-2.830931544303894043e-01,5.099142789840698242e-01,-9.066388010978698730e-01,1.945332288742065430e+00,3.977315127849578857e-02,-6.844756007194519043e-01,1.177196279168128967e-01,2.108596116304397583e-01,9.055229425430297852e-01,-4.495508074760437012e-01,3.067408800125122070e-01,-6.801508665084838867e-01,1.643988490104675293e-02,-1.686640642583370209e-02,9.477702975273132324e-01,-2.568946219980716705e-02,1.814493238925933838e-01
-2.490429207682609558e-02,-1.559973210096359253e-01,7.034714818000793457e-01,-2.836788445711135864e-02,-2.278351597487926483e-02,6.724303960800170898e-01,7.392655611038208008e-01,0.000000000000000000e+00,0.000000000000000000e+00,-2.404864691197872162e-02,-1.306820631027221680e+00,3.098750114440917969e-01,-3.997355997562408447e-01,-2.382508367300033569e-01,6.023889780044555664e-01,-8.389670252799987793e-01,2.013157844543457031e+00,3.386720269918441772e-02,-6.531915664672851562e-01,9.661683440208435059e-02,2.162594497203826904e-01,8.439868092536926270e-01,-4.568822383880615234e-01,3.111196756362915039e-01,-6.818739771842956543e-01,2.505778335034847260e-02,-3.487307811155915260e-03,9.352162480354309082e-01,-2.857746183872222900e-02,1.694367229938507080e-01
-2.557997219264507294e-02,-1.545251160860061646e-01,7.044035792350769043e-01,-2.490900829434394836e-02,-2.291547320783138275e-02,6.765922307968139648e-01,7.355796098709106445e-01,0.000000000000000000e+00,0.000000000000000000e+00,-2.594021335244178772e-02,-1.299800157546997070e+00,3.066815733909606934e-01,-3.880468308925628662e-01,-1.605417132377624512e-01,6.806941628456115723e-01,-7.196516990661621094e-01,2.058772802352905273e+00,2.886986173689365387e-02,-6.247070431709289551e-01,8.121094107627868652e-02,2.220008969306945801e-01,8.139159083366394043e-01,-4.615656733512878418e-01,3.157607018947601318e-01,-6.787477135658264160e-01,2.961690165102481842e-02,8.968447218649089336e-04,9.272566437721252441e-01,-1.416659075766801834e-02,1.523048728704452515e-01
-2.540482021868228912e-02,-1.549763977527618408e-01,7.034708857536315918e-01,-1.916990801692008972e-02,-2.656182833015918732e-02,6.793211698532104492e-01,7.331096529960632324e-01,0.000000000000000000e+00,0.000000000000000000e+00,-3.885928913950920105e-02,-1.292398571968078613e+00,3.273037672042846680e-01,-3.710298538208007812e-01,-6.757512688636779785e-02,7.250686883926391602e-01,-5.324682593345642090e-01,2.059370279312133789e+00,2.712555415928363800e-02,-6.005041003227233887e-01,7.252238690853118896e-02,2.240434288978576660e-01,7.987670898437500000e-01,-4.567945301532745361e-01,3.141388893127441406e-01,-6.807982325553894043e-01,4.637444391846656799e-02,1.146494783461093903e-02,9.208216071128845215e-01,1.306957565248012543e-02,1.558371335268020630e-01
-2.347011677920818329e-02,-1.558293253183364868e-01,7.030980587005615234e-01,-1.259106211364269257e-02,-2.648452483117580414e-02,6.813909411430358887e-01,7.313319444656372070e-01,0.000000000000000000e+00,0.000000000000000000e+00,-6.584481149911880493e-02,-1.284646987915039062e+00,3.513952493667602539e-01,-3.619747161865234375e-01,4.874680191278457642e-02,6.821093559265136719e-01,-1.877561062574386597e-01,1.964298605918884277e+00,3.287534788250923157e-02,-5.805491805076599121e-01,5.165992304682731628e-02,2.102232277393341064e-01,7.735716700553894043e-01,-4.356283545494079590e-01,3.020105957984924316e-01,-7.050349712371826172e-01,6.374153494834899902e-02,2.035897783935070038e-02,9.263947010040283203e-01,3.736256062984466553e-02,1.575360298156738281e-01
-1.975126564502716064e-02,-1.564737409353256226e-01,7.031424045562744141e-01,-9.242457337677478790e-03,-2.531181834638118744e-02,6.899315118789672852e-01,7.233729362487792969e-01,0.000000000000000000e+00,0.000000000000000000e+00,-1.226327940821647644e-01,-1.266375541687011719e+00,3.778797686100006104e-01,-3.866488933563232422e-01,1.266636103391647339e-01,5.407599806785583496e-01,1.812748759984970093e-01,1.906885743141174316e+00,3.661422803997993469e-02,-5.732411742210388184e-01,2.953475713729858398e-02,1.814025491476058960e-01,7.521516680717468262e-01,-3.931112587451934814e-01,2.812382578849792480e-01,-7.623100280761718750e-01,7.139638811349868774e-02,1.684480533003807068e-02,9.730640649795532227e-01,7.464259117841720581e-02,1.707827001810073853e-01
-1.369681395590305328e-02,-1.579442322254180908e-01,7.001079916954040527e-01,3.530905116349458694e-03,-2.364363335072994232e-02,7.021763324737548828e-01,7.116016149520874023e-01,0.000000000000000000e+00,0.000000000000000000e+00,-1.819832623004913330e-01,-1.275402069091796875e+00,4.372520148754119873e-01,-4.508745670318603516e-01,1.997398287057876587e-01,4.046944975852966309e-01,3.984612226486206055e-01,1.882170081138610840e+00,3.078169375658035278e-02,-5.916221737861633301e-01,1.184505410492420197e-02,1.789175122976303101e-01,8.023879528045654297e-01,-3.854903578758239746e-01,2.836620509624481201e-01,-8.326639533042907715e-01,5.394056066870689392e-02,1.203551795333623886e-02,1.080489873886108398e+00,1.189770027995109558e-01,1.963605135679244995e-01
-5.994719453155994415e-03,-1.576297134160995483e-01,6.977114081382751465e-01,1.587967202067375183e-02,-1.652910374104976654e-02,7.159291505813598633e-01,6.977965831756591797e-01,0.000000000000000000e+00,0.000000000000000000e+00,-2.615369260311126709e-01,-1.265098690986633301e+00,5.136389136314392090e-01,-5.958129763603210449e-01,2.967720627784729004e-01,2.340263277292251587e-01,5.351364016532897949e-01,1.866763830184936523e+00,1.927816495299339294e-02,-6.098041534423828125e-01,-1.076394785195589066e-02,1.862763166427612305e-01,8.434987068176269531e-01,-3.907120227813720703e-01,2.958311140537261963e-01,-9.317853450775146484e-01,1.447878871113061905e-02,-5.539527628570795059e-03,1.254128575325012207e+00,1.444020420312881470e-01,2.326522469520568848e-01
6.162613863125443459e-04,-1.558811217546463013e-01,6.970059275627136230e-01,2.283580042421817780e-02,-1.271448470652103424e-02,7.276339530944824219e-01,6.854674816131591797e-01,0.000000000000000000e+00,0.000000000000000000e+00,-3.508375883102416992e-01,-1.244995951652526855e+00,5.663368105888366699e-01,-7.289157509803771973e-01,3.865384757518768311e-01,9.720846265554428101e-02,5.528002381324768066e-01,1.845691323280334473e+00,5.560109857469797134e-03,-6.135811209678649902e-01,-1.388289220631122589e-02,2.038294076919555664e-01,8.654839992523193359e-01,-4.053664505481719971e-01,3.074953854084014893e-01,-9.979255199432373047e-01,-2.806020714342594147e-02,-1.396507304161787033e-02,1.391018390655517578e+00,1.390005350112915039e-01,2.647042870521545410e-01
6.372525356709957123e-03,-1.527620404958724976e-01,6.971102356910705566e-01,2.515480481088161469e-02,-1.221787929534912109e-02,7.372368574142456055e-01,6.750554442405700684e-01,0.000000000000000000e+00,0.000000000000000000e+00,-4.128696024417877197e-01,-1.190965890884399414e+00,5.931127071380615234e-01,-8.746855258941650391e-01,4.276577830314636230e-01,4.646451678127050400e-03,5.278726220130920410e-01,1.823426961898803711e+00,2.761205891147255898e-03,-6.083312630653381348e-01,-8.179290220141410828e-03,2.133609205484390259e-01,8.701691627502441406e-01,-4.038465619087219238e-01,3.019289970397949219e-01,-1.011934280395507812e+00,-8.345283567905426025e-02,-2.901096642017364502e-02,1.457728505134582520e+00,1.300832778215408325e-01,2.740472853183746338e-01
1.231023296713829041e-02,-1.490858495235443115e-01,6.969332098960876465e-01,2.674159407615661621e-02,-1.798808388411998749e-02,7.489470839500427246e-01,6.618455648422241211e-01,0.000000000000000000e+00,0.000000000000000000e+00,-4.678196609020233154e-01,-1.120694637298583984e+00,5.947523117065429688e-01,-1.019703507423400879e+00,4.280762076377868652e-01,-5.869375541806221008e-02,4.981101155281066895e-01,1.770189642906188965e+00,-8.503887802362442017e-03,-5.955758094787597656e-01,1.254542730748653412e-02,2.233295589685440063e-01,8.833179473876953125e-01,-4.191246330738067627e-01,2.942829728126525879e-01,-9.836421608924865723e-01,-1.572615653276443481e-01,-4.660573601722717285e-02,1.478203058242797852e+00,1.050598919391632080e-01,2.652288973331451416e-01
1.921458728611469269e-02,-1.447864919900894165e-01,6.966041326522827148e-01,3.007515892386436462e-02,-2.570314705371856689e-02,7.598695755004882812e-01,6.488705873489379883e-01,0.000000000000000000e+00,0.000000000000000000e+00,-4.910278320312500000e-01,-1.041944503784179688e+00,5.986098051071166992e-01,-1.139162898063659668e+00,3.858175575733184814e-01,-7.514822483062744141e-02,4.630968570709228516e-01,1.688615918159484863e+00,-2.239246293902397156e-02,-5.755251646041870117e-01,3.948708251118659973e-02,2.341109514236450195e-01,8.960757851600646973e-01,-4.177255928516387939e-01,2.656833827495574951e-01,-9.164398908615112305e-01,-2.207201570272445679e-01,-6.100628525018692017e-02,1.430691719055175781e+00,8.740083128213882446e-02,2.442843317985534668e-01
2.741505764424800873e-02,-1.397155672311782837e-01,6.958274245262145996e-01,3.575416654348373413e-02,-3.116171434521675110e-02,7.680853605270385742e-01,6.385886669158935547e-01,0.000000000000000000e+00,0.000000000000000000e+00,-4.788498878479003906e-01,-9.381682276725769043e-01,6.054267883300781250e-01,-1.256345748901367188e+00,3.168836236000061035e-01,-6.416525691747665405e-02,4.061783850193023682e-01,1.592602729797363281e+00,-3.158615529537200928e-02,-5.524342060089111328e-01,6.525213271379470825e-02,2.479758262634277344e-01,9.050921797752380371e-01,-3.991567790508270264e-01,2.213049530982971191e-01,-8.321288228034973145e-01,-2.690135836601257324e-01,-7.398245483636856079e-02,1.341216921806335449e+00,8.560959249734878540e-02,2.209720015525817871e-01
3.509583324193954468e-02,-1.341683417558670044e-01,6.973300576210021973e-01,3.765484690666198730e-02,-3.739878907799720764e-02,7.723637223243713379e-01,6.329594850540161133e-01,0.000000000000000000e+00,0.000000000000000000e+00,-4.399523735046386719e-01,-8.070874810218811035e-01,5.921850204467773438e-01,-1.341991662979125977e+00,2.187083512544631958e-01,-2.822017483413219452e-02,3.169329464435577393e-01,1.498424530029296875e+00,-3.394405171275138855e-02,-5.260804891586303711e-01,9.900157153606414795e-02,2.613685727119445801e-01,9.040034413337707520e-01,-3.895353078842163086e-01,1.835052669048309326e-01,-7.233155965805053711e-01,-2.992482483386993408e-01,-9.650023281574249268e-02,1.211261034011840820e+00,6.355650722980499268e-02,1.933848559856414795e-01
3.904573991894721985e-02,-1.286475956439971924e-01,7.013068199157714844e-01,2.223787829279899597e-02,-5.479314178228378296e-02,7.727649807929992676e-01,6.319315433502197266e-01,0.000000000000000000e+00,0.000000000000000000e+00,-2.742644548416137695e-01,-5.515844821929931641e-01,4.092392325401306152e-01,-1.579679012298583984e+00,7.257020473480224609e-02,7.834718376398086548e-02,1.881667822599411011e-01,1.409048199653625488e+00,-3.670384362339973450e-02,-4.881787300109863281e-01,1.641499996185302734e-01,2.502219080924987793e-01,8.512051701545715332e-01,-3.415072858333587646e-01,1.347738057374954224e-01,-5.727179646492004395e-01,-2.570117413997650146e-01,-1.541509479284286499e-01,9.921494126319885254e-01,8.641596138477325439e-02,1.692016869783401489e-01
4.747705534100532532e-02,-1.230153739452362061e-01,7.002910375595092773e-01,2.044044993817806244e-02,-5.596823617815971375e-02,7.728458642959594727e-01,6.317903399467468262e-01,0.000000000000000000e+00,0.000000000000000000e+00,-2.052893787622451782e-01,-4.316140711307525635e-01,2.421252578496932983e-01,-1.655546665191650391e+00,-8.127668872475624084e-03,1.053081825375556946e-01,-3.763223811984062195e-02,1.437046051025390625e+00,-2.471429295837879181e-02,-5.018327236175537109e-01,2.059285193681716919e-01,2.569738626480102539e-01,8.859662413597106934e-01,-3.152798414230346680e-01,1.018469557166099548e-01,-4.953360855579376221e-01,-2.364142388105392456e-01,-1.703410148620605469e-01,8.766924738883972168e-01,7.946357131004333496e-02,1.707937568426132202e-01
5.737923458218574524e-02,-1.171186417341232300e-01,6.987733840942382812e-01,1.397628895938396454e-02,-5.273116007447242737e-02,7.775165438652038574e-01,6.264919042587280273e-01,0.000000000000000000e+00,0.000000000000000000e+00,-1.829717904329299927e-01,-3.048409521579742432e-01,6.920501589775085449e-02,-1.716620802879333496e+00,-9.018013626337051392e-02,8.032196015119552612e-02,-2.667776942253112793e-01,1.478641629219055176e+00,-2.399903163313865662e-02,-5.227489471435546875e-01,2.437710314989089966e-01,2.561576366424560547e-01,8.997640013694763184e-01,-2.381679713726043701e-01,6.476901471614837646e-02,-4.462119936943054199e-01,-2.046494930982589722e-01,-1.798751950263977051e-01,7.794347405433654785e-01,6.605395674705505371e-02,1.809797585010528564e-01
6.761857867240905762e-02,-1.122585088014602661e-01,7.006061673164367676e-01,1.359939854592084885e-02,-4.515837877988815308e-02,7.785678505897521973e-01,6.257857680320739746e-01,0.000000000000000000e+00,0.000000000000000000e+00,-1.735044568777084351e-01,-1.918429881334304810e-01,-1.118086799979209900e-01,-1.710279583930969238e+00,-1.676329970359802246e-01,1.953220367431640625e-02,-4.278754293918609619e-01,1.527535557746887207e+00,-1.243902370333671570e-02,-5.519778132438659668e-01,2.813402116298675537e-01,2.661707997322082520e-01,9.498609304428100586e-01,-1.314783394336700439e-01,3.553481400012969971e-02,-4.329773485660552979e-01,-1.900792121887207031e-01,-1.822512894868850708e-01,7.555665373802185059e-01,1.841144077479839325e-02,1.835861653089523315e-01
7.800017297267913818e-02,-1.088485047221183777e-01,7.017059922218322754e-01,1.646579429507255554e-02,-3.845167905092239380e-02,7.813887596130371094e-01,6.226410865783691406e-01,0.000000000000000000e+00,0.000000000000000000e+00,-2.107223868370056152e-01,-5.247434601187705994e-02,-2.753011584281921387e-01,-1.644438982009887695e+00,-2.794263064861297607e-01,-8.290476351976394653e-02,-5.248847603797912598e-01,1.538010120391845703e+00,-5.772954784333705902e-03,-5.818738937377929688e-01,3.187548220157623291e-01,2.802342772483825684e-01,9.998288750648498535e-01,-8.888988196849822998e-02,4.633662104606628418e-02,-4.308260083198547363e-01,-1.843309253454208374e-01,-1.818635612726211548e-01,7.578936219215393066e-01,-1.284580677747726440e-02,1.865110844373703003e-01
8.680456131696701050e-02,-1.070992201566696167e-01,6.990332007408142090e-01,2.141272835433483124e-02,-3.573682904243469238e-02,7.829784750938415527e-01,6.206521987915039062e-01,0.000000000000000000e+00,0.000000000000000000e+00,-2.893234193325042725e-01,9.343277662992477417e-02,-3.933561742305755615e-01,-1.564964413642883301e+00,-3.951916992664337158e-01,-1.898837238550186157e-01,-5.785765647888183594e-01,1.526797771453857422e+00,-3.810615511611104012e-03,-6.110001802444458008e-01,3.449499309062957764e-01,2.879574000835418701e-01,1.037600636482238770e+00,-8.550763875246047974e-02,6.175120174884796143e-02,-4.386935830116271973e-01,-1.834862232208251953e-01,-1.834301352500915527e-01,7.851481437683105469e-01,-5.699115246534347534e-02,1.838675141334533691e-01
9.314040839672088623e-02,-1.060683354735374451e-01,6.948626041412353516e-01,2.571991272270679474e-02,-3.467499092221260071e-02,7.813039422035217285e-01,6.226558089256286621e-01,0.000000000000000000e+00,0.000000000000000000e+00,-3.853649795055389404e-01,2.091012895107269287e-01,-4.654480814933776855e-01,-1.516151189804077148e+00,-4.876480102539062500e-01,-2.692897915840148926e-01,-5.985777378082275391e-01,1.516972899436950684e+00,1.629041158594191074e-03,-6.310777664184570312e-01,3.588997125625610352e-01,2.902798652648925781e-01,1.054383277893066406e+00,-8.760986477136611938e-02,7.308133691549301147e-02,-4.537165760993957520e-01,-1.850901842117309570e-01,-1.868152618408203125e-01,8.230988979339599609e-01,-1.003726646304130554e-01,1.842779219150543213e-01
9.728156030178070068e-02,-1.051943749189376831e-01,6.917753219604492188e-01,2.953862957656383514e-02,-3.328431770205497742e-02,7.770292758941650391e-01,6.278894543647766113e-01,0.000000000000000000e+00,0.000000000000000000e+00,-4.517334699630737305e-01,2.626439929008483887e-01,-5.105673074722290039e-01,-1.520773410797119141e+00,-5.322721004486083984e-01,-2.898489236831665039e-01,-6.126157045364379883e-01,1.523668169975280762e+00,9.671751409769058228e-03,-6.375906467437744141e-01,3.629526197910308838e-01,2.885281741619110107e-01,1.053746581077575684e+00,-8.230662345886230469e-02,8.210816979408264160e-02,-4.680477082729339600e-01,-1.862966716289520264e-01,-1.851917803287506104e-01,8.555268645286560059e-01,-1.337417364120483398e-01,1.884257942438125610e-01
9.947042912244796753e-02,-1.049366593360900879e-01,6.902254223823547363e-01,3.483771160244941711e-02,-3.385766595602035522e-02,7.715035080909729004e-01,6.343677043914794922e-01,0.000000000000000000e+00,0.000000000000000000e+00,-4.665806889533996582e-01,2.504865825176239014e-01,-5.389385819435119629e-01,-1.557354569435119629e+00,-5.102881789207458496e-01,-2.543340027332305908e-01,-6.200761198997497559e-01,1.533618688583374023e+00,2.006921917200088501e-02,-6.278150677680969238e-01,3.620634973049163818e-01,2.862498462200164795e-01,1.042077064514160156e+00,-6.617288291454315186e-02,9.426670521497726440e-02,-4.708785116672515869e-01,-1.862273067235946655e-01,-1.808126419782638550e-01,8.762513995170593262e-01,-1.405875086784362793e-01,1.946370154619216919e-01
9.926425665616989136e-02,-1.053991615772247314e-01,6.891412734985351562e-01,4.060770571231842041e-02,-3.873107582330703735e-02,7.649970054626464844e-01,6.415843367576599121e-01,0.000000000000000000e+00,0.000000000000000000e+00,-4.187474846839904785e-01,1.863070130348205566e-01,-5.176693797111511230e-01,-1.591066360473632812e+00,-4.326133131980895996e-01,-1.774316430091857910e-01,-5.861229896545410156e-01,1.526664137840270996e+00,3.063385374844074249e-02,-6.064681410789489746e-01,3.597182333469390869e-01,2.806601524353027344e-01,1.026462197303771973e+00,-5.646384879946708679e-02,1.118166893720626831e-01,-4.593855142593383789e-01,-1.770530939102172852e-01,-1.708447635173797607e-01,8.811222910881042480e-01,-1.297117769718170166e-01,2.068791389465332031e-01
9.695412218570709229e-02,-1.058952659368515015e-01,6.888597011566162109e-01,4.589725658297538757e-02,-4.525885730981826782e-02,7.574893832206726074e-01,6.496575474739074707e-01,0.000000000000000000e+00,0.000000000000000000e+00,-3.340986073017120361e-01,1.203422918915748596e-01,-4.075483679771423340e-01,-1.594493389129638672e+00,-3.258299827575683594e-01,-9.479666501283645630e-02,-4.599546194076538086e-01,1.488580107688903809e+00,3.285677358508110046e-02,-5.774101614952087402e-01,3.528119623661041260e-01,2.689550220966339111e-01,1.011644840240478516e+00,-5.481412261724472046e-02,1.262940764427185059e-01,-4.417752027511596680e-01,-1.618214845657348633e-01,-1.534373611211776733e-01,8.730576634407043457e-01,-1.171044260263442993e-01,2.187136709690093994e-01
9.285419434309005737e-02,-1.066417843103408813e-01,6.884858608245849609e-01,5.143456161022186279e-02,-5.478024855256080627e-02,7.492142319679260254e-01,6.580514311790466309e-01,0.000000000000000000e+00,0.000000000000000000e+00,-2.392787039279937744e-01,9.142856299877166748e-02,-2.261381298303604126e-01,-1.547615647315979004e+00,-2.205967754125595093e-01,-3.912921994924545288e-02,-2.499719113111495972e-01,1.429356813430786133e+00,2.908219024538993835e-02,-5.367574691772460938e-01,3.466568291187286377e-01,2.582503259181976318e-01,9.943670034408569336e-01,-7.350741326808929443e-02,1.494508385658264160e-01,-4.121044874191284180e-01,-1.421537846326828003e-01,-1.336263269186019897e-01,8.486611843109130859e-01,-1.096096113324165344e-01,2.276392132043838501e-01
8.837717771530151367e-02,-1.075295880436897278e-01,6.882532238960266113e-01,5.968826636672019958e-02,-6.393907219171524048e-02,7.410372495651245117e-01,6.657423973083496094e-01,0.000000000000000000e+00,0.000000000000000000e+00,-1.578186303377151489e-01,9.335720539093017578e-02,-3.261982649564743042e-02,-1.461632132530212402e+00,-1.318068355321884155e-01,-2.165197581052780151e-02,-1.368698291480541229e-02,1.362233757972717285e+00,2.310182154178619385e-02,-4.843302071094512939e-01,3.287426531314849854e-01,2.473883479833602905e-01,9.667966961860656738e-01,-9.192597866058349609e-02,1.795866638422012329e-01,-3.715422153472900391e-01,-1.273663341999053955e-01,-1.086157560348510742e-01,8.104683160781860352e-01,-9.846202284097671509e-02,2.269120812416076660e-01
8.452333509922027588e-02,-1.087251007556915283e-01,6.877195239067077637e-01,7.244399935007095337e-02,-7.121865451335906982e-02,7.328284978866577148e-01,6.727868914604187012e-01,0.000000000000000000e+00,0.000000000000000000e+00,-9.858734905719757080e-02,9.266391396522521973e-02,1.180173605680465698e-01,-1.370416164398193359e+00,-5.415672063827514648e-02,-3.639238327741622925e-02,1.755632162094116211e-01,1.328995585441589355e+00,1.850904710590839386e-02,-4.250137209892272949e-01,3.026560246944427490e-01,2.445369809865951538e-01,9.356716871261596680e-01,-8.165941387414932251e-02,1.878208965063095093e-01,-3.265754282474517822e-01,-1.255790144205093384e-01,-8.202080428600311279e-02,7.726226449012756348e-01,-8.748319745063781738e-02,2.205422520637512207e-01
8.111283183097839355e-02,-1.101847216486930847e-01,6.863961219787597656e-01,8.806928247213363647e-02,-7.649255543947219849e-02,7.233045101165771484e-01,6.806051135063171387e-01,0.000000000000000000e+00,0.000000000000000000e+00,-6.430782377719879150e-02,8.582212030887603760e-02,2.095615267753601074e-01,-1.291213035583496094e+00,-8.605490438640117645e-04,-6.089450046420097351e-02,2.784678041934967041e-01,1.335623025894165039e+00,1.452340558171272278e-02,-3.685635030269622803e-01,2.727835178375244141e-01,2.472793459892272949e-01,9.094873666763305664e-01,-4.563559591770172119e-02,1.924600452184677124e-01,-2.866664826869964600e-01,-1.378922909498214722e-01,-6.092595309019088745e-02,7.439469099044799805e-01,-8.227147161960601807e-02,2.133775353431701660e-01
7.792848348617553711e-02,-1.107849925756454468e-01,6.858553290367126465e-01,1.007776260375976562e-01,-7.678022235631942749e-02,7.129583358764648438e-01,6.896659731864929199e-01,0.000000000000000000e+00,0.000000000000000000e+00,-5.538943037390708923e-02,7.313109934329986572e-02,2.572328746318817139e-01,-1.225069165229797363e+00,1.802546344697475433e-02,-7.323900610208511353e-02,2.998062372207641602e-01,1.378872990608215332e+00,9.067441336810588837e-03,-3.280240893363952637e-01,2.378630191087722778e-01,2.474423646926879883e-01,8.857569098472595215e-01,4.885793663561344147e-03,1.806620061397552490e-01,-2.647764980792999268e-01,-1.579574793577194214e-01,-4.380304738879203796e-02,7.229244112968444824e-01,-7.491617649793624878e-02,2.086032778024673462e-01
7.427620142698287964e-02,-1.114335134625434875e-01,6.839959621429443359e-01,1.125175282359123230e-01,-7.840851694345474243e-02,7.004570960998535156e-01,7.003940343856811523e-01,0.000000000000000000e+00,0.000000000000000000e+00,-6.715317815542221069e-02,5.764124542474746704e-02,2.663045227527618408e-01,-1.172991633415222168e+00,3.407663898542523384e-03,-7.428453117609024048e-02,2.417624741792678833e-01,1.463614344596862793e+00,5.106044933199882507e-03,-2.991551458835601807e-01,2.138095796108245850e-01,2.530526220798492432e-01,8.835166096687316895e-01,4.186926409602165222e-02,1.808961033821105957e-01,-2.530502676963806152e-01,-1.775268465280532837e-01,-3.111510910093784332e-02,7.166900634765625000e-01,-7.877292484045028687e-02,2.152390480041503906e-01
7.102031260728836060e-02,-1.108284667134284973e-01,6.835736632347106934e-01,1.215283572673797607e-01,-7.455018162727355957e-02,6.876500248908996582e-01,7.119063138961791992e-01,0.000000000000000000e+00,0.000000000000000000e+00,-9.111221879720687866e-02,4.532392323017120361e-02,2.401961386203765869e-01,-1.129790782928466797e+00,-3.778506070375442505e-02,-6.301711499691009521e-02,1.078158915042877197e-01,1.552444934844970703e+00,2.002387074753642082e-03,-2.804833650588989258e-01,1.836789995431900024e-01,2.592207789421081543e-01,8.813972473144531250e-01,5.740347504615783691e-02,1.882555782794952393e-01,-2.542129755020141602e-01,-2.015088200569152832e-01,-1.795063354074954987e-02,7.121265530586242676e-01,-8.637988567352294922e-02,2.353048920631408691e-01
6.809086352586746216e-02,-1.096882224082946777e-01,6.821081042289733887e-01,1.295481622219085693e-01,-7.013586163520812988e-02,6.763180494308471680e-01,7.217285633087158203e-01,0.000000000000000000e+00,0.000000000000000000e+00,-1.131117790937423706e-01,5.559035390615463257e-02,1.824796944856643677e-01,-1.083717823028564453e+00,-9.774780273437500000e-02,-5.646738409996032715e-02,-9.394030272960662842e-02,1.632554888725280762e+00,-2.014597179368138313e-03,-2.680980861186981201e-01,1.558580249547958374e-01,2.657878398895263672e-01,8.853620290756225586e-01,4.710914194583892822e-02,2.161066234111785889e-01,-2.669767141342163086e-01,-2.259865999221801758e-01,-4.628526978194713593e-03,7.252825498580932617e-01,-9.767577797174453735e-02,2.710587978363037109e-01
6.638533622026443481e-02,-1.077827438712120056e-01,6.800143122673034668e-01,1.384097933769226074e-01,-6.204715371131896973e-02,6.680857539176940918e-01,7.284602522850036621e-01,0.000000000000000000e+00,0.000000000000000000e+00,-1.395182907581329346e-01,8.585910499095916748e-02,1.183680817484855652e-01,-1.017867565155029297e+00,-1.760382503271102905e-01,-8.061273396015167236e-02,-2.850277721881866455e-01,1.674683809280395508e+00,-1.069656200706958771e-02,-2.653018832206726074e-01,1.181399896740913391e-01,2.668498754501342773e-01,8.953891396522521973e-01,3.361330553889274597e-02,2.362337559461593628e-01,-2.969044446945190430e-01,-2.595196366310119629e-01,1.107866223901510239e-02,7.626280188560485840e-01,-1.178537160158157349e-01,3.000977039337158203e-01
6.525386124849319458e-02,-1.056115403771400452e-01,6.770816445350646973e-01,1.482807546854019165e-01,-5.334371700882911682e-02,6.623492240905761719e-01,7.324348688125610352e-01,0.000000000000000000e+00,0.000000000000000000e+00,-1.731465607881546021e-01,1.331401467323303223e-01,5.891331285238265991e-02,-9.328861236572265625e-01,-2.631733417510986328e-01,-1.363780051469802856e-01,-4.223620891571044922e-01,1.666339397430419922e+00,-1.859441213309764862e-02,-2.656869888305664062e-01,7.682084292173385620e-02,2.647642195224761963e-01,9.056721925735473633e-01,1.705763116478919983e-02,2.464750856161117554e-01,-3.299412727355957031e-01,-2.990897893905639648e-01,2.389711700379848480e-02,8.100801706314086914e-01,-1.456439644098281860e-01,3.245746493339538574e-01
6.386857479810714722e-02,-1.030419096350669861e-01,6.738494634628295898e-01,1.555109322071075439e-01,-4.505953192710876465e-02,6.583625078201293945e-01,7.350814938545227051e-01,0.000000000000000000e+00,0.000000000000000000e+00,-2.112212032079696655e-01,1.882925033569335938e-01,2.240599133074283600e-02,-8.465235233306884766e-01,-3.466927111148834229e-01,-2.070134729146957397e-01,-4.775377810001373291e-01,1.627177596092224121e+00,-2.319783903658390045e-02,-2.735886871814727783e-01,4.451948776841163635e-02,2.671764194965362549e-01,9.230235815048217773e-01,-1.392557006329298019e-02,2.620750665664672852e-01,-3.684589266777038574e-01,-3.353467285633087158e-01,3.401128947734832764e-02,8.667798638343811035e-01,-1.671002656221389771e-01,3.516074120998382568e-01
6.192305684089660645e-02,-1.008975878357887268e-01,6.712125539779663086e-01,1.634245812892913818e-01,-3.949667885899543762e-02,6.547795534133911133e-01,7.368827462196350098e-01,0.000000000000000000e+00,0.000000000000000000e+00,-2.430227547883987427e-01,2.208655625581741333e-01,4.923936445266008377e-03,-7.588519454002380371e-01,-4.115611910820007324e-01,-2.673129141330718994e-01,-4.797948300838470459e-01,1.579365015029907227e+00,-2.373667620122432709e-02,-2.732232511043548584e-01,1.843360811471939087e-02,2.772488594055175781e-01,9.343531727790832520e-01,-3.425292298197746277e-02,2.763420641422271729e-01,-3.942200839519500732e-01,-3.708415031433105469e-01,4.175643622875213623e-02,9.118505716323852539e-01,-1.724903732538223267e-01,3.704446852207183838e-01
5.971485003829002380e-02,-9.924165159463882446e-02,6.702423095703125000e-01,1.726937592029571533e-01,-3.453065454959869385e-02,6.514880657196044922e-01,7.379348278045654297e-01,0.000000000000000000e+00,0.000000000000000000e+00,-2.499109059572219849e-01,2.177687287330627441e-01,1.455933507531881332e-02,-6.892228722572326660e-01,-4.535154700279235840e-01,-2.936124801635742188e-01,-4.724677503108978271e-01,1.548204421997070312e+00,-2.378302626311779022e-02,-2.602253556251525879e-01,-1.288454979658126831e-02,2.888087928295135498e-01,9.238117933273315430e-01,-4.457834735512733459e-02,2.814193964004516602e-01,-4.037507772445678711e-01,-4.063394665718078613e-01,5.009610205888748169e-02,9.288468360900878906e-01,-1.558702737092971802e-01,3.813370466232299805e-01
5.644451081752777100e-02,-9.830792248249053955e-02,6.707781553268432617e-01,1.832957714796066284e-01,-3.087004087865352631e-02,6.456727385520935059e-01,7.406459450721740723e-01,0.000000000000000000e+00,0.000000000000000000e+00,-2.415371686220169067e-01,1.735407710075378418e-01,5.477436631917953491e-02,-6.429197192192077637e-01,-4.716526865959167480e-01,-2.719881832599639893e-01,-5.007630586624145508e-01,1.561808109283447266e+00,-1.704133860766887665e-02,-2.337065190076828003e-01,-5.154945328831672668e-02,2.956416010856628418e-01,8.914723396301269531e-01,-5.876214429736137390e-02,2.882591784000396729e-01,-3.965451419353485107e-01,-4.403334558010101318e-01,5.675364285707473755e-02,9.202178120613098145e-01,-1.203287094831466675e-01,3.840665817260742188e-01
5.233258754014968872e-02,-9.814406186342239380e-02,6.726490259170532227e-01,1.951897442340850830e-01,-2.907689847052097321e-02,6.387421488761901855e-01,7.436826825141906738e-01,0.000000000000000000e+00,0.000000000000000000e+00,-2.175938934087753296e-01,9.778679162263870239e-02,1.240351945161819458e-01,-6.326935887336730957e-01,-4.715255200862884521e-01,-2.052520513534545898e-01,-5.728196501731872559e-01,1.618897676467895508e+00,-5.090852733701467514e-03,-1.935083419084548950e-01,-9.608604013919830322e-02,2.940359115600585938e-01,8.378025293350219727e-01,-6.076081469655036926e-02,2.929259240627288818e-01,-3.701713085174560547e-01,-4.702799618244171143e-01,6.424672156572341919e-02,8.880308866500854492e-01,-7.476636767387390137e-02,3.728883564472198486e-01
4.703306406736373901e-02,-9.834368526935577393e-02,6.748464107513427734e-01,2.047127634286880493e-01,-2.860133722424507141e-02,6.308017969131469727e-01,7.479062676429748535e-01,0.000000000000000000e+00,0.000000000000000000e+00,-1.952025890350341797e-01,1.605046540498733521e-02,2.253549844026565552e-01,-6.566971540451049805e-01,-4.517526924610137939e-01,-6.962755322456359863e-02,-6.845182180404663086e-01,1.719280838966369629e+00,5.317232105880975723e-03,-1.559242159128189087e-01,-1.331445872783660889e-01,2.923521697521209717e-01,7.868970036506652832e-01,-6.777796894311904907e-02,2.925588488578796387e-01,-3.433089852333068848e-01,-4.884655475616455078e-01,7.817407697439193726e-02,8.478161692619323730e-01,-4.292365908622741699e-02,3.491936624050140381e-01
3.764085471630096436e-02,-9.820865094661712646e-02,6.776637434959411621e-01,1.980462819337844849e-01,-3.830583393573760986e-02,6.195955276489257812e-01,7.585589885711669922e-01,0.000000000000000000e+00,0.000000000000000000e+00,-1.657211184501647949e-01,-2.690778672695159912e-02,3.349523842334747314e-01,-7.140830755233764648e-01,-4.276996850967407227e-01,1.864098310470581055e-01,-7.762653827667236328e-01,1.835667967796325684e+00,1.782592386007308960e-02,-1.360193341970443726e-01,-1.180149391293525696e-01,3.045682013034820557e-01,7.633600831031799316e-01,-9.524006396532058716e-02,3.033203482627868652e-01,-3.514803946018218994e-01,-4.550239145755767822e-01,9.387439489364624023e-02,8.526227474212646484e-01,-4.098287224769592285e-02,3.128000199794769287e-01
3.206856176257133484e-02,-9.802671521902084351e-02,6.813476085662841797e-01,1.960413902997970581e-01,-3.470646589994430542e-02,6.209220290184020996e-01,7.581682205200195312e-01,0.000000000000000000e+00,0.000000000000000000e+00,-1.552915573120117188e-01,-6.689877808094024658e-02,4.391783773899078369e-01,-8.127510547637939453e-01,-4.577321410179138184e-01,4.479529559612274170e-01,-7.735392451286315918e-01,1.924774527549743652e+00,1.283267512917518616e-03,-1.296283304691314697e-01,-1.411884725093841553e-01,3.137599527835845947e-01,7.277507185935974121e-01,-1.248833537101745605e-01,2.950877845287322998e-01,-3.566022515296936035e-01,-4.572092890739440918e-01,1.081927046179771423e-01,8.160434365272521973e-01,-2.287724241614341736e-02,2.740344703197479248e-01
2.641256526112556458e-02,-9.841400384902954102e-02,6.839553117752075195e-01,1.920971572399139404e-01,-3.191101923584938049e-02,6.253107190132141113e-01,7.556896805763244629e-01,0.000000000000000000e+00,0.000000000000000000e+00,-1.519204080104827881e-01,-9.517285227775573730e-02,5.189747810363769531e-01,-9.323894381523132324e-01,-5.250642895698547363e-01,7.375648617744445801e-01,-6.548245549201965332e-01,1.952955126762390137e+00,-1.678059063851833344e-02,-1.326154023408889771e-01,-1.555525213479995728e-01,3.277385532855987549e-01,7.051926851272583008e-01,-1.539724618196487427e-01,2.865199744701385498e-01,-3.960210084915161133e-01,-4.598337411880493164e-01,1.180892065167427063e-01,8.314107060432434082e-01,-1.633489504456520081e-02,2.500315606594085693e-01
1.998129487037658691e-02,-9.895203262567520142e-02,6.851671934127807617e-01,1.831456571817398071e-01,-3.087095357477664948e-02,6.294951438903808594e-01,7.544803023338317871e-01,0.000000000000000000e+00,0.000000000000000000e+00,-1.452851593494415283e-01,-1.115049719810485840e-01,5.662897229194641113e-01,-1.052628278732299805e+00,-5.793738365173339844e-01,1.028864145278930664e+00,-4.777321517467498779e-01,1.910233497619628906e+00,-2.644930034875869751e-02,-1.466816961765289307e-01,-1.559266448020935059e-01,3.388179838657379150e-01,6.954399943351745605e-01,-1.830479353666305542e-01,2.874295413494110107e-01,-4.955931901931762695e-01,-4.528490602970123291e-01,1.304896324872970581e-01,9.385977983474731445e-01,-3.727436438202857971e-02,2.337526082992553711e-01
1.123250368982553482e-02,-1.007719710469245911e-01,6.838010549545288086e-01,1.746157109737396240e-01,-3.887365385890007019e-02,6.278486251831054688e-01,7.574987411499023438e-01,0.000000000000000000e+00,0.000000000000000000e+00,-1.039686650037765503e-01,-1.111643314361572266e-01,5.624698400497436523e-01,-1.166171550750732422e+00,-6.379531621932983398e-01,1.268345355987548828e+00,-2.257680296897888184e-01,1.762820243835449219e+00,-1.772394776344299316e-02,-1.611840128898620605e-01,-1.320813745260238647e-01,3.545412421226501465e-01,7.169491648674011230e-01,-1.860213726758956909e-01,2.998454868793487549e-01,-6.084531545639038086e-01,-4.323632121086120605e-01,1.386543214321136475e-01,1.076949834823608398e+00,-5.530476570129394531e-02,2.100938260555267334e-01
4.320279229432344437e-03,-1.018645465373992920e-01,6.836162209510803223e-01,1.657791435718536377e-01,-3.999299183487892151e-02,6.314678192138671875e-01,7.564166784286499023e-01,0.000000000000000000e+00,0.000000000000000000e+00,-8.145172894001007080e-02,-1.143605411052703857e-01,5.497174263000488281e-01,-1.297439455986022949e+00,-6.983804106712341309e-01,1.398903965950012207e+00,9.682013094425201416e-02,1.514395356178283691e+00,-2.399787120521068573e-02,-1.848480850458145142e-01,-1.171475201845169067e-01,3.794728815555572510e-01,7.323489189147949219e-01,-2.017601132392883301e-01,3.055801987648010254e-01,-6.976962089538574219e-01,-4.170568585395812988e-01,1.454319506883621216e-01,1.162968397140502930e+00,-2.283413335680961609e-02,1.994309872388839722e-01
-4.088391084223985672e-03,-1.017195433378219604e-01,6.854766607284545898e-01,1.493984460830688477e-01,-4.286813363432884216e-02,6.303281188011169434e-01,7.606108784675598145e-01,0.000000000000000000e+00,0.000000000000000000e+00,-4.627173393964767456e-02,-9.777604043483734131e-02,5.303289890289306641e-01,-1.395220518112182617e+00,-8.179063200950622559e-01,1.507093071937561035e+00,4.531834125518798828e-01,1.202703118324279785e+00,-2.061537466943264008e-02,-2.087875604629516602e-01,-8.787225186824798584e-02,3.989481925964355469e-01,7.462114095687866211e-01,-2.269138544797897339e-01,3.022417128086090088e-01,-7.553368806838989258e-01,-3.871757090091705322e-01,1.336637586355209351e-01,1.239521026611328125e+00,6.697335746139287949e-03,1.824968904256820679e-01
-1.118228025734424591e-02,-1.011440902948379517e-01,6.877470612525939941e-01,1.347397565841674805e-01,-4.351180791854858398e-02,6.276151537895202637e-01,7.655397653579711914e-01,0.000000000000000000e+00,0.000000000000000000e+00,-1.632846891880035400e-02,-9.410358965396881104e-02,5.070240497589111328e-01,-1.438410878181457520e+00,-9.592225551605224609e-01,1.654910445213317871e+00,7.213577628135681152e-01,9.244762659072875977e-01,-3.553783521056175232e-03,-2.308081835508346558e-01,-6.157566606998443604e-02,4.138702154159545898e-01,7.574968934059143066e-01,-2.483824044466018677e-01,2.883913815021514893e-01,-7.924917936325073242e-01,-3.613309860229492188e-01,1.139610782265663147e-01,1.290372371673583984e+00,1.103634014725685120e-02,1.669137179851531982e-01
-1.214176509529352188e-02,-9.987688809633255005e-02,6.894611120223999023e-01,1.271491050720214844e-01,-4.042876139283180237e-02,6.253097653388977051e-01,7.688863873481750488e-01,0.000000000000000000e+00,0.000000000000000000e+00,-5.216751992702484131e-02,-1.849313080310821533e-01,5.354796648025512695e-01,-1.334421396255493164e+00,-9.683021903038024902e-01,1.658099055290222168e+00,7.330206632614135742e-01,7.554641366004943848e-01,-8.059689775109291077e-03,-2.369332760572433472e-01,-5.979664623737335205e-02,3.985541164875030518e-01,7.389655709266662598e-01,-2.431007325649261475e-01,2.714523077011108398e-01,-7.646875381469726562e-01,-3.320426642894744873e-01,1.064461246132850647e-01,1.241006493568420410e+00,3.040140727534890175e-03,1.516042947769165039e-01
-1.139221806079149246e-02,-9.876204282045364380e-02,6.911846399307250977e-01,1.218395754694938660e-01,-3.551929816603660583e-02,6.296076178550720215e-01,7.664774656295776367e-01,0.000000000000000000e+00,0.000000000000000000e+00,-1.067888066172599792e-01,-2.894318401813507080e-01,5.818979144096374512e-01,-1.236648082733154297e+00,-9.106592535972595215e-01,1.587503433227539062e+00,7.146876454353332520e-01,6.978048086166381836e-01,-2.290327288210391998e-02,-2.386891841888427734e-01,-7.040111720561981201e-02,3.788568675518035889e-01,7.074719667434692383e-01,-2.304362952709197998e-01,2.562328875064849854e-01,-7.398194670677185059e-01,-3.134300410747528076e-01,1.024072617292404175e-01,1.195733308792114258e+00,-8.255463093519210815e-03,1.381707042455673218e-01
-1.044445671141147614e-02,-9.772839397192001343e-02,6.929157376289367676e-01,1.170821860432624817e-01,-3.089862689375877380e-02,6.349976658821105957e-01,7.629646062850952148e-01,0.000000000000000000e+00,0.000000000000000000e+00,-1.632930636405944824e-01,-3.997516334056854248e-01,6.348686218261718750e-01,-1.120689153671264648e+00,-8.318170905113220215e-01,1.501724720001220703e+00,6.793228983879089355e-01,6.736454963684082031e-01,-4.003569111227989197e-02,-2.367132157087326050e-01,-8.253338932991027832e-02,3.587469458580017090e-01,6.715804934501647949e-01,-2.158144116401672363e-01,2.413966506719589233e-01,-7.128298878669738770e-01,-2.956729829311370850e-01,9.848174452781677246e-02,1.148686289787292480e+00,-1.886275783181190491e-02,1.246856600046157837e-01
-9.563401341438293457e-03,-9.670953452587127686e-02,6.946864724159240723e-01,1.123279482126235962e-01,-2.677009440958499908e-02,6.404927968978881836e-01,7.592330574989318848e-01,0.000000000000000000e+00,0.000000000000000000e+00,-2.162365466356277466e-01,-5.126805901527404785e-01,6.842746734619140625e-01,-9.860198497772216797e-01,-7.412656545639038086e-01,1.414341449737548828e+00,6.264755129814147949e-01,6.654649376869201660e-01,-5.724311247467994690e-02,-2.317018061876296997e-01,-9.426717460155487061e-02,3.381607532501220703e-01,6.325999498367309570e-01,-1.998601406812667847e-01,2.268056422472000122e-01,-6.833411455154418945e-01,-2.773560285568237305e-01,9.373906254768371582e-02,1.099098920822143555e+00,-2.842308767139911652e-02,1.108544990420341492e-01
-8.841089904308319092e-03,-9.548340737819671631e-02,6.965745687484741211e-01,1.067211553454399109e-01,-2.233049459755420685e-02,6.456057429313659668e-01,7.558473348617553711e-01,0.000000000000000000e+00,0.000000000000000000e+00,-2.502368092536926270e-01,-6.129143238067626953e-01,7.048413753509521484e-01,-8.625099658966064453e-01,-6.526501774787902832e-01,1.335935235023498535e+00,5.657426714897155762e-01,6.536945104598999023e-01,-7.262415438890457153e-02,-2.270420938730239868e-01,-1.049141511321067810e-01,3.165291845798492432e-01,5.925709605216979980e-01,-1.835565119981765747e-01,2.128371894359588623e-01,-6.551663875579833984e-01,-2.581833004951477051e-01,8.838710933923721313e-02,1.049615740776062012e+00,-3.812201693654060364e-02,9.727524966001510620e-02
-5.280994810163974762e-03,-9.392084926366806030e-02,7.016556262969970703e-01,1.083279252052307129e-01,-8.643060922622680664e-03,6.585174798965454102e-01,7.446778416633605957e-01,0.000000000000000000e+00,0.000000000000000000e+00,-2.984622120857238770e-01,-7.241888046264648438e-01,7.220071554183959961e-01,-7.539133429527282715e-01,-5.179497003555297852e-01,1.172331452369689941e+00,4.621393680572509766e-01,7.151644825935363770e-01,-7.167857885360717773e-02,-1.657583266496658325e-01,-1.702661812305450439e-01,2.461166381835937500e-01,4.268783330917358398e-01,-1.066165640950202942e-01,1.936603784561157227e-01,-5.562548637390136719e-01,-2.885959148406982422e-01,5.785048007965087891e-02,8.864974975585937500e-01,-1.885498524643480778e-03,9.881642460823059082e-02
-6.926608737558126450e-03,-9.248168021440505981e-02,7.038280963897705078e-01,9.837520122528076172e-02,-8.563691750168800354e-03,6.567397117614746094e-01,7.476241588592529297e-01,0.000000000000000000e+00,0.000000000000000000e+00,-2.772625982761383057e-01,-7.827332615852355957e-01,6.694029569625854492e-01,-6.548277735710144043e-01,-4.517233073711395264e-01,1.150646448135375977e+00,4.050329029560089111e-01,6.645328998565673828e-01,-6.806278973817825317e-02,-1.543228328227996826e-01,-1.636187285184860229e-01,2.216936200857162476e-01,3.846350610256195068e-01,-8.935461193323135376e-02,1.808118373155593872e-01,-5.118089914321899414e-01,-2.555514574050903320e-01,4.057891294360160828e-02,8.163456916809082031e-01,-3.351284889504313469e-03,8.229160308837890625e-02
-8.730316534638404846e-03,-9.096142649650573730e-02,7.060863971710205078e-01,8.781760931015014648e-02,-8.692781440913677216e-03,6.544951200485229492e-01,7.508985996246337891e-01,0.000000000000000000e+00,0.000000000000000000e+00,-2.502901852130889893e-01,-8.365613818168640137e-01,6.051184535026550293e-01,-5.638021230697631836e-01,-3.956882059574127197e-01,1.141093015670776367e+00,3.556214869022369385e-01,5.976574420928955078e-01,-6.439640372991561890e-02,-1.436102837324142456e-01,-1.545857489109039307e-01,1.987098306417465210e-01,3.440959751605987549e-01,-7.334477454423904419e-02,1.672632992267608643e-01,-4.637548625469207764e-01,-2.198463082313537598e-01,2.544487453997135162e-02,7.360688447952270508e-01,4.196326190140098333e-04,6.566368788480758667e-02
-1.053529698401689529e-02,-8.934757113456726074e-02,7.083142995834350586e-01,7.708892971277236938e-02,-8.678188547492027283e-03,6.520515084266662598e-01,7.541954517364501953e-01,0.000000000000000000e+00,0.000000000000000000e+00,-2.211683392524719238e-01,-8.883900642395019531e-01,5.351047515869140625e-01,-4.781658649444580078e-01,-3.441896140575408936e-01,1.138669013977050781e+00,3.098709285259246826e-01,5.237016677856445312e-01,-5.990839004516601562e-02,-1.323685646057128906e-01,-1.451740115880966187e-01,1.757161468267440796e-01,3.023561239242553711e-01,-5.716893449425697327e-02,1.539988368749618530e-01,-4.141736328601837158e-01,-1.834086775779724121e-01,1.291522290557622910e-02,6.501393318176269531e-01,6.677257362753152847e-03,4.932977631688117981e-02
-1.229212805628776550e-02,-8.763916790485382080e-02,7.104725241661071777e-01,6.629229336977005005e-02,-8.467621169984340668e-03,6.495212316513061523e-01,7.574006915092468262e-01,0.000000000000000000e+00,0.000000000000000000e+00,-1.911369115114212036e-01,-9.391787052154541016e-01,4.616875052452087402e-01,-3.967155218124389648e-01,-2.945650517940521240e-01,1.141316890716552734e+00,2.655890583992004395e-01,4.468596279621124268e-01,-5.455226451158523560e-02,-1.202930212020874023e-01,-1.356405168771743774e-01,1.524653583765029907e-01,2.587424218654632568e-01,-4.042003676295280457e-02,1.410229355096817017e-01,-3.628675639629364014e-01,-1.467604190111160278e-01,2.996612573042511940e-03,5.586479306221008301e-01,1.518279034644365311e-02,3.330207988619804382e-02
-1.395509485155344009e-02,-8.583466708660125732e-02,7.124763131141662598e-01,5.553635582327842712e-02,-7.981598377227783203e-03,6.469727754592895508e-01,7.604460716247558594e-01,0.000000000000000000e+00,0.000000000000000000e+00,-1.603587418794631958e-01,-9.892677664756774902e-01,3.859810829162597656e-01,-3.195107877254486084e-01,-2.456313371658325195e-01,1.148031234741210938e+00,2.218221426010131836e-01,3.691278398036956787e-01,-4.868916794657707214e-02,-1.081796139478683472e-01,-1.260408163070678711e-01,1.293854415416717529e-01,2.146988064050674438e-01,-2.388820424675941467e-02,1.283614188432693481e-01,-3.122201859951019287e-01,-1.102637201547622681e-01,-3.561633871868252754e-03,4.661605358123779297e-01,2.365219593048095703e-02,1.758358441293239594e-02
-1.555258315056562424e-02,-8.394691348075866699e-02,7.143828272819519043e-01,4.477801918983459473e-02,-7.336816284805536270e-03,6.444324254989624023e-01,7.633138298988342285e-01,0.000000000000000000e+00,0.000000000000000000e+00,-1.288305968046188354e-01,-1.038781166076660156e+00,3.088136613368988037e-01,-2.464409619569778442e-01,-1.965449005365371704e-01,1.158396601676940918e+00,1.779171377420425415e-01,2.918345034122467041e-01,-4.117568582296371460e-02,-9.396427124738693237e-02,-1.164945513010025024e-01,1.050429493188858032e-01,1.662317365407943726e-01,-5.275445058941841125e-03,1.159915775060653687e-01,-2.568098902702331543e-01,-7.426143437623977661e-02,-8.563973009586334229e-03,3.637206852436065674e-01,3.643441572785377502e-02,2.098758937790989876e-03
-1.703353598713874817e-02,-8.198147267103195190e-02,7.160610556602478027e-01,3.417387977242469788e-02,-6.405801977962255478e-03,6.419502496719360352e-01,7.659575939178466797e-01,0.000000000000000000e+00,0.000000000000000000e+00,-9.619585424661636353e-02,-1.088090300559997559e+00,2.308780848979949951e-01,-1.780859082937240601e-01,-1.468956172466278076e-01,1.171961426734924316e+00,1.337052881717681885e-01,2.158187776803970337e-01,-3.281413018703460693e-02,-7.959252595901489258e-02,-1.069893315434455872e-01,8.050613105297088623e-02,1.169651821255683899e-01,1.344058383256196976e-02,1.039896756410598755e-01,-2.030022293329238892e-01,-3.907078504562377930e-02,-1.051893923431634903e-02,2.630100548267364502e-01,4.797625914216041565e-02,-1.312937866896390915e-02
-1.842670701444149017e-02,-7.994952052831649780e-02,7.175392508506774902e-01,2.368768304586410522e-02,-5.290027707815170288e-03,6.395376920700073242e-01,7.683764696121215820e-01,0.000000000000000000e+00,0.000000000000000000e+00,-6.227492541074752808e-02,-1.137460350990295410e+00,1.528007984161376953e-01,-1.143883392214775085e-01,-9.634172171354293823e-02,1.188685178756713867e+00,8.907353132963180542e-02,1.416162550449371338e-01,-2.272688969969749451e-02,-6.296464800834655762e-02,-9.748330712318420410e-02,5.467431992292404175e-02,6.282289326190948486e-02,3.449767455458641052e-02,9.231087565422058105e-02,-1.455243676900863647e-01,-4.767753649502992630e-03,-1.072548702359199524e-02,1.549801081418991089e-01,6.262584030628204346e-02,-2.818892523646354675e-02
-1.972644589841365814e-02,-7.787258177995681763e-02,7.187601327896118164e-01,1.339408475905656815e-02,-3.952962812036275864e-03,6.372293829917907715e-01,7.705476880073547363e-01,0.000000000000000000e+00,0.000000000000000000e+00,-2.666000463068485260e-02,-1.187337636947631836e+00,7.536143064498901367e-02,-5.588937178254127502e-02,-4.440195485949516296e-02,1.208404302597045898e+00,4.402843117713928223e-02,7.016481459140777588e-02,-1.186008937656879425e-02,-4.654623568058013916e-02,-8.782999962568283081e-02,2.876857109367847443e-02,8.464108221232891083e-03,5.547334626317024231e-02,8.111215382814407349e-02,-9.264463186264038086e-02,2.845862135291099548e-02,-8.199351839721202850e-03,5.497549846768379211e-02,7.342435419559478760e-02,-4.301211237907409668e-02
-2.103047631680965424e-02,-7.610197365283966064e-02,7.197358012199401855e-01,4.082444123923778534e-03,-3.514796495437622070e-03,6.350195407867431641e-01,7.724772691726684570e-01,0.000000000000000000e+00,0.000000000000000000e+00,1.206781901419162750e-02,-1.238045096397399902e+00,-8.705867803655564785e-04,-1.714438316412270069e-03,1.019491627812385559e-02,1.231231093406677246e+00,-1.051926985383033752e-03,7.605308783240616322e-04,7.033688016235828400e-04,-5.250062793493270874e-02,-7.773431390523910522e-02,3.329209983348846436e-03,5.290067406349407975e-08,5.743498355150222778e-02,7.015802711248397827e-02,-6.116219982504844666e-02,6.061094254255294800e-02,-5.323257297277450562e-03,1.949409352164366283e-06,6.542452424764633179e-02,-5.767172947525978088e-02
-2.103128284215927124e-02,-7.610697299242019653e-02,7.197347879409790039e-01,4.074556753039360046e-03,-3.510240465402603149e-03,6.350105404853820801e-01,7.724847793579101562e-01,0.000000000000000000e+00,0.000000000000000000e+00,1.225712243467569351e-02,-1.238115310668945312e+00,-1.154023804701864719e-03,-1.954042818397283554e-03,1.016759220510721207e-02,1.231289744377136230e+00,-1.131363795138895512e-03,6.747737643308937550e-04,1.212101895362138748e-03,-5.264912173151969910e-02,-7.779338955879211426e-02,2.835077932104468346e-03,6.612589382309908004e-12,5.777511000633239746e-02,7.033634185791015625e-02,-6.115761026740074158e-02,6.065662205219268799e-02,-5.845502018928527832e-03,2.436761625812522425e-10,6.550075858831405640e-02,-5.796000361442565918e-02
-2.103138901293277740e-02,-7.610704004764556885e-02,7.197347879409790039e-01,4.074241500347852707e-03,-3.510295180603861809e-03,6.350098252296447754e-01,7.724853157997131348e-01,0.000000000000000000e+00,0.000000000000000000e+00,1.226810272783041000e-02,-1.238115191459655762e+00,-1.163624227046966553e-03,-1.970918616279959679e-03,1.016551442444324493e-02,1.231290221214294434e+00,-1.130152610130608082e-03,6.719114608131349087e-04,1.262310193851590157e-03,-5.265747755765914917e-02,-7.779592275619506836e-02,2.784668235108256340e-03,8.224000644778428105e-16,5.779144540429115295e-02,7.033835351467132568e-02,-6.115118414163589478e-02,6.065513938665390015e-02,-5.896463058888912201e-03,3.044720237651427075e-14,6.549188494682312012e-02,-5.796437337994575500e-02
-2.103140018880367279e-02,-7.610704004764556885e-02,7.197347879409790039e-01,4.074222873896360397e-03,-3.510310780256986618e-03,6.350097656250000000e-01,7.724853754043579102e-01,0.000000000000000000e+00,0.000000000000000000e+00,1.226876769214868546e-02,-1.238115191459655762e+00,-1.164156477898359299e-03,-1.971930032595992088e-03,1.016539242118597031e-02,1.231290221214294434e+00,-1.129994750954210758e-03,6.717615178786218166e-04,1.267269719392061234e-03,-5.265818536281585693e-02,-7.779613137245178223e-02,2.779655158519744873e-03,-1.293620480782289514e-17,5.779275670647621155e-02,7.033834606409072876e-02,-6.115043163299560547e-02,6.065490469336509705e-02,-5.901491269469261169e-03,2.538981259394765266e-19,6.549072265625000000e-02,-5.796447396278381348e-02
-2.103140018880367279e-02,-7.610704004764556885e-02,7.197347879409790039e-01,4.074220545589923859e-03,-3.510311944410204887e-03,6.350097656250000000e-01,7.724853754043579102e-01,0.000000000000000000e+00,0.000000000000000000e+00,1.226880680769681931e-02,-1.238115191459655762e+00,-1.164190820418298244e-03,-1.971989637240767479e-03,1.016538403928279877e-02,1.231290221214294434e+00,-1.129981596022844315e-03,6.717538344673812389e-04,1.267759711481630802e-03,-5.265825241804122925e-02,-7.779615372419357300e-02,2.779158763587474823e-03,2.023455831872116722e-18,5.779287964105606079e-02,7.033833861351013184e-02,-6.115035712718963623e-02,6.065487861633300781e-02,-5.901988595724105835e-03,5.303273282759174423e-18,6.549060344696044922e-02,-5.796447768807411194e-02
-2.103140018880367279e-02,-7.610704004764556885e-02,7.197347879409790039e-01,4.074221011251211166e-03,-3.510312410071492195e-03,6.350097656250000000e-01,7.724853754043579102e-01,0.000000000000000000e+00,0.000000000000000000e+00,1.226880960166454315e-02,-1.238115191459655762e+00,-1.164193148724734783e-03,-1.971992896869778633e-03,1.016538403928279877e-02,1.231290221214294434e+00,-1.129980431869626045e-03,6.717531941831111908e-04,1.267808023840188980e-03,-5.265825986862182617e-02,-7.779615372419357300e-02,2.779109636321663857e-03,5.809587226980432451e-19,5.779289454221725464e-02,7.033833861351013184e-02,-6.115034967660903931e-02,6.065487489104270935e-02,-5.902037490159273148e-03,6.197316558586088431e-18,6.549058854579925537e-02,-5.796447768807411194e-02
-2.103140018880367279e-02,-7.610704004764556885e-02,7.197347879409790039e-01,4.074220545589923859e-03,-3.510312177240848541e-03,6.350097656250000000e-01,7.724853754043579102e-01,0.000000000000000000e+00,0.000000000000000000e+00,1.226880960166454315e-02,-1.238115191459655762e+00,-1.164193381555378437e-03,-1.971993362531065941e-03,1.016538310796022415e-02,1.231290221214294434e+00,-1.129980315454304218e-03,6.717533688060939312e-04,1.267812913283705711e-03,-5.265825986862182617e-02,-7.779615372419357300e-02,2.779104746878147125e-03,2.145110938921515609e-18,5.779289454221725464e-02,7.033833861351013184e-02,-6.115034967660903931e-02,6.065487489104270935e-02,-5.902042612433433533e-03,-5.633827890425165130e-18,6.549058854579925537e-02,-5.796447768807411194e-02
-2.103140018880367279e-02,-7.610704004764556885e-02,7.197347879409790039e-01,4.074220545589923859e-03,-3.510312177240848541e-03,6.350097656250000000e-01,7.724853754043579102e-01,0.000000000000000000e+00,0.000000000000000000e+00,1.226880960166454315e-02,-1.238115191459655762e+00,-1.164193381555378437e-03,-1.971993362531065941e-03,1.016538310796022415e-02,1.231290221214294434e+00,-1.129980315454304218e-03,6.717533105984330177e-04,1.267813378944993019e-03,-5.265825986862182617e-02,-7.779615372419357300e-02,2.779104281216859818e-03,-9.235835498624077322e-19,5.779289454221725464e-02,7.033833861351013184e-02,-6.115034967660903931e-02,6.065487489104270935e-02,-5.902043078094720840e-03,-6.639255998816019633e-18,6.549058854579925537e-02,-5.796447768807411194e-02
-2.103140018880367279e-02,-7.610704004764556885e-02,7.197347879409790039e-01,4.074220545589923859e-03,-3.510312177240848541e-03,6.350097656250000000e-01,7.724853754043579102e-01,0.000000000000000000e+00,0.000000000000000000e+00,1.226880960166454315e-02,-1.238115191459655762e+00,-1.164193381555378437e-03,-1.971993362531065941e-03,1.016538310796022415e-02,1.231290221214294434e+00,-1.129980315454304218e-03,6.717533105984330177e-04,1.267813378944993019e-03,-5.265825986862182617e-02,-7.779615372419357300e-02,2.779104281216859818e-03,1.784169024272776877e-18,5.779289454221725464e-02,7.033833861351013184e-02,-6.115034967660903931e-02,6.065487489104270935e-02,-5.902043078094720840e-03,4.670751429397025645e-18,6.549058854579925537e-02,-5.796447768807411194e-02
-2.103140018880367279e-02,-7.610704004764556885e-02,7.197347879409790039e-01,4.074220545589923859e-03,-3.510312177240848541e-03,6.350097656250000000e-01,7.724853754043579102e-01,0.000000000000000000e+00,0.000000000000000000e+00,1.226880960166454315e-02,-1.238115191459655762e+00,-1.164193381555378437e-03,-1.971993362531065941e-03,1.016538403928279877e-02,1.231290221214294434e+00,-1.129980315454304218e-03,6.717533105984330177e-04,1.267813378944993019e-03,-5.265825986862182617e-02,-7.779615372419357300e-02,2.779104281216859818e-03,-6.122671780109303213e-18,5.779289454221725464e-02,7.033833861351013184e-02,-6.115034967660903931e-02,6.065487489104270935e-02,-5.902043078094720840e-03,-6.145224032329948960e-19,6.549058854579925537e-02,-5.796447768807411194e-02
-2.103140018880367279e-02,-7.610704004764556885e-02,7.197347879409790039e-01,4.074220545589923859e-03,-3.510312177240848541e-03,6.350097656250000000e-01,7.724853754043579102e-01,0.000000000000000000e+00,0.000000000000000000e+00,1.226880960166454315e-02,-1.238115191459655762e+00,-1.164193381555378437e-03,-1.971993362531065941e-03,1.016538310796022415e-02,1.231290221214294434e+00,-1.129980315454304218e-03,6.717533105984330177e-04,1.267813378944993019e-03,-5.265825986862182617e-02,-7.779615372419357300e-02,2.779104281216859818e-03,6.270902545878805773e-18,5.779289454221725464e-02,7.033833861351013184e-02,-6.115034967660903931e-02,6.065487489104270935e-02,-5.902043078094720840e-03,1.440591285042751302e-18,6.549058854579925537e-02,-5.796447768807411194e-02
-2.103140018880367279e-02,-7.610704004764556885e-02,7.197347879409790039e-01,4.074220545589923859e-03,-3.510312177240848541e-03,6.350097656250000000e-01,7.724853754043579102e-01,0.000000000000000000e+00,0.000000000000000000e+00,1.226880960166454315e-02,-1.238115191459655762e+00,-1.164193381555378437e-03,-1.971993362531065941e-03,1.016538403928279877e-02,1.231290221214294434e+00,-1.129980315454304218e-03,6.717533105984330177e-04,1.267813378944993019e-03,-5.265825986862182617e-02,-7.779615372419357300e-02,2.779104281216859818e-03,2.049607974118593245e-18,5.779289454221725464e-02,7.033833861351013184e-02,-6.115034967660903931e-02,6.065487489104270935e-02,-5.902043078094720840e-03,-1.956010833446993058e-18,6.549058854579925537e-02,-5.796447768807411194e-02
-2.103140018880367279e-02,-7.610704004764556885e-02,7.197347879409790039e-01,4.074220545589923859e-03,-3.510312177240848541e-03,6.350097656250000000e-01,7.724853754043579102e-01,0.000000000000000000e+00,0.000000000000000000e+00,1.226880960166454315e-02,-1.238115191459655762e+00,-1.164193381555378437e-03,-1.971993362531065941e-03,1.016538310796022415e-02,1.231290221214294434e+00,-1.129980315454304218e-03,6.717533688060939312e-04,1.267813378944993019e-03,-5.265825986862182617e-02,-7.779615372419357300e-02,2.779104281216859818e-03,7.731293226063626345e-19,5.779289454221725464e-02,7.033833861351013184e-02,-6.115034967660903931e-02,6.065487489104270935e-02,-5.902043078094720840e-03,-3.249218385667496101e-18,6.549058854579925537e-02,-5.796447768807411194e-02
-2.103140018880367279e-02,-7.610704004764556885e-02,7.197347879409790039e-01,4.074220545589923859e-03,-3.510312177240848541e-03,6.350097656250000000e-01,7.724853754043579102e-01,0.000000000000000000e+00,0.000000000000000000e+00,1.226880960166454315e-02,-1.238115191459655762e+00,-1.164193381555378437e-03,-1.971993362531065941e-03,1.016538403928279877e-02,1.231290221214294434e+00,-1.129980315454304218e-03,6.717533105984330177e-04,1.267813378944993019e-03,-5.265825986862182617e-02,-7.779615372419357300e-02,2.779104281216859818e-03,1.396122055311900534e-18,5.779289454221725464e-02,7.033833861351013184e-02,-6.115034967660903931e-02,6.065487489104270935e-02,-5.902043078094720840e-03,-6.480649079442651894e-18,6.549058854579925537e-02,-5.796447768807411194e-02
-2.103140018880367279e-02,-7.610704004764556885e-02,7.197347879409790039e-01,4.074221011251211166e-03,-3.510312642902135849e-03,6.350097656250000000e-01,7.724853754043579102e-01,0.000000000000000000e+00,0.000000000000000000e+00,1.226881053298711777e-02,-1.238115191459655762e+00,-1.164193148724734783e-03,-1.971993129700422287e-03,1.016538403928279877e-02,1.231290221214294434e+00,-1.129980315454304218e-03,6.717530195601284504e-04,1.267813611775636673e-03,-5.265825241804122925e-02,-7.779615372419357300e-02,2.779103349894285202e-03,-5.355048171660093531e-18,5.779288709163665771e-02,7.033833116292953491e-02,-6.115033850073814392e-02,6.065487489104270935e-02,-5.902042612433433533e-03,-3.880469689608763428e-18,6.549058109521865845e-02,-5.796447768807411194e-02
