3.492072457447648048e-03,-6.099431775510311127e-03,7.553195357322692871e-01,-1.687065698206424713e-02,1.069032680243253708e-02,9.396252632141113281e-01,3.416218459606170654e-01,-8.854761719703674316e-03,-2.576024644076824188e-02,2.645756863057613373e-02,1.663651615381240845e-01,-2.044674456119537354e-01,2.088484168052673340e-02,-5.736457183957099915e-02,-2.237159758806228638e-03,2.326142042875289917e-02,2.278600484132766724e-01,-2.164561450481414795e-01,-1.775371027179062366e-03,2.308153361082077026e-02,-6.225528195500373840e-03,-7.352970540523529053e-02,1.319784671068191528e-01,2.938700318336486816e-01,-1.448325230740010738e-03,1.411477446556091309e+00,1.062779966741800308e-02,9.887776523828506470e-02,5.247952416539192200e-02,1.206766366958618164e-01,-3.024542033672332764e-01,2.907186048105359077e-03,1.428094625473022461e+00,-6.532520521432161331e-03,9.571667760610580444e-02,-4.959160834550857544e-02
4.024317488074302673e-03,-6.571547593921422958e-03,7.533808350563049316e-01,-1.582977920770645142e-02,1.151301898062229156e-02,9.430153369903564453e-01,3.321730196475982666e-01,-5.783803761005401611e-02,-3.234100341796875000e-02,8.736317045986652374e-03,2.655788362026214600e-01,-2.524172067642211914e-01,2.221318893134593964e-02,-8.657795935869216919e-02,-9.961047209799289703e-03,4.584423732012510300e-03,3.005838990211486816e-01,-2.583858966827392578e-01,-4.850958066526800394e-04,2.993757370859384537e-03,-8.051142096519470215e-03,-6.877144426107406616e-02,7.030294090509414673e-02,3.050346672534942627e-01,-7.591668516397476196e-03,1.532526969909667969e+00,4.744798061437904835e-04,1.574587263166904449e-02,3.538440912961959839e-02,6.805988401174545288e-02,-3.134505748748779297e-01,5.403811577707529068e-03,1.536150455474853516e+00,-4.052131553180515766e-04,1.438721735030412674e-02,-3.413657471537590027e-02
2.589037641882896423e-03,-5.393322091549634933e-03,7.535068988800048828e-01,-2.842832542955875397e-02,1.396297663450241089e-02,9.431087374687194824e-01,3.309724330902099609e-01,-7.321860641241073608e-02,-2.843698859214782715e-02,5.265997722744941711e-03,2.505832314491271973e-01,-2.513964474201202393e-01,2.138684131205081940e-02,-9.269432723522186279e-02,-6.232264451682567596e-03,1.356856897473335266e-03,2.671953737735748291e-01,-2.482936531305313110e-01,-1.148690120317041874e-03,1.012344000628218055e-04,-5.831213202327489853e-03,-8.050750195980072021e-02,3.282309323549270630e-02,3.385767638683319092e-01,-3.977662883698940277e-03,1.561027884483337402e+00,-1.067052216967567801e-04,4.495246335864067078e-03,1.068486832082271576e-02,3.214958682656288147e-02,-3.423291742801666260e-01,3.032992826774716377e-03,1.561968922615051270e+00,-1.309900562773691490e-05,4.090935457497835159e-03,-1.018911786377429962e-02
4.313171841204166412e-03,-6.853154394775629044e-03,7.523216605186462402e-01,-2.140692435204982758e-02,1.165203470736742020e-02,9.432739019393920898e-01,3.311197459697723389e-01,-9.556795656681060791e-02,-2.876597829163074493e-02,6.666846573352813721e-03,3.178499937057495117e-01,-2.771642506122589111e-01,2.169882878661155701e-02,-1.105478405952453613e-01,-6.577967666089534760e-03,1.734008081257343292e-03,3.249624371528625488e-01,-2.692077159881591797e-01,-1.032730564475059509e-03,4.660904814954847097e-04,-4.957329947501420975e-03,-7.591234892606735229e-02,5.264449492096900940e-02,3.065141439437866211e-01,-6.423142738640308380e-03,1.562307834625244141e+00,-3.908717480953782797e-04,-4.963126964867115021e-03,3.168774023652076721e-02,5.116701126098632812e-02,-3.143967092037200928e-01,5.416515283286571503e-03,1.563550114631652832e+00,3.037962305825203657e-04,-4.731012973934412003e-03,-3.060073591768741608e-02
2.736394526436924934e-03,-5.515789147466421127e-03,7.530298233032226562e-01,-3.224900737404823303e-02,1.420323271304368973e-02,9.430177807807922363e-01,3.308711051940917969e-01,-9.459853917360305786e-02,-2.596627734601497650e-02,5.000812001526355743e-03,2.772237956523895264e-01,-2.638210058212280273e-01,2.098005264997482300e-02,-1.071604192256927490e-01,-3.821657737717032433e-03,7.099463837221264839e-04,2.790170311927795410e-01,-2.528612017631530762e-01,-1.576713169924914837e-03,-1.329605438513681293e-04,-3.757073776796460152e-03,-8.651209622621536255e-02,2.818154543638229370e-02,3.385280072689056396e-01,-3.518633311614394188e-03,1.567994117736816406e+00,-1.735293189994990826e-04,-5.423148395493626595e-04,1.037944573909044266e-02,2.753338776528835297e-02,-3.424289524555206299e-01,3.045267192646861076e-03,1.568461656570434570e+00,9.809141192818060517e-05,-5.353512824513018131e-04,-9.901712648570537567e-03
2.683499362319707870e-03,-5.460473708808422089e-03,7.535247206687927246e-01,-3.424101695418357849e-02,1.450481824576854706e-02,9.429320096969604492e-01,3.309024274349212646e-01,-9.097141027450561523e-02,-2.505653351545333862e-02,4.709413740783929825e-03,2.601036429405212402e-01,-2.545250058174133301e-01,2.077525854110717773e-02,-1.021439284086227417e-01,-2.893958706408739090e-03,5.738952895626425743e-04,2.587289512157440186e-01,-2.417534440755844116e-01,-1.759596052579581738e-03,-6.224202661542221904e-05,-3.156266408041119576e-03,-8.861224353313446045e-02,2.412213198840618134e-02,3.401897251605987549e-01,-2.855387516319751740e-03,1.570457458496093750e+00,-1.944784708030056208e-05,-3.898263385053724051e-04,7.181518245488405228e-03,2.352311462163925171e-02,-3.435580134391784668e-01,2.527054399251937866e-03,1.570780873298645020e+00,-3.115907747996971011e-05,-3.406902833376079798e-04,-6.945511326193809509e-03
4.324741195887327194e-03,-6.878521759063005447e-03,7.522951364517211914e-01,-2.435624413192272186e-02,1.161024440079927444e-02,9.431936740875244141e-01,3.311459720134735107e-01,-1.053008660674095154e-01,-2.634845301508903503e-02,6.326768081635236740e-03,3.248772919178009033e-01,-2.799618244171142578e-01,2.130424976348876953e-02,-1.151609271764755249e-01,-4.187757615000009537e-03,1.244022976607084274e-03,3.208639025688171387e-01,-2.660421133041381836e-01,-1.433449331670999527e-03,6.079144659452140331e-04,-2.938048448413610458e-03,-8.130215108394622803e-02,5.170908570289611816e-02,3.065000772476196289e-01,-6.334612146019935608e-03,1.564084887504577637e+00,-3.589554689824581146e-04,-6.128504406660795212e-03,3.149973228573799133e-02,5.024098977446556091e-02,-3.145338892936706543e-01,5.401273723691701889e-03,1.565243601799011230e+00,3.048177168238908052e-04,-5.807756446301937103e-03,-3.036146610975265503e-02
2.747901482507586479e-03,-5.525865592062473297e-03,7.530053853988647461e-01,-3.374456986784934998e-02,1.417238544672727585e-02,9.429502487182617188e-01,3.309157788753509521e-01,-9.978556632995605469e-02,-2.468795701861381531e-02,4.902864806354045868e-03,2.813630998134613037e-01,-2.655594348907470703e-01,2.075988426804542542e-02,-1.096322163939476013e-01,-2.554335398599505424e-03,5.364856915548443794e-04,2.771641910076141357e-01,-2.513232231140136719e-01,-1.800259458832442760e-03,2.917202436947263777e-05,-2.653355011716485023e-03,-8.940526098012924194e-02,2.815368771553039551e-02,3.384117782115936279e-01,-3.559089265763759613e-03,1.568395853042602539e+00,-1.703232992440462112e-04,-8.487689774483442307e-04,1.037173066288232803e-02,2.750150300562381744e-02,-3.425304591655731201e-01,3.108300734311342239e-03,1.568845868110656738e+00,1.017696122289635241e-04,-8.226889185607433319e-04,-9.876861236989498138e-03
2.689101733267307281e-03,-5.465275142341852188e-03,7.535079121589660645e-01,-3.501288220286369324e-02,1.448956783860921860e-02,9.428947567939758301e-01,3.309284746646881104e-01,-9.376890957355499268e-02,-2.439520880579948425e-02,4.672165960073471069e-03,2.625007033348083496e-01,-2.555624842643737793e-01,2.066133543848991394e-02,-1.034722924232482910e-01,-2.238377928733825684e-03,4.962617531418800354e-04,2.578825056552886963e-01,-2.410151213407516479e-01,-1.875307876616716385e-03,3.485652632662095129e-05,-2.578280633315443993e-03,-9.015177935361862183e-02,2.422598190605640411e-02,3.401115238666534424e-01,-2.895778743550181389e-03,1.570532798767089844e+00,-2.199051414208952338e-05,-4.676300159189850092e-04,7.191871758550405502e-03,2.362715639173984528e-02,-3.436191082000732422e-01,2.566197421401739120e-03,1.570853114128112793e+00,-2.679517092474270612e-05,-4.147341824136674404e-04,-6.941809318959712982e-03
4.325466230511665344e-03,-6.882016081362962723e-03,7.522799968719482422e-01,-2.480607852339744568e-02,1.156685501337051392e-02,9.431788921356201172e-01,3.311563134193420410e-01,-1.069821566343307495e-01,-2.589416876435279846e-02,6.270836573094129562e-03,3.264441192150115967e-01,-2.806592285633087158e-01,2.123031020164489746e-02,-1.159121617674827576e-01,-3.738122293725609779e-03,1.161082880571484566e-03,3.204016685485839844e-01,-2.656478285789489746e-01,-1.508821616880595684e-03,6.520270835608243942e-04,-2.553895814344286919e-03,-8.215650916099548340e-02,5.177905783057212830e-02,3.064727485179901123e-01,-6.352050229907035828e-03,1.564073920249938965e+00,-3.626334655564278364e-04,-6.150826346129179001e-03,3.151712194085121155e-02,5.031288042664527893e-02,-3.145573139190673828e-01,5.411846097558736801e-03,1.565231800079345703e+00,3.086687647737562656e-04,-5.829689092934131622e-03,-3.035741485655307770e-02
2.749847481027245522e-03,-5.527562927454710007e-03,7.529972791671752930e-01,-3.398463502526283264e-02,1.415323931723833084e-02,9.429385066032409668e-01,3.309254646301269531e-01,-1.007047593593597412e-01,-2.444959618151187897e-02,4.886311944574117661e-03,2.822387218475341797e-01,-2.659523785114288330e-01,2.071897312998771667e-02,-1.100552827119827271e-01,-2.317993436008691788e-03,5.058778333477675915e-04,2.769428193569183350e-01,-2.511151731014251709e-01,-1.841938588768243790e-03,6.371615745592862368e-05,-2.446383703500032425e-03,-8.988062292337417603e-02,2.820730395615100861e-02,3.383851647377014160e-01,-3.573079127818346024e-03,1.568389654159545898e+00,-1.716109109111130238e-04,-8.534082444384694099e-04,1.037736888974905014e-02,2.755519002676010132e-02,-3.425497412681579590e-01,3.121023066341876984e-03,1.568839311599731445e+00,1.029659906635060906e-04,-8.272248087450861931e-04,-9.877167642116546631e-03
2.690178109332919121e-03,-5.466183181852102280e-03,7.535034418106079102e-01,-3.514187410473823547e-02,1.448176056146621704e-02,9.428882002830505371e-01,3.309337198734283447e-01,-9.427379816770553589e-02,-2.427238412201404572e-02,4.665789660066366196e-03,2.629903256893157959e-01,-2.557835280895233154e-01,2.064022421836853027e-02,-1.037077829241752625e-01,-2.116629621013998985e-03,4.822560003958642483e-04,2.577767670154571533e-01,-2.409098893404006958e-01,-1.896806643344461918e-03,5.398897701525129378e-05,-2.470684936270117760e-03,-9.041061252355575562e-02,2.425754815340042114e-02,3.400961160659790039e-01,-2.904466819018125534e-03,1.570527672767639160e+00,-2.282016430399380624e-05,-4.691407375503331423e-04,7.194755598902702332e-03,2.365908399224281311e-02,-3.436307907104492188e-01,2.573223551735281944e-03,1.570847868919372559e+00,-2.597886123112402856e-05,-4.162497061770409346e-04,-6.941656582057476044e-03
4.325682297348976135e-03,-6.882716901600360870e-03,7.522764205932617188e-01,-2.488387376070022583e-02,1.155695784837007523e-02,9.431762099266052246e-01,3.311583101749420166e-01,-1.072899475693702698e-01,-2.581015229225158691e-02,6.260667461901903152e-03,3.267554640769958496e-01,-2.808013260364532471e-01,2.121664956212043762e-02,-1.160490587353706360e-01,-3.654969856142997742e-03,1.145829446613788605e-03,3.203400671482086182e-01,-2.655892074108123779e-01,-1.522771897725760937e-03,6.603985675610601902e-04,-2.482831245288252831e-03,-8.230296522378921509e-02,5.179316550493240356e-02,3.064675629138946533e-01,-6.355317309498786926e-03,1.564068436622619629e+00,-3.633357700891792774e-04,-6.152354646474123001e-03,3.152062743902206421e-02,5.032740533351898193e-02,-3.145616948604583740e-01,5.413589999079704285e-03,1.565226197242736816e+00,3.093165287282317877e-04,-5.831254180520772934e-03,-3.035686723887920380e-02
2.750249346718192101e-03,-5.527907051146030426e-03,7.529955506324768066e-01,-3.402705118060112000e-02,1.414903253316879272e-02,9.429364204406738281e-01,3.309272825717926025e-01,-1.008743196725845337e-01,-2.440555952489376068e-02,4.883339628577232361e-03,2.824099361896514893e-01,-2.660305202007293701e-01,2.071142382919788361e-02,-1.101335883140563965e-01,-2.274336991831660271e-03,5.002506077289581299e-04,2.769122123718261719e-01,-2.510827183723449707e-01,-1.849641557782888412e-03,7.016724703134968877e-05,-2.408143598586320877e-03,-8.996408432722091675e-02,2.821714431047439575e-02,3.383801579475402832e-01,-3.575548063963651657e-03,1.568387746810913086e+00,-1.718441635603085160e-04,-8.536370005458593369e-04,1.037852186709642410e-02,2.756506577134132385e-02,-3.425532579421997070e-01,3.123180707916617393e-03,1.568837404251098633e+00,1.031633655657060444e-04,-8.274555439129471779e-04,-9.877313859760761261e-03
2.848081989213824272e-03,-5.611022002995014191e-03,7.534716129302978516e-01,-3.344360738992691040e-02,1.541341189295053482e-02,9.433318972587585449e-01,3.298013210296630859e-01,-8.930014818906784058e-02,-2.091043069958686829e-02,1.885598152875900269e-02,2.627848684787750244e-01,-2.650297284126281738e-01,2.164999954402446747e-02,-1.041449084877967834e-01,-6.579625885933637619e-03,6.268780562095344067e-04,2.601954936981201172e-01,-2.412430793046951294e-01,8.540905080735683441e-03,-2.457107417285442352e-03,-2.843918045982718468e-03,-8.027000725269317627e-02,3.359685093164443970e-02,3.428109884262084961e-01,-2.548854611814022064e-02,1.471359014511108398e+00,-1.502287574112415314e-02,-2.272041887044906616e-02,1.246445346623659134e-02,2.063338644802570343e-02,-3.495045602321624756e-01,3.215029090642929077e-02,1.480051636695861816e+00,1.226084213703870773e-02,-1.070520188659429550e-02,-5.152356345206499100e-03
4.540445283055305481e-03,-7.052698172628879547e-03,7.521800398826599121e-01,-1.887576095759868622e-02,1.325536798685789108e-02,9.437806010246276855e-01,3.297667801380157471e-01,-8.954130113124847412e-02,-1.865674555301666260e-02,3.673635050654411316e-02,3.236716985702514648e-01,-2.993800938129425049e-01,2.368484064936637878e-02,-1.118492782115936279e-01,-1.390374638140201569e-02,3.663206938654184341e-03,3.269979655742645264e-01,-2.681654393672943115e-01,1.951027475297451019e-02,-4.907654598355293274e-03,-4.585821647197008133e-03,-6.066025421023368835e-02,8.429847657680511475e-02,3.128770887851715088e-01,-5.271961167454719543e-02,1.350862622261047363e+00,-2.875747345387935638e-02,-4.483664035797119141e-02,4.122867435216903687e-02,5.501588433980941772e-02,-3.280224502086639404e-01,6.926438212394714355e-02,1.370541810989379883e+00,2.447247505187988281e-02,-1.885934360325336456e-02,-2.546429820358753204e-02
2.990459790453314781e-03,-5.839677993208169937e-03,7.528622150421142578e-01,-2.550285682082176208e-02,1.614277809858322144e-02,9.442552328109741211e-01,3.278277218341827393e-01,-7.544240355491638184e-02,-1.482383068650960922e-02,4.814197123050689697e-02,2.784448564052581787e-01,-2.939297556877136230e-01,2.328916452825069427e-02,-1.037875264883041382e-01,-1.652851700782775879e-02,1.895405352115631104e-03,2.861832082271575928e-01,-2.546621263027191162e-01,2.983731962740421295e-02,-8.966804482042789459e-03,-4.054685123264789581e-03,-5.579099431633949280e-02,7.479838281869888306e-02,3.473602235317230225e-01,-7.019533216953277588e-02,1.243183255195617676e+00,-4.723592102527618408e-02,-5.595925822854042053e-02,2.461431361734867096e-02,3.294897824525833130e-02,-3.627685904502868652e-01,9.603489190340042114e-02,1.271780252456665039e+00,4.105243831872940063e-02,-1.757708378136157990e-02,-2.201827708631753922e-03
2.959925914183259010e-03,-5.869819782674312592e-03,7.533489465713500977e-01,-2.350131422281265259e-02,1.690868660807609558e-02,9.446507096290588379e-01,3.267978429794311523e-01,-5.878541991114616394e-02,-1.190076861530542374e-02,6.245911121368408203e-02,2.563627064228057861e-01,-2.925151586532592773e-01,2.367150411009788513e-02,-9.392642229795455933e-02,-2.090836316347122192e-02,2.119882265105843544e-03,2.692595422267913818e-01,-2.453759908676147461e-01,4.035617411136627197e-02,-1.241230033338069916e-02,-4.371874034404754639e-03,-4.413072392344474792e-02,8.873875439167022705e-02,3.527172207832336426e-01,-9.066727757453918457e-02,1.130424499511718750e+00,-6.465848535299301147e-02,-7.047628611326217651e-02,2.397416718304157257e-02,3.273908048868179321e-02,-3.720997869968414307e-01,1.265070140361785889e-01,1.168802857398986816e+00,5.686179548501968384e-02,-1.862922683358192444e-02,5.179028026759624481e-03
2.940085716545581818e-03,-5.929589271545410156e-03,7.535471916198730469e-01,-1.988910883665084839e-02,1.726975664496421814e-02,9.450684785842895508e-01,3.258093595504760742e-01,-4.276752471923828125e-02,-9.307207539677619934e-03,7.702811062335968018e-02,2.437346130609512329e-01,-2.963925600051879883e-01,2.391794323921203613e-02,-8.507549762725830078e-02,-2.565009891986846924e-02,2.492849016562104225e-03,2.625650763511657715e-01,-2.418114691972732544e-01,5.096573382616043091e-02,-1.590007543563842773e-02,-4.958287812769412994e-03,-3.134973347187042236e-02,1.063895672559738159e-01,3.568506538867950439e-01,-1.116141527891159058e-01,1.015757083892822266e+00,-8.109045773744583130e-02,-8.554629236459732056e-02,2.541457861661911011e-02,3.620204702019691467e-02,-3.809609413146972656e-01,1.575917154550552368e-01,1.064139962196350098e+00,7.228575646877288818e-02,-2.003089152276515961e-02,1.025078631937503815e-02
2.923356834799051285e-03,-6.003397982567548752e-03,7.536179423332214355e-01,-1.589139737188816071e-02,1.754185743629932404e-02,9.454868435859680176e-01,3.247989714145660400e-01,-2.782630920410156250e-02,-6.839289329946041107e-03,9.163839370012283325e-02,2.353751808404922485e-01,-3.025878369808197021e-01,2.397072315216064453e-02,-7.749062031507492065e-02,-3.051847219467163086e-02,2.849020063877105713e-03,2.605530619621276855e-01,-2.407885491847991943e-01,6.160332262516021729e-02,-1.948576420545578003e-02,-5.704750772565603256e-03,-1.821312122046947479e-02,1.243618950247764587e-01,3.610415458679199219e-01,-1.323290616273880005e-01,9.005330801010131836e-01,-9.732744842767715454e-02,-1.005721911787986755e-01,2.626710198819637299e-02,4.009627178311347961e-02,-3.902484178543090820e-01,1.884950399398803711e-01,9.589651823043823242e-01,8.785543590784072876e-02,-2.124771289527416229e-02,1.550902612507343292e-02
2.908694790676236153e-03,-6.089799106121063232e-03,7.536278367042541504e-01,-1.186255179345607758e-02,1.782198250293731689e-02,9.458956122398376465e-01,3.237640559673309326e-01,-1.375280879437923431e-02,-4.460475407540798187e-03,1.062643378973007202e-01,2.290204465389251709e-01,-3.098014891147613525e-01,2.382586896419525146e-02,-7.087038457393646240e-02,-3.545348346233367920e-02,3.175692865625023842e-03,2.607533931732177734e-01,-2.408902943134307861e-01,7.225625216960906982e-02,-2.315890975296497345e-02,-6.570395547896623611e-03,-5.135740619152784348e-03,1.419848352670669556e-01,3.653439581394195557e-01,-1.526772677898406982e-01,7.851507067680358887e-01,-1.136120185256004333e-01,-1.155119761824607849e-01,2.619037777185440063e-02,4.375255852937698364e-02,-3.999774158000946045e-01,2.190604358911514282e-01,8.536416292190551758e-01,1.036942601203918457e-01,-2.224684134125709534e-02,2.123037539422512054e-02
2.892935881391167641e-03,-6.186920218169689178e-03,7.536064386367797852e-01,-7.899816147983074188e-03,1.813496463000774384e-02,9.462926387786865234e-01,3.227057158946990967e-01,-2.815180632751435041e-04,-2.169416984543204308e-03,1.208986416459083557e-01,2.236168235540390015e-01,-3.174546957015991211e-01,2.348653040826320648e-02,-6.490577012300491333e-02,-4.043567180633544922e-02,3.470693482086062431e-03,2.620185613632202148e-01,-2.414865195751190186e-01,8.292128890752792358e-02,-2.691150456666946411e-02,-7.536223623901605606e-03,7.732524536550045013e-03,1.591326296329498291e-01,3.696905076503753662e-01,-1.726241707801818848e-01,6.697146296501159668e-01,-1.300813406705856323e-01,-1.303494274616241455e-01,2.514699101448059082e-02,4.702641814947128296e-02,-4.100933372974395752e-01,2.492353171110153198e-01,7.482673525810241699e-01,1.198637485504150391e-01,-2.302752621471881866e-02,2.741819247603416443e-02
2.873880555853247643e-03,-6.293774116784334183e-03,7.535675168037414551e-01,-4.019055049866437912e-03,1.848258450627326965e-02,9.466782808303833008e-01,3.216247856616973877e-01,1.279219239950180054e-02,2.819022301991935819e-05,1.355372965335845947e-01,2.186548858880996704e-01,-3.252779543399810791e-01,2.295685559511184692e-02,-5.937292054295539856e-02,-4.545790702104568481e-02,3.732869634404778481e-03,2.638010680675506592e-01,-2.422883808612823486e-01,9.359764307737350464e-02,-3.073881007730960846e-02,-8.592923171818256378e-03,2.036468125879764557e-02,1.757908761501312256e-01,3.739996254444122314e-01,-1.921556293964385986e-01,5.542495846748352051e-01,-1.468517333269119263e-01,-1.450530737638473511e-01,2.314852736890316010e-02,4.988114163279533386e-02,-4.205333292484283447e-01,2.789849638938903809e-01,6.428666114807128906e-01,1.364132016897201538e-01,-2.357814833521842957e-02,3.403589874505996704e-02
2.850287593901157379e-03,-6.410102359950542450e-03,7.535180449485778809e-01,-2.132307854481041431e-04,1.886044442653656006e-02,9.470533728599548340e-01,3.205216228961944580e-01,2.560550719499588013e-02,2.126676263287663460e-03,1.501772105693817139e-01,2.138815820217132568e-01,-3.331409990787506104e-01,2.224104478955268860e-02,-5.412646755576133728e-02,-5.051700770854949951e-02,3.961654845625162125e-03,2.658352553844451904e-01,-2.431609034538269043e-01,1.042852550745010376e-01,-3.463752195239067078e-02,-9.735094383358955383e-03,3.277525305747985840e-02,1.919696331024169922e-01,3.781886994838714600e-01,-2.112656086683273315e-01,4.387603700160980225e-01,-1.640311926603317261e-01,-1.595854312181472778e-01,2.022214420139789581e-02,5.230449512600898743e-02,-4.312303364276885986e-01,3.082795143127441406e-01,5.374457240104675293e-01,1.533857733011245728e-01,-2.388299256563186646e-02,4.103631526231765747e-02
2.821536036208271980e-03,-6.536073517054319382e-03,7.534614205360412598e-01,3.528604982420802116e-03,1.926407963037490845e-02,9.474187493324279785e-01,3.193964958190917969e-01,3.824404999613761902e-02,4.119937308132648468e-03,1.648157387971878052e-01,2.091693729162216187e-01,-3.409790396690368652e-01,2.134393341839313507e-02,-4.907663911581039429e-02,-5.561221390962600708e-02,4.157288931310176849e-03,2.679902911186218262e-01,-2.440397441387176514e-01,1.149841845035552979e-01,-3.860485926270484924e-02,-1.096003875136375427e-02,4.498650506138801575e-02,2.076875567436218262e-01,3.821759521961212158e-01,-2.299549132585525513e-01,3.232477307319641113e-01,-1.817201972007751465e-01,-1.739090383052825928e-01,1.640530116856098175e-02,5.429375916719436646e-02,-4.421144127845764160e-01,3.370926976203918457e-01,4.320068955421447754e-01,1.708189249038696289e-01,-2.392751537263393402e-02,4.836626723408699036e-02
2.787338336929678917e-03,-6.672087125480175018e-03,7.533996701240539551e-01,7.215750869363546371e-03,1.969021931290626526e-02,9.477750062942504883e-01,3.182495832443237305e-01,5.075865611433982849e-02,6.002631969749927521e-03,1.794502437114715576e-01,2.044539451599121094e-01,-3.487590253353118896e-01,2.027034386992454529e-02,-4.417025670409202576e-02,-6.074417755007743835e-02,4.320610780268907547e-03,2.702018022537231445e-01,-2.448938786983489990e-01,1.256948858499526978e-01,-4.263819381594657898e-02,-1.226637139916419983e-02,5.701760575175285339e-02,2.229692935943603516e-01,3.858819901943206787e-01,-2.482315897941589355e-01,2.077116966247558594e-01,-2.000105828046798706e-01,-1.879892349243164062e-01,1.174438744783401489e-02,5.585383623838424683e-02,-4.531132280826568604e-01,3.654022812843322754e-01,3.265520334243774414e-01,1.887442916631698608e-01,-2.370051294565200806e-02,5.596795305609703064e-02
2.747610909864306450e-03,-6.818662863224744797e-03,7.533340454101562500e-01,1.085486821830272675e-02,2.013680897653102875e-02,9.481226205825805664e-01,3.170806765556335449e-01,6.317752599716186523e-02,7.769626565277576447e-03,1.940780431032180786e-01,1.997036039829254150e-01,-3.564635217189788818e-01,1.902573183178901672e-02,-3.937666490674018860e-02,-6.591390073299407959e-02,4.453005269169807434e-03,2.724387347698211670e-01,-2.457084953784942627e-01,1.364176869392395020e-01,-4.673477634787559509e-02,-1.365342922508716583e-02,6.888281553983688354e-02,2.378449738025665283e-01,3.892308473587036133e-01,-2.661109566688537598e-01,9.215237945318222046e-02,-2.189839780330657959e-01,-2.017951309680938721e-01,6.293883081525564194e-03,5.699726566672325134e-02,-4.641535878181457520e-01,3.931904733180999756e-01,2.210831791162490845e-01,2.071874886751174927e-01,-2.319505810737609863e-02,6.377979367971420288e-02
2.702371450141072273e-03,-6.976379547268152237e-03,7.532655000686645508e-01,1.445033680647611618e-02,2.060264907777309418e-02,9.484621286392211914e-01,3.158897161483764648e-01,7.551493495702743530e-02,9.416966699063777924e-03,2.086962312459945679e-01,1.949039548635482788e-01,-3.640830814838409424e-01,1.761529408395290375e-02,-3.467920050024986267e-02,-7.112264633178710938e-02,4.556212108582258224e-03,2.746873199939727783e-01,-2.464768737554550171e-01,1.471531540155410767e-01,-5.089179426431655884e-02,-1.512082479894161224e-02,8.059247583150863647e-02,2.523497641086578369e-01,3.921510279178619385e-01,-2.836156785488128662e-01,-2.342955023050308228e-02,-2.387106567621231079e-01,-2.153004854917526245e-01,1.154562778538092971e-04,5.774414911866188049e-02,-4.751622676849365234e-01,4.204441308975219727e-01,1.156025305390357971e-01,2.261676639318466187e-01,-2.240899764001369476e-02,7.173730432987213135e-02
2.651769900694489479e-03,-7.145855575799942017e-03,7.531945109367370605e-01,1.800500415265560150e-02,2.108767628669738770e-02,9.487938284873962402e-01,3.146765828132629395e-01,8.777655661106109619e-02,1.093932706862688065e-02,2.233020514249801636e-01,1.900496631860733032e-01,-3.716123402118682861e-01,1.604522950947284698e-02,-3.006931208074092865e-02,-7.637255638837814331e-02,4.632510244846343994e-03,2.769410312175750732e-01,-2.471948564052581787e-01,1.579016447067260742e-01,-5.510617047548294067e-02,-1.666937954723834991e-02,9.215435385704040527e-02,2.665234208106994629e-01,3.945765197277069092e-01,-3.007756173610687256e-01,-1.390337795019149780e-01,-2.592481374740600586e-01,-2.284843027591705322e-01,-6.723076105117797852e-03,5.812194198369979858e-02,-4.860674142837524414e-01,4.471549689769744873e-01,1.011178549379110336e-02,2.456974089145660400e-01,-2.134521678090095520e-02,7.977396994829177856e-02
2.595939906314015388e-03,-7.327717728912830353e-03,7.531216740608215332e-01,2.152035385370254517e-02,2.159158512949943542e-02,9.491180777549743652e-01,3.134414553642272949e-01,9.996284544467926025e-02,1.233394350856542587e-02,2.378922253847122192e-01,1.851400882005691528e-01,-3.790477812290191650e-01,1.432116609066724777e-02,-2.554374001920223236e-02,-8.166444301605224609e-02,4.684073850512504578e-03,2.791990935802459717e-01,-2.478613257408142090e-01,1.686636507511138916e-01,-5.937478318810462952e-02,-1.829919964075088501e-02,1.035752967000007629e-01,2.804092168807983398e-01,3.964477181434631348e-01,-3.176277875900268555e-01,-2.546592652797698975e-01,-2.806404829025268555e-01,-2.413313537836074829e-01,-1.414898969233036041e-02,5.816485360264778137e-02,-4.967994093894958496e-01,4.733194708824157715e-01,-9.538709372282028198e-02,2.657824754714965820e-01,-2.001195028424263000e-02,8.782230317592620850e-02
2.545543015003204346e-03,-7.499909028410911560e-03,7.532562613487243652e-01,2.302560396492481232e-02,2.126876451075077057e-02,9.484289288520812988e-01,3.154362440109252930e-01,1.065186560153961182e-01,1.135405339300632477e-02,2.408480942249298096e-01,1.801748275756835938e-01,-3.757682442665100098e-01,1.533545367419719696e-02,-2.176559157669544220e-02,-8.186508715152740479e-02,6.799750495702028275e-03,2.770548760890960693e-01,-2.459758669137954712e-01,1.725738048553466797e-01,-6.006457284092903137e-02,-1.863287761807441711e-02,1.077732816338539124e-01,2.935549616813659668e-01,3.981539905071258545e-01,-3.139204978942871094e-01,-2.741049826145172119e-01,-2.815856635570526123e-01,-2.329751551151275635e-01,-1.027968339622020721e-02,6.285981088876724243e-02,-5.040565133094787598e-01,4.745216667652130127e-01,-1.123196855187416077e-01,2.696554660797119141e-01,-8.309735916554927826e-03,8.514635264873504639e-02
2.610170748084783554e-03,-7.697755470871925354e-03,7.533020973205566406e-01,2.401511743664741516e-02,2.127395570278167725e-02,9.479383826255798340e-01,3.168336749076843262e-01,1.113070696592330933e-01,1.012470945715904236e-02,2.433497607707977295e-01,1.750476062297821045e-01,-3.724353015422821045e-01,1.442199293524026871e-02,-1.878198049962520599e-02,-8.254552632570266724e-02,7.798811420798301697e-03,2.735553979873657227e-01,-2.445320039987564087e-01,1.741307228803634644e-01,-6.057716533541679382e-02,-1.827564463019371033e-02,1.087850257754325867e-01,2.977009117603302002e-01,3.998099267482757568e-01,-3.139185309410095215e-01,-2.795318961143493652e-01,-2.805271148681640625e-01,-2.308100014925003052e-01,-8.798982948064804077e-03,6.311166286468505859e-02,-5.057827830314636230e-01,4.753831624984741211e-01,-1.166277453303337097e-01,2.708151042461395264e-01,-4.573642741888761520e-03,8.598956465721130371e-02
2.674652263522148132e-03,-7.886153645813465118e-03,7.534986138343811035e-01,2.450966089963912964e-02,2.104609832167625427e-02,9.476973414421081543e-01,3.175311684608459473e-01,1.152227669954299927e-01,9.563758969306945801e-03,2.454456090927124023e-01,1.694491356611251831e-01,-3.688635230064392090e-01,1.648627407848834991e-02,-1.627832464873790741e-02,-8.226509392261505127e-02,9.124350734055042267e-03,2.696121931076049805e-01,-2.409514188766479492e-01,1.751933544874191284e-01,-6.185075268149375916e-02,-1.836593262851238251e-02,1.104139164090156555e-01,2.985507845878601074e-01,4.011209011077880859e-01,-3.159000873565673828e-01,-2.821534872055053711e-01,-2.774444222450256348e-01,-2.312633544206619263e-01,-1.076507102698087692e-02,6.125110015273094177e-02,-5.072459578514099121e-01,4.767819046974182129e-01,-1.167119741439819336e-01,2.649161219596862793e-01,-3.593474160879850388e-03,8.812297880649566650e-02
2.760845702141523361e-03,-8.017084561288356781e-03,7.535818219184875488e-01,2.456964179873466492e-02,2.076419442892074585e-02,9.476814270019531250e-01,3.175926804542541504e-01,1.179795861244201660e-01,9.422510862350463867e-03,2.452338933944702148e-01,1.636811047792434692e-01,-3.663560748100280762e-01,1.514014136046171188e-02,-1.448039617389440536e-02,-8.173805475234985352e-02,9.065525606274604797e-03,2.660240530967712402e-01,-2.385786026716232300e-01,1.749323904514312744e-01,-6.138575822114944458e-02,-1.783511601388454437e-02,1.105661168694496155e-01,2.983464896678924561e-01,4.025012850761413574e-01,-3.154903352260589600e-01,-2.828952372074127197e-01,-2.736546397209167480e-01,-2.329035997390747070e-01,-9.795373305678367615e-03,6.121644377708435059e-02,-5.077922344207763672e-01,4.767725765705108643e-01,-1.168661490082740784e-01,2.682588100433349609e-01,-3.784258617088198662e-03,8.905685693025588989e-02
2.811380662024021149e-03,-8.076695725321769714e-03,7.536407113075256348e-01,2.455539815127849579e-02,2.067732624709606171e-02,9.474933743476867676e-01,3.181599378585815430e-01,1.203203946352005005e-01,9.116945788264274597e-03,2.459835857152938843e-01,1.589214801788330078e-01,-3.640008270740509033e-01,1.512670610100030899e-02,-1.305728033185005188e-02,-8.149863779544830322e-02,9.131833910942077637e-03,2.622983753681182861e-01,-2.366569489240646362e-01,1.759669631719589233e-01,-6.155248358845710754e-02,-1.755767874419689178e-02,1.105170845985412598e-01,2.979023158550262451e-01,4.049628674983978271e-01,-3.169971406459808350e-01,-2.839388847351074219e-01,-2.683971524238586426e-01,-2.342800050973892212e-01,-1.098313741385936737e-02,6.038288399577140808e-02,-5.083936452865600586e-01,4.766474962234497070e-01,-1.170295774936676025e-01,2.669368088245391846e-01,-4.029391333460807800e-03,9.030012786388397217e-02
2.819555811583995819e-03,-8.065416477620601654e-03,7.536371350288391113e-01,2.457698062062263489e-02,2.079955488443374634e-02,9.473038315773010254e-01,3.187142908573150635e-01,1.229808926582336426e-01,8.297050371766090393e-03,2.469114959239959717e-01,1.536470204591751099e-01,-3.618752062320709229e-01,1.509840227663516998e-02,-1.159704476594924927e-02,-8.161845803260803223e-02,9.746325202286243439e-03,2.587396800518035889e-01,-2.358044236898422241e-01,1.766762584447860718e-01,-6.124394759535789490e-02,-1.746053434908390045e-02,1.108325272798538208e-01,2.976933717727661133e-01,4.081080853939056396e-01,-3.173350393772125244e-01,-2.852286100387573242e-01,-2.639008760452270508e-01,-2.355201095342636108e-01,-1.360721699893474579e-02,5.987193062901496887e-02,-5.086983442306518555e-01,4.766625463962554932e-01,-1.178930103778839111e-01,2.659873962402343750e-01,-5.128986202180385590e-03,9.139343351125717163e-02
2.803844865411520004e-03,-8.009299635887145996e-03,7.536219954490661621e-01,2.470782771706581116e-02,2.083491533994674683e-02,9.472001194953918457e-01,3.190100491046905518e-01,1.255042403936386108e-01,7.691482082009315491e-03,2.475454211235046387e-01,1.492292433977127075e-01,-3.604073226451873779e-01,1.479715947061777115e-02,-9.866508655250072479e-03,-8.169324696063995361e-02,9.798172861337661743e-03,2.556711435317993164e-01,-2.351965159177780151e-01,1.769096553325653076e-01,-6.096326187252998352e-02,-1.769929938018321991e-02,1.115032583475112915e-01,2.971471846103668213e-01,4.109548032283782959e-01,-3.176770508289337158e-01,-2.864876091480255127e-01,-2.578884661197662354e-01,-2.371697872877120972e-01,-1.481022126972675323e-02,5.891999974846839905e-02,-5.091629624366760254e-01,4.764843285083770752e-01,-1.183832883834838867e-01,2.630039453506469727e-01,-5.013798363506793976e-03,9.423297643661499023e-02
2.779279835522174835e-03,-7.918983697891235352e-03,7.535779476165771484e-01,2.511465735733509064e-02,2.090146951377391815e-02,9.471526741981506348e-01,3.191147446632385254e-01,1.280074566602706909e-01,6.954650860279798508e-03,2.477096319198608398e-01,1.460094004869461060e-01,-3.592208325862884521e-01,1.414996478706598282e-02,-8.188801817595958710e-03,-8.199879527091979980e-02,1.007602456957101822e-02,2.541435360908508301e-01,-2.358787506818771362e-01,1.762095987796783447e-01,-6.054840981960296631e-02,-1.801709085702896118e-02,1.120090410113334656e-01,2.973758578300476074e-01,4.121261239051818848e-01,-3.173608183860778809e-01,-2.869354188442230225e-01,-2.542121708393096924e-01,-2.375774830579757690e-01,-1.556198019534349442e-02,5.852714180946350098e-02,-5.095936059951782227e-01,4.761275351047515869e-01,-1.187894716858863831e-01,2.614464163780212402e-01,-5.457861348986625671e-03,9.635108709335327148e-02
2.752107800915837288e-03,-7.824784144759178162e-03,7.534990906715393066e-01,2.569703757762908936e-02,2.095206081867218018e-02,9.470035433769226074e-01,3.195073902606964111e-01,1.304734349250793457e-01,6.185088772326707840e-03,2.474525719881057739e-01,1.438655257225036621e-01,-3.588398098945617676e-01,1.436478924006223679e-02,-6.762753706425428391e-03,-8.233086019754409790e-02,1.055770181119441986e-02,2.537451386451721191e-01,-2.370821684598922729e-01,1.753071695566177368e-01,-5.981241539120674133e-02,-1.804949901998043060e-02,1.128480732440948486e-01,2.969870567321777344e-01,4.133782684803009033e-01,-3.169406056404113770e-01,-2.870675623416900635e-01,-2.513802051544189453e-01,-2.386035770177841187e-01,-1.506240200251340866e-02,5.819306150078773499e-02,-5.097007751464843750e-01,4.761555492877960205e-01,-1.192631125450134277e-01,2.612133920192718506e-01,-5.491641350090503693e-03,9.897840768098831177e-02
2.729133469983935356e-03,-7.759365718811750412e-03,7.534623742103576660e-01,2.626426704227924347e-02,2.085902728140354156e-02,9.469528198242187500e-01,3.196176290512084961e-01,1.325129568576812744e-01,5.904041696339845657e-03,2.477843612432479858e-01,1.425942480564117432e-01,-3.586788177490234375e-01,1.379389315843582153e-02,-5.760420113801956177e-03,-8.257345855236053467e-02,1.006239932030439377e-02,2.546122372150421143e-01,-2.378994524478912354e-01,1.753580421209335327e-01,-5.945315584540367126e-02,-1.819497160613536835e-02,1.140398383140563965e-01,2.968331277370452881e-01,4.136154949665069580e-01,-3.165681064128875732e-01,-2.867772877216339111e-01,-2.491093873977661133e-01,-2.388195842504501343e-01,-1.415766682475805283e-02,5.822509154677391052e-02,-5.094960927963256836e-01,4.754679203033447266e-01,-1.193213090300559998e-01,2.614800631999969482e-01,-5.151289980858564377e-03,1.002253517508506775e-01
2.727728104218840599e-03,-7.722974289208650589e-03,7.534199357032775879e-01,2.687849849462509155e-02,2.068739011883735657e-02,9.469277262687683105e-01,3.196521103382110596e-01,1.341029852628707886e-01,5.837766453623771667e-03,2.479263693094253540e-01,1.424648463726043701e-01,-3.592128157615661621e-01,1.462023705244064331e-02,-4.681300371885299683e-03,-8.261439204216003418e-02,1.007450744509696960e-02,2.555800378322601318e-01,-2.389351874589920044e-01,1.756559759378433228e-01,-5.933103337883949280e-02,-1.871500164270401001e-02,1.156188100576400757e-01,2.968138158321380615e-01,4.137086272239685059e-01,-3.154070377349853516e-01,-2.867991030216217041e-01,-2.459508627653121948e-01,-2.387904524803161621e-01,-1.278639305382966995e-02,5.828878283500671387e-02,-5.092302560806274414e-01,4.756049215793609619e-01,-1.194634139537811279e-01,2.626230716705322266e-01,-5.238221026957035065e-03,1.001562848687171936e-01
2.738260198384523392e-03,-7.733471691608428955e-03,7.533890008926391602e-01,2.744474075734615326e-02,2.058052085340023041e-02,9.468420147895812988e-01,3.198646306991577148e-01,1.352389603853225708e-01,5.790273658931255341e-03,2.487441897392272949e-01,1.429844051599502563e-01,-3.595305979251861572e-01,1.445995271205902100e-02,-4.375175107270479202e-03,-8.279298245906829834e-02,1.017969753593206406e-02,2.574929594993591309e-01,-2.398282736539840698e-01,1.761667728424072266e-01,-5.903901159763336182e-02,-1.917589455842971802e-02,1.164992302656173706e-01,2.968691289424896240e-01,4.133949577808380127e-01,-3.148072063922882080e-01,-2.867854833602905273e-01,-2.427658289670944214e-01,-2.384153902530670166e-01,-1.119054574519395828e-02,5.795406550168991089e-02,-5.099077820777893066e-01,4.756460487842559814e-01,-1.197338476777076721e-01,2.626911401748657227e-01,-4.625221714377403259e-03,1.010061949491500854e-01
2.778619527816772461e-03,-7.754299789667129517e-03,7.533833980560302734e-01,2.789551578462123871e-02,2.048289030790328979e-02,9.468274712562561035e-01,3.198750019073486328e-01,1.360148489475250244e-01,5.759830120950937271e-03,2.489589303731918335e-01,1.434777081012725830e-01,-3.595822751522064209e-01,1.486980076879262924e-02,-4.169777035713195801e-03,-8.281247317790985107e-02,1.074989419430494308e-02,2.591745853424072266e-01,-2.407606840133666992e-01,1.761107444763183594e-01,-5.913764610886573792e-02,-1.996203884482383728e-02,1.171492189168930054e-01,2.968472838401794434e-01,4.132151901721954346e-01,-3.142632842063903809e-01,-2.867704033851623535e-01,-2.377978563308715820e-01,-2.380688339471817017e-01,-1.047005318105220795e-02,5.774305388331413269e-02,-5.104100108146667480e-01,4.755426049232482910e-01,-1.199359297752380371e-01,2.625331580638885498e-01,-4.888555966317653656e-03,1.024331152439117432e-01
2.847817726433277130e-03,-7.777220569550991058e-03,7.533925175666809082e-01,2.840884774923324585e-02,2.042485401034355164e-02,9.467555284500122070e-01,3.200463950634002686e-01,1.367081552743911743e-01,5.637891124933958054e-03,2.489406466484069824e-01,1.443454176187515259e-01,-3.593475818634033203e-01,1.502757892012596130e-02,-3.870957065373659134e-03,-8.302605152130126953e-02,1.088309288024902344e-02,2.606445550918579102e-01,-2.413004636764526367e-01,1.767218112945556641e-01,-5.901667848229408264e-02,-2.057149447500705719e-02,1.175243332982063293e-01,2.968753576278686523e-01,4.138715863227844238e-01,-3.134965598583221436e-01,-2.870436906814575195e-01,-2.328584641218185425e-01,-2.377300411462783813e-01,-1.078261155635118484e-02,5.757043138146400452e-02,-5.110900998115539551e-01,4.754614830017089844e-01,-1.196779683232307434e-01,2.626824080944061279e-01,-3.883305937051773071e-03,1.022751703858375549e-01
2.954930299893021584e-03,-7.798743434250354767e-03,7.533192038536071777e-01,2.844848856329917908e-02,2.052066102623939514e-02,9.467230439186096191e-01,3.201328516006469727e-01,1.368576437234878540e-01,5.352525971829891205e-03,2.483716756105422974e-01,1.437543183565139771e-01,-3.596436977386474609e-01,1.444424409419298172e-02,-4.321408458054065704e-03,-8.323559165000915527e-02,1.069596037268638611e-02,2.613786756992340088e-01,-2.425033748149871826e-01,1.769075840711593628e-01,-5.888198316097259521e-02,-2.069972269237041473e-02,1.174798309803009033e-01,2.966729104518890381e-01,4.143911004066467285e-01,-3.128931522369384766e-01,-2.870374619960784912e-01,-2.273033708333969116e-01,-2.375233769416809082e-01,-9.342907927930355072e-03,5.752998962998390198e-02,-5.116782784461975098e-01,4.749663174152374268e-01,-1.205562129616737366e-01,2.624384462833404541e-01,-3.424673574045300484e-03,1.034235581755638123e-01
3.095019375905394554e-03,-7.799104787409305573e-03,7.532634139060974121e-01,2.888772636651992798e-02,2.053537964820861816e-02,9.466485977172851562e-01,3.203127086162567139e-01,1.376308500766754150e-01,5.085802171379327774e-03,2.482793480157852173e-01,1.438488066196441650e-01,-3.598335087299346924e-01,1.484813075512647629e-02,-3.887543687596917152e-03,-8.344019204378128052e-02,1.075193285942077637e-02,2.619688510894775391e-01,-2.436465322971343994e-01,1.768865138292312622e-01,-5.865793302655220032e-02,-2.132930420339107513e-02,1.171032115817070007e-01,2.966161966323852539e-01,4.152676463127136230e-01,-3.121074438095092773e-01,-2.871595919132232666e-01,-2.243457883596420288e-01,-2.370306998491287231e-01,-9.158816188573837280e-03,5.716671794652938843e-02,-5.123603343963623047e-01,4.750727415084838867e-01,-1.207536160945892334e-01,2.614957392215728760e-01,-3.962958697229623795e-03,1.041091531515121460e-01
3.280328586697578430e-03,-7.777500897645950317e-03,7.532002329826354980e-01,2.909185737371444702e-02,2.060943841934204102e-02,9.465420842170715332e-01,3.206040859222412109e-01,1.377590745687484741e-01,4.978544544428586960e-03,2.481831312179565430e-01,1.441620588302612305e-01,-3.603903055191040039e-01,1.476848777383565903e-02,-3.757595317438244820e-03,-8.361645042896270752e-02,1.038904860615730286e-02,2.619653046131134033e-01,-2.444884181022644043e-01,1.773482561111450195e-01,-5.800598487257957458e-02,-2.166761457920074463e-02,1.170450076460838318e-01,2.964322865009307861e-01,4.168936014175415039e-01,-3.109992742538452148e-01,-2.874636054039001465e-01,-2.199184000492095947e-01,-2.372811883687973022e-01,-8.664418011903762817e-03,5.707456916570663452e-02,-5.123247504234313965e-01,4.750515222549438477e-01,-1.210227608680725098e-01,2.614197134971618652e-01,-3.594386857002973557e-03,1.044396609067916870e-01
3.500160994008183479e-03,-7.735446561127901077e-03,7.531293034553527832e-01,2.935585565865039825e-02,2.073797211050987244e-02,9.464090466499328613e-01,3.209643661975860596e-01,1.375399231910705566e-01,4.872579127550125122e-03,2.481062412261962891e-01,1.454129070043563843e-01,-3.611247241497039795e-01,1.493681222200393677e-02,-3.367190482094883919e-03,-8.382415026426315308e-02,1.038801483809947968e-02,2.614523768424987793e-01,-2.453401088714599609e-01,1.778729259967803955e-01,-5.712046101689338684e-02,-2.209223434329032898e-02,1.173410564661026001e-01,2.960637211799621582e-01,4.181979894638061523e-01,-3.099862337112426758e-01,-2.877764403820037842e-01,-2.170643806457519531e-01,-2.368347644805908203e-01,-8.722120895981788635e-03,5.692338198423385620e-02,-5.122545361518859863e-01,4.751279056072235107e-01,-1.219494119286537170e-01,2.619812488555908203e-01,-2.859736094251275063e-03,1.045787036418914795e-01
3.755171317607164383e-03,-7.684669923037290573e-03,7.530393600463867188e-01,2.961771748960018158e-02,2.085126377642154694e-02,9.463127255439758301e-01,3.212168514728546143e-01,1.368638873100280762e-01,4.913930781185626984e-03,2.476993650197982788e-01,1.474540233612060547e-01,-3.625387251377105713e-01,1.566076278686523438e-02,-3.333340631797909737e-03,-8.393775671720504761e-02,1.051695924252271652e-02,2.616656422615051270e-01,-2.463767528533935547e-01,1.778643280267715454e-01,-5.655087530612945557e-02,-2.249542251229286194e-02,1.176755279302597046e-01,2.956974506378173828e-01,4.195457696914672852e-01,-3.083531856536865234e-01,-2.876843810081481934e-01,-2.132862955331802368e-01,-2.353106737136840820e-01,-7.116981316357851028e-03,5.636537820100784302e-02,-5.123198032379150391e-01,4.753842353820800781e-01,-1.229690536856651306e-01,2.614777684211730957e-01,-2.895100042223930359e-03,1.036922186613082886e-01
4.029185045510530472e-03,-7.624822203069925308e-03,7.529502511024475098e-01,2.995971776545047760e-02,2.095462195575237274e-02,9.462661743164062500e-01,3.213155567646026611e-01,1.354606449604034424e-01,5.128558725118637085e-03,2.470631748437881470e-01,1.512995511293411255e-01,-3.643794059753417969e-01,1.617496646940708160e-02,-3.366098972037434578e-03,-8.415979146957397461e-02,1.018019765615463257e-02,2.625597119331359863e-01,-2.478562146425247192e-01,1.781108081340789795e-01,-5.604670569300651550e-02,-2.322483249008655548e-02,1.182008758187294006e-01,2.950409948825836182e-01,4.220176935195922852e-01,-3.072457909584045410e-01,-2.881454825401306152e-01,-2.081077843904495239e-01,-2.342650741338729858e-01,-6.138188764452934265e-03,5.589947849512100220e-02,-5.122640132904052734e-01,4.754042029380798340e-01,-1.240573674440383911e-01,2.604977488517761230e-01,-2.401067875325679779e-03,1.032915860414505005e-01
4.303654190152883530e-03,-7.562709506601095200e-03,7.528511881828308105e-01,3.024726919829845428e-02,2.107999660074710846e-02,9.462237358093261719e-01,3.214054107666015625e-01,1.337738037109375000e-01,5.391970276832580566e-03,2.464872300624847412e-01,1.555227339267730713e-01,-3.665516376495361328e-01,1.659115031361579895e-02,-3.498694393783807755e-03,-8.435517549514770508e-02,1.002367585897445679e-02,2.633866667747497559e-01,-2.494340091943740845e-01,1.784198731184005737e-01,-5.486121773719787598e-02,-2.384066022932529449e-02,1.184080988168716431e-01,2.942203581333160400e-01,4.244607686996459961e-01,-3.065682351589202881e-01,-2.886126339435577393e-01,-2.035137265920639038e-01,-2.336497008800506592e-01,-4.594919737428426743e-03,5.572345480322837830e-02,-5.128501057624816895e-01,4.762051999568939209e-01,-1.252602189779281616e-01,2.590021193027496338e-01,-2.240743488073348999e-03,1.029540598392486572e-01
4.562187939882278442e-03,-7.502808701246976852e-03,7.527275085449218750e-01,3.048053383827209473e-02,2.136865630745887756e-02,9.460905790328979492e-01,3.217560648918151855e-01,1.319537162780761719e-01,5.326568149030208588e-03,2.458808869123458862e-01,1.596609205007553101e-01,-3.685621321201324463e-01,1.669017039239406586e-02,-3.959824331104755402e-03,-8.484188467264175415e-02,1.001722645014524460e-02,2.641533017158508301e-01,-2.511226236820220947e-01,1.780412942171096802e-01,-5.366099253296852112e-02,-2.400991879403591156e-02,1.184182912111282349e-01,2.937940359115600586e-01,4.272780418395996094e-01,-3.059144020080566406e-01,-2.883966863155364990e-01,-2.005845159292221069e-01,-2.326247394084930420e-01,-3.299785777926445007e-03,5.555040761828422546e-02,-5.131232738494873047e-01,4.765850901603698730e-01,-1.265403777360916138e-01,2.575650811195373535e-01,-2.404321916401386261e-03,1.016985028982162476e-01
4.805503413081169128e-03,-7.448262069374322891e-03,7.527114748954772949e-01,3.062659129500389099e-02,2.122334018349647522e-02,9.462584853172302246e-01,3.212576210498809814e-01,1.304450184106826782e-01,6.229707039892673492e-03,2.456069290637969971e-01,1.629102081060409546e-01,-3.702805638313293457e-01,1.677304692566394806e-02,-4.520572721958160400e-03,-8.431447297334671021e-02,1.028319075703620911e-02,2.659860253334045410e-01,-2.511939704418182373e-01,1.782629042863845825e-01,-5.296619236469268799e-02,-2.437335439026355743e-02,1.174950823187828064e-01,2.928199470043182373e-01,4.280978739261627197e-01,-3.051313161849975586e-01,-2.874370217323303223e-01,-1.959742009639739990e-01,-2.320382744073867798e-01,-2.636102028191089630e-03,5.607718974351882935e-02,-5.137526988983154297e-01,4.775751531124114990e-01,-1.263832449913024902e-01,2.559379041194915771e-01,-2.151840366423130035e-03,1.018771827220916748e-01
5.010207649320363998e-03,-7.374020293354988098e-03,7.526859641075134277e-01,3.041242808103561401e-02,2.122529968619346619e-02,9.463707804679870605e-01,3.209469318389892578e-01,1.289114356040954590e-01,6.711809895932674408e-03,2.443658113479614258e-01,1.645276695489883423e-01,-3.712976872920989990e-01,1.708719134330749512e-02,-5.007336847484111786e-03,-8.378612250089645386e-02,1.077413372695446014e-02,2.658384442329406738e-01,-2.512641847133636475e-01,1.784201711416244507e-01,-5.182582139968872070e-02,-2.432885020971298218e-02,1.167889460921287537e-01,2.921720743179321289e-01,4.295829236507415771e-01,-3.047080039978027344e-01,-2.871411144733428955e-01,-1.945393085479736328e-01,-2.314658164978027344e-01,-1.977203879505395889e-03,5.668158829212188721e-02,-5.146779417991638184e-01,4.778450727462768555e-01,-1.270112842321395874e-01,2.551597058773040771e-01,-2.106514526531100273e-03,1.019048094749450684e-01
5.192072596400976181e-03,-7.290518376976251602e-03,7.526454925537109375e-01,3.014058992266654968e-02,2.139105089008808136e-02,9.463530778884887695e-01,3.210137486457824707e-01,1.277029365301132202e-01,6.943835876882076263e-03,2.443691790103912354e-01,1.653664410114288330e-01,-3.717305064201354980e-01,1.630711928009986877e-02,-5.828493274748325348e-03,-8.351705968379974365e-02,1.144410483539104462e-02,2.656854987144470215e-01,-2.516822814941406250e-01,1.780415624380111694e-01,-5.112585052847862244e-02,-2.387412264943122864e-02,1.159298196434974670e-01,2.922361195087432861e-01,4.301236271858215332e-01,-3.039943575859069824e-01,-2.864827811717987061e-01,-1.933965981006622314e-01,-2.319515049457550049e-01,-7.347154314629733562e-04,5.674557760357856750e-02,-5.157709717750549316e-01,4.779592752456665039e-01,-1.282548904418945312e-01,2.543601393699645996e-01,-1.988776959478855133e-03,1.020184457302093506e-01
5.359248258173465729e-03,-7.162786088883876801e-03,7.525914311408996582e-01,2.990823239088058472e-02,2.151834592223167419e-02,9.463552832603454590e-01,3.210204839706420898e-01,1.261267066001892090e-01,7.222199346870183945e-03,2.434880286455154419e-01,1.672701388597488403e-01,-3.728696107864379883e-01,1.783680170774459839e-02,-6.663886830210685730e-03,-8.321278542280197144e-02,1.195612642914056778e-02,2.659164369106292725e-01,-2.523075938224792480e-01,1.787912249565124512e-01,-5.028585344552993774e-02,-2.407453581690788269e-02,1.150473430752754211e-01,2.927339076995849609e-01,4.311803877353668213e-01,-3.029916286468505859e-01,-2.865780293941497803e-01,-1.925017237663269043e-01,-2.312167584896087646e-01,-1.275428337976336479e-03,5.758298188447952271e-02,-5.170423984527587891e-01,4.782761633396148682e-01,-1.295089870691299438e-01,2.550694942474365234e-01,-1.439822255633771420e-03,1.022463887929916382e-01
5.499823950231075287e-03,-7.026663050055503845e-03,7.524468302726745605e-01,2.977902442216873169e-02,2.178438566625118256e-02,9.462829232215881348e-01,3.212277889251708984e-01,1.242955327033996582e-01,7.266694679856300354e-03,2.426799237728118896e-01,1.700858622789382935e-01,-3.750115633010864258e-01,1.774942688643932343e-02,-7.854183204472064972e-03,-8.337785303592681885e-02,1.210202183574438095e-02,2.671179771423339844e-01,-2.540106773376464844e-01,1.787850111722946167e-01,-4.957697167992591858e-02,-2.351189777255058289e-02,1.153360530734062195e-01,2.934190332889556885e-01,4.307439923286437988e-01,-3.020941615104675293e-01,-2.861056923866271973e-01,-1.902736127376556396e-01,-2.304960489273071289e-01,-2.126989857060834765e-04,5.783181637525558472e-02,-5.172680616378784180e-01,4.787799119949340820e-01,-1.312876790761947632e-01,2.533635795116424561e-01,-1.385840354487299919e-03,1.020859181880950928e-01
5.603314843028783798e-03,-6.833305116742849350e-03,7.522715330123901367e-01,2.990965358912944794e-02,2.203607745468616486e-02,9.462332129478454590e-01,3.213449716567993164e-01,1.224602684378623962e-01,7.261584512889385223e-03,2.414740771055221558e-01,1.742806583642959595e-01,-3.776819109916687012e-01,1.885789446532726288e-02,-8.629661984741687775e-03,-8.370688557624816895e-02,1.198995672166347504e-02,2.689886391162872314e-01,-2.568435072898864746e-01,1.785503476858139038e-01,-4.832899197936058044e-02,-2.308966219425201416e-02,1.155155003070831299e-01,2.929311096668243408e-01,4.330756664276123047e-01,-3.014623820781707764e-01,-2.860605120658874512e-01,-1.866486221551895142e-01,-2.294996380805969238e-01,-6.244634860195219517e-04,5.859970673918724060e-02,-5.178902745246887207e-01,4.786458313465118408e-01,-1.330247968435287476e-01,2.505603730678558350e-01,-2.768627018667757511e-04,1.035823449492454529e-01
5.618914496153593063e-03,-6.595775485038757324e-03,7.520900368690490723e-01,2.961655333638191223e-02,2.244499139487743378e-02,9.461964368820190430e-01,3.214520215988159180e-01,1.195057556033134460e-01,7.284408435225486755e-03,2.406106293201446533e-01,1.791144013404846191e-01,-3.809426724910736084e-01,1.935827359557151794e-02,-1.022783108055591583e-02,-8.400846272706985474e-02,1.252943091094493866e-02,2.708818912506103516e-01,-2.598106861114501953e-01,1.786713600158691406e-01,-4.756665974855422974e-02,-2.339579351246356964e-02,1.167044043540954590e-01,2.935954034328460693e-01,4.340019524097442627e-01,-3.008486032485961914e-01,-2.863361537456512451e-01,-1.847782582044601440e-01,-2.282201349735260010e-01,2.125517494278028607e-05,5.870511382818222046e-02,-5.180518627166748047e-01,4.785619080066680908e-01,-1.350980699062347412e-01,2.492871135473251343e-01,1.060968497768044472e-03,1.029661670327186584e-01
5.529377609491348267e-03,-6.268106400966644287e-03,7.519074082374572754e-01,2.918314374983310699e-02,2.302418649196624756e-02,9.462467432022094727e-01,3.213025331497192383e-01,1.156181022524833679e-01,7.173315156251192093e-03,2.396501153707504272e-01,1.853107959032058716e-01,-3.841321170330047607e-01,2.039712108671665192e-02,-1.213020272552967072e-02,-8.468344807624816895e-02,1.270739547908306122e-02,2.732125818729400635e-01,-2.635912597179412842e-01,1.790011525154113770e-01,-4.629998654127120972e-02,-2.402710728347301483e-02,1.176130771636962891e-01,2.950435578823089600e-01,4.348128736019134521e-01,-3.003568053245544434e-01,-2.867795526981353760e-01,-1.830877810716629028e-01,-2.256773561239242554e-01,6.242097006179392338e-04,6.018155813217163086e-02,-5.182815194129943848e-01,4.793203473091125488e-01,-1.377281397581100464e-01,2.493918240070343018e-01,2.591294003650546074e-03,1.033241599798202515e-01
5.293050315231084824e-03,-5.884426645934581757e-03,7.517032623291015625e-01,2.862410061061382294e-02,2.336312644183635712e-02,9.463487863540649414e-01,3.210276365280151367e-01,1.117702871561050415e-01,7.606335449963808060e-03,2.383453845977783203e-01,1.915712952613830566e-01,-3.885944783687591553e-01,2.127231098711490631e-02,-1.432422362267971039e-02,-8.486883342266082764e-02,1.241915021091699600e-02,2.764892280101776123e-01,-2.667461335659027100e-01,1.795899868011474609e-01,-4.530608281493186951e-02,-2.383697777986526489e-02,1.180886849761009216e-01,2.966915369033813477e-01,4.345777630805969238e-01,-2.999428212642669678e-01,-2.869400680065155029e-01,-1.819647848606109619e-01,-2.229340374469757080e-01,1.363040762953460217e-03,6.179642677307128906e-02,-5.188564658164978027e-01,4.798599779605865479e-01,-1.400867253541946411e-01,2.495708763599395752e-01,3.605127567425370216e-03,1.041436344385147095e-01
4.849718417972326279e-03,-5.402924492955207825e-03,7.514691948890686035e-01,2.782955765724182129e-02,2.390447072684764862e-02,9.462131261825561523e-01,3.214572370052337646e-01,1.079569086432456970e-01,7.759616710245609283e-03,2.377866059541702271e-01,1.976248174905776978e-01,-3.927130997180938721e-01,2.161174453794956207e-02,-1.654420420527458191e-02,-8.526141941547393799e-02,1.250775624066591263e-02,2.785056829452514648e-01,-2.701058089733123779e-01,1.797109544277191162e-01,-4.424229264259338379e-02,-2.310153096914291382e-02,1.181670799851417542e-01,2.996148169040679932e-01,4.365005195140838623e-01,-2.996839582920074463e-01,-2.875446677207946777e-01,-1.821537315845489502e-01,-2.205949723720550537e-01,8.916367660276591778e-04,6.353303790092468262e-02,-5.194761157035827637e-01,4.801999032497406006e-01,-1.429047584533691406e-01,2.488426715135574341e-01,4.964780993759632111e-03,1.056085154414176941e-01
4.152361769229173660e-03,-4.794498905539512634e-03,7.512459158897399902e-01,2.649238891899585724e-02,2.467979118227958679e-02,9.459913372993469238e-01,3.221637904644012451e-01,1.031513586640357971e-01,7.676701992750167847e-03,2.370472103357315063e-01,2.040480822324752808e-01,-3.965736329555511475e-01,2.232901193201541901e-02,-1.947329752147197723e-02,-8.588942885398864746e-02,1.247154455631971359e-02,2.798010408878326416e-01,-2.731851339340209961e-01,1.811307966709136963e-01,-4.286488518118858337e-02,-2.240663580596446991e-02,1.176493316888809204e-01,3.040672242641448975e-01,4.386570751667022705e-01,-3.006854057312011719e-01,-2.890126407146453857e-01,-1.843123883008956909e-01,-2.182747125625610352e-01,-7.184133864939212799e-04,6.677889078855514526e-02,-5.211624503135681152e-01,4.815948605537414551e-01,-1.466938406229019165e-01,2.504513263702392578e-01,7.110791280865669250e-03,1.069036722183227539e-01
3.132352838292717934e-03,-4.086484201252460480e-03,7.511638998985290527e-01,2.510403655469417572e-02,2.489667199552059174e-02,9.457843899726867676e-01,3.228650987148284912e-01,9.966457635164260864e-02,8.542530238628387451e-03,2.367789596319198608e-01,2.094598263502120972e-01,-4.007599651813507080e-01,2.580164372920989990e-02,-2.048549987375736237e-02,-8.543940633535385132e-02,1.219565235078334808e-02,2.786543667316436768e-01,-2.731768190860748291e-01,1.835610121488571167e-01,-4.172329232096672058e-02,-2.177280746400356293e-02,1.177254244685173035e-01,3.091726899147033691e-01,4.408146142959594727e-01,-3.025738000869750977e-01,-2.910068035125732422e-01,-1.863993406295776367e-01,-2.164580225944519043e-01,-5.002728663384914398e-03,7.052293419837951660e-02,-5.230143666267395020e-01,4.821792244911193848e-01,-1.498334109783172607e-01,2.451634854078292847e-01,7.626885548233985901e-03,1.100285872817039490e-01
1.813565613701939583e-03,-3.257838543504476547e-03,7.508130073547363281e-01,2.254624292254447937e-02,2.553101442754268646e-02,9.459296464920043945e-01,3.225785195827484131e-01,9.210468083620071411e-02,9.358950890600681305e-03,2.337998002767562866e-01,2.175336480140686035e-01,-4.074243009090423584e-01,2.400645613670349121e-02,-2.311168797314167023e-02,-8.566041290760040283e-02,9.810616262257099152e-03,2.771532237529754639e-01,-2.768553495407104492e-01,1.843589693307876587e-01,-3.849597275257110596e-02,-2.032146230340003967e-02,1.163138300180435181e-01,3.152993917465209961e-01,4.414803385734558105e-01,-3.035211861133575439e-01,-2.931137979030609131e-01,-1.858402490615844727e-01,-2.156195938587188721e-01,-4.721353296190500259e-03,7.731640338897705078e-02,-5.274687409400939941e-01,4.823759496212005615e-01,-1.556731909513473511e-01,2.513266503810882568e-01,8.654000237584114075e-03,1.121067181229591370e-01
3.682542592287063599e-05,-2.326988847926259041e-03,7.505300045013427734e-01,1.908276975154876709e-02,2.612814120948314667e-02,9.458884000778198242e-01,3.228751122951507568e-01,8.275584131479263306e-02,1.074584387242794037e-02,2.314296513795852661e-01,2.274267822504043579e-01,-4.152748584747314453e-01,2.477290108799934387e-02,-2.618250623345375061e-02,-8.522050082683563232e-02,8.143724873661994934e-03,2.734726667404174805e-01,-2.785423696041107178e-01,1.867958903312683105e-01,-3.450311720371246338e-02,-1.919837668538093567e-02,1.157529428601264954e-01,3.233748674392700195e-01,4.409489333629608154e-01,-3.041763305664062500e-01,-2.965492904186248779e-01,-1.868518888950347900e-01,-2.146215140819549561e-01,-8.446860127151012421e-03,8.492679893970489502e-02,-5.324269533157348633e-01,4.818772673606872559e-01,-1.626559942960739136e-01,2.510080635547637939e-01,8.474374189972877502e-03,1.152570247650146484e-01
-2.194942906498908997e-03,-1.362659153528511524e-03,7.501087784767150879e-01,1.551344059407711029e-02,2.696625329554080963e-02,9.457666873931884766e-01,3.233535587787628174e-01,7.088340073823928833e-02,1.183201000094413757e-02,2.285978496074676514e-01,2.430016398429870605e-01,-4.253517389297485352e-01,2.613402344286441803e-02,-2.874845080077648163e-02,-8.565308153629302979e-02,6.213312968611717224e-03,2.688522934913635254e-01,-2.814113199710845947e-01,1.874611228704452515e-01,-2.943511493504047394e-02,-1.757351122796535492e-02,1.137366220355033875e-01,3.318440914154052734e-01,4.409624636173248291e-01,-3.066573143005371094e-01,-3.008203804492950439e-01,-1.888529062271118164e-01,-2.142625749111175537e-01,-1.279439777135848999e-02,8.852649480104446411e-02,-5.389045476913452148e-01,4.803403913974761963e-01,-1.720485091209411621e-01,2.520283758640289307e-01,9.021119214594364166e-03,1.188048049807548523e-01
-4.966669715940952301e-03,-4.213719803374260664e-04,7.495347261428833008e-01,1.134495250880718231e-02,2.726964466273784637e-02,9.456394314765930176e-01,3.238729536533355713e-01,5.558389425277709961e-02,1.481997873634099960e-02,2.266827523708343506e-01,2.657933235168457031e-01,-4.402553737163543701e-01,2.866508997976779938e-02,-3.203993663191795349e-02,-8.496854454278945923e-02,4.322492051869630814e-03,2.652253806591033936e-01,-2.841245234012603760e-01,1.905703693628311157e-01,-2.213744446635246277e-02,-1.604341343045234680e-02,1.118396893143653870e-01,3.398447930812835693e-01,4.400343596935272217e-01,-3.106024861335754395e-01,-3.061718642711639404e-01,-1.877451837062835693e-01,-2.125966399908065796e-01,-1.894845254719257355e-02,7.493226230144500732e-02,-5.434152483940124512e-01,4.760307669639587402e-01,-1.831084042787551880e-01,2.515220046043395996e-01,8.106469176709651947e-03,1.231558322906494141e-01
-8.314799517393112183e-03,4.461442294996231794e-04,7.487487196922302246e-01,5.999560002237558365e-03,2.767931483685970306e-02,9.455291032791137695e-01,3.243031799793243408e-01,3.379593789577484131e-02,1.869877427816390991e-02,2.239866703748703003e-01,2.983188033103942871e-01,-4.591580629348754883e-01,3.187089413404464722e-02,-3.603806719183921814e-02,-8.427841961383819580e-02,2.548798685893416405e-03,2.591648399829864502e-01,-2.874249517917633057e-01,1.937572807073593140e-01,-1.382919214665889740e-02,-1.392403617501258850e-02,1.106755882501602173e-01,3.421164453029632568e-01,4.365647137165069580e-01,-3.122449815273284912e-01,-3.110974431037902832e-01,-1.884361803531646729e-01,-2.114234417676925659e-01,-2.380883507430553436e-02,5.351202562451362610e-02,-5.452936887741088867e-01,4.723280668258666992e-01,-1.915087848901748657e-01,2.537480890750885010e-01,7.224328350275754929e-03,1.264903247356414795e-01
-1.228277012705802917e-02,1.172227901406586170e-03,7.477355599403381348e-01,-1.722553315630648285e-05,2.786996960639953613e-02,9.453548192977905273e-01,3.248499631881713867e-01,6.630145013332366943e-03,2.385927923023700714e-02,2.211795896291732788e-01,3.410758376121520996e-01,-4.813135564327239990e-01,3.511552512645721436e-02,-4.119059443473815918e-02,-8.332896977663040161e-02,8.968628244474530220e-04,2.539378404617309570e-01,-2.916273772716522217e-01,1.971477419137954712e-01,-4.859521985054016113e-03,-1.161815319210290909e-02,1.096614599227905273e-01,3.269056379795074463e-01,4.347323775291442871e-01,-3.057616353034973145e-01,-3.099805414676666260e-01,-1.846074759960174561e-01,-2.110782563686370850e-01,-2.833653986454010010e-02,4.365591332316398621e-02,-5.490311384201049805e-01,4.714829623699188232e-01,-1.955212950706481934e-01,2.547458410263061523e-01,7.295757997781038284e-03,1.340504735708236694e-01
-1.700733974575996399e-02,1.735998434014618397e-03,7.464147210121154785e-01,-6.761582102626562119e-03,2.738744579255580902e-02,9.448834657669067383e-01,3.261893093585968018e-01,-2.220888994634151459e-02,3.084302507340908051e-02,2.206973880529403687e-01,3.878685235977172852e-01,-5.068191289901733398e-01,4.388553649187088013e-02,-4.685842990875244141e-02,-8.110325038433074951e-02,-2.030552859650924802e-04,2.482585608959197998e-01,-2.954157292842864990e-01,2.022172659635543823e-01,5.172586068511009216e-03,-1.026997901499271393e-02,1.082955226302146912e-01,2.988239526748657227e-01,4.374623894691467285e-01,-2.940652668476104736e-01,-2.985779345035552979e-01,-1.814808100461959839e-01,-2.083060592412948608e-01,-3.349699825048446655e-02,3.676324337720870972e-02,-5.531239509582519531e-01,4.720673263072967529e-01,-1.969153583049774170e-01,2.510985136032104492e-01,7.960706949234008789e-03,1.389762312173843384e-01
-2.246606908738613129e-02,2.203279640525579453e-03,7.447810769081115723e-01,-1.505479775369167328e-02,2.697779424488544464e-02,9.446496963500976562e-01,3.266229033470153809e-01,-5.439789965748786926e-02,3.758439049124717712e-02,2.177201658487319946e-01,4.353637099266052246e-01,-5.325553417205810547e-01,4.927975684404373169e-02,-5.445169657468795776e-02,-7.914943248033523560e-02,-3.649445017799735069e-03,2.424468845129013062e-01,-3.020294606685638428e-01,2.065970152616500854e-01,1.837096735835075378e-02,-8.603074587881565094e-03,1.087987795472145081e-01,2.781714498996734619e-01,4.398962259292602539e-01,-2.857576608657836914e-01,-2.813748717308044434e-01,-1.766705363988876343e-01,-2.052036076784133911e-01,-3.650443628430366516e-02,3.118336759507656097e-02,-5.558153986930847168e-01,4.707346856594085693e-01,-2.001574784517288208e-01,2.538233697414398193e-01,8.422720246016979218e-03,1.404356509447097778e-01
-2.870059758424758911e-02,2.655571559444069862e-03,7.426429986953735352e-01,-2.420571446418762207e-02,2.636307477951049805e-02,9.447606801986694336e-01,3.258011043071746826e-01,-8.667203783988952637e-02,4.350932687520980835e-02,2.119135707616806030e-01,4.801785945892333984e-01,-5.606751441955566406e-01,5.558808520436286926e-02,-6.481347233057022095e-02,-7.712847739458084106e-02,-7.660894189029932022e-03,2.419789433479309082e-01,-3.145073950290679932e-01,2.105988860130310059e-01,3.275745734572410583e-02,-8.114765398204326630e-03,1.079870387911796570e-01,2.675573825836181641e-01,4.401617646217346191e-01,-2.808064818382263184e-01,-2.636579275131225586e-01,-1.665254384279251099e-01,-2.024954259395599365e-01,-3.764375299215316772e-02,2.931839413940906525e-02,-5.577477812767028809e-01,4.656721949577331543e-01,-2.036816477775573730e-01,2.621665894985198975e-01,1.022385340183973312e-02,1.425472944974899292e-01
-3.579273819923400879e-02,3.279065946117043495e-03,7.404391765594482422e-01,-3.295109793543815613e-02,2.623736858367919922e-02,9.449259638786315918e-01,3.245624303817749023e-01,-1.139321997761726379e-01,4.634911194443702698e-02,2.064297646284103394e-01,5.174642205238342285e-01,-5.854967832565307617e-01,6.361108273267745972e-02,-7.991792261600494385e-02,-7.724926620721817017e-02,-1.088904310017824173e-02,2.553183734416961670e-01,-3.330109417438507080e-01,2.119696736335754395e-01,4.450744017958641052e-02,-8.160102181136608124e-03,1.076165065169334412e-01,2.597484588623046875e-01,4.377767741680145264e-01,-2.770961821079254150e-01,-2.496764808893203735e-01,-1.577669829130172729e-01,-1.995841264724731445e-01,-3.934410959482192993e-02,2.860572375357151031e-02,-5.600605010986328125e-01,4.597828388214111328e-01,-2.036744803190231323e-01,2.653346955776214600e-01,1.048035640269517899e-02,1.425068974494934082e-01
-4.376002773642539978e-02,4.330616444349288940e-03,7.379899024963378906e-01,-4.203763231635093689e-02,2.618262171745300293e-02,9.457515478134155273e-01,3.210940062999725342e-01,-1.367734968662261963e-01,4.656905680894851685e-02,1.983917057514190674e-01,5.455740690231323242e-01,-6.113629341125488281e-01,7.642138004302978516e-02,-1.038448810577392578e-01,-7.798293232917785645e-02,-1.315786596387624741e-02,2.909583151340484619e-01,-3.601930737495422363e-01,2.151997387409210205e-01,5.275150761008262634e-02,-1.164081785827875137e-02,1.110793724656105042e-01,2.490934878587722778e-01,4.363436400890350342e-01,-2.727112472057342529e-01,-2.382442802190780640e-01,-1.509971171617507935e-01,-1.949797570705413818e-01,-3.784305602312088013e-02,3.290547057986259460e-02,-5.628296136856079102e-01,4.510780572891235352e-01,-2.033078223466873169e-01,2.714921534061431885e-01,1.093512587249279022e-02,1.404418647289276123e-01
-5.255204811692237854e-02,6.109119858592748642e-03,7.355242371559143066e-01,-4.801796376705169678e-02,2.666019089519977570e-02,9.472340941429138184e-01,3.158023059368133545e-01,-1.496414542198181152e-01,4.215065017342567444e-02,1.897322833538055420e-01,5.679808259010314941e-01,-6.327545642852783203e-01,9.056376665830612183e-02,-1.418677866458892822e-01,-8.310473710298538208e-02,-1.485539507120847702e-02,3.751764893531799316e-01,-3.979573547840118408e-01,2.156651318073272705e-01,5.388867110013961792e-02,-1.654503494501113892e-02,1.202390566468238831e-01,2.358908951282501221e-01,4.345099329948425293e-01,-2.656076550483703613e-01,-2.322997748851776123e-01,-1.449880003929138184e-01,-1.883790343999862671e-01,-3.345176577568054199e-02,3.972574695944786072e-02,-5.640072822570800781e-01,4.382758736610412598e-01,-2.015655040740966797e-01,2.765203118324279785e-01,9.824688546359539032e-03,1.324240118265151978e-01
-6.217883527278900146e-02,8.920785970985889435e-03,7.316520810127258301e-01,-4.934802651405334473e-02,2.893881127238273621e-02,9.498425722122192383e-01,3.074513971805572510e-01,-1.526079475879669189e-01,2.935930527746677399e-02,1.782850176095962524e-01,5.902746319770812988e-01,-6.569695472717285156e-01,1.084955856204032898e-01,-2.047376334667205811e-01,-9.626853466033935547e-02,-8.441178128123283386e-03,5.305414795875549316e-01,-4.355141818523406982e-01,2.159138470888137817e-01,4.467489942908287048e-02,-2.464737929403781891e-02,1.362864226102828979e-01,2.196937799453735352e-01,4.363619983196258545e-01,-2.596897184848785400e-01,-2.368164360523223877e-01,-1.455061286687850952e-01,-1.819372475147247314e-01,-2.540083602070808411e-02,4.880461841821670532e-02,-5.649182200431823730e-01,4.237379431724548340e-01,-2.057232856750488281e-01,2.855049669742584229e-01,6.548875477164983749e-03,1.200723350048065186e-01
-7.303829491138458252e-02,1.313821878284215927e-02,7.259715795516967773e-01,-5.011187866330146790e-02,3.347586095333099365e-02,9.513340592384338379e-01,3.022112250328063965e-01,-1.538023203611373901e-01,1.319367717951536179e-02,1.711201518774032593e-01,6.187107563018798828e-01,-6.870353817939758301e-01,1.280494928359985352e-01,-2.954936921596527100e-01,-1.283488869667053223e-01,-1.952055841684341431e-02,7.360105514526367188e-01,-4.667404294013977051e-01,1.996223479509353638e-01,3.068311512470245361e-02,-3.371566906571388245e-02,1.577321439981460571e-01,1.976166069507598877e-01,4.481377899646759033e-01,-2.512294650077819824e-01,-2.521716654300689697e-01,-1.418222784996032715e-01,-1.782334446907043457e-01,-1.809668354690074921e-02,5.646136403083801270e-02,-5.678374767303466797e-01,4.115073978900909424e-01,-2.135384380817413330e-01,2.937911450862884521e-01,2.095410134643316269e-03,1.118341460824012756e-01
-8.563885837793350220e-02,1.895997114479541779e-02,7.200150489807128906e-01,-5.208430811762809753e-02,3.906928747892379761e-02,9.531013369560241699e-01,2.955648899078369141e-01,-1.582156121730804443e-01,-3.196009434759616852e-03,1.630185991525650024e-01,6.542639732360839844e-01,-7.124485373497009277e-01,1.459595859050750732e-01,-4.010588526725769043e-01,-1.524535417556762695e-01,-1.453810650855302811e-02,9.404633045196533203e-01,-5.000540018081665039e-01,1.806159913539886475e-01,7.711613085120916367e-03,-4.243103414773941040e-02,1.781294792890548706e-01,1.703529506921768188e-01,4.715808928012847900e-01,-2.448788583278656006e-01,-2.808870375156402588e-01,-1.373477429151535034e-01,-1.780491471290588379e-01,-1.021000742912292480e-02,6.414712965488433838e-02,-5.720470547676086426e-01,3.995723128318786621e-01,-2.299322932958602905e-01,3.043144941329956055e-01,-4.688254557549953461e-03,1.064981222152709961e-01
-1.006686314940452576e-01,2.676243893802165985e-02,7.141300439834594727e-01,-5.842846632003784180e-02,4.654272645711898804e-02,9.547417163848876953e-01,2.879030704498291016e-01,-1.629241704940795898e-01,-2.137712016701698303e-02,1.521563231945037842e-01,6.772212982177734375e-01,-7.338817119598388672e-01,1.536097824573516846e-01,-5.057547092437744141e-01,-1.600068807601928711e-01,-4.478428512811660767e-03,1.111807703971862793e+00,-4.877542853355407715e-01,1.755857914686203003e-01,-2.105804160237312317e-02,-4.586589708924293518e-02,1.933547258377075195e-01,1.379453837871551514e-01,5.068864226341247559e-01,-2.349082082509994507e-01,-3.199527561664581299e-01,-1.232806220650672913e-01,-1.809220016002655029e-01,-1.223615021444857121e-03,7.636687904596328735e-02,-5.810430049896240234e-01,3.821572363376617432e-01,-2.552838325500488281e-01,3.115967512130737305e-01,-1.107729971408843994e-02,1.060950234532356262e-01
-1.187609210610389709e-01,3.642740845680236816e-02,7.115477323532104492e-01,-7.375323772430419922e-02,5.015328899025917053e-02,9.560903906822204590e-01,2.791707217693328857e-01,-1.637088954448699951e-01,-2.494378015398979187e-02,1.444873660802841187e-01,6.656610965728759766e-01,-7.356895804405212402e-01,1.503816395998001099e-01,-6.135568618774414062e-01,-1.543734520673751831e-01,-6.491708336398005486e-04,1.213947415351867676e+00,-4.754114747047424316e-01,1.744316667318344116e-01,-5.401112884283065796e-02,-3.755875676870346069e-02,1.931738704442977905e-01,9.827431291341781616e-02,5.471844077110290527e-01,-2.168739140033721924e-01,-3.726012110710144043e-01,-1.078099384903907776e-01,-1.845384687185287476e-01,1.416277419775724411e-02,9.401220083236694336e-02,-6.002120375633239746e-01,3.553784191608428955e-01,-2.917463183403015137e-01,3.178171813488006592e-01,-1.359368581324815750e-02,1.143188923597335815e-01
-1.404613256454467773e-01,4.813913628458976746e-02,7.140744924545288086e-01,-8.930714428424835205e-02,4.660367593169212341e-02,9.591850638389587402e-01,2.642278373241424561e-01,-1.399309337139129639e-01,3.865413134917616844e-03,1.763396710157394409e-01,6.043359637260437012e-01,-6.883819103240966797e-01,1.382733583450317383e-01,-6.968979239463806152e-01,-1.461652219295501709e-01,-1.522563025355339050e-02,1.234188914299011230e+00,-4.604575634002685547e-01,1.794454008340835571e-01,-9.931202977895736694e-02,-1.226023398339748383e-02,1.856216192245483398e-01,6.006421148777008057e-02,5.913203358650207520e-01,-1.993850767612457275e-01,-4.309861958026885986e-01,-7.958220690488815308e-02,-1.946834027767181396e-01,2.965774945914745331e-02,1.197541132569313049e-01,-6.292638778686523438e-01,3.240485489368438721e-01,-3.343141674995422363e-01,3.269841670989990234e-01,-9.803279303014278412e-03,1.348321437835693359e-01
-1.650875210762023926e-01,6.349059939384460449e-02,7.188463807106018066e-01,-1.014473363757133484e-01,4.206298664212226868e-02,9.609779119491577148e-01,2.538909614086151123e-01,-8.084252476692199707e-02,1.510007865726947784e-02,1.736957728862762451e-01,5.010109543800354004e-01,-6.121705770492553711e-01,1.048111692070960999e-01,-7.509609460830688477e-01,-1.198877766728401184e-01,-3.120076842606067657e-02,1.178369641304016113e+00,-4.394584298133850098e-01,1.887312233448028564e-01,-1.424102336168289185e-01,2.438740804791450500e-02,1.744000762701034546e-01,3.101388365030288696e-02,6.333103775978088379e-01,-1.831008344888687134e-01,-4.860762357711791992e-01,-5.572688579559326172e-02,-2.089502364397048950e-01,4.738797992467880249e-02,1.596555560827255249e-01,-6.654829382896423340e-01,2.894506752490997314e-01,-3.801030814647674561e-01,3.381833136081695557e-01,-2.176971640437841415e-03,1.594543904066085815e-01
-1.915673911571502686e-01,8.225860446691513062e-02,7.310017943382263184e-01,-1.081007197499275208e-01,2.984564378857612610e-02,9.609192609786987305e-01,2.530960142612457275e-01,-1.732083037495613098e-02,-1.261527359019964933e-05,7.126670330762863159e-02,4.024925529956817627e-01,-5.247002840042114258e-01,5.253772810101509094e-02,-7.642084956169128418e-01,-6.608903408050537109e-02,-3.451769426465034485e-02,1.068382620811462402e+00,-4.073845744132995605e-01,1.977478712797164917e-01,-1.720659285783767700e-01,6.532701104879379272e-02,1.702896207571029663e-01,2.245315723121166229e-02,6.587204933166503906e-01,-1.705956012010574341e-01,-5.309308767318725586e-01,-4.339701682329177856e-02,-2.272917926311492920e-01,5.799553915858268738e-02,1.983938217163085938e-01,-6.959022283554077148e-01,2.660663723945617676e-01,-4.187279045581817627e-01,3.311007320880889893e-01,1.157601509476080537e-04,1.785306632518768311e-01
-2.206448167562484741e-01,1.012436524033546448e-01,7.453899979591369629e-01,-1.137111932039260864e-01,1.997499540448188782e-02,9.625595211982727051e-01,2.452548593282699585e-01,3.506431356072425842e-02,1.760043017566204071e-02,5.231269821524620056e-02,3.539892137050628662e-01,-4.039897322654724121e-01,3.700456116348505020e-03,-7.533335089683532715e-01,-2.824436128139495850e-02,-2.658373489975929260e-02,9.414058327674865723e-01,-3.551572263240814209e-01,2.123126834630966187e-01,-2.023762166500091553e-01,1.003058701753616333e-01,1.604854762554168701e-01,2.661142498254776001e-02,6.611580252647399902e-01,-1.695974916219711304e-01,-5.553733706474304199e-01,-5.489887669682502747e-02,-2.451376467943191528e-01,6.729689240455627441e-02,2.211832404136657715e-01,-7.177786827087402344e-01,2.554872930049896240e-01,-4.335394203662872314e-01,3.182653188705444336e-01,-4.587788425851613283e-04,1.799318939447402954e-01
-2.514544725418090820e-01,1.212292537093162537e-01,7.602035999298095703e-01,-1.162276715040206909e-01,1.511207874864339828e-02,9.637852907180786133e-01,2.395426779985427856e-01,7.693248987197875977e-02,4.279423877596855164e-02,5.815548822283744812e-02,3.461130857467651367e-01,-2.634141147136688232e-01,-4.662266746163368225e-02,-7.183745503425598145e-01,8.543944917619228363e-03,-8.829986676573753357e-03,7.641771435737609863e-01,-2.917036712169647217e-01,2.207361459732055664e-01,-2.214639037847518921e-01,1.318584680557250977e-01,1.489028930664062500e-01,4.252381250262260437e-02,6.528949737548828125e-01,-1.790257692337036133e-01,-5.661270022392272949e-01,-6.919533759355545044e-02,-2.636594772338867188e-01,7.262878119945526123e-02,2.394800037145614624e-01,-7.266780734062194824e-01,2.491432577371597290e-01,-4.436254501342773438e-01,2.952150404453277588e-01,-4.076869692653417587e-03,1.745775192975997925e-01
-2.826386988162994385e-01,1.410690099000930786e-01,7.696031928062438965e-01,-1.174023970961570740e-01,1.445241458714008331e-02,9.639266133308410645e-01,2.384391725063323975e-01,6.873740255832672119e-02,6.814400106668472290e-02,7.833670079708099365e-02,4.581393599510192871e-01,-1.743082106113433838e-01,-8.576914668083190918e-02,-6.686509847640991211e-01,3.656778484582901001e-02,9.294333285652101040e-04,6.060879826545715332e-01,-2.334991991519927979e-01,2.241673916578292847e-01,-2.200197726488113403e-01,1.505321115255355835e-01,1.387825310230255127e-01,6.744644790887832642e-02,6.336175203323364258e-01,-1.969273239374160767e-01,-5.585902929306030273e-01,-8.386516571044921875e-02,-2.780747115612030029e-01,6.246908381581306458e-02,2.498513609170913696e-01,-7.205765843391418457e-01,2.470609098672866821e-01,-4.387990832328796387e-01,2.719417810440063477e-01,-6.703781895339488983e-03,1.685889661312103271e-01
-3.152101933956146240e-01,1.616631746292114258e-01,7.674753069877624512e-01,-1.093319207429885864e-01,2.473668754100799561e-02,9.633337259292602539e-01,2.437677681446075439e-01,4.758018255233764648e-02,7.329025119543075562e-02,1.154175326228141785e-01,6.164077520370483398e-01,-1.441171765327453613e-01,-7.723131775856018066e-02,-6.602954864501953125e-01,3.708075359463691711e-02,1.050385460257530212e-02,6.214634776115417480e-01,-2.440023422241210938e-01,2.083780318498611450e-01,-1.964889615774154663e-01,1.375331729650497437e-01,1.234757006168365479e-01,1.021361425518989563e-01,6.056426763534545898e-01,-2.144448161125183105e-01,-5.466504096984863281e-01,-9.003826975822448730e-02,-2.719565331935882568e-01,5.017357319593429565e-02,2.482920289039611816e-01,-7.077331542968750000e-01,2.545100450515747070e-01,-4.371947646141052246e-01,2.690756320953369141e-01,-4.241420421749353409e-03,1.679964512586593628e-01
-3.476147353649139404e-01,1.818938404321670532e-01,7.488240003585815430e-01,-9.319392591714859009e-02,1.551706250756978989e-02,9.646074175834655762e-01,2.461841106414794922e-01,-2.624707296490669250e-02,1.197260692715644836e-01,1.269242465496063232e-01,9.071049690246582031e-01,-2.154740691184997559e-01,-3.857382386922836304e-02,-6.311072707176208496e-01,4.692226648330688477e-02,-1.627867296338081360e-02,7.299264073371887207e-01,-3.118759393692016602e-01,1.634955555200576782e-01,-1.625024229288101196e-01,1.338404566049575806e-01,1.337809115648269653e-01,1.377426683902740479e-01,5.613691210746765137e-01,-2.299217730760574341e-01,-5.099200010299682617e-01,-1.126896291971206665e-01,-2.476372271776199341e-01,1.324857771396636963e-02,2.060093432664871216e-01,-6.951974034309387207e-01,2.665159702301025391e-01,-4.298509359359741211e-01,2.831760048866271973e-01,-3.118754597380757332e-03,1.581517904996871948e-01
-3.824710249900817871e-01,2.031682431697845459e-01,7.246021032333374023e-01,-8.155513554811477661e-02,3.037657123059034348e-03,9.644297361373901367e-01,2.514256834983825684e-01,-1.196047067642211914e-01,1.788589060306549072e-01,1.268734782934188843e-01,1.181619644165039062e+00,-3.138487637042999268e-01,1.669331453740596771e-02,-6.195798516273498535e-01,6.472609192132949829e-02,-3.730995580554008484e-02,8.911706805229187012e-01,-4.534122943878173828e-01,9.361455589532852173e-02,-1.157643571496009827e-01,1.326123327016830444e-01,1.511769741773605347e-01,1.701262742280960083e-01,5.064628720283508301e-01,-2.274224758148193359e-01,-4.691159725189208984e-01,-1.095575392246246338e-01,-2.146951407194137573e-01,-1.924262754619121552e-02,1.294242143630981445e-01,-6.841797828674316406e-01,2.810966074466705322e-01,-4.391165375709533691e-01,2.725501358509063721e-01,-1.638744212687015533e-02,1.387685537338256836e-01
-4.193914532661437988e-01,2.247762233018875122e-01,7.057348489761352539e-01,-7.542496174573898315e-02,-4.502972587943077087e-03,9.645458459854125977e-01,2.528677582740783691e-01,-2.474005669355392456e-01,2.230348140001296997e-01,1.314592659473419189e-01,1.410356998443603516e+00,-4.205322265625000000e-01,7.043809443712234497e-02,-5.840899944305419922e-01,8.183211833238601685e-02,-2.932020835578441620e-02,9.999395608901977539e-01,-6.017757058143615723e-01,5.389095842838287354e-02,-6.257256120443344116e-02,1.159789338707923889e-01,1.633180975914001465e-01,1.948917210102081299e-01,4.415856897830963135e-01,-2.163359820842742920e-01,-4.322880506515502930e-01,-8.318246155977249146e-02,-1.889130771160125732e-01,-4.050811380147933960e-02,2.652166411280632019e-02,-6.726446747779846191e-01,2.880174517631530762e-01,-4.673748910427093506e-01,2.317600846290588379e-01,-3.543057292699813843e-02,1.064638495445251465e-01
-4.581040441989898682e-01,2.462758421897888184e-01,7.069773674011230469e-01,-7.649412751197814941e-02,7.231877651065587997e-03,9.671350717544555664e-01,2.423758804798126221e-01,-4.005070030689239502e-01,2.364357560873031616e-01,1.409955769777297974e-01,1.523915171623229980e+00,-4.999709725379943848e-01,1.033280119299888611e-01,-5.103325843811035156e-01,4.915127158164978027e-02,-3.035172447562217712e-02,1.001726388931274414e+00,-6.688135862350463867e-01,4.544460028409957886e-02,-1.643065363168716431e-02,7.962706685066223145e-02,1.551676690578460693e-01,2.001618593931198120e-01,3.819164037704467773e-01,-2.004676610231399536e-01,-4.014643430709838867e-01,-5.251496657729148865e-02,-1.862238943576812744e-01,-4.999710619449615479e-02,-8.458992093801498413e-02,-6.468625068664550781e-01,2.836408615112304688e-01,-5.120583772659301758e-01,1.746181696653366089e-01,-5.463975667953491211e-02,5.500856786966323853e-02
-5.000383853912353516e-01,2.673561871051788330e-01,7.238063812255859375e-01,-7.142426073551177979e-02,2.289632335305213928e-02,9.704251289367675781e-01,2.294545620679855347e-01,-5.055363178253173828e-01,2.091706395149230957e-01,1.761077046394348145e-01,1.438079953193664551e+00,-5.131033062934875488e-01,1.052414327859878540e-01,-3.755088746547698975e-01,-6.186166778206825256e-03,-5.236308649182319641e-02,8.970388174057006836e-01,-6.282424330711364746e-01,6.999630481004714966e-02,3.224214166402816772e-02,2.752489224076271057e-02,1.401239931583404541e-01,2.152294963598251343e-01,3.604077994823455811e-01,-1.898693442344665527e-01,-4.017845690250396729e-01,-7.038288563489913940e-02,-2.044213414192199707e-01,-4.988729953765869141e-02,-1.291133165359497070e-01,-6.159436106681823730e-01,2.657356858253479004e-01,-5.684787631034851074e-01,1.569698601961135864e-01,-6.486176699399948120e-02,1.833235286176204681e-02
-5.451968908309936523e-01,2.873207628726959229e-01,7.482121586799621582e-01,-6.163272634148597717e-02,2.984685823321342468e-02,9.746236801147460938e-01,2.131179273128509521e-01,-5.379805564880371094e-01,1.634937375783920288e-01,2.201718688011169434e-01,1.221577286720275879e+00,-4.982936084270477295e-01,8.755865693092346191e-02,-2.149327993392944336e-01,-3.032062575221061707e-02,-4.637163877487182617e-02,7.683485150337219238e-01,-4.865342974662780762e-01,1.439521610736846924e-01,7.613770663738250732e-02,-1.472230441868305206e-02,1.383180618286132812e-01,2.492372393608093262e-01,3.537335693836212158e-01,-1.866155117750167847e-01,-4.189570546150207520e-01,-9.469096362590789795e-02,-2.217498272657394409e-01,-6.653809547424316406e-02,-1.125182360410690308e-01,-5.873579978942871094e-01,2.522562742233276367e-01,-6.181575059890747070e-01,1.584592908620834351e-01,-6.927702575922012329e-02,1.398582197725772858e-02
-5.917267799377441406e-01,3.061552643775939941e-01,7.731137871742248535e-01,-4.791975021362304688e-02,2.876968123018741608e-02,9.789265394210815430e-01,1.964148581027984619e-01,-5.104368329048156738e-01,9.393705427646636963e-02,2.601640820503234863e-01,9.072783589363098145e-01,-4.440678656101226807e-01,5.056350305676460266e-02,-8.118513971567153931e-02,-6.173426657915115356e-02,-5.186209827661514282e-02,6.999633312225341797e-01,-3.052470386028289795e-01,2.162355184555053711e-01,1.023802831768989563e-01,-3.887771815061569214e-02,1.395516246557235718e-01,2.759257853031158447e-01,3.449423909187316895e-01,-1.817467361688613892e-01,-4.203142523765563965e-01,-1.241887137293815613e-01,-2.421489059925079346e-01,-9.040865302085876465e-02,-8.665940910577774048e-02,-5.783234834671020508e-01,2.441280782222747803e-01,-6.542844176292419434e-01,1.535986512899398804e-01,-7.675207406282424927e-02,3.272556513547897339e-02
-6.369020938873291016e-01,3.252739608287811279e-01,7.894408106803894043e-01,-3.187014907598495483e-02,2.954175136983394623e-02,9.819528460502624512e-01,1.840656250715255737e-01,-4.295028448104858398e-01,2.242853865027427673e-03,2.853609621524810791e-01,5.456433296203613281e-01,-3.375951051712036133e-01,2.889803145080804825e-03,-1.771831326186656952e-02,-9.657913446426391602e-02,-6.334682554006576538e-02,7.555861473083496094e-01,-1.369623541831970215e-01,2.617999911308288574e-01,1.042228788137435913e-01,-5.830889195203781128e-02,1.378019601106643677e-01,3.001262545585632324e-01,3.368896543979644775e-01,-1.740862876176834106e-01,-4.219416975975036621e-01,-1.624327301979064941e-01,-2.543921470642089844e-01,-1.284698843955993652e-01,-6.575680524110794067e-02,-5.793295502662658691e-01,2.430635690689086914e-01,-6.716942787170410156e-01,1.458542346954345703e-01,-7.422293722629547119e-02,8.602479100227355957e-02
-6.822443008422851562e-01,3.446897268295288086e-01,7.891492843627929688e-01,-2.492985129356384277e-02,2.967168018221855164e-02,9.842408299446105957e-01,1.725344210863113403e-01,-3.605490624904632568e-01,-6.542579084634780884e-02,2.694511115550994873e-01,3.419396877288818359e-01,-2.738246023654937744e-01,4.547081422060728073e-03,-2.728347666561603546e-02,-1.110991165041923523e-01,-6.939686089754104614e-02,9.258922934532165527e-01,-4.841885343194007874e-02,2.617999911308288574e-01,8.703708648681640625e-02,-6.790014356374740601e-02,1.268137842416763306e-01,3.038296103477478027e-01,3.374506533145904541e-01,-1.714862287044525146e-01,-4.479358196258544922e-01,-1.980401277542114258e-01,-2.563263177871704102e-01,-1.501912027597427368e-01,-4.899596422910690308e-02,-5.780484676361083984e-01,2.538045942783355713e-01,-6.725978255271911621e-01,1.597255766391754150e-01,-7.744345813989639282e-02,1.381650865077972412e-01
-7.316794991493225098e-01,3.597006797790527344e-01,7.727944850921630859e-01,-1.512964069843292236e-02,3.622637316584587097e-02,9.868771433830261230e-01,1.566276550292968750e-01,-3.459368944168090820e-01,-1.152250841259956360e-01,2.370934486389160156e-01,4.195525050163269043e-01,-3.392834961414337158e-01,8.672312647104263306e-02,-6.774841994047164917e-02,-1.505011767148971558e-01,-5.072595179080963135e-02,1.156402468681335449e+00,-5.738303065299987793e-02,2.617964744567871094e-01,5.254663527011871338e-02,-8.546482771635055542e-02,1.226539313793182373e-01,2.756979465484619141e-01,3.512053489685058594e-01,-1.805839538574218750e-01,-4.886993467807769775e-01,-2.008786648511886597e-01,-2.564014792442321777e-01,-1.572664380073547363e-01,-2.016308717429637909e-02,-5.649093985557556152e-01,2.550436556339263916e-01,-6.568469405174255371e-01,1.618861109018325806e-01,-7.099369168281555176e-02,1.734818369150161743e-01
-7.806547284126281738e-01,3.754111528396606445e-01,7.527703046798706055e-01,-5.200080573558807373e-03,5.171209201216697693e-02,9.890298843383789062e-01,1.382703185081481934e-01,-3.415696918964385986e-01,-1.528969556093215942e-01,2.131731957197189331e-01,6.089377403259277344e-01,-4.893470704555511475e-01,2.076586782932281494e-01,-1.533004045486450195e-01,-2.127385586500167847e-01,-2.634757757186889648e-02,1.391369819641113281e+00,-1.218596771359443665e-01,2.271094769239425659e-01,1.849002391099929810e-02,-1.170002818107604980e-01,1.342116892337799072e-01,2.068576514720916748e-01,3.855185806751251221e-01,-1.898014843463897705e-01,-5.371836423873901367e-01,-1.625678092241287231e-01,-2.562517523765563965e-01,-1.660811901092529297e-01,1.082473248243331909e-02,-5.473468303680419922e-01,2.504805028438568115e-01,-6.196900606155395508e-01,1.560385823249816895e-01,-6.253512948751449585e-02,1.934062987565994263e-01
-8.282479047775268555e-01,3.919967710971832275e-01,7.412348985671997070e-01,-1.166635844856500626e-02,5.113147571682929993e-02,9.909298419952392578e-01,1.237236410379409790e-01,-3.515416085720062256e-01,-1.523298174142837524e-01,1.757445037364959717e-01,7.867470383644104004e-01,-6.365807056427001953e-01,2.617964446544647217e-01,-2.932664155960083008e-01,-2.282146066427230835e-01,-1.390893012285232544e-02,1.561125397682189941e+00,-2.127563506364822388e-01,1.746083796024322510e-01,-1.792403683066368103e-02,-1.238761395215988159e-01,1.436262279748916626e-01,9.608597308397293091e-02,4.338605403900146484e-01,-1.980160474777221680e-01,-5.711592435836791992e-01,-1.068601310253143311e-01,-2.507916390895843506e-01,-1.488795727491378784e-01,3.029046393930912018e-02,-5.188530683517456055e-01,2.433298230171203613e-01,-5.764237046241760254e-01,1.478055566549301147e-01,-5.855069682002067566e-02,2.204290777444839478e-01
-8.765420317649841309e-01,4.072682857513427734e-01,7.426583766937255859e-01,-2.258225530385971069e-02,3.884657099843025208e-02,9.923628568649291992e-01,1.148782074451446533e-01,-2.948180735111236572e-01,-1.284304112195968628e-01,1.440621912479400635e-01,8.055831789970397949e-01,-6.873276233673095703e-01,2.517836689949035645e-01,-4.367356002330780029e-01,-2.011407166719436646e-01,-1.860067248344421387e-02,1.604974865913391113e+00,-2.842056155204772949e-01,1.341892927885055542e-01,-6.222009658813476562e-02,-8.864158391952514648e-02,1.299635469913482666e-01,2.308292780071496964e-03,4.612788259983062744e-01,-2.065905779600143433e-01,-6.098611354827880859e-01,-9.651567786931991577e-02,-2.484441101551055908e-01,-1.240868940949440002e-01,6.174984946846961975e-02,-5.260150432586669922e-01,2.330141216516494751e-01,-5.684962868690490723e-01,1.533197909593582153e-01,-5.211561545729637146e-02,2.637951076030731201e-01
-9.256671071052551270e-01,4.239008724689483643e-01,7.619922757148742676e-01,-2.695524133741855621e-02,2.825012430548667908e-02,9.942389130592346191e-01,9.982125461101531982e-02,-1.797740012407302856e-01,-9.826299548149108887e-02,1.179855689406394958e-01,7.311024665832519531e-01,-6.295564770698547363e-01,1.858204603195190430e-01,-5.168906450271606445e-01,-1.728135645389556885e-01,-3.378944844007492065e-02,1.497532606124877930e+00,-3.287923336029052734e-01,1.246930658817291260e-01,-1.243299767374992371e-01,-4.879050701856613159e-02,1.215628832578659058e-01,-5.006690323352813721e-02,4.711508452892303467e-01,-2.107438892126083374e-01,-6.357268095016479492e-01,-1.084356009960174561e-01,-2.532689571380615234e-01,-1.005014330148696899e-01,1.205046474933624268e-01,-5.622823834419250488e-01,2.288378179073333740e-01,-5.817779302597045898e-01,1.864441931247711182e-01,-3.917702287435531616e-02,3.001087605953216553e-01
-9.756966829299926758e-01,4.404733777046203613e-01,7.881979942321777344e-01,-1.971449330449104309e-02,1.518152002245187759e-02,9.960919022560119629e-01,8.474539220333099365e-02,-3.157067298889160156e-02,-7.425662130117416382e-02,9.164595603942871094e-02,6.081223487854003906e-01,-4.950949251651763916e-01,1.003938987851142883e-01,-5.302182435989379883e-01,-1.422549039125442505e-01,-3.702698275446891785e-02,1.276885509490966797e+00,-3.250470459461212158e-01,1.422477066516876221e-01,-1.895125657320022583e-01,-1.530733797699213028e-02,1.168115586042404175e-01,-5.781985819339752197e-02,4.683661758899688721e-01,-2.118429243564605713e-01,-6.554118394851684570e-01,-1.224590241909027100e-01,-2.687465548515319824e-01,-8.433664590120315552e-02,1.805530041456222534e-01,-6.058681011199951172e-01,2.264650762081146240e-01,-5.910268425941467285e-01,2.108847200870513916e-01,-3.010062687098979950e-02,3.159761130809783936e-01
-1.025877952575683594e+00,4.558950066566467285e-01,8.158179521560668945e-01,-9.908557869493961334e-03,5.404662340879440308e-03,9.970729947090148926e-01,7.561770826578140259e-02,1.080112606287002563e-01,-3.599859401583671570e-02,9.660884737968444824e-02,4.993688464164733887e-01,-3.041086196899414062e-01,9.480724693275988102e-04,-4.988634586334228516e-01,-1.027639955282211304e-01,-2.295059338212013245e-02,9.560712575912475586e-01,-2.817557752132415771e-01,1.776211708784103394e-01,-2.383824884891510010e-01,1.322928722947835922e-02,1.079082638025283813e-01,-2.811644785106182098e-02,4.588364064693450928e-01,-2.228093594312667847e-01,-6.616833806037902832e-01,-1.354143321514129639e-01,-2.907060980796813965e-01,-6.961721926927566528e-02,2.398585677146911621e-01,-6.386312246322631836e-01,2.287757694721221924e-01,-5.854110121726989746e-01,2.095698267221450806e-01,-2.449560537934303284e-02,3.092565238475799561e-01
-1.074072599411010742e+00,4.693068265914916992e-01,8.386781215667724609e-01,-1.515902462415397167e-03,-3.602122887969017029e-03,9.971547126770019531e-01,7.528118789196014404e-02,1.847745627164840698e-01,3.076087124645709991e-02,1.358522325754165649e-01,5.044913291931152344e-01,-1.412892192602157593e-01,-9.092473983764648438e-02,-4.196130931377410889e-01,-4.721563309431076050e-02,-8.553240448236465454e-03,5.803107023239135742e-01,-1.878767013549804688e-01,2.211926579475402832e-01,-2.492928057909011841e-01,4.752891883254051208e-02,9.853385388851165771e-02,1.414375565946102142e-02,4.536918103694915771e-01,-2.415376007556915283e-01,-6.553784012794494629e-01,-1.494879275560379028e-01,-3.086170852184295654e-01,-7.313676178455352783e-02,2.920967340469360352e-01,-6.512621045112609863e-01,2.207867056131362915e-01,-5.697312951087951660e-01,1.827896684408187866e-01,-1.928553543984889984e-02,2.945882976055145264e-01
-1.120482206344604492e+00,4.818264842033386230e-01,8.464640378952026367e-01,-1.037774840369820595e-03,-1.009679213166236877e-02,9.968585371971130371e-01,7.854975014925003052e-02,1.776830703020095825e-01,1.028960198163986206e-01,1.719971895217895508e-01,6.634818315505981445e-01,-8.366820961236953735e-02,-1.206674501299858093e-01,-3.404273092746734619e-01,-2.504598349332809448e-03,1.108609212678857148e-04,3.144550919532775879e-01,-8.190158009529113770e-02,2.476482242345809937e-01,-2.326314449310302734e-01,7.201731950044631958e-02,9.502741694450378418e-02,4.328897222876548767e-02,4.550774991512298584e-01,-2.591224312782287598e-01,-6.490898132324218750e-01,-1.785122603178024292e-01,-3.128533065319061279e-01,-9.484437108039855957e-02,3.114931285381317139e-01,-6.591747999191284180e-01,2.085205465555191040e-01,-5.525834560394287109e-01,1.753147542476654053e-01,-1.360464561730623245e-02,2.855346500873565674e-01
-1.168648838996887207e+00,4.943218231201171875e-01,8.341109156608581543e-01,2.758492017164826393e-03,-9.749370627105236053e-03,9.961366057395935059e-01,8.723065257072448730e-02,1.545733362436294556e-01,1.513025611639022827e-01,2.237705290317535400e-01,8.574092388153076172e-01,-9.705150127410888672e-02,-7.717609405517578125e-02,-3.374914824962615967e-01,1.378022786229848862e-02,1.638600602746009827e-02,3.571873605251312256e-01,-1.259064823389053345e-01,2.157727330923080444e-01,-1.955695301294326782e-01,6.424715369939804077e-02,8.860858529806137085e-02,7.882578670978546143e-02,4.430903196334838867e-01,-2.663002610206604004e-01,-6.417265534400939941e-01,-1.811131387948989868e-01,-3.032941520214080811e-01,-1.045862361788749695e-01,3.144905865192413330e-01,-6.614428758621215820e-01,2.223856598138809204e-01,-5.398396253585815430e-01,1.787375956773757935e-01,-6.024875212460756302e-03,2.914180755615234375e-01
-1.214517951011657715e+00,5.062822699546813965e-01,8.111496567726135254e-01,1.525376830250024796e-02,-2.134696952998638153e-02,9.954569339752197266e-01,9.152664989233016968e-02,6.493832916021347046e-02,2.436534315347671509e-01,2.313717603683471680e-01,1.162145376205444336e+00,-2.145078778266906738e-01,1.675258274190127850e-03,-3.413717448711395264e-01,4.469757154583930969e-02,-5.653075873851776123e-03,5.585786104202270508e-01,-2.982056438922882080e-01,1.299569755792617798e-01,-1.449461132287979126e-01,6.497302651405334473e-02,1.143929883837699890e-01,1.088051125407218933e-01,4.225079715251922607e-01,-2.605477571487426758e-01,-6.198393702507019043e-01,-1.905548870563507080e-01,-2.728461325168609619e-01,-1.274521499872207642e-01,2.682366967201232910e-01,-6.624522805213928223e-01,2.493374198675155640e-01,-5.038642883300781250e-01,2.071555405855178833e-01,-6.252841558307409286e-03,2.907693386077880859e-01
-1.260852217674255371e+00,5.164275169372558594e-01,7.880733013153076172e-01,1.666645705699920654e-02,-3.766218200325965881e-02,9.941824078559875488e-01,9.952480345964431763e-02,-5.384504422545433044e-02,3.076495826244354248e-01,1.919005066156387329e-01,1.416449666023254395e+00,-3.613264858722686768e-01,7.701276242733001709e-02,-3.669696748256683350e-01,7.434848695993423462e-02,-2.147751115262508392e-02,8.046514391899108887e-01,-4.849101603031158447e-01,5.735019594430923462e-02,-9.252701699733734131e-02,7.687997072935104370e-02,1.591262966394424438e-01,1.538948565721511841e-01,4.101679027080535889e-01,-2.485688924789428711e-01,-5.653792023658752441e-01,-1.775377690792083740e-01,-2.295612394809722900e-01,-1.406890302896499634e-01,1.802596300840377808e-01,-6.614865064620971680e-01,2.775352597236633301e-01,-4.788120090961456299e-01,1.969931870698928833e-01,-2.072520554065704346e-02,2.636959254741668701e-01
-1.306655526161193848e+00,5.241950750350952148e-01,7.779167294502258301e-01,7.806719746440649033e-03,-3.612366691231727600e-02,9.941323995590209961e-01,1.016606912016868591e-01,-2.017922699451446533e-01,3.204927146434783936e-01,1.709643304347991943e-01,1.560302495956420898e+00,-4.851352870464324951e-01,1.219359785318374634e-01,-3.632939755916595459e-01,7.627245038747787476e-02,-1.812309771776199341e-02,9.231164455413818359e-01,-6.034647226333618164e-01,3.107675164937973022e-02,-3.878764435648918152e-02,7.935437560081481934e-02,1.727871596813201904e-01,1.949278414249420166e-01,3.906118869781494141e-01,-2.225529998540878296e-01,-5.295573472976684570e-01,-1.647114008665084839e-01,-1.990495771169662476e-01,-1.520525366067886353e-01,7.551917433738708496e-02,-6.518164873123168945e-01,2.984648048877716064e-01,-4.785994589328765869e-01,1.728306859731674194e-01,-3.859212622046470642e-02,2.393784523010253906e-01
-1.352442026138305664e+00,5.300605297088623047e-01,7.848398685455322266e-01,-1.808679476380348206e-02,-2.115092240273952484e-02,9.959639310836791992e-01,8.533111959695816040e-02,-3.848399221897125244e-01,2.782261073589324951e-01,1.719302088022232056e-01,1.562515020370483398e+00,-5.168676376342773438e-01,1.396329551935195923e-01,-3.336872756481170654e-01,2.872423082590103149e-02,-3.028555214405059814e-02,9.070926904678344727e-01,-6.150268912315368652e-01,4.900453612208366394e-02,4.063135944306850433e-03,5.375610291957855225e-02,1.407982558012008667e-01,2.512775063514709473e-01,3.844856321811676025e-01,-1.823397278785705566e-01,-5.411840677261352539e-01,-1.841720938682556152e-01,-2.013729065656661987e-01,-1.603344380855560303e-01,-1.935811154544353485e-02,-6.411482095718383789e-01,2.972789406776428223e-01,-5.188035964965820312e-01,1.618337333202362061e-01,-4.592285677790641785e-02,2.118766605854034424e-01
-1.400082707405090332e+00,5.329625606536865234e-01,8.064125180244445801e-01,-2.082503959536552429e-02,-1.086630858480930328e-02,9.977457523345947266e-01,6.286249309778213501e-02,-4.613284766674041748e-01,2.233373671770095825e-01,2.092307060956954956e-01,1.394151806831359863e+00,-4.950471222400665283e-01,1.160861551761627197e-01,-2.030339688062667847e-01,-7.357114925980567932e-03,-3.792353346943855286e-02,7.743488550186157227e-01,-4.917535185813903809e-01,1.162620484828948975e-01,6.591973453760147095e-02,2.321198768913745880e-02,1.189211457967758179e-01,3.407219946384429932e-01,3.969058394432067871e-01,-1.634884923696517944e-01,-5.641704201698303223e-01,-2.196104079484939575e-01,-2.180730104446411133e-01,-1.549751162528991699e-01,-2.664083242416381836e-02,-6.247842907905578613e-01,2.727541923522949219e-01,-5.972603559494018555e-01,1.611042171716690063e-01,-5.031580105423927307e-02,1.706715375185012817e-01
-1.448175907135009766e+00,5.335559248924255371e-01,8.346560597419738770e-01,-1.490337774157524109e-02,-8.352185599505901337e-03,9.990885853767395020e-01,3.911761194467544556e-02,-4.726943373680114746e-01,1.779862791299819946e-01,2.476020902395248413e-01,1.151254415512084961e+00,-4.526043534278869629e-01,7.787613570690155029e-02,-6.435090303421020508e-02,-3.155947104096412659e-02,-4.043274000287055969e-02,6.514496207237243652e-01,-3.088504076004028320e-01,1.954858750104904175e-01,1.220763698220252991e-01,3.957180306315422058e-03,1.111754626035690308e-01,4.104275107383728027e-01,4.046118855476379395e-01,-1.562648266553878784e-01,-5.743479132652282715e-01,-2.531252205371856689e-01,-2.318349629640579224e-01,-1.689279377460479736e-01,-4.138843622058629990e-03,-6.183390021324157715e-01,2.465351670980453491e-01,-6.602257490158081055e-01,1.630039662122726440e-01,-5.583954975008964539e-02,1.536463797092437744e-01
-1.495316386222839355e+00,5.331349968910217285e-01,8.599580526351928711e-01,-7.620110642164945602e-03,-1.008091215044260025e-02,9.998345971107482910e-01,1.307862345129251480e-02,-4.402030408382415771e-01,1.113300994038581848e-01,2.826068103313446045e-01,8.280138969421386719e-01,-3.669458627700805664e-01,1.349394768476486206e-02,3.881339728832244873e-02,-5.688365176320075989e-02,-6.237997859716415405e-02,5.993092656135559082e-01,-1.103471070528030396e-01,2.617999911308288574e-01,1.502836495637893677e-01,-6.605715956538915634e-03,1.039132699370384216e-01,4.521187543869018555e-01,3.961366117000579834e-01,-1.410327553749084473e-01,-5.650369524955749512e-01,-2.793407738208770752e-01,-2.380645573139190674e-01,-1.927450746297836304e-01,2.255209721624851227e-02,-6.185284852981567383e-01,2.167152315378189087e-01,-7.029648423194885254e-01,1.582811772823333740e-01,-6.448541581630706787e-02,1.590219140052795410e-01
-1.540499210357666016e+00,5.359289646148681641e-01,8.759873509407043457e-01,-1.108983438462018967e-02,-1.068013068288564682e-02,9.998252987861633301e-01,-1.059725694358348846e-02,-3.553481996059417725e-01,3.127745911478996277e-02,3.049478530883789062e-01,4.520960152149200439e-01,-2.324948757886886597e-01,-4.953373968601226807e-02,6.294403225183486938e-02,-7.578700780868530273e-02,-1.053743213415145874e-01,6.681765317916870117e-01,3.544387966394424438e-02,2.617999911308288574e-01,1.525183916091918945e-01,-1.391042023897171021e-02,9.020438790321350098e-02,4.689490199089050293e-01,3.747746944427490234e-01,-1.288471668958663940e-01,-5.578561425209045410e-01,-3.173341751098632812e-01,-2.416763156652450562e-01,-2.285811901092529297e-01,4.858577623963356018e-02,-6.243959665298461914e-01,1.997235715389251709e-01,-7.253485321998596191e-01,1.517701596021652222e-01,-6.794443726539611816e-02,1.901814192533493042e-01
-1.586610317230224609e+00,5.312402248382568359e-01,8.720660805702209473e-01,-1.685382053256034851e-02,-9.996443055570125580e-03,9.991744160652160645e-01,-3.558782860636711121e-02,-3.013474345207214355e-01,-3.807283937931060791e-02,3.048843443393707275e-01,2.820357978343963623e-01,-1.645760983228683472e-01,-3.848668932914733887e-02,2.896805107593536377e-02,-1.156008392572402954e-01,-1.298150569200515747e-01,8.467616438865661621e-01,3.529540076851844788e-02,2.617999911308288574e-01,1.247522309422492981e-01,-2.030101232230663300e-02,7.855012267827987671e-02,4.625104367733001709e-01,3.507585227489471436e-01,-1.344076842069625854e-01,-5.647207498550415039e-01,-3.480119109153747559e-01,-2.317730486392974854e-01,-2.481006383895874023e-01,7.250639796257019043e-02,-6.202944517135620117e-01,1.896852701902389526e-01,-7.294526100158691406e-01,1.589725762605667114e-01,-6.296344846487045288e-02,2.224970757961273193e-01
-1.634047746658325195e+00,5.219924449920654297e-01,8.538345098495483398e-01,-1.450698915868997574e-02,-3.016386879608035088e-03,9.980384111404418945e-01,-6.082616373896598816e-02,-2.862078249454498291e-01,-9.180406481027603149e-02,2.833789288997650146e-01,3.548531234264373779e-01,-2.278096675872802734e-01,4.889206960797309875e-02,-3.335386514663696289e-02,-1.699642837047576904e-01,-1.090958639979362488e-01,1.084166169166564941e+00,-3.870772570371627808e-02,2.617925703525543213e-01,7.955744117498397827e-02,-3.897800669074058533e-02,8.574036508798599243e-02,4.244887232780456543e-01,3.427084088325500488e-01,-1.522991657257080078e-01,-5.838479399681091309e-01,-3.436324596405029297e-01,-2.226983159780502319e-01,-2.486849576234817505e-01,9.913257509469985962e-02,-5.998647809028625488e-01,1.930227726697921753e-01,-7.098991870880126953e-01,1.578175276517868042e-01,-4.967822134494781494e-02,2.556692659854888916e-01
-1.680164098739624023e+00,5.146842002868652344e-01,8.288924694061279297e-01,-1.068596821278333664e-02,1.507885009050369263e-02,9.961961507797241211e-01,-8.515695482492446899e-02,-3.194427490234375000e-01,-1.375039666891098022e-01,2.576240599155426025e-01,5.752388238906860352e-01,-4.222930371761322021e-01,1.751622557640075684e-01,-1.569130271673202515e-01,-2.232500612735748291e-01,-5.621388554573059082e-02,1.343043565750122070e+00,-1.250770092010498047e-01,2.458273768424987793e-01,2.786141447722911835e-02,-7.929645478725433350e-02,1.165395081043243408e-01,3.051828444004058838e-01,3.631212711334228516e-01,-1.744172722101211548e-01,-5.812814831733703613e-01,-2.876027524471282959e-01,-2.074135541915893555e-01,-2.371915876865386963e-01,1.112614423036575317e-01,-5.647201538085937500e-01,1.908512711524963379e-01,-6.489976644515991211e-01,1.472956091165542603e-01,-4.000576958060264587e-02,2.818626463413238525e-01
-1.726409673690795898e+00,5.082023143768310547e-01,8.128075003623962402e-01,-1.509123016148805618e-02,1.763805001974105835e-02,9.941677451133728027e-01,-1.053167954087257385e-01,-3.405708074569702148e-01,-1.490161865949630737e-01,2.185585945844650269e-01,7.559126615524291992e-01,-5.841913819313049316e-01,2.407993823289871216e-01,-3.055286109447479248e-01,-2.257303297519683838e-01,-1.454875990748405457e-02,1.516360282897949219e+00,-2.326128780841827393e-01,2.022140920162200928e-01,-2.812280505895614624e-02,-9.146866947412490845e-02,1.270540356636047363e-01,1.399426311254501343e-01,3.981928527355194092e-01,-1.982628554105758667e-01,-5.866540670394897461e-01,-2.158634364604949951e-01,-2.087398022413253784e-01,-2.154033333063125610e-01,1.332743167877197266e-01,-5.387226343154907227e-01,2.012490779161453247e-01,-5.697545409202575684e-01,1.283434927463531494e-01,-3.588990494608879089e-02,2.982131242752075195e-01
-1.773115873336791992e+00,5.003445148468017578e-01,8.155222535133361816e-01,-2.691714838147163391e-02,3.065068274736404419e-03,9.927133321762084961e-01,-1.174149811267852783e-01,-2.915497124195098877e-01,-1.381551325321197510e-01,1.587578356266021729e-01,7.592735290527343750e-01,-6.371137499809265137e-01,2.172253876924514771e-01,-4.399083852767944336e-01,-1.892798840999603271e-01,-8.874897845089435577e-03,1.531559586524963379e+00,-3.119321465492248535e-01,1.569820195436477661e-01,-9.299536794424057007e-02,-5.347654968500137329e-02,1.121456101536750793e-01,-3.339343518018722534e-02,4.190546572208404541e-01,-2.204342782497406006e-01,-6.292846202850341797e-01,-1.746017336845397949e-01,-2.196357697248458862e-01,-1.866932958364486694e-01,1.608230471611022949e-01,-5.438009500503540039e-01,2.047808468341827393e-01,-5.217592716217041016e-01,1.212649196386337280e-01,-3.782992437481880188e-02,3.281255364418029785e-01
-1.821143150329589844e+00,4.912893176078796387e-01,8.355603218078613281e-01,-2.439022436738014221e-02,-7.554000243544578552e-03,9.903965592384338379e-01,-1.358775496482849121e-01,-1.531541496515274048e-01,-1.056404188275337219e-01,1.337634921073913574e-01,6.724595427513122559e-01,-5.573558807373046875e-01,1.544082164764404297e-01,-4.997900128364562988e-01,-1.640455126762390137e-01,-2.355106361210346222e-02,1.394001126289367676e+00,-3.556341826915740967e-01,1.350136548280715942e-01,-1.726251989603042603e-01,-1.320136152207851410e-02,1.045028641819953918e-01,-1.448725461959838867e-01,4.227018058300018311e-01,-2.290822863578796387e-01,-6.635525822639465332e-01,-1.678917557001113892e-01,-2.435369044542312622e-01,-1.557726114988327026e-01,2.075801640748977661e-01,-5.745636820793151855e-01,1.973179727792739868e-01,-5.264225006103515625e-01,1.417021751403808594e-01,-4.001807793974876404e-02,3.328205049037933350e-01
-1.870119094848632812e+00,4.811980128288269043e-01,8.634842634201049805e-01,-1.628233864903450012e-02,-1.311547495424747467e-02,9.876194000244140625e-01,-1.554697602987289429e-01,2.916324010584503412e-04,-8.589990437030792236e-02,1.136194765567779541e-01,5.459148287773132324e-01,-3.946792483329772949e-01,6.436873227357864380e-02,-4.939108788967132568e-01,-1.329610645771026611e-01,-2.993297018110752106e-02,1.144753336906433105e+00,-3.478979170322418213e-01,1.496247649192810059e-01,-2.441677004098892212e-01,1.430724747478961945e-02,1.021013334393501282e-01,-1.841177046298980713e-01,4.184942543506622314e-01,-2.270932495594024658e-01,-6.832094788551330566e-01,-1.598359346389770508e-01,-2.765594124794006348e-01,-1.259775757789611816e-01,2.695913910865783691e-01,-6.083421707153320312e-01,1.840110719203948975e-01,-5.385070443153381348e-01,1.562900692224502563e-01,-3.874194994568824768e-02,3.207527101039886475e-01
-1.918179750442504883e+00,4.698124825954437256e-01,8.905922770500183105e-01,-6.554951891303062439e-03,-1.773663051426410675e-02,9.856017827987670898e-01,-1.680226624011993408e-01,1.119479611515998840e-01,-4.157883301377296448e-02,1.261096894741058350e-01,4.864618182182312012e-01,-1.982750743627548218e-01,-3.665884584188461304e-02,-4.579638540744781494e-01,-8.497601002454757690e-02,-2.550244145095348358e-02,8.374207615852355957e-01,-2.945841252803802490e-01,1.816299110651016235e-01,-2.859136760234832764e-01,4.076309129595756531e-02,9.178155660629272461e-02,-1.786598414182662964e-01,4.079618752002716064e-01,-2.310194224119186401e-01,-6.986323595046997070e-01,-1.593348085880279541e-01,-3.091970980167388916e-01,-1.040416359901428223e-01,3.327673077583312988e-01,-6.256067752838134766e-01,1.635389178991317749e-01,-5.387017726898193359e-01,1.426365971565246582e-01,-3.220168873667716980e-02,3.051843643188476562e-01
-1.963841319084167480e+00,4.575240910053253174e-01,9.109423756599426270e-01,-8.310248376801609993e-04,-2.905797213315963745e-02,9.846766591072082520e-01,-1.719499230384826660e-01,1.362970769405364990e-01,3.292339295148849487e-02,1.544643193483352661e-01,5.758343338966369629e-01,-6.469491869211196899e-02,-1.147330403327941895e-01,-3.901024460792541504e-01,-1.428868807852268219e-02,-2.457200735807418823e-02,5.070965290069580078e-01,-1.949882656335830688e-01,2.106069326400756836e-01,-2.850192785263061523e-01,7.691144198179244995e-02,8.891663700342178345e-02,-1.574850678443908691e-01,4.014833569526672363e-01,-2.386377751827239990e-01,-7.047162652015686035e-01,-1.626832336187362671e-01,-3.266898393630981445e-01,-9.580779820680618286e-02,3.777652084827423096e-01,-6.258516311645507812e-01,1.400472372770309448e-01,-5.259253978729248047e-01,1.268783509731292725e-01,-2.460450120270252228e-02,3.026653826236724854e-01
-2.008589982986450195e+00,4.454194605350494385e-01,9.144808650016784668e-01,-1.527509739389643073e-04,-3.326172754168510437e-02,9.836664199829101562e-01,-1.769012063741683960e-01,8.163466304540634155e-02,1.152035742998123169e-01,1.937345564365386963e-01,7.997606396675109863e-01,-3.735887259244918823e-02,-1.329235583543777466e-01,-3.309927880764007568e-01,3.149017319083213806e-02,-3.043440915644168854e-02,2.919910252094268799e-01,-1.150298267602920532e-01,2.245717048645019531e-01,-2.663950920104980469e-01,9.653120487928390503e-02,8.952663838863372803e-02,-1.237908899784088135e-01,3.958618342876434326e-01,-2.383648306131362915e-01,-7.066754102706909180e-01,-2.042596340179443359e-01,-3.321779966354370117e-01,-1.146804243326187134e-01,3.969294726848602295e-01,-6.126346588134765625e-01,1.211490631103515625e-01,-5.103009343147277832e-01,1.313599944114685059e-01,-1.209045480936765671e-02,3.018590509891510010e-01
-2.054382801055908203e+00,4.318926036357879639e-01,8.994070291519165039e-01,4.462468903511762619e-03,-3.486602753400802612e-02,9.839303493499755859e-01,-1.750584691762924194e-01,1.752630248665809631e-02,1.855842322111129761e-01,2.316538840532302856e-01,1.052657723426818848e+00,-8.989088237285614014e-02,-7.785768806934356689e-02,-3.271142244338989258e-01,5.556061491370201111e-02,-1.447789091616868973e-02,3.497072458267211914e-01,-1.747857332229614258e-01,1.811550706624984741e-01,-2.284672856330871582e-01,8.950821310281753540e-02,1.083635687828063965e-01,-6.970844417810440063e-02,3.846167027950286865e-01,-2.329296171665191650e-01,-6.856073141098022461e-01,-2.220499366521835327e-01,-3.167958259582519531e-01,-1.286621540784835815e-01,3.871144056320190430e-01,-6.033267974853515625e-01,1.268640905618667603e-01,-4.988986551761627197e-01,1.505066901445388794e-01,-9.793182834982872009e-03,2.960540354251861572e-01
-2.099602699279785156e+00,4.174728095531463623e-01,8.767439126968383789e-01,1.562018319964408875e-02,-4.295581206679344177e-02,9.840940237045288086e-01,-1.716675013303756714e-01,-7.943086326122283936e-02,2.648192942142486572e-01,2.299553155899047852e-01,1.327423810958862305e+00,-2.116038650274276733e-01,5.233545787632465363e-03,-3.475763499736785889e-01,8.050104975700378418e-02,-1.990681141614913940e-02,5.628284215927124023e-01,-3.280289471149444580e-01,9.885101765394210815e-02,-1.766265779733657837e-01,8.857787400484085083e-02,1.485083848237991333e-01,-2.130491891875863075e-03,3.689801990985870361e-01,-2.192666381597518921e-01,-6.287498474121093750e-01,-2.182216346263885498e-01,-2.786006629467010498e-01,-1.402931809425354004e-01,3.375986218452453613e-01,-5.968477725982666016e-01,1.446693688631057739e-01,-4.912109375000000000e-01,1.537175476551055908e-01,-1.962381415069103241e-02,2.771796882152557373e-01
-2.143413543701171875e+00,4.022073149681091309e-01,8.518263101577758789e-01,1.767820492386817932e-02,-4.438974708318710327e-02,9.839873313903808594e-01,-1.717147082090377808e-01,-2.195197790861129761e-01,3.076519072055816650e-01,1.989977657794952393e-01,1.558606743812561035e+00,-3.570121824741363525e-01,8.192167431116104126e-02,-4.136563539505004883e-01,8.307059854269027710e-02,-2.916541323065757751e-02,8.467451333999633789e-01,-5.190562009811401367e-01,3.100565634667873383e-02,-1.274517476558685303e-01,8.811693638563156128e-02,1.902550011873245239e-01,6.746418774127960205e-02,3.537810146808624268e-01,-2.044728100299835205e-01,-5.233245491981506348e-01,-1.891272217035293579e-01,-2.203770875930786133e-01,-1.375641226768493652e-01,2.298042476177215576e-01,-6.019424200057983398e-01,1.821749806404113770e-01,-4.680534005165100098e-01,1.417213082313537598e-01,-3.327043354511260986e-02,2.385533004999160767e-01
-2.186265468597412109e+00,3.836836218833923340e-01,8.431035280227661133e-01,3.978395368903875351e-03,-4.126318544149398804e-02,9.831274151802062988e-01,-1.781627535820007324e-01,-3.711201846599578857e-01,3.047332167625427246e-01,1.947130560874938965e-01,1.660544157028198242e+00,-4.585349261760711670e-01,1.326660960912704468e-01,-4.082315862178802490e-01,6.595955789089202881e-02,-1.897778548300266266e-02,9.471995234489440918e-01,-6.301574707031250000e-01,1.535351295024156570e-02,-6.980701535940170288e-02,7.774240523576736450e-02,1.915433555841445923e-01,1.487617343664169312e-01,3.370752930641174316e-01,-1.864071488380432129e-01,-4.699108600616455078e-01,-1.685119271278381348e-01,-1.913996040821075439e-01,-1.315106004476547241e-01,1.305634677410125732e-01,-5.993804931640625000e-01,1.944825798273086548e-01,-4.837355017662048340e-01,1.053891479969024658e-01,-4.677316173911094666e-02,1.907549053430557251e-01
-2.229048252105712891e+00,3.625843524932861328e-01,8.506826758384704590e-01,-1.361228432506322861e-02,-3.043144196271896362e-02,9.803621768951416016e-01,-1.943672746419906616e-01,-4.906122386455535889e-01,2.662599980831146240e-01,2.177643775939941406e-01,1.604090571403503418e+00,-4.845396578311920166e-01,1.446496248245239258e-01,-3.358011543750762939e-01,1.543529611080884933e-02,-1.975632272660732269e-02,9.066180586814880371e-01,-6.548488140106201172e-01,4.170275107026100159e-02,-1.271456945687532425e-02,4.680787026882171631e-02,1.653332859277725220e-01,2.452013939619064331e-01,3.358086049556732178e-01,-1.721178889274597168e-01,-4.821574389934539795e-01,-1.833190768957138062e-01,-1.933343857526779175e-01,-1.316556483507156372e-01,7.228247076272964478e-02,-5.780037641525268555e-01,1.872789561748504639e-01,-5.373176336288452148e-01,8.879141509532928467e-02,-5.508578196167945862e-02,1.295029819011688232e-01
-2.271782398223876953e+00,3.385303020477294922e-01,8.709643483161926270e-01,-1.773198693990707397e-02,-2.083808556199073792e-02,9.773660302162170410e-01,-2.097783684730529785e-01,-5.331525802612304688e-01,2.241006195545196533e-01,2.575534582138061523e-01,1.420395731925964355e+00,-4.645305573940277100e-01,1.199481189250946045e-01,-2.008804082870483398e-01,-2.681207284331321716e-02,-2.281843684613704681e-02,7.942794561386108398e-01,-5.462031960487365723e-01,1.046139746904373169e-01,5.277640372514724731e-02,1.575670950114727020e-02,1.513935029506683350e-01,3.452202379703521729e-01,3.453747332096099854e-01,-1.656251400709152222e-01,-5.057802200317382812e-01,-2.039517015218734741e-01,-2.147033363580703735e-01,-1.233281940221786499e-01,7.140286266803741455e-02,-5.517219901084899902e-01,1.657472401857376099e-01,-6.101499795913696289e-01,9.335454553365707397e-02,-6.870553642511367798e-02,7.026430219411849976e-02
-2.314036846160888672e+00,3.126649856567382812e-01,8.978257775306701660e-01,-1.367187872529029846e-02,-1.570025831460952759e-02,9.747275710105895996e-01,-2.224247604608535767e-01,-5.288968682289123535e-01,1.762554496526718140e-01,2.921976745128631592e-01,1.146979451179504395e+00,-4.163968861103057861e-01,6.553293019533157349e-02,-4.347755387425422668e-02,-6.063580140471458435e-02,-4.019758477807044983e-02,6.614928841590881348e-01,-3.746765255928039551e-01,1.776159405708312988e-01,1.150621101260185242e-01,-9.171520359814167023e-03,1.478222012519836426e-01,4.227375090122222900e-01,3.578781485557556152e-01,-1.561667174100875854e-01,-5.254506468772888184e-01,-2.220389842987060547e-01,-2.413941174745559692e-01,-1.241163760423660278e-01,8.844755589962005615e-02,-5.406826734542846680e-01,1.454577594995498657e-01,-6.729539632797241211e-01,1.015782877802848816e-01,-8.449603617191314697e-02,4.357856512069702148e-02
-2.354997873306274414e+00,2.863077521324157715e-01,9.221822619438171387e-01,-1.193097885698080063e-02,-1.379093248397111893e-02,9.707806110382080078e-01,-2.392747700214385986e-01,-4.947721660137176514e-01,1.072981506586074829e-01,3.132302165031433105e-01,8.241502642631530762e-01,-3.204546868801116943e-01,-9.192518336931243539e-05,7.026237994432449341e-02,-9.758225828409194946e-02,-6.874056905508041382e-02,5.979711413383483887e-01,-1.763319373130798340e-01,2.490523606538772583e-01,1.518355160951614380e-01,-2.760316245257854462e-02,1.418576389551162720e-01,4.778048098087310791e-01,3.582185506820678711e-01,-1.441971063613891602e-01,-5.294610261917114258e-01,-2.494515180587768555e-01,-2.584923207759857178e-01,-1.470978856086730957e-01,1.105198338627815247e-01,-5.495784878730773926e-01,1.271871328353881836e-01,-7.200219631195068359e-01,1.033123582601547241e-01,-9.268355369567871094e-02,5.650468543171882629e-02
-2.395153760910034180e+00,2.633310854434967041e-01,9.384251832962036133e-01,-1.810785382986068726e-02,-8.487449958920478821e-03,9.655726552009582520e-01,-2.593635916709899902e-01,-3.989237546920776367e-01,1.102454960346221924e-02,3.107631802558898926e-01,4.262874722480773926e-01,-1.667129844427108765e-01,-6.486576050519943237e-02,9.816524386405944824e-02,-1.402256339788436890e-01,-1.129865124821662903e-01,6.674441099166870117e-01,-2.056244201958179474e-02,2.617999911308288574e-01,1.553793549537658691e-01,-4.603640735149383545e-02,1.298249959945678711e-01,5.062531232833862305e-01,3.486894071102142334e-01,-1.369027495384216309e-01,-5.410414934158325195e-01,-2.934085726737976074e-01,-2.649689018726348877e-01,-1.843663305044174194e-01,1.271626353263854980e-01,-5.652371644973754883e-01,1.279170364141464233e-01,-7.412920594215393066e-01,1.004763916134834290e-01,-9.251879900693893433e-02,8.731286972761154175e-02
-2.433529615402221680e+00,2.362200021743774414e-01,9.363545775413513184e-01,-2.311134338378906250e-02,-2.110553206875920296e-03,9.603478908538818359e-01,-2.778368592262268066e-01,-3.143266141414642334e-01,-6.357403099536895752e-02,3.000276982784271240e-01,2.050558775663375854e-01,-7.642971724271774292e-02,-6.143454834818840027e-02,6.825377792119979858e-02,-1.931804120540618896e-01,-1.323955655097961426e-01,8.468911647796630859e-01,1.623433269560337067e-02,2.617999911308288574e-01,1.335073709487915039e-01,-5.839277431368827820e-02,1.206456869840621948e-01,5.053827166557312012e-01,3.281603753566741943e-01,-1.401893347501754761e-01,-5.556979775428771973e-01,-3.278615474700927734e-01,-2.602485120296478271e-01,-2.123677134513854980e-01,1.348930001258850098e-01,-5.720353126525878906e-01,1.359140872955322266e-01,-7.467604875564575195e-01,1.074985191226005554e-01,-8.844469487667083740e-02,1.266551762819290161e-01
-2.471844911575317383e+00,2.067277431488037109e-01,9.200769066810607910e-01,-2.265598438680171967e-02,7.321458775550127029e-03,9.550139307975769043e-01,-2.956035435199737549e-01,-2.962506413459777832e-01,-1.119169816374778748e-01,2.728117108345031738e-01,2.598929107189178467e-01,-1.365768462419509888e-01,1.843279227614402771e-02,1.848078146576881409e-02,-2.581391036510467529e-01,-1.230880245566368103e-01,1.071678996086120605e+00,-4.593711718916893005e-02,2.351606041193008423e-01,9.295548498630523682e-02,-8.183606714010238647e-02,1.223194301128387451e-01,4.703698456287384033e-01,3.289396762847900391e-01,-1.619838327169418335e-01,-5.760877728462219238e-01,-3.230585753917694092e-01,-2.494871467351913452e-01,-2.230971306562423706e-01,1.469343006610870361e-01,-5.586645603179931641e-01,1.502706408500671387e-01,-7.328511476516723633e-01,1.016993895173072815e-01,-7.702054083347320557e-02,1.579819619655609131e-01
-2.509673833847045898e+00,1.791324168443679810e-01,8.970504999160766602e-01,-1.792363263666629791e-02,2.262019366025924683e-02,9.495274424552917480e-01,-3.123534023761749268e-01,-3.352040052413940430e-01,-1.439808458089828491e-01,2.543798983097076416e-01,5.016372203826904297e-01,-3.183273077011108398e-01,1.411449760198593140e-01,-8.666563779115676880e-02,-3.160518407821655273e-01,-7.365493476390838623e-02,1.317086935043334961e+00,-1.326597034931182861e-01,1.964208185672760010e-01,4.392358288168907166e-02,-1.229295954108238220e-01,1.493326276540756226e-01,3.680634498596191406e-01,3.568570613861083984e-01,-1.867132186889648438e-01,-5.710291862487792969e-01,-2.749123871326446533e-01,-2.262133359909057617e-01,-2.175290882587432861e-01,1.355550885200500488e-01,-5.319564938545227051e-01,1.574184596538543701e-01,-6.856179237365722656e-01,9.744228422641754150e-02,-5.417310446500778198e-02,1.905782669782638550e-01
-2.547760486602783203e+00,1.519230753183364868e-01,8.794599175453186035e-01,-1.831381581723690033e-02,2.451539039611816406e-02,9.430950880050659180e-01,-3.311122059822082520e-01,-3.710640072822570801e-01,-1.425179243087768555e-01,2.382399588823318481e-01,7.288155555725097656e-01,-4.944198429584503174e-01,2.196315377950668335e-01,-2.284124195575714111e-01,-3.223556876182556152e-01,-3.632653132081031799e-02,1.479617118835449219e+00,-2.421911358833312988e-01,1.606094390153884888e-01,-1.206104736775159836e-02,-1.391189992427825928e-01,1.630504280328750610e-01,2.233052253723144531e-01,4.015961885452270508e-01,-2.164171636104583740e-01,-5.546404123306274414e-01,-1.886259168386459351e-01,-2.173696756362915039e-01,-1.963303387165069580e-01,1.263191103935241699e-01,-5.079546570777893066e-01,1.699413359165191650e-01,-6.266471743583679199e-01,7.664604485034942627e-02,-4.463097825646400452e-02,2.062097638845443726e-01
-2.586008310317993164e+00,1.244834288954734802e-01,8.762491345405578613e-01,-2.039903588593006134e-02,1.095921453088521957e-02,9.388810992240905762e-01,-3.434619307518005371e-01,-3.478452861309051514e-01,-1.251581758260726929e-01,1.960821002721786499e-01,8.154022097587585449e-01,-5.834641456604003906e-01,2.203274965286254883e-01,-3.680472075939178467e-01,-2.807548940181732178e-01,-3.583434596657752991e-02,1.507508039474487305e+00,-3.394935429096221924e-01,1.277793347835540771e-01,-6.820060312747955322e-02,-1.148007288575172424e-01,1.530372798442840576e-01,8.066599816083908081e-02,4.299675822257995605e-01,-2.521489560604095459e-01,-5.499220490455627441e-01,-1.464463323354721069e-01,-2.189453542232513428e-01,-1.527124792337417603e-01,1.303681135177612305e-01,-5.033644437789916992e-01,1.902513653039932251e-01,-5.874978303909301758e-01,7.026871293783187866e-02,-5.083289742469787598e-02,2.127048224210739136e-01
-2.624486923217773438e+00,9.600315988063812256e-02,8.891755938529968262e-01,-2.099648676812648773e-02,-7.264279294759035110e-03,9.356850981712341309e-01,-3.521360456943511963e-01,-2.577821612358093262e-01,-8.855563402175903320e-02,1.637130677700042725e-01,7.658324241638183594e-01,-5.526727437973022461e-01,1.653933823108673096e-01,-4.652837514877319336e-01,-2.193296998739242554e-01,-6.189909577369689941e-02,1.390404105186462402e+00,-3.723559975624084473e-01,1.107738241553306580e-01,-1.316368132829666138e-01,-6.340970098972320557e-02,1.377600282430648804e-01,-4.221047461032867432e-02,4.344412684440612793e-01,-2.853537201881408691e-01,-5.407518148422241211e-01,-1.408449113368988037e-01,-2.303007096052169800e-01,-1.046536043286323547e-01,1.422804892063140869e-01,-5.435814261436462402e-01,2.036566883325576782e-01,-5.849291086196899414e-01,1.016419008374214172e-01,-5.217246338725090027e-02,2.217418998479843140e-01
-2.663779735565185547e+00,6.641452759504318237e-02,9.122188687324523926e-01,-1.340189948678016663e-02,-1.154948770999908447e-02,9.312124848365783691e-01,-3.640471994876861572e-01,-1.031901091337203979e-01,-6.747373938560485840e-02,1.540756523609161377e-01,6.398715376853942871e-01,-4.287008643150329590e-01,8.320063352584838867e-02,-4.792479872703552246e-01,-1.775578409433364868e-01,-8.860369771718978882e-02,1.146847486495971680e+00,-3.699463903903961182e-01,1.273130923509597778e-01,-2.053957432508468628e-01,-3.014417737722396851e-02,1.262982636690139771e-01,-9.273529797792434692e-02,4.264476299285888672e-01,-3.051525056362152100e-01,-5.473077893257141113e-01,-1.438002884387969971e-01,-2.582311630249023438e-01,-7.852146029472351074e-02,1.834045797586441040e-01,-5.852636694908142090e-01,2.091114670038223267e-01,-6.040458679199218750e-01,1.305385679006576538e-01,-4.968885704874992371e-02,2.195606976747512817e-01
-2.702534437179565430e+00,3.622232750058174133e-02,9.377729892730712891e-01,-2.407417632639408112e-03,-1.202438864856958389e-02,9.297475814819335938e-01,-3.679932951927185059e-01,4.739080369472503662e-02,-3.379417210817337036e-02,1.636356264352798462e-01,5.215616822242736816e-01,-2.636525332927703857e-01,-1.243081130087375641e-02,-4.448985755443572998e-01,-1.219221577048301697e-01,-1.042740046977996826e-01,8.241739273071289062e-01,-3.122020065784454346e-01,1.589525640010833740e-01,-2.551774978637695312e-01,1.877307367976754904e-04,1.143348291516304016e-01,-9.602980315685272217e-02,4.178857207298278809e-01,-3.193889260292053223e-01,-5.532647967338562012e-01,-1.536692082881927490e-01,-2.844151258468627930e-01,-6.682273745536804199e-02,2.344049811363220215e-01,-6.129677891731262207e-01,2.007344216108322144e-01,-6.102379560470581055e-01,1.347332447767257690e-01,-4.587766900658607483e-02,2.117705941200256348e-01
-2.739221096038818359e+00,6.763226818293333054e-03,9.588937163352966309e-01,9.010541252791881561e-03,-1.788618974387645721e-02,9.314956068992614746e-01,-3.632008731365203857e-01,1.214575618505477905e-01,3.072184324264526367e-02,1.971875578165054321e-01,5.293105244636535645e-01,-1.298210173845291138e-01,-9.304023534059524536e-02,-3.654590249061584473e-01,-4.776984453201293945e-02,-1.264814585447311401e-01,4.565854966640472412e-01,-1.999719142913818359e-01,1.968464106321334839e-01,-2.636692225933074951e-01,3.996625915169715881e-02,1.077999994158744812e-01,-7.371308654546737671e-02,4.188136756420135498e-01,-3.222984075546264648e-01,-5.567893981933593750e-01,-1.714373528957366943e-01,-3.014361858367919922e-01,-7.299501448869705200e-02,2.791195213794708252e-01,-6.246543526649475098e-01,1.748504787683486938e-01,-6.043206453323364258e-01,1.209913715720176697e-01,-4.151998460292816162e-02,2.138095200061798096e-01
-2.775217294692993164e+00,-2.152291312813758850e-02,9.629298448562622070e-01,1.618253625929355621e-02,-1.824618317186832428e-02,9.323787093162536621e-01,-3.606593608856201172e-01,1.143649071455001831e-01,9.804059565067291260e-02,2.260193377733230591e-01,6.923983693122863770e-01,-8.048461377620697021e-02,-1.204527765512466431e-01,-2.992990016937255859e-01,6.724447477608919144e-03,-1.370840519666671753e-01,2.255443334579467773e-01,-9.352158755064010620e-02,2.122194468975067139e-01,-2.542469203472137451e-01,6.764525175094604492e-02,1.085311844944953918e-01,-4.389424994587898254e-02,4.189042448997497559e-01,-3.181658983230590820e-01,-5.694636702537536621e-01,-2.098993957042694092e-01,-3.017651140689849854e-01,-9.401628375053405762e-02,3.057325184345245361e-01,-6.311681270599365234e-01,1.510678976774215698e-01,-5.989723801612854004e-01,1.263274997472763062e-01,-3.236716240644454956e-02,2.298877984285354614e-01
-2.812064647674560547e+00,-5.168499052524566650e-02,9.513194561004638672e-01,2.065183036029338837e-02,-1.568052917718887329e-02,9.346449971199035645e-01,-3.546354770660400391e-01,9.402278810739517212e-02,1.475152820348739624e-01,2.667106091976165771e-01,8.856495022773742676e-01,-7.983380556106567383e-02,-8.259197324514389038e-02,-3.045690357685089111e-01,2.498503588140010834e-02,-1.215991973876953125e-01,2.678679525852203369e-01,-1.038165390491485596e-01,1.851756572723388672e-01,-2.232818752527236938e-01,6.848101317882537842e-02,1.103541180491447449e-01,-4.571888595819473267e-03,4.130841791629791260e-01,-3.068251013755798340e-01,-5.694162249565124512e-01,-2.118666023015975952e-01,-2.964597940444946289e-01,-1.036916896700859070e-01,3.180423378944396973e-01,-6.326245069503784180e-01,1.499984562397003174e-01,-5.890017151832580566e-01,1.235181912779808044e-01,-2.387751080095767975e-02,2.392975687980651855e-01
-2.847690343856811523e+00,-8.007603138685226440e-02,9.290294647216796875e-01,3.700026497244834900e-02,-2.472959645092487335e-02,9.345446228981018066e-01,-3.530520498752593994e-01,6.114321760833263397e-03,2.344864606857299805e-01,2.472914159297943115e-01,1.174495935440063477e+00,-1.804073005914688110e-01,-7.838642224669456482e-03,-3.279739916324615479e-01,5.514367297291755676e-02,-1.303889304399490356e-01,4.911279380321502686e-01,-2.406150847673416138e-01,9.511863440275192261e-02,-1.823374927043914795e-01,8.199968934059143066e-02,1.517432779073715210e-01,4.170588776469230652e-02,4.067248702049255371e-01,-2.705435752868652344e-01,-5.769612193107604980e-01,-2.272121310234069824e-01,-2.731971442699432373e-01,-1.291963607072830200e-01,2.949325442314147949e-01,-6.444848179817199707e-01,1.475515067577362061e-01,-5.704573392868041992e-01,1.292227655649185181e-01,-1.918086968362331390e-02,2.499704360961914062e-01
-2.882218599319458008e+00,-1.097189858555793762e-01,9.050101041793823242e-01,5.039142444729804993e-02,-3.508318588137626648e-02,9.356622099876403809e-01,-3.475141823291778564e-01,-9.809729456901550293e-02,2.978662848472595215e-01,2.002378255128860474e-01,1.396440386772155762e+00,-3.266261518001556396e-01,6.218053773045539856e-02,-3.864271342754364014e-01,8.262991905212402344e-02,-1.270839571952819824e-01,7.806116342544555664e-01,-4.067720174789428711e-01,1.379474624991416931e-02,-1.421984583139419556e-01,1.057471260428428650e-01,2.009125798940658569e-01,8.978182077407836914e-02,3.890195786952972412e-01,-2.360911816358566284e-01,-5.555965900421142578e-01,-2.255921363830566406e-01,-2.367257475852966309e-01,-1.352585554122924805e-01,2.411708384752273560e-01,-6.557194590568542480e-01,1.568191945552825928e-01,-5.561900734901428223e-01,1.160725802183151245e-01,-2.157936431467533112e-02,2.432981729507446289e-01
-2.915038585662841797e+00,-1.399640291929244995e-01,8.905388712882995605e-01,4.614186659455299377e-02,-3.647512570023536682e-02,9.379056692123413086e-01,-3.418676555156707764e-01,-2.316743731498718262e-01,3.205551803112030029e-01,1.735682338476181030e-01,1.524684906005859375e+00,-4.673787951469421387e-01,1.121148988604545593e-01,-4.113090932369232178e-01,8.587191998958587646e-02,-1.104102507233619690e-01,9.596309661865234375e-01,-5.420608520507812500e-01,-1.775853894650936127e-02,-9.791407734155654907e-02,1.123880073428153992e-01,2.263943105936050415e-01,1.425435692071914673e-01,3.629976212978363037e-01,-2.049019187688827515e-01,-5.204395651817321777e-01,-2.117872089147567749e-01,-2.029816210269927979e-01,-1.360144317150115967e-01,1.644901782274246216e-01,-6.659638881683349609e-01,1.668333709239959717e-01,-5.538424253463745117e-01,8.491576462984085083e-02,-2.718373574316501617e-02,2.146589457988739014e-01
-2.946563959121704102e+00,-1.710239499807357788e-01,8.928208947181701660e-01,2.134464122354984283e-02,-3.234749287366867065e-02,9.382869005203247070e-01,-3.436796963214874268e-01,-3.777796626091003418e-01,2.907965779304504395e-01,1.723242402076721191e-01,1.503758430480957031e+00,-5.249466300010681152e-01,1.291871815919876099e-01,-3.950807452201843262e-01,5.600316077470779419e-02,-9.078317880630493164e-02,9.864559769630432129e-01,-6.058140397071838379e-01,-1.231555733829736710e-02,-6.272856891155242920e-02,9.746227413415908813e-02,2.021099925041198730e-01,1.979266852140426636e-01,3.317592144012451172e-01,-1.798696666955947876e-01,-5.048457980155944824e-01,-2.208457887172698975e-01,-1.913995295763015747e-01,-1.374567151069641113e-01,8.518130332231521606e-02,-6.544476151466369629e-01,1.752214878797531128e-01,-5.800303816795349121e-01,6.418073922395706177e-02,-4.078741744160652161e-02,1.703956723213195801e-01
-2.977489709854125977e+00,-2.032606005668640137e-01,9.102295041084289551e-01,3.338415874168276787e-03,-2.416870929300785065e-02,9.356541037559509277e-01,-3.520739972591400146e-01,-4.566006660461425781e-01,2.376938760280609131e-01,1.948560327291488647e-01,1.335837244987487793e+00,-4.962009787559509277e-01,1.098388805985450745e-01,-3.074294626712799072e-01,1.537794806063175201e-02,-8.109887689352035522e-02,9.005345106124877930e-01,-5.714176297187805176e-01,2.323321066796779633e-02,-2.305862307548522949e-02,6.910995393991470337e-02,1.685135364532470703e-01,2.728869020938873291e-01,3.174944818019866943e-01,-1.707116812467575073e-01,-5.157124996185302734e-01,-2.531493902206420898e-01,-2.038146257400512695e-01,-1.389413177967071533e-01,6.489903479814529419e-02,-6.292830109596252441e-01,1.754347831010818481e-01,-6.427626609802246094e-01,7.200784236192703247e-02,-5.429171025753021240e-02,1.344988346099853516e-01
-3.007380485534667969e+00,-2.359036207199096680e-01,9.357005357742309570e-01,-1.531858462840318680e-03,-1.596097648143768311e-02,9.333598613739013672e-01,-3.585837483406066895e-01,-4.559172391891479492e-01,1.852842271327972412e-01,2.209952175617218018e-01,1.069200396537780762e+00,-4.155518710613250732e-01,5.920191109180450439e-02,-1.830717325210571289e-01,-1.944632641971111298e-02,-8.560119569301605225e-02,7.848956584930419922e-01,-4.499485790729522705e-01,7.564470916986465454e-02,2.556883916258811951e-02,4.682424664497375488e-02,1.513554751873016357e-01,3.524792790412902832e-01,3.143909871578216553e-01,-1.710247397422790527e-01,-5.208435058593750000e-01,-2.812459468841552734e-01,-2.256593257188796997e-01,-1.497777849435806274e-01,8.651582151651382446e-02,-6.105951666831970215e-01,1.715456247329711914e-01,-7.069557309150695801e-01,9.399980306625366211e-02,-6.406488269567489624e-02,1.336511969566345215e-01
-3.035691261291503906e+00,-2.676945328712463379e-01,9.618539214134216309e-01,-4.531530663371086121e-03,-8.676594123244285583e-03,9.291923046112060547e-01,-3.694669008255004883e-01,-4.160463213920593262e-01,1.109604462981224060e-01,2.350642383098602295e-01,7.306724786758422852e-01,-2.701258361339569092e-01,-1.498003397136926651e-02,-8.289147168397903442e-02,-6.989496201276779175e-02,-1.086705699563026428e-01,7.070282697677612305e-01,-3.144614398479461670e-01,1.281842440366744995e-01,5.699683353304862976e-02,2.357385493814945221e-02,1.398971676826477051e-01,4.158941209316253662e-01,3.110554516315460205e-01,-1.667315214872360229e-01,-5.175210237503051758e-01,-3.189399540424346924e-01,-2.438954561948776245e-01,-1.734128594398498535e-01,1.159531623125076294e-01,-6.144360303878784180e-01,1.757101267576217651e-01,-7.353644371032714844e-01,1.114128679037094116e-01,-7.394504547119140625e-02,1.409955918788909912e-01
-3.061852931976318359e+00,-2.976182699203491211e-01,9.784753918647766113e-01,-1.242487132549285889e-02,8.137486292980611324e-04,9.258176684379577637e-01,-3.777652084827423096e-01,-3.418133258819580078e-01,1.767650432884693146e-02,2.398314327001571655e-01,3.507828712463378906e-01,-6.562861055135726929e-02,-8.681482821702957153e-02,-3.847208619117736816e-02,-1.355300396680831909e-01,-1.462722867727279663e-01,7.098246812820434570e-01,-2.165192216634750366e-01,1.649797111749649048e-01,7.113268226385116577e-02,-4.251273931004106998e-04,1.228074580430984497e-01,4.646430313587188721e-01,3.060492575168609619e-01,-1.581496894359588623e-01,-5.136134624481201172e-01,-3.604608774185180664e-01,-2.568045556545257568e-01,-2.012365311384201050e-01,1.340375542640686035e-01,-6.326169371604919434e-01,1.838295310735702515e-01,-7.448778748512268066e-01,1.175898462533950806e-01,-8.289368450641632080e-02,1.567357331514358521e-01
-3.086364984512329102e+00,-3.262518942356109619e-01,9.780672788619995117e-01,-1.236785948276519775e-02,5.647075362503528595e-03,9.226936697959899902e-01,-3.852941095829010010e-01,-2.800228893756866455e-01,-4.012349247932434082e-02,2.111180573701858521e-01,1.236077994108200073e-01,8.225919306278228760e-02,-1.118176728487014771e-01,-3.875791653990745544e-02,-1.786148846149444580e-01,-1.708766222000122070e-01,8.144432902336120605e-01,-1.930261701345443726e-01,1.655224859714508057e-01,8.100190013647079468e-02,-7.163568865507841110e-03,1.131385564804077148e-01,4.895603060722351074e-01,2.966187596321105957e-01,-1.614948958158493042e-01,-5.124503374099731445e-01,-4.047297239303588867e-01,-2.515705525875091553e-01,-2.084851264953613281e-01,1.399613320827484131e-01,-6.477820277214050293e-01,1.948690712451934814e-01,-7.453414201736450195e-01,1.421308964490890503e-01,-8.534963428974151611e-02,1.751231849193572998e-01
-3.109857082366943359e+00,-3.539787530899047852e-01,9.649012088775634766e-01,-8.124317973852157593e-03,1.246099174022674561e-02,9.214854836463928223e-01,-3.881278932094573975e-01,-2.771008610725402832e-01,-7.474759966135025024e-02,1.743998825550079346e-01,1.399026215076446533e-01,9.489688277244567871e-02,-8.197719603776931763e-02,-6.057591363787651062e-02,-2.255160808563232422e-01,-1.806735247373580933e-01,9.637731909751892090e-01,-2.268728017807006836e-01,1.433610767126083374e-01,7.909958809614181519e-02,-2.266523241996765137e-02,1.077030971646308899e-01,4.897258877754211426e-01,2.997946739196777344e-01,-1.725340783596038818e-01,-5.144962668418884277e-01,-4.143349230289459229e-01,-2.433820515871047974e-01,-2.107779532670974731e-01,1.426066756248474121e-01,-6.475798487663269043e-01,2.127029895782470703e-01,-7.333577871322631836e-01,1.416857540607452393e-01,-7.630128413438796997e-02,1.926706731319427490e-01
-3.131844997406005859e+00,-3.797828853130340576e-01,9.460126757621765137e-01,-2.085563493892550468e-03,2.668018825352191925e-02,9.203414320945739746e-01,-3.901991844177246094e-01,-2.924137711524963379e-01,-1.102996170520782471e-01,1.463456451892852783e-01,2.765467464923858643e-01,-1.074948906898498535e-02,1.227163127623498440e-03,-1.097521036863327026e-01,-2.807569801807403564e-01,-1.577230840921401978e-01,1.135519027709960938e+00,-2.972137331962585449e-01,1.131745725870132446e-01,6.483323872089385986e-02,-5.227521434426307678e-02,1.182191297411918640e-01,4.552147984504699707e-01,3.147260844707489014e-01,-1.857157796621322632e-01,-5.133845210075378418e-01,-3.829396963119506836e-01,-2.344900965690612793e-01,-2.067513614892959595e-01,1.295244097709655762e-01,-6.398487687110900879e-01,2.285743653774261475e-01,-7.032733559608459473e-01,1.282253414392471313e-01,-6.084098666906356812e-02,2.146778702735900879e-01
-3.152324676513671875e+00,-4.035330712795257568e-01,9.277552366256713867e-01,5.204036831855773926e-03,4.380501806735992432e-02,9.173690676689147949e-01,-3.955856561660766602e-01,-3.343099057674407959e-01,-1.348793357610702515e-01,1.485420912504196167e-01,4.992198944091796875e-01,-1.879360377788543701e-01,8.984435349702835083e-02,-1.866035312414169312e-01,-3.243270814418792725e-01,-1.176421269774436951e-01,1.305565953254699707e+00,-3.586839437484741211e-01,9.463355690240859985e-02,3.724127262830734253e-02,-8.422655612230300903e-02,1.417667269706726074e-01,3.814428448677062988e-01,3.370634615421295166e-01,-1.982609629631042480e-01,-4.977004230022430420e-01,-3.079836666584014893e-01,-2.226803898811340332e-01,-1.954813599586486816e-01,1.077083349227905273e-01,-6.136777997016906738e-01,2.414282411336898804e-01,-6.578796505928039551e-01,1.156316846609115601e-01,-4.449273273348808289e-02,2.273145765066146851e-01
-3.171312570571899414e+00,-4.251910448074340820e-01,9.208844900131225586e-01,8.401834405958652496e-03,4.156652465462684631e-02,9.153441190719604492e-01,-4.004332423210144043e-01,-3.696664571762084961e-01,-1.261821538209915161e-01,1.497660875320434570e-01,6.744658350944519043e-01,-3.107350170612335205e-01,1.202404424548149109e-01,-2.690390348434448242e-01,-3.229120373725891113e-01,-9.569989889860153198e-02,1.387085676193237305e+00,-4.098515808582305908e-01,7.922253757715225220e-02,1.018155831843614578e-02,-9.139611572027206421e-02,1.570582538843154907e-01,2.896021604537963867e-01,3.579204082489013672e-01,-2.118130326271057129e-01,-4.772890806198120117e-01,-2.527271211147308350e-01,-2.147072553634643555e-01,-1.628890633583068848e-01,8.580204099416732788e-02,-5.833693146705627441e-01,2.581426501274108887e-01,-6.129466295242309570e-01,1.129043400287628174e-01,-3.854154050350189209e-02,2.285090386867523193e-01
-3.188935041427612305e+00,-4.440557360649108887e-01,9.262729883193969727e-01,8.138850331306457520e-03,1.962668448686599731e-02,9.168143272399902344e-01,-3.987481594085693359e-01,-3.765326738357543945e-01,-7.844798266887664795e-02,1.326677799224853516e-01,7.358768582344055176e-01,-3.341946303844451904e-01,9.507326781749725342e-02,-3.336716294288635254e-01,-2.600291967391967773e-01,-1.048237234354019165e-01,1.322258234024047852e+00,-4.280690550804138184e-01,6.109882146120071411e-02,-8.325395174324512482e-03,-5.165426433086395264e-02,1.548330485820770264e-01,1.866568773984909058e-01,3.696366250514984131e-01,-2.197603583335876465e-01,-4.543558061122894287e-01,-2.512128651142120361e-01,-2.160220593214035034e-01,-1.159098669886589050e-01,5.287649482488632202e-02,-5.751425623893737793e-01,2.752641439437866211e-01,-5.720571279525756836e-01,1.353779286146163940e-01,-4.157609865069389343e-02,2.331200689077377319e-01
-3.205976009368896484e+00,-4.607993066310882568e-01,9.437606930732727051e-01,1.126728765666484833e-02,1.033063419163227081e-02,9.144752025604248047e-01,-4.043530821800231934e-01,-3.305649459362030029e-01,-5.785493552684783936e-02,1.205247268080711365e-01,6.915907263755798340e-01,-2.456498146057128906e-01,4.293227940797805786e-02,-3.426352739334106445e-01,-2.122445106506347656e-01,-1.216921806335449219e-01,1.163875460624694824e+00,-4.098459780216217041e-01,7.281402498483657837e-02,-3.920217975974082947e-02,-2.293695509433746338e-02,1.453282684087753296e-01,1.394519358873367310e-01,3.784264326095581055e-01,-2.236769497394561768e-01,-4.512640833854675293e-01,-2.812868952751159668e-01,-2.338116019964218140e-01,-8.893723785877227783e-02,6.301639229059219360e-02,-5.869486927986145020e-01,2.907160818576812744e-01,-5.540542602539062500e-01,1.612786054611206055e-01,-4.046098887920379639e-02,2.453648895025253296e-01
-3.221715450286865234e+00,-4.755891263484954834e-01,9.641658663749694824e-01,1.532665453851222992e-02,5.834263283759355545e-03,9.121599793434143066e-01,-4.095060229301452637e-01,-2.697830498218536377e-01,-5.101887881755828857e-02,9.923499822616577148e-02,6.181443333625793457e-01,-1.656296104192733765e-01,-9.745086543262004852e-03,-3.229463100433349609e-01,-1.619633883237838745e-01,-1.260962039232254028e-01,9.639155268669128418e-01,-3.617558777332305908e-01,1.024866476655006409e-01,-6.869652122259140015e-02,-2.655950142070651054e-03,1.338185817003250122e-01,1.164955645799636841e-01,3.932299017906188965e-01,-2.267129272222518921e-01,-4.478676915168762207e-01,-3.149216473102569580e-01,-2.512560486793518066e-01,-7.818626612424850464e-02,8.951462060213088989e-02,-5.986131429672241211e-01,2.985845506191253662e-01,-5.395873188972473145e-01,1.831325590610504150e-01,-3.631965816020965576e-02,2.502915561199188232e-01
-3.235944032669067383e+00,-4.882375597953796387e-01,9.812865257263183594e-01,1.975284330546855927e-02,3.105136333033442497e-03,9.096620082855224609e-01,-4.148677587509155273e-01,-2.162028402090072632e-01,-3.646123409271240234e-02,9.092900902032852173e-02,5.437709689140319824e-01,-9.281712025403976440e-02,-4.683445021510124207e-02,-2.846225202083587646e-01,-1.118953153491020203e-01,-1.213056668639183044e-01,7.556117177009582520e-01,-2.915500700473785400e-01,1.377554386854171753e-01,-8.748658746480941772e-02,1.767587102949619293e-02,1.203496307134628296e-01,9.632602334022521973e-02,4.173542559146881104e-01,-2.355787754058837891e-01,-4.393324553966522217e-01,-3.419922888278961182e-01,-2.646422386169433594e-01,-7.584141939878463745e-02,1.193288788199424744e-01,-6.088101267814636230e-01,2.964197397232055664e-01,-5.166314840316772461e-01,1.977454721927642822e-01,-3.085888922214508057e-02,2.578525245189666748e-01
-3.248831033706665039e+00,-4.987732172012329102e-01,9.908371567726135254e-01,2.378375455737113953e-02,2.053064294159412384e-03,9.082464575767517090e-01,-4.177540838718414307e-01,-1.693690121173858643e-01,-2.245742827653884888e-02,8.837606757879257202e-02,4.789480566978454590e-01,-4.069392010569572449e-02,-6.667881458997726440e-02,-2.374454289674758911e-01,-7.079420238733291626e-02,-1.084565222263336182e-01,5.689455270767211914e-01,-2.147695571184158325e-01,1.638900190591812134e-01,-9.256327152252197266e-02,3.527355194091796875e-02,1.096587106585502625e-01,6.845372170209884644e-02,4.469178617000579834e-01,-2.500976622104644775e-01,-4.237883985042572021e-01,-3.580406010150909424e-01,-2.715114355087280273e-01,-8.443707972764968872e-02,1.417158246040344238e-01,-6.201930642127990723e-01,2.937104105949401855e-01,-4.880993962287902832e-01,2.010482102632522583e-01,-2.534839510917663574e-02,2.730399668216705322e-01
-3.260713100433349609e+00,-5.074641108512878418e-01,9.918352365493774414e-01,2.647546306252479553e-02,2.222795970737934113e-03,9.072386622428894043e-01,-4.197762906551361084e-01,-1.286285817623138428e-01,-1.437922846525907516e-02,8.802927285432815552e-02,4.416000545024871826e-01,-4.842676967382431030e-02,-6.308931857347488403e-02,-1.958326995372772217e-01,-4.515792056918144226e-02,-8.932998776435852051e-02,4.495740830898284912e-01,-1.576973497867584229e-01,1.812163144350051880e-01,-9.187166392803192139e-02,4.204057902097702026e-02,1.071313843131065369e-01,3.597252443432807922e-02,4.771117568016052246e-01,-2.674125432968139648e-01,-3.776690363883972168e-01,-3.572981655597686768e-01,-2.664825916290283203e-01,-9.698834270238876343e-02,1.493643671274185181e-01,-6.337670087814331055e-01,3.029316961765289307e-01,-4.365065097808837891e-01,1.912488788366317749e-01,-1.961431466042995453e-02,2.842221558094024658e-01
-3.271692276000976562e+00,-5.141942501068115234e-01,9.871795177459716797e-01,2.620806731283664703e-02,6.886649876832962036e-03,9.060347080230712891e-01,-4.223349988460540771e-01,-1.136052161455154419e-01,-1.586137339472770691e-02,9.162355214357376099e-02,4.437190890312194824e-01,-1.055249422788619995e-01,-4.358654469251632690e-02,-1.826217323541641235e-01,-4.040151089429855347e-02,-7.582191377878189087e-02,4.421913623809814453e-01,-1.677687764167785645e-01,1.843155473470687866e-01,-8.910148590803146362e-02,3.493789210915565491e-02,9.783078730106353760e-02,1.287830714136362076e-02,5.045980811119079590e-01,-2.868576347827911377e-01,-3.077292442321777344e-01,-3.339886963367462158e-01,-2.495212554931640625e-01,-1.111690253019332886e-01,1.551215499639511108e-01,-6.453799009323120117e-01,3.292897045612335205e-01,-3.631226420402526855e-01,1.639340072870254517e-01,-5.985933355987071991e-03,2.917299866676330566e-01
-3.281963109970092773e+00,-5.198664069175720215e-01,9.818796515464782715e-01,2.674522809684276581e-02,1.074497960507869720e-02,9.050891399383544922e-01,-4.242438971996307373e-01,-8.896776288747787476e-02,-1.881361380219459534e-02,8.696340769529342651e-02,4.410595893859863281e-01,-1.919457763433456421e-01,-2.335544675588607788e-02,-1.556153446435928345e-01,-3.719679638743400574e-02,-7.287059724330902100e-02,4.437462389469146729e-01,-2.094984352588653564e-01,1.786871999502182007e-01,-7.992849498987197876e-02,2.721401117742061615e-02,9.442279487848281860e-02,-2.394096180796623230e-02,5.233837366104125977e-01,-3.146684765815734863e-01,-1.825174242258071899e-01,-2.925615906715393066e-01,-2.249776273965835571e-01,-1.304213106632232666e-01,1.431795358657836914e-01,-6.478360891342163086e-01,3.750725984573364258e-01,-2.330823689699172974e-01,1.135161295533180237e-01,1.310924068093299866e-02,3.051599562168121338e-01
-3.291460990905761719e+00,-5.247421860694885254e-01,9.767378568649291992e-01,3.409253805875778198e-02,1.531575620174407959e-02,9.031086564064025879e-01,-4.277825057506561279e-01,-4.659167677164077759e-02,-1.800022646784782410e-02,8.033287525177001953e-02,4.317298829555511475e-01,-2.646511495113372803e-01,-1.138257142156362534e-02,-1.116838604211807251e-01,-3.377837687730789185e-02,-7.460001856088638306e-02,4.365564882755279541e-01,-2.590161561965942383e-01,1.722568720579147339e-01,-6.984419375658035278e-02,2.166992425918579102e-02,1.012745872139930725e-01,-8.588744699954986572e-02,5.252032279968261719e-01,-3.570531904697418213e-01,1.579434052109718323e-02,-2.258663624525070190e-01,-2.099155336618423462e-01,-1.476812660694122314e-01,9.917640686035156250e-02,-6.261828541755676270e-01,4.372588396072387695e-01,-9.621161967515945435e-03,4.499559104442596436e-02,1.601598411798477173e-02,3.193926513195037842e-01
-3.299908876419067383e+00,-5.286080241203308105e-01,9.736026525497436523e-01,4.245606064796447754e-02,1.985535770654678345e-02,9.009476304054260254e-01,-4.313891530036926270e-01,-6.046606693416833878e-03,-1.652410998940467834e-02,6.763939559459686279e-02,4.241778254508972168e-01,-3.123229742050170898e-01,-1.189421024173498154e-02,-6.178812310099601746e-02,-2.975986525416374207e-02,-8.250056952238082886e-02,4.164622426033020020e-01,-3.006811439990997314e-01,1.671057790517807007e-01,-5.936995148658752441e-02,1.868814043700695038e-02,1.107275635004043579e-01,-1.500030159950256348e-01,5.036610364913940430e-01,-4.041211009025573730e-01,2.317510545253753662e-01,-1.428691446781158447e-01,-2.048934400081634521e-01,-1.556941121816635132e-01,4.983806237578392029e-02,-5.747686624526977539e-01,4.956971406936645508e-01,2.516100108623504639e-01,-2.556462585926055908e-02,1.166853681206703186e-02,3.315156400203704834e-01
-3.307444572448730469e+00,-5.319412946701049805e-01,9.719114899635314941e-01,4.831536114215850830e-02,2.223062142729759216e-02,8.985128402709960938e-01,-4.357133507728576660e-01,2.604003250598907471e-02,-1.162686944007873535e-02,5.740326642990112305e-02,4.120957553386688232e-01,-3.391674160957336426e-01,-2.312614396214485168e-02,-1.154161151498556137e-02,-2.541141957044601440e-02,-1.004000306129455566e-01,3.749890923500061035e-01,-3.208650946617126465e-01,1.666401922702789307e-01,-4.918592795729637146e-02,1.878821477293968201e-02,1.102603673934936523e-01,-1.935846507549285889e-01,4.624450504779815674e-01,-4.498188793659210205e-01,4.672513306140899658e-01,-4.908129945397377014e-02,-2.024979442358016968e-01,-1.548911482095718384e-01,7.907490245997905731e-03,-5.064848661422729492e-01,5.396132469177246094e-01,5.260178446769714355e-01,-9.357049316167831421e-02,6.383672356605529785e-03,3.258711397647857666e-01
-3.314055919647216797e+00,-5.350044965744018555e-01,9.718258380889892578e-01,5.247345566749572754e-02,2.283870428800582886e-02,8.971091508865356445e-01,-4.380868971347808838e-01,5.802566185593605042e-02,-3.656824119389057159e-03,5.250579118728637695e-02,3.850640058517456055e-01,-3.447768986225128174e-01,-3.732594847679138184e-02,4.130445048213005066e-02,-1.828161627054214478e-02,-1.206986010074615479e-01,3.098196685314178467e-01,-3.128573894500732422e-01,1.709985136985778809e-01,-3.984739631414413452e-02,2.104201540350914001e-02,1.052863001823425293e-01,-2.169440984725952148e-01,4.056561291217803955e-01,-4.884520173072814941e-01,7.180508375167846680e-01,5.257716774940490723e-02,-1.939213275909423828e-01,-1.523490399122238159e-01,-2.616448327898979187e-02,-4.384024143218994141e-01,5.708436369895935059e-01,7.834430336952209473e-01,-1.588324904441833496e-01,-4.781104507856070995e-04,3.060564100742340088e-01
-3.319668769836425781e+00,-5.377811789512634277e-01,9.720562696456909180e-01,5.512947961688041687e-02,2.353923954069614410e-02,8.970628380775451660e-01,-4.378183484077453613e-01,9.022039175033569336e-02,2.905200468376278877e-03,5.366947501897811890e-02,3.474594652652740479e-01,-3.377242684364318848e-01,-5.206114798784255981e-02,8.943130075931549072e-02,-1.179644837975502014e-02,-1.372801512479782104e-01,2.414898872375488281e-01,-2.942717671394348145e-01,1.778021603822708130e-01,-3.273816034197807312e-02,2.209315635263919830e-02,9.916239976882934570e-02,-2.201599329710006714e-01,3.498933613300323486e-01,-5.222436189651489258e-01,9.571806788444519043e-01,1.535613685846328735e-01,-1.755646318197250366e-01,-1.539686769247055054e-01,-4.793869331479072571e-02,-3.868036866188049316e-01,5.863812565803527832e-01,9.788742065429687500e-01,-2.112550586462020874e-01,1.167227281257510185e-03,2.884888947010040283e-01
-3.324315547943115234e+00,-5.402276515960693359e-01,9.722485542297363281e-01,5.431331321597099304e-02,2.234294451773166656e-02,8.968503475189208984e-01,-4.384179413318634033e-01,1.104063540697097778e-01,9.625826962292194366e-03,5.739075317978858948e-02,3.126468956470489502e-01,-3.299441337585449219e-01,-6.492025405168533325e-02,1.232259720563888550e-01,-4.865562077611684799e-03,-1.509548425674438477e-01,1.815318465232849121e-01,-2.736414670944213867e-01,1.842771917581558228e-01,-3.028866276144981384e-02,2.361345663666725159e-02,9.130285680294036865e-02,-2.024665325880050659e-01,3.011545836925506592e-01,-5.439044833183288574e-01,1.164270162582397461e+00,2.350511550903320312e-01,-1.516735851764678955e-01,-1.531630903482437134e-01,-5.823800712823867798e-02,-3.544309139251708984e-01,5.931891798973083496e-01,1.119063019752502441e+00,-2.381715178489685059e-01,9.281865321099758148e-03,2.657029628753662109e-01
-3.327847480773925781e+00,-5.419574379920959473e-01,9.718790650367736816e-01,5.426055565476417542e-02,2.304603531956672668e-02,8.965137600898742676e-01,-4.390760660171508789e-01,1.221704855561256409e-01,1.293126493692398071e-02,6.020926684141159058e-02,2.974487245082855225e-01,-3.269557356834411621e-01,-7.642776519060134888e-02,1.420336365699768066e-01,-3.617980051785707474e-03,-1.642017662525177002e-01,1.565323621034622192e-01,-2.712041735649108887e-01,1.860094368457794189e-01,-2.854417264461517334e-02,2.498172223567962646e-02,9.355681389570236206e-02,-1.669730246067047119e-01,2.828119397163391113e-01,-5.434898734092712402e-01,1.276739716529846191e+00,2.676498889923095703e-01,-1.261855065822601318e-01,-1.568416804075241089e-01,-5.269430950284004211e-02,-3.382473289966583252e-01,5.794672966003417969e-01,1.183646678924560547e+00,-2.398709654808044434e-01,1.884012855589389801e-02,2.486225962638854980e-01
-3.330636739730834961e+00,-5.435716509819030762e-01,9.720714688301086426e-01,5.008822679519653320e-02,2.180862426757812500e-02,8.979808688163757324e-01,-4.366301894187927246e-01,1.288594156503677368e-01,1.486939936876296997e-02,6.848280131816864014e-02,2.740512788295745850e-01,-3.215890824794769287e-01,-7.775745540857315063e-02,1.500792056322097778e-01,-1.300611067563295364e-03,-1.648859381675720215e-01,1.283957064151763916e-01,-2.636719048023223877e-01,1.908170878887176514e-01,-2.786371670663356781e-02,2.326570637524127960e-02,9.614996612071990967e-02,-1.386740058660507202e-01,2.722886502742767334e-01,-5.281136631965637207e-01,1.330152273178100586e+00,2.714197635650634766e-01,-1.258041560649871826e-01,-1.523969918489456177e-01,-4.989352077245712280e-02,-3.306965231895446777e-01,5.617389082908630371e-01,1.205098032951354980e+00,-2.240074872970581055e-01,1.543615292757749557e-02,2.314739674329757690e-01
-3.330729246139526367e+00,-5.437348484992980957e-01,9.723860621452331543e-01,4.816753044724464417e-02,2.098406106233596802e-02,8.979862928390502930e-01,-4.368754327297210693e-01,1.290310025215148926e-01,1.274939533323049545e-02,6.423473358154296875e-02,2.618752121925354004e-01,-3.135273158550262451e-01,-7.147744297981262207e-02,1.520496606826782227e-01,-3.172270080540329218e-04,-1.541302204132080078e-01,1.170109361410140991e-01,-2.537297308444976807e-01,1.785207688808441162e-01,-2.619154937565326691e-02,2.284219488501548767e-02,9.060118347406387329e-02,-1.301085203886032104e-01,2.751853466033935547e-01,-4.955062866210937500e-01,1.353482484817504883e+00,2.579970657825469971e-01,-1.223659440875053406e-01,-1.386846899986267090e-01,-4.500724375247955322e-02,-3.315671384334564209e-01,5.287587046623229980e-01,1.229425430297851562e+00,-2.093453109264373779e-01,1.481654867529869080e-02,2.142326831817626953e-01
-3.330780982971191406e+00,-5.438296794891357422e-01,9.726322293281555176e-01,4.512865096330642700e-02,1.970576122403144836e-02,8.979981541633605957e-01,-4.372349977493286133e-01,1.239943504333496094e-01,1.053670980036258698e-02,5.984807386994361877e-02,2.544224858283996582e-01,-3.072526156902313232e-01,-6.509236246347427368e-02,1.474534869194030762e-01,-1.226020976901054382e-04,-1.436633616685867310e-01,1.135448366403579712e-01,-2.474435120820999146e-01,1.661296635866165161e-01,-2.434683218598365784e-02,2.202448435127735138e-02,8.407720178365707397e-02,-1.213709264993667603e-01,2.803766131401062012e-01,-4.631325304508209229e-01,1.370589613914489746e+00,2.422520071268081665e-01,-1.152006834745407104e-01,-1.273143738508224487e-01,-4.123858734965324402e-02,-3.326695263385772705e-01,4.941988289356231689e-01,1.252696871757507324e+00,-1.954662054777145386e-01,1.451981440186500549e-02,1.978747397661209106e-01
-3.330824136734008789e+00,-5.439112186431884766e-01,9.728420376777648926e-01,4.129343479871749878e-02,1.806313730776309967e-02,8.980313539505004883e-01,-4.376165270805358887e-01,1.155984401702880859e-01,8.342998102307319641e-03,5.547109618782997131e-02,2.497719973325729370e-01,-3.020571470260620117e-01,-5.871561169624328613e-02,1.384913176298141479e-01,-3.110593243036419153e-04,-1.332393735647201538e-01,1.150748729705810547e-01,-2.434620708227157593e-01,1.537635922431945801e-01,-2.240876667201519012e-02,2.096393518149852753e-02,7.592400163412094116e-02,-1.122048199176788330e-01,2.861115336418151855e-01,-4.307931661605834961e-01,1.385847091674804688e+00,2.259029299020767212e-01,-1.068046689033508301e-01,-1.168792247772216797e-01,-3.751748800277709961e-02,-3.336253166198730469e-01,4.592985808849334717e-01,1.275710940361022949e+00,-1.817048788070678711e-01,1.428748853504657745e-02,1.819411367177963257e-01
-3.330862998962402344e+00,-5.439880490303039551e-01,9.730307459831237793e-01,3.688811138272285461e-02,1.615317165851593018e-02,8.980712294578552246e-01,-4.380027949810028076e-01,1.049527078866958618e-01,6.152290850877761841e-03,5.113369971513748169e-02,2.468187063932418823e-01,-2.974616587162017822e-01,-5.236485973000526428e-02,1.266062706708908081e-01,-6.693704635836184025e-04,-1.228381544351577759e-01,1.197244971990585327e-01,-2.408731430768966675e-01,1.414329260587692261e-01,-2.045075967907905579e-02,1.976738497614860535e-02,6.646422296762466431e-02,-1.027140319347381592e-01,2.918424308300018311e-01,-3.983872234821319580e-01,1.400500416755676270e+00,2.093034237623214722e-01,-9.811168164014816284e-02,-1.067867204546928406e-01,-3.366484120488166809e-02,-3.344997465610504150e-01,4.243030250072479248e-01,1.298607587814331055e+00,-1.679252982139587402e-01,1.397887896746397018e-02,1.662559360265731812e-01
-3.330899000167846680e+00,-5.440626144409179688e-01,9.732044935226440430e-01,3.208729252219200134e-02,1.405774522572755814e-02,8.981035351753234863e-01,-4.383866786956787109e-01,9.281211346387863159e-02,3.944717813283205032e-03,4.684595763683319092e-02,2.449155300855636597e-01,-2.931917905807495117e-01,-4.604792967438697815e-02,1.127935573458671570e-01,-1.081913593225181103e-03,-1.124575361609458923e-01,1.263090670108795166e-01,-2.391064167022705078e-01,1.291469335556030273e-01,-1.850500330328941345e-02,1.847538724541664124e-02,5.607997998595237732e-02,-9.299364686012268066e-02,2.973872423171997070e-01,-3.658830523490905762e-01,1.414937734603881836e+00,1.925391852855682373e-01,-8.941779285669326782e-02,-9.685610234737396240e-02,-2.967067994177341461e-02,-3.353445231914520264e-01,3.892619013786315918e-01,1.321419477462768555e+00,-1.541016101837158203e-01,1.355436909943819046e-02,1.507831066846847534e-01
-3.330932855606079102e+00,-5.441359877586364746e-01,9.733662009239196777e-01,2.702086605131626129e-02,1.183843612670898438e-02,8.981182575225830078e-01,-4.387634098529815674e-01,7.969357818365097046e-02,1.708997529931366444e-03,4.261400178074836731e-02,2.436738312244415283e-01,-2.890900373458862305e-01,-3.977022320032119751e-02,9.773124009370803833e-02,-1.479924190789461136e-03,-1.020973101258277893e-01,1.340858936309814453e-01,-2.378117293119430542e-01,1.169117391109466553e-01,-1.658622920513153076e-02,1.710067689418792725e-02,4.507631063461303711e-02,-8.309933543205261230e-02,3.026862740516662598e-01,-3.332728147506713867e-01,1.429282665252685547e+00,1.756354272365570068e-01,-8.081013709306716919e-02,-8.703624457120895386e-02,-2.554732002317905426e-02,-3.361819088459014893e-01,3.541851341724395752e-01,1.344158172607421875e+00,-1.402323246002197266e-01,1.300788111984729767e-02,1.355187147855758667e-01
-3.330964803695678711e+00,-5.442085266113281250e-01,9.735169410705566406e-01,2.178073301911354065e-02,9.539118036627769470e-03,8.981088399887084961e-01,-4.391298890113830566e-01,6.594600528478622437e-02,-5.604281905107200146e-04,3.844219446182250977e-02,2.428560853004455566e-01,-2.850651741027832031e-01,-3.353638947010040283e-02,8.186999708414077759e-02,-1.824236009269952774e-03,-9.175775200128555298e-02,1.425914019346237183e-01,-2.367728203535079956e-01,1.047324687242507935e-01,-1.470266096293926239e-02,1.564611867070198059e-02,3.367247432470321655e-02,-7.306146621704101562e-02,3.077196478843688965e-01,-3.005568385124206543e-01,1.443575859069824219e+00,1.586027443408966064e-01,-7.231175899505615234e-02,-7.731321454048156738e-02,-2.130415663123130798e-02,-3.370201587677001953e-01,3.190757930278778076e-01,1.366830229759216309e+00,-1.263215392827987671e-01,1.234229467809200287e-02,1.204640939831733704e-01
-3.330994844436645508e+00,-5.442805290222167969e-01,9.736573100090026855e-01,1.642937585711479187e-02,7.189587224274873734e-03,8.980713486671447754e-01,-4.394840300083160400e-01,5.179851874709129333e-02,-2.867361996322870255e-03,3.433412313461303711e-02,2.423161417245864868e-01,-2.810628712177276611e-01,-2.734856121242046356e-02,6.550522148609161377e-02,-2.090391470119357109e-03,-8.143957704305648804e-02,1.515382081270217896e-01,-2.358591109514236450e-01,9.261121600866317749e-02,-1.285950466990470886e-02,1.411231793463230133e-02,2.201809920370578766e-02,-6.289719790220260620e-02,3.124797344207763672e-01,-2.677388489246368408e-01,1.457831978797912598e+00,1.414479762315750122e-01,-6.392655521631240845e-02,-6.768345087766647339e-02,-1.694471761584281921e-02,-3.378620445728302002e-01,2.839368581771850586e-01,1.389440894126892090e+00,-1.123744174838066101e-01,1.156266685575246811e-02,1.056209877133369446e-01
-3.329513788223266602e+00,-5.427455902099609375e-01,9.726697802543640137e-01,2.803373523056507111e-02,1.080639101564884186e-02,8.981168866157531738e-01,-4.387292563915252686e-01,3.825400024652481079e-02,1.801932579837739468e-03,3.269841149449348450e-02,3.133118152618408203e-01,-3.089139759540557861e-01,-2.075077220797538757e-02,5.916678160429000854e-02,3.920093295164406300e-04,-7.014586031436920166e-02,2.105555832386016846e-01,-2.551470398902893066e-01,7.970272004604339600e-02,-9.683048352599143982e-03,1.662648282945156097e-02,2.894834056496620178e-02,-2.077759057283401489e-02,2.867586314678192139e-01,-2.405862659215927124e-01,1.470014691352844238e+00,1.263684332370758057e-01,-5.664097145199775696e-02,-3.281176090240478516e-02,1.677782274782657623e-02,-3.104804754257202148e-01,2.537588179111480713e-01,1.412414908409118652e+00,-1.006384417414665222e-01,9.043758735060691833e-03,6.707200407981872559e-02
-3.330987215042114258e+00,-5.443725585937500000e-01,9.732434153556823730e-01,1.038784813135862350e-02,3.264363855123519897e-03,8.979707360267639160e-01,-4.399204552173614502e-01,1.880559511482715607e-02,-3.872776869684457779e-03,2.638401836156845093e-02,2.738938927650451660e-01,-2.913712561130523682e-01,-1.567449606955051422e-02,3.285991027951240540e-02,3.654422471299767494e-04,-6.086293980479240417e-02,1.910555213689804077e-01,-2.462876737117767334e-01,6.808641552925109863e-02,-8.824116550385951996e-03,1.362452376633882523e-02,5.354312248528003693e-03,-3.766518458724021912e-02,3.193782269954681396e-01,-2.029146105051040649e-01,1.484678626060485840e+00,1.070351749658584595e-01,-4.800631105899810791e-02,-4.463190957903862000e-02,-3.471507458016276360e-03,-3.385160267353057861e-01,2.143662124872207642e-01,1.433283448219299316e+00,-8.446107804775238037e-02,8.985515683889389038e-03,7.279037684202194214e-02
-3.331045627593994141e+00,-5.444589257240295410e-01,9.737287759780883789e-01,1.602038857527077198e-03,-3.687311982503160834e-05,8.978170752525329590e-01,-4.403656423091888428e-01,4.185659345239400864e-03,-8.107579313218593597e-03,2.240848354995250702e-02,2.570474147796630859e-01,-2.775096595287322998e-01,-9.385459125041961670e-03,1.364207547158002853e-02,-7.836747681722044945e-04,-5.068010836839675903e-02,1.889086663722991943e-01,-2.384062558412551880e-01,5.632526800036430359e-02,-7.385317701846361160e-03,1.057839207351207733e-02,-1.105216052383184433e-02,-3.121570870280265808e-02,3.247718513011932373e-01,-1.688220202922821045e-01,1.499982357025146484e+00,8.930758386850357056e-02,-3.940853476524353027e-02,-3.887565806508064270e-02,-2.621033694595098495e-03,-3.405031859874725342e-01,1.784033328294754028e-01,1.456525683403015137e+00,-7.033559679985046387e-02,8.578119799494743347e-03,6.196744367480278015e-02
-3.329597949981689453e+00,-5.428934693336486816e-01,9.727696180343627930e-01,9.064687415957450867e-03,2.967745531350374222e-03,8.978897333145141602e-01,-4.401171207427978516e-01,-1.599991507828235626e-02,-7.552254945039749146e-03,2.043063193559646606e-02,3.217768669128417969e-01,-3.001848757266998291e-01,-2.763384720310568810e-03,-3.909130580723285675e-03,-3.938786539947614074e-05,-3.985422849655151367e-02,2.520914971828460693e-01,-2.584359645843505859e-01,4.411023855209350586e-02,-4.715349525213241577e-03,1.087279338389635086e-02,-1.056607905775308609e-02,9.336699731647968292e-03,2.968660593032836914e-01,-1.404244899749755859e-01,1.510482311248779297e+00,7.275707274675369263e-02,-3.428967297077178955e-02,-4.517453722655773163e-03,3.022745065391063690e-02,-3.126542568206787109e-01,1.472867131233215332e-01,1.477294921875000000e+00,-5.748026818037033081e-02,4.127948079258203506e-03,2.409468777477741241e-02
-3.331040143966674805e+00,-5.445523262023925781e-01,9.734355211257934570e-01,-7.723647635430097580e-03,-4.410946276038885117e-03,8.975118994712829590e-01,-4.409005641937255859e-01,-3.127719461917877197e-02,-1.217314787209033966e-02,1.494608912616968155e-02,2.781238257884979248e-01,-2.806277275085449219e-01,2.447883831337094307e-03,-2.531677298247814178e-02,2.267228410346433520e-04,-3.031995519995689392e-02,2.263326197862625122e-01,-2.464022189378738403e-01,3.253418579697608948e-02,-3.923363052308559418e-03,7.596957031637430191e-03,-3.362085297703742981e-02,-5.838193930685520172e-03,3.301885426044464111e-01,-1.032648384571075439e-01,1.526538729667663574e+00,5.400896444916725159e-02,-2.403090894222259521e-02,-1.715124025940895081e-02,1.119358930736780167e-02,-3.411462604999542236e-01,1.086517870426177979e-01,1.499810218811035156e+00,-4.218123108148574829e-02,5.605280399322509766e-03,3.115436993539333344e-02
-3.329638957977294922e+00,-5.429707169532775879e-01,9.725798964500427246e-01,-3.912087064236402512e-03,-2.283483278006315231e-03,8.975120186805725098e-01,-4.409667253494262695e-01,-5.539901927113533020e-02,-1.427576597779989243e-02,1.274722255766391754e-02,3.329345285892486572e-01,-2.967151105403900146e-01,8.977434597909450531e-03,-4.967943206429481506e-02,8.449939195998013020e-05,-1.976704224944114685e-02,2.861168682575225830e-01,-2.634924650192260742e-01,2.077198028564453125e-02,-1.725789741612970829e-03,6.381265353411436081e-03,-3.749050199985504150e-02,3.024527616798877716e-02,3.021066486835479736e-01,-7.339625805616378784e-02,1.536971807479858398e+00,3.649783134460449219e-02,-1.987275294959545135e-02,1.386297307908535004e-02,4.023340716958045959e-02,-3.139388561248779297e-01,7.629469782114028931e-02,1.519952654838562012e+00,-2.858228981494903564e-02,4.020913038402795792e-04,-3.455852856859564781e-03
-3.331059455871582031e+00,-5.446555018424987793e-01,9.734241366386413574e-01,-2.007305063307285309e-02,-9.598771110177040100e-03,8.969967961311340332e-01,-4.414767026901245117e-01,-6.666328012943267822e-02,-1.802767999470233917e-02,7.762510329484939575e-03,2.838817536830902100e-01,-2.744542062282562256e-01,1.427319739013910294e-02,-6.627937406301498413e-02,6.481911987066268921e-04,-1.008822117000818253e-02,2.529375851154327393e-01,-2.476048171520233154e-01,9.185870178043842316e-03,-9.750905446708202362e-04,3.084521740674972534e-03,-6.017636507749557495e-02,1.608919352293014526e-02,3.358514010906219482e-01,-3.657356277108192444e-02,1.554251194000244141e+00,1.821578666567802429e-02,-8.479204028844833374e-03,8.464222191832959652e-04,2.193022891879081726e-02,-3.427358269691467285e-01,3.818094730377197266e-02,1.543877005577087402e+00,-1.396431680768728256e-02,2.978462260216474533e-03,4.361762199550867081e-03
-3.331138134002685547e+00,-5.447815656661987305e-01,9.739996194839477539e-01,-2.775439992547035217e-02,-1.266962103545665741e-02,8.966242671012878418e-01,-4.417398571968078613e-01,-7.644060254096984863e-02,-2.160143852233886719e-02,4.131116438657045364e-03,2.625628411769866943e-01,-2.583467662334442139e-01,2.014611102640628815e-02,-7.981177419424057007e-02,5.269075627438724041e-04,6.002431109664030373e-05,2.440760433673858643e-01,-2.362609207630157471e-01,-2.305943518877029419e-03,2.832893806044012308e-04,6.756618677172809839e-05,-7.466790080070495605e-02,2.314357832074165344e-02,3.399991393089294434e-01,-2.471252577379345894e-03,1.570353031158447266e+00,4.212149069644510746e-04,-3.892507520504295826e-04,6.448727566748857498e-03,2.361137606203556061e-02,-3.445816934108734131e-01,2.381169237196445465e-03,1.567915797233581543e+00,-4.064020686200819910e-05,2.052067546173930168e-03,-5.698861088603734970e-03
-3.329722166061401367e+00,-5.430795550346374512e-01,9.727687835693359375e-01,-2.156716398894786835e-02,-8.526979014277458191e-03,8.968471884727478027e-01,-4.417321085929870605e-01,-9.695682674646377563e-02,-2.397899702191352844e-02,5.906118545681238174e-03,3.257308900356292725e-01,-2.817372679710388184e-01,2.091474831104278564e-02,-1.019325554370880127e-01,-1.815864117816090584e-03,8.086355519481003284e-04,3.110549449920654297e-01,-2.620788514614105225e-01,-1.828972948715090752e-03,8.763439254835247993e-04,-8.866424323059618473e-04,-7.358488440513610840e-02,5.105515569448471069e-02,3.063814342021942139e-01,-6.227309349924325943e-03,1.564280390739440918e+00,-3.029003273695707321e-04,-6.033793557435274124e-03,3.145948052406311035e-02,4.979373514652252197e-02,-3.147274553775787354e-01,5.255387164652347565e-03,1.564954638481140137e+00,2.758947957772761583e-04,-5.300188437104225159e-03,-3.017316013574600220e-02
-3.331052064895629883e+00,-5.446751713752746582e-01,9.734254479408264160e-01,-3.173783048987388611e-02,-1.376799866557121277e-02,8.964850306510925293e-01,-4.417212903499603271e-01,-9.515852481126785278e-02,-2.343435958027839661e-02,4.753693006932735443e-03,2.815445065498352051e-01,-2.664372622966766357e-01,2.054293639957904816e-02,-1.024264544248580933e-01,-1.297415583394467831e-03,3.849854692816734314e-04,2.716280817985534668e-01,-2.490611225366592407e-01,-2.020302228629589081e-03,2.459567913319915533e-04,-1.553615438751876354e-03,-8.513806760311126709e-02,2.766899019479751587e-02,3.383249342441558838e-01,-3.451445372775197029e-03,1.568474054336547852e+00,-1.579570089234039187e-04,-8.289999095723032951e-04,1.035755686461925507e-02,2.707165479660034180e-02,-3.426857888698577881e-01,2.977092750370502472e-03,1.568810105323791504e+00,9.010638314066454768e-05,-7.106008706614375114e-04,-9.831073693931102753e-03
-3.331105947494506836e+00,-5.447268486022949219e-01,9.738993048667907715e-01,-3.378419205546379089e-02,-1.462965831160545349e-02,8.964111208915710449e-01,-4.416919052600860596e-01,-9.121705591678619385e-02,-2.374957688152790070e-02,4.605100024491548538e-03,2.624639272689819336e-01,-2.559651732444763184e-01,2.054933086037635803e-02,-9.953581541776657104e-02,-1.590646919794380665e-03,4.293382517062127590e-04,2.547740638256072998e-01,-2.397282570600509644e-01,-1.988945063203573227e-03,1.574430934851989150e-04,-2.007779665291309357e-03,-8.783958107233047485e-02,2.393850125372409821e-02,3.400587737560272217e-01,-2.834619022905826569e-03,1.570583820343017578e+00,-1.502787290519336239e-05,-4.581580287776887417e-04,7.187341339886188507e-03,2.335720881819725037e-02,-3.437060415744781494e-01,2.486911369487643242e-03,1.570877313613891602e+00,-3.475266566965728998e-05,-3.852602967526763678e-04,-6.921615451574325562e-03
-3.329716444015502930e+00,-5.430581569671630859e-01,9.726644754409790039e-01,-2.498649805784225464e-02,-9.506900794804096222e-03,8.967406153678894043e-01,-4.417482316493988037e-01,-1.054822504520416260e-01,-2.546368353068828583e-02,6.196879316121339798e-03,3.263738751411437988e-01,-2.808477878570556641e-01,2.115950919687747955e-02,-1.135371401906013489e-01,-3.306889906525611877e-03,1.085512572899460793e-03,3.184168636798858643e-01,-2.648038566112518311e-01,-1.580701791681349277e-03,7.079438073560595512e-04,-2.184040378779172897e-03,-8.085742592811584473e-02,5.164901539683341980e-02,3.064516484737396240e-01,-6.334197707474231720e-03,1.564124464988708496e+00,-3.572453861124813557e-04,-6.137669552117586136e-03,3.151451796293258667e-02,5.018913373351097107e-02,-3.145851492881774902e-01,5.384766031056642532e-03,1.565275430679321289e+00,3.019947616849094629e-04,-5.813454743474721909e-03,-3.033521957695484161e-02
-3.331040382385253906e+00,-5.446588993072509766e-01,9.733670353889465332e-01,-3.354983404278755188e-02,-1.429624389857053757e-02,8.964012265205383301e-01,-4.417407214641571045e-01,-9.986177831888198853e-02,-2.422329783439636230e-02,4.859106615185737610e-03,2.821731269359588623e-01,-2.660547792911529541e-01,2.067993767559528351e-02,-1.087499484419822693e-01,-2.090824069455265999e-03,4.788771329913288355e-04,2.758513092994689941e-01,-2.506537437438964844e-01,-1.881607691757380962e-03,1.039142589434050024e-04,-2.248141448944807053e-03,-8.914445340633392334e-02,2.811894565820693970e-02,3.383704721927642822e-01,-3.554144874215126038e-03,1.568407535552978516e+00,-1.698854175629094243e-04,-8.515337249264121056e-04,1.037422381341457367e-02,2.746884338557720184e-02,-3.425774276256561279e-01,3.098798915743827820e-03,1.568855166435241699e+00,1.008492617984302342e-04,-8.245526114478707314e-04,-9.869301691651344299e-03
-3.331099510192871094e+00,-5.447180867195129395e-01,9.738662838935852051e-01,-3.475244715809822083e-02,-1.491956412792205811e-02,8.963638544082641602e-01,-4.417029619216918945e-01,-9.380421787500381470e-02,-2.415639720857143402e-02,4.653437528759241104e-03,2.629392147064208984e-01,-2.558314800262451172e-01,2.062027715146541595e-02,-1.029899939894676208e-01,-2.000038977712392807e-03,4.702589067164808512e-04,2.571749389171600342e-01,-2.406548708677291870e-01,-1.917182584293186665e-03,7.621930853929370642e-05,-2.367981709539890289e-03,-9.000440686941146851e-02,2.420651353895664215e-02,3.400868177413940430e-01,-2.893637400120496750e-03,1.570537567138671875e+00,-2.164472243748605251e-05,-4.680012352764606476e-04,7.193696685135364532e-03,2.360927313566207886e-02,-3.436465561389923096e-01,2.559699350968003273e-03,1.570857167243957520e+00,-2.732094071689061821e-05,-4.149666056036949158e-04,-6.937917321920394897e-03
-3.329714775085449219e+00,-5.430536866188049316e-01,9.726375341415405273e-01,-2.555803023278713226e-02,-9.661127813160419464e-03,8.967201113700866699e-01,-4.417538642883300781e-01,-1.070115342736244202e-01,-2.573322691023349762e-02,6.247281096875667572e-03,3.267200589179992676e-01,-2.808229923248291016e-01,2.120419777929782867e-02,-1.156138032674789429e-01,-3.577708266675472260e-03,1.132316538132727146e-03,3.199616372585296631e-01,-2.654259204864501953e-01,-1.535573857836425304e-03,6.705546984449028969e-04,-2.416451694443821907e-03,-8.207121491432189941e-02,5.176998302340507507e-02,3.064637184143066406e-01,-6.352130323648452759e-03,1.564077615737915039e+00,-3.623868105933070183e-04,-6.150078028440475464e-03,3.151999041438102722e-02,5.030499771237373352e-02,-3.145668208599090576e-01,5.408895667642354965e-03,1.565234899520874023e+00,3.081714385189116001e-04,-5.829030647873878479e-03,-3.035268560051918030e-02
-3.331037998199462891e+00,-5.446556210517883301e-01,9.733535647392272949e-01,-3.386070206761360168e-02,-1.438387203961610794e-02,8.963861465454101562e-01,-4.417448043823242188e-01,-1.007170677185058594e-01,-2.436525002121925354e-02,4.878423176705837250e-03,2.823873758316040039e-01,-2.660433351993560791e-01,2.070467546582221985e-02,-1.098934635519981384e-01,-2.233681268990039825e-03,4.954421310685575008e-04,2.767059206962585449e-01,-2.509946525096893311e-01,-1.856670482084155083e-03,7.742818706901744008e-05,-2.372580347582697868e-03,-8.983117341995239258e-02,2.820129320025444031e-02,3.383775651454925537e-01,-3.572166664525866508e-03,1.568390965461730957e+00,-1.715371327009052038e-04,-8.533109794370830059e-04,1.037786528468132019e-02,2.754948846995830536e-02,-3.425583541393280029e-01,3.119249828159809113e-03,1.568840384483337402e+00,1.027971011353656650e-04,-8.271234692074358463e-04,-9.875796735286712646e-03
-3.331098079681396484e+00,-5.447163581848144531e-01,9.738591313362121582e-01,-3.492194786667823792e-02,-1.496958918869495392e-02,8.963553905487060547e-01,-4.417050778865814209e-01,-9.427955746650695801e-02,-2.422917075455188751e-02,4.662450868636369705e-03,2.630705237388610840e-01,-2.558326721191406250e-01,2.063300646841526031e-02,-1.036194264888763428e-01,-2.073328010737895966e-03,4.775609413627535105e-04,2.576487362384796143e-01,-2.408447563648223877e-01,-1.904349424876272678e-03,6.156160816317424178e-05,-2.432393841445446014e-03,-9.038285911083221436e-02,2.425398677587509155e-02,3.400915563106536865e-01,-2.904059598222374916e-03,1.570528388023376465e+00,-2.275589213240891695e-05,-4.690650675911456347e-04,7.195104844868183136e-03,2.365579642355442047e-02,-3.436357975006103516e-01,2.572009805589914322e-03,1.570848464965820312e+00,-2.607778696983586997e-05,-4.161832912359386683e-04,-6.940946914255619049e-03
-3.329714536666870117e+00,-5.430527925491333008e-01,9.726319909095764160e-01,-2.565969713032245636e-02,-9.688562713563442230e-03,8.967164158821105957e-01,-4.417549073696136475e-01,-1.072950288653373718e-01,-2.578114904463291168e-02,6.256446242332458496e-03,3.268057405948638916e-01,-2.808310687541961670e-01,2.121216058731079102e-02,-1.159944832324981689e-01,-3.625888144597411156e-03,1.140619860962033272e-03,3.202602267265319824e-01,-2.655489146709442139e-01,-1.527553657069802284e-03,6.637821206822991371e-04,-2.457804046571254730e-03,-8.228697627782821655e-02,5.179141834378242493e-02,3.064658045768737793e-01,-6.355327088385820389e-03,1.564069151878356934e+00,-3.632917650975286961e-04,-6.152183748781681061e-03,3.152120485901832581e-02,5.032587051391601562e-02,-3.145634829998016357e-01,5.413034465163946152e-03,1.565226793289184570e+00,3.092246770393103361e-04,-5.831102374941110611e-03,-3.035600669682025909e-02
-3.331037521362304688e+00,-5.446549654006958008e-01,9.733508825302124023e-01,-3.391667455434799194e-02,-1.439980324357748032e-02,8.963834047317504883e-01,-4.417455494403839111e-01,-1.008764654397964478e-01,-2.439045906066894531e-02,4.881969187408685684e-03,2.824369370937347412e-01,-2.660468816757202148e-01,2.070907689630985260e-02,-1.101039797067642212e-01,-2.259069355204701424e-03,4.983808030374348164e-04,2.768690884113311768e-01,-2.510607242584228516e-01,-1.852243673056364059e-03,7.268133049365133047e-05,-2.394693670794367790e-03,-8.995483815670013428e-02,2.821598574519157410e-02,3.383787274360656738e-01,-3.575374372303485870e-03,1.568387985229492188e+00,-1.718302373774349689e-04,-8.536112727597355843e-04,1.037862710654735565e-02,2.756395936012268066e-02,-3.425548672676086426e-01,3.122845897451043129e-03,1.568837523460388184e+00,1.031316642183810472e-04,-8.274290012195706367e-04,-9.877057746052742004e-03
-3.331097841262817383e+00,-5.447160005569458008e-01,9.738577604293823242e-01,-3.495274484157562256e-02,-1.497881952673196793e-02,8.963538408279418945e-01,-4.417054653167724609e-01,-9.436849504709243774e-02,-2.424207702279090881e-02,4.664109088480472565e-03,2.630994915962219238e-01,-2.558355033397674561e-01,2.063526958227157593e-02,-1.037356629967689514e-01,-2.086336258798837662e-03,4.788525984622538090e-04,2.577383816242218018e-01,-2.408810406923294067e-01,-1.902073505334556103e-03,5.893948764423839748e-05,-2.443826757371425629e-03,-9.045168012380599976e-02,2.426251396536827087e-02,3.400923609733581543e-01,-2.905929693952202797e-03,1.570526719093322754e+00,-2.295331978530157357e-05,-4.692529037129133940e-04,7.195389829576015472e-03,2.366417087614536285e-02,-3.436338603496551514e-01,2.574205398559570312e-03,1.570846915245056152e+00,-2.585973015811759979e-05,-4.163678968325257301e-04,-6.941517349332571030e-03
-3.329714536666870117e+00,-5.430526137351989746e-01,9.726309180259704590e-01,-2.567829005420207977e-02,-9.693712927401065826e-03,8.967157006263732910e-01,-4.417551159858703613e-01,-1.073482781648635864e-01,-2.578962594270706177e-02,6.258100736886262894e-03,3.268241286277770996e-01,-2.808339297771453857e-01,2.121357247233390808e-02,-1.160649433732032776e-01,-3.634417662397027016e-03,1.142084947787225246e-03,3.203162848949432373e-01,-2.655721306800842285e-01,-1.526134903542697430e-03,6.625657551921904087e-04,-2.465126104652881622e-03,-8.232653886079788208e-02,5.179531499743461609e-02,3.064661622047424316e-01,-6.355908699333667755e-03,1.564067602157592773e+00,-3.634552413132041693e-04,-6.152573972940444946e-03,3.152145445346832275e-02,5.032967031002044678e-02,-3.145629167556762695e-01,5.413779523223638535e-03,1.565225243568420410e+00,3.094142011832445860e-04,-5.831480491906404495e-03,-3.035662695765495300e-02
-3.331037521362304688e+00,-5.446547865867614746e-01,9.733503460884094238e-01,-3.392696753144264221e-02,-1.440281420946121216e-02,8.963828682899475098e-01,-4.417456686496734619e-01,-1.009064689278602600e-01,-2.439491823315620422e-02,4.882614593952894211e-03,2.824473083019256592e-01,-2.660481929779052734e-01,2.070985734462738037e-02,-1.101430207490921021e-01,-2.263563685119152069e-03,4.988987930119037628e-04,2.768995463848114014e-01,-2.510730922222137451e-01,-1.851460663601756096e-03,7.183338311733677983e-05,-2.398607321083545685e-03,-8.997764438390731812e-02,2.821867540478706360e-02,3.383789062500000000e-01,-3.575960872694849968e-03,1.568387389183044434e+00,-1.718835119390860200e-04,-8.536687237210571766e-04,1.037877798080444336e-02,2.756660990417003632e-02,-3.425542414188385010e-01,3.123502014204859734e-03,1.568837046623229980e+00,1.031921565299853683e-04,-8.274861029349267483e-04,-9.877295233309268951e-03
-3.331097841262817383e+00,-5.447159409523010254e-01,9.738574624061584473e-01,-3.495843335986137390e-02,-1.498057041317224503e-02,8.963535428047180176e-01,-4.417055249214172363e-01,-9.438525885343551636e-02,-2.424436062574386597e-02,4.664411768317222595e-03,2.631054520606994629e-01,-2.558363378047943115e-01,2.063567005097866058e-02,-1.037572473287582397e-01,-2.088638022541999817e-03,4.790797829627990723e-04,2.577550709247589111e-01,-2.408877909183502197e-01,-1.901671057567000389e-03,5.847131978953257203e-05,-2.445849124342203140e-03,-9.046442806720733643e-02,2.426408044993877411e-02,3.400924801826477051e-01,-2.906274050474166870e-03,1.570526480674743652e+00,-2.298938670719508082e-05,-4.692881775554269552e-04,7.195445708930492401e-03,2.366571128368377686e-02,-3.436335325241088867e-01,2.574607962742447853e-03,1.570846676826477051e+00,-2.581996159278787673e-05,-4.164023266639560461e-04,-6.941623054444789886e-03
-3.329714298248291016e+00,-5.430526137351989746e-01,9.726306796073913574e-01,-2.568173408508300781e-02,-9.694700129330158234e-03,8.967155814170837402e-01,-4.417551457881927490e-01,-1.073583364486694336e-01,-2.579112164676189423e-02,6.258398760110139847e-03,3.268278539180755615e-01,-2.808346450328826904e-01,2.121382206678390503e-02,-1.160780340433120728e-01,-3.635923611000180244e-03,1.142342691309750080e-03,3.203266859054565430e-01,-2.655764520168304443e-01,-1.525884610600769520e-03,6.623479421250522137e-04,-2.466419478878378868e-03,-8.233389258384704590e-02,5.179603770375251770e-02,3.064662218093872070e-01,-6.356016732752323151e-03,1.564067244529724121e+00,-3.634854219853878021e-04,-6.152647081762552261e-03,3.152150660753250122e-02,5.033037438988685608e-02,-3.145627975463867188e-01,5.413916427642107010e-03,1.565225005149841309e+00,3.094490966759622097e-04,-5.831551272422075272e-03,-3.035674057900905609e-02
-3.331037521362304688e+00,-5.446547865867614746e-01,9.733502268791198730e-01,-3.392887860536575317e-02,-1.440339162945747375e-02,8.963828086853027344e-01,-4.417456984519958496e-01,-1.009121388196945190e-01,-2.439570613205432892e-02,4.882731474936008453e-03,2.824494242668151855e-01,-2.660485208034515381e-01,2.070999518036842346e-02,-1.101502850651741028e-01,-2.264357404783368111e-03,4.989898297935724258e-04,2.769052088260650635e-01,-2.510753571987152100e-01,-1.851322478614747524e-03,7.168217416619881988e-05,-2.399298362433910370e-03,-8.998189866542816162e-02,2.821917645633220673e-02,3.383789360523223877e-01,-3.576070070266723633e-03,1.568387269973754883e+00,-1.718933781376108527e-04,-8.536796085536479950e-04,1.037880685180425644e-02,2.756710350513458252e-02,-3.425541222095489502e-01,3.123623551800847054e-03,1.568836927413940430e+00,1.032033178489655256e-04,-8.274969295598566532e-04,-9.877339936792850494e-03
-3.331097841262817383e+00,-5.447158813476562500e-01,9.738574028015136719e-01,-3.495948761701583862e-02,-1.498090568929910660e-02,8.963535428047180176e-01,-4.417055249214172363e-01,-9.438843280076980591e-02,-2.424476295709609985e-02,4.664467182010412216e-03,2.631066441535949707e-01,-2.558365464210510254e-01,2.063574083149433136e-02,-1.037612706422805786e-01,-2.089044312015175819e-03,4.791196261066943407e-04,2.577581703662872314e-01,-2.408890426158905029e-01,-1.901600044220685959e-03,5.838783545186743140e-05,-2.446206286549568176e-03,-9.046680480241775513e-02,2.426437288522720337e-02,3.400925099849700928e-01,-2.906338311731815338e-03,1.570526361465454102e+00,-2.299608422617893666e-05,-4.692948423326015472e-04,7.195456884801387787e-03,2.366599813103675842e-02,-3.436334431171417236e-01,2.574682701379060745e-03,1.570846557617187500e+00,-2.581258922873530537e-05,-4.164088168181478977e-04,-6.941643077880144119e-03
-3.329714298248291016e+00,-5.430526137351989746e-01,9.726306200027465820e-01,-2.568237483501434326e-02,-9.694891050457954407e-03,8.967155814170837402e-01,-4.417551457881927490e-01,-1.073602437973022461e-01,-2.579138427972793579e-02,6.258452311158180237e-03,3.268286287784576416e-01,-2.808347940444946289e-01,2.121386490762233734e-02,-1.160804703831672668e-01,-3.636189037933945656e-03,1.142387976869940758e-03,3.203286230564117432e-01,-2.655772268772125244e-01,-1.525840489193797112e-03,6.623090011999011040e-04,-2.466647420078516006e-03,-8.233527094125747681e-02,5.179617181420326233e-02,3.064662516117095947e-01,-6.356037221848964691e-03,1.564067244529724121e+00,-3.634910681284964085e-04,-6.152661051601171494e-03,3.152151405811309814e-02,5.033050477504730225e-02,-3.145627677440643311e-01,5.413942039012908936e-03,1.565225005149841309e+00,3.094556159339845181e-04,-5.831564776599407196e-03,-3.035676106810569763e-02
-3.331037521362304688e+00,-5.446547865867614746e-01,9.733502268791198730e-01,-3.392923623323440552e-02,-1.440350245684385300e-02,8.963828086853027344e-01,-4.417456984519958496e-01,-1.009132117033004761e-01,-2.439584396779537201e-02,4.882752895355224609e-03,2.824498414993286133e-01,-2.660485804080963135e-01,2.071001939475536346e-02,-1.101516410708427429e-01,-2.264497336000204086e-03,4.990057786926627159e-04,2.769062519073486328e-01,-2.510757744312286377e-01,-1.851298147812485695e-03,7.165523857111111283e-05,-2.399420132860541344e-03,-8.998269587755203247e-02,2.821926958858966827e-02,3.383789360523223877e-01,-3.576090326532721519e-03,1.568387269973754883e+00,-1.718952262308448553e-04,-8.536817040294408798e-04,1.037881243973970413e-02,2.756719477474689484e-02,-3.425541222095489502e-01,3.123646369203925133e-03,1.568836927413940430e+00,1.032053987728431821e-04,-8.274989668279886246e-04,-9.877347387373447418e-03
-3.331097841262817383e+00,-5.447158813476562500e-01,9.738574028015136719e-01,-3.495968505740165710e-02,-1.498097088187932968e-02,8.963534832000732422e-01,-4.417055249214172363e-01,-9.438902884721755981e-02,-2.424483373761177063e-02,4.664476960897445679e-03,2.631068825721740723e-01,-2.558365762233734131e-01,2.063575387001037598e-02,-1.037620157003402710e-01,-2.089116023853421211e-03,4.791265819221735001e-04,2.577587366104125977e-01,-2.408892661333084106e-01,-1.901587587781250477e-03,5.837296339450404048e-05,-2.446269150823354721e-03,-9.046725183725357056e-02,2.426442690193653107e-02,3.400925099849700928e-01,-2.906350186094641685e-03,1.570526361465454102e+00,-2.299733569088857621e-05,-4.692960646934807301e-04,7.195458747446537018e-03,2.366605214774608612e-02,-3.436334431171417236e-01,2.574696671217679977e-03,1.570846557617187500e+00,-2.581121407274622470e-05,-4.164100391790270805e-04,-6.941646337509155273e-03
-3.329714298248291016e+00,-5.430526137351989746e-01,9.726306200027465820e-01,-2.568249404430389404e-02,-9.694928303360939026e-03,8.967155814170837402e-01,-4.417551457881927490e-01,-1.073606014251708984e-01,-2.579143084585666656e-02,6.258461624383926392e-03,3.268287777900695801e-01,-2.808348238468170166e-01,2.121387235820293427e-02,-1.160809248685836792e-01,-3.636235604062676430e-03,1.142395893111824989e-03,3.203289806842803955e-01,-2.655773758888244629e-01,-1.525832689367234707e-03,6.623020162805914879e-04,-2.466687466949224472e-03,-8.233552426099777222e-02,5.179619789123535156e-02,3.064662516117095947e-01,-6.356040947139263153e-03,1.564067244529724121e+00,-3.634921158663928509e-04,-6.152663379907608032e-03,3.152151778340339661e-02,5.033053085207939148e-02,-3.145627677440643311e-01,5.413946695625782013e-03,1.565225005149841309e+00,3.094568091910332441e-04,-5.831567104905843735e-03,-3.035676665604114532e-02
-3.331037521362304688e+00,-5.446547865867614746e-01,9.733502268791198730e-01,-3.392930328845977783e-02,-1.440352387726306915e-02,8.963827490806579590e-01,-4.417456984519958496e-01,-1.009134128689765930e-01,-2.439586818218231201e-02,4.882756620645523071e-03,2.824499309062957764e-01,-2.660486102104187012e-01,2.071002312004566193e-02,-1.101518869400024414e-01,-2.264521783217787743e-03,4.990085726603865623e-04,2.769064307212829590e-01,-2.510758638381958008e-01,-1.851293956860899925e-03,7.165044371504336596e-05,-2.399441553279757500e-03,-8.998284488916397095e-02,2.821928635239601135e-02,3.383789360523223877e-01,-3.576094284653663635e-03,1.568387269973754883e+00,-1.718955754768103361e-04,-8.536820532754063606e-04,1.037881337106227875e-02,2.756721153855323792e-02,-3.425540924072265625e-01,3.123650560155510902e-03,1.568836927413940430e+00,1.032057843985967338e-04,-8.274993742816150188e-04,-9.877349250018596649e-03
-3.331097841262817383e+00,-5.447158813476562500e-01,9.738574028015136719e-01,-3.495972231030464172e-02,-1.498098298907279968e-02,8.963534832000732422e-01,-4.417055249214172363e-01,-9.438914060592651367e-02,-2.424484491348266602e-02,4.664478823542594910e-03,2.631069421768188477e-01,-2.558366060256958008e-01,2.063575573265552521e-02,-1.037621572613716125e-01,-2.089128596708178520e-03,4.791277751792222261e-04,2.577588558197021484e-01,-2.408893108367919922e-01,-1.901585375890135765e-03,5.837031858391128480e-05,-2.446280093863606453e-03,-9.046733379364013672e-02,2.426443807780742645e-02,3.400925099849700928e-01,-2.906352514401078224e-03,1.570526361465454102e+00,-2.299757215951103717e-05,-4.692962975241243839e-04,7.195459213107824326e-03,2.366606146097183228e-02,-3.436334431171417236e-01,2.574699232354760170e-03,1.570846557617187500e+00,-2.581095759524032474e-05,-4.164102429058402777e-04,-6.941647268831729889e-03
-3.329714298248291016e+00,-5.430526137351989746e-01,9.726306200027465820e-01,-2.568251639604568481e-02,-9.694935753941535950e-03,8.967155814170837402e-01,-4.417551457881927490e-01,-1.073606684803962708e-01,-2.579144015908241272e-02,6.258463487029075623e-03,3.268288075923919678e-01,-2.808348238468170166e-01,2.121387422084808350e-02,-1.160810142755508423e-01,-3.636243985965847969e-03,1.142397290095686913e-03,3.203290402889251709e-01,-2.655774056911468506e-01,-1.525831408798694611e-03,6.623007939197123051e-04,-2.466694451868534088e-03,-8.233557641506195068e-02,5.179620161652565002e-02,3.064662516117095947e-01,-6.356041878461837769e-03,1.564067244529724121e+00,-3.634923195932060480e-04,-6.152663845568895340e-03,3.152151778340339661e-02,5.033053457736968994e-02,-3.145627677440643311e-01,5.413947626948356628e-03,1.565225005149841309e+00,3.094570420216768980e-04,-5.831567570567131042e-03,-3.035676665604114532e-02
-3.331037521362304688e+00,-5.446547865867614746e-01,9.733502268791198730e-01,-3.392931446433067322e-02,-1.440352853387594223e-02,8.963827490806579590e-01,-4.417456984519958496e-01,-1.009134501218795776e-01,-2.439587190747261047e-02,4.882757551968097687e-03,2.824499309062957764e-01,-2.660486102104187012e-01,2.071002498269081116e-02,-1.101519390940666199e-01,-2.264526207000017166e-03,4.990090383216738701e-04,2.769064903259277344e-01,-2.510758638381958008e-01,-1.851293141953647137e-03,7.164959242800250649e-05,-2.399445278570055962e-03,-8.998287469148635864e-02,2.821929007768630981e-02,3.383789360523223877e-01,-3.576094983145594597e-03,1.568387269973754883e+00,-1.718956336844712496e-04,-8.536821114830672741e-04,1.037881337106227875e-02,2.756721526384353638e-02,-3.425540924072265625e-01,3.123651258647441864e-03,1.568836927413940430e+00,1.032058571581728756e-04,-8.274994324892759323e-04,-9.877349250018596649e-03
-3.331097841262817383e+00,-5.447158813476562500e-01,9.738574028015136719e-01,-3.495972976088523865e-02,-1.498098578304052353e-02,8.963534832000732422e-01,-4.417055249214172363e-01,-9.438916295766830444e-02,-2.424484863877296448e-02,4.664479289203882217e-03,2.631069421768188477e-01,-2.558366060256958008e-01,2.063575573265552521e-02,-1.037621870636940002e-01,-2.089130692183971405e-03,4.791280080098658800e-04,2.577588558197021484e-01,-2.408893108367919922e-01,-1.901585026644170284e-03,5.836984928464516997e-05,-2.446282189339399338e-03,-9.046735614538192749e-02,2.426443994045257568e-02,3.400925099849700928e-01,-2.906352980062365532e-03,1.570526361465454102e+00,-2.299761581525672227e-05,-4.692963557317852974e-04,7.195459213107824326e-03,2.366606332361698151e-02,-3.436334431171417236e-01,2.574699698016047478e-03,1.570846557617187500e+00,-2.581090848252642900e-05,-4.164103011135011911e-04,-6.941647268831729889e-03
-3.329714298248291016e+00,-5.430526137351989746e-01,9.726306200027465820e-01,-2.568252012133598328e-02,-9.694936685264110565e-03,8.967155814170837402e-01,-4.417551457881927490e-01,-1.073606833815574646e-01,-2.579144015908241272e-02,6.258463952690362930e-03,3.268288075923919678e-01,-2.808348238468170166e-01,2.121387422084808350e-02,-1.160810291767120361e-01,-3.636245382949709892e-03,1.142397522926330566e-03,3.203290402889251709e-01,-2.655774056911468506e-01,-1.525831175968050957e-03,6.623005610890686512e-04,-2.466695616021752357e-03,-8.233558386564254761e-02,5.179620534181594849e-02,3.064662516117095947e-01,-6.356041878461837769e-03,1.564067244529724121e+00,-3.634923486970365047e-04,-6.152663845568895340e-03,3.152151778340339661e-02,5.033053457736968994e-02,-3.145627677440643311e-01,5.413947626948356628e-03,1.565225005149841309e+00,3.094571002293378115e-04,-5.831567570567131042e-03,-3.035676665604114532e-02
-3.331037521362304688e+00,-5.446547865867614746e-01,9.733502268791198730e-01,-3.392931446433067322e-02,-1.440352946519851685e-02,8.963827490806579590e-01,-4.417456984519958496e-01,-1.009134575724601746e-01,-2.439587377011775970e-02,4.882757551968097687e-03,2.824499309062957764e-01,-2.660486102104187012e-01,2.071002498269081116e-02,-1.101519465446472168e-01,-2.264526905491948128e-03,4.990090965293347836e-04,2.769064903259277344e-01,-2.510758638381958008e-01,-1.851293025538325310e-03,7.164944690885022283e-05,-2.399445977061986923e-03,-8.998287469148635864e-02,2.821929007768630981e-02,3.383789360523223877e-01,-3.576094983145594597e-03,1.568387269973754883e+00,-1.718956482363864779e-04,-8.536821696907281876e-04,1.037881337106227875e-02,2.756721712648868561e-02,-3.425540924072265625e-01,3.123651491478085518e-03,1.568836927413940430e+00,1.032058717100881040e-04,-8.274994324892759323e-04,-9.877349250018596649e-03
-3.331097841262817383e+00,-5.447158813476562500e-01,9.738574028015136719e-01,-3.495973348617553711e-02,-1.498098578304052353e-02,8.963534832000732422e-01,-4.417055249214172363e-01,-9.438917040824890137e-02,-2.424484863877296448e-02,4.664479289203882217e-03,2.631069421768188477e-01,-2.558366060256958008e-01,2.063575573265552521e-02,-1.037621870636940002e-01,-2.089131157845258713e-03,4.791280371136963367e-04,2.577588856220245361e-01,-2.408893108367919922e-01,-1.901584910228848457e-03,5.836976561113260686e-05,-2.446282422170042992e-03,-9.046735614538192749e-02,2.426443994045257568e-02,3.400925099849700928e-01,-2.906352980062365532e-03,1.570526361465454102e+00,-2.299762309121433645e-05,-4.692963557317852974e-04,7.195459213107824326e-03,2.366606332361698151e-02,-3.436334431171417236e-01,2.574699698016047478e-03,1.570846557617187500e+00,-2.581089938757941127e-05,-4.164103011135011911e-04,-6.941647268831729889e-03
-3.329714298248291016e+00,-5.430526137351989746e-01,9.726306200027465820e-01,-2.568252198398113251e-02,-9.694937616586685181e-03,8.967155814170837402e-01,-4.417551457881927490e-01,-1.073606908321380615e-01,-2.579144015908241272e-02,6.258463952690362930e-03,3.268288075923919678e-01,-2.808348238468170166e-01,2.121387422084808350e-02,-1.160810291767120361e-01,-3.636245615780353546e-03,1.142397639341652393e-03,3.203290402889251709e-01,-2.655774056911468506e-01,-1.525831059552729130e-03,6.623005028814077377e-04,-2.466695848852396011e-03,-8.233558386564254761e-02,5.179620534181594849e-02,3.064662516117095947e-01,-6.356041878461837769e-03,1.564067244529724121e+00,-3.634923778008669615e-04,-6.152663845568895340e-03,3.152151778340339661e-02,5.033053457736968994e-02,-3.145627677440643311e-01,5.413947626948356628e-03,1.565225005149841309e+00,3.094571002293378115e-04,-5.831567570567131042e-03,-3.035676665604114532e-02
-3.331037521362304688e+00,-5.446547865867614746e-01,9.733502268791198730e-01,-3.392931818962097168e-02,-1.440352946519851685e-02,8.963827490806579590e-01,-4.417456984519958496e-01,-1.009134575724601746e-01,-2.439587377011775970e-02,4.882757551968097687e-03,2.824499309062957764e-01,-2.660486102104187012e-01,2.071002498269081116e-02,-1.101519465446472168e-01,-2.264526905491948128e-03,4.990091547369956970e-04,2.769064903259277344e-01,-2.510758638381958008e-01,-1.851293025538325310e-03,7.164941780501976609e-05,-2.399445977061986923e-03,-8.998287469148635864e-02,2.821929007768630981e-02,3.383789360523223877e-01,-3.576095215976238251e-03,1.568387269973754883e+00,-1.718956482363864779e-04,-8.536821696907281876e-04,1.037881337106227875e-02,2.756721712648868561e-02,-3.425540924072265625e-01,3.123651491478085518e-03,1.568836927413940430e+00,1.032058717100881040e-04,-8.274994324892759323e-04,-9.877349250018596649e-03
-3.331097841262817383e+00,-5.447158813476562500e-01,9.738574028015136719e-01,-3.495973348617553711e-02,-1.498098578304052353e-02,8.963534832000732422e-01,-4.417055249214172363e-01,-9.438917040824890137e-02,-2.424484863877296448e-02,4.664479289203882217e-03,2.631069421768188477e-01,-2.558366060256958008e-01,2.063575573265552521e-02,-1.037621945142745972e-01,-2.089131157845258713e-03,4.791280371136963367e-04,2.577588856220245361e-01,-2.408893108367919922e-01,-1.901584910228848457e-03,5.836975105921737850e-05,-2.446282422170042992e-03,-9.046735614538192749e-02,2.426443994045257568e-02,3.400925099849700928e-01,-2.906352980062365532e-03,1.570526361465454102e+00,-2.299762491020374000e-05,-4.692963557317852974e-04,7.195459213107824326e-03,2.366606332361698151e-02,-3.436334431171417236e-01,2.574699698016047478e-03,1.570846557617187500e+00,-2.581089756859000772e-05,-4.164103011135011911e-04,-6.941647268831729889e-03
-3.329714298248291016e+00,-5.430526137351989746e-01,9.726306200027465820e-01,-2.568252198398113251e-02,-9.694937616586685181e-03,8.967155814170837402e-01,-4.417551457881927490e-01,-1.073606908321380615e-01,-2.579144202172756195e-02,6.258463952690362930e-03,3.268288075923919678e-01,-2.808348238468170166e-01,2.121387422084808350e-02,-1.160810291767120361e-01,-3.636245615780353546e-03,1.142397639341652393e-03,3.203290402889251709e-01,-2.655774056911468506e-01,-1.525831059552729130e-03,6.623005028814077377e-04,-2.466695848852396011e-03,-8.233558386564254761e-02,5.179620534181594849e-02,3.064662516117095947e-01,-6.356041878461837769e-03,1.564067244529724121e+00,-3.634923778008669615e-04,-6.152663845568895340e-03,3.152151778340339661e-02,5.033053457736968994e-02,-3.145627677440643311e-01,5.413947626948356628e-03,1.565225005149841309e+00,3.094571002293378115e-04,-5.831567570567131042e-03,-3.035676665604114532e-02
-3.331037521362304688e+00,-5.446547865867614746e-01,9.733502268791198730e-01,-3.392931818962097168e-02,-1.440352946519851685e-02,8.963827490806579590e-01,-4.417456984519958496e-01,-1.009134575724601746e-01,-2.439587377011775970e-02,4.882757551968097687e-03,2.824499309062957764e-01,-2.660486102104187012e-01,2.071002498269081116e-02,-1.101519465446472168e-01,-2.264527138322591782e-03,4.990091547369956970e-04,2.769064903259277344e-01,-2.510758638381958008e-01,-1.851293025538325310e-03,7.164941052906215191e-05,-2.399445977061986923e-03,-8.998287469148635864e-02,2.821929007768630981e-02,3.383789360523223877e-01,-3.576095215976238251e-03,1.568387269973754883e+00,-1.718956482363864779e-04,-8.536821696907281876e-04,1.037881337106227875e-02,2.756721712648868561e-02,-3.425540924072265625e-01,3.123651491478085518e-03,1.568836927413940430e+00,1.032058717100881040e-04,-8.274994324892759323e-04,-9.877349250018596649e-03
-3.331097841262817383e+00,-5.447158813476562500e-01,9.738574028015136719e-01,-3.495973348617553711e-02,-1.498098578304052353e-02,8.963534832000732422e-01,-4.417055249214172363e-01,-9.438917040824890137e-02,-2.424484863877296448e-02,4.664479289203882217e-03,2.631069421768188477e-01,-2.558366060256958008e-01,2.063575573265552521e-02,-1.037621945142745972e-01,-2.089131157845258713e-03,4.791280371136963367e-04,2.577588856220245361e-01,-2.408893108367919922e-01,-1.901584910228848457e-03,5.836974742123857141e-05,-2.446282422170042992e-03,-9.046735614538192749e-02,2.426443994045257568e-02,3.400925099849700928e-01,-2.906352980062365532e-03,1.570526361465454102e+00,-2.299762491020374000e-05,-4.692963557317852974e-04,7.195459213107824326e-03,2.366606332361698151e-02,-3.436334431171417236e-01,2.574699698016047478e-03,1.570846557617187500e+00,-2.581089756859000772e-05,-4.164103011135011911e-04,-6.941647268831729889e-03
-3.329714298248291016e+00,-5.430526137351989746e-01,9.726306200027465820e-01,-2.568252198398113251e-02,-9.694937616586685181e-03,8.967155814170837402e-01,-4.417551457881927490e-01,-1.073606908321380615e-01,-2.579144202172756195e-02,6.258463952690362930e-03,3.268288075923919678e-01,-2.808348238468170166e-01,2.121387422084808350e-02,-1.160810291767120361e-01,-3.636245615780353546e-03,1.142397639341652393e-03,3.203290402889251709e-01,-2.655774056911468506e-01,-1.525831059552729130e-03,6.623005028814077377e-04,-2.466695848852396011e-03,-8.233558386564254761e-02,5.179620534181594849e-02,3.064662516117095947e-01,-6.356041878461837769e-03,1.564067244529724121e+00,-3.634923778008669615e-04,-6.152663845568895340e-03,3.152151778340339661e-02,5.033053457736968994e-02,-3.145627677440643311e-01,5.413947626948356628e-03,1.565225005149841309e+00,3.094571002293378115e-04,-5.831567570567131042e-03,-3.035676665604114532e-02
-3.331037521362304688e+00,-5.446547865867614746e-01,9.733502268791198730e-01,-3.392931818962097168e-02,-1.440352946519851685e-02,8.963827490806579590e-01,-4.417456984519958496e-01,-1.009134575724601746e-01,-2.439587377011775970e-02,4.882757551968097687e-03,2.824499309062957764e-01,-2.660486102104187012e-01,2.071002498269081116e-02,-1.101519465446472168e-01,-2.264527138322591782e-03,4.990091547369956970e-04,2.769064903259277344e-01,-2.510758638381958008e-01,-1.851293025538325310e-03,7.164941052906215191e-05,-2.399445977061986923e-03,-8.998287469148635864e-02,2.821929007768630981e-02,3.383789360523223877e-01,-3.576095215976238251e-03,1.568387269973754883e+00,-1.718956482363864779e-04,-8.536821696907281876e-04,1.037881337106227875e-02,2.756721712648868561e-02,-3.425540924072265625e-01,3.123651491478085518e-03,1.568836927413940430e+00,1.032058717100881040e-04,-8.274994324892759323e-04,-9.877349250018596649e-03
-3.331097841262817383e+00,-5.447158813476562500e-01,9.738574028015136719e-01,-3.495973348617553711e-02,-1.498098578304052353e-02,8.963534832000732422e-01,-4.417055249214172363e-01,-9.438917040824890137e-02,-2.424484863877296448e-02,4.664479289203882217e-03,2.631069421768188477e-01,-2.558366060256958008e-01,2.063575573265552521e-02,-1.037621945142745972e-01,-2.089131157845258713e-03,4.791280371136963367e-04,2.577588856220245361e-01,-2.408893108367919922e-01,-1.901584910228848457e-03,5.836974742123857141e-05,-2.446282422170042992e-03,-9.046735614538192749e-02,2.426443994045257568e-02,3.400925099849700928e-01,-2.906352980062365532e-03,1.570526361465454102e+00,-2.299762491020374000e-05,-4.692963557317852974e-04,7.195459213107824326e-03,2.366606332361698151e-02,-3.436334431171417236e-01,2.574699698016047478e-03,1.570846557617187500e+00,-2.581089756859000772e-05,-4.164103011135011911e-04,-6.941647268831729889e-03
-3.329714298248291016e+00,-5.430526137351989746e-01,9.726306200027465820e-01,-2.568252198398113251e-02,-9.694937616586685181e-03,8.967155814170837402e-01,-4.417551457881927490e-01,-1.073606908321380615e-01,-2.579144202172756195e-02,6.258463952690362930e-03,3.268288075923919678e-01,-2.808348238468170166e-01,2.121387422084808350e-02,-1.160810291767120361e-01,-3.636245615780353546e-03,1.142397639341652393e-03,3.203290402889251709e-01,-2.655774056911468506e-01,-1.525831059552729130e-03,6.623005028814077377e-04,-2.466695848852396011e-03,-8.233558386564254761e-02,5.179620534181594849e-02,3.064662516117095947e-01,-6.356041878461837769e-03,1.564067244529724121e+00,-3.634923778008669615e-04,-6.152663845568895340e-03,3.152151778340339661e-02,5.033053457736968994e-02,-3.145627677440643311e-01,5.413947626948356628e-03,1.565225005149841309e+00,3.094571002293378115e-04,-5.831567570567131042e-03,-3.035676665604114532e-02
-3.331037521362304688e+00,-5.446547865867614746e-01,9.733502268791198730e-01,-3.392931818962097168e-02,-1.440352946519851685e-02,8.963827490806579590e-01,-4.417456984519958496e-01,-1.009134575724601746e-01,-2.439587377011775970e-02,4.882757551968097687e-03,2.824499309062957764e-01,-2.660486102104187012e-01,2.071002498269081116e-02,-1.101519465446472168e-01,-2.264527138322591782e-03,4.990091547369956970e-04,2.769064903259277344e-01,-2.510758638381958008e-01,-1.851293025538325310e-03,7.164941052906215191e-05,-2.399445977061986923e-03,-8.998287469148635864e-02,2.821929007768630981e-02,3.383789360523223877e-01,-3.576095215976238251e-03,1.568387269973754883e+00,-1.718956482363864779e-04,-8.536821696907281876e-04,1.037881337106227875e-02,2.756721712648868561e-02,-3.425540924072265625e-01,3.123651491478085518e-03,1.568836927413940430e+00,1.032058717100881040e-04,-8.274994324892759323e-04,-9.877349250018596649e-03
-3.331097841262817383e+00,-5.447158813476562500e-01,9.738574028015136719e-01,-3.495973348617553711e-02,-1.498098578304052353e-02,8.963534832000732422e-01,-4.417055249214172363e-01,-9.438917040824890137e-02,-2.424484863877296448e-02,4.664479289203882217e-03,2.631069421768188477e-01,-2.558366060256958008e-01,2.063575573265552521e-02,-1.037621945142745972e-01,-2.089131157845258713e-03,4.791280371136963367e-04,2.577588856220245361e-01,-2.408893108367919922e-01,-1.901584910228848457e-03,5.836974742123857141e-05,-2.446282422170042992e-03,-9.046735614538192749e-02,2.426443994045257568e-02,3.400925099849700928e-01,-2.906352980062365532e-03,1.570526361465454102e+00,-2.299762672919314355e-05,-4.692963557317852974e-04,7.195459213107824326e-03,2.366606332361698151e-02,-3.436334431171417236e-01,2.574699698016047478e-03,1.570846557617187500e+00,-2.581089756859000772e-05,-4.164103011135011911e-04,-6.941647268831729889e-03
-3.329714298248291016e+00,-5.430526137351989746e-01,9.726306200027465820e-01,-2.568252198398113251e-02,-9.694937616586685181e-03,8.967155814170837402e-01,-4.417551457881927490e-01,-1.073606908321380615e-01,-2.579144202172756195e-02,6.258463952690362930e-03,3.268288075923919678e-01,-2.808348238468170166e-01,2.121387422084808350e-02,-1.160810291767120361e-01,-3.636245615780353546e-03,1.142397639341652393e-03,3.203290402889251709e-01,-2.655774056911468506e-01,-1.525831059552729130e-03,6.623005028814077377e-04,-2.466695848852396011e-03,-8.233558386564254761e-02,5.179620534181594849e-02,3.064662516117095947e-01,-6.356041878461837769e-03,1.564067244529724121e+00,-3.634923778008669615e-04,-6.152663845568895340e-03,3.152151778340339661e-02,5.033053457736968994e-02,-3.145627677440643311e-01,5.413947626948356628e-03,1.565225005149841309e+00,3.094571002293378115e-04,-5.831567570567131042e-03,-3.035676665604114532e-02
-3.331037521362304688e+00,-5.446547865867614746e-01,9.733501672744750977e-01,-3.392925485968589783e-02,-1.440363284200429916e-02,8.963827490806579590e-01,-4.417456984519958496e-01,-1.009134203195571899e-01,-2.439559623599052429e-02,4.882705863565206528e-03,2.824499309062957764e-01,-2.660486400127410889e-01,2.070998214185237885e-02,-1.101520285010337830e-01,-2.264249371364712715e-03,4.989556036889553070e-04,2.769067585468292236e-01,-2.510760724544525146e-01,-1.851335866376757622e-03,7.167249714257195592e-05,-2.399234799668192863e-03,-8.998286724090576172e-02,2.821929007768630981e-02,3.383789658546447754e-01,-3.576095681637525558e-03,1.568387269973754883e+00,-1.718951243674382567e-04,-8.536811801604926586e-04,1.037881243973970413e-02,2.756721526384353638e-02,-3.425541222095489502e-01,3.123651258647441864e-03,1.568836927413940430e+00,1.032064683386124671e-04,-8.274980937130749226e-04,-9.877342730760574341e-03
