4.678442329168319702e-02,-3.847319632768630981e-02,8.306384086608886719e-01,1.552800834178924561e-02,2.075791731476783752e-02,-5.181145668029785156e-01,8.549183011054992676e-01,2.509099664166569710e-03,1.317207235842943192e-02,-9.736890904605388641e-03,-2.688029967248439789e-02,-8.268799632787704468e-03,-1.915423013269901276e-02,-6.997496355324983597e-03,-4.193207994103431702e-02,-2.728132763877511024e-03,-2.833891287446022034e-02,3.592309309169650078e-03,3.595459461212158203e-02,-7.076685316860675812e-03,-2.717252355068922043e-03,-7.274579256772994995e-02,8.962962776422500610e-02,3.641358911991119385e-01,-1.446356473024934530e-04,1.459333062171936035e+00,3.940481226891279221e-03,8.072112500667572021e-02,2.978043863549828529e-03,9.279870241880416870e-02,-3.683629631996154785e-01,-2.612586598843336105e-03,1.454806447029113770e+00,-4.293635487556457520e-03,8.216714859008789062e-02,-3.507509827613830566e-03
4.695241898298263550e-02,-3.880219534039497375e-02,8.303138017654418945e-01,1.309916377067565918e-02,1.690925098955631256e-02,-5.188627243041992188e-01,8.545899391174316406e-01,2.165023237466812134e-03,1.354755740612745285e-02,-8.286572061479091644e-03,-2.067839493975043297e-03,-2.510729990899562836e-02,-1.925662718713283539e-02,-8.261329494416713715e-03,-4.146771505475044250e-02,-8.135109092108905315e-04,-3.074443200603127480e-03,-1.287674624472856522e-02,3.590765967965126038e-02,-5.665793549269437790e-03,-2.419797005131840706e-03,-6.885793060064315796e-02,8.369790017604827881e-02,3.635470569133758545e-01,-3.259582677856087685e-03,1.491540312767028809e+00,2.086398657411336899e-03,5.309118703007698059e-02,3.002331824973225594e-03,8.484534919261932373e-02,-3.687583804130554199e-01,1.226791646331548691e-03,1.489168763160705566e+00,-2.345350570976734161e-03,5.462786927819252014e-02,-2.793246647343039513e-03
4.693290218710899353e-02,-3.875915706157684326e-02,8.302987217903137207e-01,1.285206992179155350e-02,1.656789891421794891e-02,-5.191909074783325195e-01,8.544010519981384277e-01,1.008528284728527069e-03,1.374529674649238586e-02,-7.576575502753257751e-03,2.667311578989028931e-03,-2.797677554190158844e-02,-1.929165795445442200e-02,-9.647989645600318909e-03,-4.124348983168601990e-02,1.915647771966177970e-05,1.510729431174695492e-03,-1.540435850620269775e-02,3.586812317371368408e-02,-4.969338420778512955e-03,-2.238521818071603775e-03,-6.808079034090042114e-02,7.642141729593276978e-02,3.633075356483459473e-01,-4.597187042236328125e-03,1.512151479721069336e+00,8.601503795944154263e-04,3.370346128940582275e-02,3.131694160401821136e-03,7.648652791976928711e-02,-3.690496087074279785e-01,2.867841627448797226e-03,1.511201262474060059e+00,-1.018700655549764633e-03,3.505158796906471252e-02,-2.506681485101580620e-03
4.691762104630470276e-02,-3.872627764940261841e-02,8.302963972091674805e-01,1.284237578511238098e-02,1.658985204994678497e-02,-5.193392038345336914e-01,8.543106317520141602e-01,5.309429252520203590e-04,1.385039184242486954e-02,-7.244349922984838486e-03,3.643841249868273735e-03,-2.852117083966732025e-02,-1.930977776646614075e-02,-1.022692397236824036e-02,-4.112987965345382690e-02,3.802260034717619419e-04,2.411846537142992020e-03,-1.578683219850063324e-02,3.584817796945571899e-02,-4.644626285880804062e-03,-2.132014371454715729e-03,-6.779789179563522339e-02,7.053925096988677979e-02,3.631573915481567383e-01,-5.243171006441116333e-03,1.526246666908264160e+00,1.544276019558310509e-04,2.077007293701171875e-02,3.224394749850034714e-03,6.999844312667846680e-02,-3.691865801811218262e-01,3.652638988569378853e-03,1.526206254959106445e+00,-2.486255834810435772e-04,2.185002155601978302e-02,-2.368424087762832642e-03
4.690534994006156921e-02,-3.870054334402084351e-02,8.302960991859436035e-01,1.283336058259010315e-02,1.659521460533142090e-02,-5.194072127342224121e-01,8.542693257331848145e-01,4.022450011689215899e-04,1.390250213444232941e-02,-7.091442588716745377e-03,3.888197010383009911e-03,-2.863780222833156586e-02,-1.931853964924812317e-02,-1.040668599307537079e-02,-4.107450321316719055e-02,5.419587250798940659e-04,2.632065443322062492e-03,-1.583464629948139191e-02,3.583868220448493958e-02,-4.498895257711410522e-03,-2.072884701192378998e-03,-6.747788190841674805e-02,6.616224348545074463e-02,3.630609214305877686e-01,-5.597687792032957077e-03,1.535993337631225586e+00,-2.284395304741337895e-04,1.216824352741241455e-02,3.280279925093054771e-03,6.526917219161987305e-02,-3.692485988140106201e-01,4.084847867488861084e-03,1.536536693572998047e+00,1.677059044595807791e-04,1.299573294818401337e-02,-2.296997932717204094e-03
4.689569771289825439e-02,-3.868069872260093689e-02,8.302961587905883789e-01,1.281155552715063095e-02,1.656960882246494293e-02,-5.194389820098876953e-01,8.542508482933044434e-01,4.212570202071219683e-04,1.392763108015060425e-02,-7.020990829914808273e-03,3.967178519815206528e-03,-2.866851165890693665e-02,-1.932263560593128204e-02,-1.041314005851745605e-02,-4.104798659682273865e-02,6.158482283353805542e-04,2.704190090298652649e-03,-1.583590358495712280e-02,3.583427891135215759e-02,-4.436579532921314240e-03,-2.040929393842816353e-03,-6.713222712278366089e-02,6.298930197954177856e-02,3.629996478557586670e-01,-5.796827841550111771e-03,1.542727112770080566e+00,-4.333883698564022779e-04,6.416641641408205032e-03,3.312202403321862221e-03,6.188347935676574707e-02,-3.692755401134490967e-01,4.336383193731307983e-03,1.543648481369018555e+00,3.880465228576213121e-04,7.038907613605260849e-03,-2.258819295093417168e-03
4.688832908868789673e-02,-3.866576030850410461e-02,8.302962779998779297e-01,1.278551016002893448e-02,1.653194986283779144e-02,-5.194540619850158691e-01,8.542427420616149902e-01,4.925151006318628788e-04,1.393972523510456085e-02,-6.988342851400375366e-03,3.998727072030305862e-03,-2.867911010980606079e-02,-1.932453177869319916e-02,-1.035428605973720551e-02,-4.103527963161468506e-02,6.500111194327473640e-04,2.733841072767972946e-03,-1.583350636065006256e-02,3.583225607872009277e-02,-4.412187729030847549e-03,-2.023763256147503853e-03,-6.681197881698608398e-02,6.071977689862251282e-02,3.629610240459442139e-01,-5.907116923481225967e-03,1.547371268272399902e+00,-5.426020361483097076e-04,2.549537224695086479e-03,3.329931292682886124e-03,5.948091670870780945e-02,-3.692861497402191162e-01,4.485713783651590347e-03,1.548540115356445312e+00,5.037843948230147362e-04,3.016700036823749542e-03,-2.237950451672077179e-03
4.688284173607826233e-02,-3.865474835038185120e-02,8.302963376045227051e-01,1.276097539812326431e-02,1.649425178766250610e-02,-5.194614529609680176e-01,8.542393445968627930e-01,5.736945895478129387e-04,1.394560839980840683e-02,-6.973117124289274216e-03,4.012706689536571503e-03,-2.868381887674331665e-02,-1.932541094720363617e-02,-1.027906686067581177e-02,-4.102913290262222290e-02,6.659175851382315159e-04,2.747297985479235649e-03,-1.583232544362545013e-02,3.583133220672607422e-02,-4.404461011290550232e-03,-2.014507073909044266e-03,-6.654247641563415527e-02,5.911092087626457214e-02,3.629366755485534668e-01,-5.966840311884880066e-03,1.550570487976074219e+00,-6.003294838592410088e-04,-6.228648271644487977e-05,3.339562797918915749e-03,5.778641626238822937e-02,-3.692893087863922119e-01,4.575449042022228241e-03,1.551902890205383301e+00,5.641958559863269329e-04,2.924001601058989763e-04,-2.226360840722918510e-03
4.687882587313652039e-02,-3.864675015211105347e-02,8.302964568138122559e-01,1.274028047919273376e-02,1.646160520613193512e-02,-5.194651484489440918e-01,8.542380928993225098e-01,6.475821137428283691e-04,1.394851785153150558e-02,-6.965977139770984650e-03,4.018951673060655594e-03,-2.868631109595298767e-02,-1.932582072913646698e-02,-1.020803209394216537e-02,-4.102611914277076721e-02,6.733439513482153416e-04,2.753415377810597420e-03,-1.583210565149784088e-02,3.583091497421264648e-02,-4.403626546263694763e-03,-2.009475603699684143e-03,-6.632867455482482910e-02,5.797790363430976868e-02,3.629212379455566406e-01,-5.998354405164718628e-03,1.552772879600524902e+00,-6.303687696345150471e-04,-1.832607784308493137e-03,3.344679484143853188e-03,5.659701302647590637e-02,-3.692892789840698242e-01,4.630013834685087204e-03,1.554214239120483398e+00,5.954419611953198910e-04,-1.557469950057566166e-03,-2.219848567619919777e-03
4.687592759728431702e-02,-3.864100947976112366e-02,8.302965164184570312e-01,1.272386405616998672e-02,1.643535494804382324e-02,-5.194670557975769043e-01,8.542376756668090820e-01,7.086078985594213009e-04,1.394998561590909958e-02,-6.962617859244346619e-03,4.021534696221351624e-03,-2.868777327239513397e-02,-1.932601071894168854e-02,-1.014837436378002167e-02,-4.102461785078048706e-02,6.768024759367108345e-04,2.755993511527776718e-03,-1.583231240510940552e-02,3.583072498440742493e-02,-4.405300132930278778e-03,-2.006712369620800018e-03,-6.616539508104324341e-02,5.718397721648216248e-02,3.629114031791687012e-01,-6.014454178512096405e-03,1.554288506507873535e+00,-6.455979892052710056e-04,-3.035952337086200714e-03,3.347327234223484993e-03,5.576534569263458252e-02,-3.692881166934967041e-01,4.663610830903053284e-03,1.555802941322326660e+00,6.113795679993927479e-04,-2.816203050315380096e-03,-2.216155640780925751e-03
4.687386006116867065e-02,-3.863693028688430786e-02,8.302965164184570312e-01,1.271133031696081161e-02,1.641515642404556274e-02,-5.194680094718933105e-01,8.542376160621643066e-01,7.563676917925477028e-04,1.395074278116226196e-02,-6.961037404835224152e-03,4.022379871457815170e-03,-2.868868410587310791e-02,-1.932610012590885162e-02,-1.010127365589141846e-02,-4.102385416626930237e-02,6.783967255614697933e-04,2.756872214376926422e-03,-1.583264768123626709e-02,3.583064302802085876e-02,-4.407596308737993240e-03,-2.005176385864615440e-03,-6.604389101266860962e-02,5.662979558110237122e-02,3.629050552845001221e-01,-6.022309884428977966e-03,1.555331349372863770e+00,-6.530000246129930019e-04,-3.855757648125290871e-03,3.348650643602013588e-03,5.518561974167823792e-02,-3.692867159843444824e-01,4.684566520154476166e-03,1.556894898414611816e+00,6.193394074216485023e-04,-3.674196312204003334e-03,-2.214044099673628807e-03
4.687239602208137512e-02,-3.863404691219329834e-02,8.302965760231018066e-01,1.270200312137603760e-02,1.640005409717559814e-02,-5.194686055183410645e-01,8.542377352714538574e-01,7.924991659820079803e-04,1.395114324986934662e-02,-6.960298400372266769e-03,4.022440407425165176e-03,-2.868927270174026489e-02,-1.932614110410213470e-02,-1.006546244025230408e-02,-4.102346301078796387e-02,6.791147752664983273e-04,2.756974892690777779e-03,-1.583297923207283020e-02,3.583060950040817261e-02,-4.409769549965858459e-03,-2.004311187192797661e-03,-6.595510989427566528e-02,5.624412000179290771e-02,3.629009127616882324e-01,-6.025864742696285248e-03,1.556048631668090820e+00,-6.563470233231782913e-04,-4.415285307914018631e-03,3.349279053509235382e-03,5.478251725435256958e-02,-3.692853748798370361e-01,4.697804804891347885e-03,1.557645678520202637e+00,6.231878651306033134e-04,-4.259890876710414886e-03,-2.212827559560537338e-03
4.687136411666870117e-02,-3.863202035427093506e-02,8.302966356277465820e-01,1.269518770277500153e-02,1.638898439705371857e-02,-5.194689035415649414e-01,8.542378544807434082e-01,8.192114764824509621e-04,1.395136024802923203e-02,-6.959958467632532120e-03,4.022187087684869766e-03,-2.868966013193130493e-02,-1.932615973055362701e-02,-1.003890577703714371e-02,-4.102325439453125000e-02,6.794232176616787910e-04,2.756762085482478142e-03,-1.583325862884521484e-02,3.583059832453727722e-02,-4.411577247083187103e-03,-2.003816887736320496e-03,-6.589110940694808960e-02,5.597633868455886841e-02,3.628982007503509521e-01,-6.027251947671175003e-03,1.556542158126831055e+00,-6.576572195626795292e-04,-4.797731060534715652e-03,3.349553095176815987e-03,5.450279638171195984e-02,-3.692843019962310791e-01,4.706270061433315277e-03,1.558161735534667969e+00,6.249523139558732510e-04,-4.660198464989662170e-03,-2.212120685726404190e-03
4.687064141035079956e-02,-3.863060101866722107e-02,8.302966356277465820e-01,1.269027311354875565e-02,1.638098433613777161e-02,-5.194690823554992676e-01,8.542379736900329590e-01,8.386386325582861900e-04,1.395148038864135742e-02,-6.959807127714157104e-03,4.021845757961273193e-03,-2.868992090225219727e-02,-1.932616904377937317e-02,-1.001955568790435791e-02,-4.102314636111259460e-02,6.795429508201777935e-04,2.756455680355429649e-03,-1.583347655832767487e-02,3.583059459924697876e-02,-4.412989132106304169e-03,-2.003530040383338928e-03,-6.584542244672775269e-02,5.579075962305068970e-02,3.628964126110076904e-01,-6.027599796652793884e-03,1.556881666183471680e+00,-6.579937180504202843e-04,-5.059449467808008194e-03,3.349652979522943497e-03,5.430901050567626953e-02,-3.692834675312042236e-01,4.711744375526905060e-03,1.558516502380371094e+00,6.256866618059575558e-04,-4.934082739055156708e-03,-2.211706480011343956e-03
4.660679027438163757e-02,-3.771071135997772217e-02,8.307442665100097656e-01,1.954175345599651337e-02,2.198116295039653778e-02,-5.245532393455505371e-01,8.508694767951965332e-01,-3.373700007796287537e-02,2.916304208338260651e-02,3.552961349487304688e-02,2.836175495758652687e-03,-9.740649838931858540e-04,-2.950051799416542053e-02,9.041309356689453125e-03,-5.731026828289031982e-02,-1.855465769767761230e-02,-6.224488839507102966e-03,-7.570237386971712112e-03,5.408614501357078552e-02,3.407149016857147217e-02,-8.439039811491966248e-03,-5.007091909646987915e-02,6.965213268995285034e-02,3.913795351982116699e-01,-6.108363159000873566e-03,1.532664656639099121e+00,3.708091331645846367e-03,-1.973488554358482361e-02,2.196400985121726990e-02,4.861439112573862076e-03,-4.062072634696960449e-01,2.362692169845104218e-02,1.515372872352600098e+00,-7.437198888510465622e-03,-1.842015609145164490e-02,-2.070262655615806580e-02
4.641092568635940552e-02,-3.692492842674255371e-02,8.311637043952941895e-01,2.480837889015674591e-02,2.534494921565055847e-02,-5.313808321952819824e-01,8.463903069496154785e-01,-6.580722332000732422e-02,4.649191722273826599e-02,8.146569132804870605e-02,1.336641702800989151e-02,1.828843727707862854e-02,-3.933639451861381531e-02,2.901270240545272827e-02,-7.258526235818862915e-02,-3.405315428972244263e-02,-5.750264506787061691e-03,-5.096121225506067276e-03,7.216262072324752808e-02,7.636546343564987183e-02,-1.344545558094978333e-02,-2.965238876640796661e-02,9.484957903623580933e-02,4.180353581905364990e-01,-3.668209537863731384e-03,1.498091340065002441e+00,9.489402174949645996e-03,-3.712125495076179504e-02,4.326847195625305176e-02,-4.128777980804443359e-02,-4.430139660835266113e-01,4.436317086219787598e-02,1.467189431190490723e+00,-1.672142557799816132e-02,-2.963529899716377258e-02,-4.091274365782737732e-02
4.619981348514556885e-02,-3.613332286477088928e-02,8.316967487335205078e-01,2.997143194079399109e-02,2.855042926967144012e-02,-5.386465787887573242e-01,8.415143489837646484e-01,-9.725517034530639648e-02,6.515128910541534424e-02,1.279616355895996094e-01,2.571667544543743134e-02,3.650633618235588074e-02,-4.868872463703155518e-02,4.853990301489830017e-02,-8.796205371618270874e-02,-4.876420646905899048e-02,-4.589360207319259644e-03,-2.680659294128417969e-03,9.017191082239151001e-02,1.197227612137794495e-01,-1.770204119384288788e-02,-8.806332945823669434e-03,1.244828179478645325e-01,4.436287879943847656e-01,3.344936121720820665e-04,1.458744525909423828e+00,1.615133881568908691e-02,-5.415173992514610291e-02,6.520324200391769409e-02,-8.640784770250320435e-02,-4.791120588779449463e-01,6.699410825967788696e-02,1.416278839111328125e+00,-2.680520154535770416e-02,-3.936395421624183655e-02,-6.133931875228881836e-02
4.596277326345443726e-02,-3.532351180911064148e-02,8.323478102684020996e-01,3.525483980774879456e-02,3.186502307653427124e-02,-5.459787845611572266e-01,8.364501595497131348e-01,-1.286353915929794312e-01,8.488735556602478027e-02,1.741929948329925537e-01,3.902647271752357483e-02,5.444288626313209534e-02,-5.749616399407386780e-02,6.727270036935806274e-02,-1.036863476037979126e-01,-6.354708224534988403e-02,-3.416924970224499702e-03,6.717689393553882837e-05,1.081459745764732361e-01,1.633383482694625854e-01,-2.154832333326339722e-02,1.188538875430822372e-02,1.562353074550628662e-01,4.686001539230346680e-01,5.670770537108182907e-03,1.417156934738159180e+00,2.346487343311309814e-02,-7.044321298599243164e-02,8.713596314191818237e-02,-1.315378248691558838e-01,-5.141834616661071777e-01,9.151156991720199585e-02,1.363874912261962891e+00,-3.751973062753677368e-02,-4.814762249588966370e-02,-8.157622069120407104e-02
4.569365084171295166e-02,-3.448867052793502808e-02,8.331161737442016602e-01,4.070334881544113159e-02,3.534564748406410217e-02,-5.532617568969726562e-01,8.312612771987915039e-01,-1.601604521274566650e-01,1.056606099009513855e-01,2.198986262083053589e-01,5.329768359661102295e-02,7.216440886259078979e-02,-6.572916358709335327e-02,8.508119732141494751e-02,-1.197775453329086304e-01,-7.867530733346939087e-02,-2.248562173917889595e-03,3.160117194056510925e-03,1.260759830474853516e-01,2.069667577743530273e-01,-2.512816712260246277e-02,3.241341561079025269e-02,1.891652047634124756e-01,4.931005835533142090e-01,1.228671614080667496e-02,1.374469161033630371e+00,3.132424876093864441e-02,-8.618531376123428345e-02,1.088515743613243103e-01,-1.772715151309967041e-01,-5.479512214660644531e-01,1.178844422101974487e-01,1.310600042343139648e+00,-4.878537729382514954e-02,-5.632900819182395935e-02,-1.015025451779365540e-01
4.538901895284652710e-02,-3.362449631094932556e-02,8.339998126029968262e-01,4.632041975855827332e-02,3.901700675487518311e-02,-5.604503154754638672e-01,8.259706497192382812e-01,-1.919251233339309692e-01,1.275083869695663452e-01,2.649685740470886230e-01,6.860025972127914429e-02,8.964797109365463257e-02,-7.336845993995666504e-02,1.019098609685897827e-01,-1.361790001392364502e-01,-9.425883740186691284e-02,-1.068318379111588001e-03,6.596540100872516632e-03,1.439393609762191772e-01,2.505185604095458984e-01,-2.849554456770420074e-02,5.282718688249588013e-02,2.228558063507080078e-01,5.171596407890319824e-01,2.017413824796676636e-02,1.331228971481323242e+00,3.967166319489479065e-02,-1.015868484973907471e-01,1.302772015333175659e-01,-2.239606380462646484e-01,-5.801779031753540039e-01,1.460800170898437500e-01,1.256784081459045410e+00,-6.055685877799987793e-02,-6.410392373800277710e-02,-1.210759580135345459e-01
4.504724219441413879e-02,-3.272844851016998291e-02,8.349967002868652344e-01,5.209913477301597595e-02,4.289841279387474060e-02,-5.675179958343505859e-01,8.205904960632324219e-01,-2.239916473627090454e-01,1.504903584718704224e-01,3.093301951885223389e-01,8.500805497169494629e-02,1.068533882498741150e-01,-8.039624243974685669e-02,1.177273467183113098e-01,-1.528089195489883423e-01,-1.103604882955551147e-01,1.343309413641691208e-04,1.037593744695186615e-02,1.617086976766586304e-01,2.939411997795104980e-01,-3.166892752051353455e-02,7.316192984580993652e-02,2.571174502372741699e-01,5.407567024230957031e-01,2.933972701430320740e-02,1.287710547447204590e+00,4.846796393394470215e-02,-1.167885214090347290e-01,1.513909995555877686e-01,-2.718150615692138672e-01,-6.106478571891784668e-01,1.760677248239517212e-01,1.202610135078430176e+00,-7.280032336711883545e-02,-7.158170640468597412e-02,-1.402734518051147461e-01
4.466813057661056519e-02,-3.179936110973358154e-02,8.361038565635681152e-01,5.802747979760169983e-02,4.700982943177223206e-02,-5.744428634643554688e-01,8.151308298110961914e-01,-2.564150691032409668e-01,1.746774017810821533e-01,3.529147207736968994e-01,1.025953590869903564e-01,1.237350776791572571e-01,-8.679439127445220947e-02,1.325128674507141113e-01,-1.695694923400878906e-01,-1.270279735326766968e-01,1.368238474242389202e-03,1.449479069560766220e-02,1.793542206287384033e-01,3.371854722499847412e-01,-3.464932739734649658e-02,9.343443065881729126e-02,2.918669879436492920e-01,5.638491511344909668e-01,3.979920968413352966e-02,1.244054198265075684e+00,5.768151208758354187e-02,-1.318738758563995361e-01,1.721901595592498779e-01,-3.209581375122070312e-01,-6.391550898551940918e-01,2.078136205673217773e-01,1.148185253143310547e+00,-8.548369258642196655e-02,-7.882449775934219360e-02,-1.590761095285415649e-01
4.425260424613952637e-02,-3.083727136254310608e-02,8.373178243637084961e-01,6.409069150686264038e-02,5.137187242507934570e-02,-5.812038779258728027e-01,8.096019625663757324e-01,-2.892510890960693359e-01,2.001444101333618164e-01,3.956493139266967773e-01,1.214399263262748718e-01,1.402423977851867676e-01,-9.254358708858489990e-02,1.462537646293640137e-01,-1.863531768321990967e-01,-1.443020999431610107e-01,2.642809413373470306e-03,1.894437707960605621e-02,1.968449056148529053e-01,3.801970779895782471e-01,-3.742977976799011230e-02,1.136485040187835693e-01,3.270753622055053711e-01,5.863823890686035156e-01,5.157570540904998779e-02,1.200331687927246094e+00,6.728414446115493774e-02,-1.468906253576278687e-01,1.926791220903396606e-01,-3.714554011821746826e-01,-6.654973030090332031e-01,2.412742227315902710e-01,1.093579411506652832e+00,-9.857312589883804321e-02,-8.586924523115158081e-02,-1.774661540985107422e-01
4.380259662866592407e-02,-2.984323911368846893e-02,8.386335372924804688e-01,7.026988267898559570e-02,5.600574985146522522e-02,-5.877807736396789551e-01,8.040145039558410645e-01,-3.225556313991546631e-01,2.269715368747711182e-01,4.374541640281677246e-01,1.416220963001251221e-01,1.563211977481842041e-01,-9.762399643659591675e-02,1.589466482400894165e-01,-2.030414491891860962e-01,-1.622174531221389771e-01,3.968803677707910538e-03,2.371028251945972443e-02,2.141485810279846191e-01,4.229161143302917480e-01,-3.999584540724754333e-02,1.337993741035461426e-01,3.627424240112304688e-01,6.082928180694580078e-01,6.469845026731491089e-02,1.156579256057739258e+00,7.724945992231369019e-02,-1.618660837411880493e-01,2.128650546073913574e-01,-4.233281910419464111e-01,-6.894744634628295898e-01,2.763914167881011963e-01,1.038846492767333984e+00,-1.120317503809928894e-01,-9.273996204137802124e-02,-1.954268813133239746e-01
4.332095757126808167e-02,-2.881939895451068878e-02,8.400453925132751465e-01,7.654228061437606812e-02,6.093227863311767578e-02,-5.941543579101562500e-01,7.983790636062622070e-01,-3.563857674598693848e-01,2.552428543567657471e-01,4.782421588897705078e-01,1.632269471883773804e-01,1.719124466180801392e-01,-1.020157486200332642e-01,1.705985516309738159e-01,-2.195076197385787964e-01,-1.808014661073684692e-01,5.358601454645395279e-03,2.877156808972358704e-02,2.312326878309249878e-01,4.652783572673797607e-01,-4.232699424028396606e-02,1.538764387369155884e-01,3.988847136497497559e-01,6.295081377029418945e-01,7.920068502426147461e-02,1.112814068794250488e+00,8.755224198102951050e-02,-1.768166273832321167e-01,2.327562272548675537e-01,-4.765597879886627197e-01,-7.108897566795349121e-01,3.130882084369659424e-01,9.840353727340698242e-01,-1.258190572261810303e-01,-9.945418685674667358e-02,-2.129433006048202515e-01
4.281124845147132874e-02,-2.776874788105487823e-02,8.415459990501403809e-01,8.288031071424484253e-02,6.617137044668197632e-02,-6.003076434135437012e-01,7.927060723304748535e-01,-3.907981812953948975e-01,2.850466072559356689e-01,5.179192423820495605e-01,1.863430142402648926e-01,1.869532167911529541e-01,-1.056994274258613586e-01,1.812276095151901245e-01,-2.356174737215042114e-01,-2.000721693038940430e-01,6.825452670454978943e-03,3.410198539495468140e-02,2.480645626783370972e-01,5.072183609008789062e-01,-4.439559578895568848e-02,1.738649308681488037e-01,4.355279803276062012e-01,6.499462723731994629e-01,9.511687606573104858e-02,1.069043040275573730e+00,9.816798567771911621e-02,-1.917527168989181519e-01,2.523610889911651611e-01,-5.310970544815063477e-01,-7.295516133308410645e-01,3.512652516365051270e-01,9.291959404945373535e-01,-1.398904919624328613e-01,-1.060267686843872070e-01,-2.300027310848236084e-01
4.190047830343246460e-02,-2.672223374247550964e-02,8.431771397590637207e-01,8.885222673416137695e-02,7.214336097240447998e-02,-6.063877344131469727e-01,7.868891358375549316e-01,-4.261450469493865967e-01,3.182263374328613281e-01,5.558085441589355469e-01,2.107473909854888916e-01,2.019944787025451660e-01,-1.092053502798080444e-01,1.901734471321105957e-01,-2.485886365175247192e-01,-2.200940996408462524e-01,8.335893973708152771e-03,3.974289819598197937e-02,2.615301609039306641e-01,5.490316748619079590e-01,-4.567383974790573120e-02,1.934065073728561401e-01,4.725953638553619385e-01,6.696388125419616699e-01,1.126518100500106812e-01,1.025257110595703125e+00,1.090391352772712708e-01,-2.066781967878341675e-01,2.717207670211791992e-01,-5.870207548141479492e-01,-7.450975775718688965e-01,3.907440304756164551e-01,8.743062615394592285e-01,-1.541729271411895752e-01,-1.124970838427543640e-01,-2.466042786836624146e-01
3.940701857209205627e-02,-2.566993609070777893e-02,8.451216816902160645e-01,9.274756908416748047e-02,8.059475570917129517e-02,-6.130244135856628418e-01,7.804507613182067871e-01,-4.639688432216644287e-01,3.617709279060363770e-01,5.893252491950988770e-01,2.355259507894515991e-01,2.193585485219955444e-01,-1.143206730484962463e-01,1.948170810937881470e-01,-2.487952709197998047e-01,-2.401693165302276611e-01,9.571688249707221985e-03,4.607740789651870728e-02,2.617962956428527832e-01,5.923957824707031250e-01,-4.386603087186813354e-02,2.106914818286895752e-01,5.095348358154296875e-01,6.888840794563293457e-01,1.325733214616775513e-01,9.814847111701965332e-01,1.199946254491806030e-01,-2.215511798858642578e-01,2.909485399723052979e-01,-6.450042128562927246e-01,-7.566558718681335449e-01,4.310894310474395752e-01,8.191680908203125000e-01,-1.685422956943511963e-01,-1.189588010311126709e-01,-2.628049254417419434e-01
3.699111193418502808e-02,-2.444069460034370422e-02,8.471525907516479492e-01,9.605162590742111206e-02,9.017359465360641479e-02,-6.195893883705139160e-01,7.737905383110046387e-01,-5.041359663009643555e-01,4.092381000518798828e-01,6.199808120727539062e-01,2.628004550933837891e-01,2.362074702978134155e-01,-1.186005994677543640e-01,1.976034790277481079e-01,-2.466010302305221558e-01,-2.597615122795104980e-01,1.055250875651836395e-02,5.291474238038063049e-02,2.617999911308288574e-01,6.360961198806762695e-01,-4.058720543980598450e-02,2.262527048587799072e-01,5.466042160987854004e-01,7.069572806358337402e-01,1.539005041122436523e-01,9.378564953804016113e-01,1.311855614185333252e-01,-2.363663464784622192e-01,3.097950518131256104e-01,-7.041078805923461914e-01,-7.650625705718994141e-01,4.722809493541717529e-01,7.644042968750000000e-01,-1.831055134534835815e-01,-1.252707988023757935e-01,-2.785785794258117676e-01
3.469576314091682434e-02,-2.309302240610122681e-02,8.492432832717895508e-01,9.908241033554077148e-02,1.004001051187515259e-01,-6.259754896163940430e-01,7.669792771339416504e-01,-5.461417436599731445e-01,4.591350853443145752e-01,6.479856967926025391e-01,2.922088801860809326e-01,2.523586750030517578e-01,-1.217996552586555481e-01,1.990802288055419922e-01,-2.432636767625808716e-01,-2.793930768966674805e-01,1.152027212083339691e-02,5.991769954562187195e-02,2.617999911308288574e-01,6.796867847442626953e-01,-3.666706755757331848e-02,2.408028692007064819e-01,5.839518308639526367e-01,7.236387729644775391e-01,1.763838231563568115e-01,8.943833112716674805e-01,1.425817757844924927e-01,-2.511335909366607666e-01,3.283277750015258789e-01,-7.638633251190185547e-01,-7.703851461410522461e-01,5.142198801040649414e-01,7.099882960319519043e-01,-1.977795511484146118e-01,-1.315393596887588501e-01,-2.939034402370452881e-01
5.648908019065856934e-02,-3.714819997549057007e-02,8.565342426300048828e-01,8.378803730010986328e-02,1.130492240190505981e-01,-6.305747032165527344e-01,7.632659673690795898e-01,-5.623515844345092773e-01,5.244842767715454102e-01,6.774994730949401855e-01,2.691669464111328125e-01,3.004401326179504395e-01,-1.178727224469184875e-01,2.520611286163330078e-01,-2.357935905456542969e-01,-2.520293295383453369e-01,2.532294392585754395e-02,1.526526212692260742e-01,2.617999911308288574e-01,7.022988796234130859e-01,-1.890420098789036274e-03,1.998128890991210938e-01,6.260989308357238770e-01,7.370316386222839355e-01,2.462795823812484741e-01,8.980032205581665039e-01,1.588303148746490479e-01,-2.434446960687637329e-01,3.528392314910888672e-01,-7.448499798774719238e-01,-7.885857820510864258e-01,4.863084554672241211e-01,7.249132394790649414e-01,-1.802724599838256836e-01,-1.266925334930419922e-01,-3.054944276809692383e-01
8.735921233892440796e-02,-4.939917102456092834e-02,8.642834424972534180e-01,5.376964434981346130e-02,1.201784908771514893e-01,-6.251810789108276367e-01,7.692948579788208008e-01,-6.044192910194396973e-01,5.909162163734436035e-01,6.108884215354919434e-01,2.324434667825698853e-01,3.929749727249145508e-01,-1.366762518882751465e-01,3.476792275905609131e-01,-2.402449250221252441e-01,-2.217172831296920776e-01,1.155748814344406128e-01,3.176415264606475830e-01,2.617999911308288574e-01,6.859794855117797852e-01,7.573058456182479858e-02,1.605304181575775146e-01,6.517581939697265625e-01,7.776957750320434570e-01,3.561408519744873047e-01,8.877799510955810547e-01,1.603708714246749878e-01,-2.466893643140792847e-01,3.864179849624633789e-01,-6.560008525848388672e-01,-8.265812993049621582e-01,3.969337046146392822e-01,7.515258789062500000e-01,-1.561516821384429932e-01,-1.342532336711883545e-01,-3.030981123447418213e-01
1.278704404830932617e-01,-7.875493168830871582e-02,8.654427528381347656e-01,-1.151767093688249588e-02,1.312595605850219727e-01,-6.374223232269287109e-01,7.591647505760192871e-01,-5.668181777000427246e-01,6.909779906272888184e-01,4.699224233627319336e-01,1.741651594638824463e-01,4.523364007472991943e-01,-1.847549527883529663e-01,5.469686985015869141e-01,-2.555406093597412109e-01,-6.056104600429534912e-02,3.433660566806793213e-01,4.460996091365814209e-01,1.679479479789733887e-01,7.171608209609985352e-01,1.920368820428848267e-01,4.189757257699966431e-02,7.816584706306457520e-01,9.290756583213806152e-01,5.400581359863281250e-01,8.407412767410278320e-01,1.506889462471008301e-01,-2.656175792217254639e-01,3.918671309947967529e-01,-3.463698923587799072e-01,-8.580771684646606445e-01,1.798419952392578125e-01,7.591224312782287598e-01,-8.074052631855010986e-02,-1.651143133640289307e-01,-2.658453881740570068e-01
1.673168689012527466e-01,-1.076582819223403931e-01,8.551986217498779297e-01,-6.198756769299507141e-02,1.067760661244392395e-01,-5.974800586700439453e-01,7.923219203948974609e-01,-5.057572722434997559e-01,6.742855310440063477e-01,3.198291361331939697e-01,1.323700845241546631e-01,4.260044991970062256e-01,-1.622845083475112915e-01,6.588268876075744629e-01,-2.544170022010803223e-01,1.778216660022735596e-02,6.661084294319152832e-01,4.584841430187225342e-01,9.511393308639526367e-02,6.305256485939025879e-01,2.990297675132751465e-01,1.645892858505249023e-02,8.213630914688110352e-01,1.068127632141113281e+00,6.316584944725036621e-01,7.925980687141418457e-01,1.275809705257415771e-01,-2.817916572093963623e-01,4.126352369785308838e-01,-1.210632994771003723e-01,-8.383015990257263184e-01,2.596355415880680084e-02,7.653030157089233398e-01,-3.853737190365791321e-02,-1.658603101968765259e-01,-2.274195700883865356e-01
2.017764896154403687e-01,-1.313279718160629272e-01,8.358089327812194824e-01,-8.790733665227890015e-02,7.698513567447662354e-02,-5.479711294174194336e-01,8.282954096794128418e-01,-4.610446989536285400e-01,5.874667763710021973e-01,1.831155419349670410e-01,1.072454228997230530e-01,3.779169321060180664e-01,-1.126915216445922852e-01,6.635118722915649414e-01,-2.370631098747253418e-01,8.786446601152420044e-02,9.771025180816650391e-01,4.403591752052307129e-01,4.338283091783523560e-02,4.932318627834320068e-01,3.459759354591369629e-01,4.752072691917419434e-02,8.111870884895324707e-01,1.205105185508728027e+00,6.750549077987670898e-01,7.619469165802001953e-01,1.370987743139266968e-01,-2.807931900024414062e-01,4.205714762210845947e-01,5.806729570031166077e-02,-7.993233203887939453e-01,-7.783456891775131226e-02,7.911419272422790527e-01,-1.729772798717021942e-02,-1.605314165353775024e-01,-1.768687069416046143e-01
2.336860746145248413e-01,-1.528234779834747314e-01,8.193411231040954590e-01,-9.036780893802642822e-02,4.670022055506706238e-02,-4.901915192604064941e-01,8.656587004661560059e-01,-4.179913997650146484e-01,4.549806416034698486e-01,6.927055120468139648e-02,1.754652708768844604e-01,2.355953007936477661e-01,-1.942580565810203552e-02,5.680075883865356445e-01,-1.964431703090667725e-01,1.771848201751708984e-01,1.414273858070373535e+00,3.420887589454650879e-01,-2.254438400268554688e-02,3.042861223220825195e-01,3.454518914222717285e-01,1.309865862131118774e-01,7.284500002861022949e-01,1.353422403335571289e+00,6.859911084175109863e-01,7.444407343864440918e-01,1.883998364210128784e-01,-2.522073090076446533e-01,3.855884969234466553e-01,1.901524364948272705e-01,-7.518616318702697754e-01,-1.124517098069190979e-01,8.494917154312133789e-01,-1.739888638257980347e-02,-1.312391757965087891e-01,-1.071575358510017395e-01
2.601044178009033203e-01,-1.747846752405166626e-01,8.106371760368347168e-01,-8.415111154317855835e-02,2.833497896790504456e-02,-4.474368691444396973e-01,8.898966312408447266e-01,-4.003984332084655762e-01,3.541750907897949219e-01,2.584627829492092133e-02,2.550526857376098633e-01,1.012819483876228333e-01,5.018047988414764404e-02,3.833444416522979736e-01,-1.157554835081100464e-01,2.419315278530120850e-01,1.725676536560058594e+00,2.445221394300460815e-01,-5.597094446420669556e-02,1.416733860969543457e-01,2.968744635581970215e-01,2.175458520650863647e-01,6.278584003448486328e-01,1.464814066886901855e+00,6.697503328323364258e-01,7.376058101654052734e-01,2.301040440797805786e-01,-2.268632501363754272e-01,3.402532339096069336e-01,2.586275339126586914e-01,-7.238740921020507812e-01,-1.215013861656188965e-01,9.104995727539062500e-01,-3.870168700814247131e-02,-9.799304604530334473e-02,-3.373497724533081055e-02
2.842431664466857910e-01,-1.923839151859283447e-01,8.029291033744812012e-01,-4.667867720127105713e-02,1.321436930447816849e-02,-4.418365657329559326e-01,8.957828879356384277e-01,-3.998402059078216553e-01,2.468835115432739258e-01,6.675262935459613800e-03,3.558895587921142578e-01,1.535498071461915970e-02,7.651990652084350586e-02,9.004521183669567108e-03,-8.981514722108840942e-02,2.359365224838256836e-01,1.818988442420959473e+00,9.526014328002929688e-02,-1.071763485670089722e-01,-3.784952918067574501e-03,1.941691190004348755e-01,3.132268488407135010e-01,5.325896739959716797e-01,1.550108432769775391e+00,6.160929203033447266e-01,7.066817879676818848e-01,3.119435608386993408e-01,-1.759492754936218262e-01,2.830123901367187500e-01,3.206797838211059570e-01,-7.722827196121215820e-01,-1.769971251487731934e-01,9.118253588676452637e-01,-9.449101984500885010e-02,-6.861261278390884399e-02,4.302903637290000916e-02
3.051491379737854004e-01,-2.144931852817535400e-01,8.093355298042297363e-01,-3.476378321647644043e-02,1.598680019378662109e-02,-4.404521584510803223e-01,8.969603180885314941e-01,-3.671849071979522705e-01,2.183006554841995239e-01,1.849312917329370975e-03,3.612731993198394775e-01,-2.261742763221263885e-02,7.459091395139694214e-02,-2.190684229135513306e-01,-5.861252546310424805e-02,1.834816485643386841e-01,1.822221040725708008e+00,1.364902593195438385e-02,-1.389693766832351685e-01,-1.008372008800506592e-01,1.375739127397537231e-01,3.592625260353088379e-01,4.581109285354614258e-01,1.601552128791809082e+00,5.646007657051086426e-01,6.673603653907775879e-01,3.315134644508361816e-01,-1.648642867803573608e-01,2.394364774227142334e-01,3.237574398517608643e-01,-8.128744959831237793e-01,-1.790378838777542114e-01,9.002019166946411133e-01,-1.078521460294723511e-01,-6.449012458324432373e-02,7.003931701183319092e-02
3.238896727561950684e-01,-2.384343743324279785e-01,8.192468285560607910e-01,-2.530305460095405579e-02,1.941757090389728546e-02,-4.440931379795074463e-01,8.954127430915832520e-01,-3.167973756790161133e-01,2.013037353754043579e-01,-1.068902760744094849e-02,3.344369828701019287e-01,-2.767334878444671631e-02,4.762255772948265076e-02,-3.833120763301849365e-01,-4.454118385910987854e-02,1.001249477267265320e-01,1.757742285728454590e+00,-5.532598122954368591e-02,-1.752053201198577881e-01,-1.688612848520278931e-01,9.843189269304275513e-02,3.960056006908416748e-01,3.993767201900482178e-01,1.636364102363586426e+00,5.244448781013488770e-01,6.206086277961730957e-01,3.314882516860961914e-01,-1.691430062055587769e-01,2.256945818662643433e-01,3.063909709453582764e-01,-8.470866084098815918e-01,-1.619803756475448608e-01,8.776999115943908691e-01,-1.208977252244949341e-01,-7.158255577087402344e-02,7.707615196704864502e-02
3.398395478725433350e-01,-2.623370885848999023e-01,8.296433687210083008e-01,-1.437360886484384537e-02,1.928623393177986145e-02,-4.432243108749389648e-01,8.960879445075988770e-01,-2.589643299579620361e-01,1.795926839113235474e-01,-2.750190533697605133e-02,2.884072065353393555e-01,-3.195299068465828896e-03,-4.905967973172664642e-03,-5.113307237625122070e-01,-4.597334191203117371e-02,-2.071228623390197754e-02,1.558383941650390625e+00,-9.350465983152389526e-02,-1.939522325992584229e-01,-2.374186813831329346e-01,5.961526557803153992e-02,4.339039921760559082e-01,3.375232517719268799e-01,1.662466168403625488e+00,4.907547831535339355e-01,5.756728649139404297e-01,3.239875733852386475e-01,-1.779782921075820923e-01,2.301243990659713745e-01,2.762013375759124756e-01,-8.814984560012817383e-01,-1.282873898744583130e-01,8.511959314346313477e-01,-1.404263675212860107e-01,-8.767588436603546143e-02,7.614453881978988647e-02
3.521793186664581299e-01,-2.878406345844268799e-01,8.341930508613586426e-01,2.147378167137503624e-03,2.712076529860496521e-03,-4.153334498405456543e-01,9.096626639366149902e-01,-2.026984095573425293e-01,1.388794183731079102e-01,1.420734357088804245e-02,2.550186812877655029e-01,4.489069804549217224e-02,-5.652995035052299500e-02,-6.013442873954772949e-01,-6.756453961133956909e-02,-1.771019399166107178e-01,1.111344695091247559e+00,-8.189042657613754272e-02,-1.664797216653823853e-01,-3.383606374263763428e-01,-1.546811033040285110e-02,4.779457151889801025e-01,2.861065268516540527e-01,1.684970378875732422e+00,4.611887335777282715e-01,5.270971655845642090e-01,3.125497102737426758e-01,-2.015914916992187500e-01,2.468945384025573730e-01,2.447608709335327148e-01,-9.235504865646362305e-01,-1.047594249248504639e-01,8.355985879898071289e-01,-1.404446810483932495e-01,-1.077813953161239624e-01,7.854429632425308228e-02
3.659348487854003906e-01,-3.110039234161376953e-01,8.396093249320983887e-01,1.886205375194549561e-02,-1.685663312673568726e-02,-3.784696161746978760e-01,9.252679944038391113e-01,-1.313696205615997314e-01,7.815914601087570190e-02,2.785270288586616516e-02,2.004768252372741699e-01,9.646052122116088867e-02,-9.994664788246154785e-02,-6.154822111129760742e-01,-1.022347435355186462e-01,-2.949347198009490967e-01,6.843217611312866211e-01,1.052403263747692108e-02,-9.207470715045928955e-02,-4.576630294322967529e-01,-8.858126401901245117e-02,4.938748776912689209e-01,2.452142685651779175e-01,1.698494434356689453e+00,4.267129898071289062e-01,4.963325262069702148e-01,3.026811778545379639e-01,-2.316353768110275269e-01,2.494939863681793213e-01,2.178988456726074219e-01,-9.669371843338012695e-01,-6.865134090185165405e-02,8.230575323104858398e-01,-1.421303302049636841e-01,-1.281238496303558350e-01,8.145830035209655762e-02
3.854580223560333252e-01,-3.368176519870758057e-01,8.369647860527038574e-01,3.580601513385772705e-02,-6.077035143971443176e-02,-3.374541997909545898e-01,9.386956691741943359e-01,-3.097929246723651886e-02,-1.068377518095076084e-03,4.714882373809814453e-02,1.551067084074020386e-01,1.857481896877288818e-01,-1.437006890773773193e-01,-6.271989345550537109e-01,-1.737739741802215576e-01,-4.604043662548065186e-01,2.491494715213775635e-01,8.093132078647613525e-02,2.821819111704826355e-02,-5.776563286781311035e-01,-1.767501085996627808e-01,4.953493773937225342e-01,2.306005209684371948e-01,1.712317943572998047e+00,3.837545812129974365e-01,4.658606052398681641e-01,2.952089309692382812e-01,-2.643102705478668213e-01,2.419189959764480591e-01,1.851613968610763550e-01,-1.013323307037353516e+00,-6.282975524663925171e-02,8.121901154518127441e-01,-1.254889219999313354e-01,-1.433494985103607178e-01,6.678702682256698608e-02
4.066713452339172363e-01,-3.658029139041900635e-01,8.486384749412536621e-01,1.460880879312753677e-02,-9.176716208457946777e-02,-2.944944500923156738e-01,9.511247873306274414e-01,1.002527996897697449e-01,-4.155411850661039352e-03,-1.288004405796527863e-02,9.776088595390319824e-02,2.015225589275360107e-01,-2.046440690755844116e-01,-5.591969490051269531e-01,-2.243828475475311279e-01,-6.561915278434753418e-01,7.921624928712844849e-02,7.098677009344100952e-02,1.122333258390426636e-01,-6.688145399093627930e-01,-2.035573869943618774e-01,4.971688091754913330e-01,2.303241640329360962e-01,1.731442332267761230e+00,3.461057245731353760e-01,4.446215927600860596e-01,2.840841114521026611e-01,-2.964224517345428467e-01,2.362546026706695557e-01,1.982540190219879150e-01,-1.072756886482238770e+00,-4.898305982351303101e-02,8.054489493370056152e-01,-1.129099354147911072e-01,-1.547853201627731323e-01,5.256099998950958252e-02
4.180832803249359131e-01,-3.827519714832305908e-01,8.588996529579162598e-01,2.135806484147906303e-03,-1.054669767618179321e-01,-2.679617404937744141e-01,9.576370120048522949e-01,1.559883058071136475e-01,1.640409044921398163e-02,-3.624764829874038696e-02,7.694102823734283447e-02,2.437292933464050293e-01,-2.544432282447814941e-01,-5.314537882804870605e-01,-2.735914885997772217e-01,-7.697964310646057129e-01,2.612918615341186523e-02,1.029871851205825806e-01,1.551078408956527710e-01,-7.363809943199157715e-01,-2.141882926225662231e-01,5.122839808464050293e-01,2.262000292539596558e-01,1.741495609283447266e+00,3.099056780338287354e-01,4.312606155872344971e-01,2.790072560310363770e-01,-3.219560682773590088e-01,2.339453548192977905e-01,1.798666119575500488e-01,-1.131205320358276367e+00,-3.214563056826591492e-02,7.756479382514953613e-01,-9.798184782266616821e-02,-1.688384860754013062e-01,3.533487766981124878e-02
4.266137778759002686e-01,-3.895812630653381348e-01,8.641806840896606445e-01,1.977591030299663544e-02,-1.073739007115364075e-01,-2.700048387050628662e-01,9.566488862037658691e-01,1.431674510240554810e-01,-1.287550665438175201e-02,2.711041085422039032e-02,9.194621443748474121e-02,2.980242669582366943e-01,-2.617990672588348389e-01,-5.517683625221252441e-01,-3.207693994045257568e-01,-7.755402922630310059e-01,5.140369758009910583e-03,1.985810697078704834e-01,1.671514213085174561e-01,-7.509666085243225098e-01,-2.355267852544784546e-01,5.073400735855102539e-01,2.227356582880020142e-01,1.747526764869689941e+00,2.788223922252655029e-01,4.282207489013671875e-01,2.891540825366973877e-01,-3.358346521854400635e-01,2.334565371274948120e-01,1.249814182519912720e-01,-1.181862711906433105e+00,-2.297524921596050262e-02,7.313544154167175293e-01,-9.469165652990341187e-02,-1.810731142759323120e-01,9.455398656427860260e-03
4.405760169029235840e-01,-4.013569653034210205e-01,8.672621846199035645e-01,3.702779114246368408e-02,-1.136926785111427307e-01,-2.620307803153991699e-01,9.576235413551330566e-01,1.524063944816589355e-01,-3.537158295512199402e-02,7.262895256280899048e-02,1.251356303691864014e-01,3.314738273620605469e-01,-2.617999911308288574e-01,-5.274525880813598633e-01,-3.627766966819763184e-01,-8.089166283607482910e-01,2.219628728926181793e-02,2.619991898536682129e-01,1.641607135534286499e-01,-7.609516382217407227e-01,-2.464044690132141113e-01,5.021935105323791504e-01,2.301344871520996094e-01,1.772423148155212402e+00,2.471215873956680298e-01,4.275401234626770020e-01,3.109720349311828613e-01,-3.448405861854553223e-01,2.241058200597763062e-01,7.505988329648971558e-02,-1.242226362228393555e+00,-4.526349902153015137e-02,7.045032382011413574e-01,-9.703379869461059570e-02,-1.854051947593688965e-01,-2.761547267436981201e-02
4.518633186817169189e-01,-4.139099717140197754e-01,8.688452839851379395e-01,6.039441004395484924e-02,-1.214801967144012451e-01,-2.634958326816558838e-01,9.550732970237731934e-01,1.514589190483093262e-01,-5.917143076658248901e-02,1.296088844537734985e-01,1.877231150865554810e-01,3.607122302055358887e-01,-2.617999911308288574e-01,-4.850401878356933594e-01,-4.072978496551513672e-01,-8.115819692611694336e-01,3.120464831590652466e-02,3.227177560329437256e-01,1.557582169771194458e-01,-7.552056908607482910e-01,-2.626274228096008301e-01,4.942893683910369873e-01,2.298630028963088989e-01,1.782289266586303711e+00,2.239453941583633423e-01,4.462629258632659912e-01,3.438606560230255127e-01,-3.514968156814575195e-01,2.121878713369369507e-01,2.509634383022785187e-02,-1.311123132705688477e+00,-9.094698727130889893e-02,6.767676472663879395e-01,-1.113794222474098206e-01,-1.861051023006439209e-01,-8.938315510749816895e-02
4.650157988071441650e-01,-4.255443215370178223e-01,8.697016239166259766e-01,9.220520406961441040e-02,-1.378448456525802612e-01,-2.837761342525482178e-01,9.444406032562255859e-01,1.423023194074630737e-01,-9.708707779645919800e-02,1.807724386453628540e-01,3.110944330692291260e-01,3.961088359355926514e-01,-2.617999911308288574e-01,-4.022741615772247314e-01,-4.484700560569763184e-01,-8.013943433761596680e-01,4.571805521845817566e-02,3.280576765537261963e-01,1.388622075319290161e-01,-7.252910137176513672e-01,-2.797857224941253662e-01,4.844583570957183838e-01,2.386628240346908569e-01,1.785018682479858398e+00,1.955709606409072876e-01,4.635246098041534424e-01,3.960464298725128174e-01,-3.602327108383178711e-01,1.964924186468124390e-01,-1.023750938475131989e-02,-1.391128182411193848e+00,-1.788111329078674316e-01,6.515813469886779785e-01,-1.477374285459518433e-01,-1.886286586523056030e-01,-1.773103624582290649e-01
4.758759737014770508e-01,-4.433601498603820801e-01,8.672672510147094727e-01,1.132696717977523804e-01,-1.437833458185195923e-01,-2.956897020339965820e-01,9.375841021537780762e-01,1.405445188283920288e-01,-1.019931808114051819e-01,2.181009650230407715e-01,3.900287747383117676e-01,3.972835540771484375e-01,-2.617999911308288574e-01,-3.524278700351715088e-01,-4.724395573139190674e-01,-8.023727536201477051e-01,7.020754367113113403e-02,3.103198111057281494e-01,1.137565821409225464e-01,-6.844224929809570312e-01,-2.897285521030426025e-01,4.675454199314117432e-01,2.482520788908004761e-01,1.772889971733093262e+00,1.650187969207763672e-01,4.670709371566772461e-01,4.210407435894012451e-01,-3.700160384178161621e-01,1.946640461683273315e-01,-1.898274570703506470e-02,-1.451376914978027344e+00,-2.452818453311920166e-01,6.160577535629272461e-01,-1.796519011259078979e-01,-1.897734850645065308e-01,-2.554235160350799561e-01
4.857353270053863525e-01,-4.656704366207122803e-01,8.640543222427368164e-01,1.262506842613220215e-01,-1.458128243684768677e-01,-3.104271590709686279e-01,9.308245778083801270e-01,1.346752047538757324e-01,-8.563340455293655396e-02,2.447238117456436157e-01,4.556913673877716064e-01,3.998139202594757080e-01,-2.617999911308288574e-01,-3.176045715808868408e-01,-4.794739484786987305e-01,-7.983610630035400391e-01,1.064942181110382080e-01,2.940461635589599609e-01,7.922544330358505249e-02,-6.336499452590942383e-01,-2.905228734016418457e-01,4.458073973655700684e-01,2.532358467578887939e-01,1.751939296722412109e+00,1.348361074924468994e-01,4.769629240036010742e-01,4.253329336643218994e-01,-3.698156476020812988e-01,2.049716711044311523e-01,-1.348874345421791077e-02,-1.506018519401550293e+00,-2.950181365013122559e-01,5.767574310302734375e-01,-2.097893357276916504e-01,-1.952220052480697632e-01,-3.216706514358520508e-01
4.942944347858428955e-01,-4.888197183609008789e-01,8.608829975128173828e-01,1.363156437873840332e-01,-1.368725299835205078e-01,-3.302252292633056641e-01,9.239238500595092773e-01,1.332369595766067505e-01,-5.628476664423942566e-02,2.386022061109542847e-01,4.914635717868804932e-01,4.187617599964141846e-01,-2.617999911308288574e-01,-2.886067032814025879e-01,-4.600600302219390869e-01,-7.918244004249572754e-01,1.429040431976318359e-01,2.497783154249191284e-01,4.608547315001487732e-02,-5.754261612892150879e-01,-2.749356031417846680e-01,4.181802868843078613e-01,2.482784390449523926e-01,1.708544254302978516e+00,1.008248403668403625e-01,4.772288203239440918e-01,4.126306176185607910e-01,-3.665839731693267822e-01,2.022027224302291870e-01,5.511238705366849899e-03,-1.507902026176452637e+00,-3.151994943618774414e-01,5.143218636512756348e-01,-2.210049480199813843e-01,-2.082099616527557373e-01,-3.544234335422515869e-01
5.026078820228576660e-01,-5.136337876319885254e-01,8.575698137283325195e-01,1.492342501878738403e-01,-1.300760507583618164e-01,-3.694351017475128174e-01,9.079245924949645996e-01,1.188711374998092651e-01,-1.650655455887317657e-02,2.102137356996536255e-01,5.538113713264465332e-01,4.393077790737152100e-01,-2.617999911308288574e-01,-2.633088827133178711e-01,-4.135101437568664551e-01,-7.592145204544067383e-01,1.776529997587203979e-01,1.793178468942642212e-01,5.951382219791412354e-03,-4.919137358665466309e-01,-2.510712444782257080e-01,3.761256039142608643e-01,2.035351991653442383e-01,1.631344556808471680e+00,3.825181350111961365e-02,4.764110147953033447e-01,3.892025947570800781e-01,-3.417599797248840332e-01,1.873282194137573242e-01,5.074964463710784912e-02,-1.461370229721069336e+00,-3.080704510211944580e-01,4.172953069210052490e-01,-2.100870013236999512e-01,-2.125639915466308594e-01,-3.379070162773132324e-01
5.059357881546020508e-01,-5.406799912452697754e-01,8.473558425903320312e-01,1.533619165420532227e-01,-1.203671991825103760e-01,-4.042746424674987793e-01,8.936184048652648926e-01,1.009575426578521729e-01,3.152677789330482483e-02,1.794932782649993896e-01,6.120255589485168457e-01,4.116559326648712158e-01,-2.360325604677200317e-01,-2.419722229242324829e-01,-3.667769432067871094e-01,-7.266213297843933105e-01,2.148775756359100342e-01,9.010370075702667236e-02,-2.964963763952255249e-02,-4.014917612075805664e-01,-2.300558835268020630e-01,3.304348587989807129e-01,1.505652517080307007e-01,1.552884340286254883e+00,-3.793811425566673279e-02,4.856569766998291016e-01,3.639481961727142334e-01,-3.210640847682952881e-01,1.709790676832199097e-01,8.035372197628021240e-02,-1.423397541046142578e+00,-3.178962767124176025e-01,3.598084747791290283e-01,-2.281885892152786255e-01,-2.082594931125640869e-01,-3.351528346538543701e-01
5.087714791297912598e-01,-5.656425356864929199e-01,8.319301605224609375e-01,1.533651798963546753e-01,-1.142215207219123840e-01,-4.416908323764801025e-01,8.765510916709899902e-01,5.723015591502189636e-02,8.969257026910781860e-02,1.613112986087799072e-01,7.259165644645690918e-01,3.442791402339935303e-01,-1.486889123916625977e-01,-2.327779531478881836e-01,-3.220902383327484131e-01,-6.880228519439697266e-01,2.705450952053070068e-01,-4.837976768612861633e-02,-8.253131061792373657e-02,-2.978077530860900879e-01,-2.057506144046783447e-01,2.889443933963775635e-01,1.155308559536933899e-01,1.469279527664184570e+00,-9.268702566623687744e-02,5.044332742691040039e-01,3.346343934535980225e-01,-2.959367036819458008e-01,1.588317304849624634e-01,9.618322551250457764e-02,-1.383797168731689453e+00,-3.519393801689147949e-01,3.377147912979125977e-01,-2.599671185016632080e-01,-2.027997970581054688e-01,-3.566092848777770996e-01
5.094492435455322266e-01,-5.894548296928405762e-01,8.147449493408203125e-01,1.568835228681564331e-01,-1.093932464718818665e-01,-4.998767673969268799e-01,8.447152376174926758e-01,-2.365915291011333466e-02,1.554014831781387329e-01,1.093484461307525635e-01,8.974818587303161621e-01,2.081316858530044556e-01,-3.160021454095840454e-02,-2.331487089395523071e-01,-2.808936536312103271e-01,-6.379563212394714355e-01,3.431662619113922119e-01,-2.364610731601715088e-01,-1.445734202861785889e-01,-1.609828919172286987e-01,-1.830644011497497559e-01,2.708307206630706787e-01,1.281107217073440552e-01,1.353986263275146484e+00,-8.998920768499374390e-02,5.205802321434020996e-01,2.743821442127227783e-01,-2.757378220558166504e-01,1.378363370895385742e-01,7.318060845136642456e-02,-1.329501032829284668e+00,-3.898628056049346924e-01,3.307674229145050049e-01,-2.781579196453094482e-01,-1.850933134555816650e-01,-3.932531774044036865e-01
5.094287395477294922e-01,-6.120193004608154297e-01,7.999433875083923340e-01,1.519884616136550903e-01,-1.072629690170288086e-01,-5.474249720573425293e-01,8.159167170524597168e-01,-1.431170254945755005e-01,1.893632560968399048e-01,5.882733687758445740e-02,1.081164240837097168e+00,5.097040161490440369e-02,7.553921639919281006e-02,-2.468390464782714844e-01,-2.248959541320800781e-01,-5.630612373352050781e-01,4.260333478450775146e-01,-3.680693805217742920e-01,-1.854523420333862305e-01,-4.548041149973869324e-02,-1.591134816408157349e-01,2.770145833492279053e-01,1.970639228820800781e-01,1.264445424079895020e+00,-4.467089846730232239e-02,5.236473679542541504e-01,2.123612314462661743e-01,-2.626613676548004150e-01,1.198961809277534485e-01,1.660868898034095764e-02,-1.299121141433715820e+00,-4.140795767307281494e-01,2.971628308296203613e-01,-3.239957094192504883e-01,-1.747178733348846436e-01,-4.248507022857666016e-01
5.092910528182983398e-01,-6.335579752922058105e-01,7.859089374542236328e-01,1.514626443386077881e-01,-1.049926355481147766e-01,-5.891091227531433105e-01,7.867566943168640137e-01,-2.794891595840454102e-01,1.744994074106216431e-01,3.027903661131858826e-02,1.225854754447937012e+00,-6.776929646730422974e-02,1.511211246252059937e-01,-2.564766407012939453e-01,-1.642112880945205688e-01,-4.756976962089538574e-01,4.714137017726898193e-01,-4.566222131252288818e-01,-1.996607333421707153e-01,4.565430432558059692e-02,-1.442362666130065918e-01,2.878828346729278564e-01,2.870397269725799561e-01,1.179331302642822266e+00,1.273513864725828171e-02,5.165459513664245605e-01,1.387272924184799194e-01,-2.554085254669189453e-01,1.000629812479019165e-01,-8.433364331722259521e-02,-1.283485889434814453e+00,-3.962860703468322754e-01,2.215883582830429077e-01,-3.669218122959136963e-01,-1.668850183486938477e-01,-4.493015110492706299e-01
5.090347528457641602e-01,-6.543248295783996582e-01,7.833691239356994629e-01,1.603376269340515137e-01,-1.078393906354904175e-01,-6.297765374183654785e-01,7.523589730262756348e-01,-4.129024446010589600e-01,1.038586422801017761e-01,1.458756811916828156e-02,1.331765532493591309e+00,-1.397657990455627441e-01,1.893381774425506592e-01,-2.409465759992599487e-01,-1.257009506225585938e-01,-3.905307352542877197e-01,4.526201784610748291e-01,-4.856627583503723145e-01,-1.839368939399719238e-01,1.343982070684432983e-01,-1.530200839042663574e-01,3.019427955150604248e-01,3.760302960872650146e-01,1.095761179924011230e+00,3.949933499097824097e-02,4.924399852752685547e-01,7.154706865549087524e-02,-2.569625675678253174e-01,7.291820645332336426e-02,-2.218396216630935669e-01,-1.260756373405456543e+00,-3.370263874530792236e-01,1.145654246211051941e-01,-4.019591808319091797e-01,-1.629899889230728149e-01,-4.640819430351257324e-01
5.078881382942199707e-01,-6.753659844398498535e-01,7.946848273277282715e-01,1.761217117309570312e-01,-1.102047562599182129e-01,-6.670826673507690430e-01,7.154276967048645020e-01,-5.316336154937744141e-01,6.875530816614627838e-03,2.578304149210453033e-02,1.392340898513793945e+00,-1.753936260938644409e-01,2.148570269346237183e-01,-2.021096497774124146e-01,-1.056613698601722717e-01,-2.994362115859985352e-01,3.690317869186401367e-01,-4.390858709812164307e-01,-1.213923767209053040e-01,2.342771589756011963e-01,-1.865379959344863892e-01,3.332639634609222412e-01,4.556212723255157471e-01,1.013357877731323242e+00,4.011302953585982323e-04,4.145436286926269531e-01,2.303654514253139496e-02,-2.691896855831146240e-01,2.422829158604145050e-02,-4.115090370178222656e-01,-1.194802403450012207e+00,-2.429258227348327637e-01,-2.717554755508899689e-02,-4.196135401725769043e-01,-1.741057634353637695e-01,-4.897641241550445557e-01
5.051329731941223145e-01,-6.965951323509216309e-01,8.080793023109436035e-01,1.888780146837234497e-01,-1.114208921790122986e-01,-6.971240043640136719e-01,6.825895905494689941e-01,-6.191855072975158691e-01,-6.785228848457336426e-02,4.737656936049461365e-02,1.393249750137329102e+00,-1.719712316989898682e-01,2.135101705789566040e-01,-1.593647450208663940e-01,-9.048479050397872925e-02,-1.947969198226928711e-01,2.833662629127502441e-01,-3.694584667682647705e-01,-6.618987023830413818e-02,3.061312437057495117e-01,-2.189729660749435425e-01,3.562907576560974121e-01,5.439297556877136230e-01,9.479796886444091797e-01,-1.673895120620727539e-02,3.685798943042755127e-01,-2.070246636867523193e-02,-2.791924774646759033e-01,-1.400172244757413864e-02,-5.919854640960693359e-01,-1.115887045860290527e+00,-1.102248430252075195e-01,-1.288128942251205444e-01,-4.360951185226440430e-01,-1.805563718080520630e-01,-4.753319621086120605e-01
5.004433393478393555e-01,-7.196725606918334961e-01,8.197452425956726074e-01,1.980712562799453735e-01,-1.115626245737075806e-01,-7.213249206542968750e-01,6.542261838912963867e-01,-6.723747253417968750e-01,-1.254337877035140991e-01,7.464113086462020874e-02,1.336155414581298828e+00,-1.530853658914566040e-01,2.070600837469100952e-01,-1.175441071391105652e-01,-8.340135961771011353e-02,-1.096481755375862122e-01,2.188596874475479126e-01,-2.993579506874084473e-01,-1.641647145152091980e-02,3.632810413837432861e-01,-2.507669031620025635e-01,3.736462295055389404e-01,6.160227656364440918e-01,9.046177864074707031e-01,-3.371522948145866394e-02,3.356685638427734375e-01,-4.720255360007286072e-02,-2.937254607677459717e-01,-3.962339833378791809e-02,-7.158834338188171387e-01,-1.047886013984680176e+00,6.313343183137476444e-04,-1.876651644706726074e-01,-4.365763068199157715e-01,-1.952833980321884155e-01,-4.564918875694274902e-01
4.930193722248077393e-01,-7.432837486267089844e-01,8.294186592102050781e-01,2.047018706798553467e-01,-1.102094799280166626e-01,-7.457079291343688965e-01,6.243962645530700684e-01,-7.162551283836364746e-01,-1.575301140546798706e-01,1.138516142964363098e-01,1.239930391311645508e+00,-1.201593801379203796e-01,1.976025849580764771e-01,-7.609611004590988159e-02,-7.774265855550765991e-02,-3.981439769268035889e-02,1.599062532186508179e-01,-2.282763719558715820e-01,2.149684168398380280e-02,4.244353473186492920e-01,-2.793293595314025879e-01,3.904373347759246826e-01,6.828179955482482910e-01,8.691628575325012207e-01,-4.791755974292755127e-02,3.009587526321411133e-01,-7.095287740230560303e-02,-3.138380348682403564e-01,-5.590169131755828857e-02,-8.215987682342529297e-01,-9.841047525405883789e-01,1.138543710112571716e-01,-2.120207697153091431e-01,-4.267717897891998291e-01,-2.077725231647491455e-01,-4.324229061603546143e-01
4.834175407886505127e-01,-7.703548669815063477e-01,8.350499272346496582e-01,2.093466818332672119e-01,-1.075948104262351990e-01,-7.669768333435058594e-01,5.969454050064086914e-01,-7.639117240905761719e-01,-1.863870024681091309e-01,1.761025786399841309e-01,1.109932184219360352e+00,-8.407182991504669189e-02,1.874843686819076538e-01,-2.363656088709831238e-02,-7.367523014545440674e-02,3.727239556610584259e-03,1.151365041732788086e-01,-1.906780600547790527e-01,4.270247370004653931e-02,4.894228577613830566e-01,-3.066684305667877197e-01,4.060905277729034424e-01,7.330992817878723145e-01,8.362637162208557129e-01,-8.534743636846542358e-02,2.691151499748229980e-01,-7.913777977228164673e-02,-3.406009674072265625e-01,-5.961996689438819885e-02,-8.758606910705566406e-01,-9.309170842170715332e-01,1.960152536630630493e-01,-2.216093391180038452e-01,-4.035909771919250488e-01,-2.238324582576751709e-01,-4.157212376594543457e-01
4.707598090171813965e-01,-7.981036901473999023e-01,8.399115204811096191e-01,2.076148688793182373e-01,-1.012705713510513306e-01,-7.925769090652465820e-01,5.643245577812194824e-01,-7.944201231002807617e-01,-2.050666064023971558e-01,2.217371463775634766e-01,9.391806721687316895e-01,-4.621480032801628113e-02,1.637793183326721191e-01,1.834734156727790833e-02,-6.019926443696022034e-02,3.726816922426223755e-02,8.541556447744369507e-02,-1.371528804302215576e-01,5.889697372913360596e-02,5.683220624923706055e-01,-3.165228962898254395e-01,4.123867750167846680e-01,7.690947651863098145e-01,8.014596700668334961e-01,-1.002675145864486694e-01,2.367823272943496704e-01,-9.291213005781173706e-02,-3.677986562252044678e-01,-5.497094243764877319e-02,-9.175525307655334473e-01,-8.877382874488830566e-01,2.801622152328491211e-01,-2.073113322257995605e-01,-3.729813098907470703e-01,-2.356618940830230713e-01,-3.984979689121246338e-01
4.536356031894683838e-01,-8.345006704330444336e-01,8.267220854759216309e-01,2.127491682767868042e-01,-9.830597788095474243e-02,-8.272931575775146484e-01,5.105485320091247559e-01,-7.451876997947692871e-01,-2.267442941665649414e-01,3.611759543418884277e-01,6.133636236190795898e-01,2.221355959773063660e-02,1.398739367723464966e-01,9.239141643047332764e-02,-5.828502029180526733e-02,1.050682216882705688e-01,4.654134809970855713e-02,-1.760304272174835205e-01,5.639462918043136597e-02,6.832044124603271484e-01,-3.315113782882690430e-01,3.899232149124145508e-01,8.290559649467468262e-01,7.176634669303894043e-01,-1.181186214089393616e-01,1.940098702907562256e-01,-1.114425435662269592e-01,-3.948670327663421631e-01,-4.086295142769813538e-02,-9.606171846389770508e-01,-8.520228862762451172e-01,3.682592213153839111e-01,-1.858604997396469116e-01,-3.223699629306793213e-01,-2.491625100374221802e-01,-3.671103417873382568e-01
4.322619438171386719e-01,-8.649554848670959473e-01,8.087536096572875977e-01,1.922748088836669922e-01,-7.682500034570693970e-02,-8.584505915641784668e-01,4.692450761795043945e-01,-7.020473480224609375e-01,-2.035025805234909058e-01,4.337342977523803711e-01,3.730189204216003418e-01,7.347491383552551270e-02,9.549771994352340698e-02,1.688442975282669067e-01,1.409786567091941833e-02,1.702951937913894653e-01,4.611717164516448975e-02,-1.847013831138610840e-01,3.795925527811050415e-02,7.927231192588806152e-01,-2.942341566085815430e-01,3.676730394363403320e-01,8.408002853393554688e-01,6.470644474029541016e-01,-9.914165735244750977e-02,1.493733972311019897e-01,-1.350159943103790283e-01,-4.159739613533020020e-01,-1.286768447607755661e-02,-9.920004010200500488e-01,-8.050847649574279785e-01,4.298924803733825684e-01,-1.570489704608917236e-01,-2.758399248123168945e-01,-2.609968483448028564e-01,-3.415573835372924805e-01
4.080677628517150879e-01,-8.941572904586791992e-01,7.845516204833984375e-01,1.693904101848602295e-01,-5.035575106739997864e-02,-8.829032182693481445e-01,4.350322782993316650e-01,-6.645149588584899902e-01,-1.700492650270462036e-01,4.935909509658813477e-01,2.338933348655700684e-01,8.005564659833908081e-02,7.386457175016403198e-02,2.555171847343444824e-01,9.339962899684906006e-02,2.266413718461990356e-01,5.682347342371940613e-02,-2.060488760471343994e-01,2.177817560732364655e-02,8.805764913558959961e-01,-2.565054595470428467e-01,3.302263021469116211e-01,8.097653985023498535e-01,5.655288100242614746e-01,-7.619144022464752197e-02,1.094891279935836792e-01,-1.679070740938186646e-01,-4.280196428298950195e-01,3.383185714483261108e-02,-9.924954175949096680e-01,-7.454912066459655762e-01,4.719024002552032471e-01,-1.123078167438507080e-01,-2.355486303567886353e-01,-2.674998342990875244e-01,-3.185278773307800293e-01
3.814080357551574707e-01,-9.222645163536071777e-01,7.695259451866149902e-01,1.549089550971984863e-01,-3.447153791785240173e-02,-8.933364152908325195e-01,4.204342365264892578e-01,-6.270335912704467773e-01,-1.473869979381561279e-01,5.540285706520080566e-01,1.791900694370269775e-01,4.752125963568687439e-02,8.231259137392044067e-02,3.119113147258758545e-01,1.358899772167205811e-01,2.703627049922943115e-01,7.727757841348648071e-02,-1.581302136182785034e-01,4.774373397231101990e-02,9.207884669303894043e-01,-2.439422607421875000e-01,3.002569675445556641e-01,7.529399394989013672e-01,5.097373127937316895e-01,-6.357256323099136353e-02,8.077193051576614380e-02,-1.877240091562271118e-01,-4.330306947231292725e-01,7.300386577844619751e-02,-9.639044404029846191e-01,-6.912880539894104004e-01,5.063409805297851562e-01,-6.466625630855560303e-02,-1.898289620876312256e-01,-2.786327898502349854e-01,-2.848787903785705566e-01
3.523551523685455322e-01,-9.491078853607177734e-01,7.564323544502258301e-01,1.577817052602767944e-01,-1.964251883327960968e-02,-8.898969292640686035e-01,4.275541305541992188e-01,-6.125078797340393066e-01,-1.524548679590225220e-01,5.447758436203002930e-01,2.008406072854995728e-01,-1.320152077823877335e-02,1.257141083478927612e-01,3.240922689437866211e-01,1.666134893894195557e-01,2.231573164463043213e-01,1.073213815689086914e-01,-1.168468073010444641e-01,6.233662739396095276e-02,8.858679533004760742e-01,-2.582446038722991943e-01,2.629643976688385010e-01,6.341239809989929199e-01,4.640855491161346436e-01,-5.829101800918579102e-02,8.918621391057968140e-02,-1.769101768732070923e-01,-4.235513806343078613e-01,1.348644495010375977e-01,-9.120105504989624023e-01,-6.247283816337585449e-01,5.051107406616210938e-01,-3.392615122720599174e-03,-1.576006263494491577e-01,-2.956544756889343262e-01,-2.323336303234100342e-01
3.180641233921051025e-01,-9.772849082946777344e-01,7.499881982803344727e-01,1.720467209815979004e-01,-1.288894657045602798e-02,-8.795980215072631836e-01,4.433295428752899170e-01,-5.989418625831604004e-01,-1.738143712282180786e-01,4.883242547512054443e-01,2.533228397369384766e-01,-1.049045249819755554e-01,1.852249652147293091e-01,2.852828502655029297e-01,1.683302372694015503e-01,1.521446853876113892e-01,1.807466745376586914e-01,-7.793704420328140259e-02,1.089102998375892639e-01,8.273379802703857422e-01,-2.961819767951965332e-01,2.312350571155548096e-01,5.080071687698364258e-01,4.251723587512969971e-01,-6.738380342721939087e-02,1.005597412586212158e-01,-1.342834681272506714e-01,-4.171659052371978760e-01,1.757663786411285400e-01,-8.128530979156494141e-01,-5.590400099754333496e-01,4.768385887145996094e-01,3.579863160848617554e-02,-1.529283523559570312e-01,-3.018757700920104980e-01,-1.766760200262069702e-01
2.796163558959960938e-01,-9.977245330810546875e-01,7.596198320388793945e-01,1.717607975006103516e-01,2.570851007476449013e-03,-8.592735528945922852e-01,4.818096458911895752e-01,-6.219462156295776367e-01,-1.695262789726257324e-01,3.239471018314361572e-01,3.906516730785369873e-01,-1.584312468767166138e-01,2.128534615039825439e-01,1.579463034868240356e-01,2.020034641027450562e-01,-8.622362278401851654e-03,4.214761257171630859e-01,-3.511707857251167297e-02,1.426208168268203735e-01,7.108590602874755859e-01,-2.887386977672576904e-01,2.366591542959213257e-01,3.341369926929473877e-01,4.416519105434417725e-01,-7.687151432037353516e-02,1.129076555371284485e-01,-9.285373985767364502e-02,-4.015361666679382324e-01,2.026005089282989502e-01,-7.204332947731018066e-01,-4.989048242568969727e-01,4.309304058551788330e-01,6.677103042602539062e-02,-1.661114394664764404e-01,-2.850207686424255371e-01,-1.330624967813491821e-01
2.370087504386901855e-01,-1.029938936233520508e+00,7.644299864768981934e-01,1.723127961158752441e-01,1.700470410287380219e-02,-8.527807593345642090e-01,4.927312731742858887e-01,-5.782151818275451660e-01,-1.498492956161499023e-01,2.375923693180084229e-01,4.373635053634643555e-01,-2.289314121007919312e-01,2.245246022939682007e-01,3.582839295268058777e-02,1.843811273574829102e-01,-9.294326603412628174e-02,6.623116135597229004e-01,-4.624174907803535461e-02,1.491817682981491089e-01,6.429068446159362793e-01,-2.729527056217193604e-01,2.097792774438858032e-01,2.153953015804290771e-01,4.537427425384521484e-01,-1.258382797241210938e-01,1.014368236064910889e-01,-3.760397434234619141e-02,-4.003870785236358643e-01,1.994435936212539673e-01,-6.442331671714782715e-01,-4.644770920276641846e-01,4.208232164382934570e-01,8.397667855024337769e-02,-1.611414253711700439e-01,-2.816268205642700195e-01,-7.774836570024490356e-02
1.940589398145675659e-01,-1.060590386390686035e+00,7.651306986808776855e-01,1.641871929168701172e-01,2.264377474784851074e-02,-8.505224585533142090e-01,4.991406500339508057e-01,-5.226987600326538086e-01,-1.217226013541221619e-01,1.500010788440704346e-01,4.891191422939300537e-01,-2.817449569702148438e-01,2.044833302497863770e-01,-1.642002761363983154e-01,1.427697688341140747e-01,-1.742023825645446777e-01,9.925301671028137207e-01,-1.180953830480575562e-01,1.195458620786666870e-01,5.527007579803466797e-01,-2.379909306764602661e-01,1.793148368597030640e-01,9.049903601408004761e-02,5.035076737403869629e-01,-2.089045494794845581e-01,6.144158914685249329e-02,2.693185396492481232e-02,-3.995084166526794434e-01,2.005550861358642578e-01,-5.958170294761657715e-01,-4.581214785575866699e-01,4.391356706619262695e-01,1.005820855498313904e-01,-1.874899715185165405e-01,-2.636061012744903564e-01,-8.535783737897872925e-03
1.526563316583633423e-01,-1.088350057601928711e+00,7.632940411567687988e-01,1.571003347635269165e-01,2.465087920427322388e-02,-8.459905385971069336e-01,5.089319944381713867e-01,-4.639969468116760254e-01,-9.741709381341934204e-02,6.350905448198318481e-02,5.209860801696777344e-01,-3.217687010765075684e-01,1.739642918109893799e-01,-3.549351692199707031e-01,7.722002267837524414e-02,-2.054507434368133545e-01,1.269946217536926270e+00,-1.998446732759475708e-01,5.030754953622817993e-02,4.697643220424652100e-01,-1.909209191799163818e-01,1.607180684804916382e-01,-2.135909721255302429e-02,5.570383071899414062e-01,-2.897432446479797363e-01,5.878424271941184998e-03,5.051800236105918884e-02,-3.983220160007476807e-01,2.001929581165313721e-01,-5.478715300559997559e-01,-4.886462986469268799e-01,4.630423188209533691e-01,8.526732772588729858e-02,-1.927327960729598999e-01,-2.563094198703765869e-01,4.105571284890174866e-02
1.125526279211044312e-01,-1.114357709884643555e+00,7.652992010116577148e-01,1.398411691188812256e-01,2.709850296378135681e-02,-8.429588675498962402e-01,5.187778472900390625e-01,-3.789477050304412842e-01,-5.096862837672233582e-02,-8.292869664728641510e-03,5.225278735160827637e-01,-3.254761993885040283e-01,1.432903409004211426e-01,-5.691877603530883789e-01,2.244645543396472931e-02,-2.117480784654617310e-01,1.501890301704406738e+00,-2.778479158878326416e-01,-1.743484288454055786e-02,3.849176764488220215e-01,-1.301991194486618042e-01,1.495029479265213013e-01,-1.180760264396667480e-01,6.278385519981384277e-01,-3.439569175243377686e-01,-1.092767566442489624e-01,3.058813698589801788e-02,-4.028200805187225342e-01,1.983347684144973755e-01,-5.034092068672180176e-01,-5.418903231620788574e-01,4.919309020042419434e-01,3.950258344411849976e-02,-1.701786220073699951e-01,-2.628032863140106201e-01,1.056633368134498596e-01
7.413891702890396118e-02,-1.139399647712707520e+00,7.739632725715637207e-01,1.287672221660614014e-01,3.188339620828628540e-02,-8.388171195983886719e-01,5.280041098594665527e-01,-2.773519754409790039e-01,2.732814056798815727e-03,-6.762056052684783936e-02,4.431000351905822754e-01,-2.719143033027648926e-01,8.861568570137023926e-02,-7.088804841041564941e-01,-1.129353977739810944e-02,-2.241980731487274170e-01,1.606995820999145508e+00,-3.118075728416442871e-01,-5.772220343351364136e-02,3.070243597030639648e-01,-6.554057449102401733e-02,1.460651606321334839e-01,-1.751699447631835938e-01,6.826002001762390137e-01,-3.635882139205932617e-01,-1.804896891117095947e-01,6.791144842281937599e-04,-4.040426015853881836e-01,2.145067006349563599e-01,-4.324521720409393311e-01,-5.948728322982788086e-01,5.004910230636596680e-01,-1.261040661484003067e-02,-1.343650817871093750e-01,-2.760586142539978027e-01,1.371795386075973511e-01
3.721266239881515503e-02,-1.163106203079223633e+00,7.896083593368530273e-01,1.149255111813545227e-01,5.208833888173103333e-02,-8.284980654716491699e-01,5.455913543701171875e-01,-1.605311781167984009e-01,9.012245386838912964e-02,-1.027858555316925049e-01,3.123481571674346924e-01,-2.006163746118545532e-01,5.571885779500007629e-02,-8.255819678306579590e-01,-5.782601982355117798e-02,-2.337799072265625000e-01,1.636100292205810547e+00,-3.282380700111389160e-01,-7.065621018409729004e-02,2.229022979736328125e-01,7.487822324037551880e-03,1.502336561679840088e-01,-2.109109461307525635e-01,7.112758755683898926e-01,-3.466920554637908936e-01,-2.310641556978225708e-01,-1.523695793002843857e-02,-4.201925992965698242e-01,2.463899552822113037e-01,-3.289851248264312744e-01,-6.423647403717041016e-01,4.932563900947570801e-01,-3.517793864011764526e-02,-9.385609626770019531e-02,-2.969856262207031250e-01,1.508820205926895142e-01
2.785330172628164291e-03,-1.185899615287780762e+00,7.988483905792236328e-01,1.119263321161270142e-01,6.097378954291343689e-02,-8.171579837799072266e-01,5.621454119682312012e-01,-6.376773864030838013e-02,1.500034779310226440e-01,-1.249777078628540039e-01,2.026770859956741333e-01,-8.483055979013442993e-02,3.985290532000362873e-04,-8.965948820114135742e-01,-1.074261888861656189e-01,-2.559151649475097656e-01,1.625719547271728516e+00,-3.183273375034332275e-01,-6.941875815391540527e-02,1.441240161657333374e-01,7.175946980714797974e-02,1.577038168907165527e-01,-2.162804156541824341e-01,7.266473174095153809e-01,-3.175651729106903076e-01,-2.580541968345642090e-01,-3.402128443121910095e-02,-4.327171742916107178e-01,2.743719518184661865e-01,-2.242927700281143188e-01,-6.820315122604370117e-01,4.502644836902618408e-01,-5.440830066800117493e-02,-5.084419250488281250e-02,-3.163967430591583252e-01,1.450602412223815918e-01
-3.148063644766807556e-02,-1.208205580711364746e+00,8.069786429405212402e-01,1.075808033347129822e-01,7.499913871288299561e-02,-8.084479570388793945e-01,5.737711787223815918e-01,2.520773559808731079e-02,2.094744443893432617e-01,-1.693609207868576050e-01,1.209134906530380249e-01,6.005418300628662109e-02,-5.558678880333900452e-02,-9.631697535514831543e-01,-1.661567986011505127e-01,-2.446847856044769287e-01,1.565325140953063965e+00,-3.319389224052429199e-01,-5.107974261045455933e-02,6.375931948423385620e-02,1.279526054859161377e-01,1.622849702835083008e-01,-2.074773758649826050e-01,7.433076500892639160e-01,-2.716483473777770996e-01,-2.872045040130615234e-01,-4.839384183287620544e-02,-4.560423195362091064e-01,3.092388808727264404e-01,-1.025886014103889465e-01,-7.113643884658813477e-01,3.817545771598815918e-01,-6.245076283812522888e-02,-2.722194651141762733e-03,-3.280484080314636230e-01,1.393225640058517456e-01
-6.602760404348373413e-02,-1.232844233512878418e+00,8.132280707359313965e-01,1.099566817283630371e-01,7.526922971010208130e-02,-8.001894354820251465e-01,5.847571492195129395e-01,7.593305408954620361e-02,2.449817806482315063e-01,-1.733211725950241089e-01,9.447256475687026978e-02,1.317103356122970581e-01,-1.029161885380744934e-01,-9.749533534049987793e-01,-2.175661921501159668e-01,-2.558792233467102051e-01,1.475185036659240723e+00,-3.118861317634582520e-01,-3.878186270594596863e-02,1.068316865712404251e-02,1.599031090736389160e-01,1.627583503723144531e-01,-1.946698427200317383e-01,7.467238903045654297e-01,-2.478289604187011719e-01,-2.989420294761657715e-01,-5.411686003208160400e-02,-4.682677686214447021e-01,3.269783556461334229e-01,-1.570529863238334656e-02,-7.287175059318542480e-01,3.347079753875732422e-01,-5.902366340160369873e-02,3.532945364713668823e-02,-3.365903198719024658e-01,1.217328757047653198e-01
-9.961763769388198853e-02,-1.256457805633544922e+00,8.167492747306823730e-01,1.172375455498695374e-01,7.124034315347671509e-02,-7.930501699447631836e-01,5.935078859329223633e-01,1.155811101198196411e-01,2.604275941848754883e-01,-1.748021095991134644e-01,8.420981466770172119e-02,1.822603642940521240e-01,-1.318329870700836182e-01,-9.617624282836914062e-01,-2.822458446025848389e-01,-2.614820301532745361e-01,1.326419830322265625e+00,-2.874561548233032227e-01,-2.279102616012096405e-02,-3.876232355833053589e-02,1.727914065122604370e-01,1.646696180105209351e-01,-1.750694811344146729e-01,7.439216375350952148e-01,-2.269112467765808105e-01,-2.982431054115295410e-01,-5.834604054689407349e-02,-4.773344099521636963e-01,3.451098203659057617e-01,6.273920834064483643e-02,-7.412077784538269043e-01,2.780051529407501221e-01,-5.163249000906944275e-02,6.082128733396530151e-02,-3.466057479381561279e-01,1.070455163717269897e-01
-1.335153281688690186e-01,-1.279954433441162109e+00,8.153112530708312988e-01,1.190483197569847107e-01,6.059686467051506042e-02,-7.850391864776611328e-01,6.048710942268371582e-01,1.445298492908477783e-01,2.647491693496704102e-01,-1.593752801418304443e-01,8.194813877344131470e-02,1.872134059667587280e-01,-1.456288546323776245e-01,-9.304991364479064941e-01,-3.421456813812255859e-01,-2.640814781188964844e-01,1.186281800270080566e+00,-2.458938658237457275e-01,-1.056708744727075100e-03,-7.476453483104705811e-02,1.735620647668838501e-01,1.671557277441024780e-01,-1.632653176784515381e-01,7.402923107147216797e-01,-2.180541753768920898e-01,-2.920561432838439941e-01,-6.153744086623191833e-02,-4.807999432086944580e-01,3.548912107944488525e-01,1.241953447461128235e-01,-7.539330124855041504e-01,2.333501279354095459e-01,-4.348056018352508545e-02,7.235036045312881470e-02,-3.507443666458129883e-01,9.580821543931961060e-02
-1.671847701072692871e-01,-1.303419828414916992e+00,8.078374862670898438e-01,1.235065460205078125e-01,4.936319589614868164e-02,-7.814164161682128906e-01,6.096702218055725098e-01,1.777001172304153442e-01,2.629584372043609619e-01,-1.546967327594757080e-01,9.797537326812744141e-02,1.665877252817153931e-01,-1.413402408361434937e-01,-8.882440328598022461e-01,-4.062772691249847412e-01,-2.566758692264556885e-01,9.941433668136596680e-01,-2.119696438312530518e-01,3.374860435724258423e-02,-1.077793985605239868e-01,1.629089564085006714e-01,1.706533879041671753e-01,-1.473380476236343384e-01,7.299469113349914551e-01,-2.087050825357437134e-01,-2.783837318420410156e-01,-5.984194204211235046e-02,-4.805192649364471436e-01,3.577237129211425781e-01,1.677221208810806274e-01,-7.590307593345642090e-01,1.837636977434158325e-01,-2.859309688210487366e-02,6.906718760728836060e-02,-3.455638885498046875e-01,7.615409046411514282e-02
-2.010066807270050049e-01,-1.326989889144897461e+00,7.971479296684265137e-01,1.237432211637496948e-01,3.460098430514335632e-02,-7.758672833442687988e-01,6.176732778549194336e-01,2.106552869081497192e-01,2.578362822532653809e-01,-1.371872723102569580e-01,1.253369152545928955e-01,1.381055712699890137e-01,-1.397270560264587402e-01,-8.460798859596252441e-01,-4.580216705799102783e-01,-2.528012990951538086e-01,8.253113031387329102e-01,-1.560529768466949463e-01,7.109850645065307617e-02,-1.419577896595001221e-01,1.503127217292785645e-01,1.815095543861389160e-01,-1.284542083740234375e-01,7.225223779678344727e-01,-2.172409892082214355e-01,-2.660948634147644043e-01,-6.276971846818923950e-02,-4.778044223785400391e-01,3.520064949989318848e-01,1.883680820465087891e-01,-7.614908218383789062e-01,1.396822482347488403e-01,-1.996956579387187958e-02,5.691387131810188293e-02,-3.371743559837341309e-01,5.721586570143699646e-02
-2.348854094743728638e-01,-1.349746108055114746e+00,7.858491539955139160e-01,1.234894171357154846e-01,1.025289203971624374e-02,-7.783206701278686523e-01,6.155177950859069824e-01,2.527394592761993408e-01,2.413075268268585205e-01,-1.334165036678314209e-01,1.693873107433319092e-01,1.070363223552703857e-01,-1.359386295080184937e-01,-7.836878299713134766e-01,-5.089420676231384277e-01,-2.216633558273315430e-01,5.661613941192626953e-01,-9.659957140684127808e-02,1.242246851325035095e-01,-1.808959990739822388e-01,1.174802556633949280e-01,2.060995995998382568e-01,-9.748953580856323242e-02,7.066850066184997559e-01,-2.277705222368240356e-01,-2.319405078887939453e-01,-6.951734423637390137e-02,-4.697392880916595459e-01,3.430050611495971680e-01,1.939131170511245728e-01,-7.539526820182800293e-01,8.782801777124404907e-02,-1.845884253270924091e-03,2.702765725553035736e-02,-3.125135004520416260e-01,1.669082790613174438e-02
-2.688009440898895264e-01,-1.374108672142028809e+00,7.781454920768737793e-01,1.216455176472663879e-01,-6.213225424289703369e-03,-7.790875434875488281e-01,6.149685978889465332e-01,2.939186692237854004e-01,2.356905639171600342e-01,-1.281991302967071533e-01,2.068211585283279419e-01,8.912008255720138550e-02,-1.474087685346603394e-01,-7.371454238891601562e-01,-5.424296259880065918e-01,-2.285178601741790771e-01,3.966440856456756592e-01,-4.563799500465393066e-02,1.613010168075561523e-01,-2.185312062501907349e-01,9.368315339088439941e-02,2.206474691629409790e-01,-5.054489523172378540e-02,6.967755556106567383e-01,-2.409773468971252441e-01,-1.936659067869186401e-01,-7.759904116392135620e-02,-4.582860767841339111e-01,3.303653001785278320e-01,1.921449452638626099e-01,-7.478471398353576660e-01,4.978724196553230286e-02,1.527704577893018723e-02,6.033266428858041763e-03,-2.960645854473114014e-01,-1.152704004198312759e-02
-3.044611513614654541e-01,-1.404615640640258789e+00,7.729161977767944336e-01,1.079044118523597717e-01,-2.956878580152988434e-02,-7.690395712852478027e-01,6.293333172798156738e-01,3.787251114845275879e-01,2.426329404115676880e-01,-1.489771455526351929e-01,1.710697561502456665e-01,6.107018515467643738e-02,-1.649144887924194336e-01,-6.162847280502319336e-01,-6.079431772232055664e-01,-3.157625198364257812e-01,1.628290414810180664e-01,-1.770567707717418671e-02,2.389322966337203979e-01,-3.078674376010894775e-01,5.387866124510765076e-02,1.998917311429977417e-01,5.103541165590286255e-02,6.749972105026245117e-01,-2.665403783321380615e-01,-1.234383285045623779e-01,-8.052596449851989746e-02,-4.577779471874237061e-01,2.817149162292480469e-01,2.110963910818099976e-01,-7.286930680274963379e-01,4.134404938668012619e-03,4.986686632037162781e-02,-2.242469228804111481e-02,-2.688342630863189697e-01,-5.197158083319664001e-02
-3.346685767173767090e-01,-1.425063848495483398e+00,7.729751467704772949e-01,1.014273315668106079e-01,-4.816827178001403809e-02,-7.709877490997314453e-01,6.268733739852905273e-01,4.277457594871520996e-01,2.434700280427932739e-01,-1.389510333538055420e-01,1.930439323186874390e-01,7.519927620887756348e-02,-1.727829426527023315e-01,-5.672229528427124023e-01,-6.253045201301574707e-01,-3.474215567111968994e-01,1.024853587150573730e-01,1.604751870036125183e-02,2.610885500907897949e-01,-3.479357957839965820e-01,2.352756075561046600e-02,2.087601721286773682e-01,1.321076899766921997e-01,6.541540622711181641e-01,-2.610448300838470459e-01,-3.478746116161346436e-02,-9.373850375413894653e-02,-4.386205673217773438e-01,2.402463704347610474e-01,2.037419378757476807e-01,-7.180058360099792480e-01,-1.021842751652002335e-02,7.427322864532470703e-02,-4.019107669591903687e-02,-2.468373030424118042e-01,-6.673837453126907349e-02
-3.633417487144470215e-01,-1.442814469337463379e+00,7.742239832878112793e-01,1.011866107583045959e-01,-5.604111775755882263e-02,-7.760283946990966797e-01,6.200004816055297852e-01,4.622624516487121582e-01,2.346748560667037964e-01,-1.253711879253387451e-01,2.409685999155044556e-01,7.138707488775253296e-02,-1.645669043064117432e-01,-5.205545425415039062e-01,-6.384389996528625488e-01,-3.636581897735595703e-01,8.507554978132247925e-02,4.461006820201873779e-02,2.611953616142272949e-01,-3.673985600471496582e-01,-1.801454834640026093e-02,2.084536552429199219e-01,2.074181735515594482e-01,6.117165088653564453e-01,-2.429416328668594360e-01,8.843866735696792603e-02,-1.362077295780181885e-01,-3.932255506515502930e-01,2.016649544239044189e-01,1.721847653388977051e-01,-7.126538157463073730e-01,-6.488997023552656174e-03,1.201769188046455383e-01,-4.857331886887550354e-02,-2.278667539358139038e-01,-8.459898084402084351e-02
-3.844617009162902832e-01,-1.450703263282775879e+00,7.742782235145568848e-01,1.021486073732376099e-01,-7.912187278270721436e-02,-7.974619865417480469e-01,5.893723368644714355e-01,4.478857815265655518e-01,2.017252147197723389e-01,-8.585685491561889648e-02,3.737276494503021240e-01,9.376448392868041992e-02,-1.551350206136703491e-01,-5.337983369827270508e-01,-6.097503304481506348e-01,-3.157301247119903564e-01,7.556775212287902832e-02,9.565391391515731812e-02,2.418502867221832275e-01,-3.217906653881072998e-01,-4.377435147762298584e-02,2.384952604770660400e-01,2.308307886123657227e-01,5.848966240882873535e-01,-2.017216533422470093e-01,1.881560683250427246e-01,-1.545417159795761108e-01,-3.639968335628509521e-01,1.777513772249221802e-01,1.051041558384895325e-01,-7.020253539085388184e-01,8.640758693218231201e-03,1.572447419166564941e-01,-2.926375903189182281e-02,-2.104325741529464722e-01,-8.131124824285507202e-02
-4.073874354362487793e-01,-1.465125560760498047e+00,7.716730833053588867e-01,1.005458235740661621e-01,-8.464644104242324829e-02,-8.102177381515502930e-01,5.712028741836547852e-01,4.497195184230804443e-01,1.633206903934478760e-01,-6.339401006698608398e-02,5.212430357933044434e-01,6.788220256567001343e-02,-1.304361224174499512e-01,-5.054603219032287598e-01,-5.979360342025756836e-01,-3.146724998950958252e-01,8.447019010782241821e-02,6.393239647150039673e-02,2.153728604316711426e-01,-2.797445356845855713e-01,-8.874100446701049805e-02,2.489243745803833008e-01,2.614232301712036133e-01,5.472636818885803223e-01,-1.238448098301887512e-01,2.786040306091308594e-01,-1.757427901029586792e-01,-3.409583270549774170e-01,1.766476482152938843e-01,3.792011365294456482e-02,-6.889244318008422852e-01,1.415224466472864151e-02,1.997701525688171387e-01,-7.603474892675876617e-03,-2.033368647098541260e-01,-8.255880326032638550e-02
-4.255422055721282959e-01,-1.477697610855102539e+00,7.687825560569763184e-01,9.872315078973770142e-02,-9.480423480272293091e-02,-8.154402375221252441e-01,5.624260902404785156e-01,4.387390315532684326e-01,1.438380181789398193e-01,-4.955055937170982361e-02,6.255661845207214355e-01,4.197596013545989990e-02,-1.181748434901237488e-01,-4.721234738826751709e-01,-5.945816636085510254e-01,-3.247643411159515381e-01,9.506949782371520996e-02,2.630538865923881531e-02,1.984648853540420532e-01,-2.523445487022399902e-01,-1.171514019370079041e-01,2.659860551357269287e-01,2.885222136974334717e-01,5.344836115837097168e-01,-7.621916383504867554e-02,3.269176483154296875e-01,-1.896393746137619019e-01,-3.248964846134185791e-01,1.787620633840560913e-01,1.144531051977537572e-04,-6.835192441940307617e-01,2.787270769476890564e-02,2.203968763351440430e-01,-1.682632020674645901e-03,-1.965140998363494873e-01,-7.706627994775772095e-02
-4.241609275341033936e-01,-1.477641463279724121e+00,7.666245102882385254e-01,9.554499387741088867e-02,-8.837773650884628296e-02,-8.157283067703247070e-01,5.636025667190551758e-01,4.136586487293243408e-01,1.343494653701782227e-01,-5.592529475688934326e-02,5.689527392387390137e-01,4.668824747204780579e-02,-1.102772578597068787e-01,-4.442268013954162598e-01,-5.703584551811218262e-01,-3.218450248241424561e-01,9.941773861646652222e-02,1.465210039168596268e-02,1.922845840454101562e-01,-2.549447715282440186e-01,-1.169302836060523987e-01,2.462552785873413086e-01,2.906265258789062500e-01,5.267578959465026855e-01,-6.039494648575782776e-02,3.808544278144836426e-01,-1.808688044548034668e-01,-3.020373582839965820e-01,1.721567660570144653e-01,4.346709232777357101e-03,-6.629456877708435059e-01,2.961801737546920776e-02,2.838477194309234619e-01,1.798888552002608776e-03,-1.758694499731063843e-01,-7.370468229055404663e-02
-4.226315021514892578e-01,-1.476850748062133789e+00,7.646573185920715332e-01,9.319213032722473145e-02,-8.043292909860610962e-02,-8.175820112228393555e-01,5.624992251396179199e-01,3.855122029781341553e-01,1.252198219299316406e-01,-5.873032659292221069e-02,5.110886693000793457e-01,5.647058039903640747e-02,-1.047015860676765442e-01,-4.211083948612213135e-01,-5.391156673431396484e-01,-3.141793310642242432e-01,9.460652619600296021e-02,1.444922853261232376e-02,1.840306967496871948e-01,-2.498642057180404663e-01,-1.112391725182533264e-01,2.223184108734130859e-01,2.842780053615570068e-01,5.171205997467041016e-01,-5.108516290783882141e-02,4.465124309062957764e-01,-1.684635728597640991e-01,-2.773252129554748535e-01,1.642712950706481934e-01,7.479457184672355652e-03,-6.421375274658203125e-01,3.150960057973861694e-02,3.582972288131713867e-01,3.195617580786347389e-03,-1.573525518178939819e-01,-6.946489959955215454e-02
-4.211055338382720947e-01,-1.476026058197021484e+00,7.626406550407409668e-01,9.073309600353240967e-02,-7.183986157178878784e-02,-8.200905323028564453e-01,5.604088306427001953e-01,3.561967313289642334e-01,1.167476773262023926e-01,-5.966598540544509888e-02,4.556946158409118652e-01,6.543620675802230835e-02,-9.936065971851348877e-02,-3.995177745819091797e-01,-5.046836733818054199e-01,-3.040638267993927002e-01,8.799208700656890869e-02,1.602367684245109558e-02,1.749787777662277222e-01,-2.408292591571807861e-01,-1.030213087797164917e-01,1.981936246156692505e-01,2.728879749774932861e-01,5.065234303474426270e-01,-4.527722671627998352e-02,5.174068212509155273e-01,-1.551533043384552002e-01,-2.535273134708404541e-01,1.562635749578475952e-01,9.809818118810653687e-03,-6.218721866607666016e-01,3.225065767765045166e-02,4.373123049736022949e-01,3.875753376632928848e-03,-1.412527710199356079e-01,-6.517332047224044800e-02
-4.196169376373291016e-01,-1.475254535675048828e+00,7.605651617050170898e-01,8.778619766235351562e-02,-6.302392482757568359e-02,-8.229854702949523926e-01,5.576884746551513672e-01,3.263741135597229004e-01,1.089907661080360413e-01,-5.965422466397285461e-02,4.034494757652282715e-01,7.282479852437973022e-02,-9.405555576086044312e-02,-3.780997097492218018e-01,-4.683373272418975830e-01,-2.921293675899505615e-01,8.093722164630889893e-02,1.798900030553340912e-02,1.655222177505493164e-01,-2.293733358383178711e-01,-9.337794035673141479e-02,1.750209480524063110e-01,2.585927844047546387e-01,4.954257905483245850e-01,-4.119633510708808899e-02,5.910609960556030273e-01,-1.418345123529434204e-01,-2.307395786046981812e-01,1.481605172157287598e-01,1.182767469435930252e-02,-6.020491719245910645e-01,3.190933540463447571e-02,5.184497833251953125e-01,4.325867164880037308e-03,-1.267253011465072632e-01,-6.080259010195732117e-02
-4.228572249412536621e-01,-1.483768701553344727e+00,7.566410899162292480e-01,8.467324823141098022e-02,-5.801806226372718811e-02,-8.158124685287475586e-01,5.691347718238830566e-01,3.376735150814056396e-01,9.942149370908737183e-02,-8.624567091464996338e-02,2.925931811332702637e-01,8.029176294803619385e-02,-8.650727570056915283e-02,-3.124770522117614746e-01,-4.569799304008483887e-01,-3.243396878242492676e-01,6.752257049083709717e-02,-1.836721599102020264e-02,1.681021451950073242e-01,-2.464742660522460938e-01,-9.212096780538558960e-02,1.185781657695770264e-01,2.728309333324432373e-01,4.804453253746032715e-01,-4.864180833101272583e-02,6.656338572502136230e-01,-1.245947331190109253e-01,-2.131978869438171387e-01,1.385267078876495361e-01,4.377989470958709717e-02,-5.821614265441894531e-01,2.514199540019035339e-02,6.054190397262573242e-01,5.236029624938964844e-03,-1.155851036310195923e-01,-5.804091319441795349e-02
-4.218617677688598633e-01,-1.483567714691162109e+00,7.543567419052124023e-01,8.003354817628860474e-02,-5.011038482189178467e-02,-8.173061013221740723e-01,5.684138536453247070e-01,3.095262944698333740e-01,9.270434826612472534e-02,-9.315516054630279541e-02,2.445555329322814941e-01,8.468512445688247681e-02,-8.151635527610778809e-02,-2.852404117584228516e-01,-4.216337800025939941e-01,-3.155010342597961426e-01,6.149654835462570190e-02,-1.947437040507793427e-02,1.585246920585632324e-01,-2.406341284513473511e-01,-8.195983618497848511e-02,9.370426088571548462e-02,2.674677073955535889e-01,4.691789448261260986e-01,-4.619107395410537720e-02,7.377506494522094727e-01,-1.116016507148742676e-01,-1.942198574542999268e-01,1.311098486185073853e-01,5.612653121352195740e-02,-5.633988976478576660e-01,2.598120644688606262e-02,6.840720772743225098e-01,5.533620715141296387e-03,-1.051916480064392090e-01,-5.331828072667121887e-02
-4.209767878055572510e-01,-1.483430266380310059e+00,7.519225478172302246e-01,7.532322406768798828e-02,-4.106156900525093079e-02,-8.210145235061645508e-01,5.644249320030212402e-01,2.779333293437957764e-01,8.655249327421188354e-02,-9.248974919319152832e-02,2.068672180175781250e-01,8.250301331281661987e-02,-7.669472694396972656e-02,-2.628872096538543701e-01,-3.801233470439910889e-01,-2.979434728622436523e-01,5.479402840137481689e-02,-1.928207091987133026e-02,1.473305374383926392e-01,-2.262983471155166626e-01,-6.962857395410537720e-02,7.333885878324508667e-02,2.530628740787506104e-01,4.577648043632507324e-01,-4.179536923766136169e-02,8.119961619377136230e-01,-9.977915138006210327e-02,-1.733015477657318115e-01,1.223848164081573486e-01,6.009565666317939758e-02,-5.445768833160400391e-01,2.549122832715511322e-02,7.645437717437744141e-01,6.048787850886583328e-03,-9.285921603441238403e-02,-4.845224320888519287e-02
-4.203016161918640137e-01,-1.483440399169921875e+00,7.495229840278625488e-01,7.001911848783493042e-02,-3.221815824508666992e-02,-8.255779743194580078e-01,5.589994192123413086e-01,2.462405115365982056e-01,8.065716922283172607e-02,-8.890173584222793579e-02,1.740722805261611938e-01,7.712934166193008423e-02,-7.175059616565704346e-02,-2.403133809566497803e-01,-3.368598818778991699e-01,-2.761667072772979736e-01,4.783481732010841370e-02,-1.881957612931728363e-02,1.355603784322738647e-01,-2.081789523363113403e-01,-5.710909515619277954e-02,5.526138097047805786e-02,2.349698692560195923e-01,4.463281035423278809e-01,-3.738823160529136658e-02,8.881489038467407227e-01,-8.843397349119186401e-02,-1.517391949892044067e-01,1.126013249158859253e-01,6.126625835895538330e-02,-5.257562994956970215e-01,2.424784749746322632e-02,8.467707037925720215e-01,6.406692322343587875e-03,-7.990416884422302246e-02,-4.333290085196495056e-02
-4.198663532733917236e-01,-1.483604192733764648e+00,7.472353577613830566e-01,6.416929513216018677e-02,-2.401048317551612854e-02,-8.306027054786682129e-01,5.526345372200012207e-01,2.150260657072067261e-01,7.459603995084762573e-02,-8.359152823686599731e-02,1.447293609380722046e-01,6.949366629123687744e-02,-6.654842942953109741e-02,-2.163105607032775879e-01,-2.934723496437072754e-01,-2.512017190456390381e-01,4.062041640281677246e-02,-1.820794120430946350e-02,1.234904825687408447e-01,-1.878312230110168457e-01,-4.525475949048995972e-02,3.869120404124259949e-02,2.153100669384002686e-01,4.349455535411834717e-01,-3.299623727798461914e-02,9.654729366302490234e-01,-7.744819670915603638e-02,-1.301742792129516602e-01,1.020306795835494995e-01,6.148741394281387329e-02,-5.069003105163574219e-01,2.260765619575977325e-02,9.299386739730834961e-01,6.539220921695232391e-03,-6.695134937763214111e-02,-3.803145885467529297e-02
-4.196788966655731201e-01,-1.483911156654357910e+00,7.451114654541015625e-01,5.794556438922882080e-02,-1.660531945526599884e-02,-8.359133601188659668e-01,5.455414056777954102e-01,1.842757910490036011e-01,6.805621087551116943e-02,-7.697066664695739746e-02,1.180959939956665039e-01,6.007311865687370300e-02,-6.101149320602416992e-02,-1.906606554985046387e-01,-2.509079277515411377e-01,-2.233797758817672729e-01,3.322961181402206421e-02,-1.746199280023574829e-02,1.112235635519027710e-01,-1.659555733203887939e-01,-3.449865803122520447e-02,2.312419563531875610e-02,1.950113177299499512e-01,4.236850142478942871e-01,-2.847764641046524048e-02,1.043466448783874512e+00,-6.675581634044647217e-02,-1.088075190782546997e-01,9.074883908033370972e-02,6.143257394433021545e-02,-4.879615902900695801e-01,2.075556665658950806e-02,1.013574361801147461e+00,6.445043254643678665e-03,-5.414512753486633301e-02,-3.262258693575859070e-02
-4.197323024272918701e-01,-1.484341979026794434e+00,7.431936860084533691e-01,5.153926834464073181e-02,-1.008532289415597916e-02,-8.413951992988586426e-01,5.378625988960266113e-01,1.538259536027908325e-01,6.079393997788429260e-02,-6.924097985029220581e-02,9.360449761152267456e-02,4.923534393310546875e-02,-5.508454516530036926e-02,-1.634200662374496460e-01,-2.099002152681350708e-01,-1.929090172052383423e-01,2.578349038958549500e-02,-1.658098772168159485e-02,9.882324188947677612e-02,-1.429805308580398560e-01,-2.511481940746307373e-02,8.176228962838649750e-03,1.745046824216842651e-01,4.126015603542327881e-01,-2.374389022588729858e-02,1.121836185455322266e+00,-5.629486963152885437e-02,-8.768154680728912354e-02,7.875221967697143555e-02,6.136234104633331299e-02,-4.689112007617950439e-01,1.878970861434936523e-02,1.097445726394653320e+00,6.135036237537860870e-03,-4.148237407207489014e-02,-2.716126106679439545e-02
-4.200077652931213379e-01,-1.484871387481689453e+00,7.415177226066589355e-01,4.513077437877655029e-02,-4.494534805417060852e-03,-8.469582796096801758e-01,5.297213196754455566e-01,1.234749034047126770e-01,5.262348055839538574e-02,-6.053213775157928467e-02,7.076548039913177490e-02,3.730111196637153625e-02,-4.872370138764381409e-02,-1.347402483224868774e-01,-1.710640341043472290e-01,-1.600098758935928345e-01,1.841910369694232941e-02,-1.556571107357740402e-02,8.634594082832336426e-02,-1.192266717553138733e-01,-1.729817315936088562e-02,-6.453212350606918335e-03,1.539985984563827515e-01,4.017391204833984375e-01,-1.875673979520797729e-02,1.200415849685668945e+00,-4.600308835506439209e-02,-6.679954379796981812e-02,6.601477414369583130e-02,6.137880682945251465e-02,-4.497348666191101074e-01,1.676340959966182709e-02,1.181443691253662109e+00,5.623536650091409683e-03,-2.893365733325481415e-02,-2.168571017682552338e-02
-4.204775989055633545e-01,-1.485470771789550781e+00,7.401128411293029785e-01,3.888067230582237244e-02,1.475126773584634066e-04,-8.525288105010986328e-01,5.212321281433105469e-01,9.301760047674179077e-02,4.341260343790054321e-02,-5.093599855899810791e-02,4.914841428399085999e-02,2.455443888902664185e-02,-4.189388826489448547e-02,-1.048180311918258667e-01,-1.349121928215026855e-01,-1.249431073665618896e-01,1.127190794795751572e-02,-1.442168466746807098e-02,7.384856790304183960e-02,-9.495638310909271240e-02,-1.119254436343908310e-02,-2.099885977804660797e-02,1.335960626602172852e-01,3.911326825618743896e-01,-1.350774429738521576e-02,1.279110908508300781e+00,-3.581654280424118042e-02,-4.616281390190124512e-02,5.250641331076622009e-02,6.151792407035827637e-02,-4.304285347461700439e-01,1.470706984400749207e-02,1.265517711639404297e+00,4.926623310893774033e-03,-1.647379621863365173e-02,-1.622241176664829254e-02
-4.211076796054840088e-01,-1.486111164093017578e+00,7.390018105506896973e-01,3.292779251933097839e-02,3.838765434920787811e-03,-8.580459356307983398e-01,5.125018358230590820e-01,6.226058304309844971e-02,3.307763114571571350e-02,-4.051633924245834351e-02,2.837422117590904236e-02,1.124483998864889145e-02,-3.456805646419525146e-02,-7.387845963239669800e-02,-1.018602773547172546e-01,-8.801006525754928589e-02,4.462857730686664581e-03,-1.315733697265386581e-02,6.139081716537475586e-02,-7.039150595664978027e-02,-6.904310081154108047e-03,-3.564126789569854736e-02,1.133477911353111267e-01,3.808091580867767334e-01,-8.004725910723209381e-03,1.357865929603576660e+00,-2.566901221871376038e-02,-2.577953599393367767e-02,3.819811344146728516e-02,6.178636476397514343e-02,-4.109958112239837646e-01,1.263955049216747284e-02,1.349644184112548828e+00,4.061480518430471420e-03,-4.085307475179433823e-03,-1.078979205340147018e-02
-4.218598306179046631e-01,-1.486763834953308105e+00,7.382013797760009766e-01,2.738848701119422913e-02,6.593117956072092056e-03,-8.634604811668395996e-01,5.036292672157287598e-01,3.103078529238700867e-02,2.158465422689914703e-02,-2.931416779756546021e-02,8.106791414320468903e-03,-2.410162007436156273e-03,-2.672666497528553009e-02,-4.216688126325607300e-02,-7.222221046686172485e-02,-4.954759776592254639e-02,-1.909701386466622353e-03,-1.178253907710313797e-02,4.903306066989898682e-02,-4.572160914540290833e-02,-4.504993557929992676e-03,-5.051616579294204712e-02,9.327737987041473389e-02,3.707888722419738770e-01,-2.264357870444655418e-03,1.436646819114685059e+00,-1.549174729734659195e-02,-5.664842203259468079e-03,2.306344732642173767e-02,6.217719241976737976e-02,-3.914445340633392334e-01,1.057389844208955765e-02,1.433811187744140625e+00,3.046048572286963463e-03,8.243955671787261963e-03,-5.400270223617553711e-03
-4.226941168308258057e-01,-1.487402081489562988e+00,7.377213239669799805e-01,2.235937118530273438e-02,8.434937335550785065e-03,-8.687322735786437988e-01,4.947050809860229492e-01,-8.197096758522093296e-04,8.939024992287158966e-03,-1.735184527933597565e-02,-1.195435039699077606e-02,-1.622173748910427094e-02,-1.835710369050502777e-02,-9.939597919583320618e-03,-4.622157290577888489e-02,-9.917876683175563812e-03,-7.776856888085603714e-03,-1.030612457543611526e-02,3.683667257428169250e-02,-2.111021056771278381e-02,-4.040561150759458542e-03,-6.572192162275314331e-02,7.339414209127426147e-02,3.610855638980865479e-01,3.691750578582286835e-03,1.515430331230163574e+00,-5.213942844420671463e-03,1.416091527789831161e-02,7.078847382217645645e-03,6.267758458852767944e-02,-3.717879354953765869e-01,8.520072326064109802e-03,1.518010020256042480e+00,1.898648682981729507e-03,2.052354440093040466e-02,-6.182889046613126993e-05
-4.228026270866394043e-01,-1.487565159797668457e+00,7.375500798225402832e-01,1.959282904863357544e-02,7.901043631136417389e-03,-8.701481819152832031e-01,4.923370778560638428e-01,5.046262522228062153e-04,1.203837804496288300e-02,-1.218048762530088425e-02,1.022727694362401962e-03,-2.603812329471111298e-02,-1.896716840565204620e-02,-8.846306242048740387e-03,-4.300960898399353027e-02,-4.602436907589435577e-03,1.059332047589123249e-03,-1.579142548143863678e-02,3.621030598878860474e-02,-1.364492718130350113e-02,-2.533592982217669487e-03,-6.633362919092178345e-02,7.006679475307464600e-02,3.619756996631622314e-01,-1.147887087427079678e-04,1.531534314155578613e+00,-2.027363982051610947e-03,1.045878604054450989e-02,5.255242343991994858e-03,6.235991790890693665e-02,-3.701854944229125977e-01,8.619250729680061340e-03,1.534203886985778809e+00,1.350292353890836239e-03,1.415037084370851517e-02,-9.202334913425147533e-04
-4.227937757968902588e-01,-1.487550735473632812e+00,7.375422716140747070e-01,1.923742890357971191e-02,7.978107780218124390e-03,-8.708139061927795410e-01,4.911714792251586914e-01,5.068003665655851364e-04,1.310568302869796753e-02,-9.605540893971920013e-03,3.391146427020430565e-03,-2.792243659496307373e-02,-1.916670426726341248e-02,-9.414312429726123810e-03,-4.190321266651153564e-02,-1.985333394259214401e-03,2.399316057562828064e-03,-1.615945808589458466e-02,3.599885478615760803e-02,-9.575349278748035431e-03,-2.121579600498080254e-03,-6.657175719738006592e-02,6.592061370611190796e-02,3.624295890331268311e-01,-2.337649464607238770e-03,1.540202617645263672e+00,-8.469005697406828403e-04,6.051551550626754761e-03,4.320976790040731430e-03,6.027000769972801208e-02,-3.697459101676940918e-01,7.727577351033687592e-03,1.542856574058532715e+00,1.230242312885820866e-03,8.192327804863452911e-03,-1.540440018288791180e-03
-4.227866232395172119e-01,-1.487537860870361328e+00,7.375407814979553223e-01,1.919607818126678467e-02,8.048568852245807648e-03,-8.711370825767517090e-01,4.905984997749328613e-01,5.142772570252418518e-04,1.354504190385341644e-02,-8.328220807015895844e-03,3.858855459839105606e-03,-2.839329838752746582e-02,-1.924938336014747620e-02,-9.814491495490074158e-03,-4.144685715436935425e-02,-6.968613597564399242e-04,2.636074787005782127e-03,-1.604398153722286224e-02,3.591145575046539307e-02,-7.353198248893022537e-03,-2.007723320275545120e-03,-6.657689809799194336e-02,6.271070986986160278e-02,3.626459240913391113e-01,-3.667529206722974777e-03,1.545709609985351562e+00,-4.722519079223275185e-04,2.604566514492034912e-03,3.841954050585627556e-03,5.845655873417854309e-02,-3.695501685142517090e-01,6.789750885218381882e-03,1.548256754875183105e+00,1.147807925008237362e-03,3.834879025816917419e-03,-1.873263390734791756e-03
-4.227809309959411621e-01,-1.487527608871459961e+00,7.375404238700866699e-01,1.918165571987628937e-02,8.077587932348251343e-03,-8.712986707687377930e-01,4.903115332126617432e-01,5.629233201034367085e-04,1.374525111168622971e-02,-7.685707882046699524e-03,3.969648387283086777e-03,-2.855009399354457855e-02,-1.928723603487014771e-02,-1.000323705375194550e-02,-4.123841598629951477e-02,-5.010210952605120838e-05,2.702231751754879951e-03,-1.594792306423187256e-02,3.587153926491737366e-02,-6.119504570960998535e-03,-1.980744069442152977e-03,-6.645604223012924194e-02,6.043479219079017639e-02,3.627581298351287842e-01,-4.511480219662189484e-03,1.549418807029724121e+00,-3.965319483540952206e-04,1.207892200909554958e-04,3.599549643695354462e-03,5.711569637060165405e-02,-3.694425523281097412e-01,6.085459142923355103e-03,1.551817417144775391e+00,1.043368130922317505e-03,8.198998402804136276e-04,-2.041679574176669121e-03
-4.227765202522277832e-01,-1.487519860267639160e+00,7.375403046607971191e-01,1.916338503360748291e-02,8.083649910986423492e-03,-8.713818788528442383e-01,4.901642799377441406e-01,6.262593669816851616e-04,1.384250074625015259e-02,-7.355096284300088882e-03,4.003045614808797836e-03,-2.861675433814525604e-02,-1.930565387010574341e-02,-1.007014792412519455e-02,-4.113698378205299377e-02,2.824664115905761719e-04,2.730489242821931839e-03,-1.589502394199371338e-02,3.585214540362358093e-02,-5.421351175755262375e-03,-1.979415072128176689e-03,-6.630484014749526978e-02,5.885565280914306641e-02,3.628190159797668457e-01,-5.055118817836046219e-03,1.551962256431579590e+00,-4.232844221405684948e-04,-1.628248719498515129e-03,3.477239282801747322e-03,5.615658685564994812e-02,-3.693792223930358887e-01,5.605684127658605576e-03,1.554209351539611816e+00,9.381485288031399250e-04,-1.232544076628983021e-03,-2.125822473317384720e-03
-4.227732121944427490e-01,-1.487514257431030273e+00,7.375403046607971191e-01,1.914368011057376862e-02,8.080285042524337769e-03,-8.714259862899780273e-01,4.900867342948913574e-01,6.870431825518608093e-04,1.389193814247846603e-02,-7.180565968155860901e-03,4.015191458165645599e-03,-2.864954434335231781e-02,-1.931500621140003204e-02,-1.008010748773813248e-02,-4.108536243438720703e-02,4.579394590109586716e-04,2.744297729805111885e-03,-1.586735248565673828e-02,3.584230691194534302e-02,-5.018705036491155624e-03,-1.984464470297098160e-03,-6.616582721471786499e-02,5.776705220341682434e-02,3.628525435924530029e-01,-5.404895171523094177e-03,1.553715944290161133e+00,-4.759330768138170242e-04,-2.850205637514591217e-03,3.415305633097887039e-03,5.547680705785751343e-02,-3.693411350250244141e-01,5.290525499731302261e-03,1.555828452110290527e+00,8.487449958920478821e-04,-2.622132189571857452e-03,-2.167901955544948578e-03
-4.227707982063293457e-01,-1.487510085105895996e+00,7.375403046607971191e-01,1.912587508559226990e-02,8.074115030467510223e-03,-8.714500069618225098e-01,4.900448024272918701e-01,7.382886833511292934e-04,1.391800958663225174e-02,-7.086003199219703674e-03,4.019888583570718765e-03,-2.866695448756217957e-02,-1.931992359459400177e-02,-1.006767712533473969e-02,-4.105811938643455505e-02,5.529503105208277702e-04,2.750973682850599289e-03,-1.585268788039684296e-02,3.583713993430137634e-02,-4.782354924827814102e-03,-1.989920390769839287e-03,-6.605222076177597046e-02,5.701834335923194885e-02,3.628710210323333740e-01,-5.629072431474924088e-03,1.554927110671997070e+00,-5.264675128273665905e-04,-3.701141336932778358e-03,3.383730072528123856e-03,5.499693751335144043e-02,-3.693180382251739502e-01,5.086693447083234787e-03,1.556928753852844238e+00,7.799403392709791660e-04,-3.561338409781455994e-03,-2.189068356528878212e-03
-4.227690696716308594e-01,-1.487507224082946777e+00,7.375403046607971191e-01,1.911129802465438843e-02,8.067918010056018829e-03,-8.714634776115417480e-01,4.900215566158294678e-01,7.786073838360607624e-04,1.393220573663711548e-02,-7.033464498817920685e-03,4.021564964205026627e-03,-2.867661230266094208e-02,-1.932258531451225281e-02,-1.004904601722955704e-02,-4.104328900575637817e-02,6.056926213204860687e-04,2.754024695605039597e-03,-1.584471575915813446e-02,3.583434596657752991e-02,-4.641407169401645660e-03,-1.994238933548331261e-03,-6.596472859382629395e-02,5.650389194488525391e-02,3.628811538219451904e-01,-5.772323347628116608e-03,1.555763959884643555e+00,-5.667154327966272831e-04,-4.292720463126897812e-03,3.367494791746139526e-03,5.465919151902198792e-02,-3.693040013313293457e-01,4.955792799592018127e-03,1.557678222656250000e+00,7.300668512471020222e-04,-4.196058493107557297e-03,-2.199793467298150063e-03
-4.227678179740905762e-01,-1.487505197525024414e+00,7.375403046607971191e-01,1.910002343356609344e-02,8.062659762799739838e-03,-8.714711666107177734e-01,4.900083541870117188e-01,8.090400369837880135e-04,1.394015830010175705e-02,-7.003583945333957672e-03,4.021973349153995514e-03,-2.868213690817356110e-02,-1.932406611740589142e-02,-1.003098208457231522e-02,-4.103497788310050964e-02,6.356586236506700516e-04,2.755292691290378571e-03,-1.584027335047721863e-02,3.583279252052307129e-02,-4.556180443614721298e-03,-1.997297164052724838e-03,-6.589961796998977661e-02,5.615055933594703674e-02,3.628866672515869141e-01,-5.863717291504144669e-03,1.556341886520385742e+00,-5.961253773421049118e-04,-4.703550133854150772e-03,3.359068650752305984e-03,5.442211776971817017e-02,-3.692954182624816895e-01,4.871990997344255447e-03,1.558189630508422852e+00,6.952660623937845230e-04,-4.625275731086730957e-03,-2.205267082899808884e-03
-4.227669537067413330e-01,-1.487503647804260254e+00,7.375403046607971191e-01,1.909160241484642029e-02,8.058531209826469421e-03,-8.714756965637207031e-01,4.900007247924804688e-01,8.314045262522995472e-04,1.394472923129796982e-02,-6.986227352172136307e-03,4.021879751235246658e-03,-2.868537418544292450e-02,-1.932490989565849304e-02,-1.001581363379955292e-02,-4.103020578622817993e-02,6.530455430038273335e-04,2.755725057795643806e-03,-1.583774387836456299e-02,3.583190962672233582e-02,-4.504027776420116425e-03,-1.999350497499108315e-03,-6.585220992565155029e-02,5.590793490409851074e-02,3.628896176815032959e-01,-5.922005511820316315e-03,1.556741118431091309e+00,-6.165972445160150528e-04,-4.988619592040777206e-03,3.354651853442192078e-03,5.425612628459930420e-02,-3.692901432514190674e-01,4.818397108465433121e-03,1.558539032936096191e+00,6.715837516821920872e-04,-4.915816709399223328e-03,-2.208077814429998398e-03
-4.227663278579711914e-01,-1.487502694129943848e+00,7.375403642654418945e-01,1.908545754849910736e-02,8.055426180362701416e-03,-8.714783787727355957e-01,4.899962246417999268e-01,8.475452777929604053e-04,1.394741423428058624e-02,-6.975956261157989502e-03,4.021623637527227402e-03,-2.868731133639812469e-02,-1.932540163397789001e-02,-1.000393554568290710e-02,-4.102740436792373657e-02,6.633224547840654850e-04,2.755791181698441505e-03,-1.583627611398696899e-02,3.583139553666114807e-02,-4.471786320209503174e-03,-2.000691136345267296e-03,-6.581819802522659302e-02,5.574134364724159241e-02,3.628911972045898438e-01,-5.959199275821447372e-03,1.557016730308532715e+00,-6.304230191744863987e-04,-5.186284426599740982e-03,3.352312371134757996e-03,5.414018034934997559e-02,-3.692868649959564209e-01,4.784116055816411972e-03,1.558778047561645508e+00,6.557368324138224125e-04,-5.112717393785715103e-03,-2.209528349339962006e-03
-4.227658808231353760e-01,-1.487501978874206543e+00,7.375403642654418945e-01,1.908103935420513153e-02,8.053150959312915802e-03,-8.714800477027893066e-01,4.899935126304626465e-01,8.590479847043752670e-04,1.394902169704437256e-02,-6.969780195504426956e-03,4.021348431706428528e-03,-2.868849039077758789e-02,-1.932569220662117004e-02,-9.994998574256896973e-03,-4.102572798728942871e-02,6.694950861856341362e-04,2.755715046077966690e-03,-1.583541184663772583e-02,3.583109378814697266e-02,-4.451679997146129608e-03,-2.001553308218717575e-03,-6.579403579235076904e-02,5.562696233391761780e-02,3.628920018672943115e-01,-5.982962436974048615e-03,1.557206869125366211e+00,-6.395764648914337158e-04,-5.323255900293588638e-03,3.351059043779969215e-03,5.405936390161514282e-02,-3.692848086357116699e-01,4.762168042361736298e-03,1.558941483497619629e+00,6.452529341913759708e-04,-5.246322136372327805e-03,-2.210279228165745735e-03
-4.227655827999114990e-01,-1.487501502037048340e+00,7.375403642654418945e-01,1.907789893448352814e-02,8.051511831581592560e-03,-8.714810013771057129e-01,4.899918735027313232e-01,8.671715040691196918e-04,1.395000051707029343e-02,-6.966014858335256577e-03,4.021107684820890427e-03,-2.868921868503093719e-02,-1.932586729526519775e-02,-9.988441132009029388e-03,-4.102470725774765015e-02,6.732534966431558132e-04,2.755598863586783409e-03,-1.583489775657653809e-02,3.583091124892234802e-02,-4.439046606421470642e-03,-2.002103952690958977e-03,-6.577701121568679810e-02,5.554842576384544373e-02,3.628924190998077393e-01,-5.998170934617519379e-03,1.557338118553161621e+00,-6.455556140281260014e-04,-5.418114364147186279e-03,3.350379643961787224e-03,5.400313809514045715e-02,-3.692835271358489990e-01,4.748095292598009109e-03,1.559053421020507812e+00,6.383697618730366230e-04,-5.337087437510490417e-03,-2.210668288171291351e-03
-4.227653741836547852e-01,-1.487501144409179688e+00,7.375403642654418945e-01,1.907568424940109253e-02,8.050345815718173981e-03,-8.714816570281982422e-01,4.899908602237701416e-01,8.728707325644791126e-04,1.395060308277606964e-02,-6.963692605495452881e-03,4.020914901047945023e-03,-2.868967317044734955e-02,-1.932597532868385315e-02,-9.983708150684833527e-03,-4.102408140897750854e-02,6.755685899406671524e-04,2.755485009402036667e-03,-1.583458669483661652e-02,3.583079949021339417e-02,-4.431056790053844452e-03,-2.002454828470945358e-03,-6.576507538557052612e-02,5.549449846148490906e-02,3.628926277160644531e-01,-6.007925141602754593e-03,1.557428598403930664e+00,-6.494257249869406223e-04,-5.483772139996290207e-03,3.350006649270653725e-03,5.396408215165138245e-02,-3.692827224731445312e-01,4.739055410027503967e-03,1.559130191802978516e+00,6.338728708215057850e-04,-5.398821085691452026e-03,-2.210869686678051949e-03
-4.227652251720428467e-01,-1.487500905990600586e+00,7.375403642654418945e-01,1.907413266599178314e-02,8.049521595239639282e-03,-8.714820742607116699e-01,4.899902343750000000e-01,8.768495172262191772e-04,1.395097933709621429e-02,-6.962246727198362350e-03,4.020768217742443085e-03,-2.868996001780033112e-02,-1.932604052126407623e-02,-9.980332106351852417e-03,-4.102369025349617004e-02,6.770085892640054226e-04,2.755388617515563965e-03,-1.583439856767654419e-02,3.583072870969772339e-02,-4.425975028425455093e-03,-2.002678578719496727e-03,-6.575674563646316528e-02,5.545746535062789917e-02,3.628927171230316162e-01,-6.014196667820215225e-03,1.557491064071655273e+00,-6.519152084365487099e-04,-5.529195070266723633e-03,3.349798731505870819e-03,5.393699556589126587e-02,-3.692821860313415527e-01,4.733235575258731842e-03,1.559182643890380859e+00,6.309438031166791916e-04,-5.440853536128997803e-03,-2.210973761975765228e-03
-4.227651357650756836e-01,-1.487500786781311035e+00,7.375403642654418945e-01,1.907304860651493073e-02,8.048943243920803070e-03,-8.714823126792907715e-01,4.899898171424865723e-01,8.796170586720108986e-04,1.395121589303016663e-02,-6.961338687688112259e-03,4.020660184323787689e-03,-2.869014255702495575e-02,-1.932608149945735931e-02,-9.977943263947963715e-03,-4.102344438433647156e-02,6.779117393307387829e-04,2.755312481895089149e-03,-1.583428308367729187e-02,3.583068773150444031e-02,-4.422725643962621689e-03,-2.002821769565343857e-03,-6.575094163417816162e-02,5.543202906847000122e-02,3.628927469253540039e-01,-6.018240004777908325e-03,1.557534098625183105e+00,-6.535102147608995438e-04,-5.560605321079492569e-03,3.349681152030825615e-03,5.391822755336761475e-02,-3.692818582057952881e-01,4.729480016976594925e-03,1.559218764305114746e+00,6.290388409979641438e-04,-5.469501018524169922e-03,-2.211027080193161964e-03
-4.227650761604309082e-01,-1.487500667572021484e+00,7.375403642654418945e-01,1.907229423522949219e-02,8.048539049923419952e-03,-8.714824914932250977e-01,4.899895787239074707e-01,8.815367473289370537e-04,1.395136583596467972e-02,-6.960764527320861816e-03,4.020581487566232681e-03,-2.869025990366935730e-02,-1.932610757648944855e-02,-9.976263158023357391e-03,-4.102328792214393616e-02,6.784822326153516769e-04,2.755254739895462990e-03,-1.583421044051647186e-02,3.583066165447235107e-02,-4.420638550072908401e-03,-2.002913970500230789e-03,-6.574691832065582275e-02,5.541456118226051331e-02,3.628927469253540039e-01,-6.020854227244853973e-03,1.557563781738281250e+00,-6.545296637341380119e-04,-5.582315847277641296e-03,3.349613398313522339e-03,5.390524491667747498e-02,-3.692816495895385742e-01,4.727050196379423141e-03,1.559243440628051758e+00,6.278004730120301247e-04,-5.489042960107326508e-03,-2.211054088547825813e-03
-4.227650165557861328e-01,-1.487500548362731934e+00,7.375403642654418945e-01,1.907177083194255829e-02,8.048257790505886078e-03,-8.714825510978698730e-01,4.899894297122955322e-01,8.828655118122696877e-04,1.395146176218986511e-02,-6.960398983210325241e-03,4.020525608211755753e-03,-2.869033627212047577e-02,-1.932612434029579163e-02,-9.975086897611618042e-03,-4.102319106459617615e-02,6.788448081351816654e-04,2.755212364718317986e-03,-1.583416759967803955e-02,3.583064302802085876e-02,-4.419292323291301727e-03,-2.002973575145006180e-03,-6.574413180351257324e-02,5.540255829691886902e-02,3.628927469253540039e-01,-6.022549699991941452e-03,1.557584285736083984e+00,-6.551804835908114910e-04,-5.597316659986972809e-03,3.349573817104101181e-03,5.389626696705818176e-02,-3.692815005779266357e-01,4.725473932921886444e-03,1.559260368347167969e+00,6.269951700232923031e-04,-5.502384621649980545e-03,-2.211067592725157738e-03
-4.227649867534637451e-01,-1.487500548362731934e+00,7.375403642654418945e-01,1.907140761613845825e-02,8.048062212765216827e-03,-8.714826107025146484e-01,4.899893105030059814e-01,8.837837376631796360e-04,1.395152322947978973e-02,-6.960165221244096756e-03,4.020486027002334595e-03,-2.869038470089435577e-02,-1.932613551616668701e-02,-9.974265471100807190e-03,-4.102312773466110229e-02,6.790764746256172657e-04,2.755181631073355675e-03,-1.583413966000080109e-02,3.583063185214996338e-02,-4.418420139700174332e-03,-2.003012225031852722e-03,-6.574220210313796997e-02,5.539431422948837280e-02,3.628927469253540039e-01,-6.023652385920286179e-03,1.557598352432250977e+00,-6.555958534590899944e-04,-5.607677623629570007e-03,3.349550301209092140e-03,5.389006435871124268e-02,-3.692814111709594727e-01,4.724448546767234802e-03,1.559272050857543945e+00,6.264708936214447021e-04,-5.511499475687742233e-03,-2.211074111983180046e-03
-4.227649569511413574e-01,-1.487500429153442383e+00,7.375403642654418945e-01,1.907115615904331207e-02,8.047926239669322968e-03,-8.714826703071594238e-01,4.899892508983612061e-01,8.844175026752054691e-04,1.395156234502792358e-02,-6.960015278309583664e-03,4.020458087325096130e-03,-2.869041636586189270e-02,-1.932614110410213470e-02,-9.973694570362567902e-03,-4.102308675646781921e-02,6.792252534069120884e-04,2.755159512162208557e-03,-1.583412289619445801e-02,3.583062812685966492e-02,-4.417852964252233505e-03,-2.003037370741367340e-03,-6.574086099863052368e-02,5.538865178823471069e-02,3.628927469253540039e-01,-6.024371832609176636e-03,1.557608127593994141e+00,-6.558611639775335789e-04,-5.614831112325191498e-03,3.349535865709185600e-03,5.388578027486801147e-02,-3.692813217639923096e-01,4.723779391497373581e-03,1.559279918670654297e+00,6.261291564442217350e-04,-5.517730955034494400e-03,-2.211077371612191200e-03
-4.227649569511413574e-01,-1.487500429153442383e+00,7.375403642654418945e-01,1.907098293304443359e-02,8.047832176089286804e-03,-8.714827299118041992e-01,4.899892210960388184e-01,8.848545257933437824e-04,1.395158842206001282e-02,-6.959917955100536346e-03,4.020438529551029205e-03,-2.869043871760368347e-02,-1.932614669203758240e-02,-9.973298758268356323e-03,-4.102306067943572998e-02,6.793212378397583961e-04,2.755143912509083748e-03,-1.583411172032356262e-02,3.583062067627906799e-02,-4.417482297867536545e-03,-2.003053901717066765e-03,-6.573994457721710205e-02,5.538475885987281799e-02,3.628927469253540039e-01,-6.024843081831932068e-03,1.557614803314208984e+00,-6.560307811014354229e-04,-5.619769450277090073e-03,3.349527018144726753e-03,5.388282611966133118e-02,-3.692812919616699219e-01,4.723341669887304306e-03,1.559285402297973633e+00,6.259059300646185875e-04,-5.521993618458509445e-03,-2.211078768596053123e-03
-4.227649271488189697e-01,-1.487500429153442383e+00,7.375403642654418945e-01,1.907086372375488281e-02,8.047766983509063721e-03,-8.714827299118041992e-01,4.899891912937164307e-01,8.851556340232491493e-04,1.395160425454378128e-02,-6.959855090826749802e-03,4.020425025373697281e-03,-2.869045175611972809e-02,-1.932614855468273163e-02,-9.973024018108844757e-03,-4.102304205298423767e-02,6.793834036216139793e-04,2.755132736638188362e-03,-1.583410426974296570e-02,3.583062067627906799e-02,-4.417240153998136520e-03,-2.003065077587962151e-03,-6.573931127786636353e-02,5.538208410143852234e-02,3.628927469253540039e-01,-6.025152746587991714e-03,1.557619452476501465e+00,-6.561393965966999531e-04,-5.623176693916320801e-03,3.349521430209279060e-03,5.388078838586807251e-02,-3.692812621593475342e-01,4.723053891211748123e-03,1.559289216995239258e+00,6.257597706280648708e-04,-5.524910520762205124e-03,-2.211079234257340431e-03
-4.227649271488189697e-01,-1.487500429153442383e+00,7.375403642654418945e-01,1.907078176736831665e-02,8.047722280025482178e-03,-8.714827299118041992e-01,4.899891614913940430e-01,8.853629697114229202e-04,1.395161543041467667e-02,-6.959814112633466721e-03,4.020415712147951126e-03,-2.869046106934547424e-02,-1.932615041732788086e-02,-9.972834028303623199e-03,-4.102303087711334229e-02,6.794238579459488392e-04,2.755125053226947784e-03,-1.583410054445266724e-02,3.583061695098876953e-02,-4.417080432176589966e-03,-2.003072295337915421e-03,-6.573887169361114502e-02,5.538024380803108215e-02,3.628927171230316162e-01,-6.025356706231832504e-03,1.557622551918029785e+00,-6.562091293744742870e-04,-5.625527352094650269e-03,3.349517704918980598e-03,5.387938395142555237e-02,-3.692812323570251465e-01,4.722864832729101181e-03,1.559291839599609375e+00,6.256639026105403900e-04,-5.526908207684755325e-03,-2.211079467087984085e-03
-4.227649271488189697e-01,-1.487500429153442383e+00,7.375403642654418945e-01,1.907072402536869049e-02,8.047691546380519867e-03,-8.714827299118041992e-01,4.899891614913940430e-01,8.855057531036436558e-04,1.395162288099527359e-02,-6.959787569940090179e-03,4.020409192889928818e-03,-2.869046665728092194e-02,-1.932615227997303009e-02,-9.972701780498027802e-03,-4.102302342653274536e-02,6.794502260163426399e-04,2.755119698122143745e-03,-1.583409868180751801e-02,3.583061695098876953e-02,-4.416975192725658417e-03,-2.003077184781432152e-03,-6.573856621980667114e-02,5.537898093461990356e-02,3.628927171230316162e-01,-6.025491748005151749e-03,1.557624816894531250e+00,-6.562539492733776569e-04,-5.627148784697055817e-03,3.349515376612544060e-03,5.387841537594795227e-02,-3.692812323570251465e-01,4.722739569842815399e-03,1.559293508529663086e+00,6.256008055061101913e-04,-5.528276320546865463e-03,-2.211079467087984085e-03
-4.227649271488189697e-01,-1.487500429153442383e+00,7.375403642654418945e-01,1.907068490982055664e-02,8.047670125961303711e-03,-8.714827299118041992e-01,4.899891614913940430e-01,8.856039494276046753e-04,1.395162753760814667e-02,-6.959769874811172485e-03,4.020404536277055740e-03,-2.869047038257122040e-02,-1.932615227997303009e-02,-9.972611442208290100e-03,-4.102301970124244690e-02,6.794675136916339397e-04,2.755115972831845284e-03,-1.583409681916236877e-02,3.583061695098876953e-02,-4.416905809193849564e-03,-2.003080444410443306e-03,-6.573835760354995728e-02,5.537811294198036194e-02,3.628927171230316162e-01,-6.025581154972314835e-03,1.557626247406005859e+00,-6.562828784808516502e-04,-5.628267303109169006e-03,3.349513979628682137e-03,5.387775227427482605e-02,-3.692812323570251465e-01,4.722656682133674622e-03,1.559294819831848145e+00,6.255592452362179756e-04,-5.529213696718215942e-03,-2.211079234257340431e-03
-4.227649271488189697e-01,-1.487500429153442383e+00,7.375403642654418945e-01,1.907065883278846741e-02,8.047655224800109863e-03,-8.714827299118041992e-01,4.899891316890716553e-01,8.856715285219252110e-04,1.395163033157587051e-02,-6.959758233278989792e-03,4.020401742309331894e-03,-2.869047410786151886e-02,-1.932615227997303009e-02,-9.972548112273216248e-03,-4.102301597595214844e-02,6.794789223931729794e-04,2.755113178864121437e-03,-1.583409495651721954e-02,3.583061322569847107e-02,-4.416859708726406097e-03,-2.003082539886236191e-03,-6.573821604251861572e-02,5.537751317024230957e-02,3.628927171230316162e-01,-6.025640293955802917e-03,1.557627320289611816e+00,-6.563016213476657867e-04,-5.629037972539663315e-03,3.349512815475463867e-03,5.387729033827781677e-02,-3.692812323570251465e-01,4.722601734101772308e-03,1.559295654296875000e+00,6.255317712202668190e-04,-5.529856309294700623e-03,-2.211079234257340431e-03
-4.227649271488189697e-01,-1.487500429153442383e+00,7.375403642654418945e-01,1.907064020633697510e-02,8.047644980251789093e-03,-8.714827299118041992e-01,4.899891316890716553e-01,8.857179782353341579e-04,1.395163219422101974e-02,-6.959750782698392868e-03,4.020399414002895355e-03,-2.869047597050666809e-02,-1.932615414261817932e-02,-9.972505271434783936e-03,-4.102301225066184998e-02,6.794864311814308167e-04,2.755111549049615860e-03,-1.583409495651721954e-02,3.583061322569847107e-02,-4.416828509420156479e-03,-2.003083936870098114e-03,-6.573811918497085571e-02,5.537710338830947876e-02,3.628927171230316162e-01,-6.025679875165224075e-03,1.557628035545349121e+00,-6.563137285411357880e-04,-5.629569292068481445e-03,3.349512349814176559e-03,5.387697368860244751e-02,-3.692812025547027588e-01,4.722564946860074997e-03,1.559296131134033203e+00,6.255134940147399902e-04,-5.530296824872493744e-03,-2.211079234257340431e-03
-4.227649271488189697e-01,-1.487500429153442383e+00,7.375403642654418945e-01,1.907062716782093048e-02,8.047638460993766785e-03,-8.714827299118041992e-01,4.899891316890716553e-01,8.857499924488365650e-04,1.395163405686616898e-02,-6.959745660424232483e-03,4.020398017019033432e-03,-2.869047597050666809e-02,-1.932615414261817932e-02,-9.972475469112396240e-03,-4.102301225066184998e-02,6.794913788326084614e-04,2.755110152065753937e-03,-1.583409495651721954e-02,3.583061322569847107e-02,-4.416808020323514938e-03,-2.003085101023316383e-03,-6.573805212974548340e-02,5.537682026624679565e-02,3.628927171230316162e-01,-6.025706417858600616e-03,1.557628512382507324e+00,-6.563216447830200195e-04,-5.629935767501592636e-03,3.349511884152889252e-03,5.387675762176513672e-02,-3.692812025547027588e-01,4.722540732473134995e-03,1.559296607971191406e+00,6.255013868212699890e-04,-5.530599039047956467e-03,-2.211079001426696777e-03
-4.227649271488189697e-01,-1.487500429153442383e+00,7.375403642654418945e-01,1.907061785459518433e-02,8.047633804380893707e-03,-8.714827299118041992e-01,4.899891316890716553e-01,8.857719367370009422e-04,1.395163498818874359e-02,-6.959742400795221329e-03,4.020397085696458817e-03,-2.869047783315181732e-02,-1.932615414261817932e-02,-9.972454980015754700e-03,-4.102301225066184998e-02,6.794946384616196156e-04,2.755109220743179321e-03,-1.583409309387207031e-02,3.583061322569847107e-02,-4.416794516146183014e-03,-2.003085799515247345e-03,-6.573800742626190186e-02,5.537662655115127563e-02,3.628927171230316162e-01,-6.025724578648805618e-03,1.557628870010375977e+00,-6.563268252648413181e-04,-5.630188155919313431e-03,3.349511418491601944e-03,5.387660861015319824e-02,-3.692812025547027588e-01,4.722524434328079224e-03,1.559296846389770508e+00,6.254932959564030170e-04,-5.530806258320808411e-03,-2.211079001426696777e-03
-4.227649271488189697e-01,-1.487500429153442383e+00,7.375403642654418945e-01,1.907061226665973663e-02,8.047630079090595245e-03,-8.714827299118041992e-01,4.899891316890716553e-01,8.857870707288384438e-04,1.395163498818874359e-02,-6.959740072488784790e-03,4.020396154373884201e-03,-2.869047783315181732e-02,-1.932615414261817932e-02,-9.972441010177135468e-03,-4.102301225066184998e-02,6.794968503527343273e-04,2.755108755081892014e-03,-1.583409309387207031e-02,3.583061322569847107e-02,-4.416785202920436859e-03,-2.003086032345890999e-03,-6.573797017335891724e-02,5.537649244070053101e-02,3.628927171230316162e-01,-6.025736220180988312e-03,1.557629108428955078e+00,-6.563302013091742992e-04,-5.630361847579479218e-03,3.349511185660958290e-03,5.387650430202484131e-02,-3.692812025547027588e-01,4.722513258457183838e-03,1.559297084808349609e+00,6.254879408515989780e-04,-5.530948750674724579e-03,-2.211079001426696777e-03
-4.227649271488189697e-01,-1.487500429153442383e+00,7.375403642654418945e-01,1.907060854136943817e-02,8.047628216445446014e-03,-8.714827299118041992e-01,4.899891316890716553e-01,8.857974899001419544e-04,1.395163591951131821e-02,-6.959738675504922867e-03,4.020395688712596893e-03,-2.869047783315181732e-02,-1.932615414261817932e-02,-9.972430765628814697e-03,-4.102301225066184998e-02,6.794983055442571640e-04,2.755108289420604706e-03,-1.583409309387207031e-02,3.583061322569847107e-02,-4.416779149323701859e-03,-2.003086498007178307e-03,-6.573794782161712646e-02,5.537640303373336792e-02,3.628927171230316162e-01,-6.025744602084159851e-03,1.557629227638244629e+00,-6.563324714079499245e-04,-5.630481988191604614e-03,3.349511185660958290e-03,5.387643352150917053e-02,-3.692812025547027588e-01,4.722505807876586914e-03,1.559297204017639160e+00,6.254843319766223431e-04,-5.531046073883771896e-03,-2.211079001426696777e-03
-4.227648973464965820e-01,-1.487500429153442383e+00,7.375403642654418945e-01,1.907060481607913971e-02,8.047626353800296783e-03,-8.714827299118041992e-01,4.899891316890716553e-01,8.858045912347733974e-04,1.395163591951131821e-02,-6.959737744182348251e-03,4.020395223051309586e-03,-2.869047783315181732e-02,-1.932615414261817932e-02,-9.972424246370792389e-03,-4.102300852537155151e-02,6.794992950744926929e-04,2.755108056589961052e-03,-1.583409309387207031e-02,3.583061322569847107e-02,-4.416774958372116089e-03,-2.003086730837821960e-03,-6.573793292045593262e-02,5.537633970379829407e-02,3.628927171230316162e-01,-6.025749724358320236e-03,1.557629346847534180e+00,-6.563339265994727612e-04,-5.630564410239458084e-03,3.349510952830314636e-03,5.387638509273529053e-02,-3.692812025547027588e-01,4.722500685602426529e-03,1.559297204017639160e+00,6.254818872548639774e-04,-5.531113129109144211e-03,-2.211079001426696777e-03
-4.227648973464965820e-01,-1.487500429153442383e+00,7.375403642654418945e-01,1.907060295343399048e-02,8.047625422477722168e-03,-8.714827299118041992e-01,4.899891316890716553e-01,8.858095388859510422e-04,1.395163591951131821e-02,-6.959736812859773636e-03,4.020395223051309586e-03,-2.869047783315181732e-02,-1.932615414261817932e-02,-9.972419589757919312e-03,-4.102300852537155151e-02,6.794999353587627411e-04,2.755107823759317398e-03,-1.583409309387207031e-02,3.583061322569847107e-02,-4.416772164404392242e-03,-2.003086730837821960e-03,-6.573792546987533569e-02,5.537629500031471252e-02,3.628927171230316162e-01,-6.025753449648618698e-03,1.557629466056823730e+00,-6.563348579220473766e-04,-5.630621220916509628e-03,3.349510952830314636e-03,5.387635156512260437e-02,-3.692812025547027588e-01,4.722497425973415375e-03,1.559297323226928711e+00,6.254802574403584003e-04,-5.531159229576587677e-03,-2.211079001426696777e-03
-4.227648973464965820e-01,-1.487500429153442383e+00,7.375403642654418945e-01,1.907060109078884125e-02,8.047624491155147552e-03,-8.714827299118041992e-01,4.899891316890716553e-01,8.858129149302840233e-04,1.395163591951131821e-02,-6.959736812859773636e-03,4.020395223051309586e-03,-2.869047969579696655e-02,-1.932615414261817932e-02,-9.972416795790195465e-03,-4.102300852537155151e-02,6.795004010200500488e-04,2.755107590928673744e-03,-1.583409309387207031e-02,3.583061322569847107e-02,-4.416769836097955704e-03,-2.003086963668465614e-03,-6.573791801929473877e-02,5.537626519799232483e-02,3.628927171230316162e-01,-6.025756243616342545e-03,1.557629466056823730e+00,-6.563355564139783382e-04,-5.630660336464643478e-03,3.349510952830314636e-03,5.387632921338081360e-02,-3.692812025547027588e-01,4.722495097666978836e-03,1.559297323226928711e+00,6.254791514948010445e-04,-5.531190894544124603e-03,-2.211079001426696777e-03
-4.227648973464965820e-01,-1.487500429153442383e+00,7.375403642654418945e-01,1.907060109078884125e-02,8.047624491155147552e-03,-8.714827299118041992e-01,4.899891316890716553e-01,8.858152432367205620e-04,1.395163591951131821e-02,-6.959736347198486328e-03,4.020394757390022278e-03,-2.869047969579696655e-02,-1.932615414261817932e-02,-9.972414001822471619e-03,-4.102300852537155151e-02,6.795006920583546162e-04,2.755107590928673744e-03,-1.583409309387207031e-02,3.583061322569847107e-02,-4.416768904775381088e-03,-2.003086963668465614e-03,-6.573791056871414185e-02,5.537624657154083252e-02,3.628927171230316162e-01,-6.025757640600204468e-03,1.557629466056823730e+00,-6.563359638676047325e-04,-5.630687344819307327e-03,3.349510952830314636e-03,5.387631431221961975e-02,-3.692812025547027588e-01,4.722493700683116913e-03,1.559297323226928711e+00,6.254783947952091694e-04,-5.531212314963340759e-03,-2.211079001426696777e-03
-4.227648973464965820e-01,-1.487500429153442383e+00,7.375403642654418945e-01,1.907059922814369202e-02,8.047623559832572937e-03,-8.714827299118041992e-01,4.899891316890716553e-01,8.858168148435652256e-04,1.395163685083389282e-02,-6.959735881537199020e-03,4.020394757390022278e-03,-2.869047969579696655e-02,-1.932615414261817932e-02,-9.972413070499897003e-03,-4.102300852537155151e-02,6.795009248889982700e-04,2.755107590928673744e-03,-1.583409309387207031e-02,3.583061322569847107e-02,-4.416767973452806473e-03,-2.003086963668465614e-03,-6.573791056871414185e-02,5.537623167037963867e-02,3.628927171230316162e-01,-6.025759037584066391e-03,1.557629585266113281e+00,-6.563362549059092999e-04,-5.630705971270799637e-03,3.349510952830314636e-03,5.387630313634872437e-02,-3.692812025547027588e-01,4.722492303699254990e-03,1.559297442436218262e+00,6.254779291339218616e-04,-5.531227216124534607e-03,-2.211079001426696777e-03
-4.227648973464965820e-01,-1.487500429153442383e+00,7.375403642654418945e-01,1.907059922814369202e-02,8.047623559832572937e-03,-8.714827299118041992e-01,4.899891316890716553e-01,8.858179207891225815e-04,1.395163685083389282e-02,-6.959735881537199020e-03,4.020394757390022278e-03,-2.869047969579696655e-02,-1.932615414261817932e-02,-9.972411207854747772e-03,-4.102300852537155151e-02,6.795010413043200970e-04,2.755107358098030090e-03,-1.583409309387207031e-02,3.583061322569847107e-02,-4.416767042130231857e-03,-2.003086963668465614e-03,-6.573790311813354492e-02,5.537622049450874329e-02,3.628927171230316162e-01,-6.025759503245353699e-03,1.557629585266113281e+00,-6.563364295288920403e-04,-5.630718544125556946e-03,3.349510952830314636e-03,5.387629568576812744e-02,-3.692812025547027588e-01,4.722491838037967682e-03,1.559297442436218262e+00,6.254775798879563808e-04,-5.531237460672855377e-03,-2.211079001426696777e-03
-4.227648973464965820e-01,-1.487500429153442383e+00,7.375403642654418945e-01,1.907059922814369202e-02,8.047623559832572937e-03,-8.714827299118041992e-01,4.899891316890716553e-01,8.858186774887144566e-04,1.395163685083389282e-02,-6.959735881537199020e-03,4.020394757390022278e-03,-2.869047969579696655e-02,-1.932615414261817932e-02,-9.972411207854747772e-03,-4.102300852537155151e-02,6.795011577196419239e-04,2.755107358098030090e-03,-1.583409309387207031e-02,3.583061322569847107e-02,-4.416767042130231857e-03,-2.003087196499109268e-03,-6.573790311813354492e-02,5.537621304392814636e-02,3.628927171230316162e-01,-6.025760434567928314e-03,1.557629585266113281e+00,-6.563365459442138672e-04,-5.630727391690015793e-03,3.349510952830314636e-03,5.387628823518753052e-02,-3.692812025547027588e-01,4.722491372376680374e-03,1.559297442436218262e+00,6.254773470573127270e-04,-5.531244445592164993e-03,-2.211079001426696777e-03
-4.227648973464965820e-01,-1.487500429153442383e+00,7.375403642654418945e-01,1.907059922814369202e-02,8.047623559832572937e-03,-8.714827299118041992e-01,4.899891316890716553e-01,8.858192013576626778e-04,1.395163685083389282e-02,-6.959735881537199020e-03,4.020394757390022278e-03,-2.869047969579696655e-02,-1.932615414261817932e-02,-9.972410276532173157e-03,-4.102300852537155151e-02,6.795012159273028374e-04,2.755107358098030090e-03,-1.583409309387207031e-02,3.583061322569847107e-02,-4.416766576468944550e-03,-2.003087196499109268e-03,-6.573790311813354492e-02,5.537620931863784790e-02,3.628927171230316162e-01,-6.025760434567928314e-03,1.557629585266113281e+00,-6.563366623595356941e-04,-5.630733445286750793e-03,3.349510719999670982e-03,5.387628450989723206e-02,-3.692812025547027588e-01,4.722490906715393066e-03,1.559297442436218262e+00,6.254771724343299866e-04,-5.531249102205038071e-03,-2.211079001426696777e-03
-4.227648973464965820e-01,-1.487500429153442383e+00,7.375403642654418945e-01,1.907059922814369202e-02,8.047622628509998322e-03,-8.714827299118041992e-01,4.899891316890716553e-01,8.858195506036281586e-04,1.395163685083389282e-02,-6.959735881537199020e-03,4.020394757390022278e-03,-2.869047969579696655e-02,-1.932615414261817932e-02,-9.972410276532173157e-03,-4.102300852537155151e-02,6.795012159273028374e-04,2.755107358098030090e-03,-1.583409309387207031e-02,3.583061322569847107e-02,-4.416766576468944550e-03,-2.003087196499109268e-03,-6.573790311813354492e-02,5.537620559334754944e-02,3.628927171230316162e-01,-6.025760900229215622e-03,1.557629585266113281e+00,-6.563367205671966076e-04,-5.630737636238336563e-03,3.349510719999670982e-03,5.387628450989723206e-02,-3.692812025547027588e-01,4.722490906715393066e-03,1.559297442436218262e+00,6.254770560190081596e-04,-5.531252361834049225e-03,-2.211079001426696777e-03
-4.227648973464965820e-01,-1.487500429153442383e+00,7.375403642654418945e-01,1.907059922814369202e-02,8.047622628509998322e-03,-8.714827299118041992e-01,4.899891316890716553e-01,8.858197834342718124e-04,1.395163685083389282e-02,-6.959735881537199020e-03,4.020394757390022278e-03,-2.869047969579696655e-02,-1.932615414261817932e-02,-9.972409345209598541e-03,-4.102300852537155151e-02,6.795012741349637508e-04,2.755107358098030090e-03,-1.583409309387207031e-02,3.583061322569847107e-02,-4.416766110807657242e-03,-2.003087196499109268e-03,-6.573790311813354492e-02,5.537620559334754944e-02,3.628927171230316162e-01,-6.025760900229215622e-03,1.557629585266113281e+00,-6.563367787748575211e-04,-5.630740430206060410e-03,3.349510719999670982e-03,5.387628078460693359e-02,-3.692812025547027588e-01,4.722490441054105759e-03,1.559297442436218262e+00,6.254769978113472462e-04,-5.531254690140485764e-03,-2.211079001426696777e-03
-4.227648973464965820e-01,-1.487500429153442383e+00,7.375403642654418945e-01,1.907059922814369202e-02,8.047622628509998322e-03,-8.714827299118041992e-01,4.899891316890716553e-01,8.858199580572545528e-04,1.395163685083389282e-02,-6.959735881537199020e-03,4.020394757390022278e-03,-2.869047969579696655e-02,-1.932615414261817932e-02,-9.972409345209598541e-03,-4.102300852537155151e-02,6.795012741349637508e-04,2.755107358098030090e-03,-1.583409309387207031e-02,3.583061322569847107e-02,-4.416766110807657242e-03,-2.003087196499109268e-03,-6.573790311813354492e-02,5.537620186805725098e-02,3.628927171230316162e-01,-6.025760900229215622e-03,1.557629585266113281e+00,-6.563367787748575211e-04,-5.630742758512496948e-03,3.349510719999670982e-03,5.387628078460693359e-02,-3.692812025547027588e-01,4.722490441054105759e-03,1.559297442436218262e+00,6.254769396036863327e-04,-5.531256552785634995e-03,-2.211079001426696777e-03
-4.227648973464965820e-01,-1.487500429153442383e+00,7.375403642654418945e-01,1.907059922814369202e-02,8.047622628509998322e-03,-8.714827299118041992e-01,4.899891316890716553e-01,8.858200744725763798e-04,1.395163685083389282e-02,-6.959735881537199020e-03,4.020394757390022278e-03,-2.869047969579696655e-02,-1.932615414261817932e-02,-9.972409345209598541e-03,-4.102300852537155151e-02,6.795012741349637508e-04,2.755107358098030090e-03,-1.583409309387207031e-02,3.583061322569847107e-02,-4.416766110807657242e-03,-2.003087196499109268e-03,-6.573790311813354492e-02,5.537620186805725098e-02,3.628927171230316162e-01,-6.025761365890502930e-03,1.557629585266113281e+00,-6.563367787748575211e-04,-5.630744155496358871e-03,3.349510719999670982e-03,5.387628078460693359e-02,-3.692812025547027588e-01,4.722490441054105759e-03,1.559297442436218262e+00,6.254769396036863327e-04,-5.531257484108209610e-03,-2.211079001426696777e-03
-4.227648973464965820e-01,-1.487500429153442383e+00,7.375403642654418945e-01,1.907059922814369202e-02,8.047622628509998322e-03,-8.714827299118041992e-01,4.899891316890716553e-01,8.858201908878982067e-04,1.395163685083389282e-02,-6.959735881537199020e-03,4.020394757390022278e-03,-2.869047969579696655e-02,-1.932615414261817932e-02,-9.972409345209598541e-03,-4.102300852537155151e-02,6.795013323426246643e-04,2.755107358098030090e-03,-1.583409309387207031e-02,3.583061322569847107e-02,-4.416766110807657242e-03,-2.003087196499109268e-03,-6.573790311813354492e-02,5.537620186805725098e-02,3.628927171230316162e-01,-6.025761365890502930e-03,1.557629585266113281e+00,-6.563368369825184345e-04,-5.630745086818933487e-03,3.349510719999670982e-03,5.387628078460693359e-02,-3.692812025547027588e-01,4.722490441054105759e-03,1.559297442436218262e+00,6.254768813960254192e-04,-5.531258415430784225e-03,-2.211079001426696777e-03
