1.411995035596191883e-03,-8.144098334014415741e-03,7.832088470458984375e-01,1.350913103669881821e-02,-3.334696218371391296e-02,-4.734281823039054871e-02,9.982305169105529785e-01,1.499123722314834595e-01,5.037801340222358704e-02,1.027754321694374084e-01,7.928124978207051754e-04,-1.539410799741744995e-01,-1.099996082484722137e-02,1.467283908277750015e-02,-2.198742032051086426e-01,-3.091897070407867432e-01,3.994745910167694092e-01,-3.912048935890197754e-01,6.715794652700424194e-02,-4.010051954537630081e-03,-3.316972777247428894e-02,5.259570479393005371e-02,-1.308429837226867676e-01,2.079385817050933838e-01,-4.499977231025695801e-01,1.178274989128112793e+00,2.694690227508544922e-01,-4.501556232571601868e-02,-1.555462181568145752e-01,-4.394749179482460022e-02,-2.441168278455734253e-01,4.533179104328155518e-01,1.091793656349182129e+00,-1.290885210037231445e-01,1.630447246134281158e-02,2.041704803705215454e-01
8.223761804401874542e-03,-9.315586648881435394e-03,7.809494137763977051e-01,1.919449493288993835e-02,-2.530116960406303406e-02,-4.858117923140525818e-02,9.983142018318176270e-01,1.605746299028396606e-01,3.405648469924926758e-02,9.864071756601333618e-02,-8.214979432523250580e-03,-1.877702474594116211e-01,-1.113471668213605881e-02,2.071940340101718903e-03,-2.241631597280502319e-01,-2.953987121582031250e-01,4.262587428092956543e-01,-4.385011792182922363e-01,7.169058918952941895e-02,-7.788893301039934158e-03,-4.324071854352951050e-02,5.007787793874740601e-02,-1.740337759256362915e-01,2.375103682279586792e-01,-4.444687068462371826e-01,1.186031579971313477e+00,2.665944993495941162e-01,-6.193699315190315247e-02,-1.569492369890213013e-01,-8.134643733501434326e-02,-2.758893072605133057e-01,4.462766647338867188e-01,1.091950654983520508e+00,-1.238349899649620056e-01,-1.039819326251745224e-04,2.103638648986816406e-01
8.381570689380168915e-03,-9.343147277832031250e-03,7.802402973175048828e-01,2.238832041621208191e-02,-2.603854984045028687e-02,-4.924393072724342346e-02,9.981962442398071289e-01,1.627625077962875366e-01,2.612462267279624939e-02,9.939078986644744873e-02,-7.287694606930017471e-03,-1.911381185054779053e-01,-1.059152092784643173e-02,-8.414218202233314514e-03,-2.346848994493484497e-01,-2.893135249614715576e-01,4.524766504764556885e-01,-4.533002078533172607e-01,7.356889545917510986e-02,-7.296049036085605621e-03,-4.869960620999336243e-02,5.691139027476310730e-02,-1.926112473011016846e-01,2.427453398704528809e-01,-4.381604194641113281e-01,1.185062050819396973e+00,2.630598247051239014e-01,-7.075524330139160156e-02,-1.601411998271942139e-01,-1.015456318855285645e-01,-2.810501754283905029e-01,4.419612586498260498e-01,1.087312817573547363e+00,-1.199137419462203979e-01,-7.187317125499248505e-03,2.144238650798797607e-01
8.059485815465450287e-03,-9.151033125817775726e-03,7.797872424125671387e-01,2.499693818390369415e-02,-2.684851549565792084e-02,-4.919928684830665588e-02,9.981151223182678223e-01,1.633116453886032104e-01,1.954574137926101685e-02,1.003138422966003418e-01,-6.325435359030961990e-03,-1.916747987270355225e-01,-8.140323683619499207e-03,-1.727102696895599365e-02,-2.441747486591339111e-01,-2.849238514900207520e-01,4.734758436679840088e-01,-4.620546698570251465e-01,7.563322782516479492e-02,-7.348909974098205566e-03,-5.419992282986640930e-02,6.062116101384162903e-02,-2.024823576211929321e-01,2.450740933418273926e-01,-4.306097328662872314e-01,1.182355403900146484e+00,2.598989009857177734e-01,-7.398132234811782837e-02,-1.608348935842514038e-01,-1.156259402632713318e-01,-2.844262123107910156e-01,4.384560883045196533e-01,1.083935618400573730e+00,-1.181539893150329590e-01,-1.053338963538408279e-02,2.133221328258514404e-01
7.658421527594327927e-03,-8.831419050693511963e-03,7.793411612510681152e-01,2.725194394588470459e-02,-2.736696042120456696e-02,-4.933953657746315002e-02,9.980350732803344727e-01,1.634202450513839722e-01,1.360525190830230713e-02,1.015073657035827637e-01,-6.218946073204278946e-03,-1.923025995492935181e-01,-7.222572341561317444e-03,-2.476032450795173645e-02,-2.523136138916015625e-01,-2.812474370002746582e-01,4.892863035202026367e-01,-4.687635004520416260e-01,7.895632088184356689e-02,-8.517357520759105682e-03,-5.883969366550445557e-02,6.175183877348899841e-02,-2.062038630247116089e-01,2.469908446073532104e-01,-4.245384335517883301e-01,1.178118944168090820e+00,2.573609650135040283e-01,-7.574052363634109497e-02,-1.613790541887283325e-01,-1.274376362562179565e-01,-2.870283126831054688e-01,4.347270429134368896e-01,1.076160550117492676e+00,-1.139675825834274292e-01,-1.376486942172050476e-02,2.107916325330734253e-01
7.279679644852876663e-03,-8.469647727906703949e-03,7.790036201477050781e-01,2.911630272865295410e-02,-2.759743481874465942e-02,-4.965147748589515686e-02,9.979605674743652344e-01,1.634790003299713135e-01,8.585231378674507141e-03,1.029221862554550171e-01,-7.115643937140703201e-03,-1.917193830013275146e-01,-6.994799245148897171e-03,-3.092437237501144409e-02,-2.592523992061614990e-01,-2.792357504367828369e-01,5.010773539543151855e-01,-4.734598994255065918e-01,8.272276073694229126e-02,-9.803663007915019989e-03,-6.295081228017807007e-02,6.141270697116851807e-02,-2.062539756298065186e-01,2.475107461214065552e-01,-4.171878695487976074e-01,1.175036072731018066e+00,2.557067275047302246e-01,-7.608947157859802246e-02,-1.619004458189010620e-01,-1.354226917028427124e-01,-2.893250286579132080e-01,4.307923018932342529e-01,1.068806767463684082e+00,-1.107979640364646912e-01,-1.607711240649223328e-02,2.079423367977142334e-01
6.922484841197729111e-03,-8.063858374953269958e-03,7.787470817565917969e-01,3.066274709999561310e-02,-2.795870229601860046e-02,-4.984506964683532715e-02,9.978945851325988770e-01,1.639942973852157593e-01,4.241716582328081131e-03,1.048421114683151245e-01,-8.319469168782234192e-03,-1.905941218137741089e-01,-6.789613515138626099e-03,-3.554084897041320801e-02,-2.654087841510772705e-01,-2.783246934413909912e-01,5.105019807815551758e-01,-4.763796925544738770e-01,8.561532944440841675e-02,-1.103555597364902496e-02,-6.638535857200622559e-02,6.017732247710227966e-02,-2.055766731500625610e-01,2.467940598726272583e-01,-4.087913334369659424e-01,1.173144578933715820e+00,2.524311840534210205e-01,-7.602754980325698853e-02,-1.597418338060379028e-01,-1.387838721275329590e-01,-2.902768552303314209e-01,4.268354177474975586e-01,1.065259337425231934e+00,-1.065646559000015259e-01,-1.879516243934631348e-02,2.031874507665634155e-01
6.565297488123178482e-03,-7.639204151928424835e-03,7.784257531166076660e-01,3.175885602831840515e-02,-2.852389030158519745e-02,-5.009447038173675537e-02,9.978318214416503906e-01,1.649552583694458008e-01,9.721695096231997013e-04,1.077332794666290283e-01,-9.329789318144321442e-03,-1.911424994468688965e-01,-5.476093851029872894e-03,-3.886819258332252502e-02,-2.703172564506530762e-01,-2.778538167476654053e-01,5.181476473808288574e-01,-4.793005883693695068e-01,8.916073292493820190e-02,-1.299489568918943405e-02,-6.919090449810028076e-02,5.877993628382682800e-02,-2.044133245944976807e-01,2.455725818872451782e-01,-4.012166857719421387e-01,1.171614050865173340e+00,2.483427077531814575e-01,-7.599736005067825317e-02,-1.566219329833984375e-01,-1.405173987150192261e-01,-2.901532948017120361e-01,4.233006238937377930e-01,1.065523624420166016e+00,-1.023581847548484802e-01,-1.978300698101520538e-02,1.981968283653259277e-01
6.361111532896757126e-03,-7.216695696115493774e-03,7.781941890716552734e-01,3.258665651082992554e-02,-2.859487757086753845e-02,-5.006348341703414917e-02,9.978046417236328125e-01,1.652182489633560181e-01,-1.748319133184850216e-03,1.095729321241378784e-01,-1.064227987080812454e-02,-1.917935758829116821e-01,-4.248542245477437973e-03,-4.175863415002822876e-02,-2.739193141460418701e-01,-2.770011126995086670e-01,5.235660076141357422e-01,-4.816106855869293213e-01,9.105072915554046631e-02,-1.451471354812383652e-02,-7.105702161788940430e-02,5.767941102385520935e-02,-2.031895518302917480e-01,2.444131523370742798e-01,-3.938887417316436768e-01,1.170117974281311035e+00,2.433295547962188721e-01,-7.547878473997116089e-02,-1.515225321054458618e-01,-1.419056206941604614e-01,-2.894692122936248779e-01,4.185124337673187256e-01,1.067739129066467285e+00,-9.865561127662658691e-02,-2.064229920506477356e-02,1.916435807943344116e-01
6.279191933572292328e-03,-6.842170841991901398e-03,7.779731750488281250e-01,3.313275799155235291e-02,-2.853509970009326935e-02,-4.988661408424377441e-02,9.977972507476806641e-01,1.652786284685134888e-01,-3.689963370561599731e-03,1.120887547731399536e-01,-1.166821364313364029e-02,-1.926957219839096069e-01,-3.462845692411065102e-03,-4.418084025382995605e-02,-2.766316533088684082e-01,-2.765882909297943115e-01,5.279989838600158691e-01,-4.836955070495605469e-01,9.209485352039337158e-02,-1.555590983480215073e-02,-7.244506478309631348e-02,5.686609819531440735e-02,-2.020343691110610962e-01,2.438971549272537231e-01,-3.865994811058044434e-01,1.169104933738708496e+00,2.393439114093780518e-01,-7.522252947092056274e-02,-1.442957818508148193e-01,-1.438849568367004395e-01,-2.884975969791412354e-01,4.134381115436553955e-01,1.072682380676269531e+00,-9.602249413728713989e-02,-2.004384249448776245e-02,1.835360378026962280e-01
6.323454435914754868e-03,-6.528383586555719376e-03,7.778206467628479004e-01,3.342483192682266235e-02,-2.843713760375976562e-02,-4.976640641689300537e-02,9.977962970733642578e-01,1.650070250034332275e-01,-4.874706268310546875e-03,1.139442548155784607e-01,-1.167409401386976242e-02,-1.942919641733169556e-01,-2.505949232727289200e-03,-4.624873772263526917e-02,-2.784251272678375244e-01,-2.760572731494903564e-01,5.320500731468200684e-01,-4.850760400295257568e-01,9.248728305101394653e-02,-1.622438244521617889e-02,-7.259573787450790405e-02,5.676778405904769897e-02,-1.965038329362869263e-01,2.442443370819091797e-01,-3.801699578762054443e-01,1.172042250633239746e+00,2.360239624977111816e-01,-7.317984104156494141e-02,-1.379437297582626343e-01,-1.468999087810516357e-01,-2.869407236576080322e-01,4.065767228603363037e-01,1.080342054367065430e+00,-9.271146357059478760e-02,-1.815175078809261322e-02,1.754432618618011475e-01
6.494604051113128662e-03,-6.283585913479328156e-03,7.777610421180725098e-01,3.389137610793113708e-02,-2.775450609624385834e-02,-4.963744431734085083e-02,9.978061914443969727e-01,1.632463186979293823e-01,-6.315319798886775970e-03,1.146342158317565918e-01,-1.086542569100856781e-02,-1.950602680444717407e-01,-2.844757633283734322e-03,-4.862958565354347229e-02,-2.798512279987335205e-01,-2.748106718063354492e-01,5.342251658439636230e-01,-4.871605038642883301e-01,9.117157757282257080e-02,-1.630019210278987885e-02,-7.217594981193542480e-02,5.849280953407287598e-02,-1.849195063114166260e-01,2.420626580715179443e-01,-3.740910589694976807e-01,1.177514433860778809e+00,2.332297712564468384e-01,-7.056552171707153320e-02,-1.312283724546432495e-01,-1.444220989942550659e-01,-2.827700078487396240e-01,3.997008800506591797e-01,1.094078302383422852e+00,-9.012505412101745605e-02,-1.632854714989662170e-02,1.681979447603225708e-01
6.785762961953878403e-03,-6.122699938714504242e-03,7.776290774345397949e-01,3.389398753643035889e-02,-2.707400545477867126e-02,-4.903916642069816589e-02,9.978543519973754883e-01,1.617756783962249756e-01,-6.577681284397840500e-03,1.156685873866081238e-01,-1.039054337888956070e-02,-1.971965134143829346e-01,-8.121522259898483753e-04,-4.991208761930465698e-02,-2.802965044975280762e-01,-2.749811112880706787e-01,5.353009700775146484e-01,-4.888284206390380859e-01,9.057684987783432007e-02,-1.668887585401535034e-02,-7.281075417995452881e-02,5.945198982954025269e-02,-1.733068376779556274e-01,2.373295128345489502e-01,-3.690332174301147461e-01,1.183471918106079102e+00,2.330362051725387573e-01,-6.822774559259414673e-02,-1.246293261647224426e-01,-1.363304853439331055e-01,-2.768576145172119141e-01,3.930725753307342529e-01,1.112005949020385742e+00,-8.848728984594345093e-02,-1.469070930033922195e-02,1.632870882749557495e-01
7.208476774394512177e-03,-6.002196110785007477e-03,7.776349782943725586e-01,3.403221070766448975e-02,-2.648809738457202911e-02,-4.860768467187881470e-02,9.978864789009094238e-01,1.599722206592559814e-01,-7.088874466717243195e-03,1.148382723331451416e-01,-8.432561531662940979e-03,-1.984227150678634644e-01,-1.047063851729035378e-03,-5.001559853553771973e-02,-2.810803949832916260e-01,-2.763802409172058105e-01,5.349619388580322266e-01,-4.896736741065979004e-01,9.027945995330810547e-02,-1.634057797491550446e-02,-7.195865362882614136e-02,5.931020900607109070e-02,-1.607623547315597534e-01,2.324220687150955200e-01,-3.653964102268218994e-01,1.190790057182312012e+00,2.345913797616958618e-01,-6.581047177314758301e-02,-1.180621534585952759e-01,-1.271111220121383667e-01,-2.711422741413116455e-01,3.861877322196960449e-01,1.130946397781372070e+00,-8.745218068361282349e-02,-1.373835746198892593e-02,1.577855348587036133e-01
7.712262682616710663e-03,-5.917066242545843124e-03,7.776868939399719238e-01,3.427817672491073608e-02,-2.618422359228134155e-02,-4.835593327879905701e-02,9.978983402252197266e-01,1.584975868463516235e-01,-7.726786192506551743e-03,1.144078522920608521e-01,-5.481102038174867630e-03,-1.993889212608337402e-01,-1.079239649698138237e-03,-4.929301142692565918e-02,-2.821655869483947754e-01,-2.779551148414611816e-01,5.343185067176818848e-01,-4.900000393390655518e-01,8.996483683586120605e-02,-1.575207524001598358e-02,-7.076036930084228516e-02,5.853909999132156372e-02,-1.484243571758270264e-01,2.272701263427734375e-01,-3.620590269565582275e-01,1.199473023414611816e+00,2.398870736360549927e-01,-6.350558251142501831e-02,-1.140917986631393433e-01,-1.170203462243080139e-01,-2.657114267349243164e-01,3.791465759277343750e-01,1.148920774459838867e+00,-8.617582917213439941e-02,-1.446137577295303345e-02,1.531147658824920654e-01
8.280253037810325623e-03,-5.850210785865783691e-03,7.777522802352905273e-01,3.447166830301284790e-02,-2.599435113370418549e-02,-4.809540137648582458e-02,9.979092478752136230e-01,1.572254002094268799e-01,-8.233930915594100952e-03,1.135585382580757141e-01,-2.211833139881491661e-03,-2.002850472927093506e-01,-7.695368840359151363e-04,-4.814733564853668213e-02,-2.830114364624023438e-01,-2.792958915233612061e-01,5.334945917129516602e-01,-4.902279973030090332e-01,8.964383602142333984e-02,-1.547232642769813538e-02,-6.964743882417678833e-02,5.790244042873382568e-02,-1.359691917896270752e-01,2.227170020341873169e-01,-3.580148518085479736e-01,1.208647847175598145e+00,2.452668547630310059e-01,-6.141307204961776733e-02,-1.106539294123649597e-01,-1.061128303408622742e-01,-2.612700760364532471e-01,3.714179396629333496e-01,1.164897680282592773e+00,-8.531025052070617676e-02,-1.509479805827140808e-02,1.501585543155670166e-01
8.898414671421051025e-03,-5.773636512458324432e-03,7.778494954109191895e-01,3.472560271620750427e-02,-2.608287706971168518e-02,-4.780296608805656433e-02,9.979121685028076172e-01,1.565379649400711060e-01,-8.903160691261291504e-03,1.139697954058647156e-01,1.470971154049038887e-03,-2.007349431514739990e-01,-1.233716262504458427e-03,-4.715222865343093872e-02,-2.842786908149719238e-01,-2.801774442195892334e-01,5.342711210250854492e-01,-4.898572266101837158e-01,8.892812579870223999e-02,-1.546669844537973404e-02,-6.844715774059295654e-02,5.757115408778190613e-02,-1.243037208914756775e-01,2.187068611383438110e-01,-3.531285226345062256e-01,1.217094182968139648e+00,2.499039620161056519e-01,-5.824149772524833679e-02,-1.068714633584022522e-01,-9.499061107635498047e-02,-2.579029798507690430e-01,3.628709018230438232e-01,1.178024530410766602e+00,-8.327148854732513428e-02,-1.687783747911453247e-02,1.467142403125762939e-01
9.558577090501785278e-03,-5.727054551243782043e-03,7.778590321540832520e-01,3.484896942973136902e-02,-2.592174150049686432e-02,-4.766123369336128235e-02,9.979188442230224609e-01,1.564259380102157593e-01,-9.400843642652034760e-03,1.125163957476615906e-01,3.047160105779767036e-03,-2.020931988954544067e-01,6.334141362458467484e-04,-4.600663110613822937e-02,-2.844958901405334473e-01,-2.798889279365539551e-01,5.334677100181579590e-01,-4.904513657093048096e-01,8.773623406887054443e-02,-1.508881244808435440e-02,-6.822974234819412231e-02,5.641596391797065735e-02,-1.146295890212059021e-01,2.155171334743499756e-01,-3.500193059444427490e-01,1.225018501281738281e+00,2.567278146743774414e-01,-5.664481967687606812e-02,-1.082009747624397278e-01,-8.470019698143005371e-02,-2.546522021293640137e-01,3.546938300132751465e-01,1.188976645469665527e+00,-8.092921972274780273e-02,-1.672099903225898743e-02,1.454942673444747925e-01
1.023344229906797409e-02,-5.715532228350639343e-03,7.778770923614501953e-01,3.509914129972457886e-02,-2.593097090721130371e-02,-4.762259498238563538e-02,9.979116916656494141e-01,1.567265987396240234e-01,-1.015276275575160980e-02,1.115307211875915527e-01,4.556696861982345581e-03,-2.028009742498397827e-01,7.324478356167674065e-04,-4.463125765323638916e-02,-2.852748632431030273e-01,-2.804571092128753662e-01,5.330168604850769043e-01,-4.907498955726623535e-01,8.748354762792587280e-02,-1.399282831698656082e-02,-6.723747402429580688e-02,5.488427728414535522e-02,-1.065239012241363525e-01,2.136439085006713867e-01,-3.455994129180908203e-01,1.230348587036132812e+00,2.607806324958801270e-01,-5.540909245610237122e-02,-1.084930747747421265e-01,-7.626157999038696289e-02,-2.526812553405761719e-01,3.474474847316741943e-01,1.195881843566894531e+00,-7.976182550191879272e-02,-1.687253825366497040e-02,1.464185565710067749e-01
1.089865248650312424e-02,-5.750265903770923615e-03,7.778720855712890625e-01,3.514783456921577454e-02,-2.596204169094562531e-02,-4.746519774198532104e-02,9.979166388511657715e-01,1.573320478200912476e-01,-1.034332439303398132e-02,1.109707951545715332e-01,5.547102540731430054e-03,-2.038336396217346191e-01,1.580164651386439800e-03,-4.298435524106025696e-02,-2.854219079017639160e-01,-2.807328701019287109e-01,5.321928262710571289e-01,-4.907859861850738525e-01,8.822650462388992310e-02,-1.339423283934593201e-02,-6.690845638513565063e-02,5.356086790561676025e-02,-1.012020856142044067e-01,2.124770432710647583e-01,-3.422732949256896973e-01,1.233174800872802734e+00,2.644244134426116943e-01,-5.445563420653343201e-02,-1.089584827423095703e-01,-7.044798135757446289e-02,-2.521817386150360107e-01,3.417446911334991455e-01,1.198856234550476074e+00,-8.005231618881225586e-02,-1.711440086364746094e-02,1.467290818691253662e-01
1.157701015472412109e-02,-5.846916697919368744e-03,7.779136300086975098e-01,3.533718362450599670e-02,-2.553313411772251129e-02,-4.757197201251983643e-02,9.979159832000732422e-01,1.576085537672042847e-01,-1.080958545207977295e-02,1.099856272339820862e-01,5.379919428378343582e-03,-2.037252485752105713e-01,2.179929753765463829e-03,-4.157033562660217285e-02,-2.853868603706359863e-01,-2.810611426830291748e-01,5.294513106346130371e-01,-4.911257922649383545e-01,8.858857303857803345e-02,-1.246803440153598785e-02,-6.631477177143096924e-02,5.211506038904190063e-02,-9.769964963197708130e-02,2.117992192506790161e-01,-3.393130600452423096e-01,1.233005404472351074e+00,2.678959667682647705e-01,-5.390859767794609070e-02,-1.095019057393074036e-01,-6.635755300521850586e-02,-2.522018253803253174e-01,3.369084894657135010e-01,1.199088692665100098e+00,-8.149226754903793335e-02,-1.735477522015571594e-02,1.479000151157379150e-01
1.218884438276290894e-02,-6.014098878949880600e-03,7.779490351676940918e-01,3.561739251017570496e-02,-2.534643374383449554e-02,-4.788465797901153564e-02,9.978957772254943848e-01,1.581877917051315308e-01,-1.131995115429162979e-02,1.093096956610679626e-01,5.440686363726854324e-03,-2.036075592041015625e-01,3.071667393669486046e-03,-3.982867673039436340e-02,-2.855894863605499268e-01,-2.818764746189117432e-01,5.267542600631713867e-01,-4.915400445461273193e-01,8.822531998157501221e-02,-1.152181252837181091e-02,-6.567109376192092896e-02,5.036570504307746887e-02,-9.499165415763854980e-02,2.114520221948623657e-01,-3.372762203216552734e-01,1.232379198074340820e+00,2.703901231288909912e-01,-5.420505627989768982e-02,-1.100986748933792114e-01,-6.327344477176666260e-02,-2.524644434452056885e-01,3.334842920303344727e-01,1.197837471961975098e+00,-8.305778354406356812e-02,-1.756566204130649567e-02,1.482819616794586182e-01
1.275802962481975555e-02,-6.224911194294691086e-03,7.779966592788696289e-01,3.587668761610984802e-02,-2.552444301545619965e-02,-4.805024340748786926e-02,9.978740215301513672e-01,1.588623970746994019e-01,-1.165634207427501678e-02,1.090849637985229492e-01,6.714935414493083954e-03,-2.035865634679794312e-01,3.356424625962972641e-03,-3.791676089167594910e-02,-2.858430147171020508e-01,-2.823184430599212646e-01,5.253190398216247559e-01,-4.914653897285461426e-01,8.740670979022979736e-02,-1.083371415734291077e-02,-6.494113057851791382e-02,4.896672442555427551e-02,-9.249652922153472900e-02,2.110045552253723145e-01,-3.353503346443176270e-01,1.232225537300109863e+00,2.719303965568542480e-01,-5.362250655889511108e-02,-1.107842773199081421e-01,-6.035888567566871643e-02,-2.528519928455352783e-01,3.307283520698547363e-01,1.196366786956787109e+00,-8.412334322929382324e-02,-1.793311163783073425e-02,1.470918655395507812e-01
1.329833269119262695e-02,-6.494236178696155548e-03,7.780389785766601562e-01,3.617765009403228760e-02,-2.539699338376522064e-02,-4.810646548867225647e-02,9.978637099266052246e-01,1.590626537799835205e-01,-1.200286205857992172e-02,1.086403653025627136e-01,7.524555549025535583e-03,-2.034930139780044556e-01,3.827958600595593452e-03,-3.659623861312866211e-02,-2.858633697032928467e-01,-2.822720706462860107e-01,5.236949324607849121e-01,-4.918289184570312500e-01,8.724662661552429199e-02,-1.034365035593509674e-02,-6.421449780464172363e-02,4.849370196461677551e-02,-9.058242291212081909e-02,2.108539193868637085e-01,-3.342795372009277344e-01,1.231691002845764160e+00,2.732923626899719238e-01,-5.350458994507789612e-02,-1.113919317722320557e-01,-5.773603171110153198e-02,-2.532164454460144043e-01,3.288961946964263916e-01,1.194559812545776367e+00,-8.476395159959793091e-02,-1.785193383693695068e-02,1.461963504552841187e-01
1.381307747215032578e-02,-6.768505088984966278e-03,7.780599594116210938e-01,3.637255355715751648e-02,-2.509328164160251617e-02,-4.816606640815734863e-02,9.978613853454589844e-01,1.591064482927322388e-01,-1.210024673491716385e-02,1.083766222000122070e-01,7.818133570253849030e-03,-2.038347572088241577e-01,3.954154904931783676e-03,-3.592280298471450806e-02,-2.856135964393615723e-01,-2.819482088088989258e-01,5.225079655647277832e-01,-4.920280873775482178e-01,8.724717050790786743e-02,-9.872050955891609192e-03,-6.366101652383804321e-02,4.806165397167205811e-02,-8.889999240636825562e-02,2.107807099819183350e-01,-3.339794874191284180e-01,1.231268525123596191e+00,2.736977040767669678e-01,-5.334528908133506775e-02,-1.118841022253036499e-01,-5.564909428358078003e-02,-2.533141374588012695e-01,3.272967636585235596e-01,1.193195819854736328e+00,-8.562655001878738403e-02,-1.768303476274013519e-02,1.449583768844604492e-01
1.431852858513593674e-02,-7.075939793139696121e-03,7.780986428260803223e-01,3.667973726987838745e-02,-2.465214580297470093e-02,-4.807053878903388977e-02,9.978657960891723633e-01,1.586590558290481567e-01,-1.237989496439695358e-02,1.073566600680351257e-01,8.238250389695167542e-03,-2.034904807806015015e-01,3.498351201415061951e-03,-3.565216809511184692e-02,-2.855485975742340088e-01,-2.814733088016510010e-01,5.215934514999389648e-01,-4.924142658710479736e-01,8.698701113462448120e-02,-9.108810685575008392e-03,-6.278418749570846558e-02,4.797517508268356323e-02,-8.784201741218566895e-02,2.107002437114715576e-01,-3.336965739727020264e-01,1.230952978134155273e+00,2.738668918609619141e-01,-5.338522419333457947e-02,-1.127509400248527527e-01,-5.367374047636985779e-02,-2.535006105899810791e-01,3.269036412239074707e-01,1.191758036613464355e+00,-8.566530048847198486e-02,-1.747711375355720520e-02,1.440073698759078979e-01
1.479301694780588150e-02,-7.386256009340286255e-03,7.780914902687072754e-01,3.686149790883064270e-02,-2.428769320249557495e-02,-4.775814339518547058e-02,9.978830218315124512e-01,1.581526547670364380e-01,-1.232727430760860443e-02,1.063614487648010254e-01,8.790469728410243988e-03,-2.037628293037414551e-01,3.974579274654388428e-03,-3.542068973183631897e-02,-2.853710651397705078e-01,-2.811847925186157227e-01,5.212967991828918457e-01,-4.930202662944793701e-01,8.592166006565093994e-02,-8.927406743168830872e-03,-6.227853894233703613e-02,4.779380932450294495e-02,-8.674019575119018555e-02,2.108183503150939941e-01,-3.342930674552917480e-01,1.230267047882080078e+00,2.725763320922851562e-01,-5.312286317348480225e-02,-1.128060296177864075e-01,-5.162345990538597107e-02,-2.535474300384521484e-01,3.269621431827545166e-01,1.190109848976135254e+00,-8.537138998508453369e-02,-1.747530512511730194e-02,1.432688832283020020e-01
1.526073459535837173e-02,-7.704473100602626801e-03,7.780623435974121094e-01,3.694148734211921692e-02,-2.385601215064525604e-02,-4.725553840398788452e-02,9.979143738746643066e-01,1.574125140905380249e-01,-1.202813722193241119e-02,1.061524748802185059e-01,9.486024267971515656e-03,-2.043823003768920898e-01,4.532843828201293945e-03,-3.548959642648696899e-02,-2.852457761764526367e-01,-2.816390395164489746e-01,5.216711759567260742e-01,-4.935162663459777832e-01,8.622595667839050293e-02,-8.558163419365882874e-03,-6.219372153282165527e-02,4.785647615790367126e-02,-8.621151000261306763e-02,2.113253921270370483e-01,-3.353181481361389160e-01,1.229774117469787598e+00,2.716554105281829834e-01,-5.283929780125617981e-02,-1.124845743179321289e-01,-4.957503080368041992e-02,-2.533686757087707520e-01,3.272666037082672119e-01,1.188874483108520508e+00,-8.466464281082153320e-02,-1.714741811156272888e-02,1.429512649774551392e-01
1.576637104153633118e-02,-8.003839291632175446e-03,7.780554890632629395e-01,3.701042756438255310e-02,-2.276595123112201691e-02,-4.699849709868431091e-02,9.979494214057922363e-01,1.560984700918197632e-01,-1.176277641206979752e-02,1.054534018039703369e-01,8.734001778066158295e-03,-2.045838832855224609e-01,4.609583877027034760e-03,-3.684335947036743164e-02,-2.845641076564788818e-01,-2.808227837085723877e-01,5.213177800178527832e-01,-4.940507113933563232e-01,8.627127856016159058e-02,-7.954329252243041992e-03,-6.213189288973808289e-02,4.819433018565177917e-02,-8.581819385290145874e-02,2.121339887380599976e-01,-3.373873233795166016e-01,1.229023456573486328e+00,2.718318104743957520e-01,-5.274555087089538574e-02,-1.125547885894775391e-01,-4.779690876603126526e-02,-2.532755434513092041e-01,3.285030126571655273e-01,1.187360882759094238e+00,-8.473812788724899292e-02,-1.666021905839443207e-02,1.430163830518722534e-01
1.627153158187866211e-02,-8.321505039930343628e-03,7.780482172966003418e-01,3.714215755462646484e-02,-2.166330814361572266e-02,-4.676444083452224731e-02,9.979800581932067871e-01,1.548179835081100464e-01,-1.158608961850404739e-02,1.049018204212188721e-01,7.633945904672145844e-03,-2.038476020097732544e-01,4.462793003767728806e-03,-3.832382336258888245e-02,-2.842400968074798584e-01,-2.807800173759460449e-01,5.210979580879211426e-01,-4.946048855781555176e-01,8.569999039173126221e-02,-7.244453765451908112e-03,-6.199765950441360474e-02,4.783733561635017395e-02,-8.567003905773162842e-02,2.129787057638168335e-01,-3.391509652137756348e-01,1.228004336357116699e+00,2.707849740982055664e-01,-5.272781476378440857e-02,-1.127512976527214050e-01,-4.594966396689414978e-02,-2.531613409519195557e-01,3.305858671665191650e-01,1.185118675231933594e+00,-8.496038615703582764e-02,-1.639465056359767914e-02,1.444291919469833374e-01
1.679182983934879303e-02,-8.644179441034793854e-03,7.780347466468811035e-01,3.725824505090713501e-02,-2.024811320006847382e-02,-4.668008908629417419e-02,9.980094432830810547e-01,1.532736569643020630e-01,-1.135203149169683456e-02,1.042262166738510132e-01,5.723775830119848251e-03,-2.028881758451461792e-01,4.011748824268579483e-03,-4.026079922914505005e-02,-2.837692499160766602e-01,-2.808954417705535889e-01,5.202965140342712402e-01,-4.950364530086517334e-01,8.663248270750045776e-02,-6.537944544106721878e-03,-6.198040395975112915e-02,4.742854461073875427e-02,-8.582966029644012451e-02,2.138913273811340332e-01,-3.416187465190887451e-01,1.227217793464660645e+00,2.697241306304931641e-01,-5.275042727589607239e-02,-1.139630228281021118e-01,-4.404236376285552979e-02,-2.531651556491851807e-01,3.330991566181182861e-01,1.182988166809082031e+00,-8.532603085041046143e-02,-1.562771014869213104e-02,1.467265486717224121e-01
1.733528450131416321e-02,-8.929463103413581848e-03,7.780448794364929199e-01,3.747823834419250488e-02,-1.912269555032253265e-02,-4.657888785004615784e-02,9.980280995368957520e-01,1.521769016981124878e-01,-1.142037194222211838e-02,1.030641198158264160e-01,4.072889219969511032e-03,-2.012930363416671753e-01,3.514014650136232376e-03,-4.185424000024795532e-02,-2.837799787521362305e-01,-2.808852791786193848e-01,5.201072692871093750e-01,-4.955100417137145996e-01,8.521259576082229614e-02,-5.378070287406444550e-03,-6.193647533655166626e-02,4.618670791387557983e-02,-8.640044927597045898e-02,2.143617868423461914e-01,-3.427892327308654785e-01,1.227710485458374023e+00,2.679120600223541260e-01,-5.203886330127716064e-02,-1.153470799326896667e-01,-4.194447398185729980e-02,-2.530635595321655273e-01,3.336856365203857422e-01,1.181231617927551270e+00,-8.421298861503601074e-02,-1.519885752350091934e-02,1.478704810142517090e-01
1.789297163486480713e-02,-9.197947569191455841e-03,7.780225276947021484e-01,3.761252015829086304e-02,-1.774567924439907074e-02,-4.662207514047622681e-02,9.980464577674865723e-01,1.508915722370147705e-01,-1.133524160832166672e-02,1.018780916929244995e-01,1.857250812463462353e-03,-2.001338452100753784e-01,2.993661211803555489e-03,-4.403111711144447327e-02,-2.834505140781402588e-01,-2.805048227310180664e-01,5.197551846504211426e-01,-4.958498477935791016e-01,8.624463528394699097e-02,-4.887972027063369751e-03,-6.223985552787780762e-02,4.535473883152008057e-02,-8.699513971805572510e-02,2.147778421640396118e-01,-3.440217077732086182e-01,1.227532386779785156e+00,2.659452855587005615e-01,-5.190413072705268860e-02,-1.173447519540786743e-01,-4.029428213834762573e-02,-2.530027329921722412e-01,3.352519273757934570e-01,1.178792834281921387e+00,-8.327420055866241455e-02,-1.426485925912857056e-02,1.501989513635635376e-01
1.850404031574726105e-02,-9.426158852875232697e-03,7.780163884162902832e-01,3.779637068510055542e-02,-1.621976681053638458e-02,-4.683732241392135620e-02,9.980553984642028809e-01,1.496007889509201050e-01,-1.145137567073106766e-02,1.005295217037200928e-01,-6.971801049076020718e-04,-1.985727399587631226e-01,3.052723361179232597e-03,-4.619901999831199646e-02,-2.832665741443634033e-01,-2.805177271366119385e-01,5.187152028083801270e-01,-4.965468645095825195e-01,8.698344975709915161e-02,-4.642466083168983459e-03,-6.254115700721740723e-02,4.408443346619606018e-02,-8.708859235048294067e-02,2.156039178371429443e-01,-3.470240235328674316e-01,1.227275013923645020e+00,2.652634680271148682e-01,-5.148230865597724915e-02,-1.205075234174728394e-01,-3.914803639054298401e-02,-2.534142136573791504e-01,3.381530642509460449e-01,1.175772070884704590e+00,-8.304720371961593628e-02,-1.353709958493709564e-02,1.533759683370590210e-01
1.913808472454547882e-02,-9.586090222001075745e-03,7.779722213745117188e-01,3.761332109570503235e-02,-1.477034948766231537e-02,-4.680718109011650085e-02,9.980862736701965332e-01,1.485049873590469360e-01,-1.083735842257738113e-02,9.987205266952514648e-02,-3.288365434855222702e-03,-1.984886229038238525e-01,4.337835591286420822e-03,-4.837785661220550537e-02,-2.823579013347625732e-01,-2.801207005977630615e-01,5.183903574943542480e-01,-4.964370131492614746e-01,8.843473345041275024e-02,-4.293584730476140976e-03,-6.335896998643875122e-02,4.287909716367721558e-02,-8.714473247528076172e-02,2.165860533714294434e-01,-3.499389588832855225e-01,1.227085709571838379e+00,2.640956044197082520e-01,-5.083590373396873474e-02,-1.231703162193298340e-01,-3.842293471097946167e-02,-2.540908455848693848e-01,3.409917354583740234e-01,1.172805309295654297e+00,-8.346585929393768311e-02,-1.239491533488035202e-02,1.571509093046188354e-01
1.979990303516387939e-02,-9.683472104370594025e-03,7.779227495193481445e-01,3.737694770097732544e-02,-1.328382361680269241e-02,-4.656771570444107056e-02,9.981272220611572266e-01,1.472850292921066284e-01,-1.023309677839279175e-02,9.863613545894622803e-02,-5.898106377571821213e-03,-1.983852088451385498e-01,4.313051234930753708e-03,-5.052771046757698059e-02,-2.813498377799987793e-01,-2.794037461280822754e-01,5.182097554206848145e-01,-4.965909421443939209e-01,8.903864771127700806e-02,-3.485563676804304123e-03,-6.371241807937622070e-02,4.211802780628204346e-02,-8.744068443775177002e-02,2.171277552843093872e-01,-3.513098657131195068e-01,1.227918267250061035e+00,2.637744247913360596e-01,-5.058667808771133423e-02,-1.257840543985366821e-01,-3.868889063596725464e-02,-2.549861073493957520e-01,3.424268066883087158e-01,1.168920278549194336e+00,-8.309430629014968872e-02,-1.166327111423015594e-02,1.604870855808258057e-01
2.044815570116043091e-02,-9.770758450031280518e-03,7.778670191764831543e-01,3.714461997151374817e-02,-1.176377758383750916e-02,-4.664437100291252136e-02,9.981513619422912598e-01,1.462357491254806519e-01,-9.615116752684116364e-03,9.809847921133041382e-02,-8.637283928692340851e-03,-1.983897387981414795e-01,4.057866521179676056e-03,-5.312650650739669800e-02,-2.802799344062805176e-01,-2.783966362476348877e-01,5.183181166648864746e-01,-4.972551167011260986e-01,8.865408599376678467e-02,-2.675500698387622833e-03,-6.409285962581634521e-02,4.125766083598136902e-02,-8.723668754100799561e-02,2.175526320934295654e-01,-3.526354432106018066e-01,1.228483557701110840e+00,2.630983889102935791e-01,-4.984589293599128723e-02,-1.281845122575759888e-01,-4.094321653246879578e-02,-2.566017806529998779e-01,3.435478508472442627e-01,1.164076089859008789e+00,-8.111830055713653564e-02,-1.129606831818819046e-02,1.636701524257659912e-01
2.105506509542465210e-02,-9.892378002405166626e-03,7.777962684631347656e-01,3.685036301612854004e-02,-1.063773315399885178e-02,-4.675852879881858826e-02,9.981696009635925293e-01,1.460361033678054810e-01,-8.793023414909839630e-03,9.804560244083404541e-02,-1.137553155422210693e-02,-1.982456147670745850e-01,4.425037652254104614e-03,-5.507503449916839600e-02,-2.793753147125244141e-01,-2.782866656780242920e-01,5.189235806465148926e-01,-4.978787899017333984e-01,8.896490931510925293e-02,-1.703772461041808128e-03,-6.485123187303543091e-02,3.996788710355758667e-02,-8.677369356155395508e-02,2.181006669998168945e-01,-3.534412980079650879e-01,1.228658318519592285e+00,2.610471844673156738e-01,-4.972347989678382874e-02,-1.312250792980194092e-01,-4.535110667347908020e-02,-2.590588033199310303e-01,3.440617620944976807e-01,1.157647371292114258e+00,-7.746288180351257324e-02,-1.089745573699474335e-02,1.665036529302597046e-01
2.160587161779403687e-02,-1.003630645573139191e-02,7.777290940284729004e-01,3.657070547342300415e-02,-9.819983504712581635e-03,-4.679984971880912781e-02,9.981862902641296387e-01,1.459686458110809326e-01,-7.962421514093875885e-03,9.746244549751281738e-02,-1.323271356523036957e-02,-1.983901858329772949e-01,4.649192560464143753e-03,-5.636489763855934143e-02,-2.784280180931091309e-01,-2.777573168277740479e-01,5.194801688194274902e-01,-4.983395636081695557e-01,9.028293192386627197e-02,-6.594510632567107677e-04,-6.543777137994766235e-02,3.905972093343734741e-02,-8.605336397886276245e-02,2.187673747539520264e-01,-3.536818325519561768e-01,1.228377461433410645e+00,2.598578333854675293e-01,-5.037238821387290955e-02,-1.333973854780197144e-01,-5.141655728220939636e-02,-2.627037465572357178e-01,3.440998792648315430e-01,1.149521350860595703e+00,-7.447984069585800171e-02,-1.055769249796867371e-02,1.688075065612792969e-01
2.209014073014259338e-02,-1.020753011107444763e-02,7.776747941970825195e-01,3.645419701933860779e-02,-9.522558189928531647e-03,-4.723693057894706726e-02,9.981728792190551758e-01,1.463747322559356689e-01,-7.392338477075099945e-03,9.804470837116241455e-02,-1.350547187030315399e-02,-1.988348215818405151e-01,3.839469049125909805e-03,-5.689711123704910278e-02,-2.781511545181274414e-01,-2.779731452465057373e-01,5.203913450241088867e-01,-4.988139569759368896e-01,9.172264486551284790e-02,2.459614770486950874e-04,-6.580282747745513916e-02,3.833961114287376404e-02,-8.497659862041473389e-02,2.194459587335586548e-01,-3.533863127231597900e-01,1.228782892227172852e+00,2.587291002273559570e-01,-5.091523006558418274e-02,-1.353017389774322510e-01,-5.821836367249488831e-02,-2.670500278472900391e-01,3.449141681194305420e-01,1.140598416328430176e+00,-7.250282168388366699e-02,-1.047557033598423004e-02,1.704534143209457397e-01
2.252040058374404907e-02,-1.041671726852655411e-02,7.776019573211669922e-01,3.644001483917236328e-02,-9.349019266664981842e-03,-4.763695225119590759e-02,9.981560111045837402e-01,1.467187404632568359e-01,-6.991596892476081848e-03,9.801413118839263916e-02,-1.319544576108455658e-02,-1.996555775403976440e-01,3.161010099574923515e-03,-5.743444338440895081e-02,-2.778019309043884277e-01,-2.770808637142181396e-01,5.216029286384582520e-01,-5.000960826873779297e-01,9.187517315149307251e-02,1.099684974178671837e-03,-6.628827005624771118e-02,3.819618374109268188e-02,-8.398868888616561890e-02,2.198992818593978882e-01,-3.522707521915435791e-01,1.228687763214111328e+00,2.575491070747375488e-01,-5.164282768964767456e-02,-1.363948434591293335e-01,-6.343568116426467896e-02,-2.707568109035491943e-01,3.449112772941589355e-01,1.132341384887695312e+00,-6.993485987186431885e-02,-1.086425781250000000e-02,1.718157380819320679e-01
2.290704287588596344e-02,-1.068429555743932724e-02,7.775412797927856445e-01,3.648945689201354980e-02,-9.346046485006809235e-03,-4.781270027160644531e-02,9.981458187103271484e-01,1.467460244894027710e-01,-6.622813642024993896e-03,9.789828211069107056e-02,-1.181257329881191254e-02,-2.005507946014404297e-01,2.884233603253960609e-03,-5.729519203305244446e-02,-2.778359651565551758e-01,-2.775013446807861328e-01,5.226445198059082031e-01,-5.013405084609985352e-01,9.269494563341140747e-02,2.002858091145753860e-03,-6.668442487716674805e-02,3.806899860501289368e-02,-8.333736658096313477e-02,2.200036495923995972e-01,-3.497126698493957520e-01,1.228869438171386719e+00,2.557452321052551270e-01,-5.255994573235511780e-02,-1.369156688451766968e-01,-6.583908200263977051e-02,-2.734321355819702148e-01,3.451199531555175781e-01,1.124828815460205078e+00,-6.737096607685089111e-02,-1.149356085807085037e-02,1.747882664203643799e-01
2.324147336184978485e-02,-1.094570569694042206e-02,7.774458527565002441e-01,3.661065921187400818e-02,-9.641707874834537506e-03,-4.836811497807502747e-02,9.981118440628051758e-01,1.467948704957962036e-01,-6.357556674629449844e-03,9.786799550056457520e-02,-9.013672359287738800e-03,-2.025579512119293213e-01,2.686624648049473763e-03,-5.679124221205711365e-02,-2.780751287937164307e-01,-2.778222262859344482e-01,5.236880779266357422e-01,-5.030236840248107910e-01,9.408988058567047119e-02,1.856698771007359028e-03,-6.707856804132461548e-02,3.727984428405761719e-02,-8.217409253120422363e-02,2.199561893939971924e-01,-3.484233915805816650e-01,1.229947566986083984e+00,2.555589675903320312e-01,-5.348047241568565369e-02,-1.393407434225082397e-01,-6.661911308765411377e-02,-2.750289738178253174e-01,3.453953862190246582e-01,1.119696378707885742e+00,-6.506279110908508301e-02,-1.126754935830831528e-02,1.773515939712524414e-01
2.363285981118679047e-02,-1.118933781981468201e-02,7.774093151092529297e-01,3.701034933328628540e-02,-9.849429130554199219e-03,-4.876759648323059082e-02,9.980756044387817383e-01,1.464199870824813843e-01,-6.848435848951339722e-03,9.730007499456405640e-02,-5.596740171313285828e-03,-2.037839740514755249e-01,2.246966585516929626e-03,-5.627613514661788940e-02,-2.787734270095825195e-01,-2.774592936038970947e-01,5.245224237442016602e-01,-5.047615170478820801e-01,9.381058812141418457e-02,3.001926466822624207e-03,-6.750132888555526733e-02,3.711632266640663147e-02,-8.103563636541366577e-02,2.197377085685729980e-01,-3.448240458965301514e-01,1.229935884475708008e+00,2.532866895198822021e-01,-5.469086021184921265e-02,-1.406625062227249146e-01,-6.519278138875961304e-02,-2.759238481521606445e-01,3.452298939228057861e-01,1.114940524101257324e+00,-6.127233803272247314e-02,-1.260217186063528061e-02,1.791841238737106323e-01
2.401292882859706879e-02,-1.139353774487972260e-02,7.773027420043945312e-01,3.731743991374969482e-02,-9.956104680895805359e-03,-4.891748726367950439e-02,9.980558156967163086e-01,1.457080692052841187e-01,-7.196949329227209091e-03,9.641079604625701904e-02,-2.197101479396224022e-03,-2.063154131174087524e-01,2.502847230061888695e-03,-5.600621923804283142e-02,-2.791941761970520020e-01,-2.766640782356262207e-01,5.255519747734069824e-01,-5.069720149040222168e-01,9.377903491258621216e-02,3.554128343239426613e-03,-6.826931238174438477e-02,3.726021572947502136e-02,-7.986188679933547974e-02,2.198711782693862915e-01,-3.423230350017547607e-01,1.229222416877746582e+00,2.513926625251770020e-01,-5.538748577237129211e-02,-1.403867155313491821e-01,-6.337730586528778076e-02,-2.764989137649536133e-01,3.451275527477264404e-01,1.112250328063964844e+00,-5.880114808678627014e-02,-1.294258702546358109e-02,1.808842867612838745e-01
2.442950196564197540e-02,-1.155424118041992188e-02,7.771699428558349609e-01,3.741556778550148010e-02,-1.061729993671178818e-02,-4.892322793602943420e-02,9.980450272560119629e-01,1.455501168966293335e-01,-7.115597371011972427e-03,9.691965579986572266e-02,2.771311206743121147e-03,-2.099158614873886108e-01,3.874958259984850883e-03,-5.504831671714782715e-02,-2.799905240535736084e-01,-2.772316336631774902e-01,5.282632708549499512e-01,-5.084080100059509277e-01,9.502150863409042358e-02,3.562719793990254402e-03,-6.949400901794433594e-02,3.699185326695442200e-02,-7.883622497320175171e-02,2.200431674718856812e-01,-3.396148085594177246e-01,1.228937625885009766e+00,2.494980841875076294e-01,-5.642846971750259399e-02,-1.404501348733901978e-01,-6.179822981357574463e-02,-2.761012613773345947e-01,3.443443775177001953e-01,1.110799789428710938e+00,-5.499764904379844666e-02,-1.275648549199104309e-02,1.829313337802886963e-01
2.493874356150627136e-02,-1.166841667145490646e-02,7.770146131515502930e-01,3.764466568827629089e-02,-1.085114758461713791e-02,-4.900882020592689514e-02,9.980297088623046875e-01,1.445825546979904175e-01,-7.448634598404169083e-03,9.654016047716140747e-02,7.852520793676376343e-03,-2.140077352523803711e-01,4.958772566169500351e-03,-5.455432087182998657e-02,-2.808133661746978760e-01,-2.773134112358093262e-01,5.300878882408142090e-01,-5.108708739280700684e-01,9.536700695753097534e-02,4.007521551102399826e-03,-7.038845866918563843e-02,3.782854974269866943e-02,-7.762777060270309448e-02,2.203192561864852905e-01,-3.370758295059204102e-01,1.227873086929321289e+00,2.476191520690917969e-01,-5.687347054481506348e-02,-1.395836621522903442e-01,-6.067258492112159729e-02,-2.758589088916778564e-01,3.438824117183685303e-01,1.110447168350219727e+00,-5.176224559545516968e-02,-1.193471159785985947e-02,1.838929206132888794e-01
2.558807842433452606e-02,-1.178663410246372223e-02,7.769025564193725586e-01,3.795486316084861755e-02,-1.099600829184055328e-02,-4.893440380692481995e-02,9.980199933052062988e-01,1.433699131011962891e-01,-7.974547334015369415e-03,9.639053791761398315e-02,1.336488034576177597e-02,-2.177186161279678345e-01,6.147911772131919861e-03,-5.415669456124305725e-02,-2.817760109901428223e-01,-2.771162688732147217e-01,5.323346853256225586e-01,-5.130104422569274902e-01,9.480129182338714600e-02,4.349356982856988907e-03,-7.098870724439620972e-02,3.882885724306106567e-02,-7.591102272272109985e-02,2.202322632074356079e-01,-3.335845470428466797e-01,1.225828289985656738e+00,2.449303567409515381e-01,-5.665109306573867798e-02,-1.387034952640533447e-01,-5.978124588727951050e-02,-2.755734026432037354e-01,3.419158458709716797e-01,1.110698461532592773e+00,-4.811397567391395569e-02,-1.109741255640983582e-02,1.829137057065963745e-01
2.633387595415115356e-02,-1.195203606039285660e-02,7.767441868782043457e-01,3.814208880066871643e-02,-1.107742730528116226e-02,-4.908727854490280151e-02,9.980044364929199219e-01,1.422115564346313477e-01,-8.112316951155662537e-03,9.707800298929214478e-02,1.900264061987400055e-02,-2.224723100662231445e-01,7.885784842073917389e-03,-5.377049744129180908e-02,-2.825803160667419434e-01,-2.777385413646697998e-01,5.344696044921875000e-01,-5.151746273040771484e-01,9.571868926286697388e-02,4.217761568725109100e-03,-7.154504209756851196e-02,3.986216709017753601e-02,-7.401496171951293945e-02,2.204803973436355591e-01,-3.306537568569183350e-01,1.223587751388549805e+00,2.423046678304672241e-01,-5.584830418229103088e-02,-1.368974447250366211e-01,-5.970569327473640442e-02,-2.747964859008789062e-01,3.389820456504821777e-01,1.112481951713562012e+00,-4.446092247962951660e-02,-8.819379843771457672e-03,1.818066835403442383e-01
2.726504579186439514e-02,-1.221878733485937119e-02,7.766025662422180176e-01,3.841358423233032227e-02,-1.079257577657699585e-02,-4.902109876275062561e-02,9.980004429817199707e-01,1.406825482845306396e-01,-8.382149972021579742e-03,9.656418114900588989e-02,2.420703321695327759e-02,-2.266951501369476318e-01,9.578860364854335785e-03,-5.375651270151138306e-02,-2.832017242908477783e-01,-2.776701152324676514e-01,5.364748239517211914e-01,-5.174544453620910645e-01,9.573719650506973267e-02,5.011160857975482941e-03,-7.198992371559143066e-02,4.132832959294319153e-02,-7.234753668308258057e-02,2.210490852594375610e-01,-3.272423446178436279e-01,1.220667481422424316e+00,2.400102913379669189e-01,-5.550407990813255310e-02,-1.342951804399490356e-01,-6.043617054820060730e-02,-2.743678390979766846e-01,3.355787694454193115e-01,1.113753676414489746e+00,-4.064888879656791687e-02,-7.749843876808881760e-03,1.779411286115646362e-01
2.830410376191139221e-02,-1.267762668430805206e-02,7.764106392860412598e-01,3.880100697278976440e-02,-1.051385141909122467e-02,-4.881413280963897705e-02,9.979985356330871582e-01,1.392830312252044678e-01,-8.634083904325962067e-03,9.571297466754913330e-02,2.937338128685951233e-02,-2.309375554323196411e-01,1.179777178913354874e-02,-5.383788049221038818e-02,-2.839143872261047363e-01,-2.775245904922485352e-01,5.392179489135742188e-01,-5.207242965698242188e-01,9.545732289552688599e-02,5.667941179126501083e-03,-7.269294559955596924e-02,4.252436384558677673e-02,-7.026994973421096802e-02,2.225150018930435181e-01,-3.242467045783996582e-01,1.217194199562072754e+00,2.390290498733520508e-01,-5.544591322541236877e-02,-1.314126104116439819e-01,-6.491824984550476074e-02,-2.758592069149017334e-01,3.311301171779632568e-01,1.114289164543151855e+00,-3.688288852572441101e-02,-6.809124723076820374e-03,1.725233197212219238e-01
2.946842648088932037e-02,-1.338998600840568542e-02,7.761613726615905762e-01,3.955757617950439453e-02,-9.881734848022460938e-03,-4.864076897501945496e-02,9.979837536811828613e-01,1.376747936010360718e-01,-9.440103545784950256e-03,9.350022673606872559e-02,3.369631990790367126e-02,-2.346416711807250977e-01,1.308094151318073273e-02,-5.461866036057472229e-02,-2.849689126014709473e-01,-2.770686745643615723e-01,5.422031879425048828e-01,-5.255191326141357422e-01,9.337550401687622070e-02,6.537882145494222641e-03,-7.333238422870635986e-02,4.390462115406990051e-02,-6.783517450094223022e-02,2.247909009456634521e-01,-3.217950165271759033e-01,1.212674856185913086e+00,2.382985949516296387e-01,-5.569084733724594116e-02,-1.280115097761154175e-01,-7.484007626771926880e-02,-2.814154028892517090e-01,3.242782652378082275e-01,1.112614989280700684e+00,-3.259161114692687988e-02,-6.278173066675662994e-03,1.637037247419357300e-01
3.065352886915206909e-02,-1.444418914616107941e-02,7.758501768112182617e-01,4.039850831031799316e-02,-8.816826157271862030e-03,-4.764074087142944336e-02,9.980083107948303223e-01,1.350761651992797852e-01,-9.920619428157806396e-03,9.057272225618362427e-02,3.750925138592720032e-02,-2.382438480854034424e-01,1.369388308376073837e-02,-5.640623345971107483e-02,-2.857242524623870850e-01,-2.764883637428283691e-01,5.463756322860717773e-01,-5.313813686370849609e-01,9.161956608295440674e-02,6.875888444483280182e-03,-7.377741485834121704e-02,4.714049771428108215e-02,-6.769348680973052979e-02,2.272831052541732788e-01,-3.190399706363677979e-01,1.206949949264526367e+00,2.391305565834045410e-01,-5.623700842261314392e-02,-1.237996667623519897e-01,-8.098229765892028809e-02,-2.860194742679595947e-01,3.173711895942687988e-01,1.114002227783203125e+00,-2.729401364922523499e-02,-4.553715698421001434e-03,1.538744121789932251e-01
3.182386606931686401e-02,-1.592309959232807159e-02,7.754472494125366211e-01,4.174281656742095947e-02,-7.680993527173995972e-03,-4.655960947275161743e-02,9.980133771896362305e-01,1.321624964475631714e-01,-1.099919714033603668e-02,8.537246286869049072e-02,4.138753563165664673e-02,-2.416995912790298462e-01,1.439849566668272018e-02,-5.986512824892997742e-02,-2.872895896434783936e-01,-2.750712335109710693e-01,5.538460612297058105e-01,-5.392955541610717773e-01,8.495987206697463989e-02,7.541913539171218872e-03,-7.274360209703445435e-02,5.236821621656417847e-02,-6.942638754844665527e-02,2.292510271072387695e-01,-3.154664933681488037e-01,1.200386524200439453e+00,2.401392757892608643e-01,-5.607634782791137695e-02,-1.175686269998550415e-01,-7.745698094367980957e-02,-2.851060926914215088e-01,3.105849921703338623e-01,1.119407773017883301e+00,-2.022968418896198273e-02,-4.460404161363840103e-03,1.440935432910919189e-01
3.285931795835494995e-02,-1.805027015507221222e-02,7.749443054199218750e-01,4.325664415955543518e-02,-7.157105486840009689e-03,-4.523325711488723755e-02,9.980137944221496582e-01,1.294899731874465942e-01,-1.142081618309020996e-02,8.062019199132919312e-02,4.720038920640945435e-02,-2.453821897506713867e-01,1.592915691435337067e-02,-6.422802060842514038e-02,-2.890994846820831299e-01,-2.739141881465911865e-01,5.660985112190246582e-01,-5.491620302200317383e-01,8.046978712081909180e-02,7.728820666670799255e-03,-7.309173792600631714e-02,5.797986313700675964e-02,-7.147006690502166748e-02,2.323259860277175903e-01,-3.121491670608520508e-01,1.193972945213317871e+00,2.410748898983001709e-01,-5.570654943585395813e-02,-1.114742308855056763e-01,-7.016274333000183105e-02,-2.811419963836669922e-01,3.037969470024108887e-01,1.124495148658752441e+00,-1.177908480167388916e-02,-4.727849271148443222e-03,1.357613205909729004e-01
3.373749554157257080e-02,-2.088276669383049011e-02,7.742365002632141113e-01,4.521275311708450317e-02,-7.191408425569534302e-03,-4.336619004607200623e-02,9.980097413063049316e-01,1.262620091438293457e-01,-1.173927914351224899e-02,7.502790540456771851e-02,5.590433999896049500e-02,-2.502968013286590576e-01,1.603128574788570404e-02,-7.008875161409378052e-02,-2.915885448455810547e-01,-2.714903652667999268e-01,5.843145251274108887e-01,-5.620983839035034180e-01,7.489684969186782837e-02,7.959365844726562500e-03,-7.458519190549850464e-02,6.475856155157089233e-02,-7.370894402265548706e-02,2.366298139095306396e-01,-3.082401752471923828e-01,1.188031911849975586e+00,2.404837757349014282e-01,-5.528502166271209717e-02,-1.032757982611656189e-01,-6.198237463831901550e-02,-2.760051190853118896e-01,2.962888181209564209e-01,1.126482725143432617e+00,-2.946233842521905899e-03,-5.971007049083709717e-03,1.256214529275894165e-01
3.444642946124076843e-02,-2.464286983013153076e-02,7.733425498008728027e-01,4.766303673386573792e-02,-8.353291079401969910e-03,-4.168373346328735352e-02,9.979583621025085449e-01,1.228668689727783203e-01,-1.162696070969104767e-02,7.027386873960494995e-02,7.023715972900390625e-02,-2.569342553615570068e-01,1.734019815921783447e-02,-7.793141156435012817e-02,-2.950946688652038574e-01,-2.681088745594024658e-01,6.114771962165832520e-01,-5.770567059516906738e-01,6.960050761699676514e-02,7.425121497362852097e-03,-7.784943282604217529e-02,7.368723303079605103e-02,-7.619376480579376221e-02,2.422357499599456787e-01,-3.040253221988677979e-01,1.181622147560119629e+00,2.390867471694946289e-01,-5.408783257007598877e-02,-9.536685049533843994e-02,-5.409205332398414612e-02,-2.692043483257293701e-01,2.870607674121856689e-01,1.123955726623535156e+00,7.986132055521011353e-03,-7.102107163518667221e-03,1.159628778696060181e-01
3.491697832942008972e-02,-2.944006398320198059e-02,7.718245387077331543e-01,5.115801841020584106e-02,-1.052441168576478958e-02,-4.037939384579658508e-02,9.978184103965759277e-01,1.179819628596305847e-01,-1.225569192320108414e-02,6.366920471191406250e-02,9.189634025096893311e-02,-2.690552771091461182e-01,1.767143607139587402e-02,-8.816739171743392944e-02,-3.009380102157592773e-01,-2.641066610813140869e-01,6.476917862892150879e-01,-5.977891087532043457e-01,6.415477395057678223e-02,7.099743466824293137e-03,-8.170081675052642822e-02,8.541416376829147339e-02,-7.914756238460540771e-02,2.483889758586883545e-01,-2.989169061183929443e-01,1.172844648361206055e+00,2.364864945411682129e-01,-5.155942216515541077e-02,-8.991336822509765625e-02,-4.500177130103111267e-02,-2.614779472351074219e-01,2.764688432216644287e-01,1.115382313728332520e+00,2.099512517452239990e-02,-8.324696682393550873e-03,1.080393493175506592e-01
3.526011481881141663e-02,-3.529003262519836426e-02,7.697180509567260742e-01,5.533549189567565918e-02,-1.318498700857162476e-02,-3.898185491561889648e-02,9.976194500923156738e-01,1.092684417963027954e-01,-1.258341781795024872e-02,5.585500225424766541e-02,1.234064325690269470e-01,-2.876997292041778564e-01,1.680712588131427765e-02,-1.015163064002990723e-01,-3.073732256889343262e-01,-2.578081786632537842e-01,6.929490566253662109e-01,-6.228452324867248535e-01,5.635273084044456482e-02,4.852451384067535400e-03,-8.722036331892013550e-02,1.009066775441169739e-01,-8.207758516073226929e-02,2.547877132892608643e-01,-2.928788363933563232e-01,1.158014297485351562e+00,2.287597954273223877e-01,-4.898544028401374817e-02,-8.330269902944564819e-02,-3.268712013959884644e-02,-2.568944096565246582e-01,2.658369243144989014e-01,1.103785157203674316e+00,3.285399824380874634e-02,-9.725949726998806000e-03,9.760262817144393921e-02
3.561619296669960022e-02,-4.217164963483810425e-02,7.669239044189453125e-01,5.977873876690864563e-02,-1.671702228486537933e-02,-3.724154084920883179e-02,9.973766207695007324e-01,9.491101652383804321e-02,-1.157056074589490891e-02,4.798198118805885315e-02,1.707090586423873901e-01,-3.148789107799530029e-01,1.669957488775253296e-02,-1.167083457112312317e-01,-3.139553070068359375e-01,-2.513457238674163818e-01,7.474486231803894043e-01,-6.491600275039672852e-01,4.554878175258636475e-02,1.345379161648452282e-03,-9.523253142833709717e-02,1.189864575862884521e-01,-8.612687885761260986e-02,2.594003379344940186e-01,-2.878724932670593262e-01,1.135556459426879883e+00,2.183886170387268066e-01,-4.795064032077789307e-02,-7.753241062164306641e-02,-1.530604716390371323e-02,-2.631375789642333984e-01,2.544999420642852783e-01,1.093632578849792480e+00,4.748753830790519714e-02,-1.121975295245647430e-02,8.199258893728256226e-02
3.625304624438285828e-02,-4.980032518506050110e-02,7.643787860870361328e-01,6.341297179460525513e-02,-2.083496563136577606e-02,-3.621409833431243896e-02,9.971124529838562012e-01,6.906532496213912964e-02,-7.333036046475172043e-03,3.988179191946983337e-02,2.464546561241149902e-01,-3.465023040771484375e-01,1.765520870685577393e-02,-1.296300292015075684e-01,-3.170557320117950439e-01,-2.456180602312088013e-01,8.007432222366333008e-01,-6.673365235328674316e-01,3.677888959646224976e-02,1.951214508153498173e-04,-1.020158231258392334e-01,1.391175836324691772e-01,-8.682110905647277832e-02,2.587290704250335693e-01,-2.805116176605224609e-01,1.109613537788391113e+00,2.023211121559143066e-01,-4.489937797188758850e-02,-6.919600069522857666e-02,-5.802565719932317734e-03,-2.710970044136047363e-01,2.410755604505538940e-01,1.072817087173461914e+00,6.039200350642204285e-02,-1.724380441009998322e-02,6.118138879537582397e-02
3.724669292569160461e-02,-5.771105363965034485e-02,7.620465755462646484e-01,6.434200704097747803e-02,-2.344658598303794861e-02,-3.613540157675743103e-02,9.969977736473083496e-01,2.209000475704669952e-02,3.739068051800131798e-03,3.060497343540191650e-02,3.612466752529144287e-01,-3.839027583599090576e-01,1.842094585299491882e-02,-1.411983221769332886e-01,-3.097926080226898193e-01,-2.385714799165725708e-01,8.446099162101745605e-01,-6.768490672111511230e-01,2.935877814888954163e-02,2.181039424613118172e-03,-1.039181128144264221e-01,1.661315411329269409e-01,-8.336567133665084839e-02,2.631359696388244629e-01,-2.718033194541931152e-01,1.080761313438415527e+00,1.827647984027862549e-01,-4.297483339905738831e-02,-5.543376877903938293e-02,-2.390236826613545418e-03,-2.797057926654815674e-01,2.296789735555648804e-01,1.041424274444580078e+00,7.007624208927154541e-02,-2.616446837782859802e-02,3.720844164490699768e-02
3.860511630773544312e-02,-6.545899808406829834e-02,7.589593529701232910e-01,6.021600216627120972e-02,-2.501063980162143707e-02,-3.819751739501953125e-02,9.971406459808349609e-01,-5.406863242387771606e-02,2.960019372403621674e-02,2.597104571759700775e-02,5.298639535903930664e-01,-4.169215559959411621e-01,1.634169928729534149e-02,-1.469675004482269287e-01,-2.865740954875946045e-01,-2.329298853874206543e-01,8.717853426933288574e-01,-6.865918636322021484e-01,1.632749289274215698e-02,1.041864417493343353e-02,-9.867014735937118530e-02,1.959632039070129395e-01,-7.559805363416671753e-02,2.742942273616790771e-01,-2.607713043689727783e-01,1.049354076385498047e+00,1.539415270090103149e-01,-4.271969199180603027e-02,-3.877480328083038330e-02,-3.658551489934325218e-03,-2.894931435585021973e-01,2.218861132860183716e-01,1.004352688789367676e+00,8.101598918437957764e-02,-3.686010837554931641e-02,1.031959522515535355e-02
3.993334993720054626e-02,-7.267512381076812744e-02,7.517879605293273926e-01,3.789568692445755005e-02,-2.365329116582870483e-02,-4.786489158868789673e-02,9.978544116020202637e-01,-1.976909041404724121e-01,1.009717062115669250e-01,2.182695548981428146e-03,8.201961517333984375e-01,-4.356654286384582520e-01,-3.769069910049438477e-03,-1.451028287410736084e-01,-2.144844681024551392e-01,-2.393362373113632202e-01,8.712703585624694824e-01,-7.101628780364990234e-01,-7.097785826772451401e-03,3.062478639185428619e-02,-5.765470117330551147e-02,2.243879735469818115e-01,-6.732152402400970459e-02,2.937056422233581543e-01,-2.530062794685363770e-01,1.011141061782836914e+00,1.264021098613739014e-01,-5.096235498785972595e-02,-2.548397332429885864e-02,-1.396794989705085754e-02,-3.037138581275939941e-01,2.196706980466842651e-01,9.474768638610839844e-01,8.636426925659179688e-02,-4.701509326696395874e-02,-2.216502465307712555e-02
4.228920489549636841e-02,-7.935030013322830200e-02,7.465305328369140625e-01,1.889236271381378174e-02,-2.081560157239437103e-02,-5.696348473429679871e-02,9.979804158210754395e-01,-3.053626418113708496e-01,1.425165086984634399e-01,-2.979023940861225128e-02,1.015871286392211914e+00,-4.409919381141662598e-01,-1.503864582628011703e-02,-1.499817222356796265e-01,-1.497363150119781494e-01,-2.326992750167846680e-01,8.750427961349487305e-01,-7.199516296386718750e-01,-2.180097438395023346e-02,6.070282682776451111e-02,-2.728416770696640015e-02,2.512685656547546387e-01,-5.495755374431610107e-02,3.009962737560272217e-01,-2.365830242633819580e-01,9.842084646224975586e-01,9.875454008579254150e-02,-5.649012327194213867e-02,-8.980435319244861603e-03,-2.015866152942180634e-02,-3.199177682399749756e-01,2.232097387313842773e-01,9.026188850402832031e-01,8.510360866785049438e-02,-5.983955040574073792e-02,-4.876789078116416931e-02
4.655622690916061401e-02,-8.682398498058319092e-02,7.427653074264526367e-01,-5.700393579900264740e-03,-5.330169573426246643e-03,-6.900794804096221924e-02,9.975855946540832520e-01,-4.265768527984619141e-01,1.948525309562683105e-01,-6.371581554412841797e-02,1.186733365058898926e+00,-4.247444570064544678e-01,-2.426926977932453156e-02,-1.615385264158248901e-01,-6.072662025690078735e-02,-2.286245226860046387e-01,8.359457254409790039e-01,-7.205520272254943848e-01,-3.639992326498031616e-02,9.599754959344863892e-02,1.816682144999504089e-02,2.629281580448150635e-01,-4.655100032687187195e-02,3.099141120910644531e-01,-2.273392081260681152e-01,9.538633227348327637e-01,7.660866528749465942e-02,-6.003514677286148071e-02,-2.989552740473300219e-04,-3.709776327013969421e-02,-3.475439548492431641e-01,2.250285595655441284e-01,8.427101373672485352e-01,8.375401049852371216e-02,-6.977497786283493042e-02,-7.991299778223037720e-02
5.238707736134529114e-02,-9.455011039972305298e-02,7.419519424438476562e-01,-2.353689633309841156e-02,1.367027591913938522e-02,-8.153903484344482422e-02,9.962984323501586914e-01,-5.354985594749450684e-01,2.162985354661941528e-01,-9.677866846323013306e-02,1.293078899383544922e+00,-3.952771723270416260e-01,-3.096963278949260712e-02,-1.692348271608352661e-01,1.342245936393737793e-02,-2.198326587677001953e-01,7.740802764892578125e-01,-7.067669630050659180e-01,-4.354457557201385498e-02,1.339205801486968994e-01,5.588497593998908997e-02,2.605994045734405518e-01,-3.782844170928001404e-02,3.101401925086975098e-01,-2.254378348588943481e-01,9.383101463317871094e-01,6.415550410747528076e-02,-5.714318156242370605e-02,2.005770104005932808e-03,-5.186248943209648132e-02,-3.813603520393371582e-01,2.253511995077133179e-01,7.903660535812377930e-01,7.770565152168273926e-02,-7.469408959150314331e-02,-1.027172282338142395e-01
5.974142998456954956e-02,-1.021275520324707031e-01,7.421020269393920898e-01,-2.740852162241935730e-02,2.510076388716697693e-02,-9.127345681190490723e-02,9.951320886611938477e-01,-6.093102097511291504e-01,1.880020350217819214e-01,-1.029485091567039490e-01,1.323936343193054199e+00,-3.948302865028381348e-01,-3.419852256774902344e-02,-1.666923761367797852e-01,4.702990129590034485e-02,-2.046487778425216675e-01,7.334330081939697266e-01,-6.994059085845947266e-01,-3.721864521503448486e-02,1.659892201423645020e-01,6.274799257516860962e-02,2.687364220619201660e-01,-2.171919122338294983e-02,3.092609047889709473e-01,-2.268774509429931641e-01,9.296973347663879395e-01,5.094125494360923767e-02,-6.323046237230300903e-02,1.309481682255864143e-03,-6.540926545858383179e-02,-4.120486378669738770e-01,2.211466878652572632e-01,7.449869513511657715e-01,7.933039963245391846e-02,-8.663783222436904907e-02,-1.183240860700607300e-01
6.835129857063293457e-02,-1.100141406059265137e-01,7.423797845840454102e-01,-2.643085643649101257e-02,3.612770140171051025e-02,-9.821616113185882568e-02,9.941578507423400879e-01,-6.697580814361572266e-01,1.477273106575012207e-01,-9.579870104789733887e-02,1.308339715003967285e+00,-4.087060093879699707e-01,-3.382423147559165955e-02,-1.625400185585021973e-01,6.794296950101852417e-02,-1.871764361858367920e-01,6.980358362197875977e-01,-6.960219144821166992e-01,-2.782087028026580811e-02,1.890855431556701660e-01,5.972709879279136658e-02,2.779095172882080078e-01,-5.763245280832052231e-04,3.095029294490814209e-01,-2.251207232475280762e-01,9.290033578872680664e-01,4.167084768414497375e-02,-6.799498945474624634e-02,7.696868269704282284e-04,-8.155459910631179810e-02,-4.435171484947204590e-01,2.176977992057800293e-01,7.036737203598022461e-01,7.826349884271621704e-02,-9.774881601333618164e-02,-1.334263384342193604e-01
7.792865484952926636e-02,-1.183520257472991943e-01,7.425460219383239746e-01,-2.541167847812175751e-02,4.621778801083564758e-02,-1.028003767132759094e-01,9.933027029037475586e-01,-7.264643907546997070e-01,1.104432046413421631e-01,-7.890448719263076782e-02,1.260582208633422852e+00,-4.181277155876159668e-01,-3.074646927416324615e-02,-1.551840901374816895e-01,8.728510886430740356e-02,-1.714541167020797729e-01,6.658756136894226074e-01,-6.888303756713867188e-01,-1.981564983725547791e-02,2.041242718696594238e-01,5.196503922343254089e-02,2.872548699378967285e-01,2.270382270216941833e-02,3.125148713588714600e-01,-2.174516022205352783e-01,9.360620975494384766e-01,3.415694460272789001e-02,-6.924878060817718506e-02,6.150465342216193676e-04,-1.007739827036857605e-01,-4.761361777782440186e-01,2.110039144754409790e-01,6.686619520187377930e-01,8.466157317161560059e-02,-1.068808063864707947e-01,-1.461437791585922241e-01
8.827261626720428467e-02,-1.272186785936355591e-01,7.427580952644348145e-01,-2.229948155581951141e-02,5.383829399943351746e-02,-1.089052855968475342e-01,9.923425912857055664e-01,-7.740852236747741699e-01,7.716252654790878296e-02,-6.662115454673767090e-02,1.195190787315368652e+00,-4.195223450660705566e-01,-3.607959672808647156e-02,-1.417576223611831665e-01,1.000206097960472107e-01,-1.578855663537979126e-01,6.365601420402526855e-01,-6.840500235557556152e-01,-1.516148261725902557e-02,2.132232189178466797e-01,4.656258225440979004e-02,2.965598702430725098e-01,4.778114333748817444e-02,3.161320686340332031e-01,-2.081511020660400391e-01,9.473341107368469238e-01,2.597564272582530975e-02,-7.007689028978347778e-02,6.720640230923891068e-03,-1.241207569837570190e-01,-5.117674469947814941e-01,2.023310959339141846e-01,6.411616802215576172e-01,8.609587699174880981e-02,-1.152509599924087524e-01,-1.597418040037155151e-01
9.944513440132141113e-02,-1.363424062728881836e-01,7.424469590187072754e-01,-2.149192988872528076e-02,6.226813793182373047e-02,-1.146193444728851318e-01,9.912230968475341797e-01,-8.152509331703186035e-01,5.529906600713729858e-02,-4.997496679425239563e-02,1.119521617889404297e+00,-4.083466827869415283e-01,-4.128170385956764221e-02,-1.242269650101661682e-01,1.184212192893028259e-01,-1.442317664623260498e-01,5.992535352706909180e-01,-6.767954826354980469e-01,-1.171329151839017868e-02,2.189824283123016357e-01,3.956961259245872498e-02,3.041558265686035156e-01,6.972289085388183594e-02,3.252903819084167480e-01,-2.023391574621200562e-01,9.611042141914367676e-01,2.702870406210422516e-02,-7.367336004972457886e-02,1.320699322968721390e-02,-1.473245620727539062e-01,-5.504481196403503418e-01,1.937311142683029175e-01,6.242746710777282715e-01,8.542815595865249634e-02,-1.211541295051574707e-01,-1.742422729730606079e-01
1.114983484148979187e-01,-1.455869227647781372e-01,7.416073083877563477e-01,-2.121686749160289764e-02,7.183428108692169189e-02,-1.193830966949462891e-01,9.900188446044921875e-01,-8.486641645431518555e-01,3.822371363639831543e-02,-3.550882264971733093e-02,1.041861176490783691e+00,-3.873857259750366211e-01,-4.946856200695037842e-02,-1.047068685293197632e-01,1.370884925127029419e-01,-1.332189142704010010e-01,5.574963688850402832e-01,-6.691738963127136230e-01,-1.210193708539009094e-02,2.230530083179473877e-01,3.118898347020149231e-02,3.097726702690124512e-01,8.832648396492004395e-02,3.359864056110382080e-01,-1.874031573534011841e-01,9.802750349044799805e-01,2.660799212753772736e-02,-7.589190453290939331e-02,2.429967932403087616e-02,-1.717218905687332153e-01,-5.928034186363220215e-01,1.869817972183227539e-01,6.139255166053771973e-01,7.849510014057159424e-02,-1.275836527347564697e-01,-1.892900615930557251e-01
1.243568435311317444e-01,-1.545535027980804443e-01,7.401912808418273926e-01,-2.169093675911426544e-02,8.079337328672409058e-02,-1.234295889735221863e-01,9.888210296630859375e-01,-8.744862079620361328e-01,2.693614177405834198e-02,-2.255599200725555420e-02,9.686374664306640625e-01,-3.584097027778625488e-01,-6.113009527325630188e-02,-8.313898742198944092e-02,1.549633592367172241e-01,-1.239606142044067383e-01,5.180207490921020508e-01,-6.609737873077392578e-01,-1.295652706176042557e-02,2.253737002611160278e-01,2.079235576093196869e-02,3.141613602638244629e-01,1.066119298338890076e-01,3.501554429531097412e-01,-1.739066392183303833e-01,9.989743232727050781e-01,3.263731673359870911e-02,-7.800272852182388306e-02,4.028399288654327393e-02,-1.996665596961975098e-01,-6.366254687309265137e-01,1.832498013973236084e-01,6.149460077285766602e-01,7.538710534572601318e-02,-1.310780048370361328e-01,-2.048867642879486084e-01
1.381487548351287842e-01,-1.627841591835021973e-01,7.380501627922058105e-01,-2.388742193579673767e-02,8.906318247318267822e-02,-1.270589083433151245e-01,9.875997304916381836e-01,-8.921183943748474121e-01,2.326607331633567810e-02,-2.138025360181927681e-03,9.010421037673950195e-01,-3.365550637245178223e-01,-6.998749822378158569e-02,-6.278034299612045288e-02,1.735462844371795654e-01,-1.144733503460884094e-01,4.878220856189727783e-01,-6.512978672981262207e-01,-1.224803924560546875e-02,2.282058298587799072e-01,5.524969659745693207e-03,3.146248757839202881e-01,1.211862415075302124e-01,3.689017891883850098e-01,-1.642911881208419800e-01,1.017898678779602051e+00,4.071205854415893555e-02,-8.094445616006851196e-02,5.382733419537544250e-02,-2.275606542825698853e-01,-6.780365109443664551e-01,1.805016696453094482e-01,6.294198036193847656e-01,7.468529045581817627e-02,-1.343156248331069946e-01,-2.195405066013336182e-01
1.530035585165023804e-01,-1.701494455337524414e-01,7.349199652671813965e-01,-2.581347338855266571e-02,9.559993445873260498e-02,-1.315265893936157227e-01,9.863544106483459473e-01,-9.033561944961547852e-01,2.070545405149459839e-02,1.279028132557868958e-02,8.524286746978759766e-01,-3.202108442783355713e-01,-7.050967216491699219e-02,-4.619508609175682068e-02,1.882674992084503174e-01,-9.928480535745620728e-02,4.756512045860290527e-01,-6.467243432998657227e-01,-8.823994547128677368e-03,2.327119410037994385e-01,-1.273336634039878845e-02,3.140799403190612793e-01,1.376012116670608521e-01,3.888472914695739746e-01,-1.510657072067260742e-01,1.034009814262390137e+00,4.992405325174331665e-02,-8.364647626876831055e-02,6.988036632537841797e-02,-2.577225863933563232e-01,-7.204220890998840332e-01,1.855970025062561035e-01,6.515759825706481934e-01,7.414872199296951294e-02,-1.390123218297958374e-01,-2.289429455995559692e-01
1.694554835557937622e-01,-1.764672547578811646e-01,7.305223941802978516e-01,-2.931705117225646973e-02,1.024797782301902771e-01,-1.341386586427688599e-01,9.852132797241210938e-01,-9.081282615661621094e-01,2.443538792431354523e-02,3.212714195251464844e-02,8.318662047386169434e-01,-3.067750632762908936e-01,-6.368161737918853760e-02,-3.297663480043411255e-02,2.065373659133911133e-01,-6.929751485586166382e-02,4.721412062644958496e-01,-6.427484750747680664e-01,-6.777185481041669846e-03,2.373824268579483032e-01,-3.466355428099632263e-02,3.112708926200866699e-01,1.452568173408508301e-01,4.127614796161651611e-01,-1.400123536586761475e-01,1.056827902793884277e+00,6.429365277290344238e-02,-8.473087847232818604e-02,8.294023573398590088e-02,-2.848918437957763672e-01,-7.560032606124877930e-01,1.919886916875839233e-01,6.845664978027343750e-01,7.478208839893341064e-02,-1.413483172655105591e-01,-2.304528653621673584e-01
1.866432875394821167e-01,-1.820170581340789795e-01,7.247417569160461426e-01,-3.349263593554496765e-02,1.066682562232017517e-01,-1.391501426696777344e-01,9.839397072792053223e-01,-9.236111640930175781e-01,3.503131121397018433e-02,3.713327273726463318e-02,8.607258200645446777e-01,-3.132595717906951904e-01,-5.476903915405273438e-02,-2.868841029703617096e-02,2.150237113237380981e-01,-6.999988853931427002e-02,5.032892823219299316e-01,-6.452081799507141113e-01,-4.351441282778978348e-03,2.416981458663940430e-01,-4.752867668867111206e-02,3.011261522769927979e-01,1.565832197666168213e-01,4.332257211208343506e-01,-1.286386847496032715e-01,1.076643824577331543e+00,6.570124626159667969e-02,-8.066772669553756714e-02,9.998637437820434570e-02,-2.983168661594390869e-01,-7.871590256690979004e-01,2.023749798536300659e-01,7.077944278717041016e-01,6.657306849956512451e-02,-1.389412879943847656e-01,-2.332346737384796143e-01
2.060785591602325439e-01,-1.872621029615402222e-01,7.200679183006286621e-01,-3.633351624011993408e-02,1.126999408006668091e-01,-1.463753283023834229e-01,9.821165204048156738e-01,-9.253206253051757812e-01,5.166156962513923645e-02,5.295895040035247803e-02,8.956015110015869141e-01,-3.374066054821014404e-01,-3.391473367810249329e-02,-2.704504504799842834e-02,2.180791348218917847e-01,-7.422180473804473877e-02,5.394682884216308594e-01,-6.322358846664428711e-01,7.750114891678094864e-03,2.496021389961242676e-01,-6.968464702367782593e-02,2.867108583450317383e-01,1.561037451028823853e-01,4.584315419197082520e-01,-1.161178424954414368e-01,1.105510592460632324e+00,5.991547182202339172e-02,-7.638581097126007080e-02,1.147736161947250366e-01,-3.199572861194610596e-01,-8.161504864692687988e-01,2.217083871364593506e-01,7.445458173751831055e-01,6.089296936988830566e-02,-1.373649239540100098e-01,-2.231251746416091919e-01
2.269842177629470825e-01,-1.913976520299911499e-01,7.164556980133056641e-01,-3.882992267608642578e-02,1.166171431541442871e-01,-1.518453657627105713e-01,9.807322025299072266e-01,-9.176814556121826172e-01,6.504779309034347534e-02,6.763064861297607422e-02,9.429652690887451172e-01,-3.782416880130767822e-01,-7.520499639213085175e-03,-3.471083939075469971e-02,2.164839953184127808e-01,-7.891666889190673828e-02,5.992043614387512207e-01,-5.961081385612487793e-01,3.607120737433433533e-02,2.508536577224731445e-01,-9.403294324874877930e-02,2.719508707523345947e-01,1.455263942480087280e-01,4.860745966434478760e-01,-1.050022691488265991e-01,1.144054770469665527e+00,5.392329394817352295e-02,-7.294385880231857300e-02,1.254866272211074829e-01,-3.462861776351928711e-01,-8.400520086288452148e-01,2.464232146739959717e-01,7.908068299293518066e-01,5.644787102937698364e-02,-1.361907869577407837e-01,-2.079806923866271973e-01
2.485980689525604248e-01,-1.942191123962402344e-01,7.102459669113159180e-01,-3.753304108977317810e-02,1.156511828303337097e-01,-1.538680344820022583e-01,9.805818200111389160e-01,-9.007338285446166992e-01,6.098373979330062866e-02,7.919185608625411987e-02,9.963403344154357910e-01,-4.348543584346771240e-01,3.037806414067745209e-02,-6.781018525362014771e-02,2.293646037578582764e-01,-4.339581727981567383e-02,6.960433125495910645e-01,-5.902574062347412109e-01,7.777350395917892456e-02,2.412382662296295166e-01,-1.190885454416275024e-01,2.587575912475585938e-01,1.224679946899414062e-01,5.117779374122619629e-01,-9.483691304922103882e-02,1.193084716796875000e+00,4.901581257581710815e-02,-6.507982313632965088e-02,1.320493668317794800e-01,-3.742015957832336426e-01,-8.590807914733886719e-01,2.744154632091522217e-01,8.450407385826110840e-01,5.352325737476348877e-02,-1.342842280864715576e-01,-1.919928938150405884e-01
2.709575295448303223e-01,-1.965067833662033081e-01,7.082899808883666992e-01,-3.158240765333175659e-02,1.121532693505287170e-01,-1.550942957401275635e-01,9.810045361518859863e-01,-8.793953657150268555e-01,4.122271761298179626e-02,8.539759367704391479e-02,1.052824020385742188e+00,-4.862733185291290283e-01,6.890520453453063965e-02,-1.286495327949523926e-01,2.252312451601028442e-01,-2.304277382791042328e-02,8.524097204208374023e-01,-5.604995489120483398e-01,1.359576731920242310e-01,2.260799258947372437e-01,-1.431252658367156982e-01,2.507435381412506104e-01,8.089841157197952271e-02,5.333197116851806641e-01,-8.615107834339141846e-02,1.246936559677124023e+00,3.612419590353965759e-02,-5.654020234942436218e-02,1.340120732784271240e-01,-4.055684208869934082e-01,-8.780422210693359375e-01,3.020741641521453857e-01,9.020028710365295410e-01,5.431552976369857788e-02,-1.320824921131134033e-01,-1.664922386407852173e-01
2.935486137866973877e-01,-1.979555636644363403e-01,7.036821842193603516e-01,-2.334795892238616943e-02,1.134226620197296143e-01,-1.564813256263732910e-01,9.808688759803771973e-01,-8.666929602622985840e-01,1.560122426599264145e-02,1.004572287201881409e-01,1.104348897933959961e+00,-5.508152246475219727e-01,1.221163868904113770e-01,-2.352214753627777100e-01,1.684045940637588501e-01,-4.171588644385337830e-02,1.093050837516784668e+00,-4.880195260047912598e-01,1.974431872367858887e-01,2.009181380271911621e-01,-1.710252314805984497e-01,2.489645630121231079e-01,1.516407704912126064e-03,5.479052662849426270e-01,-8.789083361625671387e-02,1.311238527297973633e+00,1.620429195463657379e-02,-5.128033831715583801e-02,1.264508068561553955e-01,-4.577690958976745605e-01,-9.036711454391479492e-01,3.325376808643341064e-01,9.688107967376708984e-01,6.609822809696197510e-02,-1.313666105270385742e-01,-1.321155279874801636e-01
3.175174295902252197e-01,-1.993993967771530151e-01,6.983708143234252930e-01,-1.927852816879749298e-02,1.206410825252532959e-01,-1.508496254682540894e-01,9.809783101081848145e-01,-8.647730350494384766e-01,-1.302957534790039062e-02,1.012863665819168091e-01,1.148777127265930176e+00,-6.137241721153259277e-01,1.668059378862380981e-01,-3.669968247413635254e-01,1.058960631489753723e-01,-6.079427152872085571e-02,1.320857882499694824e+00,-4.126294553279876709e-01,2.278640121221542358e-01,1.607481986284255981e-01,-1.815131604671478271e-01,2.396484613418579102e-01,-9.529463201761245728e-02,5.549435615539550781e-01,-1.101527512073516846e-01,1.354715108871459961e+00,-1.216049771755933762e-02,-4.542249068617820740e-02,1.151858940720558167e-01,-5.058355927467346191e-01,-9.360401630401611328e-01,3.579829633235931396e-01,1.023645877838134766e+00,7.349138706922531128e-02,-1.273217052221298218e-01,-1.049708575010299683e-01
3.426992595195770264e-01,-2.005301415920257568e-01,6.965082883834838867e-01,-1.749963313341140747e-02,1.347317099571228027e-01,-1.382152289152145386e-01,9.810391068458557129e-01,-8.611384630203247070e-01,-4.228528961539268494e-02,9.640916436910629272e-02,1.159113407135009766e+00,-6.561219692230224609e-01,1.889153867959976196e-01,-5.144321918487548828e-01,4.015639051795005798e-02,-6.978894770145416260e-02,1.483841776847839355e+00,-3.808254003524780273e-01,2.137954384088516235e-01,1.094844415783882141e-01,-1.726367473602294922e-01,2.211464643478393555e-01,-2.257013320922851562e-01,5.473039746284484863e-01,-1.574924588203430176e-01,1.386983871459960938e+00,-4.009331017732620239e-02,-4.124252498149871826e-02,1.084792017936706543e-01,-5.581485033035278320e-01,-9.772329330444335938e-01,3.835749030113220215e-01,1.085056781768798828e+00,7.641039788722991943e-02,-1.236841157078742981e-01,-8.301226049661636353e-02
3.692090809345245361e-01,-2.016995549201965332e-01,7.002881169319152832e-01,-2.098434418439865112e-02,1.470384150743484497e-01,-1.168413311243057251e-01,9.819813966751098633e-01,-8.317407965660095215e-01,-6.689099222421646118e-02,8.189573138952255249e-02,1.131330728530883789e+00,-6.785997152328491211e-01,1.854853928089141846e-01,-6.491706371307373047e-01,-1.562854461371898651e-02,-7.230911403894424438e-02,1.570610642433166504e+00,-3.751988112926483154e-01,1.832982301712036133e-01,4.987107962369918823e-02,-1.420472562313079834e-01,2.078220099210739136e-01,-3.538298308849334717e-01,5.233549475669860840e-01,-2.134125977754592896e-01,1.380597233772277832e+00,-7.006411999464035034e-02,-4.287473112344741821e-02,1.058041229844093323e-01,-5.846287608146667480e-01,-1.025711894035339355e+00,3.960294127464294434e-01,1.126080036163330078e+00,8.365910500288009644e-02,-1.232943162322044373e-01,-6.976920366287231445e-02
3.970984220504760742e-01,-2.028568089008331299e-01,7.108621597290039062e-01,-2.339502051472663879e-02,1.597563028335571289e-01,-9.133195877075195312e-02,9.826439023017883301e-01,-7.727189660072326660e-01,-9.374881535768508911e-02,6.144687905907630920e-02,1.041475057601928711e+00,-6.688169836997985840e-01,1.623675823211669922e-01,-7.638375759124755859e-01,-7.187668979167938232e-02,-8.642883598804473877e-02,1.560322046279907227e+00,-3.942982852458953857e-01,1.434399634599685669e-01,-1.397206354886293411e-02,-9.778971225023269653e-02,2.030796408653259277e-01,-4.734960794448852539e-01,4.854759573936462402e-01,-2.779522240161895752e-01,1.346855282783508301e+00,-9.931933134794235229e-02,-5.309096723794937134e-02,1.103056892752647400e-01,-5.929160714149475098e-01,-1.080314278602600098e+00,3.965023159980773926e-01,1.156717300415039062e+00,7.677756994962692261e-02,-1.266927123069763184e-01,-5.797051638364791870e-02
4.268530905246734619e-01,-2.044779211282730103e-01,7.263243198394775391e-01,-2.389517799019813538e-02,1.696469634771347046e-01,-5.492253974080085754e-02,9.836831092834472656e-01,-6.741146445274353027e-01,-1.216355934739112854e-01,4.060011357069015503e-02,8.857953548431396484e-01,-6.168532967567443848e-01,1.194463372230529785e-01,-8.502308130264282227e-01,-1.330340504646301270e-01,-1.104065403342247009e-01,1.478538036346435547e+00,-4.104645550251007080e-01,1.217167004942893982e-01,-9.192927926778793335e-02,-5.029969662427902222e-02,2.112940400838851929e-01,-5.843662619590759277e-01,4.396759867668151855e-01,-3.413345217704772949e-01,1.281090974807739258e+00,-1.119994595646858215e-01,-6.843144446611404419e-02,1.160987392067909241e-01,-5.634529590606689453e-01,-1.131161212921142578e+00,3.661484718322753906e-01,1.174000978469848633e+00,8.261717110872268677e-02,-1.366084665060043335e-01,-5.272199213504791260e-02
4.584359526634216309e-01,-2.071038931608200073e-01,7.391341328620910645e-01,-2.445402927696704865e-02,1.774682551622390747e-01,-1.948697678744792938e-02,9.836296439170837402e-01,-5.727603435516357422e-01,-1.409657299518585205e-01,5.118954461067914963e-03,7.340474724769592285e-01,-5.382167100906372070e-01,6.398696452379226685e-02,-9.102380275726318359e-01,-1.702421009540557861e-01,-1.336393356323242188e-01,1.338631510734558105e+00,-3.993161916732788086e-01,1.235843971371650696e-01,-1.651372462511062622e-01,-3.778201993554830551e-03,2.172982543706893921e-01,-6.704833507537841797e-01,3.953038156032562256e-01,-4.071469008922576904e-01,1.200242042541503906e+00,-1.159862205386161804e-01,-9.481528401374816895e-02,1.215900778770446777e-01,-5.052393078804016113e-01,-1.169048428535461426e+00,3.114996552467346191e-01,1.186260461807250977e+00,7.377908378839492798e-02,-1.392352432012557983e-01,-5.518354102969169617e-02
4.920893609523773193e-01,-2.101915925741195679e-01,7.554962038993835449e-01,-2.560446038842201233e-02,1.840623915195465088e-01,1.158115919679403305e-02,9.825127720832824707e-01,-4.598486721515655518e-01,-1.423262357711791992e-01,-3.451482206583023071e-02,5.980240106582641602e-01,-4.434093832969665527e-01,2.822358859702944756e-03,-9.359531998634338379e-01,-1.863894313573837280e-01,-1.528413891792297363e-01,1.157505393028259277e+00,-3.529220223426818848e-01,1.503923684358596802e-01,-2.340844124555587769e-01,3.669063374400138855e-02,2.288940399885177612e-01,-7.316948175430297852e-01,3.603297472000122070e-01,-4.677069187164306641e-01,1.123681664466857910e+00,-1.062287464737892151e-01,-1.241933256387710571e-01,1.291772723197937012e-01,-3.995310962200164795e-01,-1.186969876289367676e+00,2.186188399791717529e-01,1.195179700851440430e+00,5.149385333061218262e-02,-1.253449022769927979e-01,-6.101757287979125977e-02
5.264077186584472656e-01,-2.135728448629379272e-01,7.671206593513488770e-01,-2.946692891418933868e-02,1.872363984584808350e-01,3.287043049931526184e-02,9.813224673271179199e-01,-3.731004595756530762e-01,-1.099781021475791931e-01,-5.119479820132255554e-02,5.539805889129638672e-01,-3.967030644416809082e-01,-4.296309500932693481e-02,-9.367879033088684082e-01,-1.659194976091384888e-01,-1.832514107227325439e-01,9.424693584442138672e-01,-2.714682817459106445e-01,1.917268931865692139e-01,-2.810921072959899902e-01,7.295662164688110352e-02,2.385539412498474121e-01,-7.760872244834899902e-01,3.350156247615814209e-01,-5.242753028869628906e-01,1.063405990600585938e+00,-9.407098591327667236e-02,-1.552386730909347534e-01,1.244922354817390442e-01,-2.929276823997497559e-01,-1.187123656272888184e+00,1.413079500198364258e-01,1.198513031005859375e+00,1.527423132210969925e-02,-1.138845831155776978e-01,-6.958872824907302856e-02
5.589866638183593750e-01,-2.173631638288497925e-01,7.716080546379089355e-01,-3.512929007411003113e-02,1.767294853925704956e-01,4.514990746974945068e-02,9.825956225395202637e-01,-3.154501020908355713e-01,-4.816582426428794861e-02,-4.421737790107727051e-02,6.433613300323486328e-01,-3.933640122413635254e-01,-8.806923776865005493e-02,-9.083126187324523926e-01,-1.213519945740699768e-01,-2.271682918071746826e-01,7.237260341644287109e-01,-1.637504100799560547e-01,2.405087053775787354e-01,-3.152175247669219971e-01,1.041391193866729736e-01,2.567985057830810547e-01,-7.995690107345581055e-01,3.210385441780090332e-01,-5.730820894241333008e-01,1.029008507728576660e+00,-8.085660636425018311e-02,-1.811777651309967041e-01,1.142350286245346069e-01,-2.013732492923736572e-01,-1.186679482460021973e+00,8.252471685409545898e-02,1.190824389457702637e+00,-3.484663739800453186e-02,-1.052036210894584656e-01,-7.240827381610870361e-02
5.897598266601562500e-01,-2.221733033657073975e-01,7.636680006980895996e-01,-4.356985539197921753e-02,1.545368432998657227e-01,4.891375824809074402e-02,9.858130812644958496e-01,-2.483047097921371460e-01,2.129440940916538239e-02,-4.399980977177619934e-02,8.209857344627380371e-01,-4.150208234786987305e-01,-1.298652291297912598e-01,-8.732517361640930176e-01,-7.085857540369033813e-02,-2.837954759597778320e-01,5.876474380493164062e-01,-5.630651116371154785e-02,2.577760815620422363e-01,-3.333482444286346436e-01,1.235148608684539795e-01,2.804911136627197266e-01,-7.989158630371093750e-01,3.181760609149932861e-01,-6.169969439506530762e-01,1.015720725059509277e+00,-5.719213560223579407e-02,-1.860407888889312744e-01,9.784097969532012939e-02,-1.240117326378822327e-01,-1.185288310050964355e+00,3.938819468021392822e-02,1.177749514579772949e+00,-7.661595940589904785e-02,-9.218949824571609497e-02,-8.257382363080978394e-02
6.200904846191406250e-01,-2.264198362827301025e-01,7.407444715499877930e-01,-3.992907702922821045e-02,1.383893191814422607e-01,5.160925164818763733e-02,9.882259368896484375e-01,-1.905544251203536987e-01,5.822080746293067932e-02,-3.135358169674873352e-02,1.010899782180786133e+00,-4.293456673622131348e-01,-1.359718888998031616e-01,-9.195411801338195801e-01,-6.852691620588302612e-02,-3.003165125846862793e-01,6.334791183471679688e-01,-3.173653408885002136e-02,2.421850711107254028e-01,-3.526592850685119629e-01,1.106307953596115112e-01,2.597379982471466064e-01,-7.762584686279296875e-01,3.271750509738922119e-01,-6.419038176536560059e-01,1.024318695068359375e+00,-2.946281805634498596e-02,-1.740906387567520142e-01,8.813008666038513184e-02,-9.517714381217956543e-02,-1.192642331123352051e+00,2.931892313063144684e-02,1.174100041389465332e+00,-1.031409278512001038e-01,-8.039547502994537354e-02,-9.935627132654190063e-02
6.507715582847595215e-01,-2.308778017759323120e-01,7.124022841453552246e-01,-4.320814087986946106e-02,1.160842105746269226e-01,5.271458998322486877e-02,9.908978939056396484e-01,-1.246936246752738953e-01,1.018006429076194763e-01,-4.504870623350143433e-02,1.216973185539245605e+00,-4.799328148365020752e-01,-1.314840167760848999e-01,-9.548732042312622070e-01,-6.477413326501846313e-02,-3.097815215587615967e-01,7.876365184783935547e-01,-1.168859302997589111e-01,1.692309081554412842e-01,-3.659149110317230225e-01,8.958759158849716187e-02,2.438992410898208618e-01,-7.229281067848205566e-01,3.516365587711334229e-01,-6.496381163597106934e-01,1.049576520919799805e+00,-2.267412142828106880e-03,-1.444788277149200439e-01,8.567979931831359863e-02,-7.300634682178497314e-02,-1.206540226936340332e+00,4.200866445899009705e-03,1.153267145156860352e+00,-1.214254647493362427e-01,-7.122072577476501465e-02,-1.216766834259033203e-01
6.809812188148498535e-01,-2.354982346296310425e-01,6.837362647056579590e-01,-4.693613946437835693e-02,9.656421095132827759e-02,6.033430993556976318e-02,9.923870563507080078e-01,-6.498901546001434326e-02,1.399030983448028564e-01,-7.841520756483078003e-02,1.410797834396362305e+00,-5.431092381477355957e-01,-1.137973219156265259e-01,-9.977576732635498047e-01,-5.408995598554611206e-02,-2.904206514358520508e-01,1.034184694290161133e+00,-2.837713360786437988e-01,6.707426905632019043e-02,-3.794815540313720703e-01,5.840620025992393494e-02,2.509272992610931396e-01,-6.477589011192321777e-01,3.764304518699645996e-01,-6.348566412925720215e-01,1.094118356704711914e+00,2.484707906842231750e-02,-1.042576134204864502e-01,9.177143126726150513e-02,-6.780892610549926758e-02,-1.226278781890869141e+00,-2.520623430609703064e-02,1.116812944412231445e+00,-1.299334466457366943e-01,-6.244591623544692993e-02,-1.284966617822647095e-01
7.082110047340393066e-01,-2.393849939107894897e-01,6.603670120239257812e-01,-5.408968776464462280e-02,7.848938554525375366e-02,6.970390677452087402e-02,9.930030703544616699e-01,-5.048561841249465942e-02,1.602272242307662964e-01,-1.146818101406097412e-01,1.585692048072814941e+00,-6.086235642433166504e-01,-8.387961983680725098e-02,-1.030173778533935547e+00,-2.559776976704597473e-02,-2.532624304294586182e-01,1.246058940887451172e+00,-4.291922450065612793e-01,-1.223873440176248550e-02,-3.848153352737426758e-01,1.457763556391000748e-02,2.720332443714141846e-01,-5.667236447334289551e-01,3.922806978225708008e-01,-5.947146415710449219e-01,1.169174432754516602e+00,5.636289343237876892e-02,-5.253144726157188416e-02,9.554724395275115967e-02,-8.691613376140594482e-02,-1.241701245307922363e+00,-4.416403546929359436e-02,1.075957894325256348e+00,-1.378028839826583862e-01,-5.741354078054428101e-02,-1.155403628945350647e-01
7.311612963676452637e-01,-2.421397864818572998e-01,6.441573500633239746e-01,-5.748763680458068848e-02,6.767306476831436157e-02,7.232283800840377808e-02,9.934208393096923828e-01,-1.203909069299697876e-01,1.744865179061889648e-01,-1.358363181352615356e-01,1.746365904808044434e+00,-6.652377843856811523e-01,-6.177120283246040344e-02,-1.037321209907531738e+00,1.147748529911041260e-02,-2.261064201593399048e-01,1.358491897583007812e+00,-5.217946171760559082e-01,-5.416188761591911316e-02,-3.734842836856842041e-01,-2.848681807518005371e-02,2.932940125465393066e-01,-5.008099079132080078e-01,4.041493535041809082e-01,-5.412507653236389160e-01,1.252285361289978027e+00,9.525596350431442261e-02,-1.349418889731168747e-02,9.252534806728363037e-02,-1.387430280447006226e-01,-1.262296319007873535e+00,-2.036513946950435638e-02,1.030691385269165039e+00,-1.682926267385482788e-01,-5.077992007136344910e-02,-8.249353617429733276e-02
7.500967979431152344e-01,-2.437503337860107422e-01,6.433177590370178223e-01,-6.091458722949028015e-02,7.640233635902404785e-02,7.164973765611648560e-02,9.926320910453796387e-01,-2.914338409900665283e-01,2.070732563734054565e-01,-1.428268700838088989e-01,1.848439693450927734e+00,-7.141630053520202637e-01,-3.550226986408233643e-02,-1.041665315628051758e+00,3.635309264063835144e-02,-2.230454385280609131e-01,1.380918860435485840e+00,-5.481756925582885742e-01,-8.738191425800323486e-02,-3.397769033908843994e-01,-4.527616500854492188e-02,2.951993942260742188e-01,-4.357327222824096680e-01,4.148969948291778564e-01,-4.790944457054138184e-01,1.322239637374877930e+00,1.270522624254226685e-01,4.542945884168148041e-03,8.652084320783615112e-02,-2.386673688888549805e-01,-1.270493268966674805e+00,8.120574802160263062e-02,1.014507651329040527e+00,-1.946136653423309326e-01,-4.299645870923995972e-02,-6.196676939725875854e-02
7.667368054389953613e-01,-2.434179931879043579e-01,6.529812812805175781e-01,-6.952730566263198853e-02,8.726025372743606567e-02,7.090072333812713623e-02,9.912238121032714844e-01,-4.823903441429138184e-01,2.320016771554946899e-01,-1.441558897495269775e-01,1.850086569786071777e+00,-7.322989106178283691e-01,-1.283395104110240936e-02,-1.026004672050476074e+00,6.969508528709411621e-02,-2.200647294521331787e-01,1.340677976608276367e+00,-5.235772132873535156e-01,-7.060983031988143921e-02,-2.970472276210784912e-01,-4.410851374268531799e-02,2.887322902679443359e-01,-3.601535856723785400e-01,4.192990362644195557e-01,-4.262570440769195557e-01,1.357051372528076172e+00,1.409371793270111084e-01,1.430891081690788269e-02,9.111982583999633789e-02,-3.110486567020416260e-01,-1.240544557571411133e+00,1.897677183151245117e-01,1.008898615837097168e+00,-1.971550583839416504e-01,-3.859690204262733459e-02,-4.843389242887496948e-02
7.815527915954589844e-01,-2.408796101808547974e-01,6.671541333198547363e-01,-7.814852148294448853e-02,8.987791836261749268e-02,7.167712599039077759e-02,9.902914762496948242e-01,-6.454144716262817383e-01,2.625333368778228760e-01,-1.308532655239105225e-01,1.756026387214660645e+00,-7.594323158264160156e-01,9.684664197266101837e-03,-9.935781359672546387e-01,1.065002828836441040e-01,-1.979700177907943726e-01,1.271640777587890625e+00,-4.447018206119537354e-01,-1.121632009744644165e-02,-2.515172660350799561e-01,-3.388362750411033630e-02,2.808232307434082031e-01,-2.864224016666412354e-01,4.162716269493103027e-01,-3.803452551364898682e-01,1.385422468185424805e+00,1.435610800981521606e-01,1.926831156015396118e-02,1.001900956034660339e-01,-3.614062964916229248e-01,-1.202667236328125000e+00,2.805068790912628174e-01,1.010711193084716797e+00,-1.854276061058044434e-01,-3.643431514501571655e-02,-3.552094101905822754e-02
7.950185537338256836e-01,-2.365548014640808105e-01,6.841388940811157227e-01,-8.452681452035903931e-02,9.105438739061355591e-02,6.907274574041366577e-02,9.898450970649719238e-01,-7.521863579750061035e-01,2.680510580539703369e-01,-1.265693008899688721e-01,1.591768503189086914e+00,-7.460876107215881348e-01,1.735734939575195312e-02,-9.471835494041442871e-01,1.519559770822525024e-01,-1.595785915851593018e-01,1.192100524902343750e+00,-3.883276879787445068e-01,5.031293630599975586e-02,-2.070378661155700684e-01,-1.761016063392162323e-02,2.798908054828643799e-01,-2.049399465322494507e-01,4.086497426033020020e-01,-3.261283338069915771e-01,1.394874811172485352e+00,1.326197385787963867e-01,1.949757896363735199e-02,1.057278066873550415e-01,-3.795408308506011963e-01,-1.164602875709533691e+00,3.263514637947082520e-01,1.014164566993713379e+00,-1.576785892248153687e-01,-3.877852484583854675e-02,-1.729828305542469025e-02
8.069652915000915527e-01,-2.310518771409988403e-01,7.001031637191772461e-01,-9.204982221126556396e-02,8.740243315696716309e-02,6.587690860033035278e-02,9.897211194038391113e-01,-7.935606837272644043e-01,2.571332454681396484e-01,-1.280878931283950806e-01,1.391403675079345703e+00,-7.134749889373779297e-01,8.314909413456916809e-03,-8.917816281318664551e-01,1.880658566951751709e-01,-1.214270070195198059e-01,1.122196316719055176e+00,-3.437460660934448242e-01,1.075457632541656494e-01,-1.743190586566925049e-01,7.037675823085010052e-04,2.789490818977355957e-01,-1.342025995254516602e-01,4.026555120944976807e-01,-2.765658795833587646e-01,1.399075269699096680e+00,1.130067631602287292e-01,1.363099366426467896e-02,1.061374694108963013e-01,-3.828147947788238525e-01,-1.140246748924255371e+00,3.419355452060699463e-01,1.002922058105468750e+00,-1.175277978181838989e-01,-4.411798343062400818e-02,3.919536247849464417e-03
8.179077506065368652e-01,-2.250429987907409668e-01,7.103571891784667969e-01,-9.968750923871994019e-02,8.832549303770065308e-02,6.242259219288825989e-02,9.891230463981628418e-01,-7.943532466888427734e-01,2.434180825948715210e-01,-1.380205303430557251e-01,1.245676875114440918e+00,-6.664195060729980469e-01,-1.028883550316095352e-02,-8.464685082435607910e-01,2.012643218040466309e-01,-1.039940863847732544e-01,1.070194959640502930e+00,-3.339683413505554199e-01,1.358560174703598022e-01,-1.545088440179824829e-01,2.410329878330230713e-02,2.655441462993621826e-01,-6.730924546718597412e-02,4.033468663692474365e-01,-2.377867549657821655e-01,1.406665325164794922e+00,1.085522845387458801e-01,6.898354738950729370e-03,9.498621523380279541e-02,-3.754060566425323486e-01,-1.129211068153381348e+00,3.338423669338226318e-01,9.806706309318542480e-01,-8.924794197082519531e-02,-5.348731204867362976e-02,1.635510846972465515e-02
8.281109333038330078e-01,-2.187719047069549561e-01,7.125846743583679199e-01,-1.050445437431335449e-01,9.260185807943344116e-02,5.858728662133216858e-02,9.884119033813476562e-01,-7.799969911575317383e-01,2.477215826511383057e-01,-1.309326887130737305e-01,1.187871217727661133e+00,-6.451840400695800781e-01,-2.251586318016052246e-02,-8.173496127128601074e-01,1.938072443008422852e-01,-1.065336391329765320e-01,1.044077038764953613e+00,-3.590918779373168945e-01,1.419499218463897705e-01,-1.479289978742599487e-01,4.924188181757926941e-02,2.468436956405639648e-01,-1.527268532663583755e-02,4.149565994739532471e-01,-2.170480787754058838e-01,1.416908383369445801e+00,1.045270413160324097e-01,2.367689972743391991e-03,8.846177160739898682e-02,-3.644964993000030518e-01,-1.131765723228454590e+00,3.192575871944427490e-01,9.488328695297241211e-01,-6.456638872623443604e-02,-5.777628719806671143e-02,1.308864448219537735e-02
8.377382159233093262e-01,-2.127213329076766968e-01,7.086616754531860352e-01,-1.104388907551765442e-01,9.553930908441543579e-02,5.658794194459915161e-02,9.876605272293090820e-01,-7.643646001815795898e-01,2.630031406879425049e-01,-1.164643391966819763e-01,1.183804035186767578e+00,-6.716969609260559082e-01,-1.714356988668441772e-02,-7.965590953826904297e-01,1.738654971122741699e-01,-1.200398802757263184e-01,1.041256189346313477e+00,-4.011820256710052490e-01,1.290887445211410522e-01,-1.495042741298675537e-01,7.094450294971466064e-02,2.320153564214706421e-01,2.038769796490669250e-02,4.364093244075775146e-01,-2.019647061824798584e-01,1.429947495460510254e+00,1.061866879463195801e-01,3.877325914800167084e-03,8.310039341449737549e-02,-3.554426431655883789e-01,-1.141294956207275391e+00,2.993656396865844727e-01,9.216166138648986816e-01,-4.396577924489974976e-02,-5.841064453125000000e-02,6.282694172114133835e-03
8.467628359794616699e-01,-2.075663954019546509e-01,7.084560990333557129e-01,-1.149519830942153931e-01,9.755685925483703613e-02,5.609709396958351135e-02,9.869760870933532715e-01,-7.535153627395629883e-01,2.806293070316314697e-01,-9.700156748294830322e-02,1.186945557594299316e+00,-6.923725008964538574e-01,-1.184359844774007797e-02,-7.868281006813049316e-01,1.461292505264282227e-01,-1.326127350330352783e-01,1.046681284904479980e+00,-4.250240623950958252e-01,1.184023991227149963e-01,-1.562743633985519409e-01,8.733642101287841797e-02,2.179974913597106934e-01,3.231920301914215088e-02,4.654075503349304199e-01,-1.936585009098052979e-01,1.443406701087951660e+00,1.124995797872543335e-01,9.588981978595256805e-03,8.103314787149429321e-02,-3.515562713146209717e-01,-1.146809220314025879e+00,2.811613976955413818e-01,9.052145481109619141e-01,-2.188282646238803864e-02,-5.647220835089683533e-02,-9.925733320415019989e-03
8.556987047195434570e-01,-2.038305997848510742e-01,7.085636854171752930e-01,-1.183169931173324585e-01,1.016542837023735046e-01,5.704704672098159790e-02,9.861100912094116211e-01,-7.448984384536743164e-01,2.963248193264007568e-01,-7.843080908060073853e-02,1.181859493255615234e+00,-7.109967470169067383e-01,-9.148383513092994690e-03,-7.851297259330749512e-01,1.207265183329582214e-01,-1.411914825439453125e-01,1.048477649688720703e+00,-4.498729109764099121e-01,1.075514554977416992e-01,-1.686909794807434082e-01,9.867783635854721069e-02,2.075758278369903564e-01,1.571232266724109650e-02,4.949916303157806396e-01,-1.900784522294998169e-01,1.456928372383117676e+00,1.097030118107795715e-01,1.400532014667987823e-02,8.243155479431152344e-02,-3.499823808670043945e-01,-1.146695375442504883e+00,2.674158513545989990e-01,8.975622653961181641e-01,-7.610832341015338898e-03,-5.425019189715385437e-02,-2.657596766948699951e-02
8.647144436836242676e-01,-2.018990069627761841e-01,7.088475823402404785e-01,-1.195744350552558899e-01,1.066724509000778198e-01,6.064432114362716675e-02,9.852132797241210938e-01,-7.372938990592956543e-01,3.071357905864715576e-01,-6.144735589623451233e-02,1.171838641166687012e+00,-7.239089012145996094e-01,-1.140864752233028412e-02,-7.940567731857299805e-01,9.497934579849243164e-02,-1.498860567808151245e-01,1.058935761451721191e+00,-4.610514342784881592e-01,9.936520457267761230e-02,-1.882021427154541016e-01,1.033864840865135193e-01,2.029711902141571045e-01,-3.038522973656654358e-02,5.231633186340332031e-01,-1.917209476232528687e-01,1.466030120849609375e+00,9.781772643327713013e-02,1.784694008529186249e-02,8.883001655340194702e-02,-3.485997021198272705e-01,-1.140125393867492676e+00,2.553642094135284424e-01,8.984311819076538086e-01,1.038220897316932678e-02,-5.380192026495933533e-02,-4.063185304403305054e-02
8.742864131927490234e-01,-2.019173502922058105e-01,7.103245854377746582e-01,-1.190321445465087891e-01,1.147615239024162292e-01,6.518898904323577881e-02,9.840790033340454102e-01,-7.288706302642822266e-01,3.138346076011657715e-01,-4.478544369339942932e-02,1.146888375282287598e+00,-7.327677607536315918e-01,-1.587211154401302338e-02,-8.128401637077331543e-01,6.472733616828918457e-02,-1.630140244960784912e-01,1.078387856483459473e+00,-4.620461165904998779e-01,9.316104650497436523e-02,-2.126617580652236938e-01,1.031719371676445007e-01,2.004748433828353882e-01,-1.024956181645393372e-01,5.454196333885192871e-01,-1.985363811254501343e-01,1.467685341835021973e+00,7.807174324989318848e-02,1.950936950743198395e-02,9.907041490077972412e-02,-3.462466001510620117e-01,-1.127124786376953125e+00,2.471939474344253540e-01,9.136796593666076660e-01,2.653653547167778015e-02,-5.333726108074188232e-02,-5.351485311985015869e-02
8.847537040710449219e-01,-2.040195912122726440e-01,7.125313282012939453e-01,-1.131729036569595337e-01,1.215901523828506470e-01,7.055681943893432617e-02,9.835799336433410645e-01,-7.093105316162109375e-01,3.113621473312377930e-01,-2.426958270370960236e-02,1.112149834632873535e+00,-7.314783930778503418e-01,-2.451925538480281830e-02,-8.355643153190612793e-01,3.002657368779182434e-02,-1.781296581029891968e-01,1.102233767509460449e+00,-4.493409097194671631e-01,9.530549496412277222e-02,-2.406365126371383667e-01,9.857426583766937256e-02,2.026245892047882080e-01,-1.987310349941253662e-01,5.531317591667175293e-01,-2.167435884475708008e-01,1.459108352661132812e+00,4.624031856656074524e-02,1.192418579012155533e-02,1.150280982255935669e-01,-3.354497253894805908e-01,-1.114402532577514648e+00,2.355857640504837036e-01,9.423722028732299805e-01,2.976169623434543610e-02,-5.602785199880599976e-02,-6.426642835140228271e-02
8.965571522712707520e-01,-2.081460207700729370e-01,7.154987454414367676e-01,-1.044073849916458130e-01,1.243776753544807434e-01,7.522256672382354736e-02,9.838551282882690430e-01,-6.753472089767456055e-01,3.072312176227569580e-01,-1.599004026502370834e-03,1.072819828987121582e+00,-7.218528985977172852e-01,-3.107363544404506683e-02,-8.525055646896362305e-01,-8.728598244488239288e-03,-1.982424855232238770e-01,1.126464605331420898e+00,-4.361569881439208984e-01,1.025619432330131531e-01,-2.700687348842620850e-01,9.279783070087432861e-02,2.057092636823654175e-01,-3.071843385696411133e-01,5.447006225585937500e-01,-2.453564703464508057e-01,1.432837367057800293e+00,9.315723553299903870e-03,-3.848608321277424693e-05,1.260403841733932495e-01,-3.047706186771392822e-01,-1.106894016265869141e+00,2.105488032102584839e-01,9.807637929916381836e-01,4.380611702799797058e-02,-6.025774404406547546e-02,-7.698698341846466064e-02
9.105157852172851562e-01,-2.141381651163101196e-01,7.193020582199096680e-01,-8.824040740728378296e-02,1.320289522409439087e-01,8.268313109874725342e-02,9.838421940803527832e-01,-6.363654732704162598e-01,2.874316275119781494e-01,3.214117884635925293e-02,1.008324861526489258e+00,-6.975992918014526367e-01,-4.070816561579704285e-02,-8.643366098403930664e-01,-5.510621890425682068e-02,-2.186410576105117798e-01,1.136738300323486328e+00,-4.194197058677673340e-01,1.121830195188522339e-01,-3.044726252555847168e-01,8.677117526531219482e-02,2.092385590076446533e-01,-4.250502586364746094e-01,5.111391544342041016e-01,-2.896845638751983643e-01,1.392900943756103516e+00,-1.898402161896228790e-02,-1.421589683741331100e-02,1.440364271402359009e-01,-2.416233867406845093e-01,-1.097334623336791992e+00,1.624097228050231934e-01,1.016976237297058105e+00,5.396460369229316711e-02,-6.551439315080642700e-02,-8.154258877038955688e-02
9.269621372222900391e-01,-2.216855287551879883e-01,7.243689894676208496e-01,-6.849378347396850586e-02,1.389792859554290771e-01,9.371051192283630371e-02,9.834691882133483887e-01,-5.818188190460205078e-01,2.644363939762115479e-01,8.056841790676116943e-02,9.134379625320434570e-01,-6.509810686111450195e-01,-4.825822263956069946e-02,-8.630312085151672363e-01,-1.161599010229110718e-01,-2.408487945795059204e-01,1.129196763038635254e+00,-4.004483222961425781e-01,1.268047243356704712e-01,-3.460670709609985352e-01,7.820969074964523315e-02,2.106231451034545898e-01,-5.372700691223144531e-01,4.662006497383117676e-01,-3.462556600570678711e-01,1.331837296485900879e+00,-4.109271615743637085e-02,-3.195597603917121887e-02,1.576205343008041382e-01,-1.459629386663436890e-01,-1.090340852737426758e+00,9.860323369503021240e-02,1.055755019187927246e+00,6.264650076627731323e-02,-6.542795151472091675e-02,-6.929458677768707275e-02
9.460381269454956055e-01,-2.308631539344787598e-01,7.305011749267578125e-01,-5.159353464841842651e-02,1.468865275382995605e-01,1.027773469686508179e-01,9.824455380439758301e-01,-5.234659314155578613e-01,2.481931447982788086e-01,1.261985749006271362e-01,8.138175010681152344e-01,-5.861760973930358887e-01,-6.141233444213867188e-02,-8.564901351928710938e-01,-1.716400235891342163e-01,-2.579665482044219971e-01,1.084392666816711426e+00,-3.726373910903930664e-01,1.486747264862060547e-01,-3.939290642738342285e-01,7.217986881732940674e-02,2.085527330636978149e-01,-6.446828246116638184e-01,4.205327033996582031e-01,-4.164392948150634766e-01,1.263491988182067871e+00,-6.321347504854202271e-02,-6.083235517144203186e-02,1.545969247817993164e-01,-5.389643460512161255e-02,-1.096817970275878906e+00,2.555277571082115173e-02,1.099911212921142578e+00,4.381819814443588257e-02,-6.176356598734855652e-02,-4.335761442780494690e-02
9.673415422439575195e-01,-2.415962368249893188e-01,7.362105846405029297e-01,-3.851627185940742493e-02,1.543481200933456421e-01,1.036994606256484985e-01,9.818042516708374023e-01,-4.636492729187011719e-01,2.379773855209350586e-01,1.564599126577377319e-01,7.310191392898559570e-01,-5.261033177375793457e-01,-7.932105660438537598e-02,-8.397563695907592773e-01,-2.165711820125579834e-01,-2.824545800685882568e-01,1.010263919830322266e+00,-3.362312614917755127e-01,1.686626225709915161e-01,-4.342271983623504639e-01,6.620977818965911865e-02,1.998920738697052002e-01,-7.367116808891296387e-01,3.838337957859039307e-01,-4.933792054653167725e-01,1.200849413871765137e+00,-7.363501191139221191e-02,-9.381087124347686768e-02,1.462490111589431763e-01,2.996320463716983795e-02,-1.105273962020874023e+00,-3.845508396625518799e-02,1.146278500556945801e+00,2.724515460431575775e-02,-5.104248225688934326e-02,-1.053354330360889435e-02
9.889899492263793945e-01,-2.544440031051635742e-01,7.364258170127868652e-01,-2.567370794713497162e-02,1.519184261560440063e-01,9.175345301628112793e-02,9.837900996208190918e-01,-4.098861515522003174e-01,2.354109436273574829e-01,1.495556384325027466e-01,7.145388126373291016e-01,-4.922351837158203125e-01,-1.149126291275024414e-01,-8.122527599334716797e-01,-2.340500205755233765e-01,-3.191804587841033936e-01,9.218256473541259766e-01,-3.049885332584381104e-01,1.855170875787734985e-01,-4.573760926723480225e-01,5.556796118617057800e-02,1.906666159629821777e-01,-8.048890233039855957e-01,3.659151792526245117e-01,-5.633469820022583008e-01,1.153312921524047852e+00,-7.432655990123748779e-02,-1.180077940225601196e-01,1.282191425561904907e-01,1.102746129035949707e-01,-1.129877805709838867e+00,-1.020192429423332214e-01,1.179721951484680176e+00,1.397557207383215427e-03,-3.574686124920845032e-02,2.272037416696548462e-02
1.009604811668395996e+00,-2.682515382766723633e-01,7.292158603668212891e-01,-1.662562973797321320e-02,1.392522454261779785e-01,7.102026045322418213e-02,9.875669479370117188e-01,-3.594717383384704590e-01,2.457379102706909180e-01,1.177997067570686340e-01,7.693886160850524902e-01,-5.149204134941101074e-01,-1.451192200183868408e-01,-7.753164768218994141e-01,-2.282663583755493164e-01,-3.554643392562866211e-01,8.639429807662963867e-01,-2.958551049232482910e-01,1.897641569375991821e-01,-4.651388823986053467e-01,3.403851017355918884e-02,1.821210980415344238e-01,-8.444081544876098633e-01,3.669513165950775146e-01,-6.200696825981140137e-01,1.122047901153564453e+00,-8.113905787467956543e-02,-1.296602487564086914e-01,1.024393811821937561e-01,1.868585199117660522e-01,-1.166487932205200195e+00,-1.805768460035324097e-01,1.207176446914672852e+00,-2.559429034590721130e-02,-2.846318669617176056e-02,4.357842728495597839e-02
1.027231574058532715e+00,-2.821199297904968262e-01,7.113159894943237305e-01,-4.674385301768779755e-03,1.284124404191970825e-01,4.727985337376594543e-02,9.905821681022644043e-01,-3.341835737228393555e-01,2.646404504776000977e-01,8.861371129751205444e-02,8.926541805267333984e-01,-5.474255681037902832e-01,-1.520327627658843994e-01,-7.745537757873535156e-01,-2.297140508890151978e-01,-3.745198547840118408e-01,8.781163692474365234e-01,-3.192026019096374512e-01,1.709378063678741455e-01,-4.763889014720916748e-01,-1.422554603777825832e-03,1.476071178913116455e-01,-8.498978614807128906e-01,3.890406787395477295e-01,-6.568253636360168457e-01,1.113480687141418457e+00,-7.407785952091217041e-02,-1.324595510959625244e-01,8.952660858631134033e-02,2.221973538398742676e-01,-1.213540434837341309e+00,-2.272199541330337524e-01,1.224882960319519043e+00,-3.996236249804496765e-02,-2.446701005101203918e-02,3.929517418146133423e-02
1.043680548667907715e+00,-2.960512042045593262e-01,6.926908493041992188e-01,3.060502931475639343e-03,1.121130958199501038e-01,3.284310922026634216e-02,9.931478500366210938e-01,-3.082402646541595459e-01,3.470824658870697021e-01,1.010112836956977844e-01,1.066196441650390625e+00,-5.162990689277648926e-01,-1.159664690494537354e-01,-7.645531296730041504e-01,-2.167518138885498047e-01,-3.654081523418426514e-01,9.383926987648010254e-01,-3.809921145439147949e-01,1.206306293606758118e-01,-4.883347749710083008e-01,-4.104069992899894714e-02,1.228385418653488159e-01,-8.255257606506347656e-01,4.257464706897735596e-01,-6.777808070182800293e-01,1.119990110397338867e+00,-7.023389637470245361e-02,-1.268852055072784424e-01,8.213133364915847778e-02,2.558359801769256592e-01,-1.268298745155334473e+00,-2.916123270988464355e-01,1.233711361885070801e+00,-4.789020121097564697e-02,-3.142151981592178345e-02,2.339325472712516785e-02
1.056870579719543457e+00,-3.092971444129943848e-01,6.753857731819152832e-01,1.941364374943077564e-03,8.943438529968261719e-02,1.185817550867795944e-02,9.959202408790588379e-01,-3.103595972061157227e-01,4.084778130054473877e-01,6.709622591733932495e-02,1.240163564682006836e+00,-5.393858551979064941e-01,-8.138544857501983643e-02,-7.528718113899230957e-01,-1.710995435714721680e-01,-3.399953246116638184e-01,1.017721176147460938e+00,-4.623258709907531738e-01,6.536884605884552002e-02,-4.795119166374206543e-01,-8.308785408735275269e-02,1.153443679213523865e-01,-7.659478187561035156e-01,4.603401720523834229e-01,-6.613002419471740723e-01,1.140787839889526367e+00,-7.246714085340499878e-02,-1.150728464126586914e-01,7.822302728891372681e-02,2.834104597568511963e-01,-1.312737941741943359e+00,-3.609758913516998291e-01,1.223700523376464844e+00,-3.179619833827018738e-02,-5.265935510396957397e-02,-5.702552385628223419e-03
1.067545056343078613e+00,-3.214757442474365234e-01,6.636776924133300781e-01,-1.332955085672438145e-03,6.981536000967025757e-02,-1.175000704824924469e-02,9.974898099899291992e-01,-3.385260701179504395e-01,4.618927240371704102e-01,3.401405364274978638e-02,1.380470991134643555e+00,-5.796551108360290527e-01,-2.295822091400623322e-02,-7.427143454551696777e-01,-1.215707734227180481e-01,-3.232038617134094238e-01,1.099977493286132812e+00,-5.142344236373901367e-01,1.958866231143474579e-02,-4.505174458026885986e-01,-1.254443973302841187e-01,1.259218901395797729e-01,-6.994811296463012695e-01,4.905860722064971924e-01,-6.268466711044311523e-01,1.178787827491760254e+00,-6.577753275632858276e-02,-9.281999617815017700e-02,8.089516311883926392e-02,2.997547388076782227e-01,-1.342963099479675293e+00,-4.219865798950195312e-01,1.212496757507324219e+00,-2.182936295866966248e-02,-6.819514185190200806e-02,-2.502799220383167267e-02
1.075059652328491211e+00,-3.318519294261932373e-01,6.545548439025878906e-01,-8.198076859116554260e-03,4.848393797874450684e-02,-3.638235479593276978e-02,9.981274604797363281e-01,-4.117310047149658203e-01,5.045693516731262207e-01,8.013783022761344910e-03,1.473387837409973145e+00,-6.376188397407531738e-01,2.905352786183357239e-02,-7.101715803146362305e-01,-6.357799470424652100e-02,-3.154573738574981689e-01,1.141219377517700195e+00,-5.558540225028991699e-01,-2.516890177503228188e-03,-3.987120389938354492e-01,-1.596991419792175293e-01,1.516219973564147949e-01,-6.276186704635620117e-01,5.043523311614990234e-01,-5.577161312103271484e-01,1.229171395301818848e+00,-5.418824031949043274e-02,-7.279425859451293945e-02,8.871945738792419434e-02,3.145267665386199951e-01,-1.353441238403320312e+00,-4.697684347629547119e-01,1.179736852645874023e+00,2.789109712466597557e-03,-8.476105332374572754e-02,-4.254016280174255371e-02
1.080613613128662109e+00,-3.398268222808837891e-01,6.508669853210449219e-01,-1.125558186322450638e-02,2.903115563094615936e-02,-5.715261772274971008e-02,9.978798031806945801e-01,-5.141102075576782227e-01,5.269798636436462402e-01,1.415641861967742443e-03,1.486157417297363281e+00,-6.860024929046630859e-01,7.313888520002365112e-02,-6.668252348899841309e-01,-2.164899930357933044e-02,-3.082103431224822998e-01,1.151822209358215332e+00,-5.797901153564453125e-01,-1.299039646983146667e-02,-3.355882465839385986e-01,-1.866844147443771362e-01,1.769701391458511353e-01,-5.581806898117065430e-01,4.998805224895477295e-01,-4.729684889316558838e-01,1.283491969108581543e+00,-5.564128234982490540e-02,-5.745467543601989746e-02,1.126184314489364624e-01,3.202588558197021484e-01,-1.349561095237731934e+00,-4.822813570499420166e-01,1.141455769538879395e+00,2.329847775399684906e-02,-9.939234703779220581e-02,-5.770863220095634460e-02
1.084896683692932129e+00,-3.450848460197448730e-01,6.526243090629577637e-01,-1.833100244402885437e-02,9.833650663495063782e-03,-7.005914300680160522e-02,9.973258972167968750e-01,-6.143373250961303711e-01,5.245037078857421875e-01,1.335741300135850906e-02,1.419127941131591797e+00,-7.043269872665405273e-01,9.122785925865173340e-02,-6.074537634849548340e-01,1.738854311406612396e-02,-3.077324926853179932e-01,1.128550410270690918e+00,-5.761272311210632324e-01,-1.242276374250650406e-02,-2.645008563995361328e-01,-2.082567811012268066e-01,2.078708261251449585e-01,-4.889633357524871826e-01,4.849689304828643799e-01,-3.598631620407104492e-01,1.330182790756225586e+00,-7.271034270524978638e-02,-4.674295336008071899e-02,1.504201442003250122e-01,3.142718672752380371e-01,-1.336023330688476562e+00,-4.677834510803222656e-01,1.096278667449951172e+00,4.605406895279884338e-02,-1.129616498947143555e-01,-6.313478946685791016e-02
1.087615132331848145e+00,-3.479811549186706543e-01,6.558710336685180664e-01,-1.987969689071178436e-02,-1.016787253320217133e-02,-8.515693992376327515e-02,9.961172938346862793e-01,-7.024072408676147461e-01,5.086207389831542969e-01,3.298056870698928833e-02,1.336549520492553711e+00,-6.802675127983093262e-01,9.311215579509735107e-02,-5.468977093696594238e-01,4.246987402439117432e-02,-3.017219901084899902e-01,1.096189379692077637e+00,-5.741144418716430664e-01,-6.193951237946748734e-03,-1.932357251644134521e-01,-2.263508886098861694e-01,2.476184964179992676e-01,-4.261063933372497559e-01,4.772683084011077881e-01,-2.772845625877380371e-01,1.364896416664123535e+00,-1.033856198191642761e-01,-3.546277433633804321e-02,1.872332394123077393e-01,2.779201865196228027e-01,-1.313991665840148926e+00,-4.217458963394165039e-01,1.048211574554443359e+00,5.191307887434959412e-02,-1.180127337574958801e-01,-6.147921830415725708e-02
1.089364528656005859e+00,-3.483631014823913574e-01,6.623444557189941406e-01,-2.382407709956169128e-02,-2.508966438472270966e-02,-9.679707139730453491e-02,9.947025775909423828e-01,-7.670232653617858887e-01,4.615160822868347168e-01,6.331823021173477173e-02,1.195307254791259766e+00,-6.256317496299743652e-01,6.261705607175827026e-02,-4.895285665988922119e-01,7.110292464494705200e-02,-2.915515005588531494e-01,1.042199254035949707e+00,-5.527508854866027832e-01,2.046196907758712769e-02,-1.276398599147796631e-01,-2.323588877916336060e-01,2.878198027610778809e-01,-3.625576198101043701e-01,4.648451507091522217e-01,-1.935870200395584106e-01,1.382760286331176758e+00,-1.386228799819946289e-01,-3.018365427851676941e-02,1.987621933221817017e-01,2.096912264823913574e-01,-1.294813275337219238e+00,-3.469438850879669189e-01,1.010712862014770508e+00,4.044537246227264404e-02,-1.287750452756881714e-01,-6.407434493303298950e-02
1.089579582214355469e+00,-3.462161123752593994e-01,6.714317798614501953e-01,-3.354221582412719727e-02,-3.440294787287712097e-02,-1.027579754590988159e-01,9.935452342033386230e-01,-8.142619729042053223e-01,3.970244228839874268e-01,1.201333403587341309e-01,9.929330945014953613e-01,-5.486015081405639648e-01,6.845029070973396301e-03,-4.308106005191802979e-01,1.022714897990226746e-01,-2.874705195426940918e-01,9.617795944213867188e-01,-5.181616544723510742e-01,6.070381402969360352e-02,-8.363460004329681396e-02,-2.185697704553604126e-01,3.172360956668853760e-01,-3.014884591102600098e-01,4.464421272277832031e-01,-1.248367577791213989e-01,1.390860915184020996e+00,-1.868346631526947021e-01,-2.871423214673995972e-02,1.901941001415252686e-01,1.114957854151725769e-01,-1.278256893157958984e+00,-2.481862157583236694e-01,9.884341955184936523e-01,6.435722112655639648e-02,-1.406670063734054565e-01,-6.748344749212265015e-02
1.087314248085021973e+00,-3.420424163341522217e-01,6.756595373153686523e-01,-4.679112881422042847e-02,-4.787321388721466064e-02,-9.862335026264190674e-02,9.928706884384155273e-01,-8.386816382408142090e-01,3.022311031818389893e-01,1.695367395877838135e-01,7.471681833267211914e-01,-4.293381869792938232e-01,-5.897209048271179199e-02,-3.863699436187744141e-01,1.191272959113121033e-01,-2.962565422058105469e-01,9.225178360939025879e-01,-4.895931184291839600e-01,7.446604222059249878e-02,-5.039643868803977966e-02,-1.874029636383056641e-01,3.300500214099884033e-01,-2.382902204990386963e-01,4.214172065258026123e-01,-8.341982215642929077e-02,1.385067582130432129e+00,-1.964708715677261353e-01,-2.532391436398029327e-02,1.841706186532974243e-01,-8.821984753012657166e-03,-1.260531067848205566e+00,-1.376537680625915527e-01,9.679259657859802246e-01,6.987628340721130371e-02,-1.525775939226150513e-01,-9.522716701030731201e-02
1.084670066833496094e+00,-3.367997109889984131e-01,6.739050149917602539e-01,-6.094604358077049255e-02,-6.143406778573989868e-02,-9.619549661874771118e-02,9.915935993194580078e-01,-8.621149063110351562e-01,2.146580368280410767e-01,1.960935592651367188e-01,5.347694754600524902e-01,-2.995881438255310059e-01,-1.077773794531822205e-01,-3.537329435348510742e-01,1.364951133728027344e-01,-3.077880442142486572e-01,9.096288084983825684e-01,-4.921779036521911621e-01,6.847451627254486084e-02,-2.713981829583644867e-02,-1.452171802520751953e-01,3.333876430988311768e-01,-1.754103899002075195e-01,3.982931077480316162e-01,-4.821438714861869812e-02,1.371338129043579102e+00,-1.874246299266815186e-01,-1.338283903896808624e-02,1.788557022809982300e-01,-1.134605705738067627e-01,-1.243742346763610840e+00,-4.679546132683753967e-02,9.474762082099914551e-01,6.293319910764694214e-02,-1.561618149280548096e-01,-1.321308463811874390e-01
1.085739374160766602e+00,-3.324570357799530029e-01,6.709424853324890137e-01,-7.159522920846939087e-02,-7.861152291297912598e-02,-9.925805032253265381e-02,9.893645644187927246e-01,-8.698840737342834473e-01,1.667954623699188232e-01,2.078299671411514282e-01,4.821636378765106201e-01,-2.173018306493759155e-01,-1.267875880002975464e-01,-3.085078001022338867e-01,1.561119854450225830e-01,-3.052102923393249512e-01,8.995221853256225586e-01,-5.130788087844848633e-01,5.398558452725410461e-02,1.333887316286563873e-02,-1.045440733432769775e-01,3.362034559249877930e-01,-1.148291826248168945e-01,3.709762692451477051e-01,-3.472264856100082397e-02,1.352918624877929688e+00,-1.596499383449554443e-01,-2.108634449541568756e-03,1.677588224411010742e-01,-2.058922201395034790e-01,-1.215888381004333496e+00,5.814800038933753967e-02,9.255385398864746094e-01,2.954644337296485901e-02,-1.533058136701583862e-01,-1.297731250524520874e-01
1.089243173599243164e+00,-3.298235833644866943e-01,6.649901270866394043e-01,-7.343602925539016724e-02,-8.945461362600326538e-02,-1.023134887218475342e-01,9.879964590072631836e-01,-9.075070619583129883e-01,1.292139738798141479e-01,2.018867433071136475e-01,5.462588071823120117e-01,-1.958229541778564453e-01,-1.248618364334106445e-01,-2.909113764762878418e-01,1.511970758438110352e-01,-3.060518503189086914e-01,9.262409806251525879e-01,-5.528815388679504395e-01,3.705434873700141907e-02,5.567888915538787842e-02,-7.774271070957183838e-02,3.285013139247894287e-01,-7.643985748291015625e-02,3.401384353637695312e-01,-5.581935867667198181e-02,1.347112894058227539e+00,-1.282099187374114990e-01,5.234681884758174419e-04,1.542015671730041504e-01,-2.398193627595901489e-01,-1.178110122680664062e+00,1.219665855169296265e-01,8.925620913505554199e-01,-1.607090048491954803e-02,-1.589314341545104980e-01,-9.747215360403060913e-02
1.094865202903747559e+00,-3.282722532749176025e-01,6.649864315986633301e-01,-8.431065082550048828e-02,-1.091790869832038879e-01,-1.194959059357643127e-01,9.832051396369934082e-01,-8.832561373710632324e-01,1.387006491422653198e-01,1.819828897714614868e-01,6.430894732475280762e-01,-2.289423197507858276e-01,-1.244857534766197205e-01,-2.238722741603851318e-01,1.917837113142013550e-01,-2.799987792968750000e-01,8.971118927001953125e-01,-5.657330751419067383e-01,2.076698280870914459e-02,9.195394068956375122e-02,-3.137407451868057251e-02,3.295245170593261719e-01,-1.552407350391149521e-02,3.148873150348663330e-01,-5.120591446757316589e-02,1.324250340461730957e+00,-8.685615658760070801e-02,1.339160557836294174e-02,1.225670576095581055e-01,-3.615587949752807617e-01,-1.136687636375427246e+00,2.813369333744049072e-01,8.943720459938049316e-01,-7.306031137704849243e-02,-1.524394899606704712e-01,-6.496798992156982422e-02
1.101064801216125488e+00,-3.283036053180694580e-01,6.641500592231750488e-01,-8.472067862749099731e-02,-1.132288277149200439e-01,-1.236901804804801941e-01,9.821926355361938477e-01,-8.832693696022033691e-01,1.315603852272033691e-01,1.714834570884704590e-01,7.582986950874328613e-01,-2.496897429227828979e-01,-1.130549907684326172e-01,-2.049596458673477173e-01,1.898770183324813843e-01,-2.793561816215515137e-01,8.996527791023254395e-01,-5.801812410354614258e-01,1.881223917007446289e-02,1.063022315502166748e-01,-1.182310562580823898e-02,3.105448484420776367e-01,1.388338953256607056e-02,2.892517149448394775e-01,-7.188897579908370972e-02,1.311064720153808594e+00,-5.905178934335708618e-02,1.026889402419328690e-02,9.667591005563735962e-02,-3.833889067173004150e-01,-1.081325650215148926e+00,3.369437158107757568e-01,8.703988194465637207e-01,-8.865762501955032349e-02,-1.556705087423324585e-01,-4.653020575642585754e-02
1.107479453086853027e+00,-3.290201723575592041e-01,6.690742969512939453e-01,-9.128080308437347412e-02,-1.243801489472389221e-01,-1.441152989864349365e-01,9.774600863456726074e-01,-8.247476816177368164e-01,1.606667190790176392e-01,1.330120414495468140e-01,8.590212464332580566e-01,-2.665987908840179443e-01,-1.138604059815406799e-01,-1.396617740392684937e-01,2.226042598485946655e-01,-2.516477108001708984e-01,8.392605185508728027e-01,-5.654932856559753418e-01,1.166473980993032455e-02,1.220126226544380188e-01,2.661811001598834991e-02,3.051399588584899902e-01,5.291192606091499329e-02,2.739519178867340088e-01,-8.221508562564849854e-02,1.297977328300476074e+00,-1.663779281079769135e-02,1.024316158145666122e-02,5.847661197185516357e-02,-4.211582541465759277e-01,-1.007075548171997070e+00,4.097707867622375488e-01,8.518626093864440918e-01,-9.053560346364974976e-02,-1.492236256599426270e-01,-3.285454958677291870e-02
1.113263607025146484e+00,-3.296211361885070801e-01,6.741231679916381836e-01,-9.042924642562866211e-02,-1.272978633642196655e-01,-1.632024347782135010e-01,9.741574525833129883e-01,-7.631154060363769531e-01,1.714781522750854492e-01,9.601049870252609253e-02,9.387966394424438477e-01,-2.845773696899414062e-01,-1.032379418611526489e-01,-1.041466370224952698e-01,2.347298413515090942e-01,-2.221121937036514282e-01,7.974806427955627441e-01,-5.484351515769958496e-01,1.165000908076763153e-02,1.259498000144958496e-01,4.406911507248878479e-02,2.905240952968597412e-01,7.377138733863830566e-02,2.635343670845031738e-01,-1.063232421875000000e-01,1.294817328453063965e+00,8.743150159716606140e-03,8.033243939280509949e-03,2.932434342801570892e-02,-4.088375568389892578e-01,-9.280470013618469238e-01,4.381383359432220459e-01,8.205087184906005859e-01,-9.180797636508941650e-02,-1.455046683549880981e-01,-2.482891455292701721e-02
1.118280529975891113e+00,-3.297395706176757812e-01,6.797947883605957031e-01,-8.697412908077239990e-02,-1.273079812526702881e-01,-1.796878725290298462e-01,9.715659618377685547e-01,-6.890125870704650879e-01,1.745647937059402466e-01,6.550393998622894287e-02,9.961319565773010254e-01,-3.053710460662841797e-01,-8.314790576696395874e-02,-7.875006645917892456e-02,2.384899407625198364e-01,-1.914692223072052002e-01,7.585103511810302734e-01,-5.253406167030334473e-01,1.888840645551681519e-02,1.232196018099784851e-01,4.799554869532585144e-02,2.724249660968780518e-01,8.554472774267196655e-02,2.606133818626403809e-01,-1.273165941238403320e-01,1.295656800270080566e+00,2.778673730790615082e-02,6.294305876508587971e-06,4.306692630052566528e-03,-3.632117509841918945e-01,-8.409369587898254395e-01,4.304496049880981445e-01,7.836173176765441895e-01,-8.101577311754226685e-02,-1.388923972845077515e-01,-2.436777390539646149e-02
1.122572302818298340e+00,-3.292570710182189941e-01,6.849866509437561035e-01,-8.227010816335678101e-02,-1.237475946545600891e-01,-1.930044889450073242e-01,9.698801040649414062e-01,-6.077710986137390137e-01,1.792632490396499634e-01,4.214125126600265503e-02,1.051182866096496582e+00,-3.398359119892120361e-01,-5.389796942472457886e-02,-6.613568216562271118e-02,2.380981147289276123e-01,-1.615183502435684204e-01,7.247577905654907227e-01,-5.026669502258300781e-01,3.184538707137107849e-02,1.164123415946960449e-01,4.817437753081321716e-02,2.547233700752258301e-01,9.001987427473068237e-02,2.633483707904815674e-01,-1.484779566526412964e-01,1.291006565093994141e+00,6.072182580828666687e-02,-9.514610283076763153e-03,-1.534120552241802216e-02,-3.037250339984893799e-01,-7.486008405685424805e-01,4.113160073757171631e-01,7.539665102958679199e-01,-7.301053404808044434e-02,-1.315222531557083130e-01,-2.348812855780124664e-02
1.125836014747619629e+00,-3.279633224010467529e-01,6.878875494003295898e-01,-7.782796025276184082e-02,-1.187278255820274353e-01,-2.013874948024749756e-01,9.691695570945739746e-01,-5.309808850288391113e-01,1.846102178096771240e-01,2.312953025102615356e-02,1.116428971290588379e+00,-3.870428800582885742e-01,-2.227418683469295502e-02,-7.098280638456344604e-02,2.350270301103591919e-01,-1.375567317008972168e-01,7.142826318740844727e-01,-4.894590377807617188e-01,3.749595582485198975e-02,1.015165001153945923e-01,4.576345160603523254e-02,2.364803254604339600e-01,8.229506760835647583e-02,2.628523111343383789e-01,-1.703271716833114624e-01,1.282556891441345215e+00,9.198234975337982178e-02,-1.812826655805110931e-02,-2.338707819581031799e-02,-2.383566796779632568e-01,-6.564196348190307617e-01,3.948158025741577148e-01,7.462323904037475586e-01,-8.105350285768508911e-02,-1.189614608883857727e-01,-9.566487744450569153e-03
1.127985358238220215e+00,-3.259960114955902100e-01,6.903148293495178223e-01,-7.358352094888687134e-02,-1.102754846215248108e-01,-2.068422734737396240e-01,9.693508148193359375e-01,-4.540685415267944336e-01,1.911810338497161865e-01,1.520330924540758133e-02,1.165012359619140625e+00,-4.381113052368164062e-01,4.390064626932144165e-03,-8.531622588634490967e-02,2.312766760587692261e-01,-1.199198365211486816e-01,7.035226821899414062e-01,-4.786503612995147705e-01,4.536462202668190002e-02,8.233089745044708252e-02,4.119835048913955688e-02,2.160624116659164429e-01,6.355677545070648193e-02,2.656582891941070557e-01,-1.931966394186019897e-01,1.280453920364379883e+00,1.021589636802673340e-01,-2.367146499454975128e-02,-2.482098899781703949e-02,-1.748504042625427246e-01,-5.688772201538085938e-01,3.818303346633911133e-01,7.778199911117553711e-01,-8.700836449861526489e-02,-1.018172800540924072e-01,1.232268940657377243e-02
1.128998279571533203e+00,-3.236874639987945557e-01,6.931656002998352051e-01,-6.869868934154510498e-02,-9.929940849542617798e-02,-2.052080482244491577e-01,9.712413549423217773e-01,-3.834497928619384766e-01,1.947035491466522217e-01,1.140414737164974213e-02,1.189332485198974609e+00,-4.835839867591857910e-01,1.973786391317844391e-02,-1.013902127742767334e-01,2.213176935911178589e-01,-1.173546165227890015e-01,6.824201345443725586e-01,-4.682954251766204834e-01,4.295480251312255859e-02,5.940442159771919250e-02,4.050528258085250854e-02,1.859016865491867065e-01,2.652307972311973572e-02,2.725653052330017090e-01,-2.225988656282424927e-01,1.287831902503967285e+00,1.110525578260421753e-01,-2.377425320446491241e-02,-2.401524037122726440e-02,-1.138876527547836304e-01,-4.897641241550445557e-01,3.694147765636444092e-01,8.262970447540283203e-01,-1.059038341045379639e-01,-8.894951641559600830e-02,3.467744961380958557e-02
1.128823041915893555e+00,-3.210604190826416016e-01,6.947575807571411133e-01,-6.613028049468994141e-02,-8.950950205326080322e-02,-1.976525634527206421e-01,9.739344120025634766e-01,-3.123967051506042480e-01,1.990212500095367432e-01,1.203330699354410172e-02,1.206157565116882324e+00,-5.193631052970886230e-01,3.547846898436546326e-02,-1.231840327382087708e-01,2.114530354738235474e-01,-1.257829219102859497e-01,6.758689284324645996e-01,-4.575304090976715088e-01,3.485870733857154846e-02,3.068349324166774750e-02,4.123568534851074219e-02,1.596689820289611816e-01,-1.750982739031314850e-02,2.706543505191802979e-01,-2.435561567544937134e-01,1.296923041343688965e+00,1.356521099805831909e-01,-2.263617701828479767e-02,-1.817467436194419861e-02,-6.485281884670257568e-02,-4.226036667823791504e-01,3.617551922798156738e-01,8.960377573966979980e-01,-1.171487048268318176e-01,-7.231045514345169067e-02,5.889340117573738098e-02
1.127484917640686035e+00,-3.181361556053161621e-01,6.956068277359008789e-01,-6.643048673868179321e-02,-8.097650110721588135e-02,-1.899940073490142822e-01,9.761824011802673340e-01,-2.393855750560760498e-01,2.048190683126449585e-01,8.525506593286991119e-03,1.214091658592224121e+00,-5.486506223678588867e-01,3.524509444832801819e-02,-1.414328068494796753e-01,2.055438011884689331e-01,-1.403529942035675049e-01,6.659967899322509766e-01,-4.454405605792999268e-01,2.708482556045055389e-02,-3.462206805124878883e-04,4.696451500058174133e-02,1.383760124444961548e-01,-6.305635720491409302e-02,2.661672830581665039e-01,-2.588421404361724854e-01,1.305951476097106934e+00,1.611208617687225342e-01,-2.168424986302852631e-02,-9.921848773956298828e-03,-2.151742950081825256e-02,-3.696212768554687500e-01,3.507886826992034912e-01,9.743797779083251953e-01,-1.301654130220413208e-01,-5.511665716767311096e-02,7.490564882755279541e-02
1.125054001808166504e+00,-3.150039315223693848e-01,6.963376998901367188e-01,-6.941866129636764526e-02,-7.229270040988922119e-02,-1.840085983276367188e-01,9.778014421463012695e-01,-1.624762415885925293e-01,2.119381725788116455e-01,6.631200667470693588e-03,1.217875361442565918e+00,-5.543327927589416504e-01,2.263004146516323090e-02,-1.488245725631713867e-01,2.048263400793075562e-01,-1.610185503959655762e-01,6.327213048934936523e-01,-4.295591711997985840e-01,2.808066643774509430e-02,-2.614464424550533295e-02,5.907662585377693176e-02,1.196961626410484314e-01,-1.168027520179748535e-01,2.624128758907318115e-01,-2.787173688411712646e-01,1.308551073074340820e+00,1.674618422985076904e-01,-2.833526208996772766e-02,-6.633806973695755005e-03,1.930259913206100464e-02,-3.310942053794860840e-01,3.348069787025451660e-01,1.049782872200012207e+00,-1.413895934820175171e-01,-4.110324755311012268e-02,8.879177272319793701e-02
1.121686935424804688e+00,-3.117989301681518555e-01,6.973698735237121582e-01,-7.228823006153106689e-02,-6.370829045772552490e-02,-1.755130141973495483e-01,9.797503948211669922e-01,-9.354873746633529663e-02,2.194334119558334351e-01,9.340964257717132568e-03,1.200469017028808594e+00,-5.438752174377441406e-01,2.976496005430817604e-03,-1.583935320377349854e-01,2.023560702800750732e-01,-1.857120841741561890e-01,6.019195318222045898e-01,-4.087460637092590332e-01,2.702992968261241913e-02,-4.994777590036392212e-02,7.226502895355224609e-02,1.028843298554420471e-01,-1.707952320575714111e-01,2.561470866203308105e-01,-2.887474000453948975e-01,1.295106530189514160e+00,1.717856228351593018e-01,-3.736318647861480713e-02,-3.807668108493089676e-03,5.512326955795288086e-02,-3.071636557579040527e-01,3.193458318710327148e-01,1.116067886352539062e+00,-1.513242423534393311e-01,-2.890766598284244537e-02,9.584447741508483887e-02
1.117786645889282227e+00,-3.085936903953552246e-01,6.990547180175781250e-01,-7.205376029014587402e-02,-5.733163654804229736e-02,-1.671088784933090210e-01,9.816292524337768555e-01,-3.634631633758544922e-02,2.182516455650329590e-01,7.777839433401823044e-03,1.149125933647155762e+00,-5.424185395240783691e-01,-9.596211835741996765e-03,-1.607528030872344971e-01,1.916472166776657104e-01,-2.124354094266891479e-01,5.651890635490417480e-01,-3.865633308887481689e-01,3.150190412998199463e-02,-7.096271216869354248e-02,8.350078016519546509e-02,8.925113826990127563e-02,-2.280694693326950073e-01,2.544654607772827148e-01,-2.921477258205413818e-01,1.270997762680053711e+00,1.652481853961944580e-01,-4.747966676950454712e-02,-1.461423351429402828e-03,8.866383135318756104e-02,-2.933406829833984375e-01,3.006850779056549072e-01,1.166308522224426270e+00,-1.534745544195175171e-01,-1.962553523480892181e-02,1.001143679022789001e-01
1.113839983940124512e+00,-3.054137825965881348e-01,7.006636857986450195e-01,-7.196907699108123779e-02,-5.330174043774604797e-02,-1.578351557254791260e-01,9.833958745002746582e-01,1.329958811402320862e-02,2.059387266635894775e-01,5.550579167902469635e-03,1.065765976905822754e+00,-5.511193871498107910e-01,-1.712662726640701294e-02,-1.573734581470489502e-01,1.826801598072052002e-01,-2.334481179714202881e-01,5.263465046882629395e-01,-3.612304031848907471e-01,4.042707383632659912e-02,-8.839646726846694946e-02,8.735568076372146606e-02,8.134219050407409668e-02,-2.789821922779083252e-01,2.536757588386535645e-01,-2.871141135692596436e-01,1.241285920143127441e+00,1.497853249311447144e-01,-5.599568411707878113e-02,4.527644254267215729e-03,1.117941141128540039e-01,-2.876904904842376709e-01,2.816818952560424805e-01,1.206465005874633789e+00,-1.480683982372283936e-01,-1.286029536277055740e-02,1.031314656138420105e-01
1.110276699066162109e+00,-3.024998605251312256e-01,7.031370401382446289e-01,-6.839989870786666870e-02,-4.960916563868522644e-02,-1.503140181303024292e-01,9.850208759307861328e-01,5.436226353049278259e-02,1.845467984676361084e-01,-7.156230858527123928e-04,9.552341699600219727e-01,-5.670153498649597168e-01,-1.935985125601291656e-02,-1.547068655490875244e-01,1.692301183938980103e-01,-2.442464679479598999e-01,4.890550374984741211e-01,-3.338903784751892090e-01,5.065490305423736572e-02,-9.819772839546203613e-02,8.628018945455551147e-02,7.781048119068145752e-02,-3.268998563289642334e-01,2.550421357154846191e-01,-2.834984362125396729e-01,1.211626768112182617e+00,1.290974915027618408e-01,-6.525851786136627197e-02,9.861961007118225098e-03,1.286456435918807983e-01,-2.882084846496582031e-01,2.675853073596954346e-01,1.237348079681396484e+00,-1.396604478359222412e-01,-8.554806932806968689e-03,1.058090403676033020e-01
1.107327342033386230e+00,-2.997410595417022705e-01,7.062271833419799805e-01,-6.110078468918800354e-02,-4.477576166391372681e-02,-1.431496441364288330e-01,9.867978692054748535e-01,8.651384711265563965e-02,1.576419770717620850e-01,4.730768967419862747e-03,8.420263528823852539e-01,-5.842131972312927246e-01,-1.097914297133684158e-02,-1.581587344408035278e-01,1.479039788246154785e-01,-2.495108544826507568e-01,4.602441787719726562e-01,-3.092883527278900146e-01,7.274781912565231323e-02,-1.034729480743408203e-01,7.382754236459732056e-02,7.468453049659729004e-02,-3.644168674945831299e-01,2.537225782871246338e-01,-2.881558835506439209e-01,1.186555027961730957e+00,1.216655820608139038e-01,-7.335087656974792480e-02,2.875844947993755341e-03,1.408269256353378296e-01,-2.901261746883392334e-01,2.490682899951934814e-01,1.253897428512573242e+00,-1.241643801331520081e-01,-6.741859018802642822e-03,1.053880602121353149e-01
1.104453325271606445e+00,-2.971965372562408447e-01,7.069918513298034668e-01,-5.418427288532257080e-02,-4.253688082098960876e-02,-1.379971057176589966e-01,9.880341291427612305e-01,1.022261902689933777e-01,1.367734819650650024e-01,1.417317427694797516e-02,7.609055042266845703e-01,-5.888559818267822266e-01,6.919984589330852032e-04,-1.608246415853500366e-01,1.256203055381774902e-01,-2.588744163513183594e-01,4.414159059524536133e-01,-3.042827248573303223e-01,8.376932889223098755e-02,-1.074801310896873474e-01,5.774142965674400330e-02,7.995241135358810425e-02,-4.002771377563476562e-01,2.614550590515136719e-01,-2.909638881683349609e-01,1.162836432456970215e+00,1.210527941584587097e-01,-8.449972420930862427e-02,1.747927512042224407e-03,1.400056034326553345e-01,-2.925985753536224365e-01,2.418927699327468872e-01,1.261862874031066895e+00,-1.096879914402961731e-01,-6.543537136167287827e-03,1.125148534774780273e-01
