1.681939815171062946e-03,-6.577825639396905899e-03,7.207937836647033691e-01,-1.995097473263740540e-02,-9.049388766288757324e-02,-2.964676022529602051e-01,9.505365490913391113e-01,2.655673623085021973e-01,-8.715260773897171021e-03,1.610581390559673309e-02,1.430121511220932007e-01,-3.184157311916351318e-01,2.105847746133804321e-02,2.141406983137130737e-01,-4.159634187817573547e-02,-1.187452673912048340e-01,2.429147362709045410e-01,-3.872337043285369873e-01,1.115870028734207153e-01,-3.632096946239471436e-02,3.577911527827382088e-03,1.402908563613891602e-01,-4.285387322306632996e-02,2.350965440273284912e-01,-4.261368215084075928e-01,9.324613213539123535e-01,1.785014420747756958e-01,-6.795104593038558960e-02,-1.704293638467788696e-01,-4.646946117281913757e-02,-2.628499865531921387e-01,3.634140193462371826e-01,1.094599723815917969e+00,-6.844484806060791016e-02,6.552529335021972656e-02,1.852159202098846436e-01
9.057578630745410919e-03,-1.234871614724397659e-02,7.176293134689331055e-01,-1.827191747725009918e-02,-8.773577213287353516e-02,-2.959354519844055176e-01,9.509946107864379883e-01,2.803408801555633545e-01,-1.432467158883810043e-02,5.307517014443874359e-03,1.637412607669830322e-01,-3.761624991893768311e-01,2.197373658418655396e-02,2.235856652259826660e-01,-3.837265446782112122e-02,-1.148123368620872498e-01,2.704589962959289551e-01,-4.464543461799621582e-01,1.116983518004417419e-01,-3.698605671525001526e-02,6.943771732039749622e-04,1.561962515115737915e-01,-8.380178362131118774e-02,2.656068205833435059e-01,-4.121863842010498047e-01,9.445184469223022461e-01,1.777518987655639648e-01,-8.270542323589324951e-02,-1.701298654079437256e-01,-8.286517113447189331e-02,-2.953824996948242188e-01,3.562725186347961426e-01,1.102790236473083496e+00,-6.565694510936737061e-02,4.892066121101379395e-02,1.930966973304748535e-01
8.990827947854995728e-03,-1.271114964038133621e-02,7.165420651435852051e-01,-1.979548856616020203e-02,-9.436921030282974243e-02,-2.960685193538665771e-01,9.502873420715332031e-01,2.850488424301147461e-01,-1.573299802839756012e-02,3.543992293998599052e-03,1.907335072755813599e-01,-3.946050107479095459e-01,2.224613912403583527e-02,2.277203798294067383e-01,-3.988024592399597168e-02,-1.128422617912292480e-01,2.980081439018249512e-01,-4.662070274353027344e-01,1.109343543648719788e-01,-3.708633407950401306e-02,-1.104048453271389008e-03,1.800346076488494873e-01,-1.013000085949897766e-01,2.678954005241394043e-01,-4.014326035976409912e-01,9.564930200576782227e-01,1.749079376459121704e-01,-8.776740729808807373e-02,-1.694484502077102661e-01,-9.934780746698379517e-02,-2.981368601322174072e-01,3.528331518173217773e-01,1.108433961868286133e+00,-6.520462036132812500e-02,4.232781380414962769e-02,2.014734596014022827e-01
8.175254799425601959e-03,-1.259415876120328903e-02,7.157140970230102539e-01,-2.106001600623130798e-02,-1.007232293486595154e-01,-2.963169217109680176e-01,9.495301842689514160e-01,2.867170870304107666e-01,-1.705057919025421143e-02,2.434291411191225052e-03,2.166756391525268555e-01,-4.084067642688751221e-01,2.409365586936473846e-02,2.309287339448928833e-01,-4.183814674615859985e-02,-1.108408942818641663e-01,3.204526603221893311e-01,-4.791717231273651123e-01,1.100474074482917786e-01,-3.693412244319915771e-02,-2.579939318820834160e-03,1.967193186283111572e-01,-1.107939928770065308e-01,2.692961394786834717e-01,-3.913433551788330078e-01,9.715496897697448730e-01,1.760399937629699707e-01,-8.803513646125793457e-02,-1.656067818403244019e-01,-1.090853288769721985e-01,-2.985268235206604004e-01,3.510513007640838623e-01,1.112000346183776855e+00,-6.615823507308959961e-02,3.849314525723457336e-02,2.044000923633575439e-01
7.259812671691179276e-03,-1.243805140256881714e-02,7.149877548217773438e-01,-2.191299386322498322e-02,-1.060630604624748230e-01,-2.971346080303192139e-01,9.486735463142395020e-01,2.859013974666595459e-01,-1.860028691589832306e-02,2.253966405987739563e-03,2.421180307865142822e-01,-4.204053580760955811e-01,2.616271004080772400e-02,2.336535304784774780e-01,-4.389879107475280762e-02,-1.093809828162193298e-01,3.376551270484924316e-01,-4.895789027214050293e-01,1.088323444128036499e-01,-3.663825616240501404e-02,-3.366454737260937691e-03,2.092506140470504761e-01,-1.125716492533683777e-01,2.733977138996124268e-01,-3.796427547931671143e-01,9.961623549461364746e-01,1.764764338731765747e-01,-8.350447565317153931e-02,-1.594363301992416382e-01,-1.162029057741165161e-01,-2.983763515949249268e-01,3.486045598983764648e-01,1.114048838615417480e+00,-6.630860269069671631e-02,3.582973778247833252e-02,2.045466750860214233e-01
6.280314177274703979e-03,-1.222912129014730453e-02,7.143133878707885742e-01,-2.247430384159088135e-02,-1.099647060036659241e-01,-2.974661588668823242e-01,9.481121301651000977e-01,2.819647490978240967e-01,-1.961173303425312042e-02,2.659994643181562424e-03,2.665778100490570068e-01,-4.320698678493499756e-01,2.687819488346576691e-02,2.352355867624282837e-01,-4.518615454435348511e-02,-1.077184304594993591e-01,3.502029776573181152e-01,-4.987018406391143799e-01,1.066249758005142212e-01,-3.612270578742027283e-02,-5.022584926337003708e-03,2.194273620843887329e-01,-1.111768260598182678e-01,2.745425105094909668e-01,-3.685513138771057129e-01,1.023884654045104980e+00,1.779602915048599243e-01,-7.903288304805755615e-02,-1.527563482522964478e-01,-1.217617467045783997e-01,-2.968338727951049805e-01,3.470704853534698486e-01,1.116136312484741211e+00,-6.534002721309661865e-02,3.428225219249725342e-02,2.040922045707702637e-01
5.202102940529584885e-03,-1.197339873760938644e-02,7.136985659599304199e-01,-2.327610552310943604e-02,-1.129251047968864441e-01,-2.978880405426025391e-01,9.476121664047241211e-01,2.752189338207244873e-01,-1.927679963409900665e-02,3.638653783127665520e-03,2.924895882606506348e-01,-4.447678923606872559e-01,2.797583118081092834e-02,2.359384894371032715e-01,-4.518695920705795288e-02,-1.067853868007659912e-01,3.601604998111724854e-01,-5.048613548278808594e-01,1.059402078390121460e-01,-3.544212505221366882e-02,-6.549379788339138031e-03,2.273810505867004395e-01,-1.084596365690231323e-01,2.729782760143280029e-01,-3.576835393905639648e-01,1.055370330810546875e+00,1.804393082857131958e-01,-7.286351919174194336e-02,-1.470679491758346558e-01,-1.272269934415817261e-01,-2.940402030944824219e-01,3.447903990745544434e-01,1.119583010673522949e+00,-6.282103061676025391e-02,3.336957842111587524e-02,2.026758939027786255e-01
4.036205820739269257e-03,-1.159912627190351486e-02,7.130894064903259277e-01,-2.416334860026836395e-02,-1.149057373404502869e-01,-2.987267673015594482e-01,9.470877051353454590e-01,2.655231058597564697e-01,-1.810809969902038574e-02,4.945098888128995895e-03,3.201295435428619385e-01,-4.578270614147186279e-01,2.732552215456962585e-02,2.352356612682342529e-01,-4.438661038875579834e-02,-1.061363592743873596e-01,3.677690923213958740e-01,-5.103355646133422852e-01,1.046491488814353943e-01,-3.477631881833076477e-02,-6.911663804203271866e-03,2.340249270200729370e-01,-1.048930287361145020e-01,2.701950371265411377e-01,-3.473714292049407959e-01,1.088812708854675293e+00,1.833584606647491455e-01,-6.601484119892120361e-02,-1.414091736078262329e-01,-1.332676559686660767e-01,-2.911525070667266846e-01,3.434675335884094238e-01,1.123971819877624512e+00,-6.089714542031288147e-02,3.328468650579452515e-02,2.008939534425735474e-01
2.777174115180969238e-03,-1.112336758524179459e-02,7.125111818313598633e-01,-2.540130168199539185e-02,-1.160089746117591858e-01,-2.992419600486755371e-01,9.467580914497375488e-01,2.522235214710235596e-01,-1.538719329982995987e-02,6.424590479582548141e-03,3.512415587902069092e-01,-4.717198908329010010e-01,2.703993581235408783e-02,2.329632490873336792e-01,-4.212513566017150879e-02,-1.056370958685874939e-01,3.746801614761352539e-01,-5.140957832336425781e-01,1.044664159417152405e-01,-3.325227275490760803e-02,-6.793300621211528778e-03,2.402858138084411621e-01,-1.008595824241638184e-01,2.663277089595794678e-01,-3.366009891033172607e-01,1.122752547264099121e+00,1.869321018457412720e-01,-5.850867927074432373e-02,-1.360643059015274048e-01,-1.394303888082504272e-01,-2.879712879657745361e-01,3.418338596820831299e-01,1.129601359367370605e+00,-5.816931277513504028e-02,3.363673388957977295e-02,1.983864456415176392e-01
1.406010938808321953e-03,-1.046435721218585968e-02,7.118462324142456055e-01,-2.728844247758388519e-02,-1.172943860292434692e-01,-2.999510169029235840e-01,9.463227391242980957e-01,2.361355572938919067e-01,-1.120227295905351639e-02,8.612320758402347565e-03,3.890477120876312256e-01,-4.868318140506744385e-01,2.707369253039360046e-02,2.300830483436584473e-01,-3.903228044509887695e-02,-1.062056645750999451e-01,3.833571672439575195e-01,-5.167669057846069336e-01,1.023837998509407043e-01,-3.173977136611938477e-02,-5.208808463066816330e-03,2.454923987388610840e-01,-9.632620960474014282e-02,2.620221674442291260e-01,-3.255487978458404541e-01,1.158116340637207031e+00,1.896132528781890869e-01,-5.050935596227645874e-02,-1.307737678289413452e-01,-1.464494168758392334e-01,-2.846484482288360596e-01,3.406925797462463379e-01,1.136735796928405762e+00,-5.704136192798614502e-02,3.345941752195358276e-02,1.958975642919540405e-01
1.965832962014246732e-05,-9.721743874251842499e-03,7.110701203346252441e-01,-2.959256991744041443e-02,-1.173350363969802856e-01,-3.006639778614044189e-01,9.460221529006958008e-01,2.163562029600143433e-01,-5.385072901844978333e-03,9.662045165896415710e-03,4.296416640281677246e-01,-5.036011338233947754e-01,2.611165121197700500e-02,2.257860004901885986e-01,-3.417927026748657227e-02,-1.074512898921966553e-01,3.898187279701232910e-01,-5.189907550811767578e-01,1.024563238024711609e-01,-2.967377193272113800e-02,-2.604609122499823570e-03,2.510208189487457275e-01,-9.280771762132644653e-02,2.573922574520111084e-01,-3.154681026935577393e-01,1.190924763679504395e+00,1.937984228134155273e-01,-4.359243810176849365e-02,-1.271755248308181763e-01,-1.531782597303390503e-01,-2.813909053802490234e-01,3.401340544223785400e-01,1.144074082374572754e+00,-5.569340288639068604e-02,3.426890075206756592e-02,1.940053403377532959e-01
-1.332075335085391998e-03,-8.863272145390510559e-03,7.101712226867675781e-01,-3.257777541875839233e-02,-1.162015944719314575e-01,-3.009918034076690674e-01,9.459597468376159668e-01,1.927396804094314575e-01,2.381368307396769524e-03,8.508426137268543243e-03,4.734489023685455322e-01,-5.227992534637451172e-01,2.473931200802326202e-02,2.196039855480194092e-01,-2.705141343176364899e-02,-1.089408323168754578e-01,3.958834409713745117e-01,-5.201147198677062988e-01,1.023360788822174072e-01,-2.669113129377365112e-02,1.558444811962544918e-03,2.565083205699920654e-01,-8.988569676876068115e-02,2.528319358825683594e-01,-3.050108850002288818e-01,1.220482707023620605e+00,1.959509551525115967e-01,-3.742089122533798218e-02,-1.229864656925201416e-01,-1.602297276258468628e-01,-2.785648405551910400e-01,3.398016989231109619e-01,1.151477217674255371e+00,-5.499528720974922180e-02,3.486232459545135498e-02,1.910961270332336426e-01
-2.549206372350454330e-03,-7.979043759405612946e-03,7.092182040214538574e-01,-3.609601035714149475e-02,-1.137270554900169373e-01,-3.014031946659088135e-01,9.460017681121826172e-01,1.655420511960983276e-01,1.191880088299512863e-02,6.084216758608818054e-03,5.199570059776306152e-01,-5.423320531845092773e-01,2.290845103561878204e-02,2.113859504461288452e-01,-1.799089275300502777e-02,-1.112315729260444641e-01,4.010024666786193848e-01,-5.198886394500732422e-01,1.019815877079963684e-01,-2.324713580310344696e-02,7.830787450075149536e-03,2.610934376716613770e-01,-8.782211691141128540e-02,2.485979050397872925e-01,-2.950897216796875000e-01,1.245035052299499512e+00,1.963938623666763306e-01,-3.321915864944458008e-02,-1.197062358260154724e-01,-1.670557409524917603e-01,-2.759134769439697266e-01,3.387627303600311279e-01,1.158200025558471680e+00,-5.451092496514320374e-02,3.545642644166946411e-02,1.882260441780090332e-01
-3.653470426797866821e-03,-7.056130561977624893e-03,7.081222534179687500e-01,-4.017518088221549988e-02,-1.102656722068786621e-01,-3.021921515464782715e-01,9.459954500198364258e-01,1.347353458404541016e-01,2.257398702204227448e-02,9.650169522501528263e-04,5.706347823143005371e-01,-5.620223879814147949e-01,2.255715616047382355e-02,2.012128233909606934e-01,-6.913707591593265533e-03,-1.125319004058837891e-01,4.060051441192626953e-01,-5.197200775146484375e-01,1.008881852030754089e-01,-1.868839189410209656e-02,1.595682464540004730e-02,2.650954425334930420e-01,-8.685832470655441284e-02,2.451756894588470459e-01,-2.862747311592102051e-01,1.263416767120361328e+00,1.954889297485351562e-01,-3.097125329077243805e-02,-1.164583265781402588e-01,-1.732597351074218750e-01,-2.742803394794464111e-01,3.390594720840454102e-01,1.163383960723876953e+00,-5.558560043573379517e-02,3.570755198597908020e-02,1.849771440029144287e-01
-4.488006699830293655e-03,-6.101950071752071381e-03,7.068811058998107910e-01,-4.484527930617332458e-02,-1.051200553774833679e-01,-3.031587302684783936e-01,9.460620880126953125e-01,9.936133772134780884e-02,3.517250716686248779e-02,-5.196569953113794327e-03,6.248757839202880859e-01,-5.825018882751464844e-01,2.065619453787803650e-02,1.885400861501693726e-01,6.528377998620271683e-03,-1.142114028334617615e-01,4.100305140018463135e-01,-5.181612968444824219e-01,1.003157645463943481e-01,-1.287402585148811340e-02,2.606460079550743103e-02,2.690108120441436768e-01,-8.745193481445312500e-02,2.432612925767898560e-01,-2.794337868690490723e-01,1.276580691337585449e+00,1.925979405641555786e-01,-2.976797334849834442e-02,-1.124259755015373230e-01,-1.787315905094146729e-01,-2.737317085266113281e-01,3.396469652652740479e-01,1.166870474815368652e+00,-5.682108551263809204e-02,3.592728823423385620e-02,1.806031316518783569e-01
-5.048575345426797867e-03,-5.117792170494794846e-03,7.054489254951477051e-01,-5.007657408714294434e-02,-9.839446097612380981e-02,-3.044052124023437500e-01,9.461227655410766602e-01,5.898747220635414124e-02,4.922606796026229858e-02,-1.347299944609403610e-02,6.838231682777404785e-01,-6.021659374237060547e-01,1.996419392526149750e-02,1.732190102338790894e-01,2.239929139614105225e-02,-1.146309226751327515e-01,4.132241010665893555e-01,-5.161802768707275391e-01,1.002427116036415100e-01,-4.671237897127866745e-03,3.759420663118362427e-02,2.725313901901245117e-01,-9.053513407707214355e-02,2.430011332035064697e-01,-2.737590074539184570e-01,1.280767083168029785e+00,1.874370574951171875e-01,-3.149938583374023438e-02,-1.086141094565391541e-01,-1.830084025859832764e-01,-2.741918563842773438e-01,3.428483009338378906e-01,1.168143987655639648e+00,-6.042632088065147400e-02,3.564675524830818176e-02,1.772859096527099609e-01
-5.300420336425304413e-03,-4.112517461180686951e-03,7.039068341255187988e-01,-5.546217784285545349e-02,-9.015421569347381592e-02,-3.062272071838378906e-01,9.460555315017700195e-01,1.236942037940025330e-02,6.332561373710632324e-02,-2.521034888923168182e-02,7.484560012817382812e-01,-6.168713569641113281e-01,1.687411591410636902e-02,1.557546854019165039e-01,3.970067203044891357e-02,-1.146470606327056885e-01,4.147680401802062988e-01,-5.141435861587524414e-01,1.001302748918533325e-01,5.514908116310834885e-03,5.139170214533805847e-02,2.751810848712921143e-01,-9.612703323364257812e-02,2.442086935043334961e-01,-2.703835666179656982e-01,1.278528690338134766e+00,1.809357702732086182e-01,-3.529740497469902039e-02,-1.056401282548904419e-01,-1.864429563283920288e-01,-2.755296826362609863e-01,3.468232154846191406e-01,1.169285774230957031e+00,-6.185872480273246765e-02,3.623079136013984680e-02,1.735275685787200928e-01
-5.257237702608108521e-03,-3.061463125050067902e-03,7.023468613624572754e-01,-6.087161600589752197e-02,-8.050178736448287964e-02,-3.081138730049133301e-01,9.459809660911560059e-01,-3.793490678071975708e-02,7.646962255239486694e-02,-4.104217514395713806e-02,8.111417293548583984e-01,-6.271079182624816895e-01,1.407365035265684128e-02,1.350114345550537109e-01,5.812202021479606628e-02,-1.133096814155578613e-01,4.170202314853668213e-01,-5.115489363670349121e-01,9.934678673744201660e-02,1.803427748382091522e-02,6.511414796113967896e-02,2.762044370174407959e-01,-1.026228666305541992e-01,2.459303587675094604e-01,-2.668085098266601562e-01,1.270436763763427734e+00,1.716775000095367432e-01,-3.893795609474182129e-02,-1.026134192943572998e-01,-1.885741651058197021e-01,-2.774126827716827393e-01,3.502265214920043945e-01,1.169838905334472656e+00,-6.261200457811355591e-02,3.698274120688438416e-02,1.707465797662734985e-01
-4.792359191924333572e-03,-1.869899686425924301e-03,7.009453773498535156e-01,-6.548120826482772827e-02,-6.884624063968658447e-02,-3.103325664997100830e-01,9.458678960800170898e-01,-8.619230985641479492e-02,8.594665676355361938e-02,-5.461736023426055908e-02,8.613225221633911133e-01,-6.466534733772277832e-01,1.501752808690071106e-02,1.098123267292976379e-01,7.576842606067657471e-02,-1.116055473685264587e-01,4.188607633113861084e-01,-5.078479051589965820e-01,1.001339554786682129e-01,3.098689951002597809e-02,7.675024121999740601e-02,2.743873298168182373e-01,-1.083018630743026733e-01,2.477629929780960083e-01,-2.650406956672668457e-01,1.257912397384643555e+00,1.629550009965896606e-01,-4.213144257664680481e-02,-1.013143956661224365e-01,-1.902705430984497070e-01,-2.794657945632934570e-01,3.527799844741821289e-01,1.169428348541259766e+00,-6.164792925119400024e-02,3.787064179778099060e-02,1.691217720508575439e-01
-3.822555299848318100e-03,-6.432266090996563435e-04,6.999456286430358887e-01,-6.811683624982833862e-02,-5.570487305521965027e-02,-3.127682507038116455e-01,9.457446932792663574e-01,-1.295833438634872437e-01,8.970566093921661377e-02,-6.816419214010238647e-02,8.963568210601806641e-01,-6.688632369041442871e-01,1.780982501804828644e-02,8.116197586059570312e-02,8.969764411449432373e-02,-1.098225340247154236e-01,4.199661612510681152e-01,-5.052398443222045898e-01,9.971871972084045410e-02,4.383315145969390869e-02,8.631964772939682007e-02,2.690981626510620117e-01,-1.127293258905410767e-01,2.494864761829376221e-01,-2.662058174610137939e-01,1.244394302368164062e+00,1.558569371700286865e-01,-4.420598223805427551e-02,-1.006845384836196899e-01,-1.913389563560485840e-01,-2.824960052967071533e-01,3.551925420761108398e-01,1.169013500213623047e+00,-5.837335810065269470e-02,3.888269513845443726e-02,1.660756170749664307e-01
-4.112809547223150730e-04,-8.380689541809260845e-04,7.023215889930725098e-01,-5.453461408615112305e-02,-1.133208721876144409e-02,-3.154978752136230469e-01,9.472901821136474609e-01,-2.282345145940780640e-01,8.179599046707153320e-02,-7.124119997024536133e-02,8.884862065315246582e-01,-6.695415377616882324e-01,2.645962312817573547e-02,1.323626749217510223e-02,9.428315609693527222e-02,-1.048664376139640808e-01,3.501403927803039551e-01,-4.671392142772674561e-01,1.000896319746971130e-01,6.161390990018844604e-02,7.803180813789367676e-02,1.989533603191375732e-01,-1.236831992864608765e-01,2.581804394721984863e-01,-2.694032192230224609e-01,1.225874781608581543e+00,1.483366042375564575e-01,-4.204587265849113464e-02,-1.046831160783767700e-01,-2.002701014280319214e-01,-2.891697585582733154e-01,3.497590720653533936e-01,1.170067787170410156e+00,-5.067041888833045959e-02,3.963129967451095581e-02,1.666484028100967407e-01
-2.891182084567844868e-04,1.936742686666548252e-03,7.006834149360656738e-01,-6.164781376719474792e-02,-1.105349976569414139e-02,-3.161400258541107178e-01,9.466429352760314941e-01,-2.395515292882919312e-01,9.259571880102157593e-02,-7.399301230907440186e-02,9.110565185546875000e-01,-6.851348876953125000e-01,3.079361654818058014e-02,-2.530290046706795692e-03,1.039438545703887939e-01,-1.091945767402648926e-01,3.812860846519470215e-01,-4.753555357456207275e-01,9.976653754711151123e-02,6.510282307863235474e-02,8.751156181097030640e-02,2.078072726726531982e-01,-1.157437860965728760e-01,2.604471147060394287e-01,-2.726998031139373779e-01,1.217806339263916016e+00,1.505136638879776001e-01,-4.554412141442298889e-02,-1.016898304224014282e-01,-1.892916709184646606e-01,-2.878585159778594971e-01,3.530606925487518311e-01,1.169389367103576660e+00,-4.765604063868522644e-02,3.801844641566276550e-02,1.614210009574890137e-01
1.282149576582014561e-03,3.705964423716068268e-03,6.997218132019042969e-01,-6.342966109514236450e-02,-7.340455893427133560e-03,-3.162063062191009521e-01,9.465391635894775391e-01,-2.456064075231552124e-01,9.764486551284790039e-02,-6.725454330444335938e-02,9.094772934913635254e-01,-6.997401118278503418e-01,3.982272371649742126e-02,-2.150786668062210083e-02,1.056798696517944336e-01,-1.101508960127830505e-01,4.060010612010955811e-01,-4.859686791896820068e-01,1.004229560494422913e-01,6.610282510519027710e-02,8.859296888113021851e-02,2.085521668195724487e-01,-1.143281012773513794e-01,2.683649063110351562e-01,-2.753031551837921143e-01,1.207169532775878906e+00,1.532677263021469116e-01,-4.839313775300979614e-02,-1.008157953619956970e-01,-1.820922344923019409e-01,-2.890354096889495850e-01,3.535639345645904541e-01,1.168552875518798828e+00,-4.237326607108116150e-02,3.704749420285224915e-02,1.596654951572418213e-01
5.395512096583843231e-03,3.602836048230528831e-03,7.028639912605285645e-01,-4.091463238000869751e-02,8.662734180688858032e-03,-3.148407638072967529e-01,9.482226967811584473e-01,-2.519645988941192627e-01,5.705363675951957703e-02,-4.538357630372047424e-02,8.292274475097656250e-01,-6.780496835708618164e-01,6.056730449199676514e-02,-5.984683707356452942e-02,6.443440169095993042e-02,-1.036921367049217224e-01,3.992714285850524902e-01,-4.881832897663116455e-01,1.065883114933967590e-01,6.382150948047637939e-02,4.409114643931388855e-02,1.788428872823715210e-01,-1.220086961984634399e-01,2.867742776870727539e-01,-2.762170135974884033e-01,1.191146254539489746e+00,1.547659784555435181e-01,-4.494737088680267334e-02,-1.100796535611152649e-01,-1.843616664409637451e-01,-2.877489626407623291e-01,3.479108810424804688e-01,1.164967417716979980e+00,-3.484750539064407349e-02,3.630904108285903931e-02,1.634920239448547363e-01
5.345289595425128937e-03,6.827934645116329193e-03,7.010158300399780273e-01,-4.667131230235099792e-02,4.787496756762266159e-03,-3.142446577548980713e-01,9.481820464134216309e-01,-2.519364356994628906e-01,6.511951982975006104e-02,-4.310024529695510864e-02,8.452094793319702148e-01,-6.937858462333679199e-01,6.718900799751281738e-02,-7.567443698644638062e-02,6.634005159139633179e-02,-1.070721223950386047e-01,4.472311437129974365e-01,-5.026394128799438477e-01,1.067725196480751038e-01,6.002352014183998108e-02,4.729201644659042358e-02,1.901056319475173950e-01,-1.167497932910919189e-01,2.900403439998626709e-01,-2.805163264274597168e-01,1.184300303459167480e+00,1.587865054607391357e-01,-4.804499819874763489e-02,-1.093596071004867554e-01,-1.764560192823410034e-01,-2.830817699432373047e-01,3.480086624622344971e-01,1.160166263580322266e+00,-3.099281899631023407e-02,3.368987143039703369e-02,1.614969372749328613e-01
6.639732979238033295e-03,8.614435791969299316e-03,6.996299624443054199e-01,-4.725248739123344421e-02,3.378231776878237724e-03,-3.140467107295989990e-01,9.482249021530151367e-01,-2.477974146604537964e-01,6.384713947772979736e-02,-3.665174171328544617e-02,8.449084758758544922e-01,-7.045008540153503418e-01,7.564848661422729492e-02,-9.570560604333877563e-02,6.035829707980155945e-02,-1.078066155314445496e-01,4.954201579093933105e-01,-5.223854184150695801e-01,1.068762764334678650e-01,5.529125779867172241e-02,4.207919910550117493e-02,1.953091919422149658e-01,-1.166400313377380371e-01,2.972517907619476318e-01,-2.838267385959625244e-01,1.178175687789916992e+00,1.612101197242736816e-01,-4.860894381999969482e-02,-1.104902625083923340e-01,-1.766830235719680786e-01,-2.824745774269104004e-01,3.465596735477447510e-01,1.153202652931213379e+00,-2.602824568748474121e-02,3.152288496494293213e-02,1.592061966657638550e-01
7.994159124791622162e-03,1.000202633440494537e-02,6.984741687774658203e-01,-4.474394768476486206e-02,1.423591631464660168e-03,-3.137608170509338379e-01,9.484461545944213867e-01,-2.412644922733306885e-01,5.556538328528404236e-02,-2.804193645715713501e-02,8.384845256805419922e-01,-7.102048993110656738e-01,8.654005825519561768e-02,-1.200945302844047546e-01,4.709792882204055786e-02,-1.071460768580436707e-01,5.524989962577819824e-01,-5.424061417579650879e-01,1.083314418792724609e-01,4.883035644888877869e-02,3.013588860630989075e-02,2.003231793642044067e-01,-1.191470846533775330e-01,3.056653738021850586e-01,-2.860413789749145508e-01,1.175579309463500977e+00,1.642338186502456665e-01,-4.741313308477401733e-02,-1.130941957235336304e-01,-1.792776286602020264e-01,-2.822065353393554688e-01,3.449413180351257324e-01,1.146591901779174805e+00,-2.152289077639579773e-02,2.988900989294052124e-02,1.576022207736968994e-01
9.369306266307830811e-03,1.096904091536998749e-02,6.974139809608459473e-01,-3.930184617638587952e-02,-1.076646847650408745e-03,-3.131168186664581299e-01,9.489004611968994141e-01,-2.337422817945480347e-01,4.000667855143547058e-02,-1.925871707499027252e-02,8.285585045814514160e-01,-7.107908129692077637e-01,9.546907991170883179e-02,-1.505873054265975952e-01,2.644553966820240021e-02,-1.054291203618049622e-01,6.225211024284362793e-01,-5.619311928749084473e-01,1.107258945703506470e-01,4.038641601800918579e-02,1.353565417230129242e-02,2.075659632682800293e-01,-1.228804811835289001e-01,3.149756789207458496e-01,-2.892249524593353271e-01,1.176844835281372070e+00,1.670373827219009399e-01,-4.493384808301925659e-02,-1.149097532033920288e-01,-1.827632039785385132e-01,-2.817514538764953613e-01,3.449071049690246582e-01,1.140948414802551270e+00,-1.898796297609806061e-02,2.846645005047321320e-02,1.571401357650756836e-01
1.065804064273834229e-02,1.145530492067337036e-02,6.957994103431701660e-01,-3.147410973906517029e-02,-4.899948369711637497e-03,-3.119919896125793457e-01,9.495506286621093750e-01,-2.247028946876525879e-01,1.864721812307834625e-02,-9.710023179650306702e-03,8.177450895309448242e-01,-7.110750079154968262e-01,1.048502102494239807e-01,-1.878887861967086792e-01,-4.412785172462463379e-03,-1.111355423927307129e-01,7.096125483512878418e-01,-5.796558260917663574e-01,1.098949536681175232e-01,2.968201786279678345e-02,-6.894696038216352463e-03,2.159613370895385742e-01,-1.272066682577133179e-01,3.244638741016387939e-01,-2.908743023872375488e-01,1.182408928871154785e+00,1.708324849605560303e-01,-4.297024384140968323e-02,-1.171397864818572998e-01,-1.858799755573272705e-01,-2.811529934406280518e-01,3.444004356861114502e-01,1.135213732719421387e+00,-1.654273644089698792e-02,2.609200403094291687e-02,1.586184203624725342e-01
1.331974565982818604e-02,1.016863528639078140e-02,6.960124969482421875e-01,4.189834930002689362e-03,-4.292623139917850494e-03,-3.092713356018066406e-01,9.509549140930175781e-01,-1.972205489873886108e-01,-6.289207190275192261e-02,1.339559070765972137e-02,7.114874124526977539e-01,-6.654018163681030273e-01,1.244142428040504456e-01,-2.728922367095947266e-01,-1.092746406793594360e-01,-1.273961216211318970e-01,8.407168388366699219e-01,-5.963807106018066406e-01,1.134918406605720520e-01,5.527018569409847260e-03,-7.904895395040512085e-02,2.099921852350234985e-01,-1.483506113290786743e-01,3.434220254421234131e-01,-2.884097099304199219e-01,1.199795722961425781e+00,1.739131212234497070e-01,-3.971964493393898010e-02,-1.225822418928146362e-01,-2.060256600379943848e-01,-2.797132730484008789e-01,3.433867990970611572e-01,1.132011771202087402e+00,-1.439544651657342911e-02,2.391070872545242310e-02,1.643470972776412964e-01
1.372214872390031815e-02,1.113646756857633591e-02,6.935225129127502441e-01,6.840499117970466614e-03,-1.402858644723892212e-02,-3.076467812061309814e-01,9.513726234436035156e-01,-1.913833767175674438e-01,-7.567333430051803589e-02,1.983598247170448303e-02,7.329642176628112793e-01,-6.746695637702941895e-01,1.285737901926040649e-01,-3.090040683746337891e-01,-1.324179470539093018e-01,-1.254700571298599243e-01,9.250385165214538574e-01,-6.049275994300842285e-01,1.132077500224113464e-01,-9.411121718585491180e-03,-9.348524361848831177e-02,2.241555154323577881e-01,-1.427892744541168213e-01,3.495552539825439453e-01,-2.950320541858673096e-01,1.211763620376586914e+00,1.760385930538177490e-01,-3.583236038684844971e-02,-1.187596097588539124e-01,-2.007436007261276245e-01,-2.750096023082733154e-01,3.456834554672241211e-01,1.130044937133789062e+00,-1.456727273762226105e-02,2.198546938598155975e-02,1.649418026208877563e-01
1.552063040435314178e-02,1.092485897243022919e-02,6.919692754745483398e-01,1.111732982099056244e-02,-1.946450397372245789e-02,-3.053997159004211426e-01,9.519603848457336426e-01,-1.796421855688095093e-01,-9.083455801010131836e-02,2.358202449977397919e-02,7.305251955986022949e-01,-6.789625883102416992e-01,1.314515471458435059e-01,-3.550897240638732910e-01,-1.466324627399444580e-01,-1.119493842124938965e-01,9.972109198570251465e-01,-6.233857274055480957e-01,1.165865883231163025e-01,-2.852939255535602570e-02,-1.090840771794319153e-01,2.337858080863952637e-01,-1.446793377399444580e-01,3.586740791797637939e-01,-2.986023128032684326e-01,1.227480053901672363e+00,1.789769083261489868e-01,-2.979614026844501495e-02,-1.156284213066101074e-01,-2.016145735979080200e-01,-2.714855074882507324e-01,3.456561267375946045e-01,1.127922654151916504e+00,-1.376545522361993790e-02,2.056204713881015778e-02,1.670117974281311035e-01
1.965309865772724152e-02,9.113315492868423462e-03,6.944806575775146484e-01,2.975113876163959503e-02,-1.541439630091190338e-02,-3.015977442264556885e-01,9.528462886810302734e-01,-1.355124861001968384e-01,-1.346256285905838013e-01,2.493431046605110168e-02,6.076930165290832520e-01,-6.307619214057922363e-01,1.396908015012741089e-01,-4.234618544578552246e-01,-1.926197111606597900e-01,-9.522443264722824097e-02,1.056005597114562988e+00,-6.152763366699218750e-01,1.255373805761337280e-01,-5.846891924738883972e-02,-1.466136872768402100e-01,2.249460518360137939e-01,-1.664454489946365356e-01,3.731476962566375732e-01,-2.939385175704956055e-01,1.256106019020080566e+00,1.845116019248962402e-01,-2.704939618706703186e-02,-1.172621026635169983e-01,-2.208057343959808350e-01,-2.695199847221374512e-01,3.439215421676635742e-01,1.129036426544189453e+00,-1.360762398689985275e-02,2.200007811188697815e-02,1.742045879364013672e-01
2.143965475261211395e-02,9.140567854046821594e-03,6.929290294647216797e-01,3.020931966602802277e-02,-2.442962490022182465e-02,-2.992753386497497559e-01,9.533755183219909668e-01,-1.268648654222488403e-01,-1.424450278282165527e-01,2.857774309813976288e-02,6.288694143295288086e-01,-6.438638567924499512e-01,1.389871388673782349e-01,-4.567213952541351318e-01,-2.097588479518890381e-01,-9.085457772016525269e-02,1.098113894462585449e+00,-6.096181869506835938e-01,1.322174817323684692e-01,-7.694207876920700073e-02,-1.579078435897827148e-01,2.368489950895309448e-01,-1.618822365999221802e-01,3.751332759857177734e-01,-3.008903563022613525e-01,1.268456220626831055e+00,1.918228566646575928e-01,-2.251993678510189056e-02,-1.118357330560684204e-01,-2.140852063894271851e-01,-2.655383646488189697e-01,3.420915007591247559e-01,1.129290699958801270e+00,-1.346747577190399170e-02,2.174557186663150787e-02,1.703350096940994263e-01
2.665191888809204102e-02,7.114897947758436203e-03,6.962400674819946289e-01,2.959028631448745728e-02,-1.926723681390285492e-02,-2.984015643596649170e-01,9.537870287895202637e-01,-8.134171366691589355e-02,-1.414489001035690308e-01,2.164523676037788391e-02,5.371576547622680664e-01,-6.146439313888549805e-01,1.355473101139068604e-01,-4.991774559020996094e-01,-2.094416916370391846e-01,-9.130022674798965454e-02,1.086163997650146484e+00,-5.986624360084533691e-01,1.395602524280548096e-01,-9.950482845306396484e-02,-1.557687520980834961e-01,2.334055304527282715e-01,-1.841305345296859741e-01,3.804988563060760498e-01,-3.018798828125000000e-01,1.287951469421386719e+00,1.954710334539413452e-01,-1.801893860101699829e-02,-1.104363277554512024e-01,-2.280290722846984863e-01,-2.663771510124206543e-01,3.355031311511993408e-01,1.133162617683410645e+00,-1.342503912746906281e-02,2.509215101599693298e-02,1.679797172546386719e-01
2.914051897823810577e-02,6.791617721319198608e-03,6.951346397399902344e-01,2.838682569563388824e-02,-3.009264543652534485e-02,-2.965402007102966309e-01,9.541239738464355469e-01,-6.989644467830657959e-02,-1.459344327449798584e-01,2.624999545514583588e-02,5.651434659957885742e-01,-6.284123659133911133e-01,1.319705992937088013e-01,-5.319527387619018555e-01,-2.202648669481277466e-01,-8.514511585235595703e-02,1.085849285125732422e+00,-5.987327098846435547e-01,1.503823548555374146e-01,-1.185361072421073914e-01,-1.643672287464141846e-01,2.442752867937088013e-01,-1.827204078435897827e-01,3.760689795017242432e-01,-3.124764561653137207e-01,1.292563199996948242e+00,2.038566172122955322e-01,-1.486449409276247025e-02,-1.035576388239860535e-01,-2.190487384796142578e-01,-2.627339363098144531e-01,3.313513100147247314e-01,1.135549187660217285e+00,-1.223986037075519562e-02,2.474813535809516907e-02,1.622415930032730103e-01
3.631299734115600586e-02,3.758331527933478355e-03,7.001904249191284180e-01,2.064073085784912109e-02,-2.090416476130485535e-02,-2.973427474498748779e-01,9.543187618255615234e-01,-8.638507686555385590e-03,-1.252553015947341919e-01,1.914475113153457642e-02,4.444398283958435059e-01,-5.923964381217956543e-01,1.250706315040588379e-01,-5.617598891258239746e-01,-2.022036612033843994e-01,-9.626941382884979248e-02,1.016476869583129883e+00,-5.752290487289428711e-01,1.561179608106613159e-01,-1.352731287479400635e-01,-1.444619297981262207e-01,2.422488778829574585e-01,-2.070583999156951904e-01,3.724016845226287842e-01,-3.176579177379608154e-01,1.299937009811401367e+00,2.081016153097152710e-01,-1.605628430843353271e-02,-9.820675849914550781e-02,-2.311038821935653687e-01,-2.674871981143951416e-01,3.238992094993591309e-01,1.141716122627258301e+00,-8.587246760725975037e-03,2.365313842892646790e-02,1.583789885044097900e-01
3.972212225198745728e-02,2.727376995608210564e-03,6.991652846336364746e-01,1.981851644814014435e-02,-3.067262098193168640e-02,-2.955703735351562500e-01,9.546227455139160156e-01,2.664859406650066376e-03,-1.288515627384185791e-01,2.646381780505180359e-02,4.717003405094146729e-01,-6.078627109527587891e-01,1.189234033226966858e-01,-5.915696620941162109e-01,-2.157009989023208618e-01,-9.224566072225570679e-02,9.880124926567077637e-01,-5.733020901679992676e-01,1.688914746046066284e-01,-1.512667238712310791e-01,-1.548142582178115845e-01,2.507532536983489990e-01,-2.077021598815917969e-01,3.630683720111846924e-01,-3.297182619571685791e-01,1.292927742004394531e+00,2.136227339506149292e-01,-2.020720578730106354e-02,-9.383054077625274658e-02,-2.188446968793869019e-01,-2.635740041732788086e-01,3.190081119537353516e-01,1.143873810768127441e+00,-5.926256533712148666e-03,2.376545220613479614e-02,1.501574218273162842e-01
4.821512103080749512e-02,-1.696479856036603451e-03,7.046068906784057617e-01,1.133891474455595016e-02,-1.546064205467700958e-02,-2.976069748401641846e-01,9.544959068298339844e-01,5.725299566984176636e-02,-1.016204729676246643e-01,1.916785538196563721e-02,3.441302776336669922e-01,-5.674003958702087402e-01,1.073725596070289612e-01,-6.019905209541320801e-01,-1.869792491197586060e-01,-1.184024512767791748e-01,8.651930093765258789e-01,-5.415053367614746094e-01,1.762794107198715210e-01,-1.626241952180862427e-01,-1.234152466058731079e-01,2.387607097625732422e-01,-2.339289933443069458e-01,3.578810393810272217e-01,-3.423847258090972900e-01,1.280889391899108887e+00,2.208649069070816040e-01,-2.504642494022846222e-02,-9.832888096570968628e-02,-2.237071543931961060e-01,-2.680756747722625732e-01,3.079604208469390869e-01,1.147917270660400391e+00,-2.756266621872782707e-03,2.572923898696899414e-02,1.433261781930923462e-01
5.248157307505607605e-02,-4.069610033184289932e-03,7.029600739479064941e-01,1.285112742334604263e-02,-2.333383820950984955e-02,-2.968147397041320801e-01,9.545634388923645020e-01,6.850101053714752197e-02,-1.086096018552780151e-01,2.510166727006435394e-02,3.652965724468231201e-01,-5.822918415069580078e-01,9.939911961555480957e-02,-6.248413324356079102e-01,-1.997178792953491211e-01,-1.087723299860954285e-01,8.358477354049682617e-01,-5.379214286804199219e-01,1.907307803630828857e-01,-1.750168949365615845e-01,-1.341644525527954102e-01,2.451074570417404175e-01,-2.417138218879699707e-01,3.439059853553771973e-01,-3.591114282608032227e-01,1.262826681137084961e+00,2.243514508008956909e-01,-3.368027880787849426e-02,-9.902146458625793457e-02,-2.063951492309570312e-01,-2.622464299201965332e-01,3.031581938266754150e-01,1.155760884284973145e+00,-1.617960399016737938e-03,3.009449690580368042e-02,1.378977000713348389e-01
6.151682138442993164e-02,-9.841359220445156097e-03,7.072189450263977051e-01,8.559440262615680695e-03,-7.065284065902233124e-03,-2.954205572605133057e-01,9.553028345108032227e-01,1.110759302973747253e-01,-8.958701044321060181e-02,1.375302206724882126e-02,2.519394159317016602e-01,-5.446015596389770508e-01,9.066139906644821167e-02,-6.186172366142272949e-01,-1.761026978492736816e-01,-1.294701844453811646e-01,7.059891223907470703e-01,-4.959781765937805176e-01,1.969553977251052856e-01,-1.832664310932159424e-01,-1.060894429683685303e-01,2.268597036600112915e-01,-2.708214223384857178e-01,3.376623690128326416e-01,-3.805946409702301025e-01,1.234004974365234375e+00,2.214528620243072510e-01,-4.002453386783599854e-02,-1.050388664007186890e-01,-2.019299566745758057e-01,-2.654196321964263916e-01,2.838938832283020020e-01,1.165392041206359863e+00,-1.942628878168761730e-03,3.383199870586395264e-02,1.360591202974319458e-01
6.635025143623352051e-02,-1.397139299660921097e-02,7.049117088317871094e-01,1.165842451155185699e-02,-1.607542484998703003e-02,-2.939982712268829346e-01,9.555996656417846680e-01,1.267659217119216919e-01,-9.968397021293640137e-02,1.459401566535234451e-02,2.709527611732482910e-01,-5.556684732437133789e-01,8.573515713214874268e-02,-6.395382881164550781e-01,-1.878080666065216064e-01,-1.169221401214599609e-01,7.050119638442993164e-01,-4.894800186157226562e-01,2.089796513319015503e-01,-1.933058798313140869e-01,-1.119538843631744385e-01,2.299487292766571045e-01,-2.838168442249298096e-01,3.250744938850402832e-01,-3.979541361331939697e-01,1.208590030670166016e+00,2.257095575332641602e-01,-5.254623666405677795e-02,-1.049035489559173584e-01,-1.829989999532699585e-01,-2.619994282722473145e-01,2.786329388618469238e-01,1.175141572952270508e+00,-3.806851105764508247e-03,3.963478282094001770e-02,1.321202814579010010e-01
7.333799451589584351e-02,-2.001989819109439850e-02,7.027319073677062988e-01,1.440069824457168579e-02,-1.916343159973621368e-02,-2.890931665897369385e-01,9.570007920265197754e-01,1.414942890405654907e-01,-1.062113195657730103e-01,5.728174000978469849e-03,2.801133096218109131e-01,-5.731705427169799805e-01,8.382211625576019287e-02,-6.506791114807128906e-01,-1.959348618984222412e-01,-1.064261719584465027e-01,7.015392780303955078e-01,-4.745922684669494629e-01,2.190321534872055054e-01,-2.035756856203079224e-01,-1.118008717894554138e-01,2.292253524065017700e-01,-3.051469326019287109e-01,3.151607513427734375e-01,-4.169850647449493408e-01,1.176652073860168457e+00,2.251244634389877319e-01,-6.526031345129013062e-02,-1.074983552098274231e-01,-1.660793572664260864e-01,-2.625031471252441406e-01,2.682356238365173340e-01,1.183312773704528809e+00,-3.655173582956194878e-03,4.608961194753646851e-02,1.300872713327407837e-01
8.080319315195083618e-02,-2.693410590291023254e-02,7.004175782203674316e-01,1.615033484995365143e-02,-2.137590385973453522e-02,-2.822560667991638184e-01,9.589649438858032227e-01,1.579201966524124146e-01,-1.093355640769004822e-01,-8.611434139311313629e-03,2.857862114906311035e-01,-5.906113386154174805e-01,8.414889872074127197e-02,-6.567365527153015137e-01,-2.039975672960281372e-01,-9.602379798889160156e-02,7.048411965370178223e-01,-4.568983912467956543e-01,2.263114750385284424e-01,-2.134173810482025146e-01,-1.069406643509864807e-01,2.285324186086654663e-01,-3.305031359195709229e-01,3.056166768074035645e-01,-4.358738362789154053e-01,1.141343235969543457e+00,2.196002155542373657e-01,-7.715750485658645630e-02,-1.125024631619453430e-01,-1.498425602912902832e-01,-2.644321620464324951e-01,2.548937797546386719e-01,1.192275643348693848e+00,-3.566491184756159782e-03,5.323424562811851501e-02,1.292989403009414673e-01
8.865559101104736328e-02,-3.471111506223678589e-02,6.979000568389892578e-01,1.655326597392559052e-02,-2.469957619905471802e-02,-2.743978500366210938e-01,9.611564874649047852e-01,1.783943772315979004e-01,-1.086894348263740540e-01,-2.409232221543788910e-02,2.924598455429077148e-01,-6.092703938484191895e-01,8.895752578973770142e-02,-6.613233089447021484e-01,-2.125260084867477417e-01,-8.817640691995620728e-02,7.242871522903442383e-01,-4.332364499568939209e-01,2.317266613245010376e-01,-2.221609950065612793e-01,-9.948949515819549561e-02,2.296177446842193604e-01,-3.583879172801971436e-01,2.957475185394287109e-01,-4.552323520183563232e-01,1.104456424713134766e+00,2.077167779207229614e-01,-8.758974075317382812e-02,-1.160415560007095337e-01,-1.343139559030532837e-01,-2.683879435062408447e-01,2.423733174800872803e-01,1.198851823806762695e+00,-3.554676659405231476e-04,6.034486368298530579e-02,1.286243200302124023e-01
9.697461128234863281e-02,-4.331634193658828735e-02,6.942710876464843750e-01,1.686590164899826050e-02,-2.772996760904788971e-02,-2.657826840877532959e-01,9.634864330291748047e-01,2.002497017383575439e-01,-1.063199266791343689e-01,-3.984076529741287231e-02,2.983557283878326416e-01,-6.333825588226318359e-01,9.106664359569549561e-02,-6.669686436653137207e-01,-2.230454385280609131e-01,-8.148872107267379761e-02,7.623673677444458008e-01,-4.174256324768066406e-01,2.319242507219314575e-01,-2.304216772317886353e-01,-9.116891771554946899e-02,2.343605607748031616e-01,-3.838208317756652832e-01,2.855186164379119873e-01,-4.740789532661437988e-01,1.071735024452209473e+00,1.963081657886505127e-01,-9.555097669363021851e-02,-1.185257583856582642e-01,-1.205065846443176270e-01,-2.736448943614959717e-01,2.322656959295272827e-01,1.206954121589660645e+00,4.904978908598423004e-03,6.716782599687576294e-02,1.307891756296157837e-01
1.055897846817970276e-01,-5.291858315467834473e-02,6.909636259078979492e-01,1.597022451460361481e-02,-3.276342526078224182e-02,-2.571735084056854248e-01,9.656776189804077148e-01,2.248355150222778320e-01,-9.983364492654800415e-02,-5.318947136402130127e-02,3.117786049842834473e-01,-6.538199782371520996e-01,9.289240837097167969e-02,-6.761885285377502441e-01,-2.329238504171371460e-01,-7.749022543430328369e-02,8.144237995147705078e-01,-4.050979316234588623e-01,2.310881316661834717e-01,-2.407496273517608643e-01,-8.245014399290084839e-02,2.410786896944046021e-01,-4.089991152286529541e-01,2.782624959945678711e-01,-4.854902029037475586e-01,1.049438357353210449e+00,1.761405169963836670e-01,-9.743563830852508545e-02,-1.143166348338127136e-01,-1.098284348845481873e-01,-2.806910872459411621e-01,2.206808030605316162e-01,1.216096758842468262e+00,1.366081740707159042e-02,7.234321534633636475e-02,1.249258890748023987e-01
1.146006807684898376e-01,-6.347674131393432617e-02,6.872610449790954590e-01,1.469114795327186584e-02,-3.777213767170906067e-02,-2.485013455152511597e-01,9.677832722663879395e-01,2.492204606533050537e-01,-8.994617313146591187e-02,-6.056509166955947876e-02,3.290710449218750000e-01,-6.743958592414855957e-01,9.257930517196655273e-02,-6.873362064361572266e-01,-2.426304668188095093e-01,-7.489652186632156372e-02,8.823903203010559082e-01,-4.016141295433044434e-01,2.256238162517547607e-01,-2.524513602256774902e-01,-7.388841360807418823e-02,2.513706088066101074e-01,-4.332800507545471191e-01,2.688637077808380127e-01,-4.937236905097961426e-01,1.029924988746643066e+00,1.553132832050323486e-01,-9.807229787111282349e-02,-1.060176789760589600e-01,-1.011979505419731140e-01,-2.878062725067138672e-01,2.128557115793228149e-01,1.221796631813049316e+00,2.573725767433643341e-02,7.383791357278823853e-02,1.173147931694984436e-01
1.242412775754928589e-01,-7.439859211444854736e-02,6.830866932868957520e-01,1.513807289302349091e-02,-4.203968867659568787e-02,-2.375195771455764771e-01,9.703545570373535156e-01,2.734031975269317627e-01,-7.843197137117385864e-02,-3.430727496743202209e-02,3.433882296085357666e-01,-6.948096752166748047e-01,9.165709465742111206e-02,-6.995930075645446777e-01,-2.628653347492218018e-01,-7.716662436723709106e-02,9.575207233428955078e-01,-4.018239676952362061e-01,2.204238623380661011e-01,-2.695711255073547363e-01,-6.719741225242614746e-02,2.617397606372833252e-01,-4.576002359390258789e-01,2.589163780212402344e-01,-5.004292726516723633e-01,1.009318113327026367e+00,1.330401897430419922e-01,-1.004570052027702332e-01,-9.578546881675720215e-02,-9.632705152034759521e-02,-2.952956855297088623e-01,2.044809609651565552e-01,1.222081780433654785e+00,4.153230041265487671e-02,7.314726710319519043e-02,1.109776720404624939e-01
1.340465396642684937e-01,-8.625535666942596436e-02,6.792616844177246094e-01,1.718021370470523834e-02,-4.572100937366485596e-02,-2.289319336414337158e-01,9.722163081169128418e-01,2.959499359130859375e-01,-6.827786564826965332e-02,-2.182265743613243103e-03,3.616030216217041016e-01,-7.068704962730407715e-01,8.865143358707427979e-02,-7.072246670722961426e-01,-2.796750068664550781e-01,-7.625870406627655029e-02,1.027435064315795898e+00,-4.096046090126037598e-01,2.159716933965682983e-01,-2.879762947559356689e-01,-6.129280105233192444e-02,2.692687511444091797e-01,-4.809007346630096436e-01,2.508741319179534912e-01,-5.063030719757080078e-01,9.849414825439453125e-01,1.112666875123977661e-01,-1.046573594212532043e-01,-8.850156515836715698e-02,-9.428536146879196167e-02,-3.053852915763854980e-01,1.968468874692916870e-01,1.216278910636901855e+00,6.164852529764175415e-02,7.175208628177642822e-02,1.045738458633422852e-01
1.432427167892456055e-01,-1.001155972480773926e-01,6.757565140724182129e-01,1.795589365065097809e-02,-4.821898415684700012e-02,-2.277920693159103394e-01,9.723493456840515137e-01,3.141662180423736572e-01,-5.793613567948341370e-02,-8.527400903403759003e-03,3.914692699909210205e-01,-7.145627737045288086e-01,8.520077913999557495e-02,-7.099963426589965820e-01,-2.789310216903686523e-01,-7.359019666910171509e-02,1.088131070137023926e+00,-4.306006133556365967e-01,2.035385817289352417e-01,-2.981440424919128418e-01,-5.500237271189689636e-02,2.781451642513275146e-01,-4.984838366508483887e-01,2.466412186622619629e-01,-5.088859200477600098e-01,9.612786173820495605e-01,8.768151700496673584e-02,-1.091687828302383423e-01,-8.183076232671737671e-02,-9.504499286413192749e-02,-3.161762952804565430e-01,1.934824436902999878e-01,1.203901410102844238e+00,8.048117905855178833e-02,6.910435110330581665e-02,9.993956983089447021e-02
1.518738567829132080e-01,-1.152413636445999146e-01,6.740972399711608887e-01,1.751046627759933472e-02,-5.052948370575904846e-02,-2.295654714107513428e-01,9.718229770660400391e-01,3.241406083106994629e-01,-4.514180123805999756e-02,-2.393768355250358582e-02,4.419395625591278076e-01,-7.069750428199768066e-01,7.470230013132095337e-02,-7.044190168380737305e-01,-2.654108405113220215e-01,-7.455968111753463745e-02,1.138361573219299316e+00,-4.609237313270568848e-01,1.841153651475906372e-01,-3.033447265625000000e-01,-4.625157266855239868e-02,2.868822216987609863e-01,-5.084688663482666016e-01,2.485926300287246704e-01,-5.063078403472900391e-01,9.404360055923461914e-01,6.559282541275024414e-02,-1.134485304355621338e-01,-7.553591579198837280e-02,-9.625863283872604370e-02,-3.285888731479644775e-01,1.917305439710617065e-01,1.185410499572753906e+00,9.698064625263214111e-02,6.433466076850891113e-02,9.522265195846557617e-02
1.596998572349548340e-01,-1.306448876857757568e-01,6.737116575241088867e-01,1.505313720554113388e-02,-5.405903235077857971e-02,-2.313815653324127197e-01,9.712433218955993652e-01,3.245277702808380127e-01,-2.247654646635055542e-02,-2.040428295731544495e-02,5.234026908874511719e-01,-6.950618028640747070e-01,6.150066480040550232e-02,-6.892577409744262695e-01,-2.468202859163284302e-01,-8.028590679168701172e-02,1.179938793182373047e+00,-4.884185194969177246e-01,1.605876237154006958e-01,-3.080738782882690430e-01,-3.771649673581123352e-02,2.930481731891632080e-01,-5.054948329925537109e-01,2.576808929443359375e-01,-4.984443187713623047e-01,9.318777918815612793e-01,4.184927418828010559e-02,-1.123571321368217468e-01,-6.684213131666183472e-02,-9.713365882635116577e-02,-3.416659832000732422e-01,1.872937381267547607e-01,1.165022373199462891e+00,1.125575602054595947e-01,6.025183200836181641e-02,8.725143969058990479e-02
1.662062257528305054e-01,-1.461665630340576172e-01,6.748760342597961426e-01,1.041496451944112778e-02,-5.798994004726409912e-02,-2.358938008546829224e-01,9.699911475181579590e-01,3.035185635089874268e-01,1.259749103337526321e-02,-7.245219312608242035e-03,6.529353857040405273e-01,-6.618029475212097168e-01,4.304864630103111267e-02,-6.643559336662292480e-01,-2.167891710996627808e-01,-8.847466111183166504e-02,1.205021619796752930e+00,-5.113369226455688477e-01,1.324663609266281128e-01,-3.067497909069061279e-01,-2.827211096882820129e-02,2.995129525661468506e-01,-4.873320460319519043e-01,2.717928588390350342e-01,-4.832964241504669189e-01,9.427270293235778809e-01,2.086279913783073425e-02,-1.040248423814773560e-01,-5.497019365429878235e-02,-9.637618809938430786e-02,-3.543910086154937744e-01,1.843490153551101685e-01,1.145710945129394531e+00,1.250695884227752686e-01,5.704334750771522522e-02,7.985203713178634644e-02
1.707246005535125732e-01,-1.610970497131347656e-01,6.753486990928649902e-01,-4.574817139655351639e-03,-5.830764397978782654e-02,-2.418833076953887939e-01,9.685410261154174805e-01,2.408690005540847778e-01,7.709131389856338501e-02,1.413209829479455948e-02,8.461041450500488281e-01,-6.280913949012756348e-01,2.074648253619670868e-02,-6.295260190963745117e-01,-1.647615581750869751e-01,-1.182319745421409607e-01,1.204699754714965820e+00,-5.330687165260314941e-01,9.654256701469421387e-02,-3.024216592311859131e-01,-3.820323152467608452e-03,3.058877885341644287e-01,-4.578902423381805420e-01,2.888474166393280029e-01,-4.562391042709350586e-01,9.799966216087341309e-01,7.410035468637943268e-03,-9.334988892078399658e-02,-4.069935902953147888e-02,-9.627346694469451904e-02,-3.655279576778411865e-01,1.870936304330825806e-01,1.129569053649902344e+00,1.358313709497451782e-01,5.364763736724853516e-02,7.403729856014251709e-02
1.735811084508895874e-01,-1.754853725433349609e-01,6.774529814720153809e-01,-1.991038769483566284e-02,-5.463276803493499756e-02,-2.516601383686065674e-01,9.660673141479492188e-01,1.365574896335601807e-01,1.558228880167007446e-01,2.150334976613521576e-02,1.075256347656250000e+00,-5.859316587448120117e-01,8.297472260892391205e-03,-5.989479422569274902e-01,-1.020796447992324829e-01,-1.471585184335708618e-01,1.182948827743530273e+00,-5.502816438674926758e-01,5.199430137872695923e-02,-2.849375009536743164e-01,2.970759198069572449e-02,3.089299499988555908e-01,-4.214025735855102539e-01,3.019501864910125732e-01,-4.208275079727172852e-01,1.031833052635192871e+00,-2.564527792856097221e-03,-8.124616742134094238e-02,-3.172545135021209717e-02,-9.772067517042160034e-02,-3.725677430629730225e-01,1.916247755289077759e-01,1.119156479835510254e+00,1.390648484230041504e-01,5.359035730361938477e-02,7.546439021825790405e-02
1.767281144857406616e-01,-1.903319507837295532e-01,6.799295544624328613e-01,-3.023770824074745178e-02,-5.386696010828018188e-02,-2.613652944564819336e-01,9.632612466812133789e-01,1.752116344869136810e-02,2.124776393175125122e-01,2.039778977632522583e-02,1.265484452247619629e+00,-5.710406303405761719e-01,1.924182660877704620e-02,-5.629477500915527344e-01,-4.589544236660003662e-02,-1.616083234548568726e-01,1.152365684509277344e+00,-5.753675699234008789e-01,1.702618040144443512e-02,-2.579908072948455811e-01,4.917401820421218872e-02,3.097863793373107910e-01,-3.865722119808197021e-01,3.099531233310699463e-01,-3.837330639362335205e-01,1.094642758369445801e+00,-2.084684325382113457e-03,-6.540004163980484009e-02,-2.335167489945888519e-02,-1.062481328845024109e-01,-3.784769773483276367e-01,1.946593970060348511e-01,1.108814477920532227e+00,1.395549476146697998e-01,5.211387574672698975e-02,7.395805418491363525e-02
1.798524707555770874e-01,-2.053745239973068237e-01,6.835334300994873047e-01,-3.422753885388374329e-02,-5.895114317536354065e-02,-2.696718275547027588e-01,9.605364799499511719e-01,-1.107449084520339966e-01,2.559575736522674561e-01,1.863542944192886353e-02,1.403654217720031738e+00,-6.006382107734680176e-01,4.270738735795021057e-02,-5.178820490837097168e-01,-4.444720223546028137e-03,-1.611271351575851440e-01,1.120791673660278320e+00,-5.962949395179748535e-01,-2.003002446144819260e-03,-2.256632596254348755e-01,5.544139817357063293e-02,3.149510324001312256e-01,-3.571674823760986328e-01,3.159321546554565430e-01,-3.498804569244384766e-01,1.152595162391662598e+00,1.355720916762948036e-03,-5.204898491501808167e-02,-1.072538550943136215e-02,-1.215346008539199829e-01,-3.874708414077758789e-01,2.056401520967483521e-01,1.097843289375305176e+00,1.424287408590316772e-01,4.899037629365921021e-02,6.879122555255889893e-02
1.827519983053207397e-01,-2.199531346559524536e-01,6.872554421424865723e-01,-3.288719430565834045e-02,-6.834790110588073730e-02,-2.768835425376892090e-01,9.579052925109863281e-01,-2.481999695301055908e-01,2.798652052879333496e-01,1.136240363121032715e-02,1.462353467941284180e+00,-6.669042706489562988e-01,7.760576158761978149e-02,-4.723405241966247559e-01,2.317792735993862152e-02,-1.483556330204010010e-01,1.100308299064636230e+00,-6.123734116554260254e-01,-1.468660961836576462e-02,-1.808627992868423462e-01,5.361266806721687317e-02,3.257136344909667969e-01,-3.310436308383941650e-01,3.162375092506408691e-01,-3.119058310985565186e-01,1.202501773834228516e+00,-5.856306292116641998e-03,-4.146116971969604492e-02,3.358184825628995895e-03,-1.412524878978729248e-01,-3.957477211952209473e-01,2.208645492792129517e-01,1.093841791152954102e+00,1.405510157346725464e-01,3.954213112592697144e-02,5.825806781649589539e-02
1.854372322559356689e-01,-2.336632460355758667e-01,6.926363110542297363e-01,-2.654249779880046844e-02,-8.030983060598373413e-02,-2.837623357772827148e-01,9.551569223403930664e-01,-3.870707452297210693e-01,2.830685973167419434e-01,8.782383985817432404e-03,1.422605276107788086e+00,-7.219033837318420410e-01,1.077875643968582153e-01,-4.178286492824554443e-01,3.457872197031974792e-02,-1.316096782684326172e-01,1.068678617477416992e+00,-6.264095306396484375e-01,-9.003110229969024658e-03,-1.321355849504470825e-01,4.693869873881340027e-02,3.372652530670166016e-01,-3.138369619846343994e-01,3.175734877586364746e-01,-2.782019674777984619e-01,1.248797774314880371e+00,-1.815358735620975494e-02,-3.606106713414192200e-02,1.467612478882074356e-02,-1.650465279817581177e-01,-4.009508490562438965e-01,2.462560385465621948e-01,1.085633754730224609e+00,1.283995509147644043e-01,3.059519827365875244e-02,6.518140435218811035e-02
1.873003989458084106e-01,-2.460493892431259155e-01,6.974512338638305664e-01,-1.532708946615457535e-02,-9.691368043422698975e-02,-2.916044592857360840e-01,9.514933824539184570e-01,-5.204573869705200195e-01,2.514200508594512939e-01,3.439963329583406448e-04,1.307301521301269531e+00,-7.325856685638427734e-01,1.166719421744346619e-01,-3.642354309558868408e-01,3.223028406500816345e-02,-1.034634113311767578e-01,1.048950672149658203e+00,-6.434856057167053223e-01,1.881495816633105278e-03,-8.245746046304702759e-02,3.019798360764980316e-02,3.537600934505462646e-01,-2.971935272216796875e-01,3.222771883010864258e-01,-2.502478361129760742e-01,1.285978317260742188e+00,-3.328057751059532166e-02,-3.766852989792823792e-02,2.229313366115093231e-02,-1.918371021747589111e-01,-4.082117974758148193e-01,2.748821675777435303e-01,1.074535012245178223e+00,1.177984103560447693e-01,1.807762868702411652e-02,6.922452896833419800e-02
1.876503825187683105e-01,-2.568157315254211426e-01,7.043590545654296875e-01,3.893787972629070282e-03,-1.087269484996795654e-01,-2.895723581314086914e-01,9.509527683258056641e-01,-6.397526264190673828e-01,1.831769794225692749e-01,3.387334058061242104e-03,1.134141921997070312e+00,-6.976030468940734863e-01,1.003409996628761292e-01,-3.278737068176269531e-01,3.029602114111185074e-03,-7.906500995159149170e-02,1.031540870666503906e+00,-6.502949595451354980e-01,1.796387322247028351e-02,-4.993002489209175110e-02,-2.412711968645453453e-03,3.659909963607788086e-01,-2.848707735538482666e-01,3.290610313415527344e-01,-2.196823805570602417e-01,1.305557847023010254e+00,-3.811446204781532288e-02,-4.161057993769645691e-02,2.490146644413471222e-02,-2.217137962579727173e-01,-4.110190868377685547e-01,3.018134832382202148e-01,1.068708658218383789e+00,1.162107586860656738e-01,1.142354775220155716e-02,7.067216187715530396e-02
1.860749870538711548e-01,-2.650041878223419189e-01,7.113404870033264160e-01,2.279318310320377350e-02,-1.130382120609283447e-01,-2.816437184810638428e-01,9.525647759437561035e-01,-7.440595626831054688e-01,1.067179664969444275e-01,2.200521528720855713e-02,9.300166964530944824e-01,-6.510592103004455566e-01,7.870694994926452637e-02,-3.076334595680236816e-01,-3.652652725577354431e-02,-7.582543790340423584e-02,1.006977796554565430e+00,-6.535708904266357422e-01,3.967193886637687683e-02,-3.602417558431625366e-02,-3.021023236215114594e-02,3.639005124568939209e-01,-2.666442394256591797e-01,3.344208002090454102e-01,-1.917856782674789429e-01,1.316096425056457520e+00,-3.562267497181892395e-02,-4.246820509433746338e-02,2.116574905812740326e-02,-2.431476563215255737e-01,-4.111340641975402832e-01,3.218447268009185791e-01,1.062990784645080566e+00,1.089905500411987305e-01,5.165266804397106171e-03,6.212456896901130676e-02
1.835029274225234985e-01,-2.708536684513092041e-01,7.153715491294860840e-01,3.835469111800193787e-02,-1.141977757215499878e-01,-2.733337879180908203e-01,9.543460607528686523e-01,-8.219229578971862793e-01,4.485876485705375671e-02,4.253515228629112244e-02,7.479318380355834961e-01,-5.842329263687133789e-01,5.868411064147949219e-02,-3.022427856922149658e-01,-6.941894441843032837e-02,-7.685972005128860474e-02,9.943554401397705078e-01,-6.624922752380371094e-01,4.734353348612785339e-02,-3.033594973385334015e-02,-4.850364103913307190e-02,3.518238365650177002e-01,-2.388495951890945435e-01,3.388657271862030029e-01,-1.652943640947341919e-01,1.317818999290466309e+00,-2.583413012325763702e-02,-4.642147943377494812e-02,1.554542127996683121e-02,-2.585003972053527832e-01,-4.099951982498168945e-01,3.402273654937744141e-01,1.050363302230834961e+00,8.542624115943908691e-02,2.578520252427551895e-05,6.030990183353424072e-02
1.815156191587448120e-01,-2.746299505233764648e-01,7.163124680519104004e-01,4.626780003309249878e-02,-1.179937347769737244e-01,-2.709499895572662354e-01,9.542132019996643066e-01,-8.784853219985961914e-01,1.003495883196592331e-02,6.724394112825393677e-02,6.178623437881469727e-01,-5.385571122169494629e-01,4.822834581136703491e-02,-2.949646413326263428e-01,-8.561815321445465088e-02,-7.674088329076766968e-02,9.923651814460754395e-01,-6.722761988639831543e-01,5.057890340685844421e-02,-2.101461589336395264e-02,-5.440711230039596558e-02,3.378064036369323730e-01,-2.072219103574752808e-01,3.380815386772155762e-01,-1.434892863035202026e-01,1.326963305473327637e+00,-2.592627517879009247e-02,-4.857296869158744812e-02,8.219113573431968689e-03,-2.687476277351379395e-01,-4.030605554580688477e-01,3.600014746189117432e-01,1.042266607284545898e+00,5.488746985793113708e-02,-4.601070191711187363e-03,6.610089540481567383e-02
1.802025288343429565e-01,-2.768995463848114014e-01,7.166467905044555664e-01,4.808545112609863281e-02,-1.217525973916053772e-01,-2.721696496009826660e-01,9.533036351203918457e-01,-9.172690510749816895e-01,-9.192201308906078339e-03,9.554241597652435303e-02,5.227522850036621094e-01,-4.960984587669372559e-01,4.232608154416084290e-02,-2.832782268524169922e-01,-8.664544671773910522e-02,-7.421596348285675049e-02,9.848287105560302734e-01,-6.763101220130920410e-01,6.252416223287582397e-02,-9.845021180808544159e-03,-5.578680709004402161e-02,3.288153111934661865e-01,-1.748564243316650391e-01,3.370757102966308594e-01,-1.308878362178802490e-01,1.333262443542480469e+00,-2.248564921319484711e-02,-5.103866383433341980e-02,6.657576304860413074e-04,-2.745023667812347412e-01,-3.955895006656646729e-01,3.792847990989685059e-01,1.027010560035705566e+00,2.995420433580875397e-02,-7.697115652263164520e-03,7.244312763214111328e-02
1.798752248287200928e-01,-2.783080339431762695e-01,7.131434679031372070e-01,5.139615386724472046e-02,-1.327439248561859131e-01,-2.742367386817932129e-01,9.510686993598937988e-01,-9.762811064720153809e-01,-2.614511549472808838e-02,1.134602352976799011e-01,5.387117266654968262e-01,-4.837605357170104980e-01,3.412820026278495789e-02,-2.760870754718780518e-01,-1.011194959282875061e-01,-7.060293108224868774e-02,1.013083338737487793e+00,-6.921982765197753906e-01,6.607904285192489624e-02,-3.444497706368565559e-03,-5.548940971493721008e-02,3.263837993144989014e-01,-1.485167443752288818e-01,3.303579092025756836e-01,-1.236778646707534790e-01,1.336435317993164062e+00,-1.089389156550168991e-02,-5.145274847745895386e-02,3.948511555790901184e-03,-2.747762799263000488e-01,-3.868814706802368164e-01,3.945945501327514648e-01,1.018988490104675293e+00,1.780961058102548122e-03,-1.298398710787296295e-02,7.381564378738403320e-02
1.803406327962875366e-01,-2.790458202362060547e-01,7.139976024627685547e-01,5.024766921997070312e-02,-1.425526142120361328e-01,-2.876468002796173096e-01,9.457342624664306641e-01,-9.771745800971984863e-01,-2.322227507829666138e-02,1.294402629137039185e-01,5.052925944328308105e-01,-4.633893668651580811e-01,3.285515680909156799e-02,-2.478262037038803101e-01,-9.154237806797027588e-02,-5.420250073075294495e-02,1.001741886138916016e+00,-6.955596208572387695e-01,7.128627598285675049e-02,1.346306130290031433e-02,-4.631435498595237732e-02,3.244034051895141602e-01,-1.205230355262756348e-01,3.272384405136108398e-01,-1.081416904926300049e-01,1.331689953804016113e+00,7.920879288576543331e-04,-5.142767727375030518e-02,2.098651835694909096e-03,-2.841810286045074463e-01,-3.791349530220031738e-01,4.142904579639434814e-01,1.014113783836364746e+00,-2.191391773521900177e-02,-1.646181754767894745e-02,8.036852627992630005e-02
1.817954033613204956e-01,-2.791740000247955322e-01,7.104545235633850098e-01,5.313442647457122803e-02,-1.520470976829528809e-01,-2.912167310714721680e-01,9.430012106895446777e-01,-1.015102028846740723e+00,-3.566760942339897156e-02,1.467799097299575806e-01,5.543313026428222656e-01,-4.566710293292999268e-01,3.430147841572761536e-02,-2.433949410915374756e-01,-1.070527583360671997e-01,-4.912588372826576233e-02,1.030371069908142090e+00,-7.124601602554321289e-01,7.889179140329360962e-02,1.306534372270107269e-02,-4.504931345582008362e-02,3.175247013568878174e-01,-9.967698901891708374e-02,3.158471882343292236e-01,-1.100091412663459778e-01,1.333926796913146973e+00,6.260871887207031250e-03,-5.205217376351356506e-02,3.073309082537889481e-03,-2.848808169364929199e-01,-3.676566779613494873e-01,4.287413954734802246e-01,1.012760400772094727e+00,-3.576855733990669250e-02,-1.833076216280460358e-02,8.324769139289855957e-02
1.847359687089920044e-01,-2.786653339862823486e-01,7.121646404266357422e-01,4.934636875987052917e-02,-1.626873612403869629e-01,-3.092153668403625488e-01,9.356728196144104004e-01,-1.002150535583496094e+00,-2.436223067343235016e-02,1.652948111295700073e-01,5.852742791175842285e-01,-4.674130380153656006e-01,3.759826347231864929e-02,-2.084275335073471069e-01,-9.319102764129638672e-02,-2.591307274997234344e-02,1.013690471649169922e+00,-7.112679481506347656e-01,8.789788186550140381e-02,2.701053954660892487e-02,-3.396988287568092346e-02,3.220399022102355957e-01,-7.367467880249023438e-02,3.076751828193664551e-01,-1.042297780513763428e-01,1.333953022956848145e+00,1.330475695431232452e-02,-5.309346318244934082e-02,-2.963888226076960564e-03,-2.961955964565277100e-01,-3.574237525463104248e-01,4.462682306766510010e-01,1.023585081100463867e+00,-5.717411637306213379e-02,-1.812656223773956299e-02,9.876883029937744141e-02
1.884400993585586548e-01,-2.779380381107330322e-01,7.100366950035095215e-01,5.051162838935852051e-02,-1.676527112722396851e-01,-3.148121237754821777e-01,9.328635931015014648e-01,-1.017456769943237305e+00,-3.448411077260971069e-02,1.784450262784957886e-01,6.441671848297119141e-01,-4.775793552398681641e-01,4.337087273597717285e-02,-2.082131057977676392e-01,-1.016356199979782104e-01,-1.638748310506343842e-02,1.035670876502990723e+00,-7.212077379226684570e-01,9.758816659450531006e-02,1.765392720699310303e-02,-3.298423439264297485e-02,3.127351403236389160e-01,-5.330033600330352783e-02,2.952001988887786865e-01,-1.132874265313148499e-01,1.335071325302124023e+00,2.083823457360267639e-02,-5.490854009985923767e-02,-1.398327993229031563e-03,-2.968542277812957764e-01,-3.443618416786193848e-01,4.596812427043914795e-01,1.030472636222839355e+00,-7.650279998779296875e-02,-1.771644130349159241e-02,1.064946800470352173e-01
1.930348873138427734e-01,-2.765887677669525146e-01,7.128531932830810547e-01,4.299005493521690369e-02,-1.748012304306030273e-01,-3.327808082103729248e-01,9.256637096405029297e-01,-9.735727310180664062e-01,-2.310268953442573547e-02,1.850127428770065308e-01,6.729573607444763184e-01,-4.911296069622039795e-01,4.519553482532501221e-02,-1.730938106775283813e-01,-8.026761561632156372e-02,7.356031332165002823e-03,1.010238170623779297e+00,-7.109591364860534668e-01,1.069559976458549500e-01,2.764217928051948547e-02,-1.906515844166278839e-02,3.183063268661499023e-01,-4.185815155506134033e-02,2.909331023693084717e-01,-1.146852150559425354e-01,1.328395962715148926e+00,3.679984062910079956e-02,-5.667566880583763123e-02,-4.963620565831661224e-03,-3.085552453994750977e-01,-3.325609564781188965e-01,4.716599285602569580e-01,1.051974415779113770e+00,-9.908491373062133789e-02,-1.789732463657855988e-02,1.211084350943565369e-01
1.986163556575775146e-01,-2.753312587738037109e-01,7.104086279869079590e-01,4.275698959827423096e-02,-1.762940138578414917e-01,-3.380104303359985352e-01,9.234940409660339355e-01,-9.666777253150939941e-01,-3.178512677550315857e-02,1.918099820613861084e-01,7.371051311492919922e-01,-4.981184899806976318e-01,4.923551157116889954e-02,-1.771148890256881714e-01,-8.593214303255081177e-02,1.511085405945777893e-02,1.031139254570007324e+00,-7.266339063644409180e-01,1.107380613684654236e-01,1.234517060220241547e-02,-1.613989286124706268e-02,3.053287565708160400e-01,-3.951777517795562744e-02,2.813970744609832764e-01,-1.255570650100708008e-01,1.322233319282531738e+00,4.633361846208572388e-02,-5.857222154736518860e-02,-1.854315516538918018e-03,-3.032763600349426270e-01,-3.174526989459991455e-01,4.816510081291198730e-01,1.065507054328918457e+00,-1.109929829835891724e-01,-1.646438986063003540e-02,1.287158578634262085e-01
2.044086158275604248e-01,-2.736441493034362793e-01,7.135419845581054688e-01,3.651516884565353394e-02,-1.785052269697189331e-01,-3.543273508548736572e-01,9.171993732452392578e-01,-8.980751633644104004e-01,-2.190018258988857269e-02,1.875595450401306152e-01,7.552151679992675781e-01,-5.050373673439025879e-01,5.320801213383674622e-02,-1.513146311044692993e-01,-6.717067211866378784e-02,3.911928460001945496e-02,1.003354907035827637e+00,-7.183736562728881836e-01,1.133181154727935791e-01,1.559542771428823471e-02,-2.371158683672547340e-03,3.069750368595123291e-01,-4.841068387031555176e-02,2.806532979011535645e-01,-1.364113986492156982e-01,1.315503716468811035e+00,6.038652732968330383e-02,-5.855773389339447021e-02,-2.516857814043760300e-03,-3.120840489864349365e-01,-3.034212589263916016e-01,4.871517717838287354e-01,1.094236731529235840e+00,-1.264108270406723022e-01,-1.437653601169586182e-02,1.432207971811294556e-01
2.109028548002243042e-01,-2.719637751579284668e-01,7.147310972213745117e-01,3.114601038396358490e-02,-1.774688959121704102e-01,-3.640273511409759521e-01,9.137936234474182129e-01,-8.417418003082275391e-01,-2.120754308998584747e-02,1.799660176038742065e-01,7.961507439613342285e-01,-5.089669227600097656e-01,5.738179385662078857e-02,-1.403082013130187988e-01,-5.574980750679969788e-02,5.272028595209121704e-02,9.920365214347839355e-01,-7.157152891159057617e-01,1.145075932145118713e-01,6.777841132134199142e-03,5.635323468595743179e-03,3.013398945331573486e-01,-5.811263248324394226e-02,2.778411209583282471e-01,-1.496656686067581177e-01,1.305964589118957520e+00,7.177548855543136597e-02,-6.049695983529090881e-02,-1.862619305029511452e-03,-3.103401660919189453e-01,-2.931968271732330322e-01,4.863281250000000000e-01,1.119679331779479980e+00,-1.358363032341003418e-01,-9.945095516741275787e-03,1.523718982934951782e-01
2.176285535097122192e-01,-2.701016068458557129e-01,7.160024046897888184e-01,2.503825724124908447e-02,-1.731341034173965454e-01,-3.726063370704650879e-01,9.113518595695495605e-01,-7.729569673538208008e-01,-1.993081904947757721e-02,1.737231016159057617e-01,8.258731365203857422e-01,-5.158107280731201172e-01,6.395030021667480469e-02,-1.359184980392456055e-01,-4.041461646556854248e-02,6.605094671249389648e-02,9.806391596794128418e-01,-7.082337141036987305e-01,1.173383146524429321e-01,-6.058815866708755493e-03,1.307446602731943130e-02,2.888348400592803955e-01,-6.957466155290603638e-02,2.774077951908111572e-01,-1.666498482227325439e-01,1.294339179992675781e+00,9.053594619035720825e-02,-6.311700493097305298e-02,-3.044400596991181374e-03,-3.052579164505004883e-01,-2.847454249858856201e-01,4.828124046325683594e-01,1.149119973182678223e+00,-1.396448612213134766e-01,-7.360498420894145966e-03,1.585600972175598145e-01
2.244012504816055298e-01,-2.683351635932922363e-01,7.170249819755554199e-01,1.738370396196842194e-02,-1.677161604166030884e-01,-3.807448148727416992e-01,9.091768264770507812e-01,-6.933012604713439941e-01,-1.379984896630048752e-02,1.657261252403259277e-01,8.600534796714782715e-01,-5.266693830490112305e-01,7.578961551189422607e-02,-1.313375979661941528e-01,-2.143757417798042297e-02,7.739956676959991455e-02,9.669328927993774414e-01,-6.993010640144348145e-01,1.208117157220840454e-01,-2.082506567239761353e-02,2.167443558573722839e-02,2.777458429336547852e-01,-8.534879982471466064e-02,2.781440019607543945e-01,-1.843347996473312378e-01,1.282226920127868652e+00,1.113915517926216125e-01,-6.462830305099487305e-02,-7.208680734038352966e-03,-2.948257029056549072e-01,-2.791407406330108643e-01,4.711477756500244141e-01,1.179294347763061523e+00,-1.353293210268020630e-01,-7.293737027794122696e-03,1.631229370832443237e-01
2.309950292110443115e-01,-2.668072283267974854e-01,7.176985144615173340e-01,8.689027279615402222e-03,-1.607008427381515503e-01,-3.895250558853149414e-01,9.068461656570434570e-01,-6.111558675765991211e-01,-1.963489921763539314e-03,1.542998254299163818e-01,9.088280797004699707e-01,-5.416498184204101562e-01,8.899327367544174194e-02,-1.289634704589843750e-01,1.210084301419556141e-03,8.635019510984420776e-02,9.526405334472656250e-01,-6.900815367698669434e-01,1.207142546772956848e-01,-3.483613580465316772e-02,3.141124173998832703e-02,2.679019570350646973e-01,-1.036591753363609314e-01,2.788405418395996094e-01,-2.023973613977432251e-01,1.272802233695983887e+00,1.290815472602844238e-01,-6.597758829593658447e-02,-1.064662449061870575e-02,-2.806668281555175781e-01,-2.781466841697692871e-01,4.553512930870056152e-01,1.207453012466430664e+00,-1.301110237836837769e-01,-2.599168568849563599e-03,1.668668985366821289e-01
2.369606345891952515e-01,-2.654724419116973877e-01,7.178510427474975586e-01,-1.422172761522233486e-03,-1.509712934494018555e-01,-3.958181142807006836e-01,9.058331251144409180e-01,-5.330961346626281738e-01,2.088695392012596130e-02,1.467363387346267700e-01,9.714480638504028320e-01,-5.685774087905883789e-01,1.045964434742927551e-01,-1.296445727348327637e-01,2.680314891040325165e-02,8.704122155904769897e-02,9.349737167358398438e-01,-6.805208325386047363e-01,1.203138604760169983e-01,-5.019406974315643311e-02,4.438891634345054626e-02,2.562351524829864502e-01,-1.248849108815193176e-01,2.814149558544158936e-01,-2.261169552803039551e-01,1.265363574028015137e+00,1.404285281896591187e-01,-6.677225232124328613e-02,-1.253174804151058197e-02,-2.590529918670654297e-01,-2.811337709426879883e-01,4.327002465724945068e-01,1.230352401733398438e+00,-1.191716641187667847e-01,3.354877699166536331e-03,1.703962832689285278e-01
2.418721467256546021e-01,-2.642128467559814453e-01,7.173004746437072754e-01,-1.416122540831565857e-02,-1.405012607574462891e-01,-4.005253016948699951e-01,9.053388237953186035e-01,-4.533248841762542725e-01,5.035326629877090454e-02,1.403040587902069092e-01,1.036569714546203613e+00,-6.007755398750305176e-01,1.218518167734146118e-01,-1.310789138078689575e-01,5.807098373770713806e-02,8.173647522926330566e-02,9.177069664001464844e-01,-6.672618389129638672e-01,1.196507140994071960e-01,-6.647891551256179810e-02,6.051570549607276917e-02,2.459902912378311157e-01,-1.493910253047943115e-01,2.841262519359588623e-01,-2.526850402355194092e-01,1.251164674758911133e+00,1.590384095907211304e-01,-6.898560374975204468e-02,-1.770146191120147705e-02,-2.351058572530746460e-01,-2.918298542499542236e-01,4.050378799438476562e-01,1.251375675201416016e+00,-1.123142465949058533e-01,1.097497809678316116e-02,1.751874238252639771e-01
2.455259412527084351e-01,-2.631620466709136963e-01,7.172854542732238770e-01,-2.569880709052085876e-02,-1.262883692979812622e-01,-4.000388979911804199e-01,9.073917269706726074e-01,-3.775652945041656494e-01,8.973674476146697998e-02,1.417322605848312378e-01,1.097566008567810059e+00,-6.396228075027465820e-01,1.359735280275344849e-01,-1.374683380126953125e-01,8.561126142740249634e-02,6.435888260602951050e-02,8.914873003959655762e-01,-6.519131064414978027e-01,1.136336103081703186e-01,-8.436684310436248779e-02,7.630151510238647461e-02,2.333654910326004028e-01,-1.749760657548904419e-01,2.892846167087554932e-01,-2.826197147369384766e-01,1.232819437980651855e+00,1.772688925266265869e-01,-7.018968462944030762e-02,-2.441376075148582458e-02,-2.046505361795425415e-01,-3.042101263999938965e-01,3.732315003871917725e-01,1.265229463577270508e+00,-1.081025004386901855e-01,2.001321315765380859e-02,1.807191818952560425e-01
2.478035092353820801e-01,-2.620906233787536621e-01,7.175197005271911621e-01,-3.681164607405662537e-02,-1.103496849536895752e-01,-3.961344361305236816e-01,9.107937812805175781e-01,-3.035927712917327881e-01,1.338005065917968750e-01,1.535131782293319702e-01,1.149379014968872070e+00,-6.735559701919555664e-01,1.453641951084136963e-01,-1.455515772104263306e-01,1.101471260190010071e-01,3.722291439771652222e-02,8.577178716659545898e-01,-6.324976682662963867e-01,1.092185899615287781e-01,-1.064224988222122192e-01,9.005679935216903687e-02,2.189409732818603516e-01,-2.018501460552215576e-01,2.945414483547210693e-01,-3.148013949394226074e-01,1.212851524353027344e+00,1.933868676424026489e-01,-7.486235350370407104e-02,-3.140139207243919373e-02,-1.750201433897018433e-01,-3.190084695816040039e-01,3.415276408195495605e-01,1.278934121131896973e+00,-9.226642549037933350e-02,2.925559878349304199e-02,1.745734661817550659e-01
2.485706657171249390e-01,-2.609860897064208984e-01,7.187847495079040527e-01,-4.331525042653083801e-02,-9.353102743625640869e-02,-3.900661468505859375e-01,9.149995446205139160e-01,-2.317352443933486938e-01,1.888583153486251831e-01,1.811877340078353882e-01,1.193339109420776367e+00,-6.936406493186950684e-01,1.472516655921936035e-01,-1.555862575769424438e-01,1.215996816754341125e-01,4.962426028214395046e-04,8.146894574165344238e-01,-6.112908720970153809e-01,1.011341810226440430e-01,-1.320923864841461182e-01,1.030913218855857849e-01,2.017098814249038696e-01,-2.310360670089721680e-01,2.961468994617462158e-01,-3.506735861301422119e-01,1.197829008102416992e+00,2.121785283088684082e-01,-7.278576493263244629e-02,-4.142570123076438904e-02,-1.442558914422988892e-01,-3.381260931491851807e-01,3.106006979942321777e-01,1.281775593757629395e+00,-7.627408951520919800e-02,3.402312844991683960e-02,1.735469400882720947e-01
2.478121370077133179e-01,-2.596677243709564209e-01,7.207710146903991699e-01,-4.929059743881225586e-02,-7.636077702045440674e-02,-3.799200952053070068e-01,9.205434322357177734e-01,-1.586758643388748169e-01,2.470032721757888794e-01,2.087787389755249023e-01,1.230576515197753906e+00,-6.908314824104309082e-01,1.368981450796127319e-01,-1.596375107765197754e-01,1.319416612386703491e-01,-4.006325826048851013e-02,7.550336122512817383e-01,-5.835116505622863770e-01,9.441245347261428833e-02,-1.576821058988571167e-01,1.177575960755348206e-01,1.816271096467971802e-01,-2.583681046962738037e-01,2.942950129508972168e-01,-3.903335034847259521e-01,1.184212327003479004e+00,2.335537672042846680e-01,-7.219779491424560547e-02,-5.491124093532562256e-02,-1.108008846640586853e-01,-3.580776453018188477e-01,2.767546772956848145e-01,1.280259013175964355e+00,-6.400587409734725952e-02,3.945456817746162415e-02,1.725770980119705200e-01
2.455100566148757935e-01,-2.576186656951904297e-01,7.216254472732543945e-01,-5.964467674493789673e-02,-6.290186196565628052e-02,-3.636483848094940186e-01,9.274943470954895020e-01,-8.095085620880126953e-02,3.011834323406219482e-01,2.401680499315261841e-01,1.250756144523620605e+00,-6.728756427764892578e-01,1.175588071346282959e-01,-1.573219001293182373e-01,1.471588611602783203e-01,-8.722032606601715088e-02,6.999032497406005859e-01,-5.503501892089843750e-01,9.467824548482894897e-02,-1.866314560174942017e-01,1.332697123289108276e-01,1.627691239118576050e-01,-2.810520231723785400e-01,2.874295711517333984e-01,-4.275474846363067627e-01,1.169254660606384277e+00,2.598068714141845703e-01,-7.672235369682312012e-02,-7.330127060413360596e-02,-7.489823549985885620e-02,-3.762153089046478271e-01,2.329833507537841797e-01,1.280143618583679199e+00,-4.790780320763587952e-02,4.438660666346549988e-02,1.698600649833679199e-01
2.417435944080352783e-01,-2.548429965972900391e-01,7.227982282638549805e-01,-6.762914359569549561e-02,-4.970372468233108521e-02,-3.462502956390380859e-01,9.343802928924560547e-01,-9.207434020936489105e-03,3.525471389293670654e-01,2.693546414375305176e-01,1.259320497512817383e+00,-6.385470628738403320e-01,8.615909516811370850e-02,-1.522955745458602905e-01,1.568170487880706787e-01,-1.387151032686233521e-01,6.330159306526184082e-01,-5.151484012603759766e-01,9.603986144065856934e-02,-2.147428393363952637e-01,1.501799374818801880e-01,1.415515542030334473e-01,-3.012737333774566650e-01,2.796717286109924316e-01,-4.704396128654479980e-01,1.146276712417602539e+00,2.879909276962280273e-01,-8.745584636926651001e-02,-9.281956404447555542e-02,-4.057808965444564819e-02,-3.909713923931121826e-01,1.999308317899703979e-01,1.281834959983825684e+00,-3.942508250474929810e-02,4.834049195051193237e-02,1.667765080928802490e-01
2.366415858268737793e-01,-2.510305941104888916e-01,7.239165306091308594e-01,-7.399156689643859863e-02,-3.651966527104377747e-02,-3.251139223575592041e-01,9.420682191848754883e-01,5.216514319181442261e-02,3.976232707500457764e-01,2.963268756866455078e-01,1.253092527389526367e+00,-5.975893139839172363e-01,5.056831240653991699e-02,-1.480851024389266968e-01,1.615606099367141724e-01,-1.975015997886657715e-01,5.617591142654418945e-01,-4.778748750686645508e-01,9.721672534942626953e-02,-2.421182245016098022e-01,1.680697053670883179e-01,1.205563172698020935e-01,-3.228306174278259277e-01,2.682560086250305176e-01,-5.125831365585327148e-01,1.110624670982360840e+00,3.072550296783447266e-01,-1.017625033855438232e-01,-1.127594113349914551e-01,-1.243192330002784729e-02,-3.990930616855621338e-01,1.723655164241790771e-01,1.287186145782470703e+00,-2.877136506140232086e-02,5.268466100096702576e-02,1.658573448657989502e-01
2.303840219974517822e-01,-2.458126544952392578e-01,7.247390151023864746e-01,-7.942733168601989746e-02,-2.588978037238121033e-02,-3.017386198043823242e-01,9.497235417366027832e-01,9.807987511157989502e-02,4.337895810604095459e-01,3.175390958786010742e-01,1.227034211158752441e+00,-5.625654458999633789e-01,1.076838374137878418e-02,-1.438389271497726440e-01,1.609455943107604980e-01,-2.612351775169372559e-01,4.962249994277954102e-01,-4.395098686218261719e-01,1.030638888478279114e-01,-2.630525827407836914e-01,1.841630190610885620e-01,1.024256050586700439e-01,-3.469457924365997314e-01,2.549273669719696045e-01,-5.555118918418884277e-01,1.063570976257324219e+00,3.248597383499145508e-01,-1.231873258948326111e-01,-1.394266486167907715e-01,8.169620297849178314e-03,-3.994603753089904785e-01,1.484230458736419678e-01,1.300171613693237305e+00,-2.016152814030647278e-02,5.384774506092071533e-02,1.647349745035171509e-01
2.230031788349151611e-01,-2.392062395811080933e-01,7.257402539253234863e-01,-8.133745938539505005e-02,-1.530176866799592972e-02,-2.746556997299194336e-01,9.579740762710571289e-01,1.232701689004898071e-01,4.635569453239440918e-01,3.343422710895538330e-01,1.191828608512878418e+00,-5.397858023643493652e-01,-2.201909385621547699e-02,-1.472269296646118164e-01,1.500172466039657593e-01,-3.298438191413879395e-01,4.401074349880218506e-01,-4.025975167751312256e-01,1.100970953702926636e-01,-2.746748030185699463e-01,1.962686926126480103e-01,8.646178245544433594e-02,-3.748429715633392334e-01,2.406589686870574951e-01,-5.981976389884948730e-01,1.007828950881958008e+00,3.432707488536834717e-01,-1.446943134069442749e-01,-1.678096801042556763e-01,2.187945507466793060e-02,-3.949265182018280029e-01,1.353989541530609131e-01,1.313324928283691406e+00,-1.532972604036331177e-02,5.551462993025779724e-02,1.664017736911773682e-01
2.147894054651260376e-01,-2.309555709362030029e-01,7.265660762786865234e-01,-8.355876803398132324e-02,-5.612844135612249374e-03,-2.445407360792160034e-01,9.660156369209289551e-01,1.274076998233795166e-01,4.816829264163970947e-01,3.404120802879333496e-01,1.144897699356079102e+00,-5.326044559478759766e-01,-4.464604705572128296e-02,-1.551290303468704224e-01,1.362081021070480347e-01,-3.963789343833923340e-01,3.940757215023040771e-01,-3.631719350814819336e-01,1.235672086477279663e-01,-2.746486663818359375e-01,2.053469866514205933e-01,7.355479896068572998e-02,-4.053801596164703369e-01,2.296816855669021606e-01,-6.410290598869323730e-01,9.393981695175170898e-01,3.510573506355285645e-01,-1.685824096202850342e-01,-2.015402764081954956e-01,2.711413986980915070e-02,-3.842087090015411377e-01,1.267854869365692139e-01,1.328443527221679688e+00,-8.187662810087203979e-03,6.059090793132781982e-02,1.730708330869674683e-01
2.060092091560363770e-01,-2.211865186691284180e-01,7.274422645568847656e-01,-8.531034737825393677e-02,2.024824963882565498e-03,-2.100924551486968994e-01,9.739503264427185059e-01,1.183748990297317505e-01,4.830876886844635010e-01,3.338619172573089600e-01,1.084935426712036133e+00,-5.478770136833190918e-01,-5.694974213838577271e-02,-1.643653661012649536e-01,1.150745153427124023e-01,-4.608502388000488281e-01,3.598038852214813232e-01,-3.259131610393524170e-01,1.343537420034408569e-01,-2.652700841426849365e-01,2.101526111364364624e-01,6.527294963598251343e-02,-4.373514950275421143e-01,2.183624058961868286e-01,-6.810091733932495117e-01,8.586167693138122559e-01,3.523047268390655518e-01,-1.903792321681976318e-01,-2.324434220790863037e-01,2.742400206625461578e-02,-3.719919919967651367e-01,1.225519105792045593e-01,1.344872355461120605e+00,-8.583908900618553162e-03,6.160857528448104858e-02,1.809881478548049927e-01
1.968102604150772095e-01,-2.101128548383712769e-01,7.281699180603027344e-01,-8.702033013105392456e-02,6.845345720648765564e-03,-1.739620417356491089e-01,9.808760285377502441e-01,9.959192574024200439e-02,4.717712104320526123e-01,3.196547627449035645e-01,1.018482089042663574e+00,-5.773953199386596680e-01,-6.560239940881729126e-02,-1.768028885126113892e-01,8.596432954072952271e-02,-5.158370733261108398e-01,3.467906713485717773e-01,-2.939675450325012207e-01,1.470538228750228882e-01,-2.480603158473968506e-01,2.112074047327041626e-01,6.080650538206100464e-02,-4.650245606899261475e-01,2.078660875558853149e-01,-7.185186147689819336e-01,7.848292589187622070e-01,3.532567322254180908e-01,-2.137583196163177490e-01,-2.537223398685455322e-01,2.186969108879566193e-02,-3.613846600055694580e-01,1.162511855363845825e-01,1.366088151931762695e+00,-1.446656789630651474e-02,6.346561014652252197e-02,1.837342381477355957e-01
1.861690878868103027e-01,-1.976205855607986450e-01,7.267872095108032227e-01,-9.940011054277420044e-02,6.316732149571180344e-03,-1.395797729492187500e-01,9.851889014244079590e-01,8.074347674846649170e-02,4.814602136611938477e-01,2.946852147579193115e-01,9.714022874832153320e-01,-6.315773725509643555e-01,-7.161907851696014404e-02,-1.978598386049270630e-01,6.667337566614151001e-02,-5.568892359733581543e-01,3.783852756023406982e-01,-2.754216790199279785e-01,1.473477184772491455e-01,-2.242858111858367920e-01,2.243457436561584473e-01,7.654546946287155151e-02,-4.788337349891662598e-01,1.922397017478942871e-01,-7.459226846694946289e-01,7.309507131576538086e-01,3.545516729354858398e-01,-2.334349155426025391e-01,-2.594292461872100830e-01,2.074166014790534973e-02,-3.497892916202545166e-01,1.199628487229347229e-01,1.378883957862854004e+00,-1.738126762211322784e-02,6.658956408500671387e-02,1.837393194437026978e-01
1.786900907754898071e-01,-1.853110641241073608e-01,7.281712889671325684e-01,-8.329578489065170288e-02,1.552187744528055191e-02,-9.503687173128128052e-02,9.918613433837890625e-01,5.415805056691169739e-02,4.004288911819458008e-01,2.743209600448608398e-01,8.641220927238464355e-01,-6.720375418663024902e-01,-3.983078896999359131e-02,-2.375013828277587891e-01,-1.958275213837623596e-02,-5.790947675704956055e-01,4.166730046272277832e-01,-2.691301107406616211e-01,1.524908691644668579e-01,-2.015897333621978760e-01,1.941961497068405151e-01,6.608441472053527832e-02,-5.111830830574035645e-01,1.923444867134094238e-01,-7.778323292732238770e-01,6.587729454040527344e-01,3.363109827041625977e-01,-2.465680241584777832e-01,-2.764948010444641113e-01,-9.519755258224904537e-04,-3.558376729488372803e-01,9.543633460998535156e-02,1.391898274421691895e+00,-1.942502334713935852e-02,6.607956439256668091e-02,1.789846271276473999e-01
1.680774241685867310e-01,-1.719850003719329834e-01,7.296898961067199707e-01,-9.120132029056549072e-02,9.802812710404396057e-03,-5.880657956004142761e-02,9.940462708473205566e-01,3.452010825276374817e-02,4.051261842250823975e-01,2.583875060081481934e-01,8.357770442962646484e-01,-7.193846702575683594e-01,-2.640606276690959930e-02,-2.691030502319335938e-01,-5.395163595676422119e-02,-5.624678134918212891e-01,4.753389358520507812e-01,-2.218752354383468628e-01,1.632552295923233032e-01,-1.803794950246810913e-01,1.989016383886337280e-01,8.898095786571502686e-02,-5.055886507034301758e-01,1.912808269262313843e-01,-7.954862713813781738e-01,6.315988898277282715e-01,3.354260325431823730e-01,-2.600229680538177490e-01,-2.739467918872833252e-01,-6.086116190999746323e-03,-3.603467643260955811e-01,9.256793558597564697e-02,1.390275597572326660e+00,-1.705209165811538696e-02,6.688823550939559937e-02,1.628558039665222168e-01
1.614596992731094360e-01,-1.581178307533264160e-01,7.350262999534606934e-01,-6.520161032676696777e-02,2.194336988031864166e-02,-1.110591366887092590e-02,9.975689649581909180e-01,1.055546384304761887e-02,2.986617982387542725e-01,2.334093004465103149e-01,7.267302274703979492e-01,-7.106754183769226074e-01,9.852622635662555695e-03,-3.549943864345550537e-01,-1.522127091884613037e-01,-4.614056348800659180e-01,5.514246225357055664e-01,-2.194516509771347046e-01,2.009168118238449097e-01,-1.731780171394348145e-01,1.561142802238464355e-01,8.274991065263748169e-02,-5.019836425781250000e-01,2.054611146450042725e-01,-7.979154586791992188e-01,6.051185131072998047e-01,3.238243758678436279e-01,-2.598762810230255127e-01,-2.615066766738891602e-01,-3.434250876307487488e-02,-3.818912804126739502e-01,7.441635429859161377e-02,1.381742119789123535e+00,-1.412103418260812759e-02,6.676008552312850952e-02,1.348280161619186401e-01
1.514561176300048828e-01,-1.470747739076614380e-01,7.353993058204650879e-01,-6.724025309085845947e-02,1.585478521883487701e-02,2.514567784965038300e-02,9.972938895225524902e-01,-1.278520096093416214e-02,2.844969630241394043e-01,1.953328251838684082e-01,7.195515632629394531e-01,-7.282662391662597656e-01,1.137650944292545319e-02,-3.932299017906188965e-01,-1.604045480489730835e-01,-3.642768561840057373e-01,6.021162271499633789e-01,-2.229143977165222168e-01,2.161237001419067383e-01,-1.591656059026718140e-01,1.553441286087036133e-01,1.099182665348052979e-01,-4.636688530445098877e-01,2.240348160266876221e-01,-7.917371988296508789e-01,6.272735595703125000e-01,3.244442939758300781e-01,-2.503426969051361084e-01,-2.393673360347747803e-01,-4.841619357466697693e-02,-3.975901603698730469e-01,6.166438758373260498e-02,1.364166498184204102e+00,-3.608457511290907860e-03,6.379080563783645630e-02,1.101203486323356628e-01
1.444591730833053589e-01,-1.370965987443923950e-01,7.352836132049560547e-01,-6.356123089790344238e-02,1.757632195949554443e-02,5.636078864336013794e-02,9.962301254272460938e-01,-3.740977123379707336e-02,2.488145530223846436e-01,1.553766876459121704e-01,7.010712623596191406e-01,-7.381998300552368164e-01,1.561801508069038391e-02,-4.234116971492767334e-01,-1.689889580011367798e-01,-2.795920968055725098e-01,6.431481242179870605e-01,-2.316635102033615112e-01,2.247190773487091064e-01,-1.466517299413681030e-01,1.520501226186752319e-01,1.283048987388610840e-01,-4.145268797874450684e-01,2.523062825202941895e-01,-7.653000950813293457e-01,6.754013895988464355e-01,3.302935063838958740e-01,-2.315058112144470215e-01,-2.069366127252578735e-01,-7.563736289739608765e-02,-4.215982556343078613e-01,4.533806443214416504e-02,1.332450032234191895e+00,9.963832795619964600e-03,5.822206661105155945e-02,8.020606637001037598e-02
1.411738544702529907e-01,-1.270981431007385254e-01,7.381608486175537109e-01,-3.051934204995632172e-02,3.846302255988121033e-02,9.510195255279541016e-02,9.942559003829956055e-01,-4.268069565296173096e-02,1.220928430557250977e-01,1.167005226016044617e-01,5.698158144950866699e-01,-6.841219067573547363e-01,3.926338255405426025e-02,-4.808332920074462891e-01,-2.443673014640808105e-01,-1.826225072145462036e-01,6.840386390686035156e-01,-2.556789219379425049e-01,2.448786646127700806e-01,-1.702566444873809814e-01,1.007528901100158691e-01,1.092606484889984131e-01,-3.605782389640808105e-01,2.728414535522460938e-01,-6.965185403823852539e-01,7.884318232536315918e-01,3.568373322486877441e-01,-2.080616354942321777e-01,-1.437100470066070557e-01,-1.237737387418746948e-01,-4.527312517166137695e-01,4.395438358187675476e-02,1.285350084304809570e+00,3.046105802059173584e-02,5.491045489907264709e-02,4.561553150415420532e-02
1.326543241739273071e-01,-1.209331080317497253e-01,7.362833023071289062e-01,-2.683628164231777191e-02,2.902587316930294037e-02,1.127169057726860046e-01,9.928404688835144043e-01,-5.748739093542098999e-02,1.041991338133811951e-01,9.834675490856170654e-02,5.992684364318847656e-01,-6.917032599449157715e-01,3.377751260995864868e-02,-4.991269111633300781e-01,-2.470691800117492676e-01,-1.281244903802871704e-01,7.369262576103210449e-01,-2.703671455383300781e-01,2.395935654640197754e-01,-1.525270491838455200e-01,9.574554115533828735e-02,1.287633925676345825e-01,-2.859592437744140625e-01,3.052691221237182617e-01,-6.392625570297241211e-01,8.880801200866699219e-01,3.687477111816406250e-01,-1.647190600633621216e-01,-1.196552440524101257e-01,-1.474562287330627441e-01,-4.702673554420471191e-01,1.879655010998249054e-02,1.247597455978393555e+00,4.364652931690216064e-02,3.857748210430145264e-02,2.330256067216396332e-02
1.299035549163818359e-01,-1.134399995207786560e-01,7.365720868110656738e-01,-2.484982274472713470e-02,3.061683289706707001e-02,1.300136446952819824e-01,9.907277822494506836e-01,-6.461642682552337646e-02,8.039884269237518311e-02,8.249744772911071777e-02,5.922305583953857422e-01,-6.927361488342285156e-01,3.846221417188644409e-02,-5.146147608757019043e-01,-2.509824633598327637e-01,-8.662094920873641968e-02,7.587742209434509277e-01,-2.906211316585540771e-01,2.433840334415435791e-01,-1.561063081026077271e-01,8.733909577131271362e-02,1.298260986804962158e-01,-2.280062735080718994e-01,3.321347236633300781e-01,-5.500868558883666992e-01,1.031109333038330078e+00,3.966293036937713623e-01,-1.194091141223907471e-01,-7.809305936098098755e-02,-1.858760416507720947e-01,-4.886182546615600586e-01,9.509930387139320374e-03,1.180887818336486816e+00,6.736420840024948120e-02,2.168597653508186340e-02,-4.978209268301725388e-03
1.293377280235290527e-01,-1.057717576622962952e-01,7.402132749557495117e-01,-1.398105826228857040e-02,4.165059328079223633e-02,1.480417996644973755e-01,9.880047440528869629e-01,-4.208330437541007996e-02,2.670515142381191254e-02,6.558483839035034180e-02,4.878412485122680664e-01,-6.403096318244934082e-01,5.207019299268722534e-02,-5.228486061096191406e-01,-2.787721157073974609e-01,-4.853628948330879211e-02,7.469422817230224609e-01,-3.020844757556915283e-01,2.504368424415588379e-01,-1.952011585235595703e-01,6.527339667081832886e-02,1.192204281687736511e-01,-1.919582933187484741e-01,3.441369235515594482e-01,-4.247949421405792236e-01,1.210839033126831055e+00,4.298874437808990479e-01,-1.002158448100090027e-01,-2.460154891014099121e-02,-2.313936799764633179e-01,-4.995081722736358643e-01,3.697080165147781372e-02,1.093817234039306641e+00,9.824817627668380737e-02,2.055691741406917572e-02,-2.995036169886589050e-02
1.246095746755599976e-01,-1.020685583353042603e-01,7.386901974678039551e-01,-1.058989576995372772e-02,3.282364085316658020e-02,1.544087082147598267e-01,9.874048829078674316e-01,-4.723668098449707031e-02,1.621176861226558685e-02,6.636791676282882690e-02,5.208625793457031250e-01,-6.464148759841918945e-01,5.156097561120986938e-02,-5.321572422981262207e-01,-2.783131301403045654e-01,-1.293753460049629211e-02,7.907243967056274414e-01,-3.134714365005493164e-01,2.492993175983428955e-01,-1.819060444831848145e-01,6.168026477098464966e-02,1.319965720176696777e-01,-1.339045763015747070e-01,3.747561275959014893e-01,-3.569926619529724121e-01,1.301700830459594727e+00,4.130621254444122314e-01,-6.109524890780448914e-02,-1.207965891808271408e-02,-2.470172941684722900e-01,-5.042085051536560059e-01,1.963606104254722595e-02,1.043219566345214844e+00,1.203691586852073669e-01,3.592190565541386604e-03,-3.456251695752143860e-02
1.233728602528572083e-01,-9.804231673479080200e-02,7.373725771903991699e-01,-1.009984873235225677e-02,3.039695322513580322e-02,1.575590223073959351e-01,9.869899749755859375e-01,-5.195847153663635254e-02,8.672147057950496674e-03,6.518170237541198730e-02,5.413369536399841309e-01,-6.575900912284851074e-01,5.412878468632698059e-02,-5.397089719772338867e-01,-2.718979716300964355e-01,1.532522123306989670e-02,8.201456665992736816e-01,-3.328841626644134521e-01,2.474475353956222534e-01,-1.735591739416122437e-01,5.946316570043563843e-02,1.379228085279464722e-01,-8.936927467584609985e-02,4.089421927928924561e-01,-2.756774127483367920e-01,1.376564979553222656e+00,3.877558112144470215e-01,-3.254185244441032410e-02,7.742665708065032959e-03,-2.583462297916412354e-01,-5.024219751358032227e-01,1.536949537694454193e-02,9.879720807075500488e-01,1.435717940330505371e-01,-7.477806881070137024e-03,-3.349967673420906067e-02
1.275497674942016602e-01,-9.267146140336990356e-02,7.400944828987121582e-01,-1.303043123334646225e-02,4.590782150626182556e-02,1.586387902498245239e-01,9.861827492713928223e-01,-2.427854202687740326e-02,-4.288902506232261658e-03,6.000660359859466553e-02,4.319829642772674561e-01,-6.233488917350769043e-01,6.086300686001777649e-02,-5.381106138229370117e-01,-2.655879855155944824e-01,2.339853532612323761e-02,7.852083444595336914e-01,-3.384263515472412109e-01,2.466017901897430420e-01,-1.912409961223602295e-01,5.395234003663063049e-02,1.262986660003662109e-01,-4.180568829178810120e-02,4.564729630947113037e-01,-1.598790735006332397e-01,1.430563330650329590e+00,3.601278364658355713e-01,-2.901662699878215790e-02,2.803460881114006042e-02,-2.789586782455444336e-01,-4.854807555675506592e-01,4.185264557600021362e-02,9.110602140426635742e-01,1.757751405239105225e-01,4.606967791914939880e-03,-2.708155103027820587e-02
1.258016824722290039e-01,-9.257236868143081665e-02,7.379019856452941895e-01,-6.931572221219539642e-03,3.720165044069290161e-02,1.594832092523574829e-01,9.864751100540161133e-01,-2.582343295216560364e-02,-1.375254616141319275e-02,6.178417429327964783e-02,4.695694148540496826e-01,-6.330036520957946777e-01,6.133159995079040527e-02,-5.466015338897705078e-01,-2.689151167869567871e-01,4.531811922788619995e-02,8.352969288825988770e-01,-3.611372113227844238e-01,2.430949658155441284e-01,-1.785300970077514648e-01,4.678606241941452026e-02,1.409941464662551880e-01,1.110802350012818351e-05,4.722707569599151611e-01,-1.129624992609024048e-01,1.449874877929687500e+00,3.350383639335632324e-01,-1.772895641624927521e-02,3.572245687246322632e-02,-2.723792493343353271e-01,-4.824423491954803467e-01,3.503228724002838135e-02,8.832566142082214355e-01,1.881099343299865723e-01,-5.555979441851377487e-03,-2.477532066404819489e-02
1.268585622310638428e-01,-9.236586093902587891e-02,7.358193397521972656e-01,-3.980683628469705582e-03,3.170876950025558472e-02,1.589947193861007690e-01,9.867620468139648438e-01,-2.611130289733409882e-02,-1.723644509911537170e-02,6.470593810081481934e-02,5.033919215202331543e-01,-6.499624252319335938e-01,6.285437941551208496e-02,-5.565738677978515625e-01,-2.688774168491363525e-01,5.888640135526657104e-02,8.767584562301635742e-01,-3.867619633674621582e-01,2.448141574859619141e-01,-1.748720109462738037e-01,4.062770307064056396e-02,1.547365933656692505e-01,4.368791729211807251e-02,4.857411682605743408e-01,-6.957975775003433228e-02,1.454125881195068359e+00,3.100327551364898682e-01,-1.295014284551143646e-02,4.117811098694801331e-02,-2.661861777305603027e-01,-4.740965664386749268e-01,3.016985952854156494e-02,8.531963229179382324e-01,2.025535106658935547e-01,-1.217548083513975143e-02,-2.193146944046020508e-02
1.287973374128341675e-01,-9.332496672868728638e-02,7.337992787361145020e-01,-2.062601968646049500e-03,2.698661945760250092e-02,1.575871109962463379e-01,9.871340990066528320e-01,-2.480677142739295959e-02,-1.625032722949981689e-02,6.692849099636077881e-02,5.321161150932312012e-01,-6.672302484512329102e-01,6.218222901225090027e-02,-5.685290098190307617e-01,-2.701488435268402100e-01,6.148277223110198975e-02,9.069883227348327637e-01,-4.160478711128234863e-01,2.426986694335937500e-01,-1.730503290891647339e-01,3.726056963205337524e-02,1.679920703172683716e-01,8.545119315385818481e-02,4.902642667293548584e-01,-3.843992203474044800e-02,1.444104075431823730e+00,2.928711771965026855e-01,-1.249930355697870255e-02,4.090679809451103210e-02,-2.604903876781463623e-01,-4.550520479679107666e-01,2.830207906663417816e-02,8.245166540145874023e-01,2.173326313495635986e-01,-1.632229797542095184e-02,-1.537005137652158737e-02
1.318389326333999634e-01,-9.549443423748016357e-02,7.318239212036132812e-01,-2.081687096506357193e-03,2.368935197591781616e-02,1.554840207099914551e-01,9.875521063804626465e-01,-2.258228696882724762e-02,-8.893917314708232880e-03,6.836796551942825317e-02,5.545289516448974609e-01,-6.877819895744323730e-01,6.407011300325393677e-02,-5.827286243438720703e-01,-2.756003737449645996e-01,5.691950768232345581e-02,9.302840232849121094e-01,-4.351799786090850830e-01,2.407631129026412964e-01,-1.734626144170761108e-01,3.462292999029159546e-02,1.826227754354476929e-01,1.220574826002120972e-01,4.825799167156219482e-01,-2.418714202940464020e-02,1.430676698684692383e+00,2.860741615295410156e-01,-1.425336953252553940e-02,3.164403140544891357e-02,-2.514103949069976807e-01,-4.272025525569915771e-01,2.834662236273288727e-02,8.102671504020690918e-01,2.280066162347793579e-01,-1.506782229989767075e-02,-4.634371493011713028e-03
1.392339020967483521e-01,-9.715518355369567871e-02,7.338712215423583984e-01,-1.260813791304826736e-02,2.493577636778354645e-02,1.508120298385620117e-01,9.881674647331237793e-01,1.812673173844814301e-02,1.919961161911487579e-02,7.198833674192428589e-02,4.907110631465911865e-01,-6.767492890357971191e-01,6.112806871533393860e-02,-5.772230625152587891e-01,-2.645054459571838379e-01,2.760302461683750153e-02,9.035210609436035156e-01,-4.334339797496795654e-01,2.332223653793334961e-01,-1.756984591484069824e-01,5.248782783746719360e-02,1.847311854362487793e-01,1.644809246063232422e-01,4.744379520416259766e-01,-1.209962368011474609e-02,1.394965410232543945e+00,2.763077318668365479e-01,-8.664011955261230469e-03,1.255088299512863159e-02,-2.441617399454116821e-01,-4.009411334991455078e-01,2.806479297578334808e-02,8.157284855842590332e-01,2.361436337232589722e-01,-6.720986217260360718e-03,6.166063249111175537e-03
1.423881500959396362e-01,-1.034508794546127319e-01,7.305390834808349609e-01,-4.785692319273948669e-03,1.633663102984428406e-02,1.466285586357116699e-01,9.890451431274414062e-01,2.055775187909603119e-02,2.129390649497509003e-02,8.176845312118530273e-02,5.357871651649475098e-01,-6.975758671760559082e-01,5.798072367906570435e-02,-5.905780792236328125e-01,-2.874282002449035645e-01,2.548434026539325714e-02,9.367527961730957031e-01,-4.466664195060729980e-01,2.280604392290115356e-01,-1.749014556407928467e-01,4.113189131021499634e-02,2.018138617277145386e-01,1.762276738882064819e-01,4.444799125194549561e-01,-2.249987237155437469e-02,1.391280055046081543e+00,2.752112150192260742e-01,-8.930184878408908844e-03,5.295850802212953568e-03,-2.245747745037078857e-01,-3.757322430610656738e-01,2.799800783395767212e-02,8.415734171867370605e-01,2.371777892112731934e-01,7.894057198427617550e-04,1.239819638431072235e-02
1.485151648521423340e-01,-1.101508885622024536e-01,7.274505496025085449e-01,-2.140071155736222863e-04,1.052995584905147552e-02,1.427039504051208496e-01,9.897093772888183594e-01,2.663376741111278534e-02,2.900673821568489075e-02,8.530583977699279785e-02,5.723261833190917969e-01,-7.180901765823364258e-01,5.729665979743003845e-02,-5.984167456626892090e-01,-3.052569627761840820e-01,1.183747872710227966e-02,9.575071930885314941e-01,-4.649750292301177979e-01,2.172767817974090576e-01,-1.722818464040756226e-01,3.695875033736228943e-02,2.089446187019348145e-01,1.770490705966949463e-01,4.150720834732055664e-01,-3.294850513339042664e-02,1.389594793319702148e+00,2.709605395793914795e-01,-5.006951279938220978e-03,-1.148954848758876324e-03,-2.075863629579544067e-01,-3.505371510982513428e-01,2.937144972383975983e-02,8.910998702049255371e-01,2.311675697565078735e-01,1.198641210794448853e-02,1.880336739122867584e-02
1.588694602251052856e-01,-1.169725656509399414e-01,7.271491289138793945e-01,-7.904970087110996246e-03,5.835754331201314926e-03,1.376268565654754639e-01,9.904354214668273926e-01,6.262009590864181519e-02,6.382609903812408447e-02,8.847045898437500000e-02,5.552454590797424316e-01,-7.235756516456604004e-01,5.101870000362396240e-02,-5.726774930953979492e-01,-3.020384311676025391e-01,-3.637965396046638489e-02,9.362292289733886719e-01,-4.800143539905548096e-01,1.974431872367858887e-01,-1.656041145324707031e-01,5.998924002051353455e-02,2.121828645467758179e-01,1.539147496223449707e-01,3.837835490703582764e-01,-5.675566941499710083e-02,1.394370913505554199e+00,2.621924281120300293e-01,8.586878888309001923e-03,-6.203485187143087387e-03,-2.163880169391632080e-01,-3.326100707054138184e-01,2.767734974622726440e-02,9.931169748306274414e-01,2.170838862657546997e-01,1.230558753013610840e-02,3.351071476936340332e-02
1.660866588354110718e-01,-1.274719536304473877e-01,7.223170995712280273e-01,7.871702546253800392e-04,-3.765813540667295456e-03,1.298929750919342041e-01,9.915205836296081543e-01,7.027813047170639038e-02,7.463742792606353760e-02,1.015512719750404358e-01,6.102610826492309570e-01,-7.414225935935974121e-01,4.453132301568984985e-02,-5.765203833580017090e-01,-3.294074833393096924e-01,-4.956540837883949280e-02,9.813963770866394043e-01,-5.026489496231079102e-01,1.814985871315002441e-01,-1.648552715778350830e-01,4.624079912900924683e-02,2.172505855560302734e-01,1.395774483680725098e-01,3.472149372100830078e-01,-7.510496675968170166e-02,1.399599671363830566e+00,2.605504691600799561e-01,1.435162778943777084e-02,-8.898128755390644073e-03,-1.914426833391189575e-01,-3.079976141452789307e-01,3.906393051147460938e-02,1.051011204719543457e+00,2.020396888256072998e-01,2.869292162358760834e-02,3.848498687148094177e-02
1.762582361698150635e-01,-1.382769793272018433e-01,7.168986201286315918e-01,6.891576573252677917e-03,-9.822382591664791107e-03,1.229409426450729370e-01,9.923414587974548340e-01,8.130540698766708374e-02,8.918703347444534302e-02,1.094261333346366882e-01,6.542587280273437500e-01,-7.608662843704223633e-01,3.665488213300704956e-02,-5.740849971771240234e-01,-3.474813103675842285e-01,-7.067321985960006714e-02,1.024121165275573730e+00,-5.321396589279174805e-01,1.656489670276641846e-01,-1.664354503154754639e-01,3.944491967558860779e-02,2.103280574083328247e-01,1.145032122731208801e-01,3.120801448822021484e-01,-9.656038135290145874e-02,1.406395435333251953e+00,2.545876204967498779e-01,2.142156288027763367e-02,-7.927728816866874695e-03,-1.740300655364990234e-01,-2.844013273715972900e-01,5.136811733245849609e-02,1.115909934043884277e+00,1.833631247282028198e-01,4.217181727290153503e-02,5.169519409537315369e-02
1.877320259809494019e-01,-1.495206356048583984e-01,7.119871377944946289e-01,1.148145552724599838e-02,-1.471853442490100861e-02,1.181075051426887512e-01,9.928253293037414551e-01,9.253096580505371094e-02,1.136927902698516846e-01,1.328469067811965942e-01,6.948968768119812012e-01,-7.687841057777404785e-01,3.118412196636199951e-02,-5.668774247169494629e-01,-3.597709834575653076e-01,-9.287349134683609009e-02,1.068638801574707031e+00,-5.677523612976074219e-01,1.441751867532730103e-01,-1.736878007650375366e-01,3.427949920296669006e-02,1.995102316141128540e-01,8.459333330392837524e-02,2.799875140190124512e-01,-1.228186413645744324e-01,1.409811258316040039e+00,2.504923641681671143e-01,2.559725195169448853e-02,-9.115517139434814453e-03,-1.618595421314239502e-01,-2.667351067066192627e-01,6.960170716047286987e-02,1.182540178298950195e+00,1.549837440252304077e-01,5.243212729692459106e-02,6.212258338928222656e-02
2.012093216180801392e-01,-1.613872051239013672e-01,7.083602547645568848e-01,1.016124803572893143e-02,-1.872859895229339600e-02,1.116016209125518799e-01,9.935245513916015625e-01,1.073572784662246704e-01,1.489057391881942749e-01,1.393330693244934082e-01,7.298564314842224121e-01,-7.592601776123046875e-01,1.781166344881057739e-02,-5.494711995124816895e-01,-3.419249951839447021e-01,-1.132832616567611694e-01,1.095059514045715332e+00,-6.171600222587585449e-01,1.171860694885253906e-01,-1.803987920284271240e-01,4.032113403081893921e-02,1.893017739057540894e-01,4.515409469604492188e-02,2.489292025566101074e-01,-1.492997109889984131e-01,1.403649210929870605e+00,2.378181815147399902e-01,2.914700657129287720e-02,-9.813859127461910248e-03,-1.582084149122238159e-01,-2.552638053894042969e-01,9.280562400817871094e-02,1.251011967658996582e+00,1.138800829648971558e-01,5.653856322169303894e-02,7.527669519186019897e-02
2.148548066616058350e-01,-1.740514785051345825e-01,7.104136943817138672e-01,4.385065753012895584e-03,-2.500806190073490143e-02,1.012764796614646912e-01,9.945343136787414551e-01,1.168862059712409973e-01,2.131249606609344482e-01,1.525584608316421509e-01,7.930046916007995605e-01,-6.972988247871398926e-01,-9.974231943488121033e-03,-5.160551071166992188e-01,-3.026311993598937988e-01,-1.419008225202560425e-01,1.099797368049621582e+00,-6.376600861549377441e-01,8.931380510330200195e-02,-1.827628612518310547e-01,5.938675999641418457e-02,1.840939223766326904e-01,4.171197302639484406e-03,2.214834839105606079e-01,-1.782843023538589478e-01,1.381047368049621582e+00,2.211576849222183228e-01,2.496585622429847717e-02,-1.403695158660411835e-02,-1.545019894838333130e-01,-2.506743967533111572e-01,1.153025031089782715e-01,1.306485652923583984e+00,7.601475715637207031e-02,5.569444596767425537e-02,8.493658900260925293e-02
2.277289181947708130e-01,-1.865624189376831055e-01,7.130148410797119141e-01,-2.681441837921738625e-03,-2.898536063730716705e-02,8.897691965103149414e-02,9.956082105636596680e-01,1.013315096497535706e-01,2.886986136436462402e-01,1.675587147474288940e-01,8.947088718414306641e-01,-6.334623098373413086e-01,-1.850445941090583801e-02,-4.846890866756439209e-01,-2.529889643192291260e-01,-1.609906405210494995e-01,1.089228272438049316e+00,-6.531146168708801270e-01,6.591860949993133545e-02,-1.831284910440444946e-01,7.399739325046539307e-02,1.776894479990005493e-01,-3.426073491573333740e-02,2.025523781776428223e-01,-2.063807547092437744e-01,1.336121201515197754e+00,2.034943699836730957e-01,1.463407464325428009e-02,-3.004990145564079285e-02,-1.427850872278213501e-01,-2.492676228284835815e-01,1.402418762445449829e-01,1.334986805915832520e+00,4.513083770871162415e-02,6.052571907639503479e-02,8.760619163513183594e-02
2.400827258825302124e-01,-1.989724040031433105e-01,7.168527245521545410e-01,-1.593273691833019257e-02,-3.035728074610233307e-02,6.756705045700073242e-02,9.971255064010620117e-01,5.932984873652458191e-02,3.685756325721740723e-01,1.486076861619949341e-01,1.029092431068420410e+00,-5.352230072021484375e-01,-3.136824443936347961e-02,-4.535473585128784180e-01,-1.794272661209106445e-01,-1.782118082046508789e-01,1.052790284156799316e+00,-6.568107008934020996e-01,3.900671750307083130e-02,-1.707527041435241699e-01,9.942918270826339722e-02,1.721743941307067871e-01,-6.756071746349334717e-02,1.977074444293975830e-01,-2.371838986873626709e-01,1.268485307693481445e+00,1.844937354326248169e-01,1.349351136013865471e-03,-4.570280387997627258e-02,-1.287888288497924805e-01,-2.546572089195251465e-01,1.643349975347518921e-01,1.340295314788818359e+00,2.313515730202198029e-02,6.534084677696228027e-02,9.953708201646804810e-02
2.522103190422058105e-01,-2.107722759246826172e-01,7.211313843727111816e-01,-3.510305285453796387e-02,-2.920528315007686615e-02,4.206437617540359497e-02,9.980708360671997070e-01,7.320790318772196770e-04,4.538671672344207764e-01,1.136264577507972717e-01,1.167699098587036133e+00,-4.418528378009796143e-01,-3.228421881794929504e-02,-4.197193086147308350e-01,-8.910911530256271362e-02,-1.938469111919403076e-01,9.918541312217712402e-01,-6.490571498870849609e-01,1.280207373201847076e-02,-1.466748416423797607e-01,1.398512423038482666e-01,1.674907058477401733e-01,-1.011047884821891785e-01,2.044070214033126831e-01,-2.616228759288787842e-01,1.181575298309326172e+00,1.599464863538742065e-01,-1.361948251724243164e-02,-6.276702135801315308e-02,-1.169682815670967102e-01,-2.692638039588928223e-01,1.818056702613830566e-01,1.332918167114257812e+00,7.774705067276954651e-03,6.764695793390274048e-02,1.182606220245361328e-01
2.643899023532867432e-01,-2.218524068593978882e-01,7.244251966476440430e-01,-5.248928070068359375e-02,-2.979714982211589813e-02,1.612971536815166473e-02,9.980465173721313477e-01,-5.917856842279434204e-02,5.091864466667175293e-01,7.193432748317718506e-02,1.287059664726257324e+00,-3.711253404617309570e-01,-2.094109170138835907e-02,-3.806698918342590332e-01,-1.789685222320258617e-03,-1.940280497074127197e-01,9.265945553779602051e-01,-6.406877636909484863e-01,-5.244358442723751068e-03,-1.197003349661827087e-01,1.722871214151382446e-01,1.679557412862777710e-01,-1.361590027809143066e-01,2.177825272083282471e-01,-2.785018086433410645e-01,1.092108845710754395e+00,1.277975589036941528e-01,-3.281999379396438599e-02,-7.257619500160217285e-02,-1.136436313390731812e-01,-2.919071912765502930e-01,1.918275505304336548e-01,1.317521214485168457e+00,8.449319750070571899e-03,6.960898637771606445e-02,1.293533742427825928e-01
2.764172554016113281e-01,-2.321587204933166504e-01,7.286393642425537109e-01,-6.442850828170776367e-02,-2.992313541471958160e-02,-1.204542536288499832e-02,9.974008798599243164e-01,-1.138154640793800354e-01,5.335987806320190430e-01,3.158975392580032349e-02,1.382170915603637695e+00,-3.334133327007293701e-01,-5.656990688294172287e-03,-3.384181857109069824e-01,7.589286565780639648e-02,-1.729574650526046753e-01,8.540997505187988281e-01,-6.252541542053222656e-01,-1.466276217252016068e-02,-8.812402933835983276e-02,1.956523507833480835e-01,1.715378612279891968e-01,-1.719206869602203369e-01,2.413607984781265259e-01,-2.876435816287994385e-01,9.934221506118774414e-01,9.878934174776077271e-02,-5.385619029402732849e-02,-6.839456409215927124e-02,-1.197279840707778931e-01,-3.174202442169189453e-01,2.003466188907623291e-01,1.303753614425659180e+00,2.371244365349411964e-03,7.068911194801330566e-02,1.418497860431671143e-01
2.879370748996734619e-01,-2.414120733737945557e-01,7.312133908271789551e-01,-7.148489356040954590e-02,-3.201614692807197571e-02,-3.807808831334114075e-02,9.962002635002136230e-01,-1.594993323087692261e-01,5.240122079849243164e-01,4.092980176210403442e-03,1.451298832893371582e+00,-3.454846143722534180e-01,1.218041777610778809e-02,-2.994083166122436523e-01,1.348038017749786377e-01,-1.432410180568695068e-01,8.033004403114318848e-01,-6.147377490997314453e-01,-1.698052324354648590e-02,-5.831378698348999023e-02,2.060555070638656616e-01,1.757299453020095825e-01,-2.106163054704666138e-01,2.659300565719604492e-01,-2.817139029502868652e-01,9.134939908981323242e-01,6.793087720870971680e-02,-7.163836807012557983e-02,-4.596077278256416321e-02,-1.313878744840621948e-01,-3.415525555610656738e-01,2.075898796319961548e-01,1.297829985618591309e+00,6.475604022853076458e-04,6.278621405363082886e-02,1.343552023172378540e-01
2.988346815109252930e-01,-2.495146095752716064e-01,7.348010540008544922e-01,-7.201182842254638672e-02,-3.392419591546058655e-02,-6.398802250623703003e-02,9.947708249092102051e-01,-2.077378630638122559e-01,4.867355525493621826e-01,-1.570005901157855988e-02,1.500691890716552734e+00,-3.840232789516448975e-01,2.960170432925224304e-02,-2.584304809570312500e-01,1.737935096025466919e-01,-1.044548749923706055e-01,7.539137005805969238e-01,-6.028823256492614746e-01,-1.292163692414760590e-02,-2.694724686443805695e-02,2.087512910366058350e-01,1.811177432537078857e-01,-2.582826316356658936e-01,2.927783429622650146e-01,-2.650028765201568604e-01,8.535112142562866211e-01,4.645499959588050842e-02,-8.687850087881088257e-02,-2.314371615648269653e-02,-1.454108655452728271e-01,-3.656044304370880127e-01,2.113012820482254028e-01,1.290570139884948730e+00,-5.625959485769271851e-03,5.259888991713523865e-02,1.252955496311187744e-01
3.090646266937255859e-01,-2.569878399372100830e-01,7.381915450096130371e-01,-6.775113940238952637e-02,-3.666975349187850952e-02,-8.806024491786956787e-02,9.931316375732421875e-01,-2.598790526390075684e-01,4.413732290267944336e-01,-2.465484850108623505e-02,1.520176172256469727e+00,-4.356203973293304443e-01,4.607499763369560242e-02,-2.175755798816680908e-01,1.947471946477890015e-01,-6.537285447120666504e-02,7.125964760780334473e-01,-5.958406329154968262e-01,-5.696655716747045517e-03,-3.993369755335152149e-04,2.050400078296661377e-01,1.870539188385009766e-01,-3.082117736339569092e-01,3.196653723716735840e-01,-2.403396219015121460e-01,8.282198309898376465e-01,2.224814519286155701e-02,-9.927576780319213867e-02,1.220236811786890030e-02,-1.642261594533920288e-01,-3.858146667480468750e-01,2.211705446243286133e-01,1.284174561500549316e+00,-1.005602534860372543e-02,4.360305890440940857e-02,1.116477176547050476e-01
3.187269568443298340e-01,-2.637104690074920654e-01,7.411531209945678711e-01,-6.414581835269927979e-02,-4.043037444353103638e-02,-1.074141189455986023e-01,9.913187623023986816e-01,-3.100334703922271729e-01,3.902952373027801514e-01,-2.127386257052421570e-02,1.495341777801513672e+00,-4.840433597564697266e-01,5.836277455091476440e-02,-1.743502616882324219e-01,2.107844650745391846e-01,-2.649071440100669861e-02,6.726450324058532715e-01,-5.856526494026184082e-01,6.483556702733039856e-03,1.916967891156673431e-02,1.961921602487564087e-01,1.988951414823532104e-01,-3.595283925533294678e-01,3.392038941383361816e-01,-2.093888074159622192e-01,8.384317159652709961e-01,-4.888631403446197510e-03,-1.084037870168685913e-01,4.852343723177909851e-02,-1.867595911026000977e-01,-4.014855027198791504e-01,2.334513664245605469e-01,1.276769399642944336e+00,-5.190194118767976761e-03,3.448438644409179688e-02,9.539022296667098999e-02
3.276184201240539551e-01,-2.696643471717834473e-01,7.438734769821166992e-01,-6.163299083709716797e-02,-4.369448870420455933e-02,-1.274879574775695801e-01,9.889585375785827637e-01,-3.610610067844390869e-01,3.362580537796020508e-01,-2.348708920180797577e-02,1.441077828407287598e+00,-5.176978111267089844e-01,6.156393885612487793e-02,-1.290276944637298584e-01,2.265690118074417114e-01,1.765372045338153839e-02,6.251767277717590332e-01,-5.743670463562011719e-01,1.944513805210590363e-02,3.681516647338867188e-02,1.880541890859603882e-01,2.089540809392929077e-01,-3.944060504436492920e-01,3.579924106597900391e-01,-1.806643605232238770e-01,8.601502180099487305e-01,-3.316216543316841125e-02,-1.171147450804710388e-01,7.888351380825042725e-02,-2.073234319686889648e-01,-4.089451432228088379e-01,2.528226971626281738e-01,1.265530824661254883e+00,-1.573325367644429207e-03,2.690181508660316467e-02,8.858288824558258057e-02
3.355416655540466309e-01,-2.751491069793701172e-01,7.468825578689575195e-01,-5.615247413516044617e-02,-4.668020457029342651e-02,-1.471111625432968140e-01,9.864208698272705078e-01,-4.087694287300109863e-01,2.852694690227508545e-01,-3.300293907523155212e-02,1.361108660697937012e+00,-5.366976857185363770e-01,5.807531625032424927e-02,-8.236622065305709839e-02,2.303867787122726440e-01,6.097383052110671997e-02,5.725852251052856445e-01,-5.657444000244140625e-01,2.383643202483654022e-02,4.926956444978713989e-02,1.821989268064498901e-01,2.175235599279403687e-01,-4.163463413715362549e-01,3.757040202617645264e-01,-1.633124202489852905e-01,8.833978176116943359e-01,-5.471308901906013489e-02,-1.277319341897964478e-01,9.404942393302917480e-02,-2.236405313014984131e-01,-4.131359159946441650e-01,2.717237174510955811e-01,1.251388788223266602e+00,3.161633387207984924e-03,1.797077246010303497e-02,8.945107460021972656e-02
3.421480655670166016e-01,-2.800129950046539307e-01,7.498870491981506348e-01,-5.083559080958366394e-02,-5.079182982444763184e-02,-1.655245721340179443e-01,9.835840463638305664e-01,-4.477317333221435547e-01,2.424611896276473999e-01,-4.186691716313362122e-02,1.273663043975830078e+00,-5.364688038825988770e-01,4.749169573187828064e-02,-3.722613677382469177e-02,2.287095189094543457e-01,9.942865371704101562e-02,5.239488482475280762e-01,-5.529685616493225098e-01,2.802225016057491302e-02,5.696507170796394348e-02,1.761690527200698853e-01,2.244154363870620728e-01,-4.243168532848358154e-01,3.893215060234069824e-01,-1.493579894304275513e-01,9.047330617904663086e-01,-7.122457027435302734e-02,-1.315502077341079712e-01,1.003461629152297974e-01,-2.340885996818542480e-01,-4.125149250030517578e-01,2.862285077571868896e-01,1.238032698631286621e+00,1.236512698233127594e-02,8.962188847362995148e-03,9.210480749607086182e-02
3.471317291259765625e-01,-2.839948534965515137e-01,7.520288228988647461e-01,-4.580532759428024292e-02,-5.523481592535972595e-02,-1.788166463375091553e-01,9.812622666358947754e-01,-4.751131534576416016e-01,1.999008357524871826e-01,-4.937267303466796875e-02,1.183139562606811523e+00,-5.300964117050170898e-01,3.488750383257865906e-02,-7.096577435731887817e-03,2.231155186891555786e-01,1.252070218324661255e-01,5.013618469238281250e-01,-5.478408932685852051e-01,3.224226832389831543e-02,5.968958139419555664e-02,1.685889065265655518e-01,2.297701686620712280e-01,-4.217466115951538086e-01,3.976933062076568604e-01,-1.406930238008499146e-01,9.231057167053222656e-01,-6.662762165069580078e-02,-1.314171701669692993e-01,9.589464962482452393e-02,-2.401193678379058838e-01,-4.104208648204803467e-01,2.966081798076629639e-01,1.227076292037963867e+00,2.230674587190151215e-02,2.968410495668649673e-03,9.801393747329711914e-02
