9.023281745612621307e-03,-3.459900617599487305e-03,7.884123325347900391e-01,1.551900058984756470e-02,-8.713862858712673187e-03,-9.367300868034362793e-01,3.495996892452239990e-01,4.347719997167587280e-02,5.316990986466407776e-02,1.677784025669097900e-01,-1.149414852261543274e-02,-2.316948622465133667e-01,-2.662204578518867493e-02,6.112320721149444580e-02,-8.730503171682357788e-02,-2.423157244920730591e-01,2.721169404685497284e-02,-1.899442523717880249e-01,7.929752022027969360e-02,3.483791276812553406e-02,7.163558620959520340e-03,-8.117374777793884277e-02,-1.004957914352416992e+00,2.627769112586975098e-01,-3.177000582218170166e-01,-5.301317572593688965e-01,-2.407671958208084106e-01,-2.840102314949035645e-01,3.397538959980010986e-01,-1.089135557413101196e-01,-3.310488760471343994e-01,5.305576920509338379e-01,9.499213695526123047e-01,-1.315761506557464600e-01,-2.963451668620109558e-02,-1.033022347837686539e-02
9.506755508482456207e-03,-2.821401925757527351e-03,7.883655428886413574e-01,1.102523319423198700e-02,-9.713830426335334778e-03,-9.389826655387878418e-01,3.436504304409027100e-01,5.423519015312194824e-02,5.718437582254409790e-02,1.792853772640228271e-01,-7.887106388807296753e-03,-2.353498041629791260e-01,-2.884590998291969299e-02,6.501970440149307251e-02,-8.439688384532928467e-02,-2.292255014181137085e-01,3.249310702085494995e-02,-1.915045380592346191e-01,7.804384827613830566e-02,3.272635489702224731e-02,1.168500632047653198e-02,-6.264883279800415039e-02,-1.030412435531616211e+00,2.891229391098022461e-01,-3.091147541999816895e-01,-5.139876604080200195e-01,-2.486458122730255127e-01,-2.907435595989227295e-01,3.624320626258850098e-01,-1.783036738634109497e-01,-3.107059299945831299e-01,5.518529415130615234e-01,1.030233025550842285e+00,-1.183550283312797546e-01,-8.331214636564254761e-02,-2.368043363094329834e-02
9.822548367083072662e-03,-2.463470911607146263e-03,7.884386777877807617e-01,9.189464151859283447e-03,-1.007988117635250092e-02,-9.392073750495910645e-01,3.430792987346649170e-01,5.824289098381996155e-02,5.817497894167900085e-02,1.815309375524520874e-01,-8.113910444080829620e-03,-2.350685447454452515e-01,-2.845886163413524628e-02,6.756299734115600586e-02,-8.356659859418869019e-02,-2.272370904684066772e-01,3.369382768869400024e-02,-1.899776607751846313e-01,7.844556868076324463e-02,2.966075576841831207e-02,1.151922345161437988e-02,-5.969364196062088013e-02,-1.036381363868713379e+00,2.910908758640289307e-01,-3.106039464473724365e-01,-5.059103369712829590e-01,-2.503303289413452148e-01,-2.933191061019897461e-01,3.655512034893035889e-01,-1.971956938505172729e-01,-3.074024915695190430e-01,5.537037253379821777e-01,1.037910103797912598e+00,-1.157739236950874329e-01,-9.796147793531417847e-02,-2.943440340459346771e-02
1.007563713937997818e-02,-2.173840999603271484e-03,7.884696722030639648e-01,8.447866886854171753e-03,-1.046557351946830750e-02,-9.394354820251464844e-01,3.424617648124694824e-01,5.990530550479888916e-02,5.823120474815368652e-02,1.831278800964355469e-01,-8.164519444108009338e-03,-2.342438250780105591e-01,-2.928084693849086761e-02,6.865920871496200562e-02,-8.354221284389495850e-02,-2.258879244327545166e-01,3.339698538184165955e-02,-1.892710775136947632e-01,7.825639843940734863e-02,2.916837483644485474e-02,1.204928569495677948e-02,-6.057300418615341187e-02,-1.036578178405761719e+00,2.907114624977111816e-01,-3.112323284149169922e-01,-5.018508434295654297e-01,-2.487440109252929688e-01,-2.931839525699615479e-01,3.664702773094177246e-01,-2.056869268417358398e-01,-3.094184994697570801e-01,5.554236173629760742e-01,1.032343745231628418e+00,-1.199385300278663635e-01,-1.029120907187461853e-01,-3.231716156005859375e-02
1.026117894798517227e-02,-1.944387797266244888e-03,7.885660529136657715e-01,7.956326007843017578e-03,-1.074499543756246567e-02,-9.398121833801269531e-01,3.414297699928283691e-01,6.138541921973228455e-02,5.837475880980491638e-02,1.848681867122650146e-01,-8.408258669078350067e-03,-2.328332513570785522e-01,-3.062495216727256775e-02,6.918480992317199707e-02,-8.337234705686569214e-02,-2.238970398902893066e-01,3.277988359332084656e-02,-1.876187175512313843e-01,7.835749536752700806e-02,2.925523743033409119e-02,1.199340634047985077e-02,-6.138106063008308411e-02,-1.036956310272216797e+00,2.899675071239471436e-01,-3.115501105785369873e-01,-4.996761977672576904e-01,-2.448107600212097168e-01,-2.935998141765594482e-01,3.676238059997558594e-01,-2.099272161722183228e-01,-3.112970888614654541e-01,5.558440089225769043e-01,1.026546239852905273e+00,-1.228970140218734741e-01,-1.045492440462112427e-01,-3.488729894161224365e-02
1.033841352909803391e-02,-1.799028832465410233e-03,7.885908484458923340e-01,7.631787098944187164e-03,-1.084597688168287277e-02,-9.400753974914550781e-01,3.407085835933685303e-01,6.258783489465713501e-02,5.871153250336647034e-02,1.865295320749282837e-01,-9.029049426317214966e-03,-2.321902662515640259e-01,-3.168078139424324036e-02,6.936123222112655640e-02,-8.309061080217361450e-02,-2.230048626661300659e-01,3.268537670373916626e-02,-1.867593675851821899e-01,7.801555842161178589e-02,2.977814897894859314e-02,1.215957105159759521e-02,-6.295259296894073486e-02,-1.037924647331237793e+00,2.895523905754089355e-01,-3.122270703315734863e-01,-4.972199499607086182e-01,-2.406509816646575928e-01,-2.938123941421508789e-01,3.689024448394775391e-01,-2.108073085546493530e-01,-3.135305941104888916e-01,5.548962950706481934e-01,1.019612431526184082e+00,-1.275301724672317505e-01,-1.057587713003158569e-01,-3.556087985634803772e-02
1.026138756424188614e-02,-1.781604718416929245e-03,7.885722517967224121e-01,7.815659977495670319e-03,-1.077791303396224976e-02,-9.403730034828186035e-01,3.398842513561248779e-01,6.341000646352767944e-02,5.895889177918434143e-02,1.890834569931030273e-01,-1.053399778902530670e-02,-2.316970527172088623e-01,-3.221005946397781372e-02,6.880839169025421143e-02,-8.271827548742294312e-02,-2.211337983608245850e-01,3.208940103650093079e-02,-1.863135397434234619e-01,7.946315407752990723e-02,2.954249270260334015e-02,1.109965797513723373e-02,-6.405054777860641479e-02,-1.042232036590576172e+00,2.885632812976837158e-01,-3.138185739517211914e-01,-4.976264536380767822e-01,-2.369177937507629395e-01,-2.937145829200744629e-01,3.690975904464721680e-01,-2.121970355510711670e-01,-3.152456283569335938e-01,5.549570918083190918e-01,1.014131188392639160e+00,-1.326200664043426514e-01,-1.050909161567687988e-01,-3.642223030328750610e-02
9.984838776290416718e-03,-1.907745492644608021e-03,7.885897755622863770e-01,8.062263950705528259e-03,-1.082218717783689499e-02,-9.406031966209411621e-01,3.392395377159118652e-01,6.437649577856063843e-02,5.885741114616394043e-02,1.907084435224533081e-01,-1.203673426061868668e-02,-2.306820452213287354e-01,-3.256016224622726440e-02,6.860090047121047974e-02,-8.270113170146942139e-02,-2.201079130172729492e-01,3.166877105832099915e-02,-1.859873086214065552e-01,7.952564954757690430e-02,2.972670085728168488e-02,1.065027527511119843e-02,-6.477166712284088135e-02,-1.049177169799804688e+00,2.915990948677062988e-01,-3.130902051925659180e-01,-4.991614520549774170e-01,-2.310543358325958252e-01,-2.943416237831115723e-01,3.690384030342102051e-01,-2.146284580230712891e-01,-3.179708719253540039e-01,5.549566149711608887e-01,1.009514689445495605e+00,-1.376762986183166504e-01,-1.044338122010231018e-01,-3.683403134346008301e-02
9.485461749136447906e-03,-2.192544285207986832e-03,7.885618209838867188e-01,8.572734892368316650e-03,-1.084275078028440475e-02,-9.406758546829223633e-01,3.390249013900756836e-01,6.489910930395126343e-02,5.846440047025680542e-02,1.911669224500656128e-01,-1.345900259912014008e-02,-2.302816808223724365e-01,-3.176824748516082764e-02,6.854708492755889893e-02,-8.290737867355346680e-02,-2.201919406652450562e-01,3.114604204893112183e-02,-1.867959201335906982e-01,7.945595681667327881e-02,2.862943895161151886e-02,1.028932537883520126e-02,-6.493834406137466431e-02,-1.061411619186401367e+00,2.990937530994415283e-01,-3.073061406612396240e-01,-5.013835430145263672e-01,-2.260553389787673950e-01,-2.952087521553039551e-01,3.685813546180725098e-01,-2.141282707452774048e-01,-3.219256699085235596e-01,5.546786189079284668e-01,1.008443117141723633e+00,-1.442118883132934570e-01,-1.027812063694000244e-01,-3.601878508925437927e-02
8.744502440094947815e-03,-2.638218458741903305e-03,7.885643839836120605e-01,8.802084252238273621e-03,-1.061862427741289139e-02,-9.407010078430175781e-01,3.389562666416168213e-01,6.590798497200012207e-02,5.896347016096115112e-02,1.920553445816040039e-01,-1.426520757377147675e-02,-2.310185581445693970e-01,-3.028993681073188782e-02,6.916836649179458618e-02,-8.233624696731567383e-02,-2.198109477758407593e-01,3.085471689701080322e-02,-1.864057630300521851e-01,7.914771139621734619e-02,2.839066833257675171e-02,9.550693444907665253e-03,-6.418070942163467407e-02,-1.077464818954467773e+00,3.148119449615478516e-01,-2.934211492538452148e-01,-4.980570375919342041e-01,-2.194928526878356934e-01,-2.946305572986602783e-01,3.696511983871459961e-01,-2.068019658327102661e-01,-3.236214518547058105e-01,5.534790754318237305e-01,1.017948389053344727e+00,-1.513906270265579224e-01,-9.862793982028961182e-02,-3.359772264957427979e-02
7.744483184069395065e-03,-3.196834353730082512e-03,7.885457873344421387e-01,9.442129172384738922e-03,-1.029804348945617676e-02,-9.406256079673767090e-01,3.391581177711486816e-01,6.663960218429565430e-02,5.920771509408950806e-02,1.915141940116882324e-01,-1.583597250282764435e-02,-2.321311533451080322e-01,-2.845601923763751984e-02,6.951102614402770996e-02,-8.173485100269317627e-02,-2.195501774549484253e-01,3.035766631364822388e-02,-1.867999732494354248e-01,7.791198045015335083e-02,2.910090982913970947e-02,8.504466153681278229e-03,-6.205928325653076172e-02,-1.078648090362548828e+00,3.380781114101409912e-01,-2.714386284351348877e-01,-4.838474392890930176e-01,-2.165023237466812134e-01,-2.941479086875915527e-01,3.700577318668365479e-01,-1.956706494092941284e-01,-3.236476480960845947e-01,5.528697967529296875e-01,1.035971403121948242e+00,-1.591137945652008057e-01,-9.360849857330322266e-02,-2.735277079045772552e-02
6.523905787616968155e-03,-3.811969654634594917e-03,7.885366082191467285e-01,1.025712955743074417e-02,-1.027068030089139938e-02,-9.404251575469970703e-01,3.396907150745391846e-01,6.738006323575973511e-02,5.856294929981231689e-02,1.885589510202407837e-01,-1.757028512656688690e-02,-2.325758337974548340e-01,-2.596131339669227600e-02,7.062358409166336060e-02,-8.180081099271774292e-02,-2.205605059862136841e-01,2.913683280348777771e-02,-1.881627440452575684e-01,7.582250237464904785e-02,2.926137670874595642e-02,7.785494439303874969e-03,-5.861868709325790405e-02,-1.057425618171691895e+00,3.586762547492980957e-01,-2.510864436626434326e-01,-4.607679545879364014e-01,-2.189404517412185669e-01,-2.949659526348114014e-01,3.656097352504730225e-01,-1.823605448007583618e-01,-3.215111196041107178e-01,5.490822196006774902e-01,1.062885999679565430e+00,-1.630479097366333008e-01,-8.823259919881820679e-02,-1.948931440711021423e-02
5.119543522596359253e-03,-4.466167651116847992e-03,7.883466482162475586e-01,1.150480378419160843e-02,-1.011452358216047287e-02,-9.408063888549804688e-01,3.385980129241943359e-01,6.915301084518432617e-02,5.823684111237525940e-02,1.881544739007949829e-01,-2.125410363078117371e-02,-2.338188141584396362e-01,-2.579602040350437164e-02,7.129608094692230225e-02,-8.117239177227020264e-02,-2.188495397567749023e-01,2.588192746043205261e-02,-1.904050260782241821e-01,7.601735740900039673e-02,3.240525722503662109e-02,5.031440872699022293e-03,-5.664849653840065002e-02,-1.021882414817810059e+00,3.759796023368835449e-01,-2.387152165174484253e-01,-4.368918240070343018e-01,-2.302847355604171753e-01,-2.940063774585723877e-01,3.595629036426544189e-01,-1.606102436780929565e-01,-3.161552846431732178e-01,5.355178713798522949e-01,1.099752426147460938e+00,-1.592882126569747925e-01,-8.136756718158721924e-02,-1.867651566863059998e-02
3.576434683054685593e-03,-5.015095230191946030e-03,7.883527278900146484e-01,1.229483447968959808e-02,-9.562125429511070251e-03,-9.400572180747985840e-01,3.406608104705810547e-01,6.902314722537994385e-02,5.881620198488235474e-02,1.822034865617752075e-01,-2.281647361814975739e-02,-2.351217269897460938e-01,-2.389735355973243713e-02,7.252189517021179199e-02,-7.976575940847396851e-02,-2.188268005847930908e-01,2.526207268238067627e-02,-1.906658262014389038e-01,7.071539759635925293e-02,3.332496061921119690e-02,3.777267644181847572e-03,-5.448395013809204102e-02,-9.732907414436340332e-01,3.917571902275085449e-01,-2.264120876789093018e-01,-4.031260311603546143e-01,-2.324208915233612061e-01,-2.902429997920989990e-01,3.502647578716278076e-01,-1.400241702795028687e-01,-3.108993470668792725e-01,5.235035419464111328e-01,1.140662550926208496e+00,-1.543348431587219238e-01,-7.212179899215698242e-02,-1.036020833998918533e-02
2.020064508542418480e-03,-5.441154353320598602e-03,7.883426547050476074e-01,1.308097876608371735e-02,-9.552550502121448517e-03,-9.391809701919555664e-01,3.430404961109161377e-01,6.865619868040084839e-02,5.831358581781387329e-02,1.750326603651046753e-01,-2.373879961669445038e-02,-2.355306297540664673e-01,-2.167200669646263123e-02,7.467184960842132568e-02,-7.950439304113388062e-02,-2.215261459350585938e-01,2.416913211345672607e-02,-1.928003430366516113e-01,6.488303095102310181e-02,3.214655444025993347e-02,4.217541310936212540e-03,-5.122354626655578613e-02,-9.101225733757019043e-01,4.045999944210052490e-01,-2.155021429061889648e-01,-3.641417324542999268e-01,-2.374862432479858398e-01,-2.867989540100097656e-01,3.364649713039398193e-01,-1.189679503440856934e-01,-3.070080578327178955e-01,5.088346600532531738e-01,1.179563164710998535e+00,-1.474668830633163452e-01,-6.431455910205841064e-02,-1.086700591258704662e-03
5.311187123879790306e-04,-5.756861064583063126e-03,7.882830500602722168e-01,1.417615544050931931e-02,-9.912678971886634827e-03,-9.388042688369750977e-01,3.440164327621459961e-01,6.846906244754791260e-02,5.711430683732032776e-02,1.686987131834030151e-01,-2.495489828288555145e-02,-2.346772104501724243e-01,-2.091267146170139313e-02,7.640177011489868164e-02,-7.994301617145538330e-02,-2.241931408643722534e-01,2.180312201380729675e-02,-1.956715136766433716e-01,5.985382944345474243e-02,3.343739360570907593e-02,4.426729865372180939e-03,-4.798077046871185303e-02,-8.284003138542175293e-01,4.150156974792480469e-01,-2.055206149816513062e-01,-3.169441223144531250e-01,-2.499335706233978271e-01,-2.811962068080902100e-01,3.183971345424652100e-01,-9.514510631561279297e-02,-3.026565313339233398e-01,4.897851049900054932e-01,1.215631365776062012e+00,-1.340011507272720337e-01,-5.816278979182243347e-02,4.088199231773614883e-03
-8.453129557892680168e-04,-5.930862855166196823e-03,7.883465290069580078e-01,1.486984454095363617e-02,-9.978906251490116119e-03,-9.378316998481750488e-01,3.466281294822692871e-01,6.762410700321197510e-02,5.679957568645477295e-02,1.640944629907608032e-01,-2.529784664511680603e-02,-2.338276803493499756e-01,-1.922811195254325867e-02,7.846645265817642212e-02,-7.974499464035034180e-02,-2.277189195156097412e-01,2.036296389997005463e-02,-1.962964236736297607e-01,5.458256229758262634e-02,3.191510215401649475e-02,4.345047753304243088e-03,-4.332928359508514404e-02,-7.325428724288940430e-01,4.200324416160583496e-01,-1.950003206729888916e-01,-2.630175948143005371e-01,-2.577497661113739014e-01,-2.779775559902191162e-01,2.937993705272674561e-01,-7.305895537137985229e-02,-2.993517518043518066e-01,4.664331376552581787e-01,1.242797732353210449e+00,-1.223102137446403503e-01,-5.568385124206542969e-02,1.111318357288837433e-02
-2.039422513917088509e-03,-6.068405229598283768e-03,7.884692549705505371e-01,1.583726890385150909e-02,-1.064816862344741821e-02,-9.372999668121337891e-01,3.480007350444793701e-01,6.694146245718002319e-02,5.512382090091705322e-02,1.604721844196319580e-01,-2.579157613217830658e-02,-2.297658026218414307e-01,-1.979923807084560394e-02,8.038881421089172363e-02,-8.101469278335571289e-02,-2.317840456962585449e-01,1.768244244158267975e-02,-1.967813074588775635e-01,5.034473538398742676e-02,3.132805600762367249e-02,4.667247179895639420e-03,-3.926975280046463013e-02,-6.276535987854003906e-01,4.155400097370147705e-01,-1.829884052276611328e-01,-1.916952878236770630e-01,-2.690864503383636475e-01,-2.734525501728057861e-01,2.727611362934112549e-01,-4.859247803688049316e-02,-2.968493103981018066e-01,4.428847432136535645e-01,1.260190844535827637e+00,-1.114630028605461121e-01,-5.496943742036819458e-02,1.302925497293472290e-02
-3.010296495631337166e-03,-6.188149563968181610e-03,7.886093258857727051e-01,1.651337556540966034e-02,-1.016197353601455688e-02,-9.362021088600158691e-01,3.509267866611480713e-01,6.567659229040145874e-02,5.569422990083694458e-02,1.594875603914260864e-01,-2.701384015381336212e-02,-2.288620918989181519e-01,-1.631595380604267120e-02,8.183742314577102661e-02,-7.988053560256958008e-02,-2.337986528873443604e-01,1.543387584388256073e-02,-1.941257268190383911e-01,5.063042044639587402e-02,2.630996145308017731e-02,1.664084033109247684e-03,-3.360851109027862549e-02,-5.179336071014404297e-01,4.003301858901977539e-01,-1.733581274747848511e-01,-1.001568064093589783e-01,-2.711056172847747803e-01,-2.643023729324340820e-01,2.534902393817901611e-01,-2.807617187500000000e-02,-2.960860431194305420e-01,4.265794754028320312e-01,1.267342209815979004e+00,-1.050082296133041382e-01,-5.735738202929496765e-02,1.594940759241580963e-02
-3.769566537812352180e-03,-6.364258937537670135e-03,7.888744473457336426e-01,1.740657538175582886e-02,-1.085588801652193069e-02,-9.352477192878723145e-01,3.533990979194641113e-01,6.339868158102035522e-02,5.322642251849174500e-02,1.539913117885589600e-01,-2.582509256899356842e-02,-2.248775810003280640e-01,-1.043518725782632828e-02,8.293439447879791260e-02,-8.189911395311355591e-02,-2.375614792108535767e-01,1.497240923345088959e-02,-1.947018802165985107e-01,4.688125476241111755e-02,2.156543545424938202e-02,2.146448940038681030e-03,-2.723327837884426117e-02,-4.170915484428405762e-01,3.801602721214294434e-01,-1.651010215282440186e-01,8.493092842400074005e-03,-2.684724330902099609e-01,-2.510135471820831299e-01,2.402635365724563599e-01,-1.282874960452318192e-02,-2.959007024765014648e-01,4.160116016864776611e-01,1.263320446014404297e+00,-1.020795404911041260e-01,-6.002509221434593201e-02,2.534088306128978729e-02
-4.278495907783508301e-03,-6.651842035353183746e-03,7.889004349708557129e-01,1.787277124822139740e-02,-1.108316518366336823e-02,-9.349607825279235840e-01,3.541271984577178955e-01,6.317209452390670776e-02,5.235295370221138000e-02,1.544844508171081543e-01,-2.612826786935329437e-02,-2.232880443334579468e-01,-6.544306408613920212e-03,8.441208302974700928e-02,-8.273936063051223755e-02,-2.412944138050079346e-01,1.276849303394556046e-02,-1.945546716451644897e-01,4.895441606640815735e-02,1.706138066947460175e-02,-6.347367889247834682e-04,-2.412671968340873718e-02,-3.336755335330963135e-01,3.610984981060028076e-01,-1.674613952636718750e-01,1.377622783184051514e-01,-2.544376850128173828e-01,-2.354848980903625488e-01,2.307940423488616943e-01,-3.239976940676569939e-03,-2.948997020721435547e-01,4.082299470901489258e-01,1.258592963218688965e+00,-1.007134243845939636e-01,-6.386008113622665405e-02,2.314878813922405243e-02
-1.981494249776005745e-03,-4.836602136492729187e-03,7.897112369537353516e-01,2.164386026561260223e-02,-7.698410656303167343e-03,-9.346289038658142090e-01,3.548818230628967285e-01,5.839476734399795532e-02,5.577614903450012207e-02,1.513411700725555420e-01,-5.145138874650001526e-02,-1.988641023635864258e-01,1.076802494935691357e-03,7.411504536867141724e-02,-7.922255247831344604e-02,-2.422083169221878052e-01,8.933641365729272366e-04,-1.782664358615875244e-01,4.540730267763137817e-02,8.111268281936645508e-03,-1.493340358138084412e-03,3.256242489442229271e-04,-3.027638494968414307e-01,3.527669310569763184e-01,-1.702533811330795288e-01,2.968890964984893799e-01,-2.369233667850494385e-01,-2.111470997333526611e-01,2.190326005220413208e-01,-4.075875133275985718e-02,-2.987380325794219971e-01,4.000115692615509033e-01,1.252928733825683594e+00,-1.005570143461227417e-01,-6.465873867273330688e-02,2.699037827551364899e-02
-4.794195294380187988e-03,-7.452087476849555969e-03,7.888392806053161621e-01,1.776764169335365295e-02,-1.145128160715103149e-02,-9.346027374267578125e-01,3.550646603107452393e-01,6.508380919694900513e-02,5.095763131976127625e-02,1.565451174974441528e-01,-2.689087390899658203e-02,-2.230719774961471558e-01,2.297329017892479897e-03,8.917026966810226440e-02,-8.406208455562591553e-02,-2.495653033256530762e-01,8.250828832387924194e-03,-1.941246837377548218e-01,5.447672680020332336e-02,5.196734331548213959e-03,-7.659319322556257248e-03,-1.287021394819021225e-02,-2.164547145366668701e-01,3.207025229930877686e-01,-2.017688453197479248e-01,4.653455018997192383e-01,-1.929751932621002197e-01,-1.977305114269256592e-01,2.058397680521011353e-01,-1.813947921618819237e-03,-2.958644032478332520e-01,4.125498235225677490e-01,1.243384242057800293e+00,-1.089246124029159546e-01,-7.593140751123428345e-02,1.243468094617128372e-02
-2.401623176410794258e-03,-5.801747553050518036e-03,7.895514369010925293e-01,2.164205536246299744e-02,-7.458229549229145050e-03,-9.343327879905700684e-01,3.556658625602722168e-01,5.883590131998062134e-02,5.551427602767944336e-02,1.539529561996459961e-01,-5.010611563920974731e-02,-2.017333209514617920e-01,9.082847274839878082e-03,7.941380143165588379e-02,-7.922063022851943970e-02,-2.513866424560546875e-01,-5.948034115135669708e-03,-1.778121143579483032e-01,5.042562633752822876e-02,-5.193040240556001663e-03,-7.088795769959688187e-03,9.275376796722412109e-03,-2.130117565393447876e-01,3.131335973739624023e-01,-2.242763191461563110e-01,6.468877792358398438e-01,-1.471674889326095581e-01,-1.704318374395370483e-01,1.790558844804763794e-01,-3.914449736475944519e-02,-3.023559749126434326e-01,4.180045127868652344e-01,1.235786795616149902e+00,-1.138408780097961426e-01,-7.961752265691757202e-02,1.330647245049476624e-02
-5.165535490959882736e-03,-8.545760996639728546e-03,7.886408567428588867e-01,1.819250546395778656e-02,-1.136285811662673950e-02,-9.344837069511413574e-01,3.553591072559356689e-01,6.478567421436309814e-02,5.002247169613838196e-02,1.594342440366744995e-01,-2.497374638915061951e-02,-2.271411418914794922e-01,1.019724551588296890e-02,9.216906130313873291e-02,-8.533429354429244995e-02,-2.594094872474670410e-01,4.391372669488191605e-03,-1.951156407594680786e-01,5.970100313425064087e-02,-8.414689451456069946e-03,-1.307817548513412476e-02,-4.098331555724143982e-03,-1.531642079353332520e-01,2.781138122081756592e-01,-2.712455093860626221e-01,8.229269981384277344e-01,-7.623799890279769897e-02,-1.595829427242279053e-01,1.547993421554565430e-01,-2.485165838152170181e-03,-3.002787828445434570e-01,4.394359290599822998e-01,1.224735617637634277e+00,-1.216019093990325928e-01,-9.378147125244140625e-02,-2.284446964040398598e-03
-2.956548938527703285e-03,-7.003876846283674240e-03,7.893454432487487793e-01,2.188348025083541870e-02,-7.309999782592058182e-03,-9.344660639762878418e-01,3.553039729595184326e-01,5.838022753596305847e-02,5.519298464059829712e-02,1.577183157205581665e-01,-4.566823318600654602e-02,-2.075602412223815918e-01,1.691268756985664368e-02,8.370527625083923340e-02,-7.976713776588439941e-02,-2.611159682273864746e-01,-1.179121900349855423e-02,-1.774973571300506592e-01,5.641885474324226379e-02,-1.737956702709197998e-02,-1.147792395204305649e-02,1.838664524257183075e-02,-1.696958392858505249e-01,2.700578272342681885e-01,-3.025014996528625488e-01,9.837520718574523926e-01,-1.611448451876640320e-02,-1.376697421073913574e-01,1.189535334706306458e-01,-4.303317517042160034e-02,-3.029184639453887939e-01,4.508758485317230225e-01,1.213446855545043945e+00,-1.226702332496643066e-01,-9.921233355998992920e-02,1.770589733496308327e-04
-5.985936149954795837e-03,-9.795064106583595276e-03,7.883988618850708008e-01,1.880506798624992371e-02,-1.128595601767301559e-02,-9.347078800201416016e-01,3.547396659851074219e-01,6.388504803180694580e-02,4.969884082674980164e-02,1.636083871126174927e-01,-2.032194100320339203e-02,-2.331052124500274658e-01,1.563353277742862701e-02,9.520453214645385742e-02,-8.645159751176834106e-02,-2.696331739425659180e-01,1.330657250946387649e-04,-1.957413405179977417e-01,6.657213717699050903e-02,-2.035238966345787048e-02,-1.697102561593055725e-02,6.062429863959550858e-03,-1.185041517019271851e-01,2.373882830142974854e-01,-3.483278751373291016e-01,1.120743989944458008e+00,5.306319147348403931e-02,-1.333206892013549805e-01,1.001781150698661804e-01,-1.526089943945407867e-02,-2.931500375270843506e-01,4.733378589153289795e-01,1.193811416625976562e+00,-1.280062645673751831e-01,-1.112322062253952026e-01,-1.403827685862779617e-02
-4.260269924998283386e-03,-8.334817364811897278e-03,7.891117334365844727e-01,2.239548973739147186e-02,-7.279010489583015442e-03,-9.345434904098510742e-01,3.550689518451690674e-01,5.633303150534629822e-02,5.555576831102371216e-02,1.619719266891479492e-01,-3.708087652921676636e-02,-2.155075520277023315e-01,1.972415670752525330e-02,8.892357349395751953e-02,-8.013945072889328003e-02,-2.723905146121978760e-01,-1.850039325654506683e-02,-1.775482445955276489e-01,6.211699917912483215e-02,-2.729619666934013367e-02,-1.337643060833215714e-02,2.941111847758293152e-02,-1.338313817977905273e-01,2.356957346200942993e-01,-3.689043819904327393e-01,1.225570082664489746e+00,1.015671566128730774e-01,-1.194538474082946777e-01,7.012243568897247314e-02,-6.414997577667236328e-02,-2.923192083835601807e-01,4.814598262310028076e-01,1.174875617027282715e+00,-1.264299154281616211e-01,-1.140596270561218262e-01,-1.215788349509239197e-02
-5.309779662638902664e-03,-8.951799944043159485e-03,7.890152931213378906e-01,2.274115942418575287e-02,-7.301408331841230392e-03,-9.344236850738525391e-01,3.553615808486938477e-01,5.547608435153961182e-02,5.592312663793563843e-02,1.632111370563507080e-01,-3.310596570372581482e-02,-2.185519784688949585e-01,1.990468055009841919e-02,9.260286390781402588e-02,-7.977915555238723755e-02,-2.781060039997100830e-01,-2.330399118363857269e-02,-1.776113063097000122e-01,6.405594944953918457e-02,-3.108283318579196930e-02,-1.331307273358106613e-02,4.100343957543373108e-02,-1.181412711739540100e-01,2.296359986066818237e-01,-3.839077055454254150e-01,1.301363229751586914e+00,1.416026800870895386e-01,-1.140395402908325195e-01,5.357240140438079834e-02,-8.577061444520950317e-02,-2.883020341396331787e-01,4.914014339447021484e-01,1.156793713569641113e+00,-1.250866204500198364e-01,-1.184712573885917664e-01,-2.056387998163700104e-02
-6.869356147944927216e-03,-9.676776826381683350e-03,7.889325022697448730e-01,2.330847457051277161e-02,-7.501061074435710907e-03,-9.341492056846618652e-01,3.560417294502258301e-01,5.361198633909225464e-02,5.624677613377571106e-02,1.639318019151687622e-01,-2.661786042153835297e-02,-2.225045710802078247e-01,1.982173323631286621e-02,9.649360179901123047e-02,-7.974060624837875366e-02,-2.841104865074157715e-01,-2.743064053356647491e-02,-1.785443723201751709e-01,6.573284417390823364e-02,-3.244912996888160706e-02,-1.277294754981994629e-02,4.886963963508605957e-02,-9.599989652633666992e-02,2.324787676334381104e-01,-3.934543132781982422e-01,1.347939729690551758e+00,1.715066432952880859e-01,-1.134098768234252930e-01,4.604493081569671631e-02,-1.013713628053665161e-01,-2.872568964958190918e-01,5.005534291267395020e-01,1.137435197830200195e+00,-1.228388249874114990e-01,-1.232034936547279358e-01,-3.246406465768814087e-02
-8.928299881517887115e-03,-1.044068299233913422e-02,7.888390421867370605e-01,2.460206672549247742e-02,-7.606109138578176498e-03,-9.336317181587219238e-01,3.573076128959655762e-01,4.968135431408882141e-02,5.650240927934646606e-02,1.621970832347869873e-01,-1.864483579993247986e-02,-2.265914082527160645e-01,1.997441425919532776e-02,9.941842406988143921e-02,-7.966083288192749023e-02,-2.898847460746765137e-01,-3.120283782482147217e-02,-1.804925203323364258e-01,6.682584434747695923e-02,-3.200037404894828796e-02,-1.100235246121883392e-02,5.535146221518516541e-02,-7.220459729433059692e-02,2.453318834304809570e-01,-3.988223671913146973e-01,1.369495987892150879e+00,1.881270408630371094e-01,-1.153043210506439209e-01,4.455123469233512878e-02,-1.141840219497680664e-01,-2.889598011970520020e-01,5.104429721832275391e-01,1.116769671440124512e+00,-1.212520822882652283e-01,-1.274478137493133545e-01,-4.323145747184753418e-02
-1.144574303179979324e-02,-1.119824685156345367e-02,7.886230945587158203e-01,2.675727009773254395e-02,-7.298510055989027023e-03,-9.329281449317932129e-01,3.589928150177001953e-01,4.329742118716239929e-02,5.734973400831222534e-02,1.593376547098159790e-01,-9.267474524676799774e-03,-2.328923791646957397e-01,1.995504274964332581e-02,1.002090573310852051e-01,-7.899143546819686890e-02,-2.942059636116027832e-01,-3.370133414864540100e-02,-1.846126019954681396e-01,6.660262495279312134e-02,-3.025191649794578552e-02,-8.571984246373176575e-03,6.204348057508468628e-02,-4.792452603578567505e-02,2.666401267051696777e-01,-3.999628424644470215e-01,1.374106764793395996e+00,1.953498274087905884e-01,-1.188922449946403503e-01,4.559424519538879395e-02,-1.266472488641738892e-01,-2.914963662624359131e-01,5.188793540000915527e-01,1.096320867538452148e+00,-1.150688081979751587e-01,-1.312179416418075562e-01,-5.452288687229156494e-02
-1.438666786998510361e-02,-1.195507403463125229e-02,7.884000539779663086e-01,2.897001989185810089e-02,-7.092811167240142822e-03,-9.324232339859008789e-01,3.601351082324981689e-01,3.657153993844985962e-02,5.867015570402145386e-02,1.566140055656433105e-01,2.071967814117670059e-03,-2.396344840526580811e-01,1.866372860968112946e-02,9.932419657707214355e-02,-7.860765606164932251e-02,-2.981284856796264648e-01,-3.241283074021339417e-02,-1.907876729965209961e-01,6.149078160524368286e-02,-2.707345597445964813e-02,-4.808137193322181702e-03,6.675784289836883545e-02,-2.626437321305274963e-02,2.940873205661773682e-01,-3.979059159755706787e-01,1.364446997642517090e+00,1.963446885347366333e-01,-1.252208352088928223e-01,4.583001881837844849e-02,-1.354861706495285034e-01,-2.937095165252685547e-01,5.222005248069763184e-01,1.071182608604431152e+00,-1.073668971657752991e-01,-1.341929286718368530e-01,-6.149775534868240356e-02
-1.768957264721393585e-02,-1.264258380979299545e-02,7.879711985588073730e-01,3.174487501382827759e-02,-6.837680470198392868e-03,-9.315862655639648438e-01,3.620669841766357422e-01,2.626167424023151398e-02,6.000950932502746582e-02,1.511433422565460205e-01,1.821718551218509674e-02,-2.499069869518280029e-01,2.103665471076965332e-02,9.872284531593322754e-02,-7.788621634244918823e-02,-3.018709421157836914e-01,-3.275049850344657898e-02,-1.989226490259170532e-01,5.777528136968612671e-02,-2.169083245098590851e-02,-5.066983285360038280e-04,7.178541272878646851e-02,-9.704763069748878479e-03,3.248397707939147949e-01,-3.912371397018432617e-01,1.346898078918457031e+00,1.877497434616088867e-01,-1.309294253587722778e-01,4.826673865318298340e-02,-1.449846178293228149e-01,-2.984499037265777588e-01,5.276663303375244141e-01,1.046710968017578125e+00,-1.005588024854660034e-01,-1.360566169023513794e-01,-6.809885054826736450e-02
-2.119893766939640045e-02,-1.335444301366806030e-02,7.874183058738708496e-01,3.470049425959587097e-02,-6.694062612950801849e-03,-9.309888482093811035e-01,3.633328974246978760e-01,1.301144342869520187e-02,6.167114898562431335e-02,1.451867371797561646e-01,4.109866917133331299e-02,-2.634774148464202881e-01,2.306538447737693787e-02,9.753134846687316895e-02,-7.728233933448791504e-02,-3.039755225181579590e-01,-3.246517106890678406e-02,-2.088920027017593384e-01,5.291427299380302429e-02,-1.402498595416545868e-02,3.573269816115498543e-03,7.716453820466995239e-02,-1.164187793619930744e-03,3.522800207138061523e-01,-3.791157901287078857e-01,1.324754595756530762e+00,1.682374328374862671e-01,-1.366897672414779663e-01,5.455253273248672485e-02,-1.530989408493041992e-01,-3.029735684394836426e-01,5.314249396324157715e-01,1.023603916168212891e+00,-9.531921893358230591e-02,-1.385284960269927979e-01,-7.703796774148941040e-02
-2.482088655233383179e-02,-1.418907660990953445e-02,7.870451211929321289e-01,3.687530010938644409e-02,-7.348526269197463989e-03,-9.305889606475830078e-01,3.641296029090881348e-01,-4.601819906383752823e-03,6.336337327957153320e-02,1.394746601581573486e-01,7.875205576419830322e-02,-2.785876393318176270e-01,2.555787377059459686e-02,9.858179092407226562e-02,-7.780048996210098267e-02,-3.059184551239013672e-01,-3.182559087872505188e-02,-2.186324745416641235e-01,4.764901846647262573e-02,-4.218862392008304596e-03,6.916390731930732727e-03,8.305913209915161133e-02,-3.302670957054942846e-04,3.720569610595703125e-01,-3.657073378562927246e-01,1.301400065422058105e+00,1.422066837549209595e-01,-1.414555460214614868e-01,6.208666414022445679e-02,-1.602728813886642456e-01,-3.073019683361053467e-01,5.327806472778320312e-01,1.005907058715820312e+00,-8.753989636898040771e-02,-1.417244225740432739e-01,-8.649203926324844360e-02
-2.850880473852157593e-02,-1.530991122126579285e-02,7.869873046875000000e-01,3.840672597289085388e-02,-8.996631018817424774e-03,-9.307402968406677246e-01,3.635471165180206299e-01,-2.932852879166603088e-02,6.543999165296554565e-02,1.392911672592163086e-01,1.385736912488937378e-01,-2.921143770217895508e-01,2.818226814270019531e-02,1.010945141315460205e-01,-8.008988946676254272e-02,-3.035757243633270264e-01,-3.034091740846633911e-02,-2.275483608245849609e-01,4.182060435414314270e-02,8.644687943160533905e-03,6.720722652971744537e-03,9.144953638315200806e-02,-8.365439251065254211e-03,3.874434530735015869e-01,-3.497076630592346191e-01,1.278382658958435059e+00,1.100578308105468750e-01,-1.472179591655731201e-01,7.287664711475372314e-02,-1.681952923536300659e-01,-3.121524453163146973e-01,5.353339910507202148e-01,9.893379211425781250e-01,-7.811503112316131592e-02,-1.457150131464004517e-01,-9.971388429403305054e-02
-3.225087001919746399e-02,-1.679154857993125916e-02,7.874232530593872070e-01,3.934833407402038574e-02,-1.318109408020973206e-02,-9.306896924972534180e-01,3.634482622146606445e-01,-6.421718746423721313e-02,6.663098186254501343e-02,1.575049906969070435e-01,2.291384041309356689e-01,-2.936885356903076172e-01,3.020689450204372406e-02,1.078338250517845154e-01,-8.794514089822769165e-02,-3.027170300483703613e-01,-2.941575832664966583e-02,-2.367309331893920898e-01,3.532027453184127808e-02,2.257942967116832733e-02,2.406141953542828560e-03,1.016761362552642822e-01,-2.573554590344429016e-02,3.953414261341094971e-01,-3.354924023151397705e-01,1.252917051315307617e+00,7.705747336149215698e-02,-1.556997895240783691e-01,8.706197887659072876e-02,-1.751940250396728516e-01,-3.178466856479644775e-01,5.357194542884826660e-01,9.710800051689147949e-01,-6.945785880088806152e-02,-1.516123861074447632e-01,-1.118882223963737488e-01
-3.592744842171669006e-02,-1.868685893714427948e-02,7.884347438812255859e-01,4.076245799660682678e-02,-1.863212324678897858e-02,-9.309141039848327637e-01,3.624778687953948975e-01,-1.183107718825340271e-01,7.602389901876449585e-02,1.803277730941772461e-01,3.570897281169891357e-01,-2.784224450588226318e-01,3.056121058762073517e-02,1.154778376221656799e-01,-9.918512403964996338e-02,-2.992122471332550049e-01,-3.108385764062404633e-02,-2.423712760210037231e-01,2.961630001664161682e-02,4.049522057175636292e-02,-5.356870591640472412e-03,1.167757213115692139e-01,-5.588214099407196045e-02,3.935672640800476074e-01,-3.242776393890380859e-01,1.225315690040588379e+00,4.061077907681465149e-02,-1.608733534812927246e-01,1.026009544730186462e-01,-1.850342750549316406e-01,-3.261443376541137695e-01,5.314345955848693848e-01,9.525974988937377930e-01,-5.958019196987152100e-02,-1.564210504293441772e-01,-1.254721134901046753e-01
-3.988890722393989563e-02,-2.162078954279422760e-02,7.901059389114379883e-01,4.338748008012771606e-02,-2.861755341291427612e-02,-9.304894804954528809e-01,3.626125752925872803e-01,-1.826581656932830811e-01,8.748037368059158325e-02,2.162262648344039917e-01,5.126313567161560059e-01,-3.031042516231536865e-01,6.150677427649497986e-02,1.257835924625396729e-01,-1.228575557470321655e-01,-2.966927289962768555e-01,-3.188233077526092529e-02,-2.491441369056701660e-01,2.903673797845840454e-02,5.845097079873085022e-02,-2.451451681554317474e-02,1.314851790666580200e-01,-8.304831385612487793e-02,3.836172819137573242e-01,-3.132199347019195557e-01,1.198736548423767090e+00,1.174174342304468155e-02,-1.640586704015731812e-01,1.200348809361457825e-01,-1.901069879531860352e-01,-3.359713256359100342e-01,5.278529524803161621e-01,9.351242184638977051e-01,-5.455725267529487610e-02,-1.613490730524063110e-01,-1.410836577415466309e-01
-4.381610080599784851e-02,-2.566102519631385803e-02,7.908865809440612793e-01,4.496394842863082886e-02,-3.454713523387908936e-02,-9.319700598716735840e-01,3.580734431743621826e-01,-2.500729560852050781e-01,9.074171632528305054e-02,2.320489734411239624e-01,6.418218016624450684e-01,-3.007522821426391602e-01,6.088073179125785828e-02,1.335850507020950317e-01,-1.375964283943176270e-01,-2.859359085559844971e-01,-3.199684619903564453e-02,-2.545825242996215820e-01,2.992404624819755554e-02,8.015506714582443237e-02,-3.682561218738555908e-02,1.442011743783950806e-01,-1.069101914763450623e-01,3.708580732345581055e-01,-3.020279109477996826e-01,1.171256899833679199e+00,-1.461782027035951614e-02,-1.685952246189117432e-01,1.361140161752700806e-01,-1.925814449787139893e-01,-3.447389006614685059e-01,5.254613757133483887e-01,9.182039499282836914e-01,-5.242917314171791077e-02,-1.656301021575927734e-01,-1.557511389255523682e-01
-4.769552499055862427e-02,-3.069553710520267487e-02,7.909893393516540527e-01,4.543453082442283630e-02,-3.803417459130287170e-02,-9.338927268981933594e-01,3.526094555854797363e-01,-3.125908374786376953e-01,9.179025143384933472e-02,2.460660338401794434e-01,7.290706634521484375e-01,-2.955217659473419189e-01,5.133072286844253540e-02,1.428056955337524414e-01,-1.470790505409240723e-01,-2.740046977996826172e-01,-3.365244716405868530e-02,-2.585991024971008301e-01,3.328649699687957764e-02,1.016489937901496887e-01,-4.532890394330024719e-02,1.558374464511871338e-01,-1.272867619991302490e-01,3.568171560764312744e-01,-2.923379242420196533e-01,1.145437240600585938e+00,-3.314145654439926147e-02,-1.732341349124908447e-01,1.507552117109298706e-01,-1.957723349332809448e-01,-3.516504466533660889e-01,5.207573771476745605e-01,9.046999216079711914e-01,-5.339927971363067627e-02,-1.666910499334335327e-01,-1.716000437736511230e-01
-5.188930407166481018e-02,-3.695661202073097229e-02,7.901982665061950684e-01,4.635142907500267029e-02,-4.030036181211471558e-02,-9.362472295761108398e-01,3.459314405918121338e-01,-3.613256514072418213e-01,8.502613008022308350e-02,2.606815993785858154e-01,7.544273138046264648e-01,-2.950676381587982178e-01,3.882388398051261902e-02,1.500438749790191650e-01,-1.557110100984573364e-01,-2.572477161884307861e-01,-3.304025530815124512e-02,-2.666988968849182129e-01,4.291673377156257629e-02,1.200672462582588196e-01,-5.468956381082534790e-02,1.631848961114883423e-01,-1.362109631299972534e-01,3.436515629291534424e-01,-2.871791422367095947e-01,1.122636675834655762e+00,-4.339774698019027710e-02,-1.831244975328445435e-01,1.599713861942291260e-01,-1.923075169324874878e-01,-3.557105064392089844e-01,5.227280259132385254e-01,8.904346227645874023e-01,-5.418952554464340210e-02,-1.682397723197937012e-01,-1.845594942569732666e-01
-5.628699436783790588e-02,-4.379366710782051086e-02,7.886849045753479004e-01,4.760384187102317810e-02,-3.984831273555755615e-02,-9.383357167243957520e-01,3.401059806346893311e-01,-4.014658927917480469e-01,8.829893916845321655e-02,2.638618648052215576e-01,7.207605838775634766e-01,-2.930164933204650879e-01,2.471219561994075775e-02,1.573230028152465820e-01,-1.589483320713043213e-01,-2.463878989219665527e-01,-3.607470169663429260e-02,-2.748406231403350830e-01,5.261807143688201904e-02,1.380122452974319458e-01,-5.408520251512527466e-02,1.707318425178527832e-01,-1.455215364694595337e-01,3.302917480468750000e-01,-2.855920195579528809e-01,1.099455356597900391e+00,-4.673793911933898926e-02,-1.880910694599151611e-01,1.682910919189453125e-01,-1.930737048387527466e-01,-3.591933548450469971e-01,5.230457186698913574e-01,8.744926452636718750e-01,-5.855441838502883911e-02,-1.701600104570388794e-01,-1.955800056457519531e-01
-6.113824993371963501e-02,-5.174478888511657715e-02,7.873093485832214355e-01,4.389962926506996155e-02,-3.728971630334854126e-02,-9.421302676200866699e-01,3.302617669105529785e-01,-4.233371913433074951e-01,1.035313829779624939e-01,2.631631493568420410e-01,6.240569949150085449e-01,-2.811063528060913086e-01,8.974485099315643311e-03,1.709700673818588257e-01,-1.554446071386337280e-01,-2.352864295244216919e-01,-3.530861064791679382e-02,-2.751711905002593994e-01,6.057695671916007996e-02,1.541472971439361572e-01,-4.434062913060188293e-02,1.761613637208938599e-01,-1.504993289709091187e-01,3.221188783645629883e-01,-2.912131547927856445e-01,1.085546731948852539e+00,-4.516781121492385864e-02,-1.920337080955505371e-01,1.718297898769378662e-01,-1.947341412305831909e-01,-3.590002954006195068e-01,5.212624073028564453e-01,8.616038560867309570e-01,-6.157326325774192810e-02,-1.730541437864303589e-01,-2.007334977388381958e-01
-6.671500951051712036e-02,-6.068687513470649719e-02,7.841857671737670898e-01,4.137654602527618408e-02,-3.274995833635330200e-02,-9.454686045646667480e-01,3.214102983474731445e-01,-4.337167143821716309e-01,1.225817054510116577e-01,2.547565102577209473e-01,5.092016458511352539e-01,-2.638722360134124756e-01,-2.913582604378461838e-03,1.870065629482269287e-01,-1.480244547128677368e-01,-2.203273624181747437e-01,-4.234189167618751526e-02,-2.833116352558135986e-01,6.929104775190353394e-02,1.690679192543029785e-01,-3.089733608067035675e-02,1.875469237565994263e-01,-1.529570668935775757e-01,3.135305345058441162e-01,-2.985967695713043213e-01,1.079354524612426758e+00,-3.601277992129325867e-02,-1.896028369665145874e-01,1.715359091758728027e-01,-1.980444341897964478e-01,-3.613115549087524414e-01,5.242556333541870117e-01,8.505145907402038574e-01,-6.461016088724136353e-02,-1.759592145681381226e-01,-2.054139971733093262e-01
-7.306016236543655396e-02,-7.109320908784866333e-02,7.806587219238281250e-01,3.665138781070709229e-02,-2.683489583432674408e-02,-9.492817521095275879e-01,3.111281991004943848e-01,-4.388786256313323975e-01,1.507460623979568481e-01,2.477222830057144165e-01,3.806238472461700439e-01,-2.407951653003692627e-01,-1.480986643582582474e-02,2.073595523834228516e-01,-1.379918903112411499e-01,-2.039941102266311646e-01,-4.757741838693618774e-02,-2.888660430908203125e-01,7.780387252569198608e-02,1.799472868442535400e-01,-1.523305382579565048e-02,1.978687196969985962e-01,-1.521184742450714111e-01,3.069531023502349854e-01,-3.135659396648406982e-01,1.082175493240356445e+00,-2.297456376254558563e-02,-1.853500902652740479e-01,1.691702455282211304e-01,-2.004504352807998657e-01,-3.621881306171417236e-01,5.315561294555664062e-01,8.414026498794555664e-01,-6.873176991939544678e-02,-1.770827919244766235e-01,-2.097200751304626465e-01
-8.014646917581558228e-02,-8.306732028722763062e-02,7.771248221397399902e-01,3.029103577136993408e-02,-2.147228084504604340e-02,-9.531671404838562012e-01,3.001562952995300293e-01,-4.417837560176849365e-01,1.850127577781677246e-01,2.385776638984680176e-01,2.570918798446655273e-01,-2.228388041257858276e-01,-2.403281629085540771e-02,2.331281900405883789e-01,-1.304615736007690430e-01,-1.871648728847503662e-01,-5.206749215722084045e-02,-2.919733226299285889e-01,8.558157831430435181e-02,1.890897750854492188e-01,7.976643391884863377e-04,2.075100094079971313e-01,-1.484553068876266479e-01,3.002598285675048828e-01,-3.297263979911804199e-01,1.093340158462524414e+00,-7.669555488973855972e-03,-1.785325407981872559e-01,1.639295965433120728e-01,-2.010219395160675049e-01,-3.612581193447113037e-01,5.347034931182861328e-01,8.366011381149291992e-01,-7.546569406986236572e-02,-1.761634945869445801e-01,-2.129646241664886475e-01
-8.785907179117202759e-02,-9.665922820568084717e-02,7.736121416091918945e-01,2.480965480208396912e-02,-1.690554432570934296e-02,-9.575116038322448730e-01,2.868279218673706055e-01,-4.420820474624633789e-01,2.212605476379394531e-01,2.343752384185791016e-01,1.511369049549102783e-01,-2.152869850397109985e-01,-3.206001967191696167e-02,2.570556998252868652e-01,-1.285890936851501465e-01,-1.652253866195678711e-01,-5.377513170242309570e-02,-2.967570722103118896e-01,9.246296435594558716e-02,1.945182383060455322e-01,1.304033771157264709e-02,2.153559774160385132e-01,-1.402246057987213135e-01,2.942587137222290039e-01,-3.449233174324035645e-01,1.110100269317626953e+00,7.271252572536468506e-03,-1.701301634311676025e-01,1.570439338684082031e-01,-2.001460790634155273e-01,-3.586498498916625977e-01,5.333069562911987305e-01,8.355357050895690918e-01,-7.746679335832595825e-02,-1.737836748361587524e-01,-2.134906202554702759e-01
-9.614542126655578613e-02,-1.117861121892929077e-01,7.689160108566284180e-01,2.220413275063037872e-02,-1.162691414356231689e-02,-9.612320065498352051e-01,2.745994329452514648e-01,-4.427384436130523682e-01,2.537398934364318848e-01,2.375746369361877441e-01,7.534877955913543701e-02,-2.117434740066528320e-01,-3.858201950788497925e-02,2.771685421466827393e-01,-1.295815557241439819e-01,-1.425522267818450928e-01,-5.597915127873420715e-02,-3.096847832202911377e-01,1.003363355994224548e-01,1.994004994630813599e-01,2.036796510219573975e-02,2.207999825477600098e-01,-1.289089024066925049e-01,2.898971438407897949e-01,-3.537143766880035400e-01,1.128813743591308594e+00,2.303076535463333130e-02,-1.591331660747528076e-01,1.470446437597274780e-01,-1.952881962060928345e-01,-3.561852276325225830e-01,5.279171466827392578e-01,8.429352641105651855e-01,-7.407902926206588745e-02,-1.686348617076873779e-01,-2.126744389533996582e-01
-1.057571172714233398e-01,-1.293558329343795776e-01,7.637915611267089844e-01,2.111977338790893555e-02,-1.256039272993803024e-02,-9.652335643768310547e-01,2.602312564849853516e-01,-4.358142018318176270e-01,2.743653655052185059e-01,2.537722587585449219e-01,4.154814779758453369e-02,-2.144128978252410889e-01,-4.359132423996925354e-02,2.955775558948516846e-01,-1.508828103542327881e-01,-1.198224052786827087e-01,-4.696019366383552551e-02,-3.330240845680236816e-01,1.092058047652244568e-01,2.073092907667160034e-01,1.139979902654886246e-02,2.190815657377243042e-01,-9.929756820201873779e-02,2.856497764587402344e-01,-3.634734451770782471e-01,1.140919208526611328e+00,3.710050135850906372e-02,-1.496942788362503052e-01,1.405328810214996338e-01,-1.745506823062896729e-01,-3.523772358894348145e-01,5.264721512794494629e-01,8.530790209770202637e-01,-7.034812867641448975e-02,-1.638291329145431519e-01,-2.159667313098907471e-01
-1.150777637958526611e-01,-1.483342200517654419e-01,7.587491273880004883e-01,2.007990889251232147e-02,-8.927838876843452454e-03,-9.691135883331298828e-01,2.456336915493011475e-01,-4.324237406253814697e-01,2.944875657558441162e-01,2.625568807125091553e-01,3.613537922501564026e-02,-1.971801966428756714e-01,-4.501891508698463440e-02,3.078559637069702148e-01,-1.656906157732009888e-01,-1.046480834484100342e-01,-3.428182378411293030e-02,-3.484528362751007080e-01,1.161667779088020325e-01,2.184031754732131958e-01,5.196507088840007782e-03,2.144740372896194458e-01,-7.680139690637588501e-02,2.869743406772613525e-01,-3.710537552833557129e-01,1.152570366859436035e+00,5.237002298235893250e-02,-1.398323625326156616e-01,1.340671181678771973e-01,-1.569793820381164551e-01,-3.507791757583618164e-01,5.213353037834167480e-01,8.692367076873779297e-01,-6.519886106252670288e-02,-1.565071642398834229e-01,-2.173359543085098267e-01
-1.231131404638290405e-01,-1.681790053844451904e-01,7.544650435447692871e-01,2.120543457567691803e-02,4.670216701924800873e-03,-9.726622700691223145e-01,2.312068939208984375e-01,-4.508391320705413818e-01,3.290052711963653564e-01,2.471076995134353638e-01,6.590282917022705078e-02,-1.623108536005020142e-01,-4.477262869477272034e-02,3.044783771038055420e-01,-1.635075658559799194e-01,-1.587513387203216553e-01,-2.023610472679138184e-02,-3.429535627365112305e-01,1.157855838537216187e-01,2.352650016546249390e-01,1.387844793498516083e-02,2.063006907701492310e-01,-7.965996116399765015e-02,2.965418398380279541e-01,-3.794987797737121582e-01,1.168106436729431152e+00,6.796257942914962769e-02,-1.273910999298095703e-01,1.198000982403755188e-01,-1.548592150211334229e-01,-3.515610098838806152e-01,5.060364603996276855e-01,9.017964601516723633e-01,-5.844377726316452026e-02,-1.441992968320846558e-01,-2.183753103017807007e-01
-1.320658326148986816e-01,-1.907071173191070557e-01,7.527361512184143066e-01,2.379246614873409271e-02,8.772555738687515259e-03,-9.759748578071594238e-01,2.164023965597152710e-01,-4.635047912597656250e-01,3.393986225128173828e-01,2.387222200632095337e-01,1.241476461291313171e-01,-1.262562274932861328e-01,-3.771943226456642151e-02,3.002896308898925781e-01,-1.871923953294754028e-01,-1.888823211193084717e-01,1.130675245076417923e-02,-3.325945436954498291e-01,1.169084981083869934e-01,2.526572644710540771e-01,5.441290326416492462e-03,1.900483220815658569e-01,-6.839198619127273560e-02,3.051867187023162842e-01,-3.921962678432464600e-01,1.178070068359375000e+00,7.952613383531570435e-02,-1.209797486662864685e-01,1.103078052401542664e-01,-1.338457763195037842e-01,-3.534103929996490479e-01,4.940501153469085693e-01,9.382573962211608887e-01,-5.308029800653457642e-02,-1.351856738328933716e-01,-2.247281074523925781e-01
-1.412965506315231323e-01,-2.153591364622116089e-01,7.545894384384155273e-01,2.649592794477939606e-02,8.560487069189548492e-03,-9.774615764617919922e-01,2.092689573764801025e-01,-4.714229404926300049e-01,3.271136581897735596e-01,2.304119020700454712e-01,1.854535788297653198e-01,-9.670083224773406982e-02,-2.642508223652839661e-02,2.903677225112915039e-01,-2.172807008028030396e-01,-1.753007769584655762e-01,6.280548125505447388e-02,-2.983042001724243164e-01,1.203100010752677917e-01,2.635295093059539795e-01,-8.707379922270774841e-03,1.715967804193496704e-01,-5.455326288938522339e-02,3.172236382961273193e-01,-4.147442281246185303e-01,1.182599186897277832e+00,9.052075445652008057e-02,-1.202324628829956055e-01,9.961108863353729248e-02,-1.033370271325111389e-01,-3.575963973999023438e-01,4.823313653469085693e-01,9.763754606246948242e-01,-5.281501263380050659e-02,-1.285246312618255615e-01,-2.296326607465744019e-01
-1.500885635614395142e-01,-2.417698055505752563e-01,7.601166367530822754e-01,2.981865778565406799e-02,8.259041234850883484e-03,-9.770011901855468750e-01,2.109769880771636963e-01,-4.764860570430755615e-01,2.989258170127868652e-01,2.179854214191436768e-01,2.454429566860198975e-01,-8.947920799255371094e-02,-6.434847600758075714e-03,2.642242312431335449e-01,-2.341712266206741333e-01,-1.389540880918502808e-01,1.482489258050918579e-01,-2.395347356796264648e-01,1.256232261657714844e-01,2.655172049999237061e-01,-2.059886604547500610e-02,1.537253260612487793e-01,-4.552732035517692566e-02,3.353388011455535889e-01,-4.458559155464172363e-01,1.177426218986511230e+00,1.016967818140983582e-01,-1.252511888742446899e-01,8.705160021781921387e-02,-7.548037171363830566e-02,-3.631641566753387451e-01,4.683584868907928467e-01,1.016461491584777832e+00,-5.988606065511703491e-02,-1.258109807968139648e-01,-2.233795821666717529e-01
-1.589115858078002930e-01,-2.702434062957763672e-01,7.698994874954223633e-01,2.453154698014259338e-02,1.201110705733299255e-02,-9.759861826896667480e-01,2.161132097244262695e-01,-4.543415904045104980e-01,2.652092874050140381e-01,1.994186341762542725e-01,2.813104689121246338e-01,-1.071242541074752808e-01,2.100186608731746674e-02,2.194382697343826294e-01,-2.607713043689727783e-01,-1.385058611631393433e-01,3.046086132526397705e-01,-1.130901053547859192e-01,1.136700361967086792e-01,2.573284208774566650e-01,-1.967088878154754639e-02,1.473334282636642456e-01,-3.611705452203750610e-02,3.494883179664611816e-01,-4.754113256931304932e-01,1.170873761177062988e+00,1.154291778802871704e-01,-1.283502280712127686e-01,8.107092976570129395e-02,-5.608862638473510742e-02,-3.723055124282836914e-01,4.675520658493041992e-01,1.051703214645385742e+00,-6.360764056444168091e-02,-1.191795766353607178e-01,-2.116265147924423218e-01
-1.674093157052993774e-01,-3.003913760185241699e-01,7.819751501083374023e-01,6.440475583076477051e-03,1.808561943471431732e-02,-9.731348752975463867e-01,2.294340878725051880e-01,-4.042148590087890625e-01,2.334503233432769775e-01,1.707002222537994385e-01,3.058994114398956299e-01,-1.318085193634033203e-01,5.461106449365615845e-02,1.290252357721328735e-01,-2.814650237560272217e-01,-1.447979211807250977e-01,5.630863904953002930e-01,-1.602968573570251465e-02,6.243061274290084839e-02,2.326768040657043457e-01,-6.737501244060695171e-04,1.652942299842834473e-01,-3.195919096469879150e-02,3.674848675727844238e-01,-4.971828758716583252e-01,1.160269975662231445e+00,1.224151030182838440e-01,-1.315921097993850708e-01,8.491969108581542969e-02,-5.436639115214347839e-02,-3.831586241722106934e-01,4.778137803077697754e-01,1.076301932334899902e+00,-6.621137261390686035e-02,-1.138983368873596191e-01,-2.021772712469100952e-01
-1.747613549232482910e-01,-3.294211626052856445e-01,7.928003072738647461e-01,-1.377878338098526001e-02,2.368977293372154236e-02,-9.685390591621398926e-01,2.473479807376861572e-01,-3.402064144611358643e-01,1.999966502189636230e-01,1.436934173107147217e-01,3.080494701862335205e-01,-1.539770811796188354e-01,7.947275042533874512e-02,5.532728508114814758e-03,-2.881636619567871094e-01,-1.472474634647369385e-01,8.144040107727050781e-01,-1.434249151498079300e-02,7.038400042802095413e-03,1.959701329469680786e-01,2.082234807312488556e-02,1.957393437623977661e-01,-3.997844085097312927e-02,3.836643993854522705e-01,-5.099598169326782227e-01,1.159040212631225586e+00,1.225348412990570068e-01,-1.310736089944839478e-01,1.002842187881469727e-01,-6.333827972412109375e-02,-3.913373649120330811e-01,4.867406189441680908e-01,1.100308179855346680e+00,-6.164995953440666199e-02,-1.121335849165916443e-01,-2.060811519622802734e-01
-1.815738677978515625e-01,-3.558934628963470459e-01,7.993518710136413574e-01,-3.109821118414402008e-02,2.374919690191745758e-02,-9.637799263000488281e-01,2.638126611709594727e-01,-2.797442674636840820e-01,1.616509109735488892e-01,1.228554844856262207e-01,3.115909099578857422e-01,-1.834113150835037231e-01,1.048310026526451111e-01,-1.295064091682434082e-01,-2.934596538543701172e-01,-1.616536676883697510e-01,9.513502120971679688e-01,-5.656431242823600769e-02,-3.301414102315902710e-02,1.570959240198135376e-01,2.966774441301822662e-02,2.247472405433654785e-01,-6.472412496805191040e-02,3.878256678581237793e-01,-5.032589435577392578e-01,1.170542955398559570e+00,1.102895289659500122e-01,-1.210233792662620544e-01,1.255084276199340820e-01,-8.259622007608413696e-02,-4.005655646324157715e-01,5.006203055381774902e-01,1.115873813629150391e+00,-6.878253072500228882e-02,-1.089911311864852905e-01,-2.160531580448150635e-01
-1.896364688873291016e-01,-3.790903389453887939e-01,8.011133074760437012e-01,-4.482521489262580872e-02,1.678820326924324036e-02,-9.588695168495178223e-01,2.797822356224060059e-01,-2.256459295749664307e-01,1.155554205179214478e-01,1.051511764526367188e-01,3.209876716136932373e-01,-2.258559018373489380e-01,1.267757862806320190e-01,-2.389947623014450073e-01,-2.829163968563079834e-01,-2.039364427328109741e-01,9.068809151649475098e-01,-9.898575395345687866e-02,-4.118436947464942932e-02,1.183716356754302979e-01,2.416242100298404694e-02,2.463071495294570923e-01,-9.524147212505340576e-02,3.881105780601501465e-01,-4.822347462177276611e-01,1.199289917945861816e+00,8.317415416240692139e-02,-1.101305186748504639e-01,1.591211706399917603e-01,-1.032243520021438599e-01,-4.010518491268157959e-01,5.087113976478576660e-01,1.126856565475463867e+00,-7.646239548921585083e-02,-1.051399335265159607e-01,-2.452423423528671265e-01
-1.993174850940704346e-01,-3.993861377239227295e-01,7.973684072494506836e-01,-5.479255318641662598e-02,-3.069134429097175598e-03,-9.526798129081726074e-01,2.989808320999145508e-01,-1.801919490098953247e-01,4.407445341348648071e-02,8.835493773221969604e-02,3.480649292469024658e-01,-2.795645594596862793e-01,1.501735299825668335e-01,-3.155459761619567871e-01,-2.689369320869445801e-01,-2.546399235725402832e-01,6.666926741600036621e-01,-9.215679764747619629e-02,-3.026903606951236725e-03,7.343734055757522583e-02,-9.410272352397441864e-03,2.734338343143463135e-01,-1.382977068424224854e-01,3.825369477272033691e-01,-4.468984603881835938e-01,1.232783913612365723e+00,3.210693597793579102e-02,-1.025613918900489807e-01,1.886310130357742310e-01,-1.373102813959121704e-01,-3.930551111698150635e-01,5.065898895263671875e-01,1.146220684051513672e+00,-8.266390860080718994e-02,-9.538038074970245361e-02,-2.835265398025512695e-01
-2.109020650386810303e-01,-4.182361960411071777e-01,7.889253497123718262e-01,-6.481895595788955688e-02,-3.430500254034996033e-02,-9.424722194671630859e-01,3.261408209800720215e-01,-1.338032186031341553e-01,-5.236064642667770386e-02,5.972454324364662170e-02,3.889218866825103760e-01,-3.323642313480377197e-01,1.529964059591293335e-01,-3.476472795009613037e-01,-2.552627027034759521e-01,-2.992803454399108887e-01,3.664802610874176025e-01,-3.559411689639091492e-02,5.013918876647949219e-02,3.321459144353866577e-02,-5.782523378729820251e-02,3.048092424869537354e-01,-1.866472959518432617e-01,3.799864053726196289e-01,-4.099583327770233154e-01,1.258768796920776367e+00,-1.356397755444049835e-02,-1.079145371913909912e-01,1.922469586133956909e-01,-1.796027719974517822e-01,-3.828678429126739502e-01,5.052658319473266602e-01,1.166295289993286133e+00,-9.491747617721557617e-02,-9.192653745412826538e-02,-3.198771774768829346e-01
-2.224955856800079346e-01,-4.357981681823730469e-01,7.811125516891479492e-01,-7.566133886575698853e-02,-6.201822310686111450e-02,-9.323071837425231934e-01,3.481845259666442871e-01,-8.464347571134567261e-02,-1.320134699344635010e-01,3.504892811179161072e-02,4.287498295307159424e-01,-3.753854632377624512e-01,1.398756951093673706e-01,-3.708466887474060059e-01,-2.388016581535339355e-01,-3.489858508110046387e-01,1.542300283908843994e-01,7.624413119629025459e-04,8.804214000701904297e-02,7.005038671195507050e-03,-9.927608072757720947e-02,3.382540047168731689e-01,-2.367622852325439453e-01,3.835161030292510986e-01,-3.859121203422546387e-01,1.273517370223999023e+00,-5.869723111391067505e-02,-1.141058653593063354e-01,1.906427890062332153e-01,-2.304982244968414307e-01,-3.680520355701446533e-01,5.087355375289916992e-01,1.178098559379577637e+00,-1.045449450612068176e-01,-9.253588318824768066e-02,-3.573828637599945068e-01
-2.326430380344390869e-01,-4.509170651435852051e-01,7.751027345657348633e-01,-8.382371068000793457e-02,-7.828159630298614502e-02,-9.252570867538452148e-01,3.615866303443908691e-01,-4.837528243660926819e-02,-1.812566667795181274e-01,1.375405769795179367e-02,4.670369327068328857e-01,-4.200943708419799805e-01,1.398683041334152222e-01,-3.921177685260772705e-01,-2.203378975391387939e-01,-3.940505683422088623e-01,6.718207895755767822e-02,1.856074668467044830e-02,9.787397831678390503e-02,-4.269625991582870483e-03,-1.224325746297836304e-01,3.637075722217559814e-01,-2.897134423255920410e-01,3.806942403316497803e-01,-3.692369759082794189e-01,1.280423045158386230e+00,-1.051360294222831726e-01,-1.138448119163513184e-01,1.962574571371078491e-01,-2.799520194530487061e-01,-3.507651984691619873e-01,5.035503506660461426e-01,1.189246058464050293e+00,-9.896890074014663696e-02,-9.675322473049163818e-02,-3.968330025672912598e-01
-2.421237379312515259e-01,-4.636706113815307617e-01,7.716246843338012695e-01,-8.691163361072540283e-02,-8.430544286966323853e-02,-9.198759198188781738e-01,3.730512559413909912e-01,-2.365644462406635284e-02,-2.080944031476974487e-01,-7.981094531714916229e-03,4.903277754783630371e-01,-4.599041044712066650e-01,1.486503481864929199e-01,-4.033552706241607666e-01,-2.035346925258636475e-01,-4.260463118553161621e-01,5.148424580693244934e-02,3.354084119200706482e-02,9.035908430814743042e-02,-1.151944976300001144e-02,-1.343548893928527832e-01,3.737345039844512939e-01,-3.282732963562011719e-01,3.674153983592987061e-01,-3.673181533813476562e-01,1.277320027351379395e+00,-1.333068460226058960e-01,-1.100336462259292603e-01,2.027175724506378174e-01,-3.110082745552062988e-01,-3.381915390491485596e-01,4.945865571498870850e-01,1.188828825950622559e+00,-8.765908330678939819e-02,-1.018188819289207458e-01,-4.193734824657440186e-01
-2.507649958133697510e-01,-4.743629992008209229e-01,7.696714997291564941e-01,-8.863528072834014893e-02,-8.662684261798858643e-02,-9.159005284309387207e-01,3.817928433418273926e-01,-8.332018740475177765e-03,-2.236572653055191040e-01,-2.700851112604141235e-02,5.148059129714965820e-01,-4.867888689041137695e-01,1.597249507904052734e-01,-4.069440066814422607e-01,-1.936500817537307739e-01,-4.452398717403411865e-01,5.404460802674293518e-02,4.836174100637435913e-02,7.971092313528060913e-02,-1.798042468726634979e-02,-1.386071592569351196e-01,3.805236518383026123e-01,-3.654992580413818359e-01,3.490702509880065918e-01,-3.749918937683105469e-01,1.270770668983459473e+00,-1.502398252487182617e-01,-1.052207499742507935e-01,2.060895562171936035e-01,-3.428357243537902832e-01,-3.280236423015594482e-01,4.859864115715026855e-01,1.184656262397766113e+00,-7.491785287857055664e-02,-1.084708049893379211e-01,-4.334766566753387451e-01
-2.589970231056213379e-01,-4.834429323673248291e-01,7.696843147277832031e-01,-9.091025590896606445e-02,-8.679515868425369263e-02,-9.111569523811340332e-01,3.924219310283660889e-01,8.208085782825946808e-03,-2.303818613290786743e-01,-4.448171332478523254e-02,5.305366516113281250e-01,-4.981739223003387451e-01,1.673094183206558228e-01,-4.050011336803436279e-01,-1.885673105716705322e-01,-4.591235220432281494e-01,5.519914999604225159e-02,6.041909009218215942e-02,7.550316303968429565e-02,-2.277946472167968750e-02,-1.408551037311553955e-01,3.812472224235534668e-01,-3.904715180397033691e-01,3.281708955764770508e-01,-3.946090340614318848e-01,1.260693192481994629e+00,-1.508776098489761353e-01,-1.024439185857772827e-01,2.001502215862274170e-01,-3.673436939716339111e-01,-3.211702406406402588e-01,4.793820679187774658e-01,1.178041338920593262e+00,-6.729672849178314209e-02,-1.144868284463882446e-01,-4.336905479431152344e-01
-2.664459049701690674e-01,-4.911386966705322266e-01,7.709070444107055664e-01,-9.064479172229766846e-02,-8.622566610574722290e-02,-9.071486592292785645e-01,4.017834663391113281e-01,2.411282248795032501e-02,-2.342528104782104492e-01,-5.974285304546356201e-02,5.298042893409729004e-01,-5.011714696884155273e-01,1.694359034299850464e-01,-3.972469270229339600e-01,-1.842015534639358521e-01,-4.723966717720031738e-01,6.025879830121994019e-02,7.552211731672286987e-02,7.392296195030212402e-02,-2.736552990972995758e-02,-1.407405734062194824e-01,3.784233033657073975e-01,-4.069938361644744873e-01,3.061738014221191406e-01,-4.166734814643859863e-01,1.251116275787353516e+00,-1.412913352251052856e-01,-1.035046055912971497e-01,1.941113471984863281e-01,-3.806756734848022461e-01,-3.133540451526641846e-01,4.756058454513549805e-01,1.171689391136169434e+00,-5.880919843912124634e-02,-1.201376914978027344e-01,-4.321640133857727051e-01
-2.731764316558837891e-01,-4.974812865257263184e-01,7.731460928916931152e-01,-8.885806798934936523e-02,-8.286992460489273071e-02,-9.026435017585754395e-01,4.128819704055786133e-01,3.737908974289894104e-02,-2.318887561559677124e-01,-7.678670436143875122e-02,5.191506147384643555e-01,-5.021145939826965332e-01,1.714876145124435425e-01,-3.868904709815979004e-01,-1.791560500860214233e-01,-4.785913527011871338e-01,6.785913556814193726e-02,8.499007672071456909e-02,7.376150786876678467e-02,-3.143311664462089539e-02,-1.398223042488098145e-01,3.736725449562072754e-01,-4.160471260547637939e-01,2.828233838081359863e-01,-4.408053457736968994e-01,1.244233846664428711e+00,-1.264603286981582642e-01,-1.044400557875633240e-01,1.882276833057403564e-01,-3.862312436103820801e-01,-3.063330054283142090e-01,4.745352268218994141e-01,1.165989398956298828e+00,-5.636094138026237488e-02,-1.256407648324966431e-01,-4.272588789463043213e-01
-2.790952026844024658e-01,-5.025459527969360352e-01,7.759398221969604492e-01,-8.615437895059585571e-02,-7.793017476797103882e-02,-8.983073234558105469e-01,4.237312972545623779e-01,4.876904934644699097e-02,-2.251236587762832642e-01,-9.331878274679183960e-02,5.009212493896484375e-01,-5.020520091056823730e-01,1.735365241765975952e-01,-3.760180771350860596e-01,-1.736275851726531982e-01,-4.828040003776550293e-01,8.256760984659194946e-02,9.511776268482208252e-02,6.972043961286544800e-02,-3.687926009297370911e-02,-1.377682834863662720e-01,3.668848276138305664e-01,-4.210727512836456299e-01,2.592159807682037354e-01,-4.645192623138427734e-01,1.242897391319274902e+00,-1.060981974005699158e-01,-1.055976524949073792e-01,1.830635815858840942e-01,-3.866481482982635498e-01,-2.991882562637329102e-01,4.756387472152709961e-01,1.165756225585937500e+00,-5.576360225677490234e-02,-1.307814866304397583e-01,-4.224161207675933838e-01
-2.842722237110137939e-01,-5.062110424041748047e-01,7.787012457847595215e-01,-8.240500837564468384e-02,-7.277479022741317749e-02,-8.939411044120788574e-01,4.344910979270935059e-01,5.791706219315528870e-02,-2.164675742387771606e-01,-1.061560809612274170e-01,4.772675335407257080e-01,-5.016278624534606934e-01,1.760948449373245239e-01,-3.627680540084838867e-01,-1.666309684514999390e-01,-4.825094342231750488e-01,9.532172977924346924e-02,9.488585591316223145e-02,6.996751576662063599e-02,-4.293082281947135925e-02,-1.365629434585571289e-01,3.591362535953521729e-01,-4.218086898326873779e-01,2.384180575609207153e-01,-4.869090318679809570e-01,1.245309114456176758e+00,-7.866816967725753784e-02,-1.096564084291458130e-01,1.762755513191223145e-01,-3.810742497444152832e-01,-2.927990555763244629e-01,4.826884269714355469e-01,1.161603450775146484e+00,-5.971965193748474121e-02,-1.359117329120635986e-01,-4.121793806552886963e-01
-2.886106967926025391e-01,-5.083643794059753418e-01,7.811826467514038086e-01,-7.831200212240219116e-02,-6.793985515832901001e-02,-8.901135921478271484e-01,4.437895417213439941e-01,6.427327543497085571e-02,-2.076715379953384399e-01,-1.175099760293960571e-01,4.526202678680419922e-01,-4.997996091842651367e-01,1.765481233596801758e-01,-3.478808701038360596e-01,-1.619583368301391602e-01,-4.789180755615234375e-01,1.039456799626350403e-01,9.580588340759277344e-02,7.290326058864593506e-02,-4.901526495814323425e-02,-1.375361382961273193e-01,3.500208258628845215e-01,-4.193043708801269531e-01,2.190984636545181274e-01,-5.069089531898498535e-01,1.254016757011413574e+00,-5.119875445961952209e-02,-1.123567968606948853e-01,1.697319149971008301e-01,-3.709726631641387939e-01,-2.863605022430419922e-01,4.923522472381591797e-01,1.152112841606140137e+00,-6.931676715612411499e-02,-1.415832638740539551e-01,-4.024388492107391357e-01
-2.920287251472473145e-01,-5.088394284248352051e-01,7.829912304878234863e-01,-7.524647563695907593e-02,-6.466755270957946777e-02,-8.862980604171752930e-01,4.523625373840332031e-01,6.785051524639129639e-02,-2.003621011972427368e-01,-1.261962056159973145e-01,4.340125322341918945e-01,-4.963469505310058594e-01,1.768161654472351074e-01,-3.292085528373718262e-01,-1.595486700534820557e-01,-4.663425683975219727e-01,1.047684624791145325e-01,9.744554758071899414e-02,8.375660330057144165e-02,-5.570231378078460693e-02,-1.416600495576858521e-01,3.392524123191833496e-01,-4.147073626518249512e-01,2.014360278844833374e-01,-5.250892043113708496e-01,1.266906380653381348e+00,-1.637509651482105255e-02,-1.151515021920204163e-01,1.615118682384490967e-01,-3.571629226207733154e-01,-2.794542610645294189e-01,5.062708258628845215e-01,1.138830780982971191e+00,-8.645217865705490112e-02,-1.470505893230438232e-01,-3.882027268409729004e-01
-2.942799627780914307e-01,-5.074698925018310547e-01,7.843325734138488770e-01,-7.149377465248107910e-02,-6.196078658103942871e-02,-8.828575611114501953e-01,4.600130319595336914e-01,6.620549410581588745e-02,-1.944210827350616455e-01,-1.325115412473678589e-01,4.172181487083435059e-01,-4.917777776718139648e-01,1.748259365558624268e-01,-3.070494532585144043e-01,-1.599410772323608398e-01,-4.456510841846466064e-01,9.870263189077377319e-02,1.083141639828681946e-01,9.749120473861694336e-02,-6.109641119837760925e-02,-1.470123529434204102e-01,3.294113874435424805e-01,-4.062291383743286133e-01,1.865773200988769531e-01,-5.356386899948120117e-01,1.279937863349914551e+00,1.025046966969966888e-02,-1.180684119462966919e-01,1.582845449447631836e-01,-3.373999893665313721e-01,-2.734575271606445312e-01,5.207409262657165527e-01,1.116038799285888672e+00,-1.044866517186164856e-01,-1.519582271575927734e-01,-3.750988543033599854e-01
-2.953105866909027100e-01,-5.044392347335815430e-01,7.856878042221069336e-01,-6.983769685029983521e-02,-6.223620101809501648e-02,-8.797566890716552734e-01,4.661304056644439697e-01,6.246389076113700867e-02,-1.922507435083389282e-01,-1.355990320444107056e-01,4.100660383701324463e-01,-4.753787815570831299e-01,1.650635302066802979e-01,-2.846783697605133057e-01,-1.623480916023254395e-01,-4.209410548210144043e-01,8.601433038711547852e-02,1.223591193556785583e-01,1.162393540143966675e-01,-6.591487675905227661e-02,-1.519623398780822754e-01,3.186365067958831787e-01,-3.941274583339691162e-01,1.792548000812530518e-01,-5.478609204292297363e-01,1.293108224868774414e+00,3.857757151126861572e-02,-1.238510161638259888e-01,1.552495360374450684e-01,-3.148267865180969238e-01,-2.701011896133422852e-01,5.360789895057678223e-01,1.091704130172729492e+00,-1.268144398927688599e-01,-1.564191877841949463e-01,-3.605675101280212402e-01
-2.950204610824584961e-01,-4.996876716613769531e-01,7.875810861587524414e-01,-6.843361258506774902e-02,-6.143626943230628967e-02,-8.782346844673156738e-01,4.693039953708648682e-01,5.384797602891921997e-02,-1.864240914583206177e-01,-1.340221315622329712e-01,4.039601087570190430e-01,-4.532873332500457764e-01,1.515662521123886108e-01,-2.628438174724578857e-01,-1.654036641120910645e-01,-3.960689902305603027e-01,7.705074548721313477e-02,1.195381879806518555e-01,1.302916109561920166e-01,-6.672529876232147217e-02,-1.529021412134170532e-01,3.067021965980529785e-01,-3.785029649734497070e-01,1.788612157106399536e-01,-5.550298690795898438e-01,1.302747011184692383e+00,5.537592619657516479e-02,-1.306871920824050903e-01,1.582252234220504761e-01,-2.901507019996643066e-01,-2.703777849674224854e-01,5.493823885917663574e-01,1.076963901519775391e+00,-1.513395309448242188e-01,-1.598429530858993530e-01,-3.461546301841735840e-01
-2.935785949230194092e-01,-4.933719933032989502e-01,7.904920578002929688e-01,-6.668187677860260010e-02,-5.608086287975311279e-02,-8.790203928947448730e-01,4.687553644180297852e-01,3.884520381689071655e-02,-1.697051972150802612e-01,-1.266733855009078979e-01,3.951489925384521484e-01,-4.311574697494506836e-01,1.450243741273880005e-01,-2.450276613235473633e-01,-1.701444834470748901e-01,-3.761676847934722900e-01,8.535437285900115967e-02,9.349003434181213379e-02,1.337851285934448242e-01,-6.306758522987365723e-02,-1.494030058383941650e-01,2.965612113475799561e-01,-3.611299991607666016e-01,1.832832694053649902e-01,-5.596004128456115723e-01,1.313574910163879395e+00,6.530167907476425171e-02,-1.328240931034088135e-01,1.686522513628005981e-01,-2.648950219154357910e-01,-2.734535634517669678e-01,5.622125864028930664e-01,1.072615742683410645e+00,-1.697803735733032227e-01,-1.588860750198364258e-01,-3.387281894683837891e-01
-2.909859716892242432e-01,-4.857176244258880615e-01,7.941853404045104980e-01,-6.282104551792144775e-02,-4.629098996520042419e-02,-8.828510046005249023e-01,4.631250500679016113e-01,1.679968088865280151e-02,-1.427856832742691040e-01,-1.106527447700500488e-01,3.788290321826934814e-01,-4.093486368656158447e-01,1.376573443412780762e-01,-2.293808311223983765e-01,-1.723599433898925781e-01,-3.656046688556671143e-01,1.176755726337432861e-01,4.970822483301162720e-02,1.246240809559822083e-01,-5.317630991339683533e-02,-1.357941031455993652e-01,2.856469452381134033e-01,-3.434337377548217773e-01,1.914604902267456055e-01,-5.566823482513427734e-01,1.322875976562500000e+00,7.033238559961318970e-02,-1.349167972803115845e-01,1.850565522909164429e-01,-2.422115802764892578e-01,-2.806521952152252197e-01,5.706957578659057617e-01,1.074554204940795898e+00,-1.832471191883087158e-01,-1.555473804473876953e-01,-3.309278786182403564e-01
-2.880144417285919189e-01,-4.773891568183898926e-01,7.981266379356384277e-01,-5.960855260491371155e-02,-3.517517820000648499e-02,-8.873226046562194824e-01,4.559255838394165039e-01,-3.270520595833659172e-03,-1.116674169898033142e-01,-9.557404369115829468e-02,3.575871288776397705e-01,-3.876656591892242432e-01,1.313514113426208496e-01,-2.108569145202636719e-01,-1.737463176250457764e-01,-3.635739386081695557e-01,1.730804592370986938e-01,-7.717372383922338486e-03,1.057796850800514221e-01,-4.123023897409439087e-02,-1.156241819262504578e-01,2.740114927291870117e-01,-3.187818825244903564e-01,2.028766870498657227e-01,-5.499355196952819824e-01,1.329655408859252930e+00,6.921131163835525513e-02,-1.356153935194015503e-01,2.022056132555007935e-01,-2.181448340415954590e-01,-2.890501320362091064e-01,5.756177306175231934e-01,1.083250164985656738e+00,-1.871681511402130127e-01,-1.518025547266006470e-01,-3.216847479343414307e-01
-2.848920822143554688e-01,-4.686529636383056641e-01,8.022442460060119629e-01,-5.602866038680076599e-02,-2.197338268160820007e-02,-8.927013278007507324e-01,4.466120600700378418e-01,-2.348384633660316467e-02,-7.541424036026000977e-02,-8.001497387886047363e-02,3.319915533065795898e-01,-3.684564530849456787e-01,1.293025314807891846e-01,-1.894077360630035400e-01,-1.743332892656326294e-01,-3.652671277523040771e-01,2.504113614559173584e-01,-6.597711890935897827e-02,8.122610300779342651e-02,-2.421849779784679413e-02,-8.959291130304336548e-02,2.600142955780029297e-01,-2.898992896080017090e-01,2.173747569322586060e-01,-5.353788733482360840e-01,1.334563851356506348e+00,6.437401473522186279e-02,-1.341476887464523315e-01,2.190485298633575439e-01,-1.929955780506134033e-01,-2.983181178569793701e-01,5.715722441673278809e-01,1.091735482215881348e+00,-1.823025196790695190e-01,-1.483064442873001099e-01,-3.133249878883361816e-01
-2.818970084190368652e-01,-4.598944783210754395e-01,8.066980838775634766e-01,-5.200110748410224915e-02,-8.575188927352428436e-03,-8.991231918334960938e-01,4.345110654830932617e-01,-3.916779905557632446e-02,-3.743882477283477783e-02,-6.271518021821975708e-02,2.978540360927581787e-01,-3.463342189788818359e-01,1.265341788530349731e-01,-1.650628000497817993e-01,-1.734900772571563721e-01,-3.687860965728759766e-01,3.415347635746002197e-01,-1.201285868883132935e-01,5.432921275496482849e-02,-2.546851523220539093e-03,-5.917236953973770142e-02,2.471200078725814819e-01,-2.573994994163513184e-01,2.341981083154678345e-01,-5.110170245170593262e-01,1.336719393730163574e+00,5.586151778697967529e-02,-1.279641687870025635e-01,2.302902191877365112e-01,-1.725163757801055908e-01,-3.078590333461761475e-01,5.597730875015258789e-01,1.100146174430847168e+00,-1.702698916196823120e-01,-1.424145996570587158e-01,-2.960253655910491943e-01
-2.792151272296905518e-01,-4.512509405612945557e-01,8.103615045547485352e-01,-4.809767380356788635e-02,1.500190119259059429e-03,-9.053056240081787109e-01,4.220262169837951660e-01,-4.697905853390693665e-02,-5.691260565072298050e-03,-4.503309354186058044e-02,2.568355500698089600e-01,-3.221103250980377197e-01,1.216408610343933105e-01,-1.340798437595367432e-01,-1.722350418567657471e-01,-3.720511496067047119e-01,4.276747703552246094e-01,-1.633406281471252441e-01,3.370023891329765320e-02,2.059794217348098755e-02,-2.874182164669036865e-02,2.302802950143814087e-01,-2.232348769903182983e-01,2.528644502162933350e-01,-4.844976067543029785e-01,1.339571714401245117e+00,4.925247654318809509e-02,-1.226118505001068115e-01,2.370504587888717651e-01,-1.565621346235275269e-01,-3.167282938957214355e-01,5.467798709869384766e-01,1.107699513435363770e+00,-1.540948897600173950e-01,-1.390734165906906128e-01,-2.801147103309631348e-01
-2.765243053436279297e-01,-4.426470994949340820e-01,8.142052888870239258e-01,-4.181710258126258850e-02,1.207161042839288712e-02,-9.120097160339355469e-01,4.078527390956878662e-01,-5.252626538276672363e-02,2.563660219311714172e-02,-2.586036548018455505e-02,2.032416164875030518e-01,-2.915928065776824951e-01,1.117623075842857361e-01,-9.575655311346054077e-02,-1.686692982912063599e-01,-3.714555799961090088e-01,5.070171356201171875e-01,-1.846502572298049927e-01,1.848668046295642853e-02,4.381214827299118042e-02,-5.118784611113369465e-04,2.116245478391647339e-01,-1.856853067874908447e-01,2.710681259632110596e-01,-4.494337439537048340e-01,1.339408993721008301e+00,4.219033196568489075e-02,-1.169393882155418396e-01,2.427227348089218140e-01,-1.457338184118270874e-01,-3.242443203926086426e-01,5.314908623695373535e-01,1.105501294136047363e+00,-1.384385675191879272e-01,-1.361775845289230347e-01,-2.617082595825195312e-01
-2.736901044845581055e-01,-4.338473081588745117e-01,8.170476555824279785e-01,-3.486919403076171875e-02,2.231836877763271332e-02,-9.180953502655029297e-01,3.941915035247802734e-01,-6.226851418614387512e-02,5.549158528447151184e-02,-5.054917652159929276e-03,1.570130884647369385e-01,-2.622445821762084961e-01,1.057757139205932617e-01,-4.954492673277854919e-02,-1.653963327407836914e-01,-3.618467748165130615e-01,5.631537437438964844e-01,-1.858515441417694092e-01,1.350646372884511948e-02,6.884136795997619629e-02,2.055490761995315552e-02,1.898683309555053711e-01,-1.509604007005691528e-01,2.923811376094818115e-01,-4.214025437831878662e-01,1.335703969001770020e+00,3.900038078427314758e-02,-1.181936040520668030e-01,2.410001456737518311e-01,-1.429739743471145630e-01,-3.307246863842010498e-01,5.264060497283935547e-01,1.096820473670959473e+00,-1.279137432575225830e-01,-1.356937289237976074e-01,-2.402115315198898315e-01
-2.703080177307128906e-01,-4.246743023395538330e-01,8.180876970291137695e-01,-2.664043381810188293e-02,2.908902801573276520e-02,-9.251880049705505371e-01,3.774535953998565674e-01,-7.868214696645736694e-02,7.906305789947509766e-02,2.539155818521976471e-02,1.279684901237487793e-01,-2.396822571754455566e-01,1.005576476454734802e-01,2.272235142299905419e-04,-1.657701879739761353e-01,-3.542631268501281738e-01,5.814556479454040527e-01,-1.697998493909835815e-01,1.856899075210094452e-02,9.747665375471115112e-02,2.767562307417392731e-02,1.646393835544586182e-01,-1.200218573212623596e-01,3.132266104221343994e-01,-3.939273357391357422e-01,1.333805322647094727e+00,4.265684261918067932e-02,-1.186094656586647034e-01,2.375905513763427734e-01,-1.471235007047653198e-01,-3.327253460884094238e-01,5.320026874542236328e-01,1.086565017700195312e+00,-1.223374530673027039e-01,-1.355933696031570435e-01,-2.230894267559051514e-01
-2.664766609668731689e-01,-4.146715104579925537e-01,8.169072270393371582e-01,-1.542633492499589920e-02,3.005049750208854675e-02,-9.324407577514648438e-01,3.597404658794403076e-01,-1.065859869122505188e-01,8.907397091388702393e-02,5.504054203629493713e-02,1.194350868463516235e-01,-2.222652137279510498e-01,9.857323765754699707e-02,6.145931780338287354e-02,-1.697426736354827881e-01,-3.478522300720214844e-01,5.285378098487854004e-01,-1.536072343587875366e-01,3.491489216685295105e-02,1.300636976957321167e-01,2.179913595318794250e-02,1.355252712965011597e-01,-9.281980246305465698e-02,3.310952484607696533e-01,-3.713078796863555908e-01,1.336793541908264160e+00,4.859005659818649292e-02,-1.183254346251487732e-01,2.357087284326553345e-01,-1.539622247219085693e-01,-3.331523537635803223e-01,5.388838052749633789e-01,1.073317289352416992e+00,-1.188510134816169739e-01,-1.376961171627044678e-01,-2.150374948978424072e-01
-2.612853050231933594e-01,-4.036352634429931641e-01,8.138508200645446777e-01,-2.556087216362357140e-03,2.708480879664421082e-02,-9.394862055778503418e-01,3.415048420429229736e-01,-1.405488252639770508e-01,9.182776510715484619e-02,8.911713212728500366e-02,1.188522502779960632e-01,-2.105150669813156128e-01,9.277158975601196289e-02,1.128431037068367004e-01,-1.727432608604431152e-01,-3.351218700408935547e-01,4.431213438510894775e-01,-1.396471709012985229e-01,5.609573423862457275e-02,1.607341021299362183e-01,6.923195440322160721e-03,1.123207435011863708e-01,-7.416640967130661011e-02,3.497472107410430908e-01,-3.477726280689239502e-01,1.344764113426208496e+00,4.891128093004226685e-02,-1.187997832894325256e-01,2.343812286853790283e-01,-1.726415753364562988e-01,-3.322964608669281006e-01,5.528070926666259766e-01,1.060463547706604004e+00,-1.135359779000282288e-01,-1.395191401243209839e-01,-2.107053548097610474e-01
-2.551915347576141357e-01,-3.916934728622436523e-01,8.104566335678100586e-01,9.353403002023696899e-03,2.377161383628845215e-02,-9.459434151649475098e-01,3.233240842819213867e-01,-1.755299270153045654e-01,9.755902737379074097e-02,1.270013600587844849e-01,1.225999593734741211e-01,-2.003827691078186035e-01,9.043916314840316772e-02,1.527985334396362305e-01,-1.752062439918518066e-01,-3.205813467502593994e-01,3.474643528461456299e-01,-1.355778723955154419e-01,7.737042754888534546e-02,1.870530247688293457e-01,-1.324514672160148621e-02,9.506765007972717285e-02,-6.472092866897583008e-02,3.644261956214904785e-01,-3.248853981494903564e-01,1.355931878089904785e+00,4.111377149820327759e-02,-1.173653528094291687e-01,2.319281548261642456e-01,-2.000620067119598389e-01,-3.280764520168304443e-01,5.663893222808837891e-01,1.052337288856506348e+00,-1.028764918446540833e-01,-1.378151476383209229e-01,-2.055935561656951904e-01
-2.485050410032272339e-01,-3.790431916713714600e-01,8.061473965644836426e-01,1.937308162450790405e-02,1.716299355030059814e-02,-9.516484737396240234e-01,3.060968816280364990e-01,-2.074707299470901489e-01,9.955950826406478882e-02,1.617784947156906128e-01,1.302495598793029785e-01,-1.901797950267791748e-01,8.623991906642913818e-02,1.809649169445037842e-01,-1.730478852987289429e-01,-3.068242073059082031e-01,2.473466843366622925e-01,-1.491869390010833740e-01,9.487587213516235352e-02,2.076351195573806763e-01,-3.242589905858039856e-02,8.494784682989120483e-02,-6.385270506143569946e-02,3.738473355770111084e-01,-3.077501952648162842e-01,1.367274880409240723e+00,3.105501458048820496e-02,-1.159326881170272827e-01,2.280752211809158325e-01,-2.333974987268447876e-01,-3.235440552234649658e-01,5.798942446708679199e-01,1.045007705688476562e+00,-9.287025779485702515e-02,-1.362688690423965454e-01,-2.012223601341247559e-01
-2.416746765375137329e-01,-3.660017251968383789e-01,8.025220036506652832e-01,2.601683139801025391e-02,1.212264783680438995e-02,-9.563047289848327637e-01,2.909595072269439697e-01,-2.338523566722869873e-01,1.080510467290878296e-01,1.925865560770034790e-01,1.369866728782653809e-01,-1.772656589746475220e-01,7.899791002273559570e-02,1.948627382516860962e-01,-1.687122881412506104e-01,-2.926826179027557373e-01,1.638642847537994385e-01,-1.737831234931945801e-01,1.050765067338943481e-01,2.177746295928955078e-01,-4.633134230971336365e-02,8.483301848173141479e-02,-6.889030337333679199e-02,3.759669661521911621e-01,-2.987236380577087402e-01,1.372378706932067871e+00,2.114591002464294434e-02,-1.138139888644218445e-01,2.252784669399261475e-01,-2.739377021789550781e-01,-3.190617859363555908e-01,5.979405045509338379e-01,1.036068081855773926e+00,-8.979696035385131836e-02,-1.339504569768905640e-01,-1.953352093696594238e-01
-2.350173145532608032e-01,-3.528436422348022461e-01,7.997207045555114746e-01,2.920245379209518433e-02,8.856592699885368347e-03,-9.600046873092651367e-01,2.783159315586090088e-01,-2.508313357830047607e-01,1.213887333869934082e-01,2.176992893218994141e-01,1.357548236846923828e-01,-1.599941700696945190e-01,6.732521951198577881e-02,1.996992975473403931e-01,-1.588394641876220703e-01,-2.777360379695892334e-01,1.014364138245582581e-01,-2.089003175497055054e-01,1.067617610096931458e-01,2.198654562234878540e-01,-5.191238597035408020e-02,9.247659146785736084e-02,-8.121861517429351807e-02,3.705917894840240479e-01,-2.944850325584411621e-01,1.369242906570434570e+00,1.134214922785758972e-02,-1.127189695835113525e-01,2.173887491226196289e-01,-3.154696226119995117e-01,-3.132289052009582520e-01,6.104999184608459473e-01,1.025002598762512207e+00,-8.418428152799606323e-02,-1.318468153476715088e-01,-1.937162280082702637e-01
-2.286193668842315674e-01,-3.397353589534759521e-01,7.971094250679016113e-01,2.961088530719280243e-02,6.352848839014768600e-03,-9.631551504135131836e-01,2.672358453273773193e-01,-2.599796354770660400e-01,1.368093788623809814e-01,2.372418045997619629e-01,1.285981684923171997e-01,-1.416316926479339600e-01,5.133381485939025879e-02,1.996563971042633057e-01,-1.479542404413223267e-01,-2.782834768295288086e-01,5.713349208235740662e-02,-2.462820261716842651e-01,9.372118115425109863e-02,2.177775353193283081e-01,-4.774007573723793030e-02,1.040066108107566833e-01,-1.008729487657546997e-01,3.603963553905487061e-01,-2.945652604103088379e-01,1.362596154212951660e+00,3.266255836933851242e-03,-1.122485771775245667e-01,2.108446955680847168e-01,-3.548598289489746094e-01,-3.084794878959655762e-01,6.184957623481750488e-01,1.008480429649353027e+00,-7.532977312803268433e-02,-1.313070207834243774e-01,-1.920709758996963501e-01
-2.224557101726531982e-01,-3.267894983291625977e-01,7.954940199851989746e-01,2.712249569594860077e-02,3.642982803285121918e-03,-9.663659930229187012e-01,2.557105123996734619e-01,-2.623275816440582275e-01,1.537691354751586914e-01,2.533414363861083984e-01,1.211153119802474976e-01,-1.178970932960510254e-01,3.359043598175048828e-02,1.997838616371154785e-01,-1.377937793731689453e-01,-2.940832674503326416e-01,2.426727116107940674e-02,-2.701034843921661377e-01,7.446046173572540283e-02,2.148780226707458496e-01,-3.590610623359680176e-02,1.173556372523307800e-01,-1.247849538922309875e-01,3.468163013458251953e-01,-2.978746294975280762e-01,1.348043560981750488e+00,2.136374532710760832e-04,-1.139294207096099854e-01,2.093992680311203003e-01,-3.871770203113555908e-01,-3.052883148193359375e-01,6.236163973808288574e-01,9.856174588203430176e-01,-7.050336152315139771e-02,-1.334955543279647827e-01,-1.913277953863143921e-01
-2.168772071599960327e-01,-3.142698705196380615e-01,7.948029637336730957e-01,2.524289302527904510e-02,1.572130364365875721e-03,-9.677749276161193848e-01,2.505434751510620117e-01,-2.666876912117004395e-01,1.645040810108184814e-01,2.555532753467559814e-01,1.084506735205650330e-01,-9.657296538352966309e-02,1.597475074231624603e-02,1.977278143167495728e-01,-1.245501935482025146e-01,-2.867400050163269043e-01,2.331773284822702408e-03,-2.862392365932464600e-01,6.228769943118095398e-02,2.067798525094985962e-01,-2.274377644062042236e-02,1.350332051515579224e-01,-1.485058516263961792e-01,3.338010907173156738e-01,-2.999731600284576416e-01,1.332390069961547852e+00,-3.488378366455435753e-03,-1.160622090101242065e-01,2.072201222181320190e-01,-4.122029542922973633e-01,-3.054997622966766357e-01,6.290573477745056152e-01,9.640657305717468262e-01,-6.446982175111770630e-02,-1.362362504005432129e-01,-1.885537952184677124e-01
-2.116453200578689575e-01,-3.024718761444091797e-01,7.948963046073913574e-01,2.282484993338584900e-02,-3.628307895269244909e-04,-9.689576029777526855e-01,2.461706995964050293e-01,-2.704489529132843018e-01,1.737699508666992188e-01,2.589727938175201416e-01,9.506510943174362183e-02,-8.873091638088226318e-02,8.167894557118415833e-03,1.920830160379409790e-01,-1.132619008421897888e-01,-2.765121161937713623e-01,-9.433859027922153473e-03,-2.942202985286712646e-01,5.001612007617950439e-02,1.958989202976226807e-01,-1.130160503089427948e-02,1.533294916152954102e-01,-1.713524311780929565e-01,3.222191929817199707e-01,-3.047147095203399658e-01,1.310957312583923340e+00,-5.728919990360736847e-03,-1.195223107933998108e-01,2.052010595798492432e-01,-4.258096814155578613e-01,-3.061463534832000732e-01,6.328270435333251953e-01,9.471619129180908203e-01,-6.327749043703079224e-02,-1.391174644231796265e-01,-1.813660711050033569e-01
-2.067535519599914551e-01,-2.915665805339813232e-01,7.954481840133666992e-01,2.050373889505863190e-02,-2.228936180472373962e-03,-9.697065353393554688e-01,2.434005141258239746e-01,-2.745108604431152344e-01,1.792631447315216064e-01,2.634259760379791260e-01,8.437224477529525757e-02,-8.845548331737518311e-02,5.996343214064836502e-03,1.859863102436065674e-01,-1.032649278640747070e-01,-2.667866647243499756e-01,-1.725082099437713623e-02,-2.967975139617919922e-01,3.962268680334091187e-02,1.831534802913665771e-01,-3.046303056180477142e-03,1.720558851957321167e-01,-1.922721713781356812e-01,3.112713098526000977e-01,-3.105586171150207520e-01,1.289446115493774414e+00,-5.853103008121252060e-03,-1.215559840202331543e-01,2.026953697204589844e-01,-4.284786283969879150e-01,-3.059002161026000977e-01,6.349984407424926758e-01,9.397951364517211914e-01,-6.574309617280960083e-02,-1.408919095993041992e-01,-1.707066446542739868e-01
-2.021461576223373413e-01,-2.816299498081207275e-01,7.962874770164489746e-01,1.777001470327377319e-02,-4.250084981322288513e-03,-9.700818061828613281e-01,2.420897334814071655e-01,-2.786323726177215576e-01,1.831364780664443970e-01,2.705790102481842041e-01,8.051086217164993286e-02,-8.511120080947875977e-02,6.282413844019174576e-03,1.806331872940063477e-01,-9.508437663316726685e-02,-2.597328126430511475e-01,-2.077131532132625580e-02,-2.972050309181213379e-01,2.977633289992809296e-02,1.702909022569656372e-01,2.947111614048480988e-03,1.881274282932281494e-01,-2.126770168542861938e-01,3.021587431430816650e-01,-3.174233734607696533e-01,1.271005988121032715e+00,-2.485518110916018486e-03,-1.213698387145996094e-01,1.992448568344116211e-01,-4.208301901817321777e-01,-3.058582246303558350e-01,6.391147375106811523e-01,9.428824782371520996e-01,-7.520394772291183472e-02,-1.389889717102050781e-01,-1.556351482868194580e-01
-1.978675723075866699e-01,-2.728194296360015869e-01,7.971164584159851074e-01,1.534424908459186554e-02,-5.709608085453510284e-03,-9.700979590415954590e-01,2.421607971191406250e-01,-2.807524800300598145e-01,1.857926398515701294e-01,2.708764970302581787e-01,7.984556257724761963e-02,-7.834257185459136963e-02,3.024403937160968781e-03,1.764656901359558105e-01,-8.699516206979751587e-02,-2.544293999671936035e-01,-2.491456642746925354e-02,-2.944097220897674561e-01,2.067266404628753662e-02,1.587121784687042236e-01,6.745448336005210876e-03,2.020712345838546753e-01,-2.291596382856369019e-01,2.928309738636016846e-01,-3.277921974658966064e-01,1.253933429718017578e+00,-4.284786060452461243e-03,-1.215323880314826965e-01,1.929387897253036499e-01,-4.034281373023986816e-01,-3.057430982589721680e-01,6.427205801010131836e-01,9.671160578727722168e-01,-8.951704204082489014e-02,-1.330326497554779053e-01,-1.378814578056335449e-01
-1.938879489898681641e-01,-2.651056349277496338e-01,7.982192635536193848e-01,1.280557643622159958e-02,-8.135973475873470306e-03,-9.700885415077209473e-01,2.422768622636795044e-01,-2.826819419860839844e-01,1.879221498966217041e-01,2.592381834983825684e-01,8.607331663370132446e-02,-7.536819577217102051e-02,-1.607982558198273182e-04,1.733578890562057495e-01,-8.269146829843521118e-02,-2.494599670171737671e-01,-2.678695879876613617e-02,-2.900429069995880127e-01,1.273783110082149506e-02,1.497549712657928467e-01,8.586579933762550354e-03,2.137595862150192261e-01,-2.439051121473312378e-01,2.840013504028320312e-01,-3.376255035400390625e-01,1.241997599601745605e+00,-3.366640303283929825e-03,-1.210649162530899048e-01,1.835279762744903564e-01,-3.799879848957061768e-01,-3.051276504993438721e-01,6.431828141212463379e-01,9.995900392532348633e-01,-1.046676114201545715e-01,-1.250013560056686401e-01,-1.214738339185714722e-01
-1.902038753032684326e-01,-2.583625912666320801e-01,7.992028594017028809e-01,9.222148917615413666e-03,-9.967551566660404205e-03,-9.697344303131103516e-01,2.437840849161148071e-01,-2.843174934387207031e-01,1.883832365274429321e-01,2.431556880474090576e-01,9.621448069810867310e-02,-7.311796396970748901e-02,-2.129441127181053162e-03,1.733396798372268677e-01,-7.812303304672241211e-02,-2.503491938114166260e-01,-2.753224782645702362e-02,-2.846265733242034912e-01,7.196994032710790634e-03,1.435232460498809814e-01,7.455181796103715897e-03,2.220706790685653687e-01,-2.549424767494201660e-01,2.756062746047973633e-01,-3.438350558280944824e-01,1.231479048728942871e+00,-9.586569853127002716e-03,-1.187256351113319397e-01,1.720122694969177246e-01,-3.504113852977752686e-01,-3.045183420181274414e-01,6.379476189613342285e-01,1.054807186126708984e+00,-1.185021549463272095e-01,-1.138635948300361633e-01,-1.065309047698974609e-01
-1.868464350700378418e-01,-2.525111436843872070e-01,8.004307150840759277e-01,6.750027649104595184e-03,-1.302204187959432602e-02,-9.689696431159973145e-01,2.467442154884338379e-01,-2.866595089435577393e-01,1.888925284147262573e-01,2.277521938085556030e-01,1.119065880775451660e-01,-7.003410160541534424e-02,-5.486283916980028152e-03,1.738793998956680298e-01,-7.805728912353515625e-02,-2.564661800861358643e-01,-2.913249842822551727e-02,-2.789525091648101807e-01,3.468724316917359829e-04,1.400283277034759521e-01,6.136539392173290253e-03,2.288039028644561768e-01,-2.638485729694366455e-01,2.657985687255859375e-01,-3.492171466350555420e-01,1.223021864891052246e+00,-2.151705883443355560e-02,-1.174598038196563721e-01,1.587313264608383179e-01,-3.157036602497100830e-01,-3.050994873046875000e-01,6.292520165443420410e-01,1.120266079902648926e+00,-1.283550858497619629e-01,-1.029697507619857788e-01,-9.166762232780456543e-02
-1.838453263044357300e-01,-2.475170642137527466e-01,8.013162612915039062e-01,5.150748416781425476e-03,-1.623233966529369354e-02,-9.684488177299499512e-01,2.486299127340316772e-01,-2.888579368591308594e-01,1.871575564146041870e-01,2.059902995824813843e-01,1.286898553371429443e-01,-7.202940434217453003e-02,-5.204503890126943588e-03,1.735283136367797852e-01,-7.962326705455780029e-02,-2.599362730979919434e-01,-3.122165426611900330e-02,-2.763557434082031250e-01,-4.485589917749166489e-03,1.380376070737838745e-01,3.290872555226087570e-03,2.346153110265731812e-01,-2.705809175968170166e-01,2.574967443943023682e-01,-3.519216179847717285e-01,1.213796377182006836e+00,-3.441686555743217468e-02,-1.159723550081253052e-01,1.452154219150543213e-01,-2.790929973125457764e-01,-3.080858886241912842e-01,6.154024600982666016e-01,1.182240366935729980e+00,-1.351402401924133301e-01,-9.257566928863525391e-02,-7.526464015245437622e-02
-1.812281757593154907e-01,-2.433000057935714722e-01,8.021106719970703125e-01,3.956834319978952408e-03,-1.876454427838325500e-02,-9.676793813705444336e-01,2.514535486698150635e-01,-2.915175855159759521e-01,1.845297664403915405e-01,1.842784434556961060e-01,1.451890319585800171e-01,-7.590714842081069946e-02,-6.107071414589881897e-03,1.725644171237945557e-01,-8.090665191411972046e-02,-2.636694908142089844e-01,-3.186901286244392395e-02,-2.729204893112182617e-01,-8.177445270121097565e-03,1.362336724996566772e-01,-7.883035577833652496e-04,2.375540137290954590e-01,-2.734163999557495117e-01,2.502511739730834961e-01,-3.523918688297271729e-01,1.201966285705566406e+00,-4.224855452775955200e-02,-1.168922111392021179e-01,1.317216753959655762e-01,-2.416792362928390503e-01,-3.143033981323242188e-01,5.964203476905822754e-01,1.234794855117797852e+00,-1.385644674301147461e-01,-8.519013971090316772e-02,-5.983403325080871582e-02
-1.789629608392715454e-01,-2.397484928369522095e-01,8.027788996696472168e-01,3.777459030970931053e-03,-2.089804038405418396e-02,-9.669176936149597168e-01,2.542030513286590576e-01,-2.945857346057891846e-01,1.821481436491012573e-01,1.703719496726989746e-01,1.603612452745437622e-01,-7.968062907457351685e-02,-3.418600419536232948e-03,1.696181595325469971e-01,-8.266439288854598999e-02,-2.665823698043823242e-01,-3.163858503103256226e-02,-2.708171904087066650e-01,-1.042651105672121048e-02,1.345863193273544312e-01,-5.277175456285476685e-03,2.384397238492965698e-01,-2.740540504455566406e-01,2.445813715457916260e-01,-3.526688516139984131e-01,1.191529154777526855e+00,-5.285173282027244568e-02,-1.170522570610046387e-01,1.215009540319442749e-01,-2.044726014137268066e-01,-3.235516548156738281e-01,5.773105025291442871e-01,1.275198817253112793e+00,-1.377650201320648193e-01,-7.984762638807296753e-02,-4.601490870118141174e-02
-1.770316362380981445e-01,-2.368829548358917236e-01,8.034058213233947754e-01,4.293239209800958633e-03,-2.294342964887619019e-02,-9.664136171340942383e-01,2.559294700622558594e-01,-2.980704605579376221e-01,1.801966130733489990e-01,1.579125076532363892e-01,1.713704615831375122e-01,-8.191762119531631470e-02,-3.644532058387994766e-03,1.652542054653167725e-01,-8.534558117389678955e-02,-2.676828503608703613e-01,-3.069458901882171631e-02,-2.694312334060668945e-01,-1.256018038839101791e-02,1.326704472303390503e-01,-8.554526604712009430e-03,2.381988912820816040e-01,-2.734083831310272217e-01,2.409478276968002319e-01,-3.536113500595092773e-01,1.181112051010131836e+00,-6.438145786523818970e-02,-1.176658943295478821e-01,1.155038326978683472e-01,-1.693271696567535400e-01,-3.343748748302459717e-01,5.613810420036315918e-01,1.300352692604064941e+00,-1.389403194189071655e-01,-7.628486305475234985e-02,-3.621989861130714417e-02
-1.754318773746490479e-01,-2.346100360155105591e-01,8.041107654571533203e-01,4.140885081142187119e-03,-2.473180368542671204e-02,-9.659132957458496094e-01,2.576484680175781250e-01,-3.003114461898803711e-01,1.787377446889877319e-01,1.487630605697631836e-01,1.780897527933120728e-01,-8.577442169189453125e-02,-2.808980876579880714e-03,1.622582376003265381e-01,-8.793596178293228149e-02,-2.689057290554046631e-01,-2.826895006000995636e-02,-2.665835916996002197e-01,-1.406088285148143768e-02,1.305135935544967651e-01,-1.187887042760848999e-02,2.353267520666122437e-01,-2.709597647190093994e-01,2.387294322252273560e-01,-3.532763719558715820e-01,1.173010230064392090e+00,-6.934542953968048096e-02,-1.191020086407661438e-01,1.103596612811088562e-01,-1.397915184497833252e-01,-3.444392383098602295e-01,5.463081598281860352e-01,1.313259601593017578e+00,-1.376029700040817261e-01,-7.532863318920135498e-02,-2.856860682368278503e-02
-1.741315871477127075e-01,-2.328219860792160034e-01,8.045728802680969238e-01,4.583798814564943314e-03,-2.615387551486492157e-02,-9.654620885848999023e-01,2.591871023178100586e-01,-3.018764555454254150e-01,1.769670844078063965e-01,1.419402658939361572e-01,1.857778877019882202e-01,-8.535569906234741211e-02,-3.519917372614145279e-03,1.592406183481216431e-01,-9.027758985757827759e-02,-2.704587876796722412e-01,-2.735614776611328125e-02,-2.650010287761688232e-01,-1.351559534668922424e-02,1.278880536556243896e-01,-1.470765005797147751e-02,2.315953671932220459e-01,-2.681148052215576172e-01,2.368469834327697754e-01,-3.524339199066162109e-01,1.168677449226379395e+00,-7.406231015920639038e-02,-1.205668747425079346e-01,1.069967597723007202e-01,-1.139770001173019409e-01,-3.532590866088867188e-01,5.351978540420532227e-01,1.316302657127380371e+00,-1.357396245002746582e-01,-7.449101656675338745e-02,-2.487744949758052826e-02
-1.731085330247879028e-01,-2.314718365669250488e-01,8.049854636192321777e-01,5.191071890294551849e-03,-2.724368497729301453e-02,-9.649997353553771973e-01,2.607802748680114746e-01,-3.004371523857116699e-01,1.743063628673553467e-01,1.372623592615127563e-01,1.889079958200454712e-01,-8.394480496644973755e-02,-3.816268173977732658e-03,1.559810638427734375e-01,-9.252721816301345825e-02,-2.723977267742156982e-01,-2.577202580869197845e-02,-2.634728252887725830e-01,-1.207258086651563644e-02,1.251841038465499878e-01,-1.693367026746273041e-02,2.260394394397735596e-01,-2.647658884525299072e-01,2.364346086978912354e-01,-3.534768819808959961e-01,1.164353013038635254e+00,-7.661956548690795898e-02,-1.206638291478157043e-01,1.057439595460891724e-01,-9.522307664155960083e-02,-3.613452613353729248e-01,5.274359583854675293e-01,1.312002897262573242e+00,-1.346782147884368896e-01,-7.434420287609100342e-02,-2.510206028819084167e-02
