-1.780148409307003021e-02,-2.338209934532642365e-02,6.666643619537353516e-01,1.268175709992647171e-02,3.927662037312984467e-03,-8.648542165756225586e-01,5.018475055694580078e-01,-3.644103929400444031e-02,-3.518257290124893188e-02,-4.065360408276319504e-03,2.550070285797119141e-01,-2.527375817298889160e-01,2.784052304923534393e-02,-2.853354252874851227e-02,-1.092148013412952423e-03,-1.050416007637977600e-02,2.218548059463500977e-01,-2.282002866268157959e-01,-6.802836433053016663e-03,-1.038116216659545898e-02,-2.373418770730495453e-03,-6.098874285817146301e-02,1.035513654351234436e-01,2.936452925205230713e-01,-6.114115938544273376e-03,1.462767243385314941e+00,4.484156612306833267e-03,7.122004032135009766e-02,4.376419633626937866e-02,1.067937165498733521e-01,-3.036217689514160156e-01,3.822887083515524864e-03,1.455635786056518555e+00,-6.121893413364887238e-03,7.444994151592254639e-02,-4.269172623753547668e-02
-1.757536269724369049e-02,-2.279876545071601868e-02,6.637536287307739258e-01,8.853692561388015747e-03,3.421043045818805695e-03,-8.672072887420654297e-01,4.978568851947784424e-01,-7.331575453281402588e-02,-2.918333187699317932e-02,5.512355361133813858e-03,3.547663986682891846e-01,-3.084982037544250488e-01,2.675662375986576080e-02,-7.313697040081024170e-02,4.688458982855081558e-03,-2.384219085797667503e-03,3.306964933872222900e-01,-2.848019003868103027e-01,-8.014485239982604980e-03,-1.048241509124636650e-03,-3.889366053044795990e-04,-4.935681074857711792e-02,6.300606578588485718e-02,3.065329194068908691e-01,-6.435572169721126556e-03,1.537039637565612793e+00,3.221464576199650764e-04,1.636797562241554260e-02,3.179093450307846069e-02,6.226083263754844666e-02,-3.140411376953125000e-01,6.160838063806295395e-03,1.536367058753967285e+00,-4.589608870446681976e-04,1.783309131860733032e-02,-3.038401156663894653e-02
-1.930636726319789886e-02,-2.550714090466499329e-02,6.635650992393493652e-01,2.240882441401481628e-02,1.152708381414413452e-02,-8.672587871551513672e-01,4.972194731235504150e-01,-8.661025017499923706e-02,-2.790722064673900604e-02,5.698862019926309586e-03,3.302867710590362549e-01,-3.086751401424407959e-01,2.617637440562248230e-02,-9.074287861585617065e-02,5.903937853872776031e-03,-1.363296061754226685e-03,3.141508400440216064e-01,-2.883214652538299561e-01,-8.359652943909168243e-03,-8.775507012614980340e-05,-7.297985721379518509e-04,-6.687314808368682861e-02,3.022672981023788452e-02,3.412709236145019531e-01,-3.288930514827370644e-03,1.558976411819458008e+00,-9.552901610732078552e-05,5.980269052088260651e-03,1.090903859585523605e-02,2.975117042660713196e-02,-3.451645672321319580e-01,3.223728388547897339e-03,1.558934569358825684e+00,5.067136225989088416e-05,6.369797047227621078e-03,-1.029799506068229675e-02
-1.934423856437206268e-02,-2.552592940628528595e-02,6.638597846031188965e-01,2.704135887324810028e-02,1.397835183888673782e-02,-8.671904802322387695e-01,4.970453381538391113e-01,-9.350691735744476318e-02,-2.821106091141700745e-02,5.900049116462469101e-03,3.194749653339385986e-01,-3.017843663692474365e-01,2.615745738148689270e-02,-9.967294335365295410e-02,5.605773068964481354e-03,-1.036368892528116703e-03,3.074012398719787598e-01,-2.833546400070190430e-01,-8.343185298144817352e-03,1.496301265433430672e-04,-1.277410075999796391e-03,-7.389152795076370239e-02,2.158381044864654541e-02,3.437922596931457520e-01,-2.481071278452873230e-03,1.567289233207702637e+00,-2.766431862255558372e-05,2.050108043476939201e-03,6.261625792831182480e-03,2.111968025565147400e-02,-3.468847870826721191e-01,2.312112599611282349e-03,1.567438483238220215e+00,-1.390790771438332740e-06,2.180814044550061226e-03,-5.971965845674276352e-03
-1.934142410755157471e-02,-2.551275305449962616e-02,6.640041470527648926e-01,2.939466945827007294e-02,1.509744115173816681e-02,-8.671222925186157227e-01,4.969978928565979004e-01,-9.706389904022216797e-02,-2.866646088659763336e-02,5.978328175842761993e-03,3.140698075294494629e-01,-2.980870306491851807e-01,2.621937356889247894e-02,-1.043684855103492737e-01,5.152746569365262985e-03,-9.030451765283942223e-04,3.044267594814300537e-01,-2.809236347675323486e-01,-8.268966339528560638e-03,1.655713422223925591e-04,-1.723572378978133202e-03,-7.819665968418121338e-02,1.918680593371391296e-02,3.441753089427947998e-01,-2.310431562364101410e-03,1.570009350776672363e+00,1.676703141129110008e-05,5.650973762385547161e-04,5.525898188352584839e-03,1.873176544904708862e-02,-3.470535874366760254e-01,2.078056568279862404e-03,1.570214748382568359e+00,-5.144278838997706771e-05,6.293874466791749001e-04,-5.323906429111957550e-03
-1.934183947741985321e-02,-2.551209740340709686e-02,6.640727519989013672e-01,3.065652027726173401e-02,1.564921811223030090e-02,-8.670750260353088379e-01,4.969871342182159424e-01,-9.896175563335418701e-02,-2.902226708829402924e-02,6.011921446770429611e-03,3.112677633762359619e-01,-2.961527705192565918e-01,2.627551741898059845e-02,-1.069789901375770569e-01,4.797948990017175674e-03,-8.406535489484667778e-04,3.031914234161376953e-01,-2.798364758491516113e-01,-8.206550963222980499e-03,1.313629181822761893e-04,-2.039728919044137001e-03,-8.077369630336761475e-02,1.860546320676803589e-02,3.442596197128295898e-01,-2.305315574631094933e-03,1.570877313613891602e+00,2.892741213145200163e-05,3.876019036397337914e-05,5.408379249274730682e-03,1.815529540181159973e-02,-3.470526039600372314e-01,2.049386035650968552e-03,1.571097135543823242e+00,-6.844824383733794093e-05,8.517255628248676658e-05,-5.229978356510400772e-03
-1.934291236102581024e-02,-2.551374770700931549e-02,6.641054153442382812e-01,3.135040774941444397e-02,1.592971011996269226e-02,-8.670454621315002441e-01,4.969865083694458008e-01,-1.000070720911026001e-01,-2.926869131624698639e-02,6.030404008924961090e-03,3.097870647907257080e-01,-2.951219677925109863e-01,2.631594613194465637e-02,-1.084903627634048462e-01,4.551932215690612793e-03,-8.068790193647146225e-04,3.027462661266326904e-01,-2.793727815151214600e-01,-8.162785321474075317e-03,9.564350330037996173e-05,-2.253565005958080292e-03,-8.227441459894180298e-02,1.852446608245372772e-02,3.442897498607635498e-01,-2.330324146896600723e-03,1.571143150329589844e+00,2.992144800373353064e-05,-1.420289481757208705e-04,5.387538112699985504e-03,1.807568408548831940e-02,-3.470356762409210205e-01,2.068579662591218948e-03,1.571366429328918457e+00,-7.163913687691092491e-05,-1.003603028948418796e-04,-5.217035766690969467e-03
-1.934367977082729340e-02,-2.551502175629138947e-02,6.641208529472351074e-01,3.173988312482833862e-02,1.607477292418479919e-02,-8.670275211334228516e-01,4.969883561134338379e-01,-1.005983352661132812e-01,-2.943364158272743225e-02,6.042449269443750381e-03,3.089942932128906250e-01,-2.945635616779327393e-01,2.634343877434730530e-02,-1.093907803297042847e-01,4.387121181935071945e-03,-7.866985397413372993e-04,3.026426732540130615e-01,-2.791933417320251465e-01,-8.133498951792716980e-03,6.835340900579467416e-05,-2.395855030044913292e-03,-8.313903212547302246e-02,1.855850778520107269e-02,3.443054556846618652e-01,-2.352760639041662216e-03,1.571218252182006836e+00,2.846156166924629360e-05,-2.029985917033627629e-04,5.382801871746778488e-03,1.810956560075283051e-02,-3.470216989517211914e-01,2.091111382469534874e-03,1.571442246437072754e+00,-7.093926978996023536e-05,-1.625172444619238377e-04,-5.215973127633333206e-03
-1.934408396482467651e-02,-2.551566623151302338e-02,6.641278862953186035e-01,3.196247294545173645e-02,1.615059189498424530e-02,-8.670167326927185059e-01,4.969904720783233643e-01,-1.009402871131896973e-01,-2.954294532537460327e-02,6.050814874470233917e-03,3.085653483867645264e-01,-2.942567765712738037e-01,2.636181190609931946e-02,-1.099385246634483337e-01,4.277843516319990158e-03,-7.740021101199090481e-04,3.026728034019470215e-01,-2.791392505168914795e-01,-8.114150725305080414e-03,4.932596129947341979e-05,-2.490021754056215286e-03,-8.363690972328186035e-02,1.860369741916656494e-02,3.443149924278259277e-01,-2.367889275774359703e-03,1.571235656738281250e+00,2.700590084714349359e-05,-2.232791448477655649e-04,5.381254944950342178e-03,1.815417595207691193e-02,-3.470118045806884766e-01,2.107708714902400970e-03,1.571459889411926270e+00,-6.967733497731387615e-05,-1.830621622502803802e-04,-5.216565914452075958e-03
-1.934424601495265961e-02,-2.551589161157608032e-02,6.641309261322021484e-01,3.209180012345314026e-02,1.619050465524196625e-02,-8.670101761817932129e-01,4.969922304153442383e-01,-1.011418700218200684e-01,-2.961517684161663055e-02,6.056691519916057587e-03,3.083310425281524658e-01,-2.940859794616699219e-01,2.637402154505252838e-02,-1.102770641446113586e-01,4.205595236271619797e-03,-7.658191025257110596e-04,3.027440309524536133e-01,-2.791366577148437500e-01,-8.101405575871467590e-03,3.650458165793679655e-05,-2.552243648096919060e-03,-8.392515033483505249e-02,1.863785460591316223e-02,3.443210422992706299e-01,-2.377168741077184677e-03,1.571237206459045410e+00,2.599454819574020803e-05,-2.299427433172240853e-04,5.380579736083745956e-03,1.818776875734329224e-02,-3.470050096511840820e-01,2.118421252816915512e-03,1.571461558341979980e+00,-6.867761840112507343e-05,-1.897694601211696863e-04,-5.217253230512142181e-03
-1.934428140521049500e-02,-2.551590278744697571e-02,6.641321182250976562e-01,3.216810524463653564e-02,1.621163077652454376e-02,-8.670061826705932617e-01,4.969936013221740723e-01,-1.012626960873603821e-01,-2.966288290917873383e-02,6.060794927179813385e-03,3.082017898559570312e-01,-2.939897179603576660e-01,2.638211846351623535e-02,-1.104889661073684692e-01,4.157858435064554214e-03,-7.604864076711237431e-04,3.028179407119750977e-01,-2.791521549224853516e-01,-8.093010634183883667e-03,2.798171408358030021e-05,-2.593346871435642242e-03,-8.409351855516433716e-02,1.866017282009124756e-02,3.443249166011810303e-01,-2.382645849138498306e-03,1.571235299110412598e+00,2.536687497922684997e-05,-2.321072533959522843e-04,5.380240269005298615e-03,1.820965297520160675e-02,-3.470004498958587646e-01,2.124986145645380020e-03,1.571459770202636719e+00,-6.801790004828944802e-05,-1.919328497024253011e-04,-5.217803642153739929e-03
-1.934426091611385345e-02,-2.551583014428615570e-02,6.641324758529663086e-01,3.221378102898597717e-02,1.622286811470985413e-02,-8.670037388801574707e-01,4.969946146011352539e-01,-1.013362035155296326e-01,-2.969439327716827393e-02,6.063632667064666748e-03,3.081298172473907471e-01,-2.939347028732299805e-01,2.638748474419116974e-02,-1.106229573488235474e-01,4.126317333430051804e-03,-7.569928420707583427e-04,3.028807938098907471e-01,-2.791713476181030273e-01,-8.087477646768093109e-03,2.234657767985481769e-05,-2.620502375066280365e-03,-8.419295400381088257e-02,1.867395825684070587e-02,3.443274199962615967e-01,-2.385831903666257858e-03,1.571233272552490234e+00,2.499451693438459188e-05,-2.328045229660347104e-04,5.380059592425823212e-03,1.822313107550144196e-02,-3.469973802566528320e-01,2.128929132595658302e-03,1.571457862854003906e+00,-6.761192344129085541e-05,-1.926237018778920174e-04,-5.218208301812410355e-03
-1.934422366321086884e-02,-2.551573514938354492e-02,6.641324758529663086e-01,3.224149346351623535e-02,1.622887700796127319e-02,-8.670021891593933105e-01,4.969953298568725586e-01,-1.013815104961395264e-01,-2.971521019935607910e-02,6.065577268600463867e-03,3.080892860889434814e-01,-2.939029037952423096e-01,2.639103867113590240e-02,-1.107084006071090698e-01,4.105474334210157394e-03,-7.546977140009403229e-04,3.029297292232513428e-01,-2.791887521743774414e-01,-8.083828724920749664e-03,1.862797762441914529e-05,-2.638446399942040443e-03,-8.425238728523254395e-02,1.868229173123836517e-02,3.443290293216705322e-01,-2.387680811807513237e-03,1.571231842041015625e+00,2.477743328199721873e-05,-2.330300485482439399e-04,5.379961337894201279e-03,1.823125593364238739e-02,-3.469953238964080811e-01,2.131286310032010078e-03,1.571456432342529297e+00,-6.736913201166316867e-05,-1.928443525684997439e-04,-5.218495614826679230e-03
-1.934418454766273499e-02,-2.551564574241638184e-02,6.641323566436767578e-01,3.225851804018020630e-02,1.623210869729518890e-02,-8.670011758804321289e-01,4.969958066940307617e-01,-1.014097630977630615e-01,-2.972896397113800049e-02,6.066899746656417847e-03,3.080661892890930176e-01,-2.938842475414276123e-01,2.639339119195938110e-02,-1.107632666826248169e-01,4.091700073331594467e-03,-7.531876908615231514e-04,3.029659390449523926e-01,-2.792026996612548828e-01,-8.081421256065368652e-03,1.617536872799973935e-05,-2.650304231792688370e-03,-8.428834378719329834e-02,1.868729852139949799e-02,3.443300724029541016e-01,-2.388758584856987000e-03,1.571230888366699219e+00,2.465134457452222705e-05,-2.331058931304141879e-04,5.379907321184873581e-03,1.823612488806247711e-02,-3.469939529895782471e-01,2.132699824869632721e-03,1.571455478668212891e+00,-6.722529360558837652e-05,-1.929171994561329484e-04,-5.218695383518934250e-03
-1.861453615128993988e-02,-2.422598376870155334e-02,6.628990769386291504e-01,3.119541890919208527e-02,1.363172847777605057e-02,-8.675477504730224609e-01,4.961873888969421387e-01,-1.519997417926788330e-01,-3.428758680820465088e-02,4.190793726593255997e-03,3.719236850738525391e-01,-2.909767031669616699e-01,2.285769954323768616e-02,-1.564399152994155884e-01,2.952633658424019814e-03,4.231818893458694220e-04,3.588180840015411377e-01,-2.775376737117767334e-01,2.459292067214846611e-03,-1.949695055373013020e-03,6.837404333055019379e-03,-2.538070455193519592e-02,4.005276598036289215e-03,3.616032898426055908e-01,-1.602534577250480652e-02,1.479967713356018066e+00,-1.931497082114219666e-02,-2.914978377521038055e-02,3.603721410036087036e-02,1.714826188981533051e-02,-3.656660318374633789e-01,2.062224037945270538e-02,1.521110892295837402e+00,-4.592503421008586884e-03,-1.528275758028030396e-02,-2.092630229890346527e-02
-1.758677139878273010e-02,-2.254690974950790405e-02,6.602663397789001465e-01,3.181746229529380798e-02,1.209150440990924835e-02,-8.679425716400146484e-01,4.954968690872192383e-01,-2.252040952444076538e-01,-3.895331919193267822e-02,2.624265616759657860e-03,4.714384377002716064e-01,-3.040722906589508057e-01,1.969616115093231201e-02,-2.231350690126419067e-01,2.107627224177122116e-03,1.359310001134872437e-03,4.470809996128082275e-01,-2.904783785343170166e-01,1.299858186393976212e-02,-5.451892036944627762e-03,1.666651479899883270e-02,3.448294475674629211e-02,-8.951690979301929474e-03,3.756805956363677979e-01,-2.776069752871990204e-02,1.375913739204406738e+00,-4.051142558455467224e-02,-5.404786020517349243e-02,7.007665187120437622e-02,1.465633604675531387e-02,-3.843269050121307373e-01,3.681306913495063782e-02,1.463332295417785645e+00,-9.482832625508308411e-03,-2.723083645105361938e-02,-3.796548023819923401e-02
-1.653717085719108582e-02,-2.087663672864437103e-02,6.563730239868164062e-01,3.463825210928916931e-02,1.209975127130746841e-02,-8.682397007942199707e-01,4.947864115238189697e-01,-3.109430968761444092e-01,-4.331067949533462524e-02,1.305237296037375927e-03,5.839381814002990723e-01,-3.225170373916625977e-01,1.680219732224941254e-02,-3.027506768703460693e-01,2.168803242966532707e-03,2.046777866780757904e-03,5.489028692245483398e-01,-3.090550601482391357e-01,2.324141189455986023e-02,-1.001587416976690292e-02,2.667828649282455444e-02,8.942350000143051147e-02,-2.041731774806976318e-02,3.882535696029663086e-01,-3.862688690423965454e-02,1.268208026885986328e+00,-6.006304174661636353e-02,-7.744671404361724854e-02,1.047813370823860168e-01,1.270184572786092758e-02,-4.026567637920379639e-01,5.253252759575843811e-02,1.403725981712341309e+00,-1.519048679620027542e-02,-3.760804980993270874e-02,-5.545049160718917847e-02
-1.561248954385519028e-02,-1.943519338965415955e-02,6.518865227699279785e-01,3.966365754604339600e-02,1.331573352217674255e-02,-8.684474825859069824e-01,4.940125942230224609e-01,-3.999978303909301758e-01,-4.794509336352348328e-02,2.181708405259996653e-04,6.915715932846069336e-01,-3.377687036991119385e-01,1.419279910624027252e-02,-3.870252072811126709e-01,2.525339834392070770e-03,2.720864489674568176e-03,6.483477950096130371e-01,-3.255933523178100586e-01,3.326278179883956909e-02,-1.532694604247808456e-02,3.618313744664192200e-02,1.388903260231018066e-01,-3.036398440599441528e-02,3.997234702110290527e-01,-4.894328489899635315e-02,1.158970713615417480e+00,-7.740548998117446899e-02,-1.009670123457908630e-01,1.395608484745025635e-01,1.188439875841140747e-02,-4.205609261989593506e-01,6.813009828329086304e-02,1.343393206596374512e+00,-2.170396782457828522e-02,-4.745006188750267029e-02,-7.334421575069427490e-02
-1.488411147147417068e-02,-1.833875104784965515e-02,6.475642323493957520e-01,4.608526453375816345e-02,1.490343175828456879e-02,-8.685312867164611816e-01,4.932620823383331299e-01,-4.855650067329406738e-01,-5.354139208793640137e-02,-5.939458496868610382e-04,7.859920859336853027e-01,-3.463436067104339600e-01,1.193627063184976578e-02,-4.688569009304046631e-01,2.393390284851193428e-03,3.621263429522514343e-03,7.365899085998535156e-01,-3.364320099353790283e-01,4.321559518575668335e-02,-2.140318788588047028e-02,4.442179575562477112e-02,1.846379637718200684e-01,-3.884324058890342712e-02,4.104487001895904541e-01,-5.893738940358161926e-02,1.048917889595031738e+00,-9.234727174043655396e-02,-1.252369582653045654e-01,1.740817129611968994e-01,1.241424307227134705e-02,-4.381484389305114746e-01,8.366172015666961670e-02,1.282689332962036133e+00,-2.904764935374259949e-02,-5.715021863579750061e-02,-9.161607176065444946e-02
-1.434016972780227661e-02,-1.756967790424823761e-02,6.437986493110656738e-01,5.273963138461112976e-02,1.612878590822219849e-02,-8.684767484664916992e-01,4.926525652408599854e-01,-5.645456314086914062e-01,-6.026187166571617126e-02,-1.137619488872587681e-03,8.674895167350769043e-01,-3.489359021186828613e-01,1.004762575030326843e-02,-5.444704890251159668e-01,1.526453648693859577e-03,4.792246501892805099e-03,8.126807212829589844e-01,-3.417437672615051270e-01,5.316246673464775085e-02,-2.843898348510265350e-02,5.109279230237007141e-02,2.293450236320495605e-01,-4.615855589509010315e-02,4.207390844821929932e-01,-6.868223845958709717e-02,9.382999539375305176e-01,-1.048486605286598206e-01,-1.504183113574981689e-01,2.080234587192535400e-01,1.412005163729190826e-02,-4.555337727069854736e-01,9.907141327857971191e-02,1.221727490425109863e+00,-3.724832832813262939e-02,-6.683000177145004272e-02,-1.101559922099113464e-01
-1.393639855086803436e-02,-1.705244742333889008e-02,6.406479477882385254e-01,5.881943926215171814e-02,1.664626784622669220e-02,-8.683064579963684082e-01,4.922469854354858398e-01,-6.366539597511291504e-01,-6.792545318603515625e-02,-1.438572187907993793e-03,9.396029710769653320e-01,-3.475590944290161133e-01,8.499648422002792358e-03,-6.131443381309509277e-01,5.515742668649181724e-05,6.153594236820936203e-03,8.793200254440307617e-01,-3.431616425514221191e-01,6.308247148990631104e-02,-3.657121211290359497e-02,5.624516680836677551e-02,2.750040590763092041e-01,-5.273358896374702454e-02,4.307158589363098145e-01,-7.812272012233734131e-02,8.271729946136474609e-01,-1.149826645851135254e-01,-1.764434128999710083e-01,2.411072105169296265e-01,1.660582982003688812e-02,-4.728032648563385010e-01,1.142634600400924683e-01,1.160531997680664062e+00,-4.632008448243141174e-02,-7.648468762636184692e-02,-1.288284957408905029e-01
-1.356444042176008224e-02,-1.665620133280754089e-02,6.380428671836853027e-01,6.551887094974517822e-02,1.697872765362262726e-02,-8.677188158035278320e-01,4.924257099628448486e-01,-7.066126465797424316e-01,-7.739266753196716309e-02,-1.615363871678709984e-03,1.004730224609375000e+00,-3.423617482185363770e-01,7.386061362922191620e-03,-6.793485283851623535e-01,-2.944679697975516319e-03,7.505356334149837494e-03,9.392913579940795898e-01,-3.415466547012329102e-01,7.316579669713973999e-02,-4.737862944602966309e-02,6.006504222750663757e-02,3.224213123321533203e-01,-5.964328721165657043e-02,4.402298629283905029e-01,-8.465922623872756958e-02,7.096379399299621582e-01,-1.240101829171180725e-01,-1.988464444875717163e-01,2.739063203334808350e-01,1.670115441083908081e-02,-4.916698932647705078e-01,1.279479861259460449e-01,1.095763444900512695e+00,-5.588675662875175476e-02,-8.312914520502090454e-02,-1.458060294389724731e-01
-1.331806648522615433e-02,-1.643569581210613251e-02,6.358978152275085449e-01,6.967398524284362793e-02,1.589540578424930573e-02,-8.673215508460998535e-01,4.925913214683532715e-01,-7.677039504051208496e-01,-8.671359717845916748e-02,-1.375478459522128105e-03,1.066867947578430176e+00,-3.373562693595886230e-01,6.491860840469598770e-03,-7.364788651466369629e-01,-5.500006489455699921e-03,9.010855108499526978e-03,9.952739477157592773e-01,-3.393424749374389648e-01,8.297336101531982422e-02,-5.824009701609611511e-02,6.239523366093635559e-02,3.723452091217041016e-01,-6.586447358131408691e-02,4.492761194705963135e-01,-9.301853924989700317e-02,5.977191329002380371e-01,-1.298093795776367188e-01,-2.258025705814361572e-01,3.045029342174530029e-01,1.938415877521038055e-02,-5.090245008468627930e-01,1.426501572132110596e-01,1.034328460693359375e+00,-6.649649143218994141e-02,-9.242664277553558350e-02,-1.640764176845550537e-01
-1.317847426980733871e-02,-1.635351404547691345e-02,6.341979503631591797e-01,7.253237813711166382e-02,1.428517233580350876e-02,-8.671764135360717773e-01,4.924834966659545898e-01,-8.238298296928405762e-01,-9.517188370227813721e-02,-7.496683974750339985e-04,1.126970291137695312e+00,-3.326273858547210693e-01,5.732571706175804138e-03,-7.882866859436035156e-01,-6.947339512407779694e-03,1.061775162816047668e-02,1.047519087791442871e+00,-3.360851407051086426e-01,9.242655336856842041e-02,-6.814164668321609497e-02,6.354070454835891724e-02,4.221493303775787354e-01,-7.111269980669021606e-02,4.581958651542663574e-01,-1.035651341080665588e-01,4.899466037750244141e-01,-1.330620944499969482e-01,-2.568065524101257324e-01,3.330947160720825195e-01,2.487329952418804169e-02,-5.249431729316711426e-01,1.579426527023315430e-01,9.753368496894836426e-01,-7.843709737062454224e-02,-1.041620448231697083e-01,-1.837965995073318481e-01
-1.299786753952503204e-02,-1.626394316554069519e-02,6.328226327896118164e-01,7.549823820590972900e-02,1.255176868289709091e-02,-8.667782545089721680e-01,4.927859306335449219e-01,-8.794366717338562012e-01,-1.045838370919227600e-01,1.322065800195559859e-04,1.185391426086425781e+00,-3.267880678176879883e-01,5.339435301721096039e-03,-8.391214609146118164e-01,-9.164663963019847870e-03,1.208278816193342209e-02,1.097839474678039551e+00,-3.320493698120117188e-01,1.018963158130645752e-01,-7.999056577682495117e-02,6.372445076704025269e-02,4.748118221759796143e-01,-7.821052521467208862e-02,4.664385616779327393e-01,-1.119050458073616028e-01,3.781625628471374512e-01,-1.361802071332931519e-01,-2.852813601493835449e-01,3.608021736145019531e-01,2.738322690129280090e-02,-5.423766970634460449e-01,1.715742349624633789e-01,9.139134287834167480e-01,-9.058895707130432129e-02,-1.138057112693786621e-01,-2.015846818685531616e-01
-1.290028076618909836e-02,-1.632083021104335785e-02,6.316242814064025879e-01,8.419691771268844604e-02,1.365119870752096176e-02,-8.656328916549682617e-01,4.933601915836334229e-01,-9.485324621200561523e-01,-1.149352863430976868e-01,1.832830719649791718e-03,1.240736842155456543e+00,-3.172906935214996338e-01,5.138054024428129196e-03,-9.033172726631164551e-01,-1.231471635401248932e-02,1.395304314792156219e-02,1.145446777343750000e+00,-3.248614966869354248e-01,1.113535165786743164e-01,-9.206151217222213745e-02,6.338155269622802734e-02,5.089174509048461914e-01,-7.863223552703857422e-02,4.740367233753204346e-01,-1.227786019444465637e-01,2.655394375324249268e-01,-1.386070251464843750e-01,-3.136323690414428711e-01,3.871423304080963135e-01,3.640284761786460876e-02,-5.600993633270263672e-01,1.871046721935272217e-01,8.519157171249389648e-01,-1.028332337737083435e-01,-1.232631430029869080e-01,-2.187255322933197021e-01
-1.291103754192590714e-02,-1.655557565391063690e-02,6.305077672004699707e-01,9.995821863412857056e-02,1.830753497779369354e-02,-8.634528517723083496e-01,4.940873682498931885e-01,-1.034524321556091309e+00,-1.259845495223999023e-01,4.633706528693437576e-03,1.292611241340637207e+00,-3.034481704235076904e-01,4.966993816196918488e-03,-9.843374490737915039e-01,-1.623194292187690735e-02,1.654604449868202209e-02,1.190012335777282715e+00,-3.137791156768798828e-01,1.207599639892578125e-01,-1.037849783897399902e-01,6.329115480184555054e-02,5.199986100196838379e-01,-7.277555763721466064e-02,4.807257354259490967e-01,-1.363867521286010742e-01,1.526297926902770996e-01,-1.402906477451324463e-01,-3.421472609043121338e-01,4.122110605239868164e-01,5.187748745083808899e-02,-5.778646469116210938e-01,2.041956633329391479e-01,7.894384264945983887e-01,-1.153879389166831970e-01,-1.326396763324737549e-01,-2.355500161647796631e-01
-1.299024280160665512e-02,-1.690269261598587036e-02,6.295320987701416016e-01,1.187379583716392517e-01,2.443441003561019897e-02,-8.605050444602966309e-01,4.948083758354187012e-01,-1.127209782600402832e+00,-1.371412277221679688e-01,8.458096534013748169e-03,1.342243671417236328e+00,-2.876244187355041504e-01,4.856314975768327713e-03,-1.071931600570678711e+00,-2.029982954263687134e-02,1.978965848684310913e-02,1.232287526130676270e+00,-3.007174730300903320e-01,1.300105303525924683e-01,-1.156152859330177307e-01,6.335111707448959351e-02,5.199999809265136719e-01,-6.610416620969772339e-02,4.862201511859893799e-01,-1.512386202812194824e-01,4.137024655938148499e-02,-1.416906863451004028e-01,-3.700022101402282715e-01,4.355551302433013916e-01,6.829342246055603027e-02,-5.958063006401062012e-01,2.219996601343154907e-01,7.281638979911804199e-01,-1.283358782529830933e-01,-1.413158476352691650e-01,-2.512278556823730469e-01
-1.305188704282045364e-02,-1.724423281848430634e-02,6.286730766296386719e-01,1.374874860048294067e-01,3.051346540451049805e-02,-8.571648001670837402e-01,4.954135417938232422e-01,-1.219605088233947754e+00,-1.478425860404968262e-01,1.315670926123857498e-02,1.391440987586975098e+00,-2.717642486095428467e-01,4.877257160842418671e-03,-1.159046292304992676e+00,-2.394694462418556213e-02,2.345539815723896027e-02,1.273655056953430176e+00,-2.872656881809234619e-01,1.390338987112045288e-01,-1.278367340564727783e-01,6.331147998571395874e-02,5.199999809265136719e-01,-6.062989681959152222e-02,4.906736016273498535e-01,-1.663983613252639771e-01,-6.873302906751632690e-02,-1.433971524238586426e-01,-3.977256119251251221e-01,4.573365151882171631e-01,8.358049392700195312e-02,-6.141960024833679199e-01,2.396825850009918213e-01,6.675724387168884277e-01,-1.412303447723388672e-01,-1.498232930898666382e-01,-2.658587992191314697e-01
-1.310043036937713623e-02,-1.758666709065437317e-02,6.279096007347106934e-01,1.559454202651977539e-01,3.640177845954895020e-02,-8.535335063934326172e-01,4.958190321922302246e-01,-1.311122179031372070e+00,-1.577824205160140991e-01,1.876392588019371033e-02,1.440658807754516602e+00,-2.563306093215942383e-01,5.078454501926898956e-03,-1.245148658752441406e+00,-2.692203409969806671e-02,2.753108367323875427e-02,1.314509391784667969e+00,-2.737522721290588379e-01,1.478026360273361206e-01,-1.402722299098968506e-01,6.306995451450347900e-02,5.199999809265136719e-01,-5.569603294134140015e-02,4.940255880355834961e-01,-1.821573525667190552e-01,-1.775769740343093872e-01,-1.457216739654541016e-01,-4.254178404808044434e-01,4.776796698570251465e-01,9.828318655490875244e-02,-6.329906582832336426e-01,2.575266063213348389e-01,6.077220439910888672e-01,-1.538919955492019653e-01,-1.582704633474349976e-01,-2.794785499572753906e-01
-2.241287566721439362e-02,-2.792147919535636902e-02,6.266034245491027832e-01,1.623422354459762573e-01,3.476360067725181580e-02,-8.511754274368286133e-01,4.979325532913208008e-01,-1.331691145896911621e+00,-1.619483977556228638e-01,1.124712266027927399e-02,1.393963098526000977e+00,-2.705577909946441650e-01,6.543108727782964706e-03,-1.253795027732849121e+00,-3.823171928524971008e-02,1.911473646759986877e-02,1.372868776321411133e+00,-2.983773648738861084e-01,1.328115314245223999e-01,-1.319124847650527954e-01,6.219572201371192932e-02,5.199999809265136719e-01,-6.448121368885040283e-02,4.920048713684082031e-01,-1.786992996931076050e-01,-2.042422741651535034e-01,-1.398681700229644775e-01,-4.262167215347290039e-01,4.842309355735778809e-01,8.487474173307418823e-02,-6.230761408805847168e-01,2.799991071224212646e-01,6.150861978530883789e-01,-1.738656759262084961e-01,-1.500482857227325439e-01,-2.817490398883819580e-01
-3.375960886478424072e-02,-4.105341807007789612e-02,6.256937384605407715e-01,1.658513247966766357e-01,3.270278126001358032e-02,-8.491781949996948242e-01,5.003201365470886230e-01,-1.306722521781921387e+00,-1.649726778268814087e-01,1.153158210217952728e-02,1.307920336723327637e+00,-2.914786040782928467e-01,1.398291531950235367e-02,-1.257530927658081055e+00,-5.366403982043266296e-02,1.743159256875514984e-03,1.444793820381164551e+00,-3.013493716716766357e-01,1.196723282337188721e-01,-1.323280781507492065e-01,5.957669764757156372e-02,5.199999809265136719e-01,-8.110340684652328491e-02,4.978712797164916992e-01,-1.788025200366973877e-01,-2.138209193944931030e-01,-1.146016493439674377e-01,-4.335407316684722900e-01,4.843825697898864746e-01,5.831437557935714722e-02,-6.030973196029663086e-01,3.148700892925262451e-01,6.423711776733398438e-01,-1.876149922609329224e-01,-1.544645577669143677e-01,-2.776923179626464844e-01
-4.686679318547248840e-02,-5.677888169884681702e-02,6.259192824363708496e-01,1.632385402917861938e-01,3.649327158927917480e-02,-8.464213609695434570e-01,5.055614113807678223e-01,-1.280412077903747559e+00,-1.638411581516265869e-01,1.691636815667152405e-02,1.266883373260498047e+00,-3.145030140876770020e-01,4.008556157350540161e-02,-1.280001997947692871e+00,-4.435583204030990601e-02,-1.382360327988862991e-02,1.535409092903137207e+00,-1.983019262552261353e-01,1.638106703758239746e-01,-1.423607915639877319e-01,5.799614638090133667e-02,5.199999809265136719e-01,-1.054848358035087585e-01,5.055873394012451172e-01,-1.838745474815368652e-01,-2.262216508388519287e-01,-8.923868089914321899e-02,-4.407668411731719971e-01,4.954777657985687256e-01,5.002777278423309326e-02,-5.920962691307067871e-01,3.442496657371520996e-01,6.361606121063232422e-01,-2.048105746507644653e-01,-1.544989347457885742e-01,-2.676102221012115479e-01
-6.131444871425628662e-02,-7.497721165418624878e-02,6.304667592048645020e-01,1.656073033809661865e-01,3.996787965297698975e-02,-8.459044098854064941e-01,5.053933858871459961e-01,-1.254434108734130859e+00,-1.614394187927246094e-01,1.015792600810527802e-02,1.274945616722106934e+00,-3.551437854766845703e-01,5.846193432807922363e-02,-1.329230546951293945e+00,-4.189679026603698730e-02,-3.005000203847885132e-02,1.615754485130310059e+00,-1.631478816270828247e-01,1.811666190624237061e-01,-1.469285041093826294e-01,5.870670825242996216e-02,5.199999809265136719e-01,-1.269418448209762573e-01,5.213379263877868652e-01,-1.839601099491119385e-01,-2.442465871572494507e-01,-5.625781416893005371e-02,-4.444058239459991455e-01,5.194326043128967285e-01,4.646099358797073364e-02,-5.925211310386657715e-01,3.586354553699493408e-01,6.057510972023010254e-01,-2.147202938795089722e-01,-1.665036231279373169e-01,-2.588257789611816406e-01
-7.690668106079101562e-02,-9.539312869310379028e-02,6.386458873748779297e-01,1.687244176864624023e-01,5.025151744484901428e-02,-8.456693291664123535e-01,5.038355588912963867e-01,-1.221390962600708008e+00,-1.492576003074645996e-01,-3.461355110630393028e-03,1.287961363792419434e+00,-4.129821360111236572e-01,7.415689527988433838e-02,-1.380557656288146973e+00,-6.122274324297904968e-02,-4.837986454367637634e-02,1.639649748802185059e+00,-1.764495670795440674e-01,1.711406260728836060e-01,-1.522787362337112427e-01,6.402222812175750732e-02,5.199999809265136719e-01,-1.382823437452316284e-01,5.375136733055114746e-01,-1.844258606433868408e-01,-2.520133256912231445e-01,-2.725345455110073090e-02,-4.436788260936737061e-01,5.324919223785400391e-01,4.151665791869163513e-02,-5.944734811782836914e-01,3.570460379123687744e-01,5.539226531982421875e-01,-2.341300994157791138e-01,-1.750219464302062988e-01,-2.587583363056182861e-01
-9.349495172500610352e-02,-1.172971725463867188e-01,6.460928916931152344e-01,1.704399436712265015e-01,5.927408486604690552e-02,-8.470190763473510742e-01,4.999955296516418457e-01,-1.189583539962768555e+00,-1.299730390310287476e-01,-1.348636392503976822e-02,1.314908385276794434e+00,-4.442497491836547852e-01,6.845275312662124634e-02,-1.398111224174499512e+00,-8.153359591960906982e-02,-6.751236319541931152e-02,1.544994950294494629e+00,-2.342174649238586426e-01,1.420812159776687622e-01,-1.514908969402313232e-01,7.571142911911010742e-02,5.199999809265136719e-01,-1.422916948795318604e-01,5.553442835807800293e-01,-1.838748157024383545e-01,-2.208308875560760498e-01,-1.140860654413700104e-02,-4.449359178543090820e-01,5.319692492485046387e-01,1.643679477274417877e-02,-6.144601106643676758e-01,3.521683812141418457e-01,5.007721185684204102e-01,-2.547318637371063232e-01,-1.789188832044601440e-01,-2.709570527076721191e-01
-1.112041398882865906e-01,-1.401448398828506470e-01,6.530336737632751465e-01,1.732802987098693848e-01,6.219922751188278198e-02,-8.497378826141357422e-01,4.940148890018463135e-01,-1.159646272659301758e+00,-1.225420683622360229e-01,-2.160352654755115509e-02,1.359451413154602051e+00,-4.393091201782226562e-01,4.359553009271621704e-02,-1.365135431289672852e+00,-8.423169702291488647e-02,-7.738199084997177124e-02,1.400251746177673340e+00,-2.858067452907562256e-01,1.188582628965377808e-01,-1.472884863615036011e-01,9.320125728845596313e-02,5.199999809265136719e-01,-1.250438690185546875e-01,5.524565577507019043e-01,-1.803163886070251465e-01,-1.491345167160034180e-01,-7.356026209890842438e-03,-4.441934525966644287e-01,5.125983357429504395e-01,-3.823672980070114136e-02,-6.320238113403320312e-01,3.530599176883697510e-01,4.707270562648773193e-01,-2.675062716007232666e-01,-1.782289892435073853e-01,-2.935857772827148438e-01
-1.296046227216720581e-01,-1.634629964828491211e-01,6.554561853408813477e-01,1.707163602113723755e-01,6.001804023981094360e-02,-8.509591817855834961e-01,4.930742979049682617e-01,-1.143773674964904785e+00,-1.103062480688095093e-01,-1.710870862007141113e-02,1.430109143257141113e+00,-3.361923694610595703e-01,1.100659486837685108e-03,-1.309658527374267578e+00,-7.355370372533798218e-02,-6.823381036520004272e-02,1.291566848754882812e+00,-3.318227231502532959e-01,9.534096717834472656e-02,-1.372154653072357178e-01,1.025454849004745483e-01,5.199999809265136719e-01,-7.993057370185852051e-02,5.400114655494689941e-01,-1.717009395360946655e-01,-6.012557819485664368e-02,-1.536144595593214035e-02,-4.334086179733276367e-01,4.889811277389526367e-01,-1.152286753058433533e-01,-6.373646259307861328e-01,3.594242334365844727e-01,4.515111446380615234e-01,-2.757984399795532227e-01,-1.765768080949783325e-01,-3.182782232761383057e-01
-1.488859355449676514e-01,-1.874783188104629517e-01,6.537188291549682617e-01,1.693460494279861450e-01,5.931882187724113464e-02,-8.508251905441284180e-01,4.938619732856750488e-01,-1.158934712409973145e+00,-7.880135625600814819e-02,-1.406602328643202782e-03,1.514051318168640137e+00,-2.676881253719329834e-01,1.724455854855477810e-03,-1.256849884986877441e+00,-7.296414673328399658e-02,-6.885653734207153320e-02,1.286617755889892578e+00,-3.911411464214324951e-01,5.437551811337471008e-02,-1.265471428632736206e-01,1.021164953708648682e-01,5.199999809265136719e-01,-1.131474599242210388e-02,5.236777663230895996e-01,-1.694698929786682129e-01,5.319872125983238220e-02,-2.754005789756774902e-02,-4.069579839706420898e-01,4.683868587017059326e-01,-1.953009814023971558e-01,-6.491745710372924805e-01,3.658313751220703125e-01,3.738793134689331055e-01,-2.863226830959320068e-01,-1.753467321395874023e-01,-3.619810938835144043e-01
-1.691434681415557861e-01,-2.126382142305374146e-01,6.488919258117675781e-01,1.684349775314331055e-01,5.889962241053581238e-02,-8.543407320976257324e-01,4.881213009357452393e-01,-1.190892577171325684e+00,-4.517484456300735474e-02,1.203576009720563889e-02,1.574537038803100586e+00,-2.465460896492004395e-01,2.686931379139423370e-02,-1.210168123245239258e+00,-5.627240985631942749e-02,-5.987237021327018738e-02,1.310954928398132324e+00,-4.874228537082672119e-01,2.174302935600280762e-02,-1.113793849945068359e-01,9.870926290750503540e-02,5.148595571517944336e-01,6.953723728656768799e-02,5.073819756507873535e-01,-1.606653183698654175e-01,1.484579741954803467e-01,-3.667289391160011292e-02,-3.818142712116241455e-01,4.489970207214355469e-01,-2.729870975017547607e-01,-6.680890321731567383e-01,3.631800115108489990e-01,2.464841604232788086e-01,-3.029328286647796631e-01,-1.823286116123199463e-01,-4.113795161247253418e-01
-1.901351511478424072e-01,-2.388352751731872559e-01,6.563010811805725098e-01,1.687952280044555664e-01,5.211774632334709167e-02,-8.573171496391296387e-01,4.835279285907745361e-01,-1.227598309516906738e+00,3.537637821864336729e-04,3.440276160836219788e-02,1.586640596389770508e+00,-2.632095217704772949e-01,6.428568065166473389e-02,-1.139690637588500977e+00,-5.716722086071968079e-02,-6.237372010946273804e-02,1.319365501403808594e+00,-5.535609722137451172e-01,-7.255981909111142159e-04,-9.124155342578887939e-02,9.181967377662658691e-02,5.081039071083068848e-01,1.532347947359085083e-01,5.005170702934265137e-01,-1.590614467859268188e-01,2.158146947622299194e-01,-5.178235471248626709e-02,-3.702436387538909912e-01,4.094951152801513672e-01,-3.565317690372467041e-01,-6.940318346023559570e-01,3.462233245372772217e-01,1.011105179786682129e-01,-3.139191269874572754e-01,-1.854259222745895386e-01,-4.525287151336669922e-01
-2.113497108221054077e-01,-2.666644454002380371e-01,6.672289371490478516e-01,1.665310263633728027e-01,4.430290684103965759e-02,-8.618450760841369629e-01,4.769986569881439209e-01,-1.245497226715087891e+00,2.757441811263561249e-02,6.157774850726127625e-02,1.513427734375000000e+00,-2.804755866527557373e-01,8.761925995349884033e-02,-1.052604675292968750e+00,-5.587370321154594421e-02,-6.041925400495529175e-02,1.306471347808837891e+00,-5.872701406478881836e-01,1.887188525870442390e-03,-6.726939976215362549e-02,7.840434461832046509e-02,5.044576525688171387e-01,2.248362600803375244e-01,4.991120100021362305e-01,-1.481678038835525513e-01,2.403306066989898682e-01,-6.433401256799697876e-02,-3.700929284095764160e-01,3.612602651119232178e-01,-4.209036827087402344e-01,-7.112618684768676758e-01,3.304001390933990479e-01,-1.564281061291694641e-02,-3.036384880542755127e-01,-1.820489168167114258e-01,-4.701128005981445312e-01
-2.323407232761383057e-01,-2.960606515407562256e-01,6.827508807182312012e-01,1.653191745281219482e-01,3.906377032399177551e-02,-8.657191991806030273e-01,4.708225131034851074e-01,-1.236453890800476074e+00,2.344665676355361938e-02,8.608795702457427979e-02,1.373003959655761719e+00,-2.819842398166656494e-01,9.104835987091064453e-02,-9.600744843482971191e-01,-4.889966174960136414e-02,-4.826994240283966064e-02,1.271693229675292969e+00,-5.766212344169616699e-01,3.207467496395111084e-02,-4.060147330164909363e-02,6.061626225709915161e-02,5.031786561012268066e-01,2.712766528129577637e-01,5.035691261291503906e-01,-1.465447694063186646e-01,2.312401533126831055e-01,-6.746308505535125732e-02,-3.786906898021697998e-01,3.333328366279602051e-01,-4.495886862277984619e-01,-7.113372683525085449e-01,3.235022723674774170e-01,-6.685941666364669800e-02,-2.642755806446075439e-01,-1.834072917699813843e-01,-4.707203507423400879e-01
-2.529268264770507812e-01,-3.263576626777648926e-01,6.998014450073242188e-01,1.686056703329086304e-01,3.869967907667160034e-02,-8.648170232772827148e-01,4.713448584079742432e-01,-1.206909656524658203e+00,9.447866614209488034e-05,1.186577752232551575e-01,1.192993879318237305e+00,-2.623242139816284180e-01,7.810854911804199219e-02,-8.631549477577209473e-01,-3.841512650251388550e-02,-2.841091342270374298e-02,1.222129940986633301e+00,-5.592229962348937988e-01,7.482039183378219604e-02,-1.829281635582447052e-02,4.153470322489738464e-02,4.999546408653259277e-01,3.014538586139678955e-01,5.095633864402770996e-01,-1.469706445932388306e-01,2.032299637794494629e-01,-4.688557982444763184e-02,-4.002983272075653076e-01,3.161402046680450439e-01,-4.376960396766662598e-01,-6.975054144859313965e-01,3.207537531852722168e-01,-8.198590576648712158e-02,-2.172040790319442749e-01,-1.934933960437774658e-01,-4.481270611286163330e-01
-2.724353075027465820e-01,-3.568885922431945801e-01,7.105852961540222168e-01,1.695949584245681763e-01,4.225848615169525146e-02,-8.624162077903747559e-01,4.750685095787048340e-01,-1.150047063827514648e+00,-3.954384103417396545e-02,1.435818374156951904e-01,1.009881138801574707e+00,-2.408238500356674194e-01,6.129826605319976807e-02,-7.728410959243774414e-01,-3.788643702864646912e-02,-2.695056609809398651e-02,1.193080902099609375e+00,-4.713787138462066650e-01,1.293530017137527466e-01,-3.315842011943459511e-03,2.651800215244293213e-02,4.951469898223876953e-01,3.035529255867004395e-01,5.126345753669738770e-01,-1.512637287378311157e-01,1.761362701654434204e-01,-2.926890738308429718e-02,-4.189528524875640869e-01,3.190139830112457275e-01,-3.940773010253906250e-01,-6.793799400329589844e-01,3.250234425067901611e-01,-5.597589537501335144e-02,-1.807757616043090820e-01,-2.033368200063705444e-01,-4.179760515689849854e-01
-2.906137108802795410e-01,-3.872106671333312988e-01,7.164243459701538086e-01,1.676478534936904907e-01,4.629685357213020325e-02,-8.598738908767700195e-01,4.799663126468658447e-01,-1.078774213790893555e+00,-7.286231219768524170e-02,1.695534437894821167e-01,8.697674274444580078e-01,-2.284261882305145264e-01,5.993693694472312927e-02,-7.114704847335815430e-01,-4.613791406154632568e-02,-3.665828704833984375e-02,1.202447891235351562e+00,-3.314794600009918213e-01,1.794688999652862549e-01,4.482996300794184208e-04,1.435151137411594391e-02,4.836321771144866943e-01,2.820270657539367676e-01,5.201975703239440918e-01,-1.592913866043090820e-01,1.553210616111755371e-01,-4.556073341518640518e-03,-4.240126311779022217e-01,3.303786218166351318e-01,-3.348526060581207275e-01,-6.611272692680358887e-01,3.413730859756469727e-01,1.378960814327001572e-02,-1.570740789175033569e-01,-2.076287567615509033e-01,-3.797939121723175049e-01
-3.077353239059448242e-01,-4.171079993247985840e-01,7.159391641616821289e-01,1.630503833293914795e-01,4.811178892850875854e-02,-8.542131781578063965e-01,4.913447201251983643e-01,-1.013663887977600098e+00,-1.107406094670295715e-01,1.768047809600830078e-01,7.934631109237670898e-01,-2.538883686065673828e-01,7.476004213094711304e-02,-6.923556923866271973e-01,-3.883620724081993103e-02,-2.511045150458812714e-02,1.255983829498291016e+00,-2.438375353813171387e-01,2.149257510900497437e-01,-4.728006199002265930e-03,1.401396701112389565e-03,4.699828624725341797e-01,2.293922901153564453e-01,5.267612338066101074e-01,-1.668843328952789307e-01,1.386905610561370850e-01,2.890290692448616028e-02,-4.273531436920166016e-01,3.565517067909240723e-01,-2.549929618835449219e-01,-6.331462264060974121e-01,3.696071505546569824e-01,1.390722543001174927e-01,-1.374992728233337402e-01,-1.986971348524093628e-01,-3.348996043205261230e-01
-3.240285217761993408e-01,-4.465918540954589844e-01,7.079836726188659668e-01,1.559451669454574585e-01,4.748628288507461548e-02,-8.492506146430969238e-01,5.021947026252746582e-01,-9.789328575134277344e-01,-1.340614706277847290e-01,1.670614629983901978e-01,8.404671549797058105e-01,-3.110546767711639404e-01,1.140309348702430725e-01,-7.104901075363159180e-01,-2.678114734590053558e-02,-1.338581461459398270e-02,1.356415033340454102e+00,-1.765524744987487793e-01,2.428343743085861206e-01,-1.401790883392095566e-02,-1.400924287736415863e-02,4.635049700736999512e-01,1.478128582239151001e-01,5.401149988174438477e-01,-1.790017634630203247e-01,1.213279888033866882e-01,7.090064883232116699e-02,-4.208488762378692627e-01,3.866784572601318359e-01,-1.800091862678527832e-01,-5.922460556030273438e-01,3.958523869514465332e-01,3.082941770553588867e-01,-1.412926912307739258e-01,-1.714690774679183960e-01,-2.935525774955749512e-01
-3.395509123802185059e-01,-4.756258726119995117e-01,6.968501806259155273e-01,1.468033045530319214e-01,4.579390585422515869e-02,-8.419858217239379883e-01,5.171185135841369629e-01,-9.648327827453613281e-01,-1.520217359066009521e-01,1.459547728300094604e-01,9.178377389907836914e-01,-4.030126929283142090e-01,1.655305474996566772e-01,-7.666037082672119141e-01,-1.615291088819503784e-02,-2.038286300376057625e-03,1.490807056427001953e+00,-1.250404715538024902e-01,2.597786486148834229e-01,-3.027579188346862793e-02,-2.286746911704540253e-02,4.569475352764129639e-01,3.472630679607391357e-02,5.553017258644104004e-01,-1.945933103561401367e-01,1.043826192617416382e-01,1.045597121119499207e-01,-4.079542160034179688e-01,4.154629111289978027e-01,-1.161990687251091003e-01,-5.430545210838317871e-01,4.153093397617340088e-01,5.147357583045959473e-01,-1.384376138448715210e-01,-1.424762308597564697e-01,-2.590226531028747559e-01
-3.541433513164520264e-01,-5.048166513442993164e-01,6.875121593475341797e-01,1.358030140399932861e-01,4.496605694293975830e-02,-8.380036950111389160e-01,5.265790224075317383e-01,-9.490920305252075195e-01,-1.598522216081619263e-01,1.252802759408950806e-01,1.009527921676635742e+00,-4.997872114181518555e-01,2.042633742094039917e-01,-8.599992990493774414e-01,-1.227599009871482849e-02,3.881247946992516518e-03,1.632452368736267090e+00,-1.265939176082611084e-01,2.458516210317611694e-01,-4.515730217099189758e-02,-2.531046979129314423e-02,4.544912576675415039e-01,-1.237787157297134399e-01,5.714979171752929688e-01,-2.352231293916702271e-01,7.439117878675460815e-02,1.394210904836654663e-01,-3.993967771530151367e-01,4.413776695728302002e-01,-6.638647615909576416e-02,-4.879401922225952148e-01,4.342283010482788086e-01,7.593911290168762207e-01,-1.521225422620773315e-01,-1.135798245668411255e-01,-2.239843010902404785e-01
-3.683698475360870361e-01,-5.349573493003845215e-01,6.843749284744262695e-01,1.269265115261077881e-01,4.982112348079681396e-02,-8.334757089614868164e-01,5.354678034782409668e-01,-9.194001555442810059e-01,-1.635560691356658936e-01,1.047916859388351440e-01,1.085087418556213379e+00,-5.728513002395629883e-01,2.187143266201019287e-01,-9.651617407798767090e-01,-9.683496318757534027e-03,1.037713419646024704e-02,1.728868961334228516e+00,-1.477821171283721924e-01,2.165273129940032959e-01,-6.073347479104995728e-02,-2.018489316105842590e-02,4.525988698005676270e-01,-2.853152155876159668e-01,5.779201984405517578e-01,-2.708512544631958008e-01,5.642729997634887695e-02,1.720224469900131226e-01,-3.870925307273864746e-01,4.827908873558044434e-01,-1.571178063750267029e-02,-4.728940725326538086e-01,4.208222925662994385e-01,9.053460955619812012e-01,-1.735033690929412842e-01,-1.088641285896301270e-01,-1.924565583467483521e-01
-3.823420405387878418e-01,-5.668357014656066895e-01,6.852325201034545898e-01,1.177633926272392273e-01,5.337482690811157227e-02,-8.295295834541320801e-01,5.432895421981811523e-01,-8.665826916694641113e-01,-1.618819981813430786e-01,9.144909679889678955e-02,1.128055095672607422e+00,-6.215671896934509277e-01,2.198683768510818481e-01,-1.069837808609008789e+00,-2.708663232624530792e-02,5.408298224210739136e-03,1.754897832870483398e+00,-1.898915469646453857e-01,1.690228134393692017e-01,-7.571715116500854492e-02,-1.010790653526782990e-02,4.455199837684631348e-01,-4.365697205066680908e-01,5.899717211723327637e-01,-3.046905994415283203e-01,3.172538802027702332e-02,1.967739611864089966e-01,-3.762997090816497803e-01,5.093147754669189453e-01,3.812555596232414246e-02,-4.858057200908660889e-01,3.832152485847473145e-01,9.826495647430419922e-01,-1.849234104156494141e-01,-1.122276932001113892e-01,-1.622273921966552734e-01
-3.969459831714630127e-01,-6.005069613456726074e-01,6.929422020912170410e-01,1.095127984881401062e-01,5.955661833286285400e-02,-8.257749676704406738e-01,5.500506162643432617e-01,-7.925933003425598145e-01,-1.522659361362457275e-01,7.419129461050033569e-02,1.126686930656433105e+00,-6.377530694007873535e-01,2.093774676322937012e-01,-1.162359714508056641e+00,-5.534061789512634277e-02,-1.928056776523590088e-02,1.689605474472045898e+00,-2.273574024438858032e-01,1.283839941024780273e-01,-9.799095988273620605e-02,9.269872680306434631e-04,4.434612691402435303e-01,-5.951824784278869629e-01,6.122433543205261230e-01,-3.407640457153320312e-01,9.411684237420558929e-03,2.367378175258636475e-01,-3.675996363162994385e-01,5.330296754837036133e-01,8.812597393989562988e-02,-5.175485014915466309e-01,3.311314284801483154e-01,1.017819166183471680e+00,-1.895635277032852173e-01,-1.193422824144363403e-01,-1.316287815570831299e-01
-4.127802550792694092e-01,-6.361540555953979492e-01,7.052408456802368164e-01,1.039852425456047058e-01,6.282830238342285156e-02,-8.198565244674682617e-01,5.595309734344482422e-01,-7.030164599418640137e-01,-1.390186846256256104e-01,7.155168801546096802e-02,1.087617039680480957e+00,-6.101360321044921875e-01,1.819408386945724487e-01,-1.225319623947143555e+00,-8.925212174654006958e-02,-6.590997427701950073e-02,1.559482336044311523e+00,-2.443365156650543213e-01,1.171181946992874146e-01,-1.282969415187835693e-01,1.152637787163257599e-02,4.406352937221527100e-01,-7.303430438041687012e-01,6.510885953903198242e-01,-3.769715130329132080e-01,-2.002054639160633087e-02,2.765724956989288330e-01,-3.691980838775634766e-01,5.565845966339111328e-01,1.344769001007080078e-01,-5.591427683830261230e-01,2.793769240379333496e-01,1.032440662384033203e+00,-1.794236749410629272e-01,-1.247766464948654175e-01,-1.180319935083389282e-01
-4.297158122062683105e-01,-6.735324859619140625e-01,7.192645668983459473e-01,1.030573472380638123e-01,6.307688355445861816e-02,-8.150812983512878418e-01,5.666065216064453125e-01,-5.982325077056884766e-01,-1.552410870790481567e-01,2.886427380144596100e-02,1.014852404594421387e+00,-5.747497081756591797e-01,1.205475404858589172e-01,-1.246095776557922363e+00,-1.149585321545600891e-01,-1.296227723360061646e-01,1.377677321434020996e+00,-2.234878987073898315e-01,1.230668202042579651e-01,-1.484217643737792969e-01,2.174041979014873505e-02,4.364525079727172852e-01,-8.551939129829406738e-01,7.030372023582458496e-01,-4.161494076251983643e-01,-4.038538038730621338e-02,3.092156350612640381e-01,-3.697150349617004395e-01,5.668292045593261719e-01,1.782600730657577515e-01,-6.016343832015991211e-01,2.316645532846450806e-01,1.027056574821472168e+00,-1.709391474723815918e-01,-1.270181536674499512e-01,-1.020947769284248352e-01
-4.473766088485717773e-01,-7.121434807777404785e-01,7.353863716125488281e-01,1.039949879050254822e-01,6.264717876911163330e-02,-8.109519481658935547e-01,5.723785758018493652e-01,-4.888835847377777100e-01,-1.553770601749420166e-01,-2.103952690958976746e-03,9.344362616539001465e-01,-4.938853681087493896e-01,5.865541473031044006e-02,-1.230205178260803223e+00,-1.315651237964630127e-01,-2.031061202287673950e-01,1.159367442131042480e+00,-1.760706305503845215e-01,1.525766104459762573e-01,-1.619626581668853760e-01,3.079334646463394165e-02,4.225683510303497314e-01,-9.714125990867614746e-01,7.733103036880493164e-01,-4.747113585472106934e-01,-5.562423169612884521e-02,3.304588496685028076e-01,-3.775939941406250000e-01,5.637626647949218750e-01,2.102112621068954468e-01,-6.455091238021850586e-01,1.870180219411849976e-01,1.023153066635131836e+00,-1.638952791690826416e-01,-1.186267063021659851e-01,-9.083446860313415527e-02
-4.651703834533691406e-01,-7.514205574989318848e-01,7.504535317420959473e-01,1.078688204288482666e-01,6.113209575414657593e-02,-8.075858354568481445e-01,5.765694379806518555e-01,-3.983874022960662842e-01,-1.457076519727706909e-01,-9.576226584613323212e-03,8.638407588005065918e-01,-3.874336481094360352e-01,-1.187563640996813774e-03,-1.200593948364257812e+00,-1.428278833627700806e-01,-2.874250113964080811e-01,9.607913494110107422e-01,-9.678332507610321045e-02,1.869284063577651978e-01,-1.606519222259521484e-01,3.929525241255760193e-02,3.914482593536376953e-01,-1.096026420593261719e+00,8.567996621131896973e-01,-5.608444213867187500e-01,-4.921732097864151001e-02,3.310312330722808838e-01,-3.830102086067199707e-01,5.403379201889038086e-01,2.277380526065826416e-01,-6.894342303276062012e-01,1.516403555870056152e-01,1.024137973785400391e+00,-1.499072611331939697e-01,-1.016019433736801147e-01,-8.030435442924499512e-02
-4.829640686511993408e-01,-7.912758588790893555e-01,7.608403563499450684e-01,1.132822707295417786e-01,5.550558120012283325e-02,-8.051783442497253418e-01,5.794601440429687500e-01,-3.352862298488616943e-01,-1.383465975522994995e-01,-1.351268962025642395e-02,8.348281979560852051e-01,-2.984586954116821289e-01,-4.556853696703910828e-02,-1.168243527412414551e+00,-1.444218307733535767e-01,-3.600697815418243408e-01,8.398488759994506836e-01,-2.639647759497165680e-02,2.017468810081481934e-01,-1.445099413394927979e-01,4.827097430825233459e-02,3.579595685005187988e-01,-1.215177655220031738e+00,9.516643285751342773e-01,-6.825297474861145020e-01,-1.454248372465372086e-02,2.968570291996002197e-01,-3.817692995071411133e-01,4.861091077327728271e-01,2.303277552127838135e-01,-7.312294244766235352e-01,1.270624995231628418e-01,1.030610203742980957e+00,-1.164084598422050476e-01,-8.556987345218658447e-02,-7.452175021171569824e-02
-5.002101063728332520e-01,-8.326446413993835449e-01,7.625594139099121094e-01,1.167200431227684021e-01,5.012409016489982605e-02,-8.028244972229003906e-01,5.825262069702148438e-01,-2.882168889045715332e-01,-1.429943293333053589e-01,-2.638576738536357880e-02,8.521996736526489258e-01,-2.486395835876464844e-01,-6.314445286989212036e-02,-1.137637853622436523e+00,-1.588038802146911621e-01,-4.097238779067993164e-01,8.494405150413513184e-01,9.920034557580947876e-03,1.925457417964935303e-01,-1.265674084424972534e-01,6.131280586123466492e-02,3.253438174724578857e-01,-1.330517172813415527e+00,1.049036502838134766e+00,-8.253892064094543457e-01,6.496679037809371948e-02,2.388220131397247314e-01,-3.663778007030487061e-01,3.916767239570617676e-01,2.210302054882049561e-01,-7.787997722625732422e-01,1.138620451092720032e-01,1.036165475845336914e+00,-7.588509470224380493e-02,-6.578259915113449097e-02,-6.451474875211715698e-02
-5.164104700088500977e-01,-8.755649328231811523e-01,7.547763586044311523e-01,1.203243881464004517e-01,5.165907368063926697e-02,-8.000892996788024902e-01,5.854148268699645996e-01,-2.568865418434143066e-01,-1.432984322309494019e-01,-4.101601988077163696e-02,9.120240211486816406e-01,-2.520292103290557861e-01,-5.269763618707656860e-02,-1.115205883979797363e+00,-1.787925064563751221e-01,-4.286361634731292725e-01,9.649215340614318848e-01,-2.029271610081195831e-02,1.411623507738113403e-01,-1.056351587176322937e-01,8.839591592550277710e-02,2.876808643341064453e-01,-1.422830343246459961e+00,1.144744038581848145e+00,-9.656346440315246582e-01,2.051056176424026489e-01,1.665038168430328369e-01,-3.305862843990325928e-01,2.871381044387817383e-01,1.911707669496536255e-01,-8.352796435356140137e-01,1.108750775456428528e-01,1.041900277137756348e+00,-1.837803982198238373e-02,-5.392850562930107117e-02,-5.066421255469322205e-02
-5.315091609954833984e-01,-9.187113642692565918e-01,7.384585738182067871e-01,1.225830838084220886e-01,5.289306491613388062e-02,-8.015518188476562500e-01,5.828295946121215820e-01,-2.502112686634063721e-01,-1.285380125045776367e-01,-4.215760901570320129e-02,1.005757093429565430e+00,-2.787049710750579834e-01,-2.530773542821407318e-02,-1.106256484985351562e+00,-1.846649199724197388e-01,-4.192007184028625488e-01,1.113133549690246582e+00,-1.235113963484764099e-01,7.116193324327468872e-02,-8.132795989513397217e-02,1.160410642623901367e-01,2.607102096080780029e-01,-1.533791899681091309e+00,1.227351546287536621e+00,-1.105681061744689941e+00,4.281455874443054199e-01,8.587443083524703979e-02,-2.748003005981445312e-01,1.820219308137893677e-01,1.260109841823577881e-01,-8.904664516448974609e-01,1.257721781730651855e-01,1.036660194396972656e+00,5.424873158335685730e-02,-5.374775826930999756e-02,-4.966711252927780151e-02
-5.457805395126342773e-01,-9.622182846069335938e-01,7.191239595413208008e-01,1.256923973560333252e-01,5.945326387882232666e-02,-8.065032362937927246e-01,5.746471285820007324e-01,-2.781843543052673340e-01,-1.104603782296180725e-01,-3.391407057642936707e-02,1.112914085388183594e+00,-3.252996206283569336e-01,2.617866359651088715e-02,-1.110544919967651367e+00,-1.581569463014602661e-01,-3.844392299652099609e-01,1.234261751174926758e+00,-2.571567893028259277e-01,1.999067142605781555e-02,-4.976015910506248474e-02,1.369398236274719238e-01,2.338760793209075928e-01,-1.659537553787231445e+00,1.292893886566162109e+00,-1.232320189476013184e+00,6.842892765998840332e-01,2.059096284210681915e-02,-2.197955101728439331e-01,1.144186928868293762e-01,1.526984013617038727e-02,-9.382895231246948242e-01,1.615247726440429688e-01,1.016159176826477051e+00,1.364179849624633789e-01,-5.787709355354309082e-02,-7.113402336835861206e-02
-5.592046380043029785e-01,-1.006680250167846680e+00,7.053025364875793457e-01,1.327170878648757935e-01,6.637026369571685791e-02,-8.169055581092834473e-01,5.573567152023315430e-01,-3.413326144218444824e-01,-8.054251223802566528e-02,-1.632710569538176060e-03,1.223666667938232422e+00,-3.814330995082855225e-01,7.750850170850753784e-02,-1.105557560920715332e+00,-1.253637373447418213e-01,-3.518034219741821289e-01,1.310534596443176270e+00,-3.905958235263824463e-01,-1.240769028663635254e-02,-1.486500818282365799e-02,1.430132836103439331e-01,2.052195221185684204e-01,-1.793341875076293945e+00,1.345739364624023438e+00,-1.316478371620178223e+00,9.187326431274414062e-01,-9.354767389595508575e-03,-1.782765835523605347e-01,1.027904078364372253e-01,-1.356613934040069580e-01,-9.644309878349304199e-01,2.130395621061325073e-01,9.600943922996520996e-01,2.175282984972000122e-01,-7.185522466897964478e-02,-1.055575385689735413e-01
-5.716581940650939941e-01,-1.052301406860351562e+00,7.040006518363952637e-01,1.479468345642089844e-01,7.415951788425445557e-02,-8.316276073455810547e-01,5.301015377044677734e-01,-4.592757821083068848e-01,-4.986582696437835693e-02,4.663397371768951416e-02,1.360879898071289062e+00,-4.412953555583953857e-01,1.326798647642135620e-01,-1.077727913856506348e+00,-1.017283201217651367e-01,-3.310176432132720947e-01,1.336224913597106934e+00,-5.084164142608642578e-01,-2.455466613173484802e-02,3.245466202497482300e-02,1.427278816699981689e-01,1.632626950740814209e-01,-1.969962477684020996e+00,1.435130476951599121e+00,-1.399991393089294434e+00,1.137724280357360840e+00,-3.923848643898963928e-02,-1.562594324350357056e-01,9.948889166116714478e-02,-3.585736155509948730e-01,-1.014514446258544922e+00,3.067395985126495361e-01,8.551572561264038086e-01,3.278655111789703369e-01,-9.317306429147720337e-02,-1.411245763301849365e-01
-5.838891267776489258e-01,-1.099913716316223145e+00,7.090885639190673828e-01,1.612720638513565063e-01,7.416523247957229614e-02,-8.460235595703125000e-01,5.027275085449218750e-01,-5.908550620079040527e-01,-2.295424230396747589e-02,9.450341016054153442e-02,1.479244828224182129e+00,-5.045980215072631836e-01,1.830957382917404175e-01,-1.011898040771484375e+00,-9.375014901161193848e-02,-2.960335910320281982e-01,1.326778054237365723e+00,-6.278026103973388672e-01,-2.683731541037559509e-02,1.091762706637382507e-01,1.512391120195388794e-01,1.135233119130134583e-01,-2.061369419097900391e+00,1.536679506301879883e+00,-1.399999976158142090e+00,1.265734076499938965e+00,-6.314178556203842163e-02,-1.333228051662445068e-01,1.302407234907150269e-01,-5.429928898811340332e-01,-1.115568757057189941e+00,3.809556066989898682e-01,6.656950116157531738e-01,4.203587472438812256e-01,-1.412844508886337280e-01,-1.677955240011215210e-01
-5.968457460403442383e-01,-1.148628830909729004e+00,7.235045433044433594e-01,1.687553077936172485e-01,6.430900841951370239e-02,-8.596098423004150391e-01,4.779717028141021729e-01,-7.450141906738281250e-01,2.041269093751907349e-02,1.432401984930038452e-01,1.556031346321105957e+00,-5.465357303619384766e-01,2.201987802982330322e-01,-8.925036787986755371e-01,-1.118579730391502380e-01,-2.709130942821502686e-01,1.250437974929809570e+00,-7.192584872245788574e-01,-1.940280012786388397e-02,2.023680061101913452e-01,1.394280642271041870e-01,7.072450965642929077e-02,-2.118532180786132812e+00,1.631567478179931641e+00,-1.399999976158142090e+00,1.342584609985351562e+00,-1.017151921987533569e-01,-1.266360580921173096e-01,1.618895828723907471e-01,-7.290306687355041504e-01,-1.211614608764648438e+00,4.684521555900573730e-01,4.532659053802490234e-01,4.830912649631500244e-01,-2.001182436943054199e-01,-1.969918608665466309e-01
-6.111252307891845703e-01,-1.198620319366455078e+00,7.469859719276428223e-01,1.723055392503738403e-01,5.945621803402900696e-02,-8.702093362808227539e-01,4.577242136001586914e-01,-8.855386376380920410e-01,9.025875478982925415e-02,1.932830661535263062e-01,1.545938014984130859e+00,-5.653670430183410645e-01,2.363744229078292847e-01,-7.367287874221801758e-01,-1.157389581203460693e-01,-2.367060780525207520e-01,1.092903733253479004e+00,-7.414295673370361328e-01,2.025916613638401031e-02,2.803463935852050781e-01,1.139877513051033020e-01,5.811754986643791199e-02,-2.147057771682739258e+00,1.738169908523559570e+00,-1.399999976158142090e+00,1.386109471321105957e+00,-1.827708482742309570e-01,-1.403331607580184937e-01,1.965635269880294800e-01,-9.206423759460449219e-01,-1.266428709030151367e+00,5.733006000518798828e-01,2.655993998050689697e-01,5.261642336845397949e-01,-2.479466646909713745e-01,-2.527807652950286865e-01
-6.268146038055419922e-01,-1.250328302383422852e+00,7.703129053115844727e-01,1.710001528263092041e-01,5.458898842334747314e-02,-8.814571499824523926e-01,4.368206262588500977e-01,-9.650086164474487305e-01,1.836605221033096313e-01,2.621127068996429443e-01,1.403407692909240723e+00,-5.609578490257263184e-01,2.179700136184692383e-01,-5.514851212501525879e-01,-1.568242013454437256e-01,-2.531271874904632568e-01,9.137130379676818848e-01,-6.726949810981750488e-01,7.840450108051300049e-02,3.497642874717712402e-01,7.860922068357467651e-02,6.583541631698608398e-02,-2.127580165863037109e+00,1.843550443649291992e+00,-1.399999976158142090e+00,1.414087533950805664e+00,-2.482582777738571167e-01,-1.553448289632797241e-01,2.131833285093307495e-01,-1.038396596908569336e+00,-1.261179447174072266e+00,6.219102144241333008e-01,1.477677524089813232e-01,5.085756778717041016e-01,-2.851888239383697510e-01,-3.209799528121948242e-01
-6.430476903915405273e-01,-1.303126335144042969e+00,7.957838177680969238e-01,1.627523899078369141e-01,4.865799844264984131e-02,-8.907165527343750000e-01,4.216255843639373779e-01,-9.974549412727355957e-01,2.622348070144653320e-01,3.264024555683135986e-01,1.212075591087341309e+00,-5.263947248458862305e-01,1.755471378564834595e-01,-3.799799978733062744e-01,-1.989550888538360596e-01,-2.870601713657379150e-01,7.811167240142822266e-01,-5.270562171936035156e-01,1.463441252708435059e-01,3.905242383480072021e-01,3.329322859644889832e-02,8.183694630861282349e-02,-2.073502779006958008e+00,1.949926257133483887e+00,-1.392756819725036621e+00,1.441105484962463379e+00,-2.967552244663238525e-01,-1.691188961267471313e-01,2.048967629671096802e-01,-1.040742039680480957e+00,-1.207835674285888672e+00,5.988589525222778320e-01,7.752929627895355225e-02,4.753415882587432861e-01,-3.190093338489532471e-01,-3.838099837303161621e-01
-6.590181589126586914e-01,-1.355563879013061523e+00,8.170502185821533203e-01,1.506524831056594849e-01,4.887454211711883545e-02,-8.982034325599670410e-01,4.100557565689086914e-01,-9.987514019012451172e-01,3.073523044586181641e-01,3.963181674480438232e-01,9.707527160644531250e-01,-4.696940481662750244e-01,1.230464726686477661e-01,-2.240103334188461304e-01,-2.402407377958297729e-01,-3.007435798645019531e-01,7.284451127052307129e-01,-3.828703761100769043e-01,2.039509266614913940e-01,4.146061837673187256e-01,-3.066278435289859772e-02,1.028043553233146667e-01,-2.010512351989746094e+00,2.064228773117065430e+00,-1.399999976158142090e+00,1.451049923896789551e+00,-3.234443962574005127e-01,-1.668276786804199219e-01,1.738425493240356445e-01,-9.235164523124694824e-01,-1.095921993255615234e+00,4.883088469505310059e-01,1.950638368725776672e-02,4.361088871955871582e-01,-3.294768333435058594e-01,-4.311797916889190674e-01
-6.727429628372192383e-01,-1.404649615287780762e+00,8.291096091270446777e-01,1.315870732069015503e-01,4.863855615258216858e-02,-9.047763347625732422e-01,4.021179676055908203e-01,-9.718627929687500000e-01,3.127335608005523682e-01,4.738585352897644043e-01,7.250470519065856934e-01,-3.780612051486968994e-01,7.274970412254333496e-02,-1.104595586657524109e-01,-3.180765807628631592e-01,-2.954697906970977783e-01,8.332221508026123047e-01,-2.862597405910491943e-01,2.110062539577484131e-01,4.362995326519012451e-01,-1.017216369509696960e-01,1.226075589656829834e-01,-1.934354901313781738e+00,2.163633823394775391e+00,-1.399999976158142090e+00,1.448384523391723633e+00,-3.408472239971160889e-01,-1.505773365497589111e-01,1.318465173244476318e-01,-7.537037730216979980e-01,-9.586749672889709473e-01,3.524849414825439453e-01,-6.580625660717487335e-03,3.960843682289123535e-01,-3.148683607578277588e-01,-4.456647336483001709e-01
-6.838319301605224609e-01,-1.451492786407470703e+00,8.326990604400634766e-01,1.067285686731338501e-01,4.225348308682441711e-02,-9.119684696197509766e-01,3.938746154308319092e-01,-9.311710596084594727e-01,2.915089428424835205e-01,5.255287289619445801e-01,5.295487046241760254e-01,-2.520584166049957275e-01,3.974711149930953979e-02,-5.278402939438819885e-02,-4.406723678112030029e-01,-2.246387153863906860e-01,1.103461027145385742e+00,-2.526941597461700439e-01,1.587915569543838501e-01,4.492131471633911133e-01,-1.892403662204742432e-01,1.407132297754287720e-01,-1.845189213752746582e+00,2.251091241836547852e+00,-1.399999976158142090e+00,1.437896132469177246e+00,-2.968517243862152100e-01,-1.291938275098800659e-01,7.834980636835098267e-02,-5.842021107673645020e-01,-7.896866798400878906e-01,2.513828873634338379e-01,2.339994907379150391e-02,3.555513322353363037e-01,-2.677215337753295898e-01,-4.162865281105041504e-01
-6.947095394134521484e-01,-1.499944329261779785e+00,8.252809643745422363e-01,7.014841586351394653e-02,3.457428514957427979e-02,-9.185814261436462402e-01,3.874170780181884766e-01,-9.007449746131896973e-01,2.692394852638244629e-01,4.961575865745544434e-01,5.334862470626831055e-01,-1.646808534860610962e-01,5.496908351778984070e-02,-4.808843508362770081e-02,-5.796685218811035156e-01,-7.618030905723571777e-02,1.468223690986633301e+00,-2.911293804645538330e-01,7.022298127412796021e-02,4.820865094661712646e-01,-2.768574357032775879e-01,1.810671091079711914e-01,-1.727586865425109863e+00,2.251499891281127930e+00,-1.399999976158142090e+00,1.466812849044799805e+00,-2.162441462278366089e-01,-1.170174479484558105e-01,9.188966825604438782e-03,-3.840897977352142334e-01,-6.011048555374145508e-01,1.565519273281097412e-01,1.153539195656776428e-01,2.925992310047149658e-01,-2.096078097820281982e-01,-3.453305661678314209e-01
-7.085475325584411621e-01,-1.545462012290954590e+00,8.056963682174682617e-01,2.623712085187435150e-02,1.183508243411779404e-02,-9.120692014694213867e-01,4.090248346328735352e-01,-8.829850554466247559e-01,2.103805094957351685e-01,4.127005338668823242e-01,6.929548382759094238e-01,-1.669675558805465698e-01,9.928485751152038574e-02,-1.329801827669143677e-01,-6.465491652488708496e-01,1.330931335687637329e-01,1.810888767242431641e+00,-3.719778656959533691e-01,-8.381977677345275879e-03,4.645329117774963379e-01,-3.553351461887359619e-01,2.694555521011352539e-01,-1.617896676063537598e+00,2.251499891281127930e+00,-1.399999976158142090e+00,1.472559452056884766e+00,-1.107689812779426575e-01,-1.183686181902885437e-01,-1.150702685117721558e-01,-1.955950111150741577e-01,-3.701734840869903564e-01,7.154667377471923828e-02,2.260159850120544434e-01,2.112181335687637329e-01,-1.511380523443222046e-01,-2.843684554100036621e-01
-7.212203741073608398e-01,-1.585866332054138184e+00,7.825119495391845703e-01,-4.055628925561904907e-02,-6.358311977237462997e-03,-8.976128101348876953e-01,4.388689696788787842e-01,-8.563892841339111328e-01,1.341481655836105347e-01,3.283289670944213867e-01,8.914946913719177246e-01,-2.475789040327072144e-01,1.618974953889846802e-01,-3.504036664962768555e-01,-6.535043716430664062e-01,2.976834475994110107e-01,2.038007974624633789e+00,-4.701155424118041992e-01,-6.802786886692047119e-02,4.373272359371185303e-01,-4.088497161865234375e-01,4.054307341575622559e-01,-1.497172474861145020e+00,2.213972330093383789e+00,-1.399999976158142090e+00,1.427804946899414062e+00,-1.541785988956689835e-02,-1.355515569448471069e-01,-2.872497439384460449e-01,-3.484731912612915039e-02,-1.398424059152603149e-01,2.273577079176902771e-02,3.242052793502807617e-01,1.424527913331985474e-01,-9.847249835729598999e-02,-2.354287952184677124e-01
-7.327106595039367676e-01,-1.624654889106750488e+00,7.600612640380859375e-01,-9.885202348232269287e-02,-3.556827083230018616e-02,-8.898014426231384277e-01,4.440906643867492676e-01,-8.595796227455139160e-01,1.202858015894889832e-01,2.939796149730682373e-01,1.094952225685119629e+00,-3.784528970718383789e-01,2.154110670089721680e-01,-7.977837920188903809e-01,-6.170768737792968750e-01,3.337277173995971680e-01,2.049505472183227539e+00,-5.327559709548950195e-01,-1.222474426031112671e-01,5.268899202346801758e-01,-3.599192798137664795e-01,4.867657721042633057e-01,-1.226438641548156738e+00,1.920051217079162598e+00,-1.399999976158142090e+00,1.325547695159912109e+00,-8.286516368389129639e-02,-1.070571020245552063e-01,-3.930365145206451416e-01,1.723629981279373169e-01,3.904576227068901062e-02,-7.458824664354324341e-02,3.723999261856079102e-01,9.298355132341384888e-02,-8.198300004005432129e-02,-2.525232136249542236e-01
-7.486460208892822266e-01,-1.659906983375549316e+00,7.524721622467041016e-01,-1.179367229342460632e-01,-6.651867926120758057e-02,-8.923724293708801270e-01,4.305085539817810059e-01,-8.488594889640808105e-01,1.200399771332740784e-01,3.283422887325286865e-01,1.222940444946289062e+00,-4.834910631179809570e-01,2.228757590055465698e-01,-1.128266096115112305e+00,-4.261166155338287354e-01,1.998550295829772949e-01,1.750378131866455078e+00,-5.333403944969177246e-01,-1.167002469301223755e-01,4.788778126239776611e-01,-2.704621292650699615e-02,5.052235126495361328e-01,-4.568417966365814209e-01,1.148508906364440918e+00,-8.659592866897583008e-01,1.253391861915588379e+00,-2.305465638637542725e-01,-7.371718436479568481e-02,-2.132858037948608398e-01,3.244215846061706543e-01,-1.015047356486320496e-01,-2.541507780551910400e-01,3.243056237697601318e-01,1.289221178740262985e-02,-9.666988253593444824e-02,-2.667946815490722656e-01
-7.570797204971313477e-01,-1.694599270820617676e+00,7.507605552673339844e-01,-1.221085935831069946e-01,-5.457959696650505066e-02,-8.839246034622192383e-01,4.480935931205749512e-01,-8.483906388282775879e-01,8.069367706775665283e-02,3.022184967994689941e-01,1.291241765022277832e+00,-5.688294768333435059e-01,2.141625583171844482e-01,-1.248214364051818848e+00,-2.126746177673339844e-01,-2.207205258309841156e-02,1.143831133842468262e+00,-4.640271067619323730e-01,2.186167985200881958e-02,-1.568551659584045410e-01,2.737450897693634033e-01,5.199999809265136719e-01,1.872406154870986938e-01,3.463816642761230469e-01,-2.750971317291259766e-01,9.833191633224487305e-01,-3.550404310226440430e-02,-1.380875259637832642e-01,1.403364241123199463e-01,3.108505308628082275e-01,-7.597571611404418945e-01,-4.489552974700927734e-02,3.329639136791229248e-01,2.844662591814994812e-02,-9.927685558795928955e-02,-2.107568830251693726e-01
-7.659984827041625977e-01,-1.719342589378356934e+00,7.520024180412292480e-01,-1.129321232438087463e-01,-5.780861154198646545e-02,-8.734768033027648926e-01,4.700455069541931152e-01,-8.177229762077331543e-01,1.344412006437778473e-02,2.973220050334930420e-01,1.295183539390563965e+00,-6.353014707565307617e-01,2.007243484258651733e-01,-1.299579024314880371e+00,-9.638991951942443848e-02,-6.667646020650863647e-02,7.368603944778442383e-01,-3.755392134189605713e-01,9.625106304883956909e-02,-2.432175278663635254e-01,2.436037659645080566e-01,5.199999809265136719e-01,8.158500492572784424e-02,4.399573504924774170e-01,-2.760498225688934326e-01,7.883208394050598145e-01,-1.080991849303245544e-01,-1.772881299257278442e-01,1.878861337900161743e-01,3.363372683525085449e-01,-7.399668693542480469e-01,2.459940966218709946e-03,3.131776750087738037e-01,6.830228865146636963e-02,-1.150692924857139587e-01,-1.911341995000839233e-01
-7.754171490669250488e-01,-1.741897583007812500e+00,7.530457377433776855e-01,-1.197893321514129639e-01,-5.081601440906524658e-02,-8.626634478569030762e-01,4.887535274028778076e-01,-7.491185665130615234e-01,2.600997453555464745e-03,2.950347363948822021e-01,1.306055784225463867e+00,-7.015104293823242188e-01,2.060212641954421997e-01,-1.347100973129272461e+00,-3.071388043463230133e-02,-7.825296372175216675e-02,5.553277730941772461e-01,-2.833935022354125977e-01,1.329451650381088257e-01,-3.005149364471435547e-01,2.482250779867172241e-01,5.199999809265136719e-01,-3.907266259193420410e-02,6.109646558761596680e-01,-2.517649531364440918e-01,4.768265783786773682e-01,-1.626150608062744141e-01,-2.364642769098281860e-01,2.718695402145385742e-01,3.919742703437805176e-01,-6.996868252754211426e-01,-7.823655381798744202e-03,2.565048635005950928e-01,1.268572807312011719e-01,-1.217443570494651794e-01,-1.790613830089569092e-01
-7.861787080764770508e-01,-1.764406204223632812e+00,7.610445022583007812e-01,-1.299505829811096191e-01,-2.347034960985183716e-02,-8.499771952629089355e-01,5.100007057189941406e-01,-6.659075021743774414e-01,5.057471338659524918e-03,2.549451887607574463e-01,1.300218462944030762e+00,-7.540330886840820312e-01,2.191512435674667358e-01,-1.422593832015991211e+00,5.675020162016153336e-03,-7.140742242336273193e-02,6.295589804649353027e-01,-2.397462129592895508e-01,1.526634842157363892e-01,-3.619337081909179688e-01,2.785404324531555176e-01,5.199999213218688965e-01,-1.780714988708496094e-01,7.713460326194763184e-01,-2.515675425529479980e-01,1.892486661672592163e-01,-1.659043878316879272e-01,-2.926338315010070801e-01,3.693886399269104004e-01,4.186678826808929443e-01,-6.656758785247802734e-01,-5.383619572967290878e-03,2.142727524042129517e-01,1.772783696651458740e-01,-1.266269385814666748e-01,-1.816042959690093994e-01
-7.966544032096862793e-01,-1.785057187080383301e+00,7.797580957412719727e-01,-1.317945271730422974e-01,9.435077197849750519e-03,-8.357050418853759766e-01,5.330461859703063965e-01,-5.566815137863159180e-01,4.601562395691871643e-03,2.367391735315322876e-01,1.241226434707641602e+00,-7.359892129898071289e-01,2.083328813314437866e-01,-1.469747900962829590e+00,1.089527551084756851e-02,-6.720999628305435181e-02,7.817426323890686035e-01,-1.976439356803894043e-01,1.714591979980468750e-01,-4.096550941467285156e-01,3.174008429050445557e-01,5.199999809265136719e-01,-2.911694049835205078e-01,8.957756757736206055e-01,-2.661958336830139160e-01,-6.102213636040687561e-02,-1.518507003784179688e-01,-3.285290598869323730e-01,4.184702038764953613e-01,4.022936224937438965e-01,-6.427100896835327148e-01,1.832952140830457211e-03,1.585463583469390869e-01,2.336055934429168701e-01,-1.278618276119232178e-01,-1.663162261247634888e-01
-8.066414594650268555e-01,-1.803564548492431641e+00,8.046715259552001953e-01,-1.212596595287322998e-01,3.111442364752292633e-02,-8.198462128639221191e-01,5.587308406829833984e-01,-4.357237219810485840e-01,-7.531779818236827850e-03,2.356228232383728027e-01,1.147287368774414062e+00,-6.964522600173950195e-01,1.805778592824935913e-01,-1.451794743537902832e+00,-5.404472351074218750e-03,-7.215467095375061035e-02,9.029176235198974609e-01,-1.458103358745574951e-01,1.998568624258041382e-01,-4.347955584526062012e-01,3.502539098262786865e-01,5.199999809265136719e-01,-3.610003292560577393e-01,9.581790566444396973e-01,-2.980046868324279785e-01,-2.319203019142150879e-01,-1.236623600125312805e-01,-3.389232158660888672e-01,4.281605184078216553e-01,3.395860493183135986e-01,-6.498161554336547852e-01,2.894335240125656128e-02,1.235369220376014709e-01,2.600757777690887451e-01,-1.245824173092842102e-01,-1.574504226446151733e-01
-8.167687654495239258e-01,-1.820459127426147461e+00,8.332447409629821777e-01,-1.098022609949111938e-01,4.231487587094306946e-02,-8.024970889091491699e-01,5.849370360374450684e-01,-3.368559181690216064e-01,-1.045792363584041595e-02,2.316948324441909790e-01,1.073185801506042480e+00,-6.256776452064514160e-01,1.446148306131362915e-01,-1.352483987808227539e+00,-2.531854808330535889e-02,-7.878912240266799927e-02,9.726190567016601562e-01,-3.651902452111244202e-02,2.384794652462005615e-01,-4.354215562343597412e-01,3.662568330764770508e-01,5.199999809265136719e-01,-3.910297155380249023e-01,9.554794430732727051e-01,-3.277995884418487549e-01,-3.313570320606231689e-01,-9.520403295755386353e-02,-3.397821485996246338e-01,4.015463888645172119e-01,2.543503940105438232e-01,-6.599959731101989746e-01,7.117068022489547729e-02,1.268793642520904541e-01,2.626422345638275146e-01,-1.138448119163513184e-01,-1.551342457532882690e-01
-8.293747305870056152e-01,-1.835824012756347656e+00,8.602284789085388184e-01,-9.837941080331802368e-02,4.084552824497222900e-02,-7.832369208335876465e-01,6.125300526618957520e-01,-2.809094488620758057e-01,1.754344068467617035e-02,2.169206589460372925e-01,1.075646400451660156e+00,-5.602844953536987305e-01,9.807901829481124878e-02,-1.198468089103698730e+00,-4.416722059249877930e-02,-1.033978909254074097e-01,9.828247427940368652e-01,7.659377902746200562e-02,2.617999911308288574e-01,-4.103159010410308838e-01,3.509646058082580566e-01,5.194870233535766602e-01,-4.081929326057434082e-01,9.154773950576782227e-01,-3.544616699218750000e-01,-3.567943871021270752e-01,-5.356004089117050171e-02,-3.274473547935485840e-01,3.881233036518096924e-01,1.769325882196426392e-01,-6.551726460456848145e-01,1.109736263751983643e-01,1.497236639261245728e-01,2.447108328342437744e-01,-9.752488881349563599e-02,-1.606330424547195435e-01
-8.441910743713378906e-01,-1.851457357406616211e+00,8.803976774215698242e-01,-8.698695898056030273e-02,3.959737718105316162e-02,-7.594701647758483887e-01,6.434830427169799805e-01,-2.814642488956451416e-01,8.384463191032409668e-02,1.945309340953826904e-01,1.158921360969543457e+00,-4.847772717475891113e-01,5.059727653861045837e-02,-1.087646484375000000e+00,-5.597499758005142212e-02,-1.311541050672531128e-01,1.035776257514953613e+00,1.761280596256256104e-01,2.617999911308288574e-01,-3.505186736583709717e-01,3.036427199840545654e-01,4.898981153964996338e-01,-4.375948905944824219e-01,8.588548302650451660e-01,-3.750585317611694336e-01,-3.247480094432830811e-01,-2.413533069193363190e-02,-3.135275542736053467e-01,3.768615424633026123e-01,1.477472931146621704e-01,-6.193905472755432129e-01,1.330761462450027466e-01,1.710139513015747070e-01,2.349791377782821655e-01,-7.609297335147857666e-02,-1.753718107938766479e-01
-8.589354753494262695e-01,-1.867556333541870117e+00,8.933054208755493164e-01,-6.938679516315460205e-02,4.026176035404205322e-02,-7.346024513244628906e-01,6.737385988235473633e-01,-3.386887907981872559e-01,1.603257656097412109e-01,1.607396602630615234e-01,1.251410961151123047e+00,-4.114847779273986816e-01,1.348317321389913559e-02,-1.035289287567138672e+00,-6.546885520219802856e-02,-1.599363833665847778e-01,1.070725083351135254e+00,2.406789362430572510e-01,2.617999911308288574e-01,-2.686112821102142334e-01,2.288309484720230103e-01,4.205664396286010742e-01,-4.868679940700531006e-01,7.940407991409301758e-01,-4.180830717086791992e-01,-2.301374524831771851e-01,3.624874865636229515e-03,-2.893393635749816895e-01,3.936999738216400146e-01,1.545479148626327515e-01,-5.798830986022949219e-01,1.623259931802749634e-01,2.056490182876586914e-01,2.293661385774612427e-01,-5.898692086338996887e-02,-1.814803034067153931e-01
-8.738390207290649414e-01,-1.883513450622558594e+00,8.987212181091308594e-01,-5.240617319941520691e-02,4.643689841032028198e-02,-7.149937152862548828e-01,6.956157088279724121e-01,-3.935497999191284180e-01,2.547869682312011719e-01,1.150953471660614014e-01,1.302880644798278809e+00,-3.789496719837188721e-01,-1.241084095090627670e-02,-1.014246702194213867e+00,-7.165469974279403687e-02,-2.129644155502319336e-01,1.096261620521545410e+00,2.781696617603302002e-01,2.617999911308288574e-01,-1.971998065710067749e-01,1.337987631559371948e-01,3.772685527801513672e-01,-5.749082565307617188e-01,7.401151657104492188e-01,-4.759186804294586182e-01,-1.080677434802055359e-01,3.516792878508567810e-02,-2.563131451606750488e-01,4.329574108123779297e-01,1.755486726760864258e-01,-5.639941692352294922e-01,1.797210872173309326e-01,2.418421953916549683e-01,2.153850793838500977e-01,-4.055429995059967041e-02,-2.013143151998519897e-01
-8.870016932487487793e-01,-1.899109959602355957e+00,8.956884145736694336e-01,-4.142475873231887817e-02,5.107863992452621460e-02,-7.004937529563903809e-01,7.106218338012695312e-01,-4.216210246086120605e-01,3.393384814262390137e-01,7.497321814298629761e-02,1.285838603973388672e+00,-3.866217136383056641e-01,-3.012450411915779114e-02,-1.041098475456237793e+00,-8.916559815406799316e-02,-2.858565151691436768e-01,1.128594994544982910e+00,2.619007527828216553e-01,2.617999911308288574e-01,-1.413435786962509155e-01,3.948944807052612305e-02,3.467704951763153076e-01,-6.680291891098022461e-01,6.932605504989624023e-01,-5.349094867706298828e-01,1.750054396688938141e-02,4.518036916851997375e-02,-2.253094762563705444e-01,4.834638535976409912e-01,2.098513692617416382e-01,-5.745489597320556641e-01,2.048487067222595215e-01,2.942563891410827637e-01,2.178361266851425171e-01,-3.652879968285560608e-02,-2.122602462768554688e-01
-8.958252668380737305e-01,-1.913614630699157715e+00,8.870646953582763672e-01,-3.373152017593383789e-02,4.974838718771934509e-02,-6.926879882812500000e-01,7.187284827232360840e-01,-3.975130021572113037e-01,3.834978938102722168e-01,6.794620305299758911e-02,1.227806448936462402e+00,-4.024206697940826416e-01,-4.646927863359451294e-02,-1.088363766670227051e+00,-1.474649757146835327e-01,-3.729216456413269043e-01,1.155508756637573242e+00,1.388510614633560181e-01,2.617999911308288574e-01,-1.198431253433227539e-01,-3.139782324433326721e-02,3.359284996986389160e-01,-7.732815146446228027e-01,6.750960350036621094e-01,-5.553292632102966309e-01,9.692966192960739136e-02,3.286510705947875977e-02,-2.029342204332351685e-01,5.410700440406799316e-01,2.445628494024276733e-01,-6.068332791328430176e-01,1.942029297351837158e-01,3.480952680110931396e-01,2.189117372035980225e-01,-3.781338036060333252e-02,-2.058139592409133911e-01
-9.034445285797119141e-01,-1.926252126693725586e+00,8.733475208282470703e-01,-2.589986287057399750e-02,4.117805510759353638e-02,-6.865136027336120605e-01,7.254878878593444824e-01,-3.282118439674377441e-01,3.860419690608978271e-01,9.369860589504241943e-02,1.138621330261230469e+00,-4.618650376796722412e-01,-4.488443583250045776e-02,-1.141729712486267090e+00,-2.278038114309310913e-01,-4.607834219932556152e-01,1.179349780082702637e+00,3.493942553177475929e-03,2.617999911308288574e-01,-1.320943683385848999e-01,-8.042598515748977661e-02,3.333105444908142090e-01,-8.797489404678344727e-01,6.858749389648437500e-01,-5.692645907402038574e-01,1.456758677959442139e-01,-2.656685654073953629e-03,-2.041454017162322998e-01,5.811217427253723145e-01,2.809713780879974365e-01,-6.614783406257629395e-01,1.484171003103256226e-01,3.957093656063079834e-01,2.303369045257568359e-01,-5.242608860135078430e-02,-2.027765959501266479e-01
-9.102047085762023926e-01,-1.936890602111816406e+00,8.587698340415954590e-01,-1.029876898974180222e-02,3.572117909789085388e-02,-6.847031116485595703e-01,7.278733253479003906e-01,-2.517768144607543945e-01,3.596903681755065918e-01,1.142655611038208008e-01,1.063726305961608887e+00,-5.175485014915466309e-01,-4.753766208887100220e-02,-1.192983746528625488e+00,-2.997045516967773438e-01,-5.117883086204528809e-01,1.234543204307556152e+00,-8.353590965270996094e-02,2.617999911308288574e-01,-1.476194560527801514e-01,-1.130930334329605103e-01,3.375324010848999023e-01,-9.585022330284118652e-01,7.168354988098144531e-01,-5.762610435485839844e-01,1.731566786766052246e-01,-5.023878067731857300e-02,-2.081331759691238403e-01,5.967482328414916992e-01,3.127966821193695068e-01,-7.177333831787109375e-01,9.895200282335281372e-02,4.171950221061706543e-01,2.203341126441955566e-01,-5.471682175993919373e-02,-2.038228511810302734e-01
-9.101122617721557617e-01,-1.937287688255310059e+00,8.599928021430969238e-01,-6.788118276745080948e-03,2.938610874116420746e-02,-6.830875277519226074e-01,7.297134995460510254e-01,-2.402743250131607056e-01,3.200982511043548584e-01,1.128325089812278748e-01,1.023543834686279297e+00,-5.081006884574890137e-01,-4.193466156721115112e-02,-1.136163353919982910e+00,-2.874598205089569092e-01,-4.675541818141937256e-01,1.200023055076599121e+00,-1.074401289224624634e-01,2.583339810371398926e-01,-1.355583518743515015e-01,-1.133354455232620239e-01,3.218117058277130127e-01,-9.115760922431945801e-01,7.208631634712219238e-01,-5.449967384338378906e-01,2.731201350688934326e-01,-6.193833798170089722e-02,-1.945525556802749634e-01,5.672044157981872559e-01,2.978019416332244873e-01,-6.913051605224609375e-01,8.932816982269287109e-02,4.826562702655792236e-01,2.071416676044464111e-01,-4.708986356854438782e-02,-1.904795765876770020e-01
-9.102206826210021973e-01,-1.937590718269348145e+00,8.611957430839538574e-01,-4.292086232453584671e-03,2.791957557201385498e-02,-6.836990714073181152e-01,7.292171716690063477e-01,-2.367172986268997192e-01,2.935642898082733154e-01,1.110360398888587952e-01,9.886464476585388184e-01,-5.003571510314941406e-01,-3.855136036872863770e-02,-1.078379869461059570e+00,-2.652909755706787109e-01,-4.347869157791137695e-01,1.156130433082580566e+00,-1.266393810510635376e-01,2.498120814561843872e-01,-1.230454891920089722e-01,-1.059264764189720154e-01,2.968335747718811035e-01,-8.456494212150573730e-01,7.236599326133728027e-01,-5.027937889099121094e-01,3.649067282676696777e-01,-6.562642753124237061e-02,-1.816933751106262207e-01,5.351584553718566895e-01,2.756891548633575439e-01,-6.665211915969848633e-01,9.170799702405929565e-02,5.576324462890625000e-01,1.929843723773956299e-01,-4.356114193797111511e-02,-1.798741370439529419e-01
-9.104086756706237793e-01,-1.937898159027099609e+00,8.624091148376464844e-01,-1.417120685800909996e-03,2.844098582863807678e-02,-6.844927072525024414e-01,7.284633517265319824e-01,-2.378844320774078369e-01,2.702337503433227539e-01,1.079766154289245605e-01,9.554449319839477539e-01,-4.929014742374420166e-01,-3.557297214865684509e-02,-1.021889328956604004e+00,-2.417230904102325439e-01,-4.053045511245727539e-01,1.109660506248474121e+00,-1.446012258529663086e-01,2.384960204362869263e-01,-1.102829352021217346e-01,-9.628385305404663086e-02,2.680811583995819092e-01,-7.759689092636108398e-01,7.220826148986816406e-01,-4.591097533702850342e-01,4.529485106468200684e-01,-6.785055249929428101e-02,-1.668773740530014038e-01,5.029815435409545898e-01,2.556020617485046387e-01,-6.418455839157104492e-01,9.292016923427581787e-02,6.309334039688110352e-01,1.790927201509475708e-01,-3.947676345705986023e-02,-1.697826683521270752e-01
-9.106094241142272949e-01,-1.938231825828552246e+00,8.637636303901672363e-01,1.509527442976832390e-03,2.940788492560386658e-02,-6.851516962051391602e-01,7.278049588203430176e-01,-2.394310683012008667e-01,2.476341873407363892e-01,1.043379157781600952e-01,9.213445782661437988e-01,-4.848511219024658203e-01,-3.251581639051437378e-02,-9.648060798645019531e-01,-2.182578891515731812e-01,-3.765483796596527100e-01,1.061926603317260742e+00,-1.620682924985885620e-01,2.255238890647888184e-01,-9.786394238471984863e-02,-8.622967451810836792e-02,2.386779636144638062e-01,-7.057813405990600586e-01,7.155941128730773926e-01,-4.149197936058044434e-01,5.405174493789672852e-01,-6.939493864774703979e-02,-1.519979983568191528e-01,4.697590768337249756e-01,2.359680831432342529e-01,-6.175768375396728516e-01,9.273535758256912231e-02,7.039600610733032227e-01,1.653978675603866577e-01,-3.539980575442314148e-02,-1.593059450387954712e-01
-9.107720851898193359e-01,-1.938610076904296875e+00,8.652914762496948242e-01,4.401447251439094543e-03,3.041864186525344849e-02,-6.855589747428894043e-01,7.273679971694946289e-01,-2.401802092790603638e-01,2.250734418630599976e-01,1.001792028546333313e-01,8.855817317962646484e-01,-4.759421348571777344e-01,-2.919340692460536957e-02,-9.065958857536315918e-01,-1.953954547643661499e-01,-3.476777672767639160e-01,1.013154625892639160e+00,-1.790837943553924561e-01,2.115108668804168701e-01,-8.602362126111984253e-02,-7.634247094392776489e-02,2.093820273876190186e-01,-6.360954642295837402e-01,7.043592929840087891e-01,-3.709564208984375000e-01,6.278746128082275391e-01,-7.021932303905487061e-02,-1.372330188751220703e-01,4.354657232761383057e-01,2.165124267339706421e-01,-5.936595797538757324e-01,9.120651334524154663e-02,7.768480777740478516e-01,1.518604010343551636e-01,-3.139511868357658386e-02,-1.483833938837051392e-01
-9.109015464782714844e-01,-1.939057350158691406e+00,8.671240806579589844e-01,6.808929145336151123e-03,3.099900297820568085e-02,-6.856877803802490234e-01,7.272035479545593262e-01,-2.375410944223403931e-01,2.024345248937606812e-01,9.561862796545028687e-02,8.460378050804138184e-01,-4.653779864311218262e-01,-2.564749866724014282e-02,-8.451914787292480469e-01,-1.729740351438522339e-01,-3.187533020973205566e-01,9.623364210128784180e-01,-1.954742074012756348e-01,1.965615749359130859e-01,-7.545208185911178589e-02,-6.658154726028442383e-02,1.815849542617797852e-01,-5.671533942222595215e-01,6.887924075126647949e-01,-3.266105651855468750e-01,7.154116034507751465e-01,-7.016728818416595459e-02,-1.231568083167076111e-01,3.996998071670532227e-01,1.957217603921890259e-01,-5.707610249519348145e-01,8.936519175767898560e-02,8.509519100189208984e-01,1.386339664459228516e-01,-2.816038765013217926e-02,-1.367240995168685913e-01
-9.109875559806823730e-01,-1.939570903778076172e+00,8.690459132194519043e-01,9.479321539402008057e-03,3.180885687470436096e-02,-6.855098009109497070e-01,7.273064255714416504e-01,-2.350283116102218628e-01,1.796843111515045166e-01,9.030410647392272949e-02,8.052245974540710449e-01,-4.540551006793975830e-01,-2.176677994430065155e-02,-7.836229205131530762e-01,-1.514156013727188110e-01,-2.895218133926391602e-01,9.104588031768798828e-01,-2.111573219299316406e-01,1.805381774902343750e-01,-6.494503468275070190e-02,-5.745287239551544189e-02,1.530046015977859497e-01,-5.001370906829833984e-01,6.687889695167541504e-01,-2.847033441066741943e-01,8.022968173027038574e-01,-6.913125514984130859e-02,-1.087396815419197083e-01,3.633162379264831543e-01,1.765230298042297363e-01,-5.474320054054260254e-01,8.535203337669372559e-02,9.235845208168029785e-01,1.252420693635940552e-01,-2.437808923423290253e-02,-1.248735636472702026e-01
-9.110285639762878418e-01,-1.940174698829650879e+00,8.711415529251098633e-01,1.214686688035726547e-02,3.259283676743507385e-02,-6.850167512893676758e-01,7.276965379714965820e-01,-2.309751808643341064e-01,1.567978262901306152e-01,8.430637419223785400e-02,7.616143822669982910e-01,-4.413864016532897949e-01,-1.759159192442893982e-02,-7.205341458320617676e-01,-1.305395811796188354e-01,-2.600412964820861816e-01,8.565811514854431152e-01,-2.258598655462265015e-01,1.635166108608245850e-01,-5.510960146784782410e-02,-4.880716651678085327e-02,1.243595778942108154e-01,-4.349687099456787109e-01,6.447966098785400391e-01,-2.445317804813385010e-01,8.889237642288208008e-01,-6.697919219732284546e-02,-9.458605200052261353e-02,3.259696364402770996e-01,1.576272249221801758e-01,-5.243551135063171387e-01,8.011343330144882202e-02,9.960145950317382812e-01,1.118210107088088989e-01,-2.070976793766021729e-02,-1.125912889838218689e-01
-9.110192060470581055e-01,-1.940885305404663086e+00,8.733964562416076660e-01,1.476674992591142654e-02,3.328131139278411865e-02,-6.842067241668701172e-01,7.283786535263061523e-01,-2.249711602926254272e-01,1.337725371122360229e-01,7.757819443941116333e-02,7.148924469947814941e-01,-4.272753000259399414e-01,-1.312597654759883881e-02,-6.555929780006408691e-01,-1.103466004133224487e-01,-2.302402257919311523e-01,8.003211021423339844e-01,-2.393881678581237793e-01,1.455123871564865112e-01,-4.597682133316993713e-02,-4.070724174380302429e-02,9.575591236352920532e-02,-3.718132376670837402e-01,6.171547770500183105e-01,-2.063096761703491211e-01,9.752583503723144531e-01,-6.358377635478973389e-02,-8.076710999011993408e-02,2.877246439456939697e-01,1.389696747064590454e-01,-5.015399456024169922e-01,7.375802844762802124e-02,1.068318724632263184e+00,9.833581000566482544e-02,-1.720636896789073944e-02,-9.990651160478591919e-02
-9.109570980072021484e-01,-1.941742539405822754e+00,8.759186267852783203e-01,1.696856692433357239e-02,3.343008831143379211e-02,-6.830874085426330566e-01,7.293737530708312988e-01,-2.143346071243286133e-01,1.104939132928848267e-01,7.019861787557601929e-02,6.624774932861328125e-01,-4.106914997100830078e-01,-8.385605178773403168e-03,-5.865423083305358887e-01,-9.074015170335769653e-02,-2.000707536935806274e-01,7.398738265037536621e-01,-2.511088550090789795e-01,1.265775561332702637e-01,-3.781145811080932617e-02,-3.318089991807937622e-02,6.837613880634307861e-02,-3.107432425022125244e-01,5.862545967102050781e-01,-1.697773784399032593e-01,1.061503767967224121e+00,-5.879552289843559265e-02,-6.760141998529434204e-02,2.485383301973342896e-01,1.199178546667098999e-01,-4.792469739913940430e-01,6.672640144824981689e-02,1.141128420829772949e+00,8.483111113309860229e-02,-1.424933411180973053e-02,-8.673703670501708984e-02
-9.108294248580932617e-01,-1.942722320556640625e+00,8.784326910972595215e-01,1.941527612507343292e-02,3.372926637530326843e-02,-6.816676259040832520e-01,7.306261658668518066e-01,-2.030747979879379272e-01,8.717559278011322021e-02,6.186948716640472412e-02,6.081432104110717773e-01,-3.931609094142913818e-01,-3.333952277898788452e-03,-5.166211724281311035e-01,-7.201273739337921143e-02,-1.692848056554794312e-01,6.769006848335266113e-01,-2.612776160240173340e-01,1.066259071230888367e-01,-3.001277148723602295e-02,-2.634934335947036743e-02,4.010107740759849548e-02,-2.518749237060546875e-01,5.522679686546325684e-01,-1.360176205635070801e-01,1.147276997566223145e+00,-5.264119058847427368e-02,-5.467081815004348755e-02,2.087914794683456421e-01,1.017937064170837402e-01,-4.569091200828552246e-01,5.822336301207542419e-02,1.213224172592163086e+00,7.108929008245468140e-02,-1.115056872367858887e-02,-7.337073236703872681e-02
-9.106355309486389160e-01,-1.943851232528686523e+00,8.809988498687744141e-01,2.185488678514957428e-02,3.387507796287536621e-02,-6.799669265747070312e-01,7.321337461471557617e-01,-1.892869919538497925e-01,6.378173083066940308e-02,5.264762416481971741e-02,5.500043034553527832e-01,-3.739048242568969727e-01,2.008032752200961113e-03,-4.440887868404388428e-01,-5.413218960165977478e-02,-1.377811133861541748e-01,6.097279191017150879e-01,-2.692164480686187744e-01,8.568853884935379028e-02,-2.283832430839538574e-02,-2.018372155725955963e-02,1.175713445991277695e-02,-1.950309723615646362e-01,5.155580639839172363e-01,-1.046043932437896729e-01,1.232784628868103027e+00,-4.503209888935089111e-02,-4.229432716965675354e-02,1.684476584196090698e-01,8.397129178047180176e-02,-4.348101615905761719e-01,4.871475324034690857e-02,1.285225629806518555e+00,5.718312785029411316e-02,-8.275579661130905151e-03,-5.972862988710403442e-02
-9.103726148605346680e-01,-1.945165872573852539e+00,8.836928009986877441e-01,2.391456626355648041e-02,3.343272954225540161e-02,-6.780181527137756348e-01,7.338948845863342285e-01,-1.700475066900253296e-01,4.031176492571830750e-02,4.252706468105316162e-02,4.849179089069366455e-01,-3.515598773956298828e-01,7.622616365551948547e-03,-3.660957515239715576e-01,-3.711603209376335144e-02,-1.054281517863273621e-01,5.352140069007873535e-01,-2.735448479652404785e-01,6.377419829368591309e-02,-1.637437008321285248e-02,-1.468172483146190643e-02,-1.542549021542072296e-02,-1.401698142290115356e-01,4.764526486396789551e-01,-7.534316182136535645e-02,1.318187117576599121e+00,-3.591315820813179016e-02,-3.067428432404994965e-02,1.275588870048522949e-01,6.608586013317108154e-02,-4.130606949329376221e-01,3.840025141835212708e-02,1.357463836669921875e+00,4.313354194164276123e-02,-5.845596548169851303e-03,-4.579400643706321716e-02
-9.100416302680969238e-01,-1.946608304977416992e+00,8.862159252166748047e-01,2.615120634436607361e-02,3.296891972422599792e-02,-6.758368611335754395e-01,7.358489632606506348e-01,-1.494006961584091187e-01,1.697174087166786194e-02,3.131731972098350525e-02,4.174035489559173584e-01,-3.279929161071777344e-01,1.352234929800033569e-02,-2.856472432613372803e-01,-2.141015790402889252e-02,-7.192049175500869751e-02,4.552979171276092529e-01,-2.746648490428924561e-01,4.082842543721199036e-02,-1.034305989742279053e-02,-9.888942353427410126e-03,-4.311205819249153137e-02,-8.702861517667770386e-02,4.351336359977722168e-01,-4.859298467636108398e-02,1.403276205062866211e+00,-2.534406259655952454e-02,-1.960999518632888794e-02,8.631788194179534912e-02,4.873203486204147339e-02,-3.914222717285156250e-01,2.697584033012390137e-02,1.429346919059753418e+00,2.885854057967662811e-02,-3.487108275294303894e-03,-3.170696645975112915e-02
-9.099005460739135742e-01,-1.946817994117736816e+00,8.861668109893798828e-01,2.842038311064243317e-02,3.251780942082405090e-02,-6.742021441459655762e-01,7.372830510139465332e-01,-1.583045572042465210e-01,-4.253143910318613052e-03,2.082357369363307953e-02,4.081166982650756836e-01,-3.307670354843139648e-01,1.919076405465602875e-02,-2.384610027074813843e-01,-7.321655750274658203e-03,-3.506939485669136047e-02,4.370911717414855957e-01,-3.012082874774932861e-01,1.654254645109176636e-02,-5.101528950035572052e-04,-6.915978156030178070e-03,-6.926979124546051025e-02,-3.302229940891265869e-02,3.900175988674163818e-01,-2.754840627312660217e-02,1.477866172790527344e+00,-1.677569188177585602e-02,-2.640284365043044090e-03,5.074020102620124817e-02,4.047465696930885315e-02,-3.642294704914093018e-01,1.136670820415019989e-02,1.485507607460021973e+00,1.709752157330513000e-02,5.433557089418172836e-03,-2.122934907674789429e-02
-9.095419645309448242e-01,-1.945571184158325195e+00,8.891833424568176270e-01,2.134435437619686127e-02,1.940627396106719971e-02,-6.713359951972961426e-01,7.405915260314941406e-01,-1.172787547111511230e-01,-3.163148835301399231e-02,7.959021255373954773e-03,3.520963191986083984e-01,-3.007476031780242920e-01,2.701050601899623871e-02,-1.274916976690292358e-01,2.178117865696549416e-03,-1.210524787893518806e-04,3.489904105663299561e-01,-2.873115539550781250e-01,-7.728367112576961517e-03,7.082360098138451576e-04,-3.138718660920858383e-03,-8.277762681245803833e-02,4.136883094906806946e-02,3.100392222404479980e-01,-5.226075649261474609e-03,1.569135069847106934e+00,-9.281231177737936378e-05,-3.813334740698337555e-03,2.386411093175411224e-02,4.025126248598098755e-02,-3.164447546005249023e-01,4.522429779171943665e-03,1.569879889488220215e+00,3.082431794609874487e-05,-3.509409492835402489e-03,-2.333212830126285553e-02
-9.092676639556884766e-01,-1.948839426040649414e+00,8.889170289039611816e-01,2.628206461668014526e-02,2.566021867096424103e-02,-6.710018515586853027e-01,7.405452728271484375e-01,-1.144731938838958740e-01,-3.039201535284519196e-02,6.524307653307914734e-03,3.316047191619873047e-01,-3.050519824028015137e-01,2.658333629369735718e-02,-1.245733797550201416e-01,3.372040810063481331e-03,-7.036745664663612843e-04,3.282817602157592773e-01,-2.914390563964843750e-01,-7.939254865050315857e-03,1.182231244456488639e-06,-2.976416377350687981e-03,-8.819781243801116943e-02,2.384333871304988861e-02,3.418209850788116455e-01,-3.370362566784024239e-03,1.568950891494750977e+00,-1.389331009704619646e-04,-8.116792887449264526e-04,9.658029302954673767e-03,2.335392311215400696e-02,-3.452861607074737549e-01,2.914543263614177704e-03,1.569307804107666016e+00,7.057355833239853382e-05,-7.811810355633497238e-04,-9.234935045242309570e-03
-9.092670679092407227e-01,-1.948971271514892578e+00,8.892213702201843262e-01,2.666543237864971161e-02,2.630573511123657227e-02,-6.709867715835571289e-01,7.405226230621337891e-01,-1.111669763922691345e-01,-3.003563545644283295e-02,6.282265763729810715e-03,3.217231333255767822e-01,-3.002635836601257324e-01,2.646951563656330109e-02,-1.210438758134841919e-01,3.748500719666481018e-03,-7.762818131595849991e-04,3.178343772888183594e-01,-2.862772941589355469e-01,-8.024695329368114471e-03,-5.669271195074543357e-05,-2.871957374736666679e-03,-8.777526766061782837e-02,2.023013122379779816e-02,3.439018130302429199e-01,-2.674058545380830765e-03,1.570388317108154297e+00,-4.625022120308130980e-05,-1.488414127379655838e-04,6.094547919929027557e-03,1.977853477001190186e-02,-3.467239439487457275e-01,2.365061081945896149e-03,1.570640683174133301e+00,-9.998929272114764899e-06,-1.241411955561488867e-04,-5.855047609657049179e-03
-9.092651605606079102e-01,-1.949007511138916016e+00,8.893960118293762207e-01,2.659098058938980103e-02,2.630665339529514313e-02,-6.709997057914733887e-01,7.405135035514831543e-01,-1.083885431289672852e-01,-2.990494854748249054e-02,6.196578498929738998e-03,3.162126243114471436e-01,-2.975164353847503662e-01,2.643406949937343597e-02,-1.180879473686218262e-01,3.892115084454417229e-03,-7.714122766628861427e-04,3.119024336338043213e-01,-2.832800745964050293e-01,-8.051211014389991760e-03,-4.108954090042971075e-05,-2.801107242703437805e-03,-8.717828989028930664e-02,1.926068589091300964e-02,3.442177176475524902e-01,-2.492213388904929161e-03,1.570931077003479004e+00,1.695347577879147138e-06,-1.506467233411967754e-04,5.517413839697837830e-03,1.880775764584541321e-02,-3.469026386737823486e-01,2.227148041129112244e-03,1.571162581443786621e+00,-4.883323708781972528e-05,-1.157768128905445337e-04,-5.337133537977933884e-03
-9.092625975608825684e-01,-1.949032902717590332e+00,8.894953131675720215e-01,2.641367726027965546e-02,2.615217864513397217e-02,-6.710126996040344238e-01,7.405135631561279297e-01,-1.062924191355705261e-01,-2.984288707375526428e-02,6.149014923721551895e-03,3.130146861076354980e-01,-2.959927916526794434e-01,2.641855739057064056e-02,-1.158757880330085754e-01,3.962460905313491821e-03,-7.640486001037061214e-04,3.084371089935302734e-01,-2.816040217876434326e-01,-8.062128908932209015e-03,-2.416829920548480004e-05,-2.754200715571641922e-03,-8.656532317399978638e-02,1.896954327821731567e-02,3.442854285240173340e-01,-2.442149911075830460e-03,1.571120262145996094e+00,1.697453262750059366e-05,-1.977100182557478547e-04,5.418400280177593231e-03,1.851570792496204376e-02,-3.469431102275848389e-01,2.187535399571061134e-03,1.571347236633300781e+00,-6.068477159715257585e-05,-1.588795566931366920e-04,-5.253364332020282745e-03
-9.092606902122497559e-01,-1.949049711227416992e+00,8.895531892776489258e-01,2.623428963124752045e-02,2.597774378955364227e-02,-6.710231304168701172e-01,7.405166625976562500e-01,-1.047845333814620972e-01,-2.980840951204299927e-02,6.119804456830024719e-03,3.111140131950378418e-01,-2.951272726058959961e-01,2.641030028462409973e-02,-1.142964139580726624e-01,4.002263769507408142e-03,-7.592973997816443443e-04,3.063734173774719238e-01,-2.806468307971954346e-01,-8.067869581282138824e-03,-1.213790164911188185e-05,-2.723968122154474258e-03,-8.601089566946029663e-02,1.886319927871227264e-02,3.443068265914916992e-01,-2.424760954454541206e-03,1.571184992790222168e+00,2.127755578840151429e-05,-2.219242887804284692e-04,5.396676249802112579e-03,1.840963028371334076e-02,-3.469609320163726807e-01,2.171862637624144554e-03,1.571410775184631348e+00,-6.399122503353282809e-05,-1.819972239900380373e-04,-5.235207732766866684e-03
-9.092593789100646973e-01,-1.949060440063476562e+00,8.895877003669738770e-01,2.608439698815345764e-02,2.582651562988758087e-02,-6.710309982299804688e-01,7.405201196670532227e-01,-1.037267744541168213e-01,-2.978777326643466949e-02,6.101513747125864029e-03,3.099632263183593750e-01,-2.946250140666961670e-01,2.640535682439804077e-02,-1.131954640150070190e-01,4.026197362691164017e-03,-7.562986575067043304e-04,3.051243424415588379e-01,-2.800894677639007568e-01,-8.071254007518291473e-03,-4.071173862030263990e-06,-2.704840386286377907e-03,-8.555575460195541382e-02,1.881082728505134583e-02,3.443166017532348633e-01,-2.415529917925596237e-03,1.571207761764526367e+00,2.256609514006413519e-05,-2.309801639057695866e-04,5.389344412833452225e-03,1.835778728127479553e-02,-3.469716906547546387e-01,2.162361284717917442e-03,1.571433186531066895e+00,-6.504180782940238714e-05,-1.907989062601700425e-04,-5.228620022535324097e-03
-9.092586040496826172e-01,-1.949067354202270508e+00,8.896086812019348145e-01,2.596922218799591064e-02,2.570815756916999817e-02,-6.710367202758789062e-01,7.405230402946472168e-01,-1.029959246516227722e-01,-2.977524325251579285e-02,6.090010050684213638e-03,3.092555403709411621e-01,-2.943280935287475586e-01,2.640245854854583740e-02,-1.124387383460998535e-01,4.040967673063278198e-03,-7.543458486907184124e-04,3.043576180934906006e-01,-2.797594070434570312e-01,-8.073343895375728607e-03,1.276871330446738284e-06,-2.692826557904481888e-03,-8.520525693893432617e-02,1.877761632204055786e-02,3.443221747875213623e-01,-2.408948494121432304e-03,1.571216702461242676e+00,2.310701529495418072e-05,-2.336807083338499069e-04,5.385740194469690323e-03,1.832504570484161377e-02,-3.469786047935485840e-01,2.155207796022295952e-03,1.571441888809204102e+00,-6.554978608619421721e-05,-1.934553438331931829e-04,-5.225122440606355667e-03
-9.092581272125244141e-01,-1.949071645736694336e+00,8.896215558052062988e-01,2.588472329080104828e-02,2.562031708657741547e-02,-6.710407733917236328e-01,7.405253648757934570e-01,-1.024959832429885864e-01,-2.976755052804946899e-02,6.082720588892698288e-03,3.088145554065704346e-01,-2.941496372222900391e-01,2.640069276094436646e-02,-1.119233518838882446e-01,4.050128161907196045e-03,-7.530436851084232330e-04,3.038812279701232910e-01,-2.795610427856445312e-01,-8.074643090367317200e-03,4.799164344149176031e-06,-2.685339190065860748e-03,-8.494646102190017700e-02,1.875397004187107086e-02,3.443256020545959473e-01,-2.403877209872007370e-03,1.571220993995666504e+00,2.345290158700663596e-05,-2.341812796657904983e-04,5.383621901273727417e-03,1.830175146460533142e-02,-3.469830453395843506e-01,2.149635693058371544e-03,1.571446061134338379e+00,-6.590998964384198189e-05,-1.939570647664368153e-04,-5.222985520958900452e-03
-9.092577695846557617e-01,-1.949074387550354004e+00,8.896296620368957520e-01,2.582447230815887451e-02,2.555718831717967987e-02,-6.710436344146728516e-01,7.405270934104919434e-01,-1.021563708782196045e-01,-2.976294420659542084e-02,6.078099366277456284e-03,3.085365593433380127e-01,-2.940407395362854004e-01,2.639975212514400482e-02,-1.115745678544044495e-01,4.055844619870185852e-03,-7.521634106524288654e-04,3.035821020603179932e-01,-2.794401645660400391e-01,-8.075457066297531128e-03,7.118344910850282758e-06,-2.680672565475106239e-03,-8.476073294878005981e-02,1.873668655753135681e-02,3.443278074264526367e-01,-2.400008030235767365e-03,1.571223497390747070e+00,2.371855953242629766e-05,-2.340548235224559903e-04,5.382295232266187668e-03,1.828471571207046509e-02,-3.469859361648559570e-01,2.145395148545503616e-03,1.571448445320129395e+00,-6.619666964979842305e-05,-1.938385394169017673e-04,-5.221628118306398392e-03
-9.092575907707214355e-01,-1.949076175689697266e+00,8.896347284317016602e-01,2.578233182430267334e-02,2.551274187862873077e-02,-6.710456013679504395e-01,7.405282855033874512e-01,-1.019268557429313660e-01,-2.976006828248500824e-02,6.075120996683835983e-03,3.083595931529998779e-01,-2.939733564853668213e-01,2.639909274876117706e-02,-1.113396286964416504e-01,4.059355705976486206e-03,-7.515635224990546703e-04,3.033925890922546387e-01,-2.793656587600708008e-01,-8.075955323874950409e-03,8.629626790934707969e-06,-2.677810145542025566e-03,-8.463007211685180664e-02,1.872414536774158478e-02,3.443292379379272461e-01,-2.397138392552733421e-03,1.571225285530090332e+00,2.392620626778807491e-05,-2.338189224246889353e-04,5.381444003432989120e-03,1.827234588563442230e-02,-3.469877839088439941e-01,2.142261480912566185e-03,1.571450114250183105e+00,-6.642186781391501427e-05,-1.936094631673768163e-04,-5.220753606408834457e-03
-9.092574715614318848e-01,-1.949077367782592773e+00,8.896379470825195312e-01,2.575324475765228271e-02,2.548190392553806305e-02,-6.710469126701354980e-01,7.405291795730590820e-01,-1.017723307013511658e-01,-2.975831925868988037e-02,6.073198746889829636e-03,3.082459867000579834e-01,-2.939311563968658447e-01,2.639868669211864471e-02,-1.111819297075271606e-01,4.061521030962467194e-03,-7.511542644351720810e-04,3.032715916633605957e-01,-2.793192267417907715e-01,-8.076261729001998901e-03,9.614432201487943530e-06,-2.676053903996944427e-03,-8.453943580389022827e-02,1.871518418192863464e-02,3.443301916122436523e-01,-2.395062707364559174e-03,1.571226477622985840e+00,2.408377622487023473e-05,-2.336156467208638787e-04,5.380891729146242142e-03,1.826350018382072449e-02,-3.469890058040618896e-01,2.140004653483629227e-03,1.571451306343078613e+00,-6.659277278231456876e-05,-1.934110478032380342e-04,-5.220187362283468246e-03
-9.092573523521423340e-01,-1.949078083038330078e+00,8.896400332450866699e-01,2.573335915803909302e-02,2.546072937548160553e-02,-6.710478067398071289e-01,7.405297756195068359e-01,-1.016685962677001953e-01,-2.975726686418056488e-02,6.071954034268856049e-03,3.081725835800170898e-01,-2.939044237136840820e-01,2.639843709766864777e-02,-1.110763475298881531e-01,4.062849096953868866e-03,-7.508738199248909950e-04,3.031938374042510986e-01,-2.792899906635284424e-01,-8.076447993516921997e-03,1.025515302899293602e-05,-2.674982883036136627e-03,-8.447722345590591431e-02,1.870887540280818939e-02,3.443308174610137939e-01,-2.393591217696666718e-03,1.571227431297302246e+00,2.419978045509196818e-05,-2.334679884370416403e-04,5.380531307309865952e-03,1.825727149844169617e-02,-3.469897806644439697e-01,2.138410927727818489e-03,1.571452140808105469e+00,-6.671829760307446122e-05,-1.932666637003421783e-04,-5.219818558543920517e-03
-9.092572927474975586e-01,-1.949078559875488281e+00,8.896413445472717285e-01,2.571986243128776550e-02,2.544630132615566254e-02,-6.710484623908996582e-01,7.405301928520202637e-01,-1.015991121530532837e-01,-2.975664101541042328e-02,6.071146111935377121e-03,3.081248402595520020e-01,-2.938873469829559326e-01,2.639828622341156006e-02,-1.110058054327964783e-01,4.063657950609922409e-03,-7.506811525672674179e-04,3.031435906887054443e-01,-2.792714536190032959e-01,-8.076560683548450470e-03,1.067123776010703295e-05,-2.674334449693560600e-03,-8.443484455347061157e-02,1.870449259877204895e-02,3.443312346935272217e-01,-2.392563968896865845e-03,1.571228027343750000e+00,2.428308289381675422e-05,-2.333673910470679402e-04,5.380294751375913620e-03,1.825294084846973419e-02,-3.469902873039245605e-01,2.137301955372095108e-03,1.571452736854553223e+00,-6.680822116322815418e-05,-1.931682490976527333e-04,-5.219577345997095108e-03
-9.092572927474975586e-01,-1.949078917503356934e+00,8.896422386169433594e-01,2.571074850857257843e-02,2.543652430176734924e-02,-6.710488200187683105e-01,7.405304908752441406e-01,-1.015526503324508667e-01,-2.975627221167087555e-02,6.070619914680719376e-03,3.080936372280120850e-01,-2.938763499259948730e-01,2.639819495379924774e-02,-1.109587550163269043e-01,4.064146894961595535e-03,-7.505486719310283661e-04,3.031109571456909180e-01,-2.792596220970153809e-01,-8.076626807451248169e-03,1.094096387532772496e-05,-2.673945855349302292e-03,-8.440614491701126099e-02,1.870147697627544403e-02,3.443315029144287109e-01,-2.391855232417583466e-03,1.571228384971618652e+00,2.434178350085858256e-05,-2.333006559638306499e-04,5.380139220505952835e-03,1.824996061623096466e-02,-3.469906151294708252e-01,2.136538503691554070e-03,1.571453213691711426e+00,-6.687146378681063652e-05,-1.931029401021078229e-04,-5.219419952481985092e-03
-9.092572927474975586e-01,-1.949079036712646484e+00,8.896428346633911133e-01,2.570462040603160858e-02,2.542992681264877319e-02,-6.710491180419921875e-01,7.405306696891784668e-01,-1.015216186642646790e-01,-2.975605987012386322e-02,6.070276256650686264e-03,3.080731928348541260e-01,-2.938691973686218262e-01,2.639813907444477081e-02,-1.109274029731750488e-01,4.064439330250024796e-03,-7.504575769416987896e-04,3.030897378921508789e-01,-2.792520225048065186e-01,-8.076665922999382019e-03,1.111552592192310840e-05,-2.673715120181441307e-03,-8.438679575920104980e-02,1.869941875338554382e-02,3.443317115306854248e-01,-2.391370479017496109e-03,1.571228742599487305e+00,2.438256706227548420e-05,-2.332568546989932656e-04,5.380036309361457825e-03,1.824792660772800446e-02,-3.469908237457275391e-01,2.136017428711056709e-03,1.571453452110290527e+00,-6.691532325930893421e-05,-1.930600847117602825e-04,-5.219316110014915466e-03
-9.092572331428527832e-01,-1.949079155921936035e+00,8.896431922912597656e-01,2.570051141083240509e-02,2.542548999190330505e-02,-6.710492968559265137e-01,7.405307888984680176e-01,-1.015009209513664246e-01,-2.975594066083431244e-02,6.070051807910203934e-03,3.080597221851348877e-01,-2.938645482063293457e-01,2.639810740947723389e-02,-1.109065338969230652e-01,4.064612556248903275e-03,-7.503948872908949852e-04,3.030758500099182129e-01,-2.792471051216125488e-01,-8.076689206063747406e-03,1.122832600231049582e-05,-2.673580311238765717e-03,-8.437379449605941772e-02,1.869802363216876984e-02,3.443318307399749756e-01,-2.391041023656725883e-03,1.571228981018066406e+00,2.441060314595233649e-05,-2.332282019779086113e-04,5.379968788474798203e-03,1.824654452502727509e-02,-3.469909727573394775e-01,2.135664224624633789e-03,1.571453690528869629e+00,-6.694543844787403941e-05,-1.930320577230304480e-04,-5.219248123466968536e-03
-9.092572331428527832e-01,-1.949079275131225586e+00,8.896434307098388672e-01,2.569776587188243866e-02,2.542251534759998322e-02,-6.710494160652160645e-01,7.405309081077575684e-01,-1.014871224761009216e-01,-2.975587360560894012e-02,6.069905124604701996e-03,3.080508708953857422e-01,-2.938615083694458008e-01,2.639808878302574158e-02,-1.108926534652709961e-01,4.064713604748249054e-03,-7.503517554141581059e-04,3.030667603015899658e-01,-2.792439162731170654e-01,-8.076701313257217407e-03,1.130111013480927795e-05,-2.673503011465072632e-03,-8.436507731676101685e-02,1.869708113372325897e-02,3.443318903446197510e-01,-2.390818437561392784e-03,1.571229100227355957e+00,2.442972436256241053e-05,-2.332094591110944748e-04,5.379923619329929352e-03,1.824561320245265961e-02,-3.469910621643066406e-01,2.135425806045532227e-03,1.571453809738159180e+00,-6.696595664834603667e-05,-1.930137223098427057e-04,-5.219203419983386993e-03
-9.092572331428527832e-01,-1.949079394340515137e+00,8.896436095237731934e-01,2.569593116641044617e-02,2.542052231729030609e-02,-6.710494756698608398e-01,7.405309677124023438e-01,-1.014779359102249146e-01,-2.975584007799625397e-02,6.069808732718229294e-03,3.080449998378753662e-01,-2.938594818115234375e-01,2.639807760715484619e-02,-1.108834296464920044e-01,4.064771346747875214e-03,-7.503221277147531509e-04,3.030607998371124268e-01,-2.792418599128723145e-01,-8.076707832515239716e-03,1.134800822910619900e-05,-2.673459704965353012e-03,-8.435925096273422241e-02,1.869644783437252045e-02,3.443319499492645264e-01,-2.390668494626879692e-03,1.571229219436645508e+00,2.444268830004148185e-05,-2.331971627427265048e-04,5.379893817007541656e-03,1.824498549103736877e-02,-3.469911217689514160e-01,2.135265385732054710e-03,1.571453928947448730e+00,-6.697985372738912702e-05,-1.930017024278640747e-04,-5.219173617660999298e-03
-9.092572331428527832e-01,-1.949079394340515137e+00,8.896436691284179688e-01,2.569470927119255066e-02,2.541919238865375519e-02,-6.710495352745056152e-01,7.405309677124023438e-01,-1.014718189835548401e-01,-2.975582331418991089e-02,6.069745402783155441e-03,3.080410957336425781e-01,-2.938581705093383789e-01,2.639807015657424927e-02,-1.108773052692413330e-01,4.064803477376699448e-03,-7.503017550334334373e-04,3.030568659305572510e-01,-2.792404890060424805e-01,-8.076711557805538177e-03,1.137818526331102476e-05,-2.673436189070343971e-03,-8.435536175966262817e-02,1.869602128863334656e-02,3.443320095539093018e-01,-2.390567678958177567e-03,1.571229219436645508e+00,2.445143763907253742e-05,-2.331891009816899896e-04,5.379874259233474731e-03,1.824456453323364258e-02,-3.469911515712738037e-01,2.135157817974686623e-03,1.571453928947448730e+00,-6.698921788483858109e-05,-1.929938152898102999e-04,-5.219154059886932373e-03
-9.092572331428527832e-01,-1.949079394340515137e+00,8.896437287330627441e-01,2.569389715790748596e-02,2.541830204427242279e-02,-6.710495948791503906e-01,7.405310273170471191e-01,-1.014677435159683228e-01,-2.975581586360931396e-02,6.069703958928585052e-03,3.080385327339172363e-01,-2.938572764396667480e-01,2.639806829392910004e-02,-1.108732298016548157e-01,4.064820706844329834e-03,-7.502877851948142052e-04,3.030542731285095215e-01,-2.792395949363708496e-01,-8.076713420450687408e-03,1.139757569035282359e-05,-2.673424081876873970e-03,-8.435276150703430176e-02,1.869573816657066345e-02,3.443320095539093018e-01,-2.390500390902161598e-03,1.571229338645935059e+00,2.445732025080360472e-05,-2.331838040845468640e-04,5.379860755056142807e-03,1.824428327381610870e-02,-3.469911813735961914e-01,2.135085873305797577e-03,1.571454048156738281e+00,-6.699551886413246393e-05,-1.929886348079890013e-04,-5.219141487032175064e-03
-9.092572331428527832e-01,-1.949079394340515137e+00,8.896437883377075195e-01,2.569335512816905975e-02,2.541770972311496735e-02,-6.710495948791503906e-01,7.405310273170471191e-01,-1.014650389552116394e-01,-2.975581400096416473e-02,6.069676950573921204e-03,3.080368340015411377e-01,-2.938567101955413818e-01,2.639806643128395081e-02,-1.108705326914787292e-01,4.064829088747501373e-03,-7.502781227231025696e-04,3.030525743961334229e-01,-2.792390286922454834e-01,-8.076713420450687408e-03,1.140998392656911165e-05,-2.673418726772069931e-03,-8.435103297233581543e-02,1.869554631412029266e-02,3.443320393562316895e-01,-2.390455221757292747e-03,1.571229338645935059e+00,2.446126745780929923e-05,-2.331803116248920560e-04,5.379852373152971268e-03,1.824409514665603638e-02,-3.469912111759185791e-01,2.135037910193204880e-03,1.571454048156738281e+00,-6.699973164359107614e-05,-1.929852151079103351e-04,-5.219132639467716217e-03
-9.092572331428527832e-01,-1.949079394340515137e+00,8.896438479423522949e-01,2.569299563765525818e-02,2.541731484234333038e-02,-6.710496544837951660e-01,7.405310273170471191e-01,-1.014632359147071838e-01,-2.975581586360931396e-02,6.069658789783716202e-03,3.080356717109680176e-01,-2.938563227653503418e-01,2.639806456863880157e-02,-1.108687371015548706e-01,4.064832814037799835e-03,-7.502715452574193478e-04,3.030514717102050781e-01,-2.792386412620544434e-01,-8.076713420450687408e-03,1.141791562986327335e-05,-2.673416631296277046e-03,-8.434988558292388916e-02,1.869541965425014496e-02,3.443320393562316895e-01,-2.390425186604261398e-03,1.571229338645935059e+00,2.446390681143384427e-05,-2.331779978703707457e-04,5.379846319556236267e-03,1.824397034943103790e-02,-3.469912111759185791e-01,2.135006012395024300e-03,1.571454048156738281e+00,-6.700255471514537930e-05,-1.929829595610499382e-04,-5.219127051532268524e-03
-9.092572331428527832e-01,-1.949079394340515137e+00,8.896438479423522949e-01,2.569275721907615662e-02,2.541705220937728882e-02,-6.710496544837951660e-01,7.405310273170471191e-01,-1.014620363712310791e-01,-2.975581772625446320e-02,6.069647148251533508e-03,3.080349266529083252e-01,-2.938560545444488525e-01,2.639806456863880157e-02,-1.108675450086593628e-01,4.064834211021661758e-03,-7.502670632675290108e-04,3.030507266521453857e-01,-2.792384028434753418e-01,-8.076713420450687408e-03,1.142299606726737693e-05,-2.673416398465633392e-03,-8.434911817312240601e-02,1.869533583521842957e-02,3.443320691585540771e-01,-2.390404930338263512e-03,1.571229338645935059e+00,2.446567123115528375e-05,-2.331764699192717671e-04,5.379842594265937805e-03,1.824388653039932251e-02,-3.469912111759185791e-01,2.134984591975808144e-03,1.571454048156738281e+00,-6.700443918816745281e-05,-1.929814752656966448e-04,-5.219123326241970062e-03
-9.092572331428527832e-01,-1.949079513549804688e+00,8.896438479423522949e-01,2.569259889423847198e-02,2.541687525808811188e-02,-6.710496544837951660e-01,7.405310869216918945e-01,-1.014612391591072083e-01,-2.975581958889961243e-02,6.069639232009649277e-03,3.080344200134277344e-01,-2.938559055328369141e-01,2.639806456863880157e-02,-1.108667552471160889e-01,4.064834211021661758e-03,-7.502639782615005970e-04,3.030502498149871826e-01,-2.792382240295410156e-01,-8.076713420450687408e-03,1.142624478234210983e-05,-2.673416864126920700e-03,-8.434861153364181519e-02,1.869527995586395264e-02,3.443320691585540771e-01,-2.390391658991575241e-03,1.571229338645935059e+00,2.446684629830997437e-05,-2.331754658371210098e-04,5.379839800298213959e-03,1.824383065104484558e-02,-3.469912409782409668e-01,2.134970389306545258e-03,1.571454048156738281e+00,-6.700569792883470654e-05,-1.929804857354611158e-04,-5.219120997935533524e-03
-9.092572331428527832e-01,-1.949079513549804688e+00,8.896438479423522949e-01,2.569249272346496582e-02,2.541675977408885956e-02,-6.710496544837951660e-01,7.405310869216918945e-01,-1.014607101678848267e-01,-2.975582145154476166e-02,6.069634109735488892e-03,3.080340921878814697e-01,-2.938557863235473633e-01,2.639806456863880157e-02,-1.108662337064743042e-01,4.064833745360374451e-03,-7.502618827857077122e-04,3.030499219894409180e-01,-2.792381346225738525e-01,-8.076713420450687408e-03,1.142831752076745033e-05,-2.673417562618851662e-03,-8.434826880693435669e-02,1.869524270296096802e-02,3.443320691585540771e-01,-2.390382811427116394e-03,1.571229338645935059e+00,2.446763210173230618e-05,-2.331747964490205050e-04,5.379838403314352036e-03,1.824379339814186096e-02,-3.469912409782409668e-01,2.134960843250155449e-03,1.571454048156738281e+00,-6.700653466396033764e-05,-1.929798308992758393e-04,-5.219119600951671600e-03
-9.092572331428527832e-01,-1.949079513549804688e+00,8.896439075469970703e-01,2.569242380559444427e-02,2.541668154299259186e-02,-6.710496544837951660e-01,7.405310869216918945e-01,-1.014603599905967712e-01,-2.975582145154476166e-02,6.069630850106477737e-03,3.080338835716247559e-01,-2.938556969165802002e-01,2.639806456863880157e-02,-1.108658835291862488e-01,4.064833279699087143e-03,-7.502604275941848755e-04,3.030497133731842041e-01,-2.792380452156066895e-01,-8.076712489128112793e-03,1.142963810707442462e-05,-2.673418261110782623e-03,-8.434804528951644897e-02,1.869521662592887878e-02,3.443320691585540771e-01,-2.390376757830381393e-03,1.571229338645935059e+00,2.446815415169112384e-05,-2.331743598915636539e-04,5.379837006330490112e-03,1.824376918375492096e-02,-3.469912409782409668e-01,2.134954556822776794e-03,1.571454048156738281e+00,-6.700708763673901558e-05,-1.929794088937342167e-04,-5.219118203967809677e-03
-9.092572331428527832e-01,-1.949079513549804688e+00,8.896439075469970703e-01,2.569237723946571350e-02,2.541662938892841339e-02,-6.710496544837951660e-01,7.405310869216918945e-01,-1.014601215720176697e-01,-2.975582331418991089e-02,6.069628521800041199e-03,3.080337345600128174e-01,-2.938556671142578125e-01,2.639806456863880157e-02,-1.108656525611877441e-01,4.064833279699087143e-03,-7.502595544792711735e-04,3.030495643615722656e-01,-2.792380154132843018e-01,-8.076712489128112793e-03,1.143051122198812664e-05,-2.673418726772069931e-03,-8.434789627790451050e-02,1.869519986212253571e-02,3.443320691585540771e-01,-2.390372799709439278e-03,1.571229338645935059e+00,2.446849975967779756e-05,-2.331740688532590866e-04,5.379836540669202805e-03,1.824375241994857788e-02,-3.469912409782409668e-01,2.134950365871191025e-03,1.571454048156738281e+00,-6.700745871057733893e-05,-1.929791178554296494e-04,-5.219117738306522369e-03
-9.092572331428527832e-01,-1.949079513549804688e+00,8.896439075469970703e-01,2.569234557449817657e-02,2.541659586131572723e-02,-6.710496544837951660e-01,7.405310869216918945e-01,-1.014599651098251343e-01,-2.975582331418991089e-02,6.069627124816179276e-03,3.080336153507232666e-01,-2.938556373119354248e-01,2.639806456863880157e-02,-1.108654960989952087e-01,4.064832814037799835e-03,-7.502589141950011253e-04,3.030494749546051025e-01,-2.792379856109619141e-01,-8.076712489128112793e-03,1.143108420365024358e-05,-2.673419192433357239e-03,-8.434779942035675049e-02,1.869518868625164032e-02,3.443320691585540771e-01,-2.390370238572359085e-03,1.571229338645935059e+00,2.446873077133204788e-05,-2.331738796783611178e-04,5.379836075007915497e-03,1.824374124407768250e-02,-3.469912409782409668e-01,2.134947804734110832e-03,1.571454048156738281e+00,-6.700770609313622117e-05,-1.929789286805316806e-04,-5.219117272645235062e-03
-9.092572331428527832e-01,-1.949079513549804688e+00,8.896439075469970703e-01,2.569232508540153503e-02,2.541657350957393646e-02,-6.710496544837951660e-01,7.405310869216918945e-01,-1.014598608016967773e-01,-2.975582517683506012e-02,6.069626193493604660e-03,3.080335557460784912e-01,-2.938556075096130371e-01,2.639806456863880157e-02,-1.108653992414474487e-01,4.064832348376512527e-03,-7.502584485337138176e-04,3.030494153499603271e-01,-2.792379558086395264e-01,-8.076712489128112793e-03,1.143144163506804034e-05,-2.673419425264000893e-03,-8.434773236513137817e-02,1.869518309831619263e-02,3.443320691585540771e-01,-2.390368375927209854e-03,1.571229338645935059e+00,2.446888538543134928e-05,-2.331737487111240625e-04,5.379835609346628189e-03,1.824373379349708557e-02,-3.469912409782409668e-01,2.134945942088961601e-03,1.571454167366027832e+00,-6.700786616420373321e-05,-1.929788122652098536e-04,-5.219116806983947754e-03
-9.092572331428527832e-01,-1.949079513549804688e+00,8.896439075469970703e-01,2.569231204688549042e-02,2.541655860841274261e-02,-6.710496544837951660e-01,7.405310869216918945e-01,-1.014597937464714050e-01,-2.975582517683506012e-02,6.069625727832317352e-03,3.080335259437561035e-01,-2.938555777072906494e-01,2.639806456863880157e-02,-1.108653321862220764e-01,4.064831882715225220e-03,-7.502581574954092503e-04,3.030493557453155518e-01,-2.792379558086395264e-01,-8.076712489128112793e-03,1.143166446126997471e-05,-2.673419890925288200e-03,-8.434768766164779663e-02,1.869517751038074493e-02,3.443320691585540771e-01,-2.390367211773991585e-03,1.571229338645935059e+00,2.446898724883794785e-05,-2.331736613996326923e-04,5.379835609346628189e-03,1.824373006820678711e-02,-3.469912409782409668e-01,2.134944545105099678e-03,1.571454167366027832e+00,-6.700797530356794596e-05,-1.929787249537184834e-04,-5.219116806983947754e-03
-9.092572331428527832e-01,-1.949079513549804688e+00,8.896439075469970703e-01,2.569230273365974426e-02,2.541654743254184723e-02,-6.710496544837951660e-01,7.405310869216918945e-01,-1.014597490429878235e-01,-2.975582517683506012e-02,6.069625262171030045e-03,3.080334961414337158e-01,-2.938555777072906494e-01,2.639806456863880157e-02,-1.108652874827384949e-01,4.064831882715225220e-03,-7.502579246647655964e-04,3.030493259429931641e-01,-2.792379260063171387e-01,-8.076712489128112793e-03,1.143180452345404774e-05,-2.673420123755931854e-03,-8.434765785932540894e-02,1.869517378509044647e-02,3.443320691585540771e-01,-2.390366513282060623e-03,1.571229338645935059e+00,2.446905637043528259e-05,-2.331736031919717789e-04,5.379835143685340881e-03,1.824372634291648865e-02,-3.469912409782409668e-01,2.134943846613168716e-03,1.571454167366027832e+00,-6.700804806314408779e-05,-1.929786667460575700e-04,-5.219116341322660446e-03
-9.092572331428527832e-01,-1.949079513549804688e+00,8.896439075469970703e-01,2.569229714572429657e-02,2.541654184460639954e-02,-6.710496544837951660e-01,7.405310869216918945e-01,-1.014597192406654358e-01,-2.975582517683506012e-02,6.069624796509742737e-03,3.080334663391113281e-01,-2.938555777072906494e-01,2.639806456863880157e-02,-1.108652576804161072e-01,4.064831417053937912e-03,-7.502577500417828560e-04,3.030493259429931641e-01,-2.792379260063171387e-01,-8.076712489128112793e-03,1.143189183494541794e-05,-2.673420356586575508e-03,-8.434763550758361816e-02,1.869517192244529724e-02,3.443320691585540771e-01,-2.390366047620773315e-03,1.571229338645935059e+00,2.446910002618096769e-05,-2.331735740881413221e-04,5.379835143685340881e-03,1.824372448027133942e-02,-3.469912409782409668e-01,2.134943380951881409e-03,1.571454167366027832e+00,-6.700809899484738708e-05,-1.929786376422271132e-04,-5.219116341322660446e-03
-9.092572331428527832e-01,-1.949079513549804688e+00,8.896439075469970703e-01,2.569229342043399811e-02,2.541653625667095184e-02,-6.710496544837951660e-01,7.405310869216918945e-01,-1.014596968889236450e-01,-2.975582517683506012e-02,6.069624796509742737e-03,3.080334663391113281e-01,-2.938555777072906494e-01,2.639806456863880157e-02,-1.108652353286743164e-01,4.064831417053937912e-03,-7.502576918341219425e-04,3.030492961406707764e-01,-2.792379260063171387e-01,-8.076712489128112793e-03,1.143194640462752432e-05,-2.673420589417219162e-03,-8.434762805700302124e-02,1.869517005980014801e-02,3.443320691585540771e-01,-2.390365581959486008e-03,1.571229338645935059e+00,2.446913094900082797e-05,-2.331735449843108654e-04,5.379835143685340881e-03,1.824372261762619019e-02,-3.469912409782409668e-01,2.134942915290594101e-03,1.571454167366027832e+00,-6.700812809867784381e-05,-1.929786085383966565e-04,-5.219116341322660446e-03
-9.092572331428527832e-01,-1.949079513549804688e+00,8.896439075469970703e-01,2.569229155778884888e-02,2.541653439402580261e-02,-6.710496544837951660e-01,7.405310869216918945e-01,-1.014596894383430481e-01,-2.975582517683506012e-02,6.069624796509742737e-03,3.080334365367889404e-01,-2.938555777072906494e-01,2.639806456863880157e-02,-1.108652204275131226e-01,4.064831417053937912e-03,-7.502576336264610291e-04,3.030492961406707764e-01,-2.792379260063171387e-01,-8.076712489128112793e-03,1.143198005593148991e-05,-2.673420589417219162e-03,-8.434762060642242432e-02,1.869517005980014801e-02,3.443320691585540771e-01,-2.390365349128842354e-03,1.571229338645935059e+00,2.446915095788426697e-05,-2.331735304323956370e-04,5.379835143685340881e-03,1.824372075498104095e-02,-3.469912409782409668e-01,2.134942682459950447e-03,1.571454167366027832e+00,-6.700814992655068636e-05,-1.929785939864814281e-04,-5.219116341322660446e-03
-9.092572331428527832e-01,-1.949079513549804688e+00,8.896439075469970703e-01,2.569228969514369965e-02,2.541653253138065338e-02,-6.710496544837951660e-01,7.405310869216918945e-01,-1.014596745371818542e-01,-2.975582517683506012e-02,6.069624796509742737e-03,3.080334365367889404e-01,-2.938555479049682617e-01,2.639806456863880157e-02,-1.108652129769325256e-01,4.064831417053937912e-03,-7.502575754188001156e-04,3.030492961406707764e-01,-2.792379260063171387e-01,-8.076712489128112793e-03,1.143200097430963069e-05,-2.673420589417219162e-03,-8.434761315584182739e-02,1.869516819715499878e-02,3.443320691585540771e-01,-2.390365349128842354e-03,1.571229457855224609e+00,2.446916369081009179e-05,-2.331735158804804087e-04,5.379835143685340881e-03,1.824372075498104095e-02,-3.469912409782409668e-01,2.134942449629306793e-03,1.571454167366027832e+00,-6.700816447846591473e-05,-1.929785794345661998e-04,-5.219116341322660446e-03
-9.092572331428527832e-01,-1.949079513549804688e+00,8.896439075469970703e-01,2.569228783249855042e-02,2.541653066873550415e-02,-6.710496544837951660e-01,7.405310869216918945e-01,-1.014596745371818542e-01,-2.975582517683506012e-02,6.069624330848455429e-03,3.080334365367889404e-01,-2.938555479049682617e-01,2.639806456863880157e-02,-1.108652055263519287e-01,4.064830951392650604e-03,-7.502575172111392021e-04,3.030492961406707764e-01,-2.792379260063171387e-01,-8.076712489128112793e-03,1.143201461673015729e-05,-2.673420822247862816e-03,-8.434760570526123047e-02,1.869516819715499878e-02,3.443320691585540771e-01,-2.390365116298198700e-03,1.571229457855224609e+00,2.446917278575710952e-05,-2.331735158804804087e-04,5.379835143685340881e-03,1.824372075498104095e-02,-3.469912409782409668e-01,2.134942449629306793e-03,1.571454167366027832e+00,-6.700817175442352891e-05,-1.929785794345661998e-04,-5.219116341322660446e-03
-9.092572331428527832e-01,-1.949079513549804688e+00,8.896439075469970703e-01,2.569228783249855042e-02,2.541652880609035492e-02,-6.710496544837951660e-01,7.405310869216918945e-01,-1.014596670866012573e-01,-2.975582703948020935e-02,6.069624330848455429e-03,3.080334365367889404e-01,-2.938555479049682617e-01,2.639806456863880157e-02,-1.108652055263519287e-01,4.064830951392650604e-03,-7.502575172111392021e-04,3.030492961406707764e-01,-2.792379260063171387e-01,-8.076712489128112793e-03,1.143202280218247324e-05,-2.673420822247862816e-03,-8.434760570526123047e-02,1.869516819715499878e-02,3.443320691585540771e-01,-2.390365116298198700e-03,1.571229457855224609e+00,2.446917824272532016e-05,-2.331735013285651803e-04,5.379835143685340881e-03,1.824372075498104095e-02,-3.469912409782409668e-01,2.134942449629306793e-03,1.571454167366027832e+00,-6.700817903038114309e-05,-1.929785648826509714e-04,-5.219116341322660446e-03
-9.092572331428527832e-01,-1.949079513549804688e+00,8.896439075469970703e-01,2.569228596985340118e-02,2.541652880609035492e-02,-6.710496544837951660e-01,7.405310869216918945e-01,-1.014596670866012573e-01,-2.975582703948020935e-02,6.069624330848455429e-03,3.080334365367889404e-01,-2.938555479049682617e-01,2.639806456863880157e-02,-1.108652055263519287e-01,4.064830951392650604e-03,-7.502575172111392021e-04,3.030492961406707764e-01,-2.792379260063171387e-01,-8.076712489128112793e-03,1.143202734965598211e-05,-2.673420822247862816e-03,-8.434760570526123047e-02,1.869516819715499878e-02,3.443320691585540771e-01,-2.390365116298198700e-03,1.571229457855224609e+00,2.446918188070412725e-05,-2.331735013285651803e-04,5.379835143685340881e-03,1.824372075498104095e-02,-3.469912409782409668e-01,2.134942216798663139e-03,1.571454167366027832e+00,-6.700818630633875728e-05,-1.929785648826509714e-04,-5.219116341322660446e-03
-9.092572331428527832e-01,-1.949079513549804688e+00,8.896439075469970703e-01,2.569228596985340118e-02,2.541652880609035492e-02,-6.710496544837951660e-01,7.405310869216918945e-01,-1.014596596360206604e-01,-2.975582703948020935e-02,6.069624330848455429e-03,3.080334365367889404e-01,-2.938555479049682617e-01,2.639806456863880157e-02,-1.108651980757713318e-01,4.064830485731363297e-03,-7.502574007958173752e-04,3.030492961406707764e-01,-2.792379260063171387e-01,-8.076712489128112793e-03,1.143199642683612183e-05,-2.673421055078506470e-03,-8.434760570526123047e-02,1.869516819715499878e-02,3.443320691585540771e-01,-2.390365116298198700e-03,1.571229457855224609e+00,2.446918733767233789e-05,-2.331735013285651803e-04,5.379835143685340881e-03,1.824372075498104095e-02,-3.469912409782409668e-01,2.134942216798663139e-03,1.571454167366027832e+00,-6.700818630633875728e-05,-1.929785648826509714e-04,-5.219116341322660446e-03
-9.092572331428527832e-01,-1.949079513549804688e+00,8.896439075469970703e-01,2.569228596985340118e-02,2.541652880609035492e-02,-6.710496544837951660e-01,7.405310869216918945e-01,-1.014596596360206604e-01,-2.975582703948020935e-02,6.069624330848455429e-03,3.080334365367889404e-01,-2.938555479049682617e-01,2.639806456863880157e-02,-1.108651980757713318e-01,4.064830485731363297e-03,-7.502574007958173752e-04,3.030492961406707764e-01,-2.792379260063171387e-01,-8.076711557805538177e-03,1.143195640906924382e-05,-2.673421287909150124e-03,-8.434759825468063354e-02,1.869516819715499878e-02,3.443320691585540771e-01,-2.390365116298198700e-03,1.571229457855224609e+00,2.446918915666174144e-05,-2.331735013285651803e-04,5.379835143685340881e-03,1.824372075498104095e-02,-3.469912409782409668e-01,2.134942216798663139e-03,1.571454167366027832e+00,-6.700819358229637146e-05,-1.929785648826509714e-04,-5.219116341322660446e-03
-9.092572331428527832e-01,-1.949079513549804688e+00,8.896439075469970703e-01,2.569228596985340118e-02,2.541652880609035492e-02,-6.710496544837951660e-01,7.405310869216918945e-01,-1.014596596360206604e-01,-2.975582703948020935e-02,6.069624330848455429e-03,3.080334365367889404e-01,-2.938555479049682617e-01,2.639806456863880157e-02,-1.108651980757713318e-01,4.064830020070075989e-03,-7.502574007958173752e-04,3.030492961406707764e-01,-2.792379260063171387e-01,-8.076711557805538177e-03,1.143193730968050659e-05,-2.673421520739793777e-03,-8.434759825468063354e-02,1.869516819715499878e-02,3.443320691585540771e-01,-2.390365116298198700e-03,1.571229457855224609e+00,2.446918915666174144e-05,-2.331735013285651803e-04,5.379835143685340881e-03,1.824372075498104095e-02,-3.469912409782409668e-01,2.134942216798663139e-03,1.571454167366027832e+00,-6.700819358229637146e-05,-1.929785648826509714e-04,-5.219116341322660446e-03
-9.092572331428527832e-01,-1.949079513549804688e+00,8.896439075469970703e-01,2.569228596985340118e-02,2.541652694344520569e-02,-6.710496544837951660e-01,7.405310869216918945e-01,-1.014596596360206604e-01,-2.975582703948020935e-02,6.069624330848455429e-03,3.080334365367889404e-01,-2.938555479049682617e-01,2.639806456863880157e-02,-1.108651980757713318e-01,4.064830020070075989e-03,-7.502574007958173752e-04,3.030492961406707764e-01,-2.792379260063171387e-01,-8.076711557805538177e-03,1.143192730523878708e-05,-2.673421520739793777e-03,-8.434759825468063354e-02,1.869516819715499878e-02,3.443320691585540771e-01,-2.390365116298198700e-03,1.571229457855224609e+00,2.446919097565114498e-05,-2.331735013285651803e-04,5.379835143685340881e-03,1.824372075498104095e-02,-3.469912409782409668e-01,2.134942216798663139e-03,1.571454167366027832e+00,-6.700819358229637146e-05,-1.929785503307357430e-04,-5.219116341322660446e-03
-9.092572331428527832e-01,-1.949079513549804688e+00,8.896439075469970703e-01,2.569228596985340118e-02,2.541652694344520569e-02,-6.710496544837951660e-01,7.405310869216918945e-01,-1.014596596360206604e-01,-2.975582703948020935e-02,6.069624330848455429e-03,3.080334365367889404e-01,-2.938555479049682617e-01,2.639806456863880157e-02,-1.108651980757713318e-01,4.064830020070075989e-03,-7.502573425881564617e-04,3.030492961406707764e-01,-2.792379260063171387e-01,-8.076711557805538177e-03,1.143192275776527822e-05,-2.673421520739793777e-03,-8.434759825468063354e-02,1.869516819715499878e-02,3.443320691585540771e-01,-2.390365116298198700e-03,1.571229457855224609e+00,2.446919097565114498e-05,-2.331734867766499519e-04,5.379835143685340881e-03,1.824372075498104095e-02,-3.469912409782409668e-01,2.134942216798663139e-03,1.571454167366027832e+00,-6.700819358229637146e-05,-1.929785648826509714e-04,-5.219116341322660446e-03
-9.092572331428527832e-01,-1.949079513549804688e+00,8.896439075469970703e-01,2.569228596985340118e-02,2.541652694344520569e-02,-6.710496544837951660e-01,7.405310869216918945e-01,-1.014596596360206604e-01,-2.975582703948020935e-02,6.069624330848455429e-03,3.080334365367889404e-01,-2.938555479049682617e-01,2.639806456863880157e-02,-1.108651980757713318e-01,4.064830020070075989e-03,-7.502573425881564617e-04,3.030492961406707764e-01,-2.792379260063171387e-01,-8.076711557805538177e-03,1.143192002928117290e-05,-2.673421520739793777e-03,-8.434759825468063354e-02,1.869516819715499878e-02,3.443320691585540771e-01,-2.390364883467555046e-03,1.571229457855224609e+00,2.446919097565114498e-05,-2.331734867766499519e-04,5.379835143685340881e-03,1.824372075498104095e-02,-3.469912409782409668e-01,2.134942216798663139e-03,1.571454167366027832e+00,-6.700819358229637146e-05,-1.929785648826509714e-04,-5.219116341322660446e-03
