-1.770847104489803314e-02,-1.903194375336170197e-02,2.433841228485107422e-01,1.213930454105138779e-02,3.027593949809670448e-03,-8.775773048400878906e-01,4.792718589305877686e-01,-2.911623753607273102e-02,-3.909178078174591064e-02,-1.022336725145578384e-02,2.433433532714843750e-01,-2.475423216819763184e-01,3.024008497595787048e-02,-1.353636942803859711e-02,-8.559791021980345249e-04,-1.718916743993759155e-02,1.988988667726516724e-01,-2.198185175657272339e-01,-8.393043652176856995e-03,-1.677050627768039703e-02,-2.446564380079507828e-03,-6.104540079832077026e-02,1.163619533181190491e-01,2.944017648696899414e-01,-5.054862238466739655e-03,1.432634234428405762e+00,6.902772001922130585e-03,9.740749746561050415e-02,3.990112990140914917e-02,1.226035952568054199e-01,-3.045207858085632324e-01,1.114869141019880772e-03,1.421699166297912598e+00,-9.369744919240474701e-03,1.006441339850425720e-01,-3.994836658239364624e-02
-1.742046885192394257e-02,-1.845527254045009613e-02,2.399948090314865112e-01,4.088120535016059875e-03,1.250988221727311611e-03,-8.810455799102783203e-01,4.730120599269866943e-01,-6.418880075216293335e-02,-3.026400692760944366e-02,4.292459692806005478e-03,3.632431626319885254e-01,-3.166790008544921875e-01,2.874049730598926544e-02,-5.807790532708168030e-02,7.583412341773509979e-03,-4.512066021561622620e-03,3.277401328086853027e-01,-2.877121269702911377e-01,-1.008585933595895767e-02,-2.715549431741237640e-03,5.329278646968305111e-04,-4.239070788025856018e-02,7.045642286539077759e-02,3.083448112010955811e-01,-6.382776424288749695e-03,1.523888826370239258e+00,1.003936748020350933e-03,2.827763743698596954e-02,2.988741919398307800e-02,7.033294439315795898e-02,-3.154338598251342773e-01,6.553182378411293030e-03,1.521826982498168945e+00,-1.333391061052680016e-03,3.033486194908618927e-02,-2.852455899119377136e-02
-1.974844373762607574e-02,-2.166062779724597931e-02,2.390431314706802368e-01,1.770977862179279327e-02,8.970271795988082886e-03,-8.814439773559570312e-01,4.718711674213409424e-01,-8.161163330078125000e-02,-2.837656997144222260e-02,5.668410100042819977e-03,3.543504774570465088e-01,-3.294149339199066162e-01,2.801466733217239380e-02,-8.162319660186767578e-02,9.375328198075294495e-03,-2.413956681266427040e-03,3.297411501407623291e-01,-3.048689067363739014e-01,-1.058732159435749054e-02,-4.717394767794758081e-04,4.989936714991927147e-04,-5.814080312848091125e-02,3.448297083377838135e-02,3.429841399192810059e-01,-3.381216432899236679e-03,1.552483201026916504e+00,2.529012635932303965e-05,1.064468175172805786e-02,1.120281685143709183e-02,3.412245586514472961e-02,-3.467200100421905518e-01,3.707665950059890747e-03,1.551964521408081055e+00,-8.006652933545410633e-05,1.135725807398557663e-02,-1.054294966161251068e-02
-1.977186463773250580e-02,-2.163138613104820251e-02,2.390300184488296509e-01,2.268934063613414764e-02,1.140225306153297424e-02,-8.814604282379150391e-01,4.715746641159057617e-01,-9.333320707082748413e-02,-2.861487306654453278e-02,6.279242690652608871e-03,3.524991571903228760e-01,-3.272875249385833740e-01,2.797318249940872192e-02,-9.654428064823150635e-02,9.117448702454566956e-03,-1.837185351178050041e-03,3.341326415538787842e-01,-3.056015372276306152e-01,-1.060246303677558899e-02,1.437718456145375967e-04,-6.182677316246554255e-05,-6.465978175401687622e-02,2.297134511172771454e-02,3.457706868648529053e-01,-2.487523248419165611e-03,1.564285755157470703e+00,-2.744637822615914047e-05,4.039256833493709564e-03,6.066063884645700455e-03,2.254799567162990570e-02,-3.487330973148345947e-01,2.522517461329698563e-03,1.564261436462402344e+00,1.942086964845657349e-05,4.294598475098609924e-03,-5.743319168686866760e-03
-1.973080448806285858e-02,-2.155271917581558228e-02,2.390009760856628418e-01,2.572383172810077667e-02,1.269666384905576706e-02,-8.814017772674560547e-01,4.714954495429992676e-01,-1.010799854993820190e-01,-2.923724055290222168e-02,6.553439889103174210e-03,3.523474931716918945e-01,-3.259702026844024658e-01,2.806280553340911865e-02,-1.061820462346076965e-01,8.479906246066093445e-03,-1.617597765289247036e-03,3.379524648189544678e-01,-3.063052892684936523e-01,-1.050800178200006485e-02,2.665666979737579823e-04,-6.661665393039584160e-04,-6.967860460281372070e-02,1.900444924831390381e-02,3.462036848068237305e-01,-2.213781699538230896e-03,1.568666815757751465e+00,6.107446097303181887e-06,1.457944395951926708e-03,5.104774143546819687e-03,1.858841441571712494e-02,-3.489643931388854980e-01,2.075835829600691795e-03,1.568798661231994629e+00,-2.540426612540613860e-05,1.560644130222499371e-03,-4.885855596512556076e-03
-1.970574073493480682e-02,-2.150999195873737335e-02,2.389619499444961548e-01,2.770263142883777618e-02,1.347215007990598679e-02,-8.813390731811523438e-01,4.714791178703308105e-01,-1.062922254204750061e-01,-2.981467917561531067e-02,6.698838435113430023e-03,3.527172505855560303e-01,-3.253290951251983643e-01,2.815877273678779602e-02,-1.126342862844467163e-01,7.891336455941200256e-03,-1.514535979367792606e-03,3.410270512104034424e-01,-3.071077764034271240e-01,-1.040996890515089035e-02,2.436563518131151795e-04,-1.174011616967618465e-03,-7.345185428857803345e-02,1.773060858249664307e-02,3.462838828563690186e-01,-2.161766635254025459e-03,1.570280194282531738e+00,2.370337460888549685e-05,4.691738868132233620e-04,4.934672731906175613e-03,1.732604578137397766e-02,-3.489578664302825928e-01,1.948131597600877285e-03,1.570458412170410156e+00,-5.557495751418173313e-05,5.215477431192994118e-04,-4.745151381939649582e-03
-1.969054713845252991e-02,-2.148525603115558624e-02,2.389248907566070557e-01,2.902465313673019409e-02,1.396210771054029465e-02,-8.812882304191589355e-01,4.714803695678710938e-01,-1.098565012216567993e-01,-3.026814758777618408e-02,6.788054481148719788e-03,3.532010912895202637e-01,-3.250209391117095947e-01,2.823668532073497772e-02,-1.170543953776359558e-01,7.429770193994045258e-03,-1.456689788028597832e-03,3.434104025363922119e-01,-3.078342676162719727e-01,-1.033104676753282547e-02,1.878942275652661920e-04,-1.565092010423541069e-03,-7.617522776126861572e-02,1.740211807191371918e-02,3.463046848773956299e-01,-2.178026363253593445e-03,1.570864558219909668e+00,2.868596857297234237e-05,9.285808482673019171e-05,4.907905124127864838e-03,1.700324378907680511e-02,-3.489196896553039551e-01,1.936762360855937004e-03,1.571055769920349121e+00,-6.743155245203524828e-05,1.291428779950365424e-04,-4.728235770016908646e-03
-1.968071796000003815e-02,-2.146952413022518158e-02,2.388938367366790771e-01,2.992239035665988922e-02,1.428196113556623459e-02,-8.812502026557922363e-01,4.714856445789337158e-01,-1.123217344284057617e-01,-3.060582838952541351e-02,6.847737357020378113e-03,3.536527156829833984e-01,-3.248742520809173584e-01,2.829534187912940979e-02,-1.201236024498939514e-01,7.086244411766529083e-03,-1.419966458342969418e-03,3.452129662036895752e-01,-3.084298372268676758e-01,-1.027190778404474258e-02,1.336292043561115861e-04,-1.855412614531815052e-03,-7.810149341821670532e-02,1.738240756094455719e-02,3.463147282600402832e-01,-2.208308083936572075e-03,1.571068525314331055e+00,2.859878077288158238e-05,-5.048262028140015900e-05,4.906190093606710434e-03,1.698505319654941559e-02,-3.488841056823730469e-01,1.959464279934763908e-03,1.571263313293457031e+00,-7.040471246000379324e-05,-1.912220250233076513e-05,-4.731381777673959732e-03
-1.967403478920459747e-02,-2.145887538790702820e-02,2.388693392276763916e-01,3.053905814886093140e-02,1.449523586779832840e-02,-8.812226653099060059e-01,4.714910686016082764e-01,-1.140396744012832642e-01,-3.085222654044628143e-02,6.889353971928358078e-03,3.540280163288116455e-01,-3.248062431812286377e-01,2.833832614123821259e-02,-1.222716867923736572e-01,6.835648790001869202e-03,-1.395031344145536423e-03,3.465537726879119873e-01,-3.088943660259246826e-01,-1.022870652377605438e-02,8.937273378251120448e-05,-2.067332854494452477e-03,-7.945237308740615845e-02,1.744657941162586212e-02,3.463218212127685547e-01,-2.236049389466643333e-03,1.571134209632873535e+00,2.710630724322982132e-05,-1.053804226103238761e-04,4.908226430416107178e-03,1.704883389174938202e-02,-3.488560318946838379e-01,1.986986026167869568e-03,1.571329951286315918e+00,-7.011874549789354205e-05,-7.543364336015656590e-05,-4.736661911010742188e-03
-1.966935023665428162e-02,-2.145141921937465668e-02,2.388506680727005005e-01,3.096612729132175446e-02,1.463948097079992294e-02,-8.812029957771301270e-01,4.714955985546112061e-01,-1.152427196502685547e-01,-3.103046491742134094e-02,6.918888539075851440e-03,3.543226420879364014e-01,-3.247764408588409424e-01,2.836948074400424957e-02,-1.237822100520133972e-01,6.654406432062387466e-03,-1.377551583573222160e-03,3.475397229194641113e-01,-3.092465400695800781e-01,-1.019746437668800354e-02,5.557202166528441012e-05,-2.220751717686653137e-03,-8.039716631174087524e-02,1.752020977437496185e-02,3.463271260261535645e-01,-2.257642103359103203e-03,1.571151256561279297e+00,2.553736703703179955e-05,-1.266486069653183222e-04,4.910326562821865082e-03,1.712144911289215088e-02,-3.488349616527557373e-01,2.010572003200650215e-03,1.571347355842590332e+00,-6.896637933095917106e-05,-9.706346463644877076e-05,-4.741154611110687256e-03
-1.966601982712745667e-02,-2.144611254334449768e-02,2.388367205858230591e-01,3.126363828778266907e-02,1.473801303654909134e-02,-8.811889290809631348e-01,4.714991450309753418e-01,-1.160879209637641907e-01,-3.115887008607387543e-02,6.939989514648914337e-03,3.545464575290679932e-01,-3.247648477554321289e-01,2.839194983243942261e-02,-1.248475313186645508e-01,6.523855496197938919e-03,-1.365124015137553215e-03,3.482588529586791992e-01,-3.095088601112365723e-01,-1.017497014254331589e-02,3.051315252378117293e-05,-2.331341616809368134e-03,-8.105799555778503418e-02,1.758224517107009888e-02,3.463311195373535156e-01,-2.273434773087501526e-03,1.571152329444885254e+00,2.425877937639597803e-05,-1.350680540781468153e-04,4.911972209811210632e-03,1.718242093920707703e-02,-3.488194942474365234e-01,2.028669463470578194e-03,1.571348786354064941e+00,-6.779601244488731027e-05,-1.055513785104267299e-04,-4.744582809507846832e-03
-1.966363750398159027e-02,-2.144231460988521576e-02,2.388264387845993042e-01,3.147178888320922852e-02,1.480580493807792664e-02,-8.811789155006408691e-01,4.715018570423126221e-01,-1.166830137372016907e-01,-3.125117719173431396e-02,6.955097429454326630e-03,3.547130227088928223e-01,-3.247615694999694824e-01,2.840811200439929962e-02,-1.256002932786941528e-01,6.430018227547407150e-03,-1.356235356070101261e-03,3.487803339958190918e-01,-3.097019791603088379e-01,-1.015880890190601349e-02,1.221145339513896033e-05,-2.410869114100933075e-03,-8.152082562446594238e-02,1.762949302792549133e-02,3.463340401649475098e-01,-2.284680027514696121e-03,1.571149110794067383e+00,2.330579809495247900e-05,-1.385300420224666595e-04,4.913188982754945755e-03,1.722875796258449554e-02,-3.488082289695739746e-01,2.041922882199287415e-03,1.571345686912536621e+00,-6.684221443720161915e-05,-1.090106889023445547e-04,-4.747113212943077087e-03
-1.966192945837974548e-02,-2.143958956003189087e-02,2.388189435005187988e-01,3.161789476871490479e-02,1.485269609838724136e-02,-8.811718225479125977e-01,4.715038537979125977e-01,-1.171026751399040222e-01,-3.131744638085365295e-02,6.965916603803634644e-03,3.548351824283599854e-01,-3.247618377208709717e-01,2.841971255838871002e-02,-1.261328905820846558e-01,6.362649612128734589e-03,-1.349861035123467445e-03,3.491568565368652344e-01,-3.098430335521697998e-01,-1.014721114188432693e-02,-1.046935722115449607e-06,-2.467981772497296333e-03,-8.184552937746047974e-02,1.766397431492805481e-02,3.463361859321594238e-01,-2.292596269398927689e-03,1.571145296096801758e+00,2.262186353618744761e-05,-1.400432229274883866e-04,4.914072342216968536e-03,1.726252213120460510e-02,-3.488000929355621338e-01,2.051423769444227219e-03,1.571342110633850098e+00,-6.612577999476343393e-05,-1.105096889659762383e-04,-4.748955368995666504e-03
-1.966070383787155151e-02,-2.143763750791549683e-02,2.388135045766830444e-01,3.172070533037185669e-02,1.488526631146669388e-02,-8.811668157577514648e-01,4.715053141117095947e-01,-1.173989176750183105e-01,-3.136499971151351929e-02,6.973662413656711578e-03,3.549239337444305420e-01,-3.247633278369903564e-01,2.842804417014122009e-02,-1.265100687742233276e-01,6.314323749393224716e-03,-1.345287077128887177e-03,3.494278490543365479e-01,-3.099454343318939209e-01,-1.013889256864786148e-02,-1.060794147633714601e-05,-2.508959965780377388e-03,-8.207375556230545044e-02,1.768865250051021576e-02,3.463377356529235840e-01,-2.298145322129130363e-03,1.571142077445983887e+00,2.213897096225991845e-05,-1.407641102559864521e-04,4.914708435535430908e-03,1.728665642440319061e-02,-3.487942218780517578e-01,2.058168174698948860e-03,1.571339011192321777e+00,-6.560670590260997415e-05,-1.112184545490890741e-04,-4.750286228954792023e-03
-1.894531771540641785e-02,-2.023022621870040894e-02,2.377870827913284302e-01,3.187007829546928406e-02,1.321601588279008865e-02,-8.818548321723937988e-01,4.702570140361785889e-01,-1.662453114986419678e-01,-3.175505623221397400e-02,9.236804209649562836e-03,4.129778444766998291e-01,-3.223690390586853027e-01,2.660674042999744415e-02,-1.704475432634353638e-01,9.835710516199469566e-04,-8.301530033349990845e-03,3.973641991615295410e-01,-3.086395859718322754e-01,-1.548762549646198750e-03,7.478456245735287666e-05,3.925370052456855774e-03,-2.640010602772235870e-02,7.106225471943616867e-03,3.639243245124816895e-01,-1.513541303575038910e-02,1.486919522285461426e+00,-1.144703570753335953e-02,-2.616039663553237915e-02,2.153433859348297119e-02,1.696553453803062439e-02,-3.635105192661285400e-01,1.650172285735607147e-02,1.523499131202697754e+00,-2.203165422542952001e-05,-1.263590250164270401e-02,-1.356445904821157455e-02
-1.784457266330718994e-02,-1.854771189391613007e-02,2.353511899709701538e-01,3.393153101205825806e-02,1.272411271929740906e-02,-8.823689818382263184e-01,4.691606462001800537e-01,-2.385105937719345093e-01,-3.179294243454933167e-02,1.130417454987764359e-02,5.063797831535339355e-01,-3.351778090000152588e-01,2.525411732494831085e-02,-2.355913221836090088e-01,-4.427647683769464493e-03,-1.531486026942729950e-02,4.762454628944396973e-01,-3.206405341625213623e-01,6.783569697290658951e-03,-5.981383146718144417e-04,1.047175843268632889e-02,3.020206280052661896e-02,-1.594155794009566307e-03,3.799809217453002930e-01,-2.608494460582733154e-02,1.388799905776977539e+00,-2.462937124073505402e-02,-4.774497821927070618e-02,3.966609761118888855e-02,1.559811644256114960e-02,-3.778204619884490967e-01,2.822204306721687317e-02,1.467131137847900391e+00,4.588275915011763573e-04,-2.177067101001739502e-02,-2.296886779367923737e-02
-1.667298004031181335e-02,-1.681081578135490417e-02,2.316138893365859985e-01,3.836368769407272339e-02,1.387922838330268860e-02,-8.827744722366333008e-01,4.680222868919372559e-01,-3.249162137508392334e-01,-3.094229288399219513e-02,1.304809562861919403e-02,6.148090362548828125e-01,-3.540464937686920166e-01,2.428117208182811737e-02,-3.150911629199981689e-01,-9.347553364932537079e-03,-2.221134677529335022e-02,5.704119801521301270e-01,-3.388500213623046875e-01,1.452203001827001572e-02,-1.738189137540757656e-03,1.744547113776206970e-02,8.167745172977447510e-02,-8.757067844271659851e-03,3.952139616012573242e-01,-3.613734990358352661e-02,1.286430954933166504e+00,-3.683450073003768921e-02,-6.687859445810317993e-02,5.800046771764755249e-02,1.488212682306766510e-02,-3.916432857513427734e-01,3.931018337607383728e-02,1.408419370651245117e+00,4.099115321878343821e-04,-2.904266491532325745e-02,-3.265045955777168274e-02
-1.559941750019788742e-02,-1.524195820093154907e-02,2.271675318479537964e-01,4.526829719543457031e-02,1.634392514824867249e-02,-8.830670714378356934e-01,4.667720794677734375e-01,-4.166723787784576416e-01,-2.996935881674289703e-02,1.452372316271066666e-02,7.209314107894897461e-01,-3.707460761070251465e-01,2.373301796615123749e-02,-4.015532732009887695e-01,-1.437895651906728745e-02,-2.870930731296539307e-02,6.653187274932861328e-01,-3.563064932823181152e-01,2.171495929360389709e-02,-3.103099064901471138e-03,2.426354400813579559e-02,1.272413879632949829e-01,-1.445019990205764771e-02,4.096992909908294678e-01,-4.559477418661117554e-02,1.182246804237365723e+00,-4.762737452983856201e-02,-8.526818454265594482e-02,7.621403783559799194e-02,1.533820293843746185e-02,-4.050402343273162842e-01,5.019428953528404236e-02,1.348750829696655273e+00,-2.222704642917960882e-04,-3.563967347145080566e-02,-4.261878132820129395e-02
-1.472610421478748322e-02,-1.398479845374822617e-02,2.227549403905868530e-01,5.397534370422363281e-02,1.925095915794372559e-02,-8.831865787506103516e-01,4.655078351497650146e-01,-5.066757202148437500e-01,-2.996154874563217163e-02,1.598860882222652435e-02,8.152962327003479004e-01,-3.812812864780426025e-01,2.373928949236869812e-02,-4.877549707889556885e-01,-2.036795765161514282e-02,-3.455725684762001038e-02,7.514156699180603027e-01,-3.690261244773864746e-01,2.854000590741634369e-02,-4.811565391719341278e-03,3.003798238933086395e-02,1.683685183525085449e-01,-1.872255094349384308e-02,4.236076772212982178e-01,-5.468897894024848938e-02,1.077144145965576172e+00,-5.688761547207832336e-02,-1.036903858184814453e-01,9.411946684122085571e-02,1.721197739243507385e-02,-4.181585609912872314e-01,6.096507608890533447e-02,1.288620948791503906e+00,-1.462409272789955139e-03,-4.208091646432876587e-02,-5.286563187837600708e-02
-1.406209357082843781e-02,-1.305505540221929550e-02,2.188217192888259888e-01,6.327611953020095825e-02,2.179529145359992981e-02,-8.830962777137756348e-01,4.643943011760711670e-01,-5.909999012947082520e-01,-3.136288374662399292e-02,1.761337555944919586e-02,8.969004154205322266e-01,-3.857868015766143799e-01,2.435728348791599274e-02,-5.689826607704162598e-01,-2.759420312941074371e-02,-3.973753005266189575e-02,8.262826204299926758e-01,-3.765701353549957275e-01,3.510541096329689026e-02,-7.187713403254747391e-03,3.436147421598434448e-02,2.077583968639373779e-01,-2.181360311806201935e-02,4.372057318687438965e-01,-6.351692229509353638e-02,9.714973568916320801e-01,-6.459821015596389771e-02,-1.224563345313072205e-01,1.115103140473365784e-01,2.043551579117774963e-02,-4.310845434665679932e-01,7.160945236682891846e-02,1.228221416473388672e+00,-3.336274763569235802e-03,-4.858037829399108887e-02,-6.331855803728103638e-02
-1.356845162808895111e-02,-1.239409577101469040e-02,2.154682427644729614e-01,7.214574515819549561e-02,2.355645783245563507e-02,-8.828215003013610840e-01,4.635367095470428467e-01,-6.685540676116943359e-01,-3.402519971132278442e-02,1.942961849272251129e-02,9.687749147415161133e-01,-3.861278891563415527e-01,2.555739134550094604e-02,-6.435447335243225098e-01,-3.585642203688621521e-02,-4.439182206988334656e-02,8.917983174324035645e-01,-3.802943527698516846e-01,4.141212999820709229e-02,-1.046630553901195526e-02,3.733666986227035522e-02,2.477751672267913818e-01,-2.410369925200939178e-02,4.506533443927764893e-01,-7.202365249395370483e-02,8.654242157936096191e-01,-7.081912457942962646e-02,-1.416293382644653320e-01,1.281752586364746094e-01,2.468154393136501312e-02,-4.438605308532714844e-01,8.206629008054733276e-02,1.167606115341186523e+00,-5.860525649040937424e-03,-5.519235134124755859e-02,-7.388658821582794189e-02
-1.314882095903158188e-02,-1.188493706285953522e-02,2.127200514078140259e-01,8.246557414531707764e-02,2.529825642704963684e-02,-8.819765448570251465e-01,4.633322954177856445e-01,-7.451647520065307617e-01,-3.895888477563858032e-02,2.145935036242008209e-02,1.032108783721923828e+00,-3.816435039043426514e-01,2.747556567192077637e-02,-7.168251276016235352e-01,-4.615788161754608154e-02,-4.867815971374511719e-02,9.492985606193542480e-01,-3.802213072776794434e-01,4.761921241879463196e-02,-1.598280109465122223e-02,3.861001506447792053e-02,2.879998981952667236e-01,-2.618534676730632782e-02,4.652045369148254395e-01,-7.723525911569595337e-02,7.513144612312316895e-01,-7.744938135147094727e-02,-1.560530215501785278e-01,1.431648433208465576e-01,2.722170576453208923e-02,-4.578878283500671387e-01,9.051220864057540894e-02,1.102248787879943848e+00,-8.396039716899394989e-03,-5.830280855298042297e-02,-8.254794031381607056e-02
-1.286037638783454895e-02,-1.155580952763557434e-02,2.103287726640701294e-01,8.923975378274917603e-02,2.522014081478118896e-02,-8.813832402229309082e-01,4.632103145122528076e-01,-8.108994960784912109e-01,-4.371111840009689331e-02,2.371852099895477295e-02,1.093387722969055176e+00,-3.781168162822723389e-01,2.976480126380920410e-02,-7.791741490364074707e-01,-5.613930895924568176e-02,-5.264370515942573547e-02,1.003979563713073730e+00,-3.804036676883697510e-01,5.335194990038871765e-02,-2.176311425864696503e-02,3.943396732211112976e-02,3.324487805366516113e-01,-2.774844132363796234e-02,4.782333970069885254e-01,-8.442534506320953369e-02,6.442798376083374023e-01,-8.114900439977645874e-02,-1.752664297819137573e-01,1.576046347618103027e-01,3.229345381259918213e-02,-4.705036878585815430e-01,1.005712077021598816e-01,1.041275858879089355e+00,-1.213666051626205444e-02,-6.469430029392242432e-02,-9.284986555576324463e-02
-1.263713464140892029e-02,-1.133278571069240570e-02,2.083401829004287720e-01,9.467593580484390259e-02,2.440497837960720062e-02,-8.807989954948425293e-01,4.632861018180847168e-01,-8.716285228729248047e-01,-4.868753254413604736e-02,2.614205330610275269e-02,1.152267217636108398e+00,-3.742393553256988525e-01,3.249527886509895325e-02,-8.360601663589477539e-01,-6.620734184980392456e-02,-5.645978823304176331e-02,1.055271148681640625e+00,-3.797975480556488037e-01,5.868858098983764648e-02,-2.818914502859115601e-02,3.972003608942031860e-02,3.798749446868896484e-01,-2.984122186899185181e-02,4.909573793411254883e-01,-9.135077893733978271e-02,5.376765727996826172e-01,-8.385182172060012817e-02,-1.953722238540649414e-01,1.708737015724182129e-01,3.733999654650688171e-02,-4.831219911575317383e-01,1.101774647831916809e-01,9.805555939674377441e-01,-1.647231914103031158e-02,-7.158048450946807861e-02,-1.030821278691291809e-01
-1.245405245572328568e-02,-1.118015404790639877e-02,2.066972553730010986e-01,9.944462776184082031e-02,2.319944836199283600e-02,-8.801520466804504395e-01,4.635783433914184570e-01,-9.295688271522521973e-01,-5.394547060132026672e-02,2.878277935087680817e-02,1.209468960762023926e+00,-3.699898123741149902e-01,3.569059073925018311e-02,-8.897278904914855957e-01,-7.647795230150222778e-02,-6.017041951417922974e-02,1.104067683219909668e+00,-3.785277903079986572e-01,6.362450867891311646e-02,-3.534221276640892029e-02,3.944876790046691895e-02,4.288823902606964111e-01,-3.229313716292381287e-02,5.033665895462036133e-01,-9.783274680376052856e-02,4.308402538299560547e-01,-8.585336059331893921e-02,-2.155992239713668823e-01,1.827647387981414795e-01,4.228715226054191589e-02,-4.958198666572570801e-01,1.193265840411186218e-01,9.197408556938171387e-01,-2.134860306978225708e-02,-7.849432528018951416e-02,-1.129981204867362976e-01
-1.236101612448692322e-02,-1.113752648234367371e-02,2.053669542074203491e-01,1.034333407878875732e-01,2.187097817659378052e-02,-8.797216415405273438e-01,4.635870754718780518e-01,-9.847930073738098145e-01,-5.811401829123497009e-02,3.159843757748603821e-02,1.266138792037963867e+00,-3.665001392364501953e-01,3.918217122554779053e-02,-9.403439760208129883e-01,-8.561294525861740112e-02,-6.386319547891616821e-02,1.150629878044128418e+00,-3.767073750495910645e-01,6.793127954006195068e-02,-4.153441637754440308e-02,3.898119181394577026e-02,4.763295352458953857e-01,-3.347354009747505188e-02,5.148878693580627441e-01,-1.066835448145866394e-01,3.281441628932952881e-01,-8.547693490982055664e-02,-2.393562346696853638e-01,1.940552145242691040e-01,5.014998465776443481e-02,-5.074269175529479980e-01,1.295826882123947144e-01,8.614738583564758301e-01,-2.766578644514083862e-02,-8.801478147506713867e-02,-1.244522109627723694e-01
-1.230174582451581955e-02,-1.118017919361591339e-02,2.041977494955062866e-01,1.131241321563720703e-01,2.322629466652870178e-02,-8.782817721366882324e-01,4.639876782894134521e-01,-1.053556084632873535e+00,-6.338111311197280884e-02,3.492100164294242859e-02,1.319508552551269531e+00,-3.588562011718750000e-01,4.321901127696037292e-02,-1.003961086273193359e+00,-9.591345489025115967e-02,-6.742709875106811523e-02,1.193902611732482910e+00,-3.714305460453033447e-01,7.176116108894348145e-02,-4.876882210373878479e-02,3.824867680668830872e-02,5.080841183662414551e-01,-2.976262755692005157e-02,5.267823934555053711e-01,-1.159335151314735413e-01,2.213835567235946655e-01,-8.694402873516082764e-02,-2.605507373809814453e-01,2.033956795930862427e-01,6.232756003737449646e-02,-5.202571749687194824e-01,1.402514725923538208e-01,8.005013465881347656e-01,-3.326894715428352356e-02,-9.576164186000823975e-02,-1.338531076908111572e-01
-1.224480289965867996e-02,-1.128822844475507736e-02,2.029649764299392700e-01,1.307253986597061157e-01,2.816332690417766571e-02,-8.750920295715332031e-01,4.651146233081817627e-01,-1.141804695129394531e+00,-7.074503600597381592e-02,3.922451660037040710e-02,1.368930220603942871e+00,-3.452865779399871826e-01,4.784272983670234680e-02,-1.086678504943847656e+00,-1.086173728108406067e-01,-7.052541524171829224e-02,1.234379053115844727e+00,-3.619013428688049316e-01,7.501898705959320068e-02,-5.828236043453216553e-02,3.759713098406791687e-02,5.199999213218688965e-01,-2.015917748212814331e-02,5.385978221893310547e-01,-1.238444000482559204e-01,1.074847877025604248e-01,-9.072903543710708618e-02,-2.779073417186737061e-01,2.107774615287780762e-01,7.926813513040542603e-02,-5.347718000411987305e-01,1.504865139722824097e-01,7.341051101684570312e-01,-3.759584575891494751e-02,-1.008337885141372681e-01,-1.411020457744598389e-01
-1.244000066071748734e-02,-1.166870165616273880e-02,2.020819634199142456e-01,1.482209265232086182e-01,3.361554816365242004e-02,-8.720165491104125977e-01,4.652824103832244873e-01,-1.228183984756469727e+00,-7.539638131856918335e-02,4.361758753657341003e-02,1.417490363121032715e+00,-3.332605063915252686e-01,5.251425877213478088e-02,-1.167298674583435059e+00,-1.186499148607254028e-01,-7.384527474641799927e-02,1.271441936492919922e+00,-3.516278564929962158e-01,7.734303176403045654e-02,-6.489060074090957642e-02,3.734022378921508789e-02,5.199999809265136719e-01,-9.078240953385829926e-03,5.488421320915222168e-01,-1.382766515016555786e-01,5.547852721065282822e-03,-9.088627994060516357e-02,-3.000228703022003174e-01,2.172614336013793945e-01,1.000447049736976624e-01,-5.467588901519775391e-01,1.650801301002502441e-01,6.767183542251586914e-01,-4.495694115757942200e-02,-1.092308163642883301e-01,-1.505856215953826904e-01
-1.254676748067140579e-02,-1.197834033519029617e-02,2.012254893779754639e-01,1.669624000787734985e-01,3.962616994976997375e-02,-8.681872487068176270e-01,4.656223356723785400e-01,-1.317968487739562988e+00,-8.028505742549896240e-02,4.869091138243675232e-02,1.465198397636413574e+00,-3.197979927062988281e-01,5.769045650959014893e-02,-1.250985264778137207e+00,-1.293075680732727051e-01,-7.694935053586959839e-02,1.307608604431152344e+00,-3.403513729572296143e-01,7.907207310199737549e-02,-7.259070873260498047e-02,3.741484135389328003e-02,5.199999809265136719e-01,2.815538318827748299e-04,5.588939785957336426e-01,-1.509851813316345215e-01,-9.915605187416076660e-02,-9.371829032897949219e-02,-3.202851414680480957e-01,2.221059501171112061e-01,1.189428344368934631e-01,-5.601818561553955078e-01,1.778796017169952393e-01,6.170619726181030273e-01,-5.110209062695503235e-02,-1.163308694958686829e-01,-1.580184102058410645e-01
-2.176436223089694977e-02,-2.018452621996402740e-02,2.009439319372177124e-01,1.739766597747802734e-01,3.794568777084350586e-02,-8.647433519363403320e-01,4.695861637592315674e-01,-1.341068148612976074e+00,-9.000121057033538818e-02,4.186328500509262085e-02,1.405953049659729004e+00,-3.204446136951446533e-01,5.592224746942520142e-02,-1.259067893028259277e+00,-1.438871771097183228e-01,-8.134489506483078003e-02,1.354067444801330566e+00,-3.586779236793518066e-01,6.765339523553848267e-02,-7.064696401357650757e-02,3.654352948069572449e-02,5.199999809265136719e-01,-5.105737131088972092e-03,5.509436130523681641e-01,-1.375899463891983032e-01,-1.297865360975265503e-01,-8.626811206340789795e-02,-3.224874734878540039e-01,2.307874858379364014e-01,1.059286445379257202e-01,-5.525614023208618164e-01,1.983474195003509521e-01,6.252896785736083984e-01,-6.577486544847488403e-02,-1.090697497129440308e-01,-1.596672087907791138e-01
-3.291531279683113098e-02,-3.085629828274250031e-02,1.993935257196426392e-01,1.770212650299072266e-01,3.689431026577949524e-02,-8.624832034111022949e-01,4.726785719394683838e-01,-1.321306109428405762e+00,-1.050543636083602905e-01,3.663171455264091492e-02,1.312199950218200684e+00,-3.349469006061553955e-01,5.433901399374008179e-02,-1.265861868858337402e+00,-1.543910354375839233e-01,-9.021797031164169312e-02,1.421729803085327148e+00,-3.620999455451965332e-01,5.286210402846336365e-02,-7.430259138345718384e-02,3.687462210655212402e-02,5.199999809265136719e-01,-1.949448511004447937e-02,5.469937324523925781e-01,-1.306803226470947266e-01,-1.462541818618774414e-01,-5.871640890836715698e-02,-3.326308429241180420e-01,2.406650483608245850e-01,8.202580362558364868e-02,-5.383498072624206543e-01,2.326218783855438232e-01,6.520917415618896484e-01,-8.317250758409500122e-02,-1.159174665808677673e-01,-1.576281934976577759e-01
-4.565210640430450439e-02,-4.390792921185493469e-02,1.974794864654541016e-01,1.740373373031616211e-01,3.940530493855476379e-02,-8.587233424186706543e-01,4.803670346736907959e-01,-1.299672484397888184e+00,-1.218605637550354004e-01,3.182476013898849487e-02,1.267608642578125000e+00,-3.513607084751129150e-01,6.986121088266372681e-02,-1.293931365013122559e+00,-1.472638696432113647e-01,-9.194783866405487061e-02,1.517317414283752441e+00,-2.615396380424499512e-01,8.676721900701522827e-02,-8.980664610862731934e-02,3.940660133957862854e-02,5.199999809265136719e-01,-4.653852432966232300e-02,5.409651994705200195e-01,-1.347462236881256104e-01,-1.548670977354049683e-01,-2.924397028982639313e-02,-3.395970761775970459e-01,2.626284360885620117e-01,7.291705161333084106e-02,-5.320357084274291992e-01,2.627169191837310791e-01,6.478855013847351074e-01,-1.081581264734268188e-01,-1.148403212428092957e-01,-1.556981503963470459e-01
-6.024005264043807983e-02,-5.885240435600280762e-02,1.999301463365554810e-01,1.753589212894439697e-01,4.272660613059997559e-02,-8.553571105003356934e-01,4.855799973011016846e-01,-1.279080629348754883e+00,-1.375825256109237671e-01,9.631098248064517975e-03,1.279807209968566895e+00,-3.965759873390197754e-01,8.544325083494186401e-02,-1.344991445541381836e+00,-1.124643906950950623e-01,-7.720188051462173462e-02,1.601934313774108887e+00,-2.164574861526489258e-01,1.342044621706008911e-01,-1.036974191665649414e-01,4.711285978555679321e-02,5.199999809265136719e-01,-7.239525765180587769e-02,5.423241853713989258e-01,-1.349216997623443604e-01,-1.717868149280548096e-01,1.306363102048635483e-02,-3.459692299365997314e-01,3.033546209335327148e-01,7.078611105680465698e-02,-5.333982706069946289e-01,2.795791625976562500e-01,6.191448569297790527e-01,-1.265131384134292603e-01,-1.271826475858688354e-01,-1.547374874353408813e-01
-7.580906152725219727e-02,-7.556856423616409302e-02,2.075347304344177246e-01,1.777984052896499634e-01,5.391436442732810974e-02,-8.539840579032897949e-01,4.859960675239562988e-01,-1.251130223274230957e+00,-1.351166069507598877e-01,-1.931165158748626709e-02,1.290357828140258789e+00,-4.476250112056732178e-01,9.678857773542404175e-02,-1.397907972335815430e+00,-1.085415706038475037e-01,-7.361078262329101562e-02,1.631079554557800293e+00,-2.127045094966888428e-01,1.400787979364395142e-01,-1.127717867493629456e-01,6.096302345395088196e-02,5.199999809265136719e-01,-9.656666219234466553e-02,5.459113717079162598e-01,-1.361398100852966309e-01,-1.757433265447616577e-01,4.229757562279701233e-02,-3.507059514522552490e-01,3.390179276466369629e-01,6.762386113405227661e-02,-5.455554127693176270e-01,2.807870507240295410e-01,5.623893141746520996e-01,-1.495657861232757568e-01,-1.355081498622894287e-01,-1.548300683498382568e-01
-9.254490584135055542e-02,-9.355113655328750610e-02,2.154985666275024414e-01,1.781330406665802002e-01,6.434854865074157715e-02,-8.533785343170166016e-01,4.856675863265991211e-01,-1.221693158149719238e+00,-1.260164529085159302e-01,-4.600831121206283569e-02,1.309510231018066406e+00,-4.732079803943634033e-01,9.048019349575042725e-02,-1.413554787635803223e+00,-1.142261922359466553e-01,-7.689227163791656494e-02,1.546483635902404785e+00,-2.561306655406951904e-01,1.272673606872558594e-01,-1.169090941548347473e-01,8.021354675292968750e-02,5.199999809265136719e-01,-1.046658083796501160e-01,5.530302524566650391e-01,-1.350836604833602905e-01,-1.563607454299926758e-01,5.693311244249343872e-02,-3.612903654575347900e-01,3.549162149429321289e-01,4.264020919799804688e-02,-5.693000555038452148e-01,2.807943224906921387e-01,5.105038285255432129e-01,-1.814543157815933228e-01,-1.444188505411148071e-01,-1.742703914642333984e-01
-1.102974489331245422e-01,-1.123045310378074646e-01,2.233661860227584839e-01,1.791754066944122314e-01,6.823109090328216553e-02,-8.547087907791137695e-01,4.824039340019226074e-01,-1.189614534378051758e+00,-1.242958232760429382e-01,-6.630172580480575562e-02,1.342890143394470215e+00,-4.742327332496643066e-01,6.822799891233444214e-02,-1.378159403800964355e+00,-1.073999255895614624e-01,-7.522841542959213257e-02,1.409462690353393555e+00,-2.972973585128784180e-01,1.196633726358413696e-01,-1.166966482996940613e-01,1.053265631198883057e-01,5.199999809265136719e-01,-8.945897221565246582e-02,5.443949103355407715e-01,-1.330273300409317017e-01,-9.850589185953140259e-02,6.022176519036293030e-02,-3.707700371742248535e-01,3.609221875667572021e-01,-9.746662341058254242e-03,-5.956031680107116699e-01,2.805436253547668457e-01,4.753201305866241455e-01,-2.066642194986343384e-01,-1.517930179834365845e-01,-2.064124196767807007e-01
-1.287390142679214478e-01,-1.316502541303634644e-01,2.254748493432998657e-01,1.749091744422912598e-01,6.620915234088897705e-02,-8.557416796684265137e-01,4.824202954769134521e-01,-1.171389341354370117e+00,-1.258508712053298950e-01,-7.729667425155639648e-02,1.403348922729492188e+00,-3.959295749664306641e-01,2.469601295888423920e-02,-1.320834994316101074e+00,-9.083621203899383545e-02,-6.034370139241218567e-02,1.307588338851928711e+00,-3.382992744445800781e-01,1.065208837389945984e-01,-1.056820526719093323e-01,1.198470890522003174e-01,5.169327855110168457e-01,-4.328300058841705322e-02,5.287033915519714355e-01,-1.293338835239410400e-01,-2.443386614322662354e-02,4.881861433386802673e-02,-3.701849579811096191e-01,3.563512861728668213e-01,-7.771463692188262939e-02,-6.097089648246765137e-01,2.842736840248107910e-01,4.463287889957427979e-01,-2.209770828485488892e-01,-1.581575274467468262e-01,-2.476893365383148193e-01
-1.479360163211822510e-01,-1.519793123006820679e-01,2.258800864219665527e-01,1.734661012887954712e-01,6.410350650548934937e-02,-8.555592298507690430e-01,4.835480153560638428e-01,-1.184194803237915039e+00,-1.132030338048934937e-01,-7.051359117031097412e-02,1.484129071235656738e+00,-3.140690326690673828e-01,2.963003702461719513e-03,-1.264842271804809570e+00,-8.849226683378219604e-02,-5.982128530740737915e-02,1.302119135856628418e+00,-4.014418423175811768e-01,7.098696380853652954e-02,-9.202373772859573364e-02,1.194700077176094055e-01,5.128582119941711426e-01,2.798098884522914886e-02,5.088455080986022949e-01,-1.334732174873352051e-01,7.357954233884811401e-02,2.942123264074325562e-02,-3.521869480609893799e-01,3.432015776634216309e-01,-1.423769444227218628e-01,-6.242848634719848633e-01,2.825136780738830566e-01,3.572240173816680908e-01,-2.357118874788284302e-01,-1.642557531595230103e-01,-3.061635792255401611e-01
-1.680495291948318481e-01,-1.736564785242080688e-01,2.234186530113220215e-01,1.703539788722991943e-01,6.226377934217453003e-02,-8.580853343009948730e-01,4.804084599018096924e-01,-1.212470531463623047e+00,-9.147284924983978271e-02,-5.398870632052421570e-02,1.549730300903320312e+00,-2.867757976055145264e-01,1.596027240157127380e-02,-1.212339043617248535e+00,-7.607976347208023071e-02,-5.620320141315460205e-02,1.321159958839416504e+00,-5.010378360748291016e-01,4.148243367671966553e-02,-7.590851187705993652e-02,1.124400570988655090e-01,5.101525187492370605e-01,1.083326563239097595e-01,4.883098602294921875e-01,-1.331658661365509033e-01,1.595973670482635498e-01,8.002997376024723053e-03,-3.314233720302581787e-01,3.218787312507629395e-01,-2.028174102306365967e-01,-6.416755318641662598e-01,2.701421678066253662e-01,2.194807678461074829e-01,-2.560831606388092041e-01,-1.748528182506561279e-01,-3.663859367370605469e-01
-1.888914704322814941e-01,-1.968673020601272583e-01,2.287209779024124146e-01,1.686782091856002808e-01,5.522713437676429749e-02,-8.602544069290161133e-01,4.779748618602752686e-01,-1.247067332267761230e+00,-5.494290590286254883e-02,-2.531960234045982361e-02,1.573395609855651855e+00,-2.988345921039581299e-01,4.243375733494758606e-02,-1.139098286628723145e+00,-8.175420016050338745e-02,-6.639142334461212158e-02,1.327176094055175781e+00,-5.873961448669433594e-01,1.325228996574878693e-02,-5.427321046590805054e-02,1.007493361830711365e-01,5.063995122909545898e-01,1.926269829273223877e-01,4.770752191543579102e-01,-1.389922797679901123e-01,2.210679799318313599e-01,-2.098963968455791473e-02,-3.217908442020416260e-01,2.802189290523529053e-01,-2.691400349140167236e-01,-6.642193198204040527e-01,2.430566251277923584e-01,6.351054459810256958e-02,-2.715276777744293213e-01,-1.783695966005325317e-01,-4.149226844310760498e-01
-2.100757211446762085e-01,-2.221865803003311157e-01,2.369305938482284546e-01,1.653192192316055298e-01,4.751919209957122803e-02,-8.638628721237182617e-01,4.734473526477813721e-01,-1.265039443969726562e+00,-2.693448588252067566e-02,9.185145609080791473e-03,1.512859940528869629e+00,-3.238284289836883545e-01,6.690468639135360718e-02,-1.053197383880615234e+00,-8.570788800716400146e-02,-7.345446944236755371e-02,1.316871762275695801e+00,-6.417299509048461914e-01,7.383990101516246796e-03,-2.926193922758102417e-02,8.452087640762329102e-02,5.052300095558166504e-01,2.653804123401641846e-01,4.708777368068695068e-01,-1.322153359651565552e-01,2.424971759319305420e-01,-5.669232085347175598e-02,-3.227390348911285400e-01,2.320463657379150391e-01,-3.206041157245635986e-01,-6.793545484542846680e-01,2.181085199117660522e-01,-6.416395306587219238e-02,-2.682595849037170410e-01,-1.747743040323257446e-01,-4.420555233955383301e-01
-2.311672270298004150e-01,-2.495713382959365845e-01,2.488323003053665161e-01,1.642380356788635254e-01,4.202308878302574158e-02,-8.676131963729858398e-01,4.674475789070129395e-01,-1.257886528968811035e+00,-2.146410569548606873e-02,3.978938609361648560e-02,1.381946325302124023e+00,-3.322416543960571289e-01,7.691597193479537964e-02,-9.640203118324279785e-01,-8.269517123699188232e-02,-6.919220089912414551e-02,1.284371614456176758e+00,-6.597326993942260742e-01,2.550830692052841187e-02,6.748586311005055904e-04,6.439041346311569214e-02,5.067916512489318848e-01,3.169862926006317139e-01,4.718881547451019287e-01,-1.293182969093322754e-01,2.273555696010589600e-01,-8.396992832422256470e-02,-3.339454233646392822e-01,2.116468846797943115e-01,-3.450658917427062988e-01,-6.800861954689025879e-01,2.075857371091842651e-01,-1.198844909667968750e-01,-2.307466268539428711e-01,-1.745446920394897461e-01,-4.553773105144500732e-01
-2.518676221370697021e-01,-2.783432602882385254e-01,2.638577222824096680e-01,1.682435870170593262e-01,4.103625565767288208e-02,-8.674170374870300293e-01,4.664737582206726074e-01,-1.231595158576965332e+00,-3.482701256871223450e-02,7.386925071477890015e-02,1.210407018661499023e+00,-3.195035159587860107e-01,7.180506736040115356e-02,-8.731541633605957031e-01,-7.725248485803604126e-02,-5.746772885322570801e-02,1.232672333717346191e+00,-6.597427725791931152e-01,5.625807121396064758e-02,2.820465713739395142e-02,4.185819998383522034e-02,5.060030817985534668e-01,3.521292507648468018e-01,4.742226600646972656e-01,-1.241975650191307068e-01,1.932351738214492798e-01,-8.963557332754135132e-02,-3.550292849540710449e-01,2.035241723060607910e-01,-3.363010585308074951e-01,-6.660613417625427246e-01,2.067597210407257080e-01,-1.343238502740859985e-01,-1.806231290102005005e-01,-1.848723143339157104e-01,-4.446542859077453613e-01
-2.715845108032226562e-01,-3.077047467231750488e-01,2.759197354316711426e-01,1.709374338388442993e-01,4.199186339974403381e-02,-8.656092286109924316e-01,4.687619507312774658e-01,-1.175922036170959473e+00,-6.953102350234985352e-02,9.779012203216552734e-02,1.036541461944580078e+00,-3.020590841770172119e-01,6.285646557807922363e-02,-7.893760204315185547e-01,-7.993054389953613281e-02,-5.087556317448616028e-02,1.202791452407836914e+00,-6.151897907257080078e-01,9.596931934356689453e-02,4.789703711867332458e-02,1.892323233187198639e-02,5.042743682861328125e-01,3.592877089977264404e-01,4.761467278003692627e-01,-1.223965436220169067e-01,1.606535017490386963e-01,-9.684108942747116089e-02,-3.742062151432037354e-01,2.194304317235946655e-01,-3.008466362953186035e-01,-6.455425024032592773e-01,2.167209237813949585e-01,-1.009788438677787781e-01,-1.364864557981491089e-01,-1.951002180576324463e-01,-4.248598515987396240e-01
-2.899396717548370361e-01,-3.369354605674743652e-01,2.831221818923950195e-01,1.708391159772872925e-01,4.256232827901840210e-02,-8.649955987930297852e-01,4.698777198791503906e-01,-1.105026721954345703e+00,-9.529513120651245117e-02,1.245997697114944458e-01,9.104342460632324219e-01,-2.962411940097808838e-01,6.584975123405456543e-02,-7.272716164588928223e-01,-1.066478565335273743e-01,-6.862600892782211304e-02,1.214172840118408203e+00,-4.996008574962615967e-01,1.307095587253570557e-01,5.991892889142036438e-02,-3.396251704543828964e-03,5.001360774040222168e-01,3.406386673450469971e-01,4.795589447021484375e-01,-1.233931407332420349e-01,1.329442560672760010e-01,-9.247451275587081909e-02,-3.816268444061279297e-01,2.472501993179321289e-01,-2.533944249153137207e-01,-6.221470236778259277e-01,2.399985194206237793e-01,-2.269029617309570312e-02,-1.039072871208190918e-01,-1.981691271066665649e-01,-3.963757753372192383e-01
-3.070378601551055908e-01,-3.656269609928131104e-01,2.846443355083465576e-01,1.680167466402053833e-01,4.079498350620269775e-02,-8.619621992111206055e-01,4.765787124633789062e-01,-1.042485833168029785e+00,-1.264891177415847778e-01,1.346670836210250854e-01,8.517243862152099609e-01,-3.208822906017303467e-01,8.163599669933319092e-02,-7.067789435386657715e-01,-1.218331828713417053e-01,-6.669001281261444092e-02,1.274260044097900391e+00,-3.989920020103454590e-01,1.503566801548004150e-01,6.320241093635559082e-02,-2.719090133905410767e-02,4.949671328067779541e-01,2.935643792152404785e-01,4.793139100074768066e-01,-1.235246136784553528e-01,1.040608584880828857e-01,-7.750789821147918701e-02,-3.864094316959381104e-01,2.854470610618591309e-01,-1.880393922328948975e-01,-5.869380831718444824e-01,2.762632668018341064e-01,1.101545244455337524e-01,-7.764194905757904053e-02,-1.860479563474655151e-01,-3.566815853118896484e-01
-3.231684267520904541e-01,-3.935548067092895508e-01,2.796177268028259277e-01,1.639300137758255005e-01,3.669064864516258240e-02,-8.585075736045837402e-01,4.845054149627685547e-01,-1.008279085159301758e+00,-1.520044058561325073e-01,1.301545202732086182e-01,8.932306766510009766e-01,-3.639844357967376709e-01,1.115099042654037476e-01,-7.302253842353820801e-01,-1.285055726766586304e-01,-5.609381943941116333e-02,1.379342436790466309e+00,-3.336130678653717041e-01,1.593099683523178101e-01,5.804673582315444946e-02,-5.148632079362869263e-02,4.882969558238983154e-01,2.239297628402709961e-01,4.839307069778442383e-01,-1.322889029979705811e-01,6.795898079872131348e-02,-4.744044318795204163e-02,-3.865518867969512939e-01,3.269631862640380859e-01,-1.228966191411018372e-01,-5.396897196769714355e-01,3.143170475959777832e-01,2.832043468952178955e-01,-7.756792753934860229e-02,-1.550554484128952026e-01,-3.178953230381011963e-01
-3.382212817668914795e-01,-4.206098914146423340e-01,2.714466154575347900e-01,1.549938619136810303e-01,3.170396015048027039e-02,-8.530989885330200195e-01,4.971859455108642578e-01,-9.878658056259155273e-01,-1.739669144153594971e-01,1.149097755551338196e-01,9.583598971366882324e-01,-4.412460625171661377e-01,1.502532064914703369e-01,-7.864825725555419922e-01,-1.398887634277343750e-01,-4.818007349967956543e-02,1.514536499977111816e+00,-2.806872427463531494e-01,1.513862758874893188e-01,4.536708071827888489e-02,-6.753706932067871094e-02,4.833329916000366211e-01,1.245392337441444397e-01,4.931533932685852051e-01,-1.449113339185714722e-01,2.512592449784278870e-02,-1.933885738253593445e-02,-3.836578428745269775e-01,3.622738420963287354e-01,-7.044938951730728149e-02,-4.872767031192779541e-01,3.478782773017883301e-01,4.902490377426147461e-01,-7.289654016494750977e-02,-1.219948753714561462e-01,-2.843332886695861816e-01
-3.523037135601043701e-01,-4.471971988677978516e-01,2.633837461471557617e-01,1.423427760601043701e-01,2.620383165776729584e-02,-8.503004312515258789e-01,5.060050487518310547e-01,-9.615910053253173828e-01,-1.867532879114151001e-01,1.037836074829101562e-01,1.038988590240478516e+00,-5.292743444442749023e-01,1.795753091573715210e-01,-8.758728504180908203e-01,-1.505019515752792358e-01,-4.012886807322502136e-02,1.652378797531127930e+00,-2.746905982494354248e-01,1.196457147598266602e-01,2.973062917590141296e-02,-7.694666087627410889e-02,4.831258952617645264e-01,-2.327240444719791412e-02,5.131461620330810547e-01,-1.864797025918960571e-01,-4.021793231368064880e-02,9.368639439344406128e-03,-3.857470750808715820e-01,3.915868103504180908e-01,-3.272238001227378845e-02,-4.316494762897491455e-01,3.835186958312988281e-01,7.332977652549743652e-01,-8.272700756788253784e-02,-9.026379883289337158e-02,-2.415952682495117188e-01
-3.661552667617797852e-01,-4.740009009838104248e-01,2.590911686420440674e-01,1.311538368463516235e-01,2.683149091899394989e-02,-8.462635874748229980e-01,5.156710743904113770e-01,-9.255027174949645996e-01,-1.946596503257751465e-01,9.089802205562591553e-02,1.110516548156738281e+00,-6.026239991188049316e-01,1.882704794406890869e-01,-9.740653038024902344e-01,-1.521568149328231812e-01,-2.880713902413845062e-02,1.747911810874938965e+00,-2.874225378036499023e-01,8.072543144226074219e-02,9.561961516737937927e-03,-7.813960313796997070e-02,4.875929951667785645e-01,-1.838235408067703247e-01,5.347753763198852539e-01,-2.271665632724761963e-01,-9.454403072595596313e-02,3.506286814808845520e-02,-3.829507827758789062e-01,4.234216511249542236e-01,7.086843717843294144e-03,-4.167553484439849854e-01,3.854205608367919922e-01,8.727755546569824219e-01,-9.324166923761367798e-02,-8.318503946065902710e-02,-1.921694278717041016e-01
-3.802540898323059082e-01,-5.017582178115844727e-01,2.577789723873138428e-01,1.194051504135131836e-01,2.886291034519672394e-02,-8.422324061393737793e-01,5.249323248863220215e-01,-8.729425072669982910e-01,-1.940770894289016724e-01,7.946304976940155029e-02,1.159175872802734375e+00,-6.604258418083190918e-01,1.879097074270248413e-01,-1.072631835937500000e+00,-1.577761024236679077e-01,-2.980019710958003998e-02,1.774385452270507812e+00,-3.152502477169036865e-01,3.696387261152267456e-02,-1.307591889053583145e-02,-7.138437777757644653e-02,4.883452653884887695e-01,-3.454275727272033691e-01,5.716781616210937500e-01,-2.725852429866790771e-01,-1.491854339838027954e-01,4.844539240002632141e-02,-3.787298798561096191e-01,4.371613562107086182e-01,4.903284087777137756e-02,-4.336465001106262207e-01,3.628554046154022217e-01,9.396973252296447754e-01,-9.599909931421279907e-02,-8.554843068122863770e-02,-1.400946974754333496e-01
-3.956256210803985596e-01,-5.309627056121826172e-01,2.625415623188018799e-01,1.101849302649497986e-01,3.569128736853599548e-02,-8.382695317268371582e-01,5.328128933906555176e-01,-8.087357282638549805e-01,-1.855432391166687012e-01,5.751765519380569458e-02,1.174061059951782227e+00,-6.924936771392822266e-01,1.810181587934494019e-01,-1.162417054176330566e+00,-1.651363968849182129e-01,-5.028682947158813477e-02,1.716158390045166016e+00,-3.469464182853698730e-01,7.755158469080924988e-03,-4.424966126680374146e-02,-6.276906281709671021e-02,4.862023591995239258e-01,-5.052689909934997559e-01,6.243849992752075195e-01,-3.213242888450622559e-01,-1.975982338190078735e-01,7.236437499523162842e-02,-3.801109194755554199e-01,4.473370909690856934e-01,9.274584800004959106e-02,-4.705902040004730225e-01,3.326835334300994873e-01,9.649848937988281250e-01,-9.357095509767532349e-02,-8.854049444198608398e-02,-9.442943334579467773e-02
-4.121410250663757324e-01,-5.617083907127380371e-01,2.721476852893829346e-01,1.038553789258003235e-01,4.369975626468658447e-02,-8.322803974151611328e-01,5.427833199501037598e-01,-7.349051833152770996e-01,-1.632892936468124390e-01,4.842770472168922424e-02,1.151895046234130859e+00,-6.867902278900146484e-01,1.605312973260879517e-01,-1.224126219749450684e+00,-1.774736046791076660e-01,-9.503053128719329834e-02,1.593106746673583984e+00,-3.607505559921264648e-01,5.888532847166061401e-03,-7.518158853054046631e-02,-4.529864341020584106e-02,4.914913475513458252e-01,-6.735923290252685547e-01,6.898415684700012207e-01,-3.827804327011108398e-01,-2.253972142934799194e-01,8.836363255977630615e-02,-3.873505592346191406e-01,4.617432653903961182e-01,1.297096461057662964e-01,-5.251250863075256348e-01,2.861003279685974121e-01,9.688186049461364746e-01,-7.924104481935501099e-02,-9.422521293163299561e-02,-5.472730472683906555e-02
-4.300695061683654785e-01,-5.939211845397949219e-01,2.844618558883666992e-01,1.042871400713920593e-01,5.024284869432449341e-02,-8.237845897674560547e-01,5.549584031105041504e-01,-6.570066809654235840e-01,-1.492848992347717285e-01,3.876939415931701660e-02,1.096668958663940430e+00,-6.596660614013671875e-01,1.209833994507789612e-01,-1.245137691497802734e+00,-1.923450380563735962e-01,-1.570707112550735474e-01,1.412964582443237305e+00,-3.464734852313995361e-01,2.387692593038082123e-02,-1.055979207158088684e-01,-2.877229638397693634e-02,4.903976619243621826e-01,-8.272708058357238770e-01,7.654173970222473145e-01,-4.466104209423065186e-01,-2.334936410188674927e-01,9.778417646884918213e-02,-3.965741097927093506e-01,4.647515118122100830e-01,1.675182431936264038e-01,-5.794604420661926270e-01,2.399875670671463013e-01,9.586009979248046875e-01,-6.449743360280990601e-02,-9.739322215318679810e-02,-1.403302513062953949e-02
-4.490064084529876709e-01,-6.271098852157592773e-01,2.968611121177673340e-01,1.077519655227661133e-01,5.720530077815055847e-02,-8.179632425308227539e-01,5.621860623359680176e-01,-5.754721760749816895e-01,-1.403960734605789185e-01,1.301968283951282501e-02,1.033972024917602539e+00,-6.274374127388000488e-01,7.786023616790771484e-02,-1.233301043510437012e+00,-1.947376132011413574e-01,-2.307139337062835693e-01,1.194566965103149414e+00,-3.112790584564208984e-01,5.992786213755607605e-02,-1.228041350841522217e-01,-1.381290238350629807e-02,4.760735630989074707e-01,-9.690528512001037598e-01,8.554223775863647461e-01,-5.239372849464416504e-01,-2.260844558477401733e-01,1.074753031134605408e-01,-4.106847345829010010e-01,4.636018276214599609e-01,1.966209858655929565e-01,-6.327394247055053711e-01,1.940837949514389038e-01,9.564143419265747070e-01,-5.101634934544563293e-02,-9.365070611238479614e-02,1.391232013702392578e-02
-4.682074189186096191e-01,-6.607292890548706055e-01,3.090759813785552979e-01,1.150077357888221741e-01,6.296511739492416382e-02,-8.135188221931457520e-01,5.665649175643920898e-01,-5.059852600097656250e-01,-1.222575083374977112e-01,8.847747929394245148e-03,9.777600765228271484e-01,-5.642759799957275391e-01,3.232107311487197876e-02,-1.208393812179565430e+00,-1.951892077922821045e-01,-3.151903748512268066e-01,9.976258873939514160e-01,-2.594079673290252686e-01,9.418275952339172363e-02,-1.257802397012710571e-01,6.863813032396137714e-04,4.459813535213470459e-01,-1.116954326629638672e+00,9.497768282890319824e-01,-6.202840805053710938e-01,-1.879736334085464478e-01,1.013824343681335449e-01,-4.171423316001892090e-01,4.519332051277160645e-01,2.092443853616714478e-01,-6.857345700263977051e-01,1.571653634309768677e-01,9.655076265335083008e-01,-2.946387045085430145e-02,-8.216194808483123779e-02,3.768057748675346375e-02
-4.876548647880554199e-01,-6.948674321174621582e-01,3.158677220344543457e-01,1.240712180733680725e-01,6.265383958816528320e-02,-8.108153939247131348e-01,5.685589313507080078e-01,-4.510324597358703613e-01,-1.086715832352638245e-01,8.746749721467494965e-03,9.487229585647583008e-01,-5.178973674774169922e-01,2.459271345287561417e-03,-1.182099699974060059e+00,-1.947742700576782227e-01,-3.891313672065734863e-01,8.869915604591369629e-01,-2.187698930501937866e-01,1.043872684240341187e-01,-1.130714192986488342e-01,1.337226107716560364e-02,4.137903153896331787e-01,-1.255167484283447266e+00,1.041699886322021484e+00,-7.384371757507324219e-01,-1.043289378285408020e-01,6.272341310977935791e-02,-4.103698730468750000e-01,4.192661643028259277e-01,2.045285105705261230e-01,-7.337900400161743164e-01,1.317311972379684448e-01,9.801001548767089844e-01,7.840951904654502869e-03,-7.157595455646514893e-02,4.568715021014213562e-02
-5.066923499107360840e-01,-7.306941747665405273e-01,3.141540884971618652e-01,1.327735036611557007e-01,6.062833219766616821e-02,-8.089013695716857910e-01,5.695384144783020020e-01,-4.033777415752410889e-01,-1.062351241707801819e-01,6.427850574254989624e-03,9.464631676673889160e-01,-5.072335004806518555e-01,2.840793691575527191e-03,-1.163052916526794434e+00,-2.181749641895294189e-01,-4.392963349819183350e-01,9.142090678215026855e-01,-2.033837884664535522e-01,8.499956876039505005e-02,-1.000521853566169739e-01,2.750152535736560822e-02,3.821375072002410889e-01,-1.379661679267883301e+00,1.128545641899108887e+00,-8.593541383743286133e-01,2.943527512252330780e-02,1.490423176437616348e-02,-3.834594488143920898e-01,3.619343638420104980e-01,1.820436418056488037e-01,-7.858541607856750488e-01,1.238187104463577271e-01,9.913538694381713867e-01,4.618386179208755493e-02,-5.562205240130424500e-02,4.386559501290321350e-02
-5.247194766998291016e-01,-7.677402496337890625e-01,3.048019707202911377e-01,1.435135900974273682e-01,6.781732290983200073e-02,-8.077896237373352051e-01,5.676975846290588379e-01,-3.777222633361816406e-01,-9.482409060001373291e-02,6.501373369246721268e-03,9.833783507347106934e-01,-5.264114737510681152e-01,3.079703450202941895e-02,-1.161927342414855957e+00,-2.431356012821197510e-01,-4.540145695209503174e-01,1.043795347213745117e+00,-2.314701080322265625e-01,2.369195967912673950e-02,-7.299655675888061523e-02,5.722314864397048950e-02,3.378145396709442139e-01,-1.435437917709350586e+00,1.215984463691711426e+00,-9.368022680282592773e-01,1.855517327785491943e-01,-1.696624979376792908e-02,-3.270790576934814453e-01,3.157035708427429199e-01,1.502365320920944214e-01,-8.318407535552978516e-01,1.168701052665710449e-01,9.979723691940307617e-01,8.012902736663818359e-02,-5.001976713538169861e-02,2.855212241411209106e-02
-5.417348146438598633e-01,-8.055437207221984863e-01,2.913235425949096680e-01,1.491583585739135742e-01,7.064121216535568237e-02,-8.111701607704162598e-01,5.610388517379760742e-01,-3.617520332336425781e-01,-7.559850066900253296e-02,1.224132440984249115e-02,1.056752562522888184e+00,-5.268247723579406738e-01,6.240600720047950745e-02,-1.171099662780761719e+00,-2.484368383884429932e-01,-4.287059009075164795e-01,1.202688932418823242e+00,-3.155266046524047852e-01,-3.709527105093002319e-02,-5.150184035301208496e-02,9.045631438493728638e-02,3.147466778755187988e-01,-1.548322558403015137e+00,1.275169134140014648e+00,-1.036849617958068848e+00,4.624471366405487061e-01,-8.587317913770675659e-02,-2.594932019710540771e-01,2.498973608016967773e-01,6.496746838092803955e-02,-8.914412260055541992e-01,1.455441564321517944e-01,9.969409704208374023e-01,1.309672892093658447e-01,-4.959341511130332947e-02,1.404608716256916523e-03
-5.581474304199218750e-01,-8.431662917137145996e-01,2.810109853744506836e-01,1.552469730377197266e-01,7.483921945095062256e-02,-8.176473379135131836e-01,5.493180155754089355e-01,-3.826315999031066895e-01,-5.843556299805641174e-02,2.473866194486618042e-02,1.146815419197082520e+00,-5.157458782196044922e-01,1.070498079061508179e-01,-1.178721189498901367e+00,-2.208415418863296509e-01,-3.927552402019500732e-01,1.313772678375244141e+00,-4.116560518741607666e-01,-7.774817198514938354e-02,-1.616466045379638672e-02,1.085997670888900757e-01,2.850245833396911621e-01,-1.666126251220703125e+00,1.320965528488159180e+00,-1.117626547813415527e+00,7.387967705726623535e-01,-1.547597944736480713e-01,-2.016865909099578857e-01,2.005861252546310425e-01,-6.034265086054801941e-02,-9.318913817405700684e-01,1.952397972345352173e-01,9.801834225654602051e-01,1.864774674177169800e-01,-5.106725171208381653e-02,-4.168111085891723633e-02
-5.734400153160095215e-01,-8.814861774444580078e-01,2.774764597415924072e-01,1.648361235857009888e-01,7.991463690996170044e-02,-8.304774761199951172e-01,5.260702371597290039e-01,-4.427241086959838867e-01,-3.307876735925674438e-02,5.490947142243385315e-02,1.246568799018859863e+00,-5.169823765754699707e-01,1.421660184860229492e-01,-1.168181896209716797e+00,-1.824905276298522949e-01,-3.694989383220672607e-01,1.363562822341918945e+00,-4.863975048065185547e-01,-8.794655650854110718e-02,1.649691537022590637e-02,9.767464548349380493e-02,2.569492459297180176e-01,-1.896875858306884766e+00,1.361636996269226074e+00,-1.267008543014526367e+00,1.014301180839538574e+00,-2.245391309261322021e-01,-1.785315722227096558e-01,1.611584126949310303e-01,-2.769204974174499512e-01,-9.377000331878662109e-01,2.970487177371978760e-01,9.540961980819702148e-01,2.522844672203063965e-01,-5.519980937242507935e-02,-8.929698914289474487e-02
-5.879820585250854492e-01,-9.224125742912292480e-01,2.784474492073059082e-01,1.736288666725158691e-01,7.865660637617111206e-02,-8.459903597831726074e-01,4.979623258113861084e-01,-5.312256217002868652e-01,-2.369684353470802307e-02,9.072665870189666748e-02,1.366762757301330566e+00,-5.328827500343322754e-01,1.756286174058914185e-01,-1.124017715454101562e+00,-1.617553979158401489e-01,-3.496224880218505859e-01,1.382477760314941406e+00,-5.781800746917724609e-01,-8.233128488063812256e-02,8.048251271247863770e-02,9.513216465711593628e-02,2.007180303335189819e-01,-2.002759456634521484e+00,1.448204040527343750e+00,-1.300417542457580566e+00,1.151417136192321777e+00,-2.514261901378631592e-01,-1.392124295234680176e-01,1.686302423477172852e-01,-4.276974201202392578e-01,-9.837247729301452637e-01,3.378296792507171631e-01,8.470029830932617188e-01,3.075748085975646973e-01,-8.816569298505783081e-02,-1.258426606655120850e-01
-6.014163494110107422e-01,-9.648997783660888672e-01,2.831199467182159424e-01,1.827781349420547485e-01,8.066462725400924683e-02,-8.609476685523986816e-01,4.678188264369964600e-01,-6.644752621650695801e-01,9.393071522936224937e-04,1.236316561698913574e-01,1.492148399353027344e+00,-5.616313815116882324e-01,1.969788819551467896e-01,-1.067057251930236816e+00,-1.361927092075347900e-01,-3.185094296932220459e-01,1.368375658988952637e+00,-6.648833751678466797e-01,-6.951181590557098389e-02,1.515984535217285156e-01,1.092717945575714111e-01,1.509081125259399414e-01,-2.203551054000854492e+00,1.551175951957702637e+00,-1.399971246719360352e+00,1.289858222007751465e+00,-2.796468436717987061e-01,-1.251550316810607910e-01,1.749001592397689819e-01,-6.623005270957946777e-01,-1.079291701316833496e+00,4.463377296924591064e-01,6.773136854171752930e-01,3.822478055953979492e-01,-1.158008351922035217e-01,-1.580249667167663574e-01
-6.153556108474731445e-01,-1.009552597999572754e+00,2.953540682792663574e-01,1.829380691051483154e-01,6.911331415176391602e-02,-8.741007447242736816e-01,4.446401894092559814e-01,-8.064702153205871582e-01,3.905751928687095642e-02,1.604193001985549927e-01,1.573445320129394531e+00,-5.777108073234558105e-01,2.114810049533843994e-01,-9.511770009994506836e-01,-1.433432698249816895e-01,-2.862369418144226074e-01,1.307224631309509277e+00,-7.489773035049438477e-01,-5.030207708477973938e-02,2.488989531993865967e-01,1.079103946685791016e-01,1.086755394935607910e-01,-2.260915994644165039e+00,1.638621330261230469e+00,-1.399999976158142090e+00,1.360862016677856445e+00,-2.801786363124847412e-01,-1.174721643328666687e-01,2.128644734621047974e-01,-8.637917637825012207e-01,-1.166590809822082520e+00,5.377210378646850586e-01,4.998587071895599365e-01,4.155604839324951172e-01,-1.618626266717910767e-01,-1.877770870923995972e-01
-6.303303241729736328e-01,-1.056419849395751953e+00,3.162617683410644531e-01,1.796330362558364868e-01,6.145431846380233765e-02,-8.835788369178771973e-01,4.280698597431182861e-01,-9.349464774131774902e-01,1.005852147936820984e-01,1.987488716840744019e-01,1.568626761436462402e+00,-5.806821584701538086e-01,2.115068286657333374e-01,-8.028863668441772461e-01,-1.411706507205963135e-01,-2.381669878959655762e-01,1.177719593048095703e+00,-7.752428650856018066e-01,-1.070204889401793480e-03,3.261982798576354980e-01,9.102047979831695557e-02,9.293345361948013306e-02,-2.277231931686401367e+00,1.738499999046325684e+00,-1.399999976158142090e+00,1.402210116386413574e+00,-3.184650540351867676e-01,-1.262889057397842407e-01,2.548629045486450195e-01,-1.058172821998596191e+00,-1.205846905708312988e+00,6.484655737876892090e-01,3.484862148761749268e-01,4.428557753562927246e-01,-1.978888064622879028e-01,-2.301867753267288208e-01
-6.465318202972412109e-01,-1.105583906173706055e+00,3.375068306922912598e-01,1.738252341747283936e-01,5.478962138295173645e-02,-8.926109075546264648e-01,4.123452603816986084e-01,-1.007544040679931641e+00,1.823635399341583252e-01,2.481778264045715332e-01,1.433798074722290039e+00,-5.641843676567077637e-01,1.873472630977630615e-01,-6.279577016830444336e-01,-1.743292659521102905e-01,-2.249555289745330811e-01,1.022903084754943848e+00,-7.288788557052612305e-01,5.690229311585426331e-02,3.853934109210968018e-01,6.958933174610137939e-02,1.026821807026863098e-01,-2.244403839111328125e+00,1.848937869071960449e+00,-1.399999976158142090e+00,1.436267018318176270e+00,-3.456895947456359863e-01,-1.319415718317031860e-01,2.645755410194396973e-01,-1.201035380363464355e+00,-1.194318056106567383e+00,7.261070013046264648e-01,2.591198682785034180e-01,4.180409610271453857e-01,-2.191982716321945190e-01,-2.817463576793670654e-01
-6.634296774864196777e-01,-1.156144261360168457e+00,3.632234334945678711e-01,1.630545109510421753e-01,4.650953412055969238e-02,-9.009096026420593262e-01,3.995146453380584717e-01,-1.037666797637939453e+00,2.633608579635620117e-01,2.965661585330963135e-01,1.248570442199707031e+00,-5.206665992736816406e-01,1.412659436464309692e-01,-4.608636200428009033e-01,-2.304188311100006104e-01,-2.562884092330932617e-01,9.054065346717834473e-01,-5.856361389160156250e-01,1.190707236528396606e-01,4.215990900993347168e-01,3.917506337165832520e-02,1.228816211223602295e-01,-2.176354408264160156e+00,1.961015939712524414e+00,-1.382795572280883789e+00,1.473845243453979492e+00,-3.588126003742218018e-01,-1.381454765796661377e-01,2.463589906692504883e-01,-1.237702727317810059e+00,-1.143396854400634766e+00,7.359285354614257812e-01,2.145343869924545288e-01,3.810734152793884277e-01,-2.377122193574905396e-01,-3.262824118137359619e-01
-6.800940632820129395e-01,-1.207027435302734375e+00,3.860239386558532715e-01,1.501354128122329712e-01,4.727620631456375122e-02,-9.072887301445007324e-01,3.899377584457397461e-01,-1.040890097618103027e+00,3.174214065074920654e-01,3.522903919219970703e-01,1.016731023788452148e+00,-4.569700062274932861e-01,9.111327677965164185e-02,-3.085834681987762451e-01,-2.822960317134857178e-01,-2.728717625141143799e-01,8.572524189949035645e-01,-4.393565654754638672e-01,1.709456443786621094e-01,4.385037720203399658e-01,-9.497020393610000610e-03,1.459723860025405884e-01,-2.129582643508911133e+00,2.073706150054931641e+00,-1.399999976158142090e+00,1.503221273422241211e+00,-3.648456335067749023e-01,-1.304547935724258423e-01,2.073604315519332886e-01,-1.154041886329650879e+00,-1.049547553062438965e+00,6.581273078918457031e-01,1.791434437036514282e-01,3.335149884223937988e-01,-2.400928586721420288e-01,-3.619942665100097656e-01
-6.944923400878906250e-01,-1.255135536193847656e+00,3.999828696250915527e-01,1.303339004516601562e-01,4.878493025898933411e-02,-9.135097265243530273e-01,3.822736144065856934e-01,-1.019728660583496094e+00,3.342611193656921387e-01,4.148088097572326660e-01,7.811512351036071777e-01,-3.560326993465423584e-01,4.504363611340522766e-02,-1.924578249454498291e-01,-3.665420413017272949e-01,-2.698725759983062744e-01,9.528942108154296875e-01,-3.376898169517517090e-01,1.751389950513839722e-01,4.502100348472595215e-01,-7.106959074735641479e-02,1.685529053211212158e-01,-2.054756164550781250e+00,2.172459363937377930e+00,-1.399999976158142090e+00,1.515702724456787109e+00,-3.571258485317230225e-01,-1.136187911033630371e-01,1.626568585634231567e-01,-1.007301092147827148e+00,-9.392032623291015625e-01,5.402320623397827148e-01,1.652449369430541992e-01,2.907051444053649902e-01,-2.253679633140563965e-01,-3.681573569774627686e-01
-7.060742378234863281e-01,-1.301298499107360840e+00,4.032620489597320557e-01,1.050522103905677795e-01,4.298190027475357056e-02,-9.197055101394653320e-01,3.758435249328613281e-01,-9.891758561134338379e-01,3.208045661449432373e-01,4.565864801406860352e-01,6.067820191383361816e-01,-2.264579981565475464e-01,1.773674041032791138e-02,-1.322193890810012817e-01,-4.886262118816375732e-01,-1.953515857458114624e-01,1.204690217971801758e+00,-3.006135523319244385e-01,1.270801126956939697e-01,4.516184926033020020e-01,-1.591288745403289795e-01,1.910756975412368774e-01,-1.960456132888793945e+00,2.251197576522827148e+00,-1.399999976158142090e+00,1.507405519485473633e+00,-3.008751869201660156e-01,-9.819833189249038696e-02,1.029079109430313110e-01,-8.339416980743408203e-01,-7.988596558570861816e-01,4.198305010795593262e-01,1.798952221870422363e-01,2.577288448810577393e-01,-1.870014220476150513e-01,-3.286738097667694092e-01
-7.175128459930419922e-01,-1.348985910415649414e+00,3.935086131095886230e-01,6.797822564840316772e-02,3.732696175575256348e-02,-9.247195720672607422e-01,3.726652264595031738e-01,-9.670690298080444336e-01,2.896727025508880615e-01,4.193160533905029297e-01,6.154355406761169434e-01,-1.468098908662796021e-01,3.326659649610519409e-02,-1.238018199801445007e-01,-6.118239164352416992e-01,-3.892865777015686035e-02,1.540608882904052734e+00,-3.361270129680633545e-01,5.460593849420547485e-02,4.703323543071746826e-01,-2.505872547626495361e-01,2.325494289398193359e-01,-1.830675482749938965e+00,2.251499891281127930e+00,-1.399999976158142090e+00,1.522037625312805176e+00,-2.185458689928054810e-01,-8.879097551107406616e-02,2.448380924761295319e-02,-6.124238967895507812e-01,-6.335462331771850586e-01,2.853949069976806641e-01,2.338098585605621338e-01,2.117538303136825562e-01,-1.494426727294921875e-01,-2.499907612800598145e-01
-7.321453690528869629e-01,-1.393424630165100098e+00,3.692438602447509766e-01,2.515976503491401672e-02,2.068170160055160522e-02,-9.180632233619689941e-01,3.950938284397125244e-01,-9.562449455261230469e-01,2.233711332082748413e-01,3.368209898471832275e-01,7.652589678764343262e-01,-1.693105399608612061e-01,7.611642032861709595e-02,-1.951654255390167236e-01,-6.433014869689941406e-01,1.664818525314331055e-01,1.856811165809631348e+00,-4.212310612201690674e-01,-1.104848808608949184e-03,4.422266781330108643e-01,-3.299537301063537598e-01,3.137935698032379150e-01,-1.711760520935058594e+00,2.251499891281127930e+00,-1.399999976158142090e+00,1.508198380470275879e+00,-1.089474037289619446e-01,-9.471293538808822632e-02,-1.111186295747756958e-01,-4.016257226467132568e-01,-4.116961658000946045e-01,1.583603322505950928e-01,3.085457682609558105e-01,1.607582420110702515e-01,-1.092952489852905273e-01,-1.830185353755950928e-01
-7.447929382324218750e-01,-1.433345794677734375e+00,3.439581990242004395e-01,-3.865092620253562927e-02,1.015921123325824738e-02,-9.057278633117675781e-01,4.219715595245361328e-01,-9.333444237709045410e-01,1.445869952440261841e-01,2.595623135566711426e-01,9.516234993934631348e-01,-2.643001973628997803e-01,1.303451657295227051e-01,-4.073337316513061523e-01,-6.127490997314453125e-01,3.261396586894989014e-01,2.065841436386108398e+00,-5.152059793472290039e-01,-3.706269711256027222e-02,4.245108962059020996e-01,-3.881808519363403320e-01,4.386905729770660400e-01,-1.572150349617004395e+00,2.206222772598266602e+00,-1.399999976158142090e+00,1.446570277214050293e+00,-1.027337834239006042e-02,-1.170094013214111328e-01,-2.940528392791748047e-01,-2.053069770336151123e-01,-1.607753485441207886e-01,4.983781278133392334e-02,3.695324361324310303e-01,1.222072914242744446e-01,-7.109586894512176514e-02,-1.308416277170181274e-01
-7.563757896423339844e-01,-1.471077680587768555e+00,3.187876939773559570e-01,-8.990663290023803711e-02,-1.335183251649141312e-02,-8.997044563293457031e-01,4.269314110279083252e-01,-9.449560642242431641e-01,1.279115080833435059e-01,2.270489335060119629e-01,1.148304462432861328e+00,-4.040614962577819824e-01,1.875279694795608521e-01,-8.458338379859924316e-01,-5.400953292846679688e-01,3.507250845432281494e-01,2.076052665710449219e+00,-5.615183711051940918e-01,-8.665574342012405396e-02,5.156405568122863770e-01,-3.316940069198608398e-01,4.892440438270568848e-01,-1.269831657409667969e+00,1.893495798110961914e+00,-1.399999976158142090e+00,1.339874386787414551e+00,-7.954499870538711548e-02,-9.118597954511642456e-02,-4.079125523567199707e-01,4.649361222982406616e-02,1.667430251836776733e-02,-8.165454864501953125e-02,3.820549249649047852e-01,1.232930198311805725e-01,-6.420229375362396240e-02,-1.586577892303466797e-01
-7.691432833671569824e-01,-1.507621765136718750e+00,3.088960647583007812e-01,-1.118313372135162354e-01,-4.452081769704818726e-02,-9.031628370285034180e-01,4.120782613754272461e-01,-9.194357395172119141e-01,1.253682971000671387e-01,2.692460417747497559e-01,1.278377175331115723e+00,-5.326529741287231445e-01,2.103562951087951660e-01,-1.172609329223632812e+00,-3.302433490753173828e-01,2.439817637205123901e-01,1.791706919670104980e+00,-5.440107583999633789e-01,-7.733662426471710205e-02,4.431416988372802734e-01,4.434433951973915100e-02,5.044800043106079102e-01,-4.000537395477294922e-01,1.032424926757812500e+00,-7.670208811759948730e-01,1.279493808746337891e+00,-1.963680684566497803e-01,-6.825093179941177368e-02,-2.000687122344970703e-01,2.302321493625640869e-01,-1.741590648889541626e-01,-2.601918876171112061e-01,3.201868534088134766e-01,6.872219592332839966e-02,-8.230283856391906738e-02,-1.822110265493392944e-01
-7.770516276359558105e-01,-1.543249130249023438e+00,3.097260594367980957e-01,-1.168028563261032104e-01,-3.644744679331779480e-02,-8.936663866043090820e-01,4.317280650138854980e-01,-9.038422107696533203e-01,6.840765476226806641e-02,2.529361546039581299e-01,1.332270264625549316e+00,-6.216939091682434082e-01,2.089718878269195557e-01,-1.303576231002807617e+00,-1.524654477834701538e-01,4.165216535329818726e-02,1.228593945503234863e+00,-4.794991314411163330e-01,4.122718796133995056e-02,-1.128610223531723022e-01,3.007599115371704102e-01,5.199999809265136719e-01,1.140083521604537964e-01,3.529430925846099854e-01,-3.010986745357513428e-01,1.037080287933349609e+00,-6.262996699661016464e-03,-1.233519613742828369e-01,1.068497747182846069e-01,2.620681524276733398e-01,-7.125535607337951660e-01,-3.815802186727523804e-02,3.285907208919525146e-01,1.108382120728492737e-01,-8.743320405483245850e-02,-1.495587229728698730e-01
-7.855110168457031250e-01,-1.568740844726562500e+00,3.149316012859344482e-01,-1.075171753764152527e-01,-4.260936006903648376e-02,-8.834257721900939941e-01,4.540741741657257080e-01,-8.641412854194641113e-01,-9.667864069342613220e-03,2.563872635364532471e-01,1.323685169219970703e+00,-6.733283400535583496e-01,1.934440582990646362e-01,-1.352863311767578125e+00,-4.650218412280082703e-02,2.273825230076909065e-03,8.349092006683349609e-01,-3.866233825683593750e-01,1.100021079182624817e-01,-1.956996619701385498e-01,2.723718285560607910e-01,5.199999809265136719e-01,9.365884587168693542e-03,4.289363026618957520e-01,-3.028991520404815674e-01,8.726840615272521973e-01,-7.447787374258041382e-02,-1.627115011215209961e-01,1.473793238401412964e-01,3.136012554168701172e-01,-6.848813295364379883e-01,-4.460859112441539764e-03,3.031423985958099365e-01,1.555809825658798218e-01,-1.106132641434669495e-01,-1.391419172286987305e-01
-7.946045994758605957e-01,-1.591548323631286621e+00,3.169645667076110840e-01,-1.120536178350448608e-01,-4.185525700449943542e-02,-8.732529878616333008e-01,4.723572432994842529e-01,-7.861369848251342773e-01,-3.061724454164505005e-02,2.604669630527496338e-01,1.333710789680480957e+00,-7.286061048507690430e-01,1.962266266345977783e-01,-1.387974977493286133e+00,2.554207481443881989e-02,6.244636606425046921e-04,6.323638558387756348e-01,-2.829221487045288086e-01,1.504332125186920166e-01,-2.399332970380783081e-01,2.737340033054351807e-01,5.199999809265136719e-01,-1.055850610136985779e-01,5.787016153335571289e-01,-2.848013639450073242e-01,6.020463109016418457e-01,-1.452174037694931030e-01,-2.156973183155059814e-01,2.263420671224594116e-01,3.923766613006591797e-01,-6.391577720642089844e-01,-2.482052147388458252e-02,2.352869063615798950e-01,2.251099050045013428e-01,-1.272846609354019165e-01,-1.430581510066986084e-01
-8.056516051292419434e-01,-1.614626407623291016e+00,3.198056817054748535e-01,-1.247032508254051208e-01,-2.565035223960876465e-02,-8.591694235801696777e-01,4.955996870994567871e-01,-6.807058453559875488e-01,-4.203817620873451233e-02,2.292558103799819946e-01,1.339163184165954590e+00,-8.045672178268432617e-01,2.223081886768341064e-01,-1.447154879570007324e+00,6.700664013624191284e-02,2.048981934785842896e-02,6.855108141899108887e-01,-2.254140824079513550e-01,1.824882626533508301e-01,-2.914627790451049805e-01,2.943972051143646240e-01,5.199999809265136719e-01,-2.370340377092361450e-01,7.291851639747619629e-01,-2.901612520217895508e-01,3.447659313678741455e-01,-1.722125560045242310e-01,-2.689041197299957275e-01,3.416829407215118408e-01,4.397611916065216064e-01,-5.999691486358642578e-01,-3.611437976360321045e-02,1.765006929636001587e-01,2.946473658084869385e-01,-1.466979235410690308e-01,-1.616555005311965942e-01
-8.168211579322814941e-01,-1.636198401451110840e+00,3.282883465290069580e-01,-1.298890113830566406e-01,-9.745463030412793159e-04,-8.439028859138488770e-01,5.205342173576354980e-01,-5.629477500915527344e-01,-5.843659117817878723e-02,1.997718214988708496e-01,1.303212165832519531e+00,-8.505133986473083496e-01,2.388467341661453247e-01,-1.484145045280456543e+00,1.006704121828079224e-01,5.956419184803962708e-02,8.333280086517333984e-01,-1.542654782533645630e-01,2.313287705183029175e-01,-3.373238444328308105e-01,3.259668350219726562e-01,5.199999809265136719e-01,-3.534981310367584229e-01,8.454409837722778320e-01,-2.998025417327880859e-01,1.163109466433525085e-01,-1.717044711112976074e-01,-3.109404742717742920e-01,4.267027080059051514e-01,4.417603909969329834e-01,-5.745481252670288086e-01,-4.790536314249038696e-02,1.068442016839981079e-01,3.596865534782409668e-01,-1.605236828327178955e-01,-1.755874454975128174e-01
-8.329755067825317383e-01,-1.653377294540405273e+00,3.488495051860809326e-01,-1.259598433971405029e-01,2.320378646254539490e-02,-8.263821601867675781e-01,5.483504533767700195e-01,-4.398234486579895020e-01,-5.672797560691833496e-02,1.635088324546813965e-01,1.229043722152709961e+00,-8.560258746147155762e-01,2.204912900924682617e-01,-1.451575040817260742e+00,1.409409642219543457e-01,6.753102689981460571e-02,9.527138471603393555e-01,-5.211763083934783936e-02,2.617999911308288574e-01,-3.639784157276153564e-01,3.595466911792755127e-01,5.199999809265136719e-01,-4.285759031772613525e-01,9.075534939765930176e-01,-3.357141017913818359e-01,-3.841824829578399658e-02,-1.556761264801025391e-01,-3.230161070823669434e-01,4.697553813457489014e-01,4.015386104583740234e-01,-5.762162208557128906e-01,-3.998174890875816345e-02,5.904292687773704529e-02,3.820992410182952881e-01,-1.631033271551132202e-01,-1.970181763172149658e-01
-8.551519513130187988e-01,-1.667362451553344727e+00,3.785144090652465820e-01,-1.200550347566604614e-01,4.127065092325210571e-02,-8.063506484031677246e-01,5.776522755622863770e-01,-3.336848318576812744e-01,-2.797480300068855286e-02,1.241246089339256287e-01,1.158367753028869629e+00,-8.012849688529968262e-01,1.733652055263519287e-01,-1.342655777931213379e+00,1.794344633817672729e-01,2.371431887149810791e-02,1.010781764984130859e+00,1.291028261184692383e-01,2.617999911308288574e-01,-3.674226701259613037e-01,3.788633644580841064e-01,5.199999809265136719e-01,-4.765635728836059570e-01,9.118799567222595215e-01,-3.719640970230102539e-01,-1.218885555863380432e-01,-1.377167552709579468e-01,-3.210680782794952393e-01,4.787633717060089111e-01,3.300066590309143066e-01,-5.933201909065246582e-01,-1.150598470121622086e-02,5.564261600375175476e-02,3.760803341865539551e-01,-1.558216065168380737e-01,-2.327844351530075073e-01
-8.725757598876953125e-01,-1.681520462036132812e+00,4.065460562705993652e-01,-1.074492931365966797e-01,4.346634447574615479e-02,-7.867340445518493652e-01,6.063125133514404297e-01,-2.797166407108306885e-01,1.144348271191120148e-02,1.016170382499694824e-01,1.135858416557312012e+00,-7.208483219146728516e-01,1.200153082609176636e-01,-1.198499321937561035e+00,1.819556057453155518e-01,-1.494961511343717575e-02,1.014800190925598145e+00,2.701700031757354736e-01,2.617999911308288574e-01,-3.415307104587554932e-01,3.640096485614776611e-01,5.199999809265136719e-01,-5.214548110961914062e-01,8.751862645149230957e-01,-3.999616205692291260e-01,-1.276857405900955200e-01,-1.001480817794799805e-01,-3.064629435539245605e-01,4.897363185882568359e-01,2.507505416870117188e-01,-6.048276424407958984e-01,2.103574201464653015e-02,7.781060785055160522e-02,3.403191268444061279e-01,-1.411849856376647949e-01,-2.696628570556640625e-01
-8.851656317710876465e-01,-1.696110963821411133e+00,4.270697236061096191e-01,-9.631462395191192627e-02,4.438005015254020691e-02,-7.640681266784667969e-01,6.363598108291625977e-01,-2.809118330478668213e-01,8.296096324920654297e-02,8.518642187118530273e-02,1.188521504402160645e+00,-6.309518814086914062e-01,6.730070710182189941e-02,-1.096624970436096191e+00,1.654028594493865967e-01,-5.381977930665016174e-02,1.058851361274719238e+00,3.330158293247222900e-01,2.617999911308288574e-01,-2.915168702602386475e-01,3.154218494892120361e-01,5.005975961685180664e-01,-5.689698457717895508e-01,8.230626583099365234e-01,-4.201844632625579834e-01,-7.803495228290557861e-02,-6.397838145494461060e-02,-2.939261794090270996e-01,4.914830923080444336e-01,2.022166103124618530e-01,-5.880795121192932129e-01,5.379480496048927307e-02,1.002928987145423889e-01,3.135411739349365234e-01,-1.236335858702659607e-01,-3.032493591308593750e-01
-8.931223154067993164e-01,-1.710251688957214355e+00,4.389102458953857422e-01,-7.921068370342254639e-02,4.910651221871376038e-02,-7.416102886199951172e-01,6.643255352973937988e-01,-3.411077857017517090e-01,1.721667498350143433e-01,7.112399488687515259e-02,1.265147447586059570e+00,-5.534683465957641602e-01,2.492873743176460266e-02,-1.056963443756103516e+00,1.296050399541854858e-01,-9.234299510717391968e-02,1.099616050720214844e+00,3.180289268493652344e-01,2.617999911308288574e-01,-2.230334132909774780e-01,2.404789328575134277e-01,4.311107397079467773e-01,-6.211524605751037598e-01,7.653351426124572754e-01,-4.695966839790344238e-01,2.137464098632335663e-02,-1.664584502577781677e-02,-2.744840085506439209e-01,5.109077095985412598e-01,1.951071321964263916e-01,-5.654197931289672852e-01,1.050009354948997498e-01,1.294536292552947998e-01,2.990583181381225586e-01,-1.093727201223373413e-01,-3.216824233531951904e-01
-8.979091644287109375e-01,-1.722982764244079590e+00,4.427064061164855957e-01,-6.300554424524307251e-02,5.726533755660057068e-02,-7.241091132164001465e-01,6.844099760055541992e-01,-3.917874097824096680e-01,2.814406454563140869e-01,5.883785337209701538e-02,1.311448574066162109e+00,-5.260681509971618652e-01,-8.726750384084880352e-04,-1.044986248016357422e+00,8.248392492532730103e-02,-1.453967988491058350e-01,1.150054216384887695e+00,2.400496453046798706e-01,2.617999911308288574e-01,-1.658796370029449463e-01,1.498522460460662842e-01,3.808777630329132080e-01,-6.811520457267761230e-01,7.139353752136230469e-01,-5.286988615989685059e-01,1.211547330021858215e-01,3.563614189624786377e-02,-2.439710795879364014e-01,5.449716448783874512e-01,2.138578295707702637e-01,-5.644944906234741211e-01,1.422049105167388916e-01,1.520282030105590820e-01,2.762750089168548584e-01,-9.354894608259201050e-02,-3.400475978851318359e-01
-9.021301269531250000e-01,-1.734014630317687988e+00,4.395217597484588623e-01,-5.023511126637458801e-02,5.907363072037696838e-02,-7.094598412513732910e-01,7.004666328430175781e-01,-4.133892953395843506e-01,3.695678114891052246e-01,4.804484173655509949e-02,1.293686151504516602e+00,-5.206369757652282715e-01,-1.808505691587924957e-02,-1.079045891761779785e+00,2.044470235705375671e-02,-2.154932767152786255e-01,1.208238482475280762e+00,1.354312151670455933e-01,2.617999911308288574e-01,-1.263239681720733643e-01,5.378845334053039551e-02,3.397137522697448730e-01,-7.460355162620544434e-01,6.612719297409057617e-01,-5.892898440361022949e-01,2.188609093427658081e-01,6.594156473875045776e-02,-2.236161679029464722e-01,5.910241007804870605e-01,2.502630352973937988e-01,-5.867378115653991699e-01,1.756584048271179199e-01,1.934873908758163452e-01,2.748929262161254883e-01,-9.379486739635467529e-02,-3.429504632949829102e-01
-9.051323533058166504e-01,-1.743314146995544434e+00,4.301291406154632568e-01,-4.323894903063774109e-02,5.657622963190078735e-02,-7.040714621543884277e-01,7.065500020980834961e-01,-3.859463930130004883e-01,4.206121563911437988e-01,5.487338081002235413e-02,1.240195989608764648e+00,-5.253310799598693848e-01,-3.989000618457794189e-02,-1.135469913482666016e+00,-5.070129409432411194e-02,-3.012396097183227539e-01,1.250333309173583984e+00,-1.683023199439048767e-02,2.617999911308288574e-01,-1.134535893797874451e-01,-1.478606741875410080e-02,3.141368627548217773e-01,-8.089025020599365234e-01,6.364811062812805176e-01,-6.067810058593750000e-01,2.703030705451965332e-01,6.104708462953567505e-02,-2.117347419261932373e-01,6.360962986946105957e-01,2.915885150432586670e-01,-6.314132213592529297e-01,1.784209907054901123e-01,2.352111041545867920e-01,2.783515155315399170e-01,-9.679418802261352539e-02,-3.293043971061706543e-01
-9.095315337181091309e-01,-1.750877737998962402e+00,4.160983860492706299e-01,-3.713236004114151001e-02,4.365595057606697083e-02,-6.971113085746765137e-01,7.146685719490051270e-01,-3.170607984066009521e-01,4.154321551322937012e-01,8.116834610700607300e-02,1.155595541000366211e+00,-5.528659820556640625e-01,-5.148740112781524658e-02,-1.197146773338317871e+00,-1.319924890995025635e-01,-3.761120736598968506e-01,1.285784244537353516e+00,-1.315652430057525635e-01,2.617999911308288574e-01,-1.321357339620590210e-01,-6.612046808004379272e-02,3.055537939071655273e-01,-8.883029222488403320e-01,6.202936768531799316e-01,-6.230958700180053711e-01,3.144710361957550049e-01,3.227598965167999268e-02,-2.187589406967163086e-01,6.632388234138488770e-01,3.345360755920410156e-01,-6.961866021156311035e-01,1.415545046329498291e-01,2.751744985580444336e-01,2.951484918594360352e-01,-1.178665533661842346e-01,-3.177343606948852539e-01
-9.136035442352294922e-01,-1.756819009780883789e+00,4.002664685249328613e-01,-2.417788468301296234e-02,3.351256996393203735e-02,-6.942514181137084961e-01,7.185452580451965332e-01,-2.400188893079757690e-01,3.877710998058319092e-01,1.096904799342155457e-01,1.084356307983398438e+00,-5.844190716743469238e-01,-5.787862464785575867e-02,-1.255517125129699707e+00,-1.997455060482025146e-01,-4.156319499015808105e-01,1.336686730384826660e+00,-1.982808113098144531e-01,2.617999911308288574e-01,-1.490535587072372437e-01,-1.007256135344505310e-01,3.107570111751556396e-01,-9.540163278579711914e-01,6.276581883430480957e-01,-6.251825094223022461e-01,3.400256931781768799e-01,-9.615362621843814850e-03,-2.265688180923461914e-01,6.599237918853759766e-01,3.720873296260833740e-01,-7.612622976303100586e-01,9.172611683607101440e-02,2.917183339595794678e-01,2.882365882396697998e-01,-1.282180100679397583e-01,-3.053128719329833984e-01
-9.123321175575256348e-01,-1.757444500923156738e+00,4.020867347717285156e-01,-2.001014538109302521e-02,2.953152917325496674e-02,-6.928768754005432129e-01,7.201730012893676758e-01,-2.347147613763809204e-01,3.497280180454254150e-01,1.081224232912063599e-01,1.048052668571472168e+00,-5.737578868865966797e-01,-5.039393901824951172e-02,-1.192907571792602539e+00,-1.891730576753616333e-01,-3.760775923728942871e-01,1.293045639991760254e+00,-2.143572419881820679e-01,2.617999911308288574e-01,-1.385859251022338867e-01,-9.742248803377151489e-02,2.912640273571014404e-01,-8.999106287956237793e-01,6.322356462478637695e-01,-5.880585312843322754e-01,4.244306981563568115e-01,-1.824723370373249054e-02,-2.119591087102890015e-01,6.240699887275695801e-01,3.539074063301086426e-01,-7.334581017494201660e-01,8.636137098073959351e-02,3.658119738101959229e-01,2.696593105792999268e-01,-1.158794090151786804e-01,-2.873544991016387939e-01
-9.107403755187988281e-01,-1.758133172988891602e+00,4.038319885730743408e-01,-1.615243405103683472e-02,2.889564633369445801e-02,-6.923854947090148926e-01,7.207679748535156250e-01,-2.360787689685821533e-01,3.188376724720001221e-01,1.048000752925872803e-01,1.016067147254943848e+00,-5.644456148147583008e-01,-4.373842850327491760e-02,-1.131059169769287109e+00,-1.758696883916854858e-01,-3.421126306056976318e-01,1.244586944580078125e+00,-2.277822643518447876e-01,2.617999911308288574e-01,-1.288482695817947388e-01,-9.033439308404922485e-02,2.655392885208129883e-01,-8.356851339340209961e-01,6.367952227592468262e-01,-5.464735627174377441e-01,5.029628872871398926e-01,-2.314520254731178284e-02,-1.963859498500823975e-01,5.883117914199829102e-01,3.296900689601898193e-01,-7.052071094512939453e-01,8.943647891283035278e-02,4.463632702827453613e-01,2.499701380729675293e-01,-1.059248372912406921e-01,-2.717593908309936523e-01
-9.089314341545104980e-01,-1.758874177932739258e+00,4.056389629840850830e-01,-1.181662734597921371e-02,2.830669283866882324e-02,-6.915174126625061035e-01,7.217082381248474121e-01,-2.378302663564682007e-01,2.866944372653961182e-01,1.007431373000144958e-01,9.829837679862976074e-01,-5.542944073677062988e-01,-3.644065186381340027e-02,-1.069040656089782715e+00,-1.654956191778182983e-01,-3.081862628459930420e-01,1.195919036865234375e+00,-2.411111444234848022e-01,2.617999911308288574e-01,-1.205393671989440918e-01,-8.365316689014434814e-02,2.390039414167404175e-01,-7.696857452392578125e-01,6.376298069953918457e-01,-5.029285550117492676e-01,5.805618762969970703e-01,-2.752478048205375671e-02,-1.806350052356719971e-01,5.516638159751892090e-01,3.050911426544189453e-01,-6.777893900871276855e-01,9.175779670476913452e-02,5.277266502380371094e-01,2.307921499013900757e-01,-9.647943079471588135e-02,-2.559771537780761719e-01
-9.069336056709289551e-01,-1.759656667709350586e+00,4.075276553630828857e-01,-7.121722679585218430e-03,2.751371078193187714e-02,-6.902963519096374512e-01,7.229683399200439453e-01,-2.388802915811538696e-01,2.531651258468627930e-01,9.616997092962265015e-02,9.479584097862243652e-01,-5.429741144180297852e-01,-2.854385040700435638e-02,-1.006377816200256348e+00,-1.581306904554367065e-01,-2.746011912822723389e-01,1.147045612335205078e+00,-2.544314265251159668e-01,2.616435885429382324e-01,-1.130285486578941345e-01,-7.767186313867568970e-02,2.124251127243041992e-01,-7.034320831298828125e-01,6.343413591384887695e-01,-4.585435390472412109e-01,6.579069495201110840e-01,-3.143083304166793823e-02,-1.649382412433624268e-01,5.140635967254638672e-01,2.807984948158264160e-01,-6.510438323020935059e-01,9.236688166856765747e-02,6.090824604034423828e-01,2.121001929044723511e-01,-8.719908446073532104e-02,-2.397373914718627930e-01
-9.064471721649169922e-01,-1.760182499885559082e+00,4.092779159545898438e-01,-2.286660950630903244e-03,2.736851014196872711e-02,-6.900057196617126465e-01,7.232826948165893555e-01,-2.402832061052322388e-01,2.239300161600112915e-01,9.229572117328643799e-02,9.116657376289367676e-01,-5.304549932479858398e-01,-2.322503365576267242e-02,-9.447472691535949707e-01,-1.468123197555541992e-01,-2.495638877153396606e-01,1.096319556236267090e+00,-2.664439976215362549e-01,2.477830499410629272e-01,-1.032931283116340637e-01,-7.182248681783676147e-02,1.850820332765579224e-01,-6.373981833457946777e-01,6.279713511466979980e-01,-4.137907028198242188e-01,7.351596355438232422e-01,-3.468911349773406982e-02,-1.493550837039947510e-01,4.754728972911834717e-01,2.566391229629516602e-01,-6.241815686225891113e-01,9.173109382390975952e-02,6.900292634963989258e-01,1.937687844038009644e-01,-7.811342179775238037e-02,-2.229521274566650391e-01
-9.065032005310058594e-01,-1.760676622390747070e+00,4.112426042556762695e-01,2.098545664921402931e-03,2.714625373482704163e-02,-6.899448037147521973e-01,7.233497500419616699e-01,-2.387482374906539917e-01,1.965510547161102295e-01,8.859529346227645874e-02,8.715306520462036133e-01,-5.161040425300598145e-01,-1.882945373654365540e-02,-8.811847567558288574e-01,-1.336985230445861816e-01,-2.273782789707183838e-01,1.043430566787719727e+00,-2.776794433593750000e-01,2.286514490842819214e-01,-9.352977573871612549e-02,-6.589859724044799805e-02,1.587850451469421387e-01,-5.716283917427062988e-01,6.182636618614196777e-01,-3.680993020534515381e-01,8.125995993614196777e-01,-3.714763373136520386e-02,-1.343591213226318359e-01,4.355421364307403564e-01,2.311565279960632324e-01,-5.980403423309326172e-01,9.072563052177429199e-02,7.723366618156433105e-01,1.758435219526290894e-01,-7.003805786371231079e-02,-2.053545117378234863e-01
-9.065254926681518555e-01,-1.761225700378417969e+00,4.132624864578247070e-01,6.508062593638896942e-03,2.748862840235233307e-02,-6.898198127746582031e-01,7.234297990798950195e-01,-2.377290427684783936e-01,1.703367829322814941e-01,8.420916646718978882e-02,8.307914733886718750e-01,-5.013530254364013672e-01,-1.442534010857343674e-02,-8.179091811180114746e-01,-1.203008443117141724e-01,-2.056233733892440796e-01,9.894249439239501953e-01,-2.881937026977539062e-01,2.085641771554946899e-01,-8.296918869018554688e-02,-5.969199165701866150e-02,1.316251754760742188e-01,-5.069877505302429199e-01,6.043811440467834473e-01,-3.242444396018981934e-01,8.894984722137451172e-01,-3.867907077074050903e-02,-1.190911680459976196e-01,3.952305912971496582e-01,2.078041285276412964e-01,-5.715862512588500977e-01,8.714821934700012207e-02,8.528898358345031738e-01,1.579952389001846313e-01,-6.141109764575958252e-02,-1.875080466270446777e-01
-9.065127968788146973e-01,-1.761863470077514648e+00,4.154504835605621338e-01,1.078022457659244537e-02,2.799551002681255341e-02,-6.895151138305664062e-01,7.236497402191162109e-01,-2.353066653013229370e-01,1.447007358074188232e-01,7.918753474950790405e-02,7.874242663383483887e-01,-4.853693246841430664e-01,-9.937132708728313446e-03,-7.535932064056396484e-01,-1.069183200597763062e-01,-1.840297132730484009e-01,9.336507320404052734e-01,-2.979277968406677246e-01,1.876569092273712158e-01,-7.258038967847824097e-02,-5.348167568445205688e-02,1.043864488601684570e-01,-4.434869885444641113e-01,5.868909955024719238e-01,-2.815129756927490234e-01,9.661995768547058105e-01,-3.921114280819892883e-02,-1.040517464280128479e-01,3.541229665279388428e-01,1.849866360425949097e-01,-5.454703569412231445e-01,8.211491256952285767e-02,9.331844449043273926e-01,1.403023451566696167e-01,-5.299237370491027832e-02,-1.691029518842697144e-01
-9.064637422561645508e-01,-1.762635946273803711e+00,4.179351627826690674e-01,1.455227378755807877e-02,2.813367545604705811e-02,-6.889902353286743164e-01,7.240781784057617188e-01,-2.286368608474731445e-01,1.192814186215400696e-01,7.360612601041793823e-02,7.387568950653076172e-01,-4.671137630939483643e-01,-5.338077433407306671e-03,-6.860650777816772461e-01,-9.365212172269821167e-02,-1.624410748481750488e-01,8.748413920402526855e-01,-3.065924048423767090e-01,1.660214066505432129e-01,-6.289260834455490112e-02,-4.749945551156997681e-02,7.838109135627746582e-02,-3.812209069728851318e-01,5.662517547607421875e-01,-2.395197302103042603e-01,1.042840480804443359e+00,-3.859585896134376526e-02,-8.953452855348587036e-02,3.120701611042022705e-01,1.616823077201843262e-01,-5.200216770172119141e-01,7.634500414133071899e-02,1.014155030250549316e+00,1.228182837367057800e-01,-4.531462118029594421e-02,-1.499955505132675171e-01
-9.063627719879150391e-01,-1.763521313667297363e+00,4.204699695110321045e-01,1.827368885278701782e-02,2.869536355137825012e-02,-6.883080005645751953e-01,7.246204018592834473e-01,-2.215559631586074829e-01,9.485920518636703491e-02,6.709465384483337402e-02,6.885923147201538086e-01,-4.481678903102874756e-01,-6.880700238980352879e-04,-6.179721355438232422e-01,-8.007521927356719971e-02,-1.409198194742202759e-01,8.137111663818359375e-01,-3.139818012714385986e-01,1.435087174177169800e-01,-5.300296097993850708e-02,-4.140397533774375916e-02,5.164637789130210876e-02,-3.205442130565643311e-01,5.424222350120544434e-01,-1.997355818748474121e-01,1.119108319282531738e+00,-3.685915842652320862e-02,-7.513164728879928589e-02,2.694857716560363770e-01,1.396011412143707275e-01,-4.946433007717132568e-01,6.879028677940368652e-02,1.094172477722167969e+00,1.053095310926437378e-01,-3.750221058726310730e-02,-1.304648220539093018e-01
-9.062086939811706543e-01,-1.764559745788574219e+00,4.231322109699249268e-01,2.172125317156314850e-02,2.937512286007404327e-02,-6.874471902847290039e-01,7.253148555755615234e-01,-2.122339904308319092e-01,7.126767933368682861e-02,5.969340354204177856e-02,6.351246237754821777e-01,-4.278291761875152588e-01,4.020668566226959229e-03,-5.477411150932312012e-01,-6.618743389844894409e-02,-1.192819401621818542e-01,7.489023208618164062e-01,-3.196251392364501953e-01,1.201560348272323608e-01,-4.333687573671340942e-02,-3.525489941239356995e-02,2.493199333548545837e-02,-2.613619565963745117e-01,5.158023238182067871e-01,-1.617591232061386108e-01,1.195160031318664551e+00,-3.390376269817352295e-02,-6.113623082637786865e-02,2.262547165155410767e-01,1.179217547178268433e-01,-4.696572124958038330e-01,6.006570905447006226e-02,1.174046277999877930e+00,8.782403916120529175e-02,-3.002535365521907806e-02,-1.103889420628547668e-01
-9.059994220733642578e-01,-1.765808105468750000e+00,4.260293543338775635e-01,2.450925111770629883e-02,2.972390130162239075e-02,-6.864162087440490723e-01,7.261877059936523438e-01,-1.977310180664062500e-01,4.842301085591316223e-02,5.140711739659309387e-02,5.753402709960937500e-01,-4.048829674720764160e-01,8.782335557043552399e-03,-4.726850390434265137e-01,-5.194532871246337891e-02,-9.734541177749633789e-02,6.778035163879394531e-01,-3.225016891956329346e-01,9.597730636596679688e-02,-3.409834206104278564e-02,-2.909022010862827301e-02,-5.312677822075784206e-04,-2.036976665258407593e-01,4.867218434810638428e-01,-1.254113763570785522e-01,1.271114945411682129e+00,-2.964397147297859192e-02,-4.774776101112365723e-02,1.823640018701553345e-01,9.613576531410217285e-02,-4.452192485332489014e-01,5.050316452980041504e-02,1.254263639450073242e+00,7.037238776683807373e-02,-2.320733852684497833e-02,-8.971650153398513794e-02
-9.057292938232421875e-01,-1.767228960990905762e+00,4.288855195045471191e-01,2.709138020873069763e-02,3.037354536354541779e-02,-6.852139234542846680e-01,7.272037863731384277e-01,-1.819951981306076050e-01,2.679190598428249359e-02,4.196813330054283142e-02,5.137165784835815430e-01,-3.812148571014404297e-01,1.357810851186513901e-02,-3.952444195747375488e-01,-3.730201721191406250e-02,-7.488378137350082397e-02,6.012875437736511230e-01,-3.225119411945343018e-01,7.087358832359313965e-02,-2.493185177445411682e-02,-2.273661457002162933e-02,-2.639223448932170868e-02,-1.475083529949188232e-01,4.553026258945465088e-01,-9.137498587369918823e-02,1.346796751022338867e+00,-2.413864061236381531e-02,-3.476010262966156006e-02,1.380146890878677368e-01,7.508633285760879517e-02,-4.210321009159088135e-01,3.962545841932296753e-02,1.333963990211486816e+00,5.282969772815704346e-02,-1.653363369405269623e-02,-6.859736144542694092e-02
-9.054009318351745605e-01,-1.768894791603088379e+00,4.318686127662658691e-01,2.893099002540111542e-02,3.073920495808124542e-02,-6.838493943214416504e-01,7.284010648727416992e-01,-1.606312245130538940e-01,6.339696235954761505e-03,3.136460855603218079e-02,4.451903402805328369e-01,-3.546375334262847900e-01,1.838513650000095367e-02,-3.107945919036865234e-01,-2.225734107196331024e-02,-5.164638161659240723e-02,5.137168765068054199e-01,-3.171567916870117188e-01,4.483135044574737549e-02,-1.615105010569095612e-02,-1.612722873687744141e-02,-5.096857249736785889e-02,-9.269990772008895874e-02,4.218480288982391357e-01,-5.927143990993499756e-02,1.422388076782226562e+00,-1.731186918914318085e-02,-2.244632132351398468e-02,9.316320717334747314e-02,5.409287661314010620e-02,-3.973275423049926758e-01,2.787998877465724945e-02,1.413837552070617676e+00,3.524155169725418091e-02,-1.047187112271785736e-02,-4.695448651909828186e-02
-9.052715301513671875e-01,-1.768862605094909668e+00,4.316296279430389404e-01,3.106668777763843536e-02,3.007525764405727386e-02,-6.829494237899780273e-01,7.291847467422485352e-01,-1.727702766656875610e-01,-1.399900484830141068e-02,2.226123027503490448e-02,4.434548914432525635e-01,-3.571366667747497559e-01,2.329149469733238220e-02,-2.649300992488861084e-01,-1.032706163823604584e-02,-2.407168783247470856e-02,4.986110031604766846e-01,-3.409791290760040283e-01,1.819375716149806976e-02,-3.160075983032584190e-03,-1.272090896964073181e-02,-7.263686507940292358e-02,-3.776145726442337036e-02,3.831841647624969482e-01,-3.375707939267158508e-02,1.488666176795959473e+00,-1.284961588680744171e-02,-4.778167232871055603e-03,5.556468293070793152e-02,4.497274011373519897e-02,-3.679646253585815430e-01,1.135609764605760574e-02,1.474220871925354004e+00,2.144112810492515564e-02,2.793451072648167610e-03,-2.996562048792839050e-02
-9.049369096755981445e-01,-1.767185926437377930e+00,4.354407489299774170e-01,2.097025141119956970e-02,1.800666190683841705e-02,-6.808969378471374512e-01,7.318574786186218262e-01,-1.324317455291748047e-01,-3.426123410463333130e-02,9.048711508512496948e-03,3.924230039119720459e-01,-3.242129981517791748e-01,2.920126356184482574e-02,-1.442801803350448608e-01,3.396187908947467804e-03,-6.351431366056203842e-04,3.930693566799163818e-01,-3.128549456596374512e-01,-9.641054086387157440e-03,5.068883183412253857e-04,-3.890705760568380356e-03,-8.119131624698638916e-02,3.943443670868873596e-02,3.124844729900360107e-01,-5.063621792942285538e-03,1.570618987083435059e+00,2.639404920046217740e-05,-2.936101751402020454e-03,2.072756923735141754e-02,3.844626992940902710e-02,-3.182580769062042236e-01,4.438976291567087173e-03,1.571187853813171387e+00,-9.493415564065799117e-05,-2.636721823364496231e-03,-2.036779932677745819e-02
-9.046850204467773438e-01,-1.771182656288146973e+00,4.348914921283721924e-01,2.632286213338375092e-02,2.461591735482215881e-02,-6.805705428123474121e-01,7.317956686019897461e-01,-1.304204314947128296e-01,-3.294576704502105713e-02,7.581689395010471344e-03,3.759010732173919678e-01,-3.339581489562988281e-01,2.878612838685512543e-02,-1.417154222726821899e-01,4.669395275413990021e-03,-1.167139853350818157e-03,3.754129707813262939e-01,-3.219884634017944336e-01,-9.838369674980640411e-03,-1.544405386084690690e-04,-3.582438686862587929e-03,-8.699496090412139893e-02,2.321277372539043427e-02,3.435365557670593262e-01,-3.388132899999618530e-03,1.568972706794738770e+00,-1.314335240749642253e-04,-8.767867111600935459e-04,9.541315957903862000e-03,2.278003469109535217e-02,-3.467527329921722412e-01,2.933632582426071167e-03,1.569284558296203613e+00,6.291281897574663162e-05,-8.345668902620673180e-04,-9.139083325862884521e-03
-9.046832323074340820e-01,-1.771379590034484863e+00,4.351748824119567871e-01,2.667059004306793213e-02,2.533300593495368958e-02,-6.805567741394042969e-01,7.317714095115661621e-01,-1.278313994407653809e-01,-3.239213302731513977e-02,7.293976843357086182e-03,3.678513467311859131e-01,-3.304394483566284180e-01,2.863367274403572083e-02,-1.385944783687591553e-01,5.243183113634586334e-03,-1.288519706577062607e-03,3.661158084869384766e-01,-3.177294433116912842e-01,-9.956713765859603882e-03,-2.042749838437885046e-04,-3.323460696265101433e-03,-8.654727041721343994e-02,1.958849094808101654e-02,3.458168804645538330e-01,-2.661748090758919716e-03,1.570205211639404297e+00,-6.242899689823389053e-05,-1.123579859267920256e-04,5.837452132254838943e-03,1.918884739279747009e-02,-3.483877778053283691e-01,2.358080586418509483e-03,1.570427417755126953e+00,2.081045977320172824e-06,-9.360200783703476191e-05,-5.589338950812816620e-03
-9.046820998191833496e-01,-1.771422505378723145e+00,4.353555440902709961e-01,2.657137811183929443e-02,2.540855295956134796e-02,-6.805753707885742188e-01,7.317551374435424805e-01,-1.254907399415969849e-01,-3.209565207362174988e-02,7.186057977378368378e-03,3.631494939327239990e-01,-3.281531631946563721e-01,2.856763638556003571e-02,-1.358375549316406250e-01,5.552722606807947159e-03,-1.308800536207854748e-03,3.604528307914733887e-01,-3.148939907550811768e-01,-1.001261267811059952e-02,-1.700126740615814924e-04,-3.125160234048962593e-03,-8.593597263097763062e-02,1.848755218088626862e-02,3.462061583995819092e-01,-2.445930615067481995e-03,1.570758700370788574e+00,-1.051812341756885871e-05,-5.563777449424378574e-05,5.116091575473546982e-03,1.808326318860054016e-02,-3.486267626285552979e-01,2.197217661887407303e-03,1.570961952209472656e+00,-3.997287058155052364e-05,-3.102553091594018042e-05,-4.931153729557991028e-03
-9.046798348426818848e-01,-1.771452426910400391e+00,4.354654550552368164e-01,2.637350931763648987e-02,2.531121112406253815e-02,-6.805938482284545898e-01,7.317484617233276367e-01,-1.235954314470291138e-01,-3.190964460372924805e-02,7.123467046767473221e-03,3.602809607982635498e-01,-3.268232345581054688e-01,2.852975018322467804e-02,-1.336400657892227173e-01,5.747673101723194122e-03,-1.315440167672932148e-03,3.568953275680541992e-01,-3.131774961948394775e-01,-1.004510279744863510e-02,-1.338511065114289522e-04,-2.978890668600797653e-03,-8.533205091953277588e-02,1.811724528670310974e-02,3.462942242622375488e-01,-2.378482371568679810e-03,1.570980548858642578e+00,9.572078852215781808e-06,-9.398406837135553360e-05,4.972852766513824463e-03,1.771023496985435486e-02,-3.486889302730560303e-01,2.145255450159311295e-03,1.571179986000061035e+00,-5.526244785869494081e-05,-6.584914808627218008e-05,-4.806938115507364273e-03
-9.046779870986938477e-01,-1.771473526954650879e+00,4.355337619781494141e-01,2.616758085787296295e-02,2.516814880073070526e-02,-6.806089878082275391e-01,7.317467331886291504e-01,-1.221353411674499512e-01,-3.178409487009048462e-02,7.082410622388124466e-03,3.584900796413421631e-01,-3.260370790958404541e-01,2.850519120693206787e-02,-1.319656670093536377e-01,5.879346746951341629e-03,-1.319907139986753464e-03,3.546185791492462158e-01,-3.121206462383270264e-01,-1.006653439253568649e-02,-1.059305577655322850e-04,-2.873293124139308929e-03,-8.476847410202026367e-02,1.797507703304290771e-02,3.463196754455566406e-01,-2.354745054617524147e-03,1.571067214012145996e+00,1.626972698431927711e-05,-1.222308637807145715e-04,4.939683247357606888e-03,1.756781712174415588e-02,-3.487180471420288086e-01,2.124432241544127464e-03,1.571265697479248047e+00,-6.019452121108770370e-05,-9.294106712331995368e-05,-4.778481088578701019e-03
-9.046766161918640137e-01,-1.771488070487976074e+00,4.355770945549011230e-01,2.598620019853115082e-02,2.502756193280220032e-02,-6.806207299232482910e-01,7.317470312118530273e-01,-1.210397779941558838e-01,-3.169704228639602661e-02,7.054760586470365524e-03,3.573521375656127930e-01,-3.255640864372253418e-01,2.848851680755615234e-02,-1.307188868522644043e-01,5.970615893602371216e-03,-1.323334057815372944e-03,3.531385362148284912e-01,-3.114574849605560303e-01,-1.008135918527841568e-02,-8.560477726859971881e-05,-2.798042260110378265e-03,-8.427844196557998657e-02,1.790720038115978241e-02,3.463294506072998047e-01,-2.343553816899657249e-03,1.571101069450378418e+00,1.844461439759470522e-05,-1.356010907329618931e-04,4.929210525006055832e-03,1.750055514276027679e-02,-3.487367033958435059e-01,2.112686401233077049e-03,1.571299195289611816e+00,-6.181629578350111842e-05,-1.060232607414945960e-04,-4.768697544932365417e-03
-9.046757221221923828e-01,-1.771497845649719238e+00,4.356050491333007812e-01,2.583801001310348511e-02,2.490662038326263428e-02,-6.806297302246093750e-01,7.317481040954589844e-01,-1.202303916215896606e-01,-3.163566440343856812e-02,7.035874761641025543e-03,3.566178083419799805e-01,-3.252747356891632080e-01,2.847692742943763733e-02,-1.298030018806457520e-01,6.034908350557088852e-03,-1.326014171354472637e-03,3.521634340286254883e-01,-3.110345005989074707e-01,-1.009183563292026520e-02,-7.102789095370098948e-05,-2.744456753134727478e-03,-8.387520909309387207e-02,1.786607131361961365e-02,3.463342487812042236e-01,-2.336232457309961319e-03,1.571114897727966309e+00,1.925254400703124702e-05,-1.408211392117664218e-04,4.924470558762550354e-03,1.746017113327980042e-02,-3.487495481967926025e-01,2.104110084474086761e-03,1.571312904357910156e+00,-6.248326099012047052e-05,-1.111967430915683508e-04,-4.763661883771419525e-03
-9.046750664710998535e-01,-1.771504402160644531e+00,4.356233179569244385e-01,2.572201378643512726e-02,2.480906248092651367e-02,-6.806364059448242188e-01,7.317492365837097168e-01,-1.196384876966476440e-01,-3.159222006797790527e-02,7.022907026112079620e-03,3.561375737190246582e-01,-3.250952064990997314e-01,2.846879884600639343e-02,-1.291359812021255493e-01,6.080378778278827667e-03,-1.328037469647824764e-03,3.515134155750274658e-01,-3.107607066631317139e-01,-1.009928528219461441e-02,-6.062208194634877145e-05,-2.706383820623159409e-03,-8.355615288019180298e-02,1.783689297735691071e-02,3.463369607925415039e-01,-2.330554416403174400e-03,1.571121335029602051e+00,1.966818854270968586e-05,-1.424924412276595831e-04,4.921748302876949310e-03,1.743163540959358215e-02,-3.487584888935089111e-01,2.097251359373331070e-03,1.571319103240966797e+00,-6.288527947617694736e-05,-1.128749427152797580e-04,-4.760505631566047668e-03
-9.046746492385864258e-01,-1.771508932113647461e+00,4.356354176998138428e-01,2.563353627920150757e-02,2.473333850502967834e-02,-6.806414127349853516e-01,7.317503094673156738e-01,-1.192086040973663330e-01,-3.156116232275962830e-02,7.013897411525249481e-03,3.558194935321807861e-01,-3.249820470809936523e-01,2.846303582191467285e-02,-1.286531686782836914e-01,6.112848408520221710e-03,-1.329594058915972710e-03,3.510757088661193848e-01,-3.105811774730682373e-01,-1.010462734848260880e-02,-5.319074989529326558e-05,-2.679169178009033203e-03,-8.331057429313659668e-02,1.781480573117733002e-02,3.463386297225952148e-01,-2.325979992747306824e-03,1.571124911308288574e+00,1.996105493162758648e-05,-1.428190735168755054e-04,4.920014645904302597e-03,1.741004735231399536e-02,-3.487647175788879395e-01,2.091734204441308975e-03,1.571322441101074219e+00,-6.319723615888506174e-05,-1.132144025177694857e-04,-4.758392926305532455e-03
-9.046743512153625488e-01,-1.771512031555175781e+00,4.356435239315032959e-01,2.556735277175903320e-02,2.467587031424045563e-02,-6.806450486183166504e-01,7.317511439323425293e-01,-1.188980638980865479e-01,-3.153922408819198608e-02,7.007680833339691162e-03,3.556068241596221924e-01,-3.249099850654602051e-01,2.845897898077964783e-02,-1.283051520586013794e-01,6.135778967291116714e-03,-1.330699538812041283e-03,3.507782816886901855e-01,-3.104620575904846191e-01,-1.010842248797416687e-02,-4.789739978150464594e-05,-2.659910358488559723e-03,-8.312524110078811646e-02,1.779784820973873138e-02,3.463396728038787842e-01,-2.322333399206399918e-03,1.571127176284790039e+00,2.019563544308766723e-05,-1.427122042514383793e-04,4.918855614960193634e-03,1.739346049726009369e-02,-3.487690985202789307e-01,2.087379572913050652e-03,1.571324586868286133e+00,-6.345639849314466119e-05,-1.131179742515087128e-04,-4.756951704621315002e-03
-9.046741724014282227e-01,-1.771514058113098145e+00,4.356490075588226318e-01,2.551843784749507904e-02,2.463299222290515900e-02,-6.806476712226867676e-01,7.317518591880798340e-01,-1.186745837330818176e-01,-3.152365237474441528e-02,7.003347855061292648e-03,3.554632365703582764e-01,-3.248634934425354004e-01,2.845611423254013062e-02,-1.280551403760910034e-01,6.152043119072914124e-03,-1.331506413407623768e-03,3.505746722221374512e-01,-3.103821873664855957e-01,-1.011112146079540253e-02,-4.413531496538780630e-05,-2.646246226504445076e-03,-8.298736810684204102e-02,1.778490655124187469e-02,3.463403582572937012e-01,-2.319489372894167900e-03,1.571128726005554199e+00,2.038678212556988001e-05,-1.425106165697798133e-04,4.918069578707218170e-03,1.738079078495502472e-02,-3.487721681594848633e-01,2.084013307467103004e-03,1.571326136589050293e+00,-6.366882007569074631e-05,-1.129235897678881884e-04,-4.755955655127763748e-03
-9.046740531921386719e-01,-1.771515607833862305e+00,4.356527626514434814e-01,2.548261731863021851e-02,2.460137568414211273e-02,-6.806495785713195801e-01,7.317523956298828125e-01,-1.185142323374748230e-01,-3.151259198784828186e-02,7.000315003097057343e-03,3.553655445575714111e-01,-3.248330950736999512e-01,2.845408394932746887e-02,-1.278759688138961792e-01,6.163594778627157211e-03,-1.332094660028815269e-03,3.504344224929809570e-01,-3.103281557559967041e-01,-1.011304277926683426e-02,-4.146149149164557457e-05,-2.636540913954377174e-03,-8.288588374853134155e-02,1.777513884007930756e-02,3.463408350944519043e-01,-2.317314036190509796e-03,1.571130037307739258e+00,2.053940625046379864e-05,-1.423239154973998666e-04,4.917529877275228500e-03,1.737122051417827606e-02,-3.487743139266967773e-01,2.081458922475576401e-03,1.571327328681945801e+00,-6.383829168044030666e-05,-1.127417490351945162e-04,-4.755264148116111755e-03
-9.046739339828491211e-01,-1.771516561508178711e+00,4.356553256511688232e-01,2.545656263828277588e-02,2.457826770842075348e-02,-6.806509494781494141e-01,7.317527532577514648e-01,-1.183994412422180176e-01,-3.150472417473793030e-02,6.998186465352773666e-03,3.552985787391662598e-01,-3.248130381107330322e-01,2.845264598727226257e-02,-1.277478337287902832e-01,6.171804852783679962e-03,-1.332521322183310986e-03,3.503372669219970703e-01,-3.102913200855255127e-01,-1.011441182345151901e-02,-3.956043656216934323e-05,-2.629643073305487633e-03,-8.281178027391433716e-02,1.776785403490066528e-02,3.463411331176757812e-01,-2.315677236765623093e-03,1.571130871772766113e+00,2.065841727016959339e-05,-1.421777560608461499e-04,4.917156882584095001e-03,1.736407540738582611e-02,-3.487758338451385498e-01,2.079549012705683708e-03,1.571328282356262207e+00,-6.397004472091794014e-05,-1.125989001593552530e-04,-4.754782188683748245e-03
-9.046738743782043457e-01,-1.771517276763916016e+00,4.356570839881896973e-01,2.543771266937255859e-02,2.456148527562618256e-02,-6.806519627571105957e-01,7.317530512809753418e-01,-1.183174028992652893e-01,-3.149913251399993896e-02,6.996688898652791977e-03,3.552524149417877197e-01,-3.247996270656585693e-01,2.845162525773048401e-02,-1.276563256978988647e-01,6.177641451358795166e-03,-1.332829822786152363e-03,3.502696752548217773e-01,-3.102660179138183594e-01,-1.011538691818714142e-02,-3.820847268798388541e-05,-2.624739194288849831e-03,-8.275800943374633789e-02,1.776247099041938782e-02,3.463413417339324951e-01,-2.314460929483175278e-03,1.571131587028503418e+00,2.074933217954821885e-05,-1.420706685166805983e-04,4.916897509247064590e-03,1.735879480838775635e-02,-3.487768769264221191e-01,2.078137360513210297e-03,1.571328878402709961e+00,-6.407035834854468703e-05,-1.124940754380077124e-04,-4.754445049911737442e-03
-9.046738743782043457e-01,-1.771517753601074219e+00,4.356583356857299805e-01,2.542412839829921722e-02,2.454935759305953979e-02,-6.806526780128479004e-01,7.317532896995544434e-01,-1.182588562369346619e-01,-3.149515390396118164e-02,6.995633244514465332e-03,3.552204072475433350e-01,-3.247905969619750977e-01,2.845090068876743317e-02,-1.275910586118698120e-01,6.181791890412569046e-03,-1.333052059635519981e-03,3.502224683761596680e-01,-3.102485239505767822e-01,-1.011608075350522995e-02,-3.724689304362982512e-05,-2.621252089738845825e-03,-8.271916210651397705e-02,1.775852777063846588e-02,3.463414907455444336e-01,-2.313566626980900764e-03,1.571132183074951172e+00,2.081765524053480476e-05,-1.419944601366296411e-04,4.916716832667589188e-03,1.735492236912250519e-02,-3.487776219844818115e-01,2.077102661132812500e-03,1.571329355239868164e+00,-6.414552626665681601e-05,-1.124194313888438046e-04,-4.754208959639072418e-03
-9.046738147735595703e-01,-1.771518111228942871e+00,4.356591701507568359e-01,2.541437000036239624e-02,2.454062923789024353e-02,-6.806532144546508789e-01,7.317534685134887695e-01,-1.182171255350112915e-01,-3.149232268333435059e-02,6.994888186454772949e-03,3.551981449127197266e-01,-3.247844874858856201e-01,2.845038659870624542e-02,-1.275445520877838135e-01,6.184743251651525497e-03,-1.333211897872388363e-03,3.501893877983093262e-01,-3.102363944053649902e-01,-1.011657528579235077e-02,-3.656294211396016181e-05,-2.618771977722644806e-03,-8.269121497869491577e-02,1.775565929710865021e-02,3.463415801525115967e-01,-2.312913537025451660e-03,1.571132540702819824e+00,2.086835229420103133e-05,-1.419409090885892510e-04,4.916590172797441483e-03,1.735210418701171875e-02,-3.487781584262847900e-01,2.076349919661879539e-03,1.571329832077026367e+00,-6.420117279049009085e-05,-1.123669790104031563e-04,-4.754042718559503555e-03
-9.046738147735595703e-01,-1.771518349647521973e+00,4.356597959995269775e-01,2.540737763047218323e-02,2.453436329960823059e-02,-6.806535720825195312e-01,7.317535281181335449e-01,-1.181873977184295654e-01,-3.149031102657318115e-02,6.994361989200115204e-03,3.551825881004333496e-01,-3.247802853584289551e-01,2.845002152025699615e-02,-1.275114268064498901e-01,6.186842452734708786e-03,-1.333326566964387894e-03,3.501661717891693115e-01,-3.102279305458068848e-01,-1.011692732572555542e-02,-3.607647158787585795e-05,-2.617008052766323090e-03,-8.267115056514739990e-02,1.775358058512210846e-02,3.463416397571563721e-01,-2.312439959496259689e-03,1.571132779121398926e+00,2.090560519718565047e-05,-1.419034524587914348e-04,4.916501231491565704e-03,1.735006272792816162e-02,-3.487785458564758301e-01,2.075804863125085831e-03,1.571330070495605469e+00,-6.424199818866327405e-05,-1.123303009080700576e-04,-4.753925837576389313e-03
-9.046737551689147949e-01,-1.771518468856811523e+00,4.356602132320404053e-01,2.540237642824649811e-02,2.452987805008888245e-02,-6.806538105010986328e-01,7.317536473274230957e-01,-1.181662455201148987e-01,-3.148887678980827332e-02,6.993989460170269012e-03,3.551717102527618408e-01,-3.247773945331573486e-01,2.844976074993610382e-02,-1.274878680706024170e-01,6.188335362821817398e-03,-1.333408872596919537e-03,3.501498103141784668e-01,-3.102220296859741211e-01,-1.011717785149812698e-02,-3.573047069949097931e-05,-2.615753328427672386e-03,-8.265679329633712769e-02,1.775208115577697754e-02,3.463416993618011475e-01,-2.312097698450088501e-03,1.571133017539978027e+00,2.093277362291701138e-05,-1.418772881152108312e-04,4.916438367217779160e-03,1.734858937561511993e-02,-3.487788140773773193e-01,2.075411844998598099e-03,1.571330308914184570e+00,-6.427172775147482753e-05,-1.123046677093952894e-04,-4.753842949867248535e-03
-9.046737551689147949e-01,-1.771518588066101074e+00,4.356605112552642822e-01,2.539880387485027313e-02,2.452667057514190674e-02,-6.806539893150329590e-01,7.317537069320678711e-01,-1.181511953473091125e-01,-3.148785978555679321e-02,6.993725430220365524e-03,3.551640510559082031e-01,-3.247754275798797607e-01,2.844957634806632996e-02,-1.274711042642593384e-01,6.189397536218166351e-03,-1.333467778749763966e-03,3.501382768154144287e-01,-3.102178871631622314e-01,-1.011735573410987854e-02,-3.548438689904287457e-05,-2.614860888570547104e-03,-8.264652639627456665e-02,1.775100454688072205e-02,3.463417291641235352e-01,-2.311851596459746361e-03,1.571133136749267578e+00,2.095247327815741301e-05,-1.418589818058535457e-04,4.916394595056772232e-03,1.734753139317035675e-02,-3.487789928913116455e-01,2.075129188597202301e-03,1.571330428123474121e+00,-6.429326458601281047e-05,-1.122867470257915556e-04,-4.753784742206335068e-03
-9.046737551689147949e-01,-1.771518707275390625e+00,4.356607198715209961e-01,2.539625577628612518e-02,2.452438324689865112e-02,-6.806541085243225098e-01,7.317537665367126465e-01,-1.181404963135719299e-01,-3.148713335394859314e-02,6.993538700044155121e-03,3.551586866378784180e-01,-3.247740268707275391e-01,2.844944410026073456e-02,-1.274591833353042603e-01,6.190152838826179504e-03,-1.333509921096265316e-03,3.501301407814025879e-01,-3.102149665355682373e-01,-1.011748239398002625e-02,-3.530937465257011354e-05,-2.614226192235946655e-03,-8.263919502496719360e-02,1.775023154914379120e-02,3.463417291641235352e-01,-2.311674878001213074e-03,1.571133255958557129e+00,2.096669231832493097e-05,-1.418461470166221261e-04,4.916363395750522614e-03,1.734677143394947052e-02,-3.487791419029235840e-01,2.074926858767867088e-03,1.571330547332763672e+00,-6.430879147956147790e-05,-1.122741959989070892e-04,-4.753743298351764679e-03
-9.046737551689147949e-01,-1.771518826484680176e+00,4.356608390808105469e-01,2.539443969726562500e-02,2.452275156974792480e-02,-6.806542277336120605e-01,7.317537665367126465e-01,-1.181328967213630676e-01,-3.148661926388740540e-02,6.993406452238559723e-03,3.551548719406127930e-01,-3.247730731964111328e-01,2.844935096800327301e-02,-1.274507194757461548e-01,6.190689746290445328e-03,-1.333539956249296665e-03,3.501243889331817627e-01,-3.102129101753234863e-01,-1.011757273226976395e-02,-3.518494486343115568e-05,-2.613774966448545456e-03,-8.263397216796875000e-02,1.774968020617961884e-02,3.463417589664459229e-01,-2.311548450961709023e-03,1.571133375167846680e+00,2.097692049574106932e-05,-1.418371393810957670e-04,4.916341044008731842e-03,1.734622940421104431e-02,-3.487792313098907471e-01,2.074781805276870728e-03,1.571330547332763672e+00,-6.431996007449924946e-05,-1.122653920901939273e-04,-4.753714427351951599e-03
-9.046737551689147949e-01,-1.771518826484680176e+00,4.356609582901000977e-01,2.539314702153205872e-02,2.452158927917480469e-02,-6.806542873382568359e-01,7.317537665367126465e-01,-1.181274950504302979e-01,-3.148625046014785767e-02,6.993312388658523560e-03,3.551522195339202881e-01,-3.247723877429962158e-01,2.844928577542304993e-02,-1.274446994066238403e-01,6.191071588546037674e-03,-1.333561493083834648e-03,3.501203358173370361e-01,-3.102114498615264893e-01,-1.011763699352741241e-02,-3.509647285682149231e-05,-2.613453660160303116e-03,-8.263025432825088501e-02,1.774928532540798187e-02,3.463417589664459229e-01,-2.311458112671971321e-03,1.571133375167846680e+00,2.098425829899497330e-05,-1.418308092979714274e-04,4.916325677186250687e-03,1.734584011137485504e-02,-3.487792909145355225e-01,2.074678428471088409e-03,1.571330666542053223e+00,-6.432797090383246541e-05,-1.122591929743066430e-04,-4.753693472594022751e-03
-9.046737551689147949e-01,-1.771518826484680176e+00,4.356610178947448730e-01,2.539222687482833862e-02,2.452076226472854614e-02,-6.806543469429016113e-01,7.317538261413574219e-01,-1.181236505508422852e-01,-3.148598968982696533e-02,6.993245799094438553e-03,3.551503121852874756e-01,-3.247719109058380127e-01,2.844923734664916992e-02,-1.274404227733612061e-01,6.191343534737825394e-03,-1.333576859906315804e-03,3.501174449920654297e-01,-3.102104365825653076e-01,-1.011768262833356857e-02,-3.503355765133164823e-05,-2.613225253298878670e-03,-8.262760937213897705e-02,1.774900220334529877e-02,3.463417887687683105e-01,-2.311393618583679199e-03,1.571133494377136230e+00,2.098950972140301019e-05,-1.418263564119115472e-04,4.916314966976642609e-03,1.734556443989276886e-02,-3.487793505191802979e-01,2.074604621157050133e-03,1.571330666542053223e+00,-6.433369708247482777e-05,-1.122548346756957471e-04,-4.753679037094116211e-03
-9.046737551689147949e-01,-1.771518826484680176e+00,4.356610774993896484e-01,2.539157122373580933e-02,2.452017366886138916e-02,-6.806544065475463867e-01,7.317538261413574219e-01,-1.181209310889244080e-01,-3.148580342531204224e-02,6.993198301643133163e-03,3.551489710807800293e-01,-3.247715830802917480e-01,2.844920381903648376e-02,-1.274373829364776611e-01,6.191536784172058105e-03,-1.333587802946567535e-03,3.501154184341430664e-01,-3.102096915245056152e-01,-1.011771522462368011e-02,-3.498881051200442016e-05,-2.613062737509608269e-03,-8.262572437524795532e-02,1.774880290031433105e-02,3.463417887687683105e-01,-2.311347750946879387e-03,1.571133494377136230e+00,2.099326229654252529e-05,-1.418232131982222199e-04,4.916307050734758377e-03,1.734536699950695038e-02,-3.487793803215026855e-01,2.074552001431584358e-03,1.571330666542053223e+00,-6.433779344661161304e-05,-1.122517569456249475e-04,-4.753668792545795441e-03
-9.046737551689147949e-01,-1.771518826484680176e+00,4.356611073017120361e-01,2.539110742509365082e-02,2.451975457370281219e-02,-6.806544065475463867e-01,7.317538261413574219e-01,-1.181189939379692078e-01,-3.148567304015159607e-02,6.993164774030447006e-03,3.551480472087860107e-01,-3.247713446617126465e-01,2.844917960464954376e-02,-1.274352222681045532e-01,6.191674619913101196e-03,-1.333595602773129940e-03,3.501139581203460693e-01,-3.102091848850250244e-01,-1.011773850768804550e-02,-3.495699274935759604e-05,-2.612947253510355949e-03,-8.262438327074050903e-02,1.774865947663784027e-02,3.463417887687683105e-01,-2.311314921826124191e-03,1.571133494377136230e+00,2.099593984894454479e-05,-1.418209867551922798e-04,4.916301462799310684e-03,1.734522543847560883e-02,-3.487794101238250732e-01,2.074514515697956085e-03,1.571330666542053223e+00,-6.434071110561490059e-05,-1.122495814342983067e-04,-4.753661341965198517e-03
-9.046737551689147949e-01,-1.771518945693969727e+00,4.356611371040344238e-01,2.539077587425708771e-02,2.451945841312408447e-02,-6.806544065475463867e-01,7.317538261413574219e-01,-1.181176155805587769e-01,-3.148557990789413452e-02,6.993141025304794312e-03,3.551473617553710938e-01,-3.247711658477783203e-01,2.844916284084320068e-02,-1.274337023496627808e-01,6.191772408783435822e-03,-1.333601307123899460e-03,3.501129448413848877e-01,-3.102088272571563721e-01,-1.011775527149438858e-02,-3.493436452117748559e-05,-2.612864831462502480e-03,-8.262342959642410278e-02,1.774855703115463257e-02,3.463417887687683105e-01,-2.311291638761758804e-03,1.571133494377136230e+00,2.099784796882886440e-05,-1.418194151483476162e-04,4.916297737509012222e-03,1.734512671828269958e-02,-3.487794101238250732e-01,2.074487740173935890e-03,1.571330785751342773e+00,-6.434279202949255705e-05,-1.122480462072417140e-04,-4.753656219691038132e-03
-9.046737551689147949e-01,-1.771518945693969727e+00,4.356611669063568115e-01,2.539054118096828461e-02,2.451924607157707214e-02,-6.806544065475463867e-01,7.317538261413574219e-01,-1.181166395545005798e-01,-3.148551285266876221e-02,6.993123795837163925e-03,3.551468849182128906e-01,-3.247710764408111572e-01,2.844915166497230530e-02,-1.274326145648956299e-01,6.191842257976531982e-03,-1.333605381660163403e-03,3.501121997833251953e-01,-3.102085590362548828e-01,-1.011776644736528397e-02,-3.491824099910445511e-05,-2.612806158140301704e-03,-8.262275159358978271e-02,1.774848625063896179e-02,3.463417887687683105e-01,-2.311275107786059380e-03,1.571133494377136230e+00,2.099920857290271670e-05,-1.418182946508750319e-04,4.916294943541288376e-03,1.734505593776702881e-02,-3.487794399261474609e-01,2.074468880891799927e-03,1.571330785751342773e+00,-6.434427632484585047e-05,-1.122469620895572007e-04,-4.753652494400739670e-03
-9.046737551689147949e-01,-1.771518945693969727e+00,4.356611669063568115e-01,2.539037354290485382e-02,2.451909705996513367e-02,-6.806544661521911621e-01,7.317538261413574219e-01,-1.181159466505050659e-01,-3.148546442389488220e-02,6.993112154304981232e-03,3.551465570926666260e-01,-3.247709870338439941e-01,2.844914235174655914e-02,-1.274318397045135498e-01,6.191892083734273911e-03,-1.333608175627887249e-03,3.501116931438446045e-01,-3.102083802223205566e-01,-1.011777482926845551e-02,-3.490675953798927367e-05,-2.612764248624444008e-03,-8.262227475643157959e-02,1.774843409657478333e-02,3.463417887687683105e-01,-2.311263233423233032e-03,1.571133494377136230e+00,2.100017627526540309e-05,-1.418175088474527001e-04,4.916293080896139145e-03,1.734500378370285034e-02,-3.487794399261474609e-01,2.074455376714468002e-03,1.571330785751342773e+00,-6.434533133869990706e-05,-1.122461908380500972e-04,-4.753649700433015823e-03
-9.046737551689147949e-01,-1.771518945693969727e+00,4.356611967086791992e-01,2.539025433361530304e-02,2.451899088919162750e-02,-6.806544661521911621e-01,7.317538261413574219e-01,-1.181154549121856689e-01,-3.148543089628219604e-02,6.993103306740522385e-03,3.551463186740875244e-01,-3.247709274291992188e-01,2.844913676381111145e-02,-1.274312883615493774e-01,6.191927473992109299e-03,-1.333610271103680134e-03,3.501113355159759521e-01,-3.102082610130310059e-01,-1.011778134852647781e-02,-3.489859955152496696e-05,-2.612734679132699966e-03,-8.262193202972412109e-02,1.774839684367179871e-02,3.463417887687683105e-01,-2.311254851520061493e-03,1.571133494377136230e+00,2.100086385325994343e-05,-1.418169558746740222e-04,4.916291683912277222e-03,1.734496839344501495e-02,-3.487794399261474609e-01,2.074445830658078194e-03,1.571330785751342773e+00,-6.434608076233416796e-05,-1.122456451412290335e-04,-4.753647837787866592e-03
-9.046737551689147949e-01,-1.771518945693969727e+00,4.356611967086791992e-01,2.539017051458358765e-02,2.451891452074050903e-02,-6.806544661521911621e-01,7.317538261413574219e-01,-1.181151047348976135e-01,-3.148540481925010681e-02,6.993097253143787384e-03,3.551461696624755859e-01,-3.247708976268768311e-01,2.844913117587566376e-02,-1.274309009313583374e-01,6.191952619701623917e-03,-1.333611668087542057e-03,3.501110672950744629e-01,-3.102081716060638428e-01,-1.011778507381677628e-02,-3.489280061330646276e-05,-2.612713491544127464e-03,-8.262168616056442261e-02,1.774837076663970947e-02,3.463417887687683105e-01,-2.311248797923326492e-03,1.571133494377136230e+00,2.100135316140949726e-05,-1.418165629729628563e-04,4.916290286928415298e-03,1.734494231641292572e-02,-3.487794399261474609e-01,2.074439078569412231e-03,1.571330785751342773e+00,-6.434661918319761753e-05,-1.122452595154754817e-04,-4.753646440804004669e-03
-9.046737551689147949e-01,-1.771518945693969727e+00,4.356611967086791992e-01,2.539011090993881226e-02,2.451886050403118134e-02,-6.806544661521911621e-01,7.317538261413574219e-01,-1.181148588657379150e-01,-3.148538991808891296e-02,6.993093062192201614e-03,3.551460504531860352e-01,-3.247708678245544434e-01,2.844912931323051453e-02,-1.274306178092956543e-01,6.191970314830541611e-03,-1.333612715825438499e-03,3.501108884811401367e-01,-3.102081120014190674e-01,-1.011778786778450012e-02,-3.488867878331802785e-05,-2.612698357552289963e-03,-8.262151479721069336e-02,1.774835214018821716e-02,3.463417887687683105e-01,-2.311244606971740723e-03,1.571133494377136230e+00,2.100170058838557452e-05,-1.418162864865735173e-04,4.916289821267127991e-03,1.734492555260658264e-02,-3.487794399261474609e-01,2.074434189125895500e-03,1.571330785751342773e+00,-6.434699753299355507e-05,-1.122449903050437570e-04,-4.753645509481430054e-03
-9.046737551689147949e-01,-1.771518945693969727e+00,4.356611967086791992e-01,2.539006806910037994e-02,2.451882325112819672e-02,-6.806544661521911621e-01,7.317538261413574219e-01,-1.181146875023841858e-01,-3.148537501692771912e-02,6.993089802563190460e-03,3.551459610462188721e-01,-3.247708380222320557e-01,2.844912745058536530e-02,-1.274304240942001343e-01,6.191983353346586227e-03,-1.333613530732691288e-03,3.501107394695281982e-01,-3.102080523967742920e-01,-1.011779066175222397e-02,-3.488574657239951193e-05,-2.612687647342681885e-03,-8.262139558792114258e-02,1.774833910167217255e-02,3.463417887687683105e-01,-2.311241580173373222e-03,1.571133494377136230e+00,2.100194797094445676e-05,-1.418160827597603202e-04,4.916289355605840683e-03,1.734491251409053802e-02,-3.487794399261474609e-01,2.074430696666240692e-03,1.571330785751342773e+00,-6.434726674342527986e-05,-1.122447938541881740e-04,-4.753645043820142746e-03
-9.046737551689147949e-01,-1.771518945693969727e+00,4.356611967086791992e-01,2.539003826677799225e-02,2.451879531145095825e-02,-6.806544661521911621e-01,7.317538261413574219e-01,-1.181145608425140381e-01,-3.148536756634712219e-02,6.993087939918041229e-03,3.551459014415740967e-01,-3.247708082199096680e-01,2.844912558794021606e-02,-1.274302899837493896e-01,6.191992200911045074e-03,-1.333613996393978596e-03,3.501106500625610352e-01,-3.102080225944519043e-01,-1.011779159307479858e-02,-3.488366201054304838e-05,-2.612680196762084961e-03,-8.262130618095397949e-02,1.774832978844642639e-02,3.463417887687683105e-01,-2.311239484697580338e-03,1.571133494377136230e+00,2.100212441291660070e-05,-1.418159372406080365e-04,4.916288889944553375e-03,1.734490320086479187e-02,-3.487794399261474609e-01,2.074428368359804153e-03,1.571330785751342773e+00,-6.434745591832324862e-05,-1.122446556109935045e-04,-4.753644578158855438e-03
-9.046737551689147949e-01,-1.771518945693969727e+00,4.356611967086791992e-01,2.539001591503620148e-02,2.451877668499946594e-02,-6.806544661521911621e-01,7.317538261413574219e-01,-1.181144714355468750e-01,-3.148536011576652527e-02,6.993086077272891998e-03,3.551458418369293213e-01,-3.247708082199096680e-01,2.844912372529506683e-02,-1.274301856756210327e-01,6.191998720169067383e-03,-1.333614345639944077e-03,3.501105904579162598e-01,-3.102079927921295166e-01,-1.011779252439737320e-02,-3.488218135316856205e-05,-2.612674608826637268e-03,-8.262124657630920410e-02,1.774832420051097870e-02,3.463417887687683105e-01,-2.311238087713718414e-03,1.571133494377136230e+00,2.100224810419604182e-05,-1.418158499291166663e-04,4.916288889944553375e-03,1.734489575028419495e-02,-3.487794399261474609e-01,2.074426505714654922e-03,1.571330785751342773e+00,-6.434759416151791811e-05,-1.122445610235445201e-04,-4.753644112497568130e-03
-9.046737551689147949e-01,-1.771518945693969727e+00,4.356611967086791992e-01,2.539000101387500763e-02,2.451876364648342133e-02,-6.806544661521911621e-01,7.317538261413574219e-01,-1.181144043803215027e-01,-3.148535639047622681e-02,6.993085145950317383e-03,3.551458120346069336e-01,-3.247708082199096680e-01,2.844912372529506683e-02,-1.274301111698150635e-01,6.192003376781940460e-03,-1.333614694885909557e-03,3.501105606555938721e-01,-3.102079927921295166e-01,-1.011779345571994781e-02,-3.488112633931450546e-05,-2.612670883536338806e-03,-8.262120187282562256e-02,1.774831861257553101e-02,3.463417887687683105e-01,-2.311236923560500145e-03,1.571133494377136230e+00,2.100233723467681557e-05,-1.418157771695405245e-04,4.916288424283266068e-03,1.734489202499389648e-02,-3.487794399261474609e-01,2.074425341561436653e-03,1.571330785751342773e+00,-6.434768874896690249e-05,-1.122444882639683783e-04,-4.753643646836280823e-03
-9.046737551689147949e-01,-1.771518945693969727e+00,4.356611967086791992e-01,2.538998983800411224e-02,2.451875247061252594e-02,-6.806544661521911621e-01,7.317538261413574219e-01,-1.181143671274185181e-01,-3.148535266518592834e-02,6.993084214627742767e-03,3.551458120346069336e-01,-3.247708082199096680e-01,2.844912186264991760e-02,-1.274300664663314819e-01,6.192006636410951614e-03,-1.333614811301231384e-03,3.501105010509490967e-01,-3.102079629898071289e-01,-1.011779438704252243e-02,-3.488037691568024457e-05,-2.612668089568614960e-03,-8.262117207050323486e-02,1.774831674993038177e-02,3.463417887687683105e-01,-2.311236225068569183e-03,1.571133494377136230e+00,2.100240089930593967e-05,-1.418157189618796110e-04,4.916288424283266068e-03,1.734488829970359802e-02,-3.487794399261474609e-01,2.074424410238862038e-03,1.571330785751342773e+00,-6.434776150854304433e-05,-1.122444373322650790e-04,-4.753643646836280823e-03
-9.046737551689147949e-01,-1.771518945693969727e+00,4.356611967086791992e-01,2.538998238742351532e-02,2.451874688267707825e-02,-6.806544661521911621e-01,7.317538261413574219e-01,-1.181143298745155334e-01,-3.148535266518592834e-02,6.993083748966455460e-03,3.551457822322845459e-01,-3.247707784175872803e-01,2.844912186264991760e-02,-1.274300366640090942e-01,6.192008964717388153e-03,-1.333615044131875038e-03,3.501105010509490967e-01,-3.102079629898071289e-01,-1.011779438704252243e-02,-3.487984577077440917e-05,-2.612666226923465729e-03,-8.262114971876144409e-02,1.774831302464008331e-02,3.463417887687683105e-01,-2.311235526576638222e-03,1.571133494377136230e+00,2.100244455505162477e-05,-1.418156898580491543e-04,4.916288424283266068e-03,1.734488643705844879e-02,-3.487794399261474609e-01,2.074423711746931076e-03,1.571330785751342773e+00,-6.434780516428872943e-05,-1.122444082284346223e-04,-4.753643646836280823e-03
-9.046737551689147949e-01,-1.771518945693969727e+00,4.356611967086791992e-01,2.538997679948806763e-02,2.451874129474163055e-02,-6.806544661521911621e-01,7.317538261413574219e-01,-1.181143075227737427e-01,-3.148534893989562988e-02,6.993083283305168152e-03,3.551457822322845459e-01,-3.247707784175872803e-01,2.844912186264991760e-02,-1.274300068616867065e-01,6.192010361701250076e-03,-1.333615044131875038e-03,3.501104712486267090e-01,-3.102079629898071289e-01,-1.011779531836509705e-02,-3.487946378299966455e-05,-2.612664829939603806e-03,-8.262113481760025024e-02,1.774831116199493408e-02,3.463417887687683105e-01,-2.311235293745994568e-03,1.571133494377136230e+00,2.100247729686088860e-05,-1.418156607542186975e-04,4.916288424283266068e-03,1.734488457441329956e-02,-3.487794399261474609e-01,2.074423478916287422e-03,1.571330785751342773e+00,-6.434784154407680035e-05,-1.122443791246041656e-04,-4.753643646836280823e-03
-9.046737551689147949e-01,-1.771518945693969727e+00,4.356611967086791992e-01,2.538997307419776917e-02,2.451873756945133209e-02,-6.806544661521911621e-01,7.317538261413574219e-01,-1.181142926216125488e-01,-3.148534893989562988e-02,6.993083283305168152e-03,3.551457524299621582e-01,-3.247707784175872803e-01,2.844912186264991760e-02,-1.274299919605255127e-01,6.192011293023824692e-03,-1.333615044131875038e-03,3.501104712486267090e-01,-3.102079629898071289e-01,-1.011779531836509705e-02,-3.487922731437720358e-05,-2.612664131447672844e-03,-8.262111991643905640e-02,1.774831116199493408e-02,3.463417887687683105e-01,-2.311235060915350914e-03,1.571133494377136230e+00,2.100249912473373115e-05,-1.418156462023034692e-04,4.916287958621978760e-03,1.734488271176815033e-02,-3.487794399261474609e-01,2.074423013255000114e-03,1.571330785751342773e+00,-6.434786337194964290e-05,-1.122443645726889372e-04,-4.753643181174993515e-03
-9.046737551689147949e-01,-1.771518945693969727e+00,4.356611967086791992e-01,2.538997121155261993e-02,2.451873570680618286e-02,-6.806544661521911621e-01,7.317538261413574219e-01,-1.181142851710319519e-01,-3.148534893989562988e-02,6.993083283305168152e-03,3.551457524299621582e-01,-3.247707784175872803e-01,2.844912186264991760e-02,-1.274299770593643188e-01,6.192011758685112000e-03,-1.333615160547196865e-03,3.501104414463043213e-01,-3.102079629898071289e-01,-1.011779531836509705e-02,-3.487907815724611282e-05,-2.612663432955741882e-03,-8.262111246585845947e-02,1.774830929934978485e-02,3.463417887687683105e-01,-2.311234828084707260e-03,1.571133494377136230e+00,2.100251367664895952e-05,-1.418156316503882408e-04,4.916287958621978760e-03,1.734488271176815033e-02,-3.487794399261474609e-01,2.074422780424356461e-03,1.571330785751342773e+00,-6.434787792386487126e-05,-1.122443500207737088e-04,-4.753643181174993515e-03
-9.046737551689147949e-01,-1.771518945693969727e+00,4.356611967086791992e-01,2.538996934890747070e-02,2.451873384416103363e-02,-6.806544661521911621e-01,7.317538261413574219e-01,-1.181142702698707581e-01,-3.148534893989562988e-02,6.993082817643880844e-03,3.551457524299621582e-01,-3.247707784175872803e-01,2.844912186264991760e-02,-1.274299621582031250e-01,6.192012224346399307e-03,-1.333615160547196865e-03,3.501104414463043213e-01,-3.102079331874847412e-01,-1.011779531836509705e-02,-3.487896174192428589e-05,-2.612662967294454575e-03,-8.262110501527786255e-02,1.774830929934978485e-02,3.463417887687683105e-01,-2.311234595254063606e-03,1.571133494377136230e+00,2.100252640957478434e-05,-1.418156316503882408e-04,4.916287958621978760e-03,1.734488271176815033e-02,-3.487794697284698486e-01,2.074422780424356461e-03,1.571330785751342773e+00,-6.434789247578009963e-05,-1.122443427448160946e-04,-4.753643181174993515e-03
-9.046737551689147949e-01,-1.771518945693969727e+00,4.356611967086791992e-01,2.538996748626232147e-02,2.451873198151588440e-02,-6.806544661521911621e-01,7.317538261413574219e-01,-1.181142702698707581e-01,-3.148534893989562988e-02,6.993082817643880844e-03,3.551457524299621582e-01,-3.247707784175872803e-01,2.844912186264991760e-02,-1.274299621582031250e-01,6.192012690007686615e-03,-1.333615160547196865e-03,3.501104414463043213e-01,-3.102079331874847412e-01,-1.011779531836509705e-02,-3.487887806841172278e-05,-2.612662734463810921e-03,-8.262110501527786255e-02,1.774830929934978485e-02,3.463417887687683105e-01,-2.311234595254063606e-03,1.571133494377136230e+00,2.100253368553239852e-05,-1.418156170984730124e-04,4.916287958621978760e-03,1.734488084912300110e-02,-3.487794697284698486e-01,2.074422547593712807e-03,1.571330785751342773e+00,-6.434789975173771381e-05,-1.122443354688584805e-04,-4.753643181174993515e-03
-9.046737551689147949e-01,-1.771518945693969727e+00,4.356611967086791992e-01,2.538996562361717224e-02,2.451873198151588440e-02,-6.806544661521911621e-01,7.317538261413574219e-01,-1.181142628192901611e-01,-3.148534893989562988e-02,6.993082817643880844e-03,3.551457524299621582e-01,-3.247707784175872803e-01,2.844912186264991760e-02,-1.274299621582031250e-01,6.192013155668973923e-03,-1.333615160547196865e-03,3.501104414463043213e-01,-3.102079331874847412e-01,-1.011779531836509705e-02,-3.487881986075080931e-05,-2.612662501633167267e-03,-8.262109756469726562e-02,1.774830929934978485e-02,3.463417887687683105e-01,-2.311234362423419952e-03,1.571133494377136230e+00,2.100253914250060916e-05,-1.418156170984730124e-04,4.916287958621978760e-03,1.734488084912300110e-02,-3.487794697284698486e-01,2.074422547593712807e-03,1.571330785751342773e+00,-6.434790702769532800e-05,-1.122443354688584805e-04,-4.753643181174993515e-03
-9.046737551689147949e-01,-1.771518945693969727e+00,4.356611967086791992e-01,2.538996562361717224e-02,2.451873011887073517e-02,-6.806544661521911621e-01,7.317538261413574219e-01,-1.181142628192901611e-01,-3.148534893989562988e-02,6.993082817643880844e-03,3.551457524299621582e-01,-3.247707784175872803e-01,2.844912186264991760e-02,-1.274299472570419312e-01,6.192013155668973923e-03,-1.333615160547196865e-03,3.501104414463043213e-01,-3.102079331874847412e-01,-1.011779531836509705e-02,-3.487877620500512421e-05,-2.612662268802523613e-03,-8.262109756469726562e-02,1.774830743670463562e-02,3.463417887687683105e-01,-2.311234362423419952e-03,1.571133494377136230e+00,2.100254278047941625e-05,-1.418156170984730124e-04,4.916287958621978760e-03,1.734488084912300110e-02,-3.487794697284698486e-01,2.074422314763069153e-03,1.571330785751342773e+00,-6.434791430365294218e-05,-1.122443281929008663e-04,-4.753643181174993515e-03
