2.857474610209465027e-03,-1.645391993224620819e-02,7.617552280426025391e-01,4.631997086107730865e-03,5.350379738956689835e-03,7.137335538864135742e-01,7.003815770149230957e-01,1.048339754343032837e-01,-8.858123794198036194e-03,8.612756431102752686e-02,5.302599631249904633e-03,-2.512983381748199463e-01,5.096264556050300598e-02,8.629882335662841797e-02,-6.846021860837936401e-02,-1.039128527045249939e-01,8.549264818429946899e-02,-3.108658194541931152e-01,8.169017732143402100e-02,-2.989636035636067390e-03,-8.869034238159656525e-03,8.572696894407272339e-02,-3.327106684446334839e-02,3.414368927478790283e-01,-3.838026225566864014e-01,1.089601635932922363e+00,2.448095530271530151e-01,-5.456059053540229797e-02,7.210392504930496216e-02,-1.500159651041030884e-01,-2.999517619609832764e-01,4.011327922344207764e-01,1.069941520690917969e+00,-9.943802654743194580e-02,-2.228183299303054810e-02,-6.759943068027496338e-02
2.849549520760774612e-03,-1.658299937844276428e-02,7.617987394332885742e-01,5.083202850073575974e-03,4.840726964175701141e-03,7.134296298027038574e-01,7.006916999816894531e-01,1.085278913378715515e-01,-8.921911008656024933e-03,8.664342761039733887e-02,7.668953039683401585e-04,-2.491041868925094604e-01,5.150960758328437805e-02,8.832453191280364990e-02,-6.832109391689300537e-02,-1.043604239821434021e-01,8.364318311214447021e-02,-3.089205622673034668e-01,8.205381035804748535e-02,-3.690687473863363266e-03,-8.631195873022079468e-03,8.575804531574249268e-02,-3.464142978191375732e-02,3.391032516956329346e-01,-3.858294188976287842e-01,1.097277998924255371e+00,2.473688274621963501e-01,-5.865210294723510742e-02,7.400432974100112915e-02,-1.525549143552780151e-01,-2.986694276332855225e-01,4.032999873161315918e-01,1.076548457145690918e+00,-9.971050173044204712e-02,-2.573824487626552582e-02,-6.691031903028488159e-02
2.895150799304246902e-03,-1.674789376556873322e-02,7.618157267570495605e-01,5.159509368240833282e-03,4.699316807091236115e-03,7.132706642150878906e-01,7.008539438247680664e-01,1.105172932147979736e-01,-8.857125416398048401e-03,8.725816756486892700e-02,-2.964111510664224625e-03,-2.471847236156463623e-01,5.130289867520332336e-02,8.922280371189117432e-02,-6.808834522962570190e-02,-1.048865318298339844e-01,8.173676580190658569e-02,-3.074778616428375244e-01,8.203276991844177246e-02,-4.331357311457395554e-03,-8.185368962585926056e-03,8.571839332580566406e-02,-3.506950289011001587e-02,3.384456932544708252e-01,-3.864761292934417725e-01,1.099269747734069824e+00,2.468493133783340454e-01,-5.885640904307365417e-02,7.321359217166900635e-02,-1.547119170427322388e-01,-2.978870868682861328e-01,4.040490388870239258e-01,1.079507589340209961e+00,-9.875592589378356934e-02,-2.590965852141380310e-02,-6.644374877214431763e-02
2.985852770507335663e-03,-1.693612150847911835e-02,7.618553638458251953e-01,5.545041523873806000e-03,4.399927332997322083e-03,7.130862474441528320e-01,7.010406255722045898e-01,1.123833805322647095e-01,-8.854474872350692749e-03,8.806305378675460815e-02,-4.985989071428775787e-03,-2.454933077096939087e-01,5.086718499660491943e-02,9.052561968564987183e-02,-6.809307634830474854e-02,-1.054543331265449524e-01,8.040677756071090698e-02,-3.061499595642089844e-01,8.247760683298110962e-02,-5.144888535141944885e-03,-7.895757444202899933e-03,8.542931824922561646e-02,-3.532751649618148804e-02,3.381783664226531982e-01,-3.878554701805114746e-01,1.101366162300109863e+00,2.485322058200836182e-01,-5.889867618680000305e-02,7.125499099493026733e-02,-1.565089374780654907e-01,-2.968814969062805176e-01,4.043700397014617920e-01,1.082375168800354004e+00,-1.004708707332611084e-01,-2.554092369973659515e-02,-6.435438245534896851e-02
3.119597677141427994e-03,-1.713348180055618286e-02,7.619188427925109863e-01,5.658086389303207397e-03,4.257612861692905426e-03,7.131218910217285156e-01,7.010042667388916016e-01,1.133082732558250427e-01,-8.641852997243404388e-03,8.864515274763107300e-02,-6.698786281049251556e-03,-2.438340038061141968e-01,5.085762590169906616e-02,9.143848717212677002e-02,-6.780757009983062744e-02,-1.061647385358810425e-01,7.873456180095672607e-02,-3.045591413974761963e-01,8.206780999898910522e-02,-5.969392601400613785e-03,-7.743305526673793793e-03,8.507139980792999268e-02,-3.589437156915664673e-02,3.378329277038574219e-01,-3.887631893157958984e-01,1.103500127792358398e+00,2.492273300886154175e-01,-5.798010900616645813e-02,7.005573809146881104e-02,-1.579129546880722046e-01,-2.962099611759185791e-01,4.055575430393218994e-01,1.084617972373962402e+00,-1.011871919035911560e-01,-2.553185448050498962e-02,-6.317698210477828979e-02
3.293431363999843597e-03,-1.734185591340065002e-02,7.619524598121643066e-01,5.916260648518800735e-03,4.093928728252649307e-03,7.132028341293334961e-01,7.009208202362060547e-01,1.143754571676254272e-01,-8.539211936295032501e-03,8.931247889995574951e-02,-8.228080347180366516e-03,-2.423944771289825439e-01,5.030786991119384766e-02,9.263522177934646606e-02,-6.770724058151245117e-02,-1.071912795305252075e-01,7.708746194839477539e-02,-3.034668564796447754e-01,8.182293176651000977e-02,-6.711007561534643173e-03,-7.206993177533149719e-03,8.488193154335021973e-02,-3.653798624873161316e-02,3.375208973884582520e-01,-3.901921212673187256e-01,1.105510115623474121e+00,2.505761981010437012e-01,-5.789732187986373901e-02,6.798772513866424561e-02,-1.591793894767761230e-01,-2.953069210052490234e-01,4.053694903850555420e-01,1.086830258369445801e+00,-1.016390398144721985e-01,-2.463850751519203186e-02,-6.167517974972724915e-02
3.491235664114356041e-03,-1.755158416926860809e-02,7.619607448577880859e-01,6.144848652184009552e-03,3.886923659592866898e-03,7.132878303527832031e-01,7.008334994316101074e-01,1.152699887752532959e-01,-8.266938850283622742e-03,8.963657915592193604e-02,-9.375502355396747589e-03,-2.415701001882553101e-01,4.925338551402091980e-02,9.380269050598144531e-02,-6.741491705179214478e-02,-1.079128757119178772e-01,7.554049044847488403e-02,-3.025507330894470215e-01,8.157503604888916016e-02,-6.946185138076543808e-03,-6.525465752929449081e-03,8.486937731504440308e-02,-3.734169155359268188e-02,3.371874988079071045e-01,-3.905789554119110107e-01,1.107195615768432617e+00,2.505024075508117676e-01,-5.784095823764801025e-02,6.638776510953903198e-02,-1.599959731101989746e-01,-2.949939668178558350e-01,4.059768915176391602e-01,1.087852120399475098e+00,-1.027875691652297974e-01,-2.439481019973754883e-02,-5.916078388690948486e-02
3.708308795467019081e-03,-1.775112561881542206e-02,7.619925737380981445e-01,6.455478724092245102e-03,3.768492955714464188e-03,7.135000824928283691e-01,7.006152868270874023e-01,1.157940253615379333e-01,-8.247232995927333832e-03,8.979640156030654907e-02,-9.894564747810363770e-03,-2.403843998908996582e-01,4.832252115011215210e-02,9.465580433607101440e-02,-6.739378720521926880e-02,-1.085092499852180481e-01,7.486155629158020020e-02,-3.023758828639984131e-01,8.014861494302749634e-02,-7.737691514194011688e-03,-5.964643321931362152e-03,8.524616807699203491e-02,-3.823963925242424011e-02,3.367710113525390625e-01,-3.911944329738616943e-01,1.109044075012207031e+00,2.490348219871520996e-01,-5.690982937812805176e-02,6.594078242778778076e-02,-1.610175073146820068e-01,-2.945540547370910645e-01,4.063026905059814453e-01,1.088897347450256348e+00,-1.028267219662666321e-01,-2.408682927489280701e-02,-5.814383924007415771e-02
3.929610829800367355e-03,-1.792984828352928162e-02,7.620098590850830078e-01,6.562924012541770935e-03,3.728293348103761673e-03,7.137529253959655762e-01,7.003569006919860840e-01,1.159333512187004089e-01,-8.038331754505634308e-03,9.026267379522323608e-02,-1.040012948215007782e-02,-2.396796643733978271e-01,4.796858131885528564e-02,9.511158615350723267e-02,-6.714799255132675171e-02,-1.085819825530052185e-01,7.410623133182525635e-02,-3.019185960292816162e-01,8.060876280069351196e-02,-8.436643518507480621e-03,-5.896003451198339462e-03,8.566392213106155396e-02,-3.923741728067398071e-02,3.362423479557037354e-01,-3.907651901245117188e-01,1.111109495162963867e+00,2.491256892681121826e-01,-5.663546547293663025e-02,6.579914689064025879e-02,-1.617963612079620361e-01,-2.939626872539520264e-01,4.066815674304962158e-01,1.090011835098266602e+00,-1.031562983989715576e-01,-2.404828928411006927e-02,-5.738004297018051147e-02
4.149627406150102615e-03,-1.809994503855705261e-02,7.620110511779785156e-01,6.790663581341505051e-03,3.623933531343936920e-03,7.139863371849060059e-01,7.001172900199890137e-01,1.163228228688240051e-01,-7.889897562563419342e-03,9.058241546154022217e-02,-1.084696967154741287e-02,-2.391428351402282715e-01,4.694604873657226562e-02,9.558158367872238159e-02,-6.704183667898178101e-02,-1.090283617377281189e-01,7.401240617036819458e-02,-3.021266460418701172e-01,7.973562926054000854e-02,-8.764030411839485168e-03,-5.423232447355985641e-03,8.593952655792236328e-02,-4.032259434461593628e-02,3.359055519104003906e-01,-3.907893300056457520e-01,1.113051414489746094e+00,2.489518225193023682e-01,-5.583409592509269714e-02,6.437140703201293945e-02,-1.624346524477005005e-01,-2.935119867324829102e-01,4.068906307220458984e-01,1.090913772583007812e+00,-1.031277924776077271e-01,-2.365854941308498383e-02,-5.733732506632804871e-02
4.366843495517969131e-03,-1.824836619198322296e-02,7.619857788085937500e-01,6.856001447886228561e-03,3.613448468968272209e-03,7.144467830657958984e-01,6.996468901634216309e-01,1.163066625595092773e-01,-7.720849942415952682e-03,9.024395048618316650e-02,-1.140852179378271103e-02,-2.389158904552459717e-01,4.622955620288848877e-02,9.597042202949523926e-02,-6.683201342821121216e-02,-1.096533313393592834e-01,7.360094785690307617e-02,-3.023987412452697754e-01,7.933477312326431274e-02,-9.855487383902072906e-03,-4.908920731395483017e-03,8.654998242855072021e-02,-4.146153479814529419e-02,3.358403444290161133e-01,-3.916199207305908203e-01,1.114308238029479980e+00,2.481770813465118408e-01,-5.526576936244964600e-02,6.437047570943832397e-02,-1.629315018653869629e-01,-2.932040393352508545e-01,4.064966738224029541e-01,1.090777277946472168e+00,-1.022322103381156921e-01,-2.358079515397548676e-02,-5.704727768898010254e-02
4.578679334372282028e-03,-1.837688684463500977e-02,7.619742155075073242e-01,7.012129761278629303e-03,3.438545856624841690e-03,7.148572206497192383e-01,6.992267966270446777e-01,1.163836270570755005e-01,-7.365258876234292984e-03,9.032235294580459595e-02,-1.119449641555547714e-02,-2.390806972980499268e-01,4.557739943265914917e-02,9.633024781942367554e-02,-6.654725968837738037e-02,-1.100458875298500061e-01,7.403444498777389526e-02,-3.027818202972412109e-01,7.931111752986907959e-02,-1.038204599171876907e-02,-4.878276493400335312e-03,8.715311437845230103e-02,-4.252277687191963196e-02,3.359856605529785156e-01,-3.918164670467376709e-01,1.115042686462402344e+00,2.480689287185668945e-01,-5.448335781693458557e-02,6.382234394550323486e-02,-1.632276624441146851e-01,-2.927462756633758545e-01,4.063879251480102539e-01,1.091036438941955566e+00,-1.016709730029106140e-01,-2.309386804699897766e-02,-5.699050426483154297e-02
4.784741904586553574e-03,-1.846535876393318176e-02,7.619914412498474121e-01,7.112755440175533295e-03,3.410646691918373108e-03,7.152233719825744629e-01,6.988514661788940430e-01,1.160912737250328064e-01,-7.215612102299928665e-03,8.976396173238754272e-02,-1.080293208360671997e-02,-2.388854771852493286e-01,4.573957249522209167e-02,9.603784978389739990e-02,-6.637711822986602783e-02,-1.098820343613624573e-01,7.523117214441299438e-02,-3.034840226173400879e-01,7.793387025594711304e-02,-1.114473212510347366e-02,-4.805884324014186859e-03,8.802671730518341064e-02,-4.336722567677497864e-02,3.358373045921325684e-01,-3.913367688655853271e-01,1.115987420082092285e+00,2.456732541322708130e-01,-5.415323004126548767e-02,6.355571001768112183e-02,-1.637060791254043579e-01,-2.923974394798278809e-01,4.067586958408355713e-01,1.090961813926696777e+00,-1.010212898254394531e-01,-2.322855405509471893e-02,-5.672243610024452209e-02
4.995976574718952179e-03,-1.851497404277324677e-02,7.620013952255249023e-01,7.426807191222906113e-03,3.365063341334462166e-03,7.156938910484313965e-01,6.983664631843566895e-01,1.162752062082290649e-01,-7.382117211818695068e-03,8.930226415395736694e-02,-1.065307762473821640e-02,-2.381989955902099609e-01,4.555592685937881470e-02,9.587763994932174683e-02,-6.666277348995208740e-02,-1.103755533695220947e-01,7.722036540508270264e-02,-3.047536313533782959e-01,7.695990800857543945e-02,-1.113743521273136139e-02,-4.874226171523332596e-03,8.883599191904067993e-02,-4.425499960780143738e-02,3.359272480010986328e-01,-3.910303413867950439e-01,1.116154074668884277e+00,2.443099617958068848e-01,-5.333645269274711609e-02,6.358065456151962280e-02,-1.634800434112548828e-01,-2.924121916294097900e-01,4.074283540248870850e-01,1.090534329414367676e+00,-9.977412968873977661e-02,-2.358581312000751495e-02,-5.667684227228164673e-02
5.210183095186948776e-03,-1.852370426058769226e-02,7.619882822036743164e-01,7.263895589858293533e-03,3.327885176986455917e-03,7.163622975349426270e-01,6.976827383041381836e-01,1.153382062911987305e-01,-6.801456678658723831e-03,8.823344111442565918e-02,-9.769476950168609619e-03,-2.391199618577957153e-01,4.549782350659370422e-02,9.493932873010635376e-02,-6.617456674575805664e-02,-1.108762249350547791e-01,7.951624691486358643e-02,-3.058142066001892090e-01,7.596325874328613281e-02,-1.177038345485925674e-02,-5.163654685020446777e-03,8.975507318973541260e-02,-4.523224383592605591e-02,3.363585472106933594e-01,-3.900922536849975586e-01,1.116034746170043945e+00,2.424995899200439453e-01,-5.277111381292343140e-02,6.372424215078353882e-02,-1.633233726024627686e-01,-2.916968464851379395e-01,4.069509208202362061e-01,1.090492963790893555e+00,-9.858449548482894897e-02,-2.354553155601024628e-02,-5.721275135874748230e-02
5.435856990516185760e-03,-1.848430186510086060e-02,7.619736790657043457e-01,7.025047205388545990e-03,3.608188591897487640e-03,7.169072628021240234e-01,6.971237659454345703e-01,1.139339953660964966e-01,-6.628908682614564896e-03,8.723508566617965698e-02,-8.949375711381435394e-03,-2.395360767841339111e-01,4.585986956954002380e-02,9.358326345682144165e-02,-6.601776927709579468e-02,-1.110136732459068298e-01,8.140449225902557373e-02,-3.071266710758209229e-01,7.526174932718276978e-02,-1.203346159309148788e-02,-5.797806195914745331e-03,9.063778817653656006e-02,-4.604754224419593811e-02,3.366292417049407959e-01,-3.889767825603485107e-01,1.115850210189819336e+00,2.392200380563735962e-01,-5.183654278516769409e-02,6.457164883613586426e-02,-1.632649153470993042e-01,-2.909551262855529785e-01,4.062772989273071289e-01,1.090683341026306152e+00,-9.664347022771835327e-02,-2.395535632967948914e-02,-5.690195783972740173e-02
5.692151840776205063e-03,-1.842450164258480072e-02,7.619291543960571289e-01,6.733141373842954636e-03,3.904509590938687325e-03,7.176856398582458496e-01,6.963236927986145020e-01,1.123068779706954956e-01,-6.410316098481416702e-03,8.518210053443908691e-02,-8.106191642582416534e-03,-2.404196709394454956e-01,4.544239863753318787e-02,9.184540063142776489e-02,-6.582725048065185547e-02,-1.116223856806755066e-01,8.430892229080200195e-02,-3.093345761299133301e-01,7.326000183820724487e-02,-1.204224023967981339e-02,-5.851229652762413025e-03,9.215900301933288574e-02,-4.738038405776023865e-02,3.366329967975616455e-01,-3.868107497692108154e-01,1.115483760833740234e+00,2.345402091741561890e-01,-5.111236497759819031e-02,6.620927155017852783e-02,-1.627373695373535156e-01,-2.908930480480194092e-01,4.062199890613555908e-01,1.089658021926879883e+00,-9.484121948480606079e-02,-2.388439141213893890e-02,-5.833081901073455811e-02
5.999034270644187927e-03,-1.835857518017292023e-02,7.618898749351501465e-01,6.453874055296182632e-03,4.252677317708730698e-03,7.184983491897583008e-01,6.954857110977172852e-01,1.098402515053749084e-01,-6.161626894026994705e-03,8.361834287643432617e-02,-5.568303633481264114e-03,-2.419426888227462769e-01,4.580741003155708313e-02,8.984984457492828369e-02,-6.576053798198699951e-02,-1.125776991248130798e-01,8.771245926618576050e-02,-3.118368983268737793e-01,7.221500575542449951e-02,-1.202286221086978912e-02,-6.564472336322069168e-03,9.416487067937850952e-02,-4.880899563431739807e-02,3.372447490692138672e-01,-3.855313658714294434e-01,1.114243268966674805e+00,2.300814837217330933e-01,-5.001387372612953186e-02,6.797027587890625000e-02,-1.622718721628189087e-01,-2.903130650520324707e-01,4.051737487316131592e-01,1.088715910911560059e+00,-9.175082296133041382e-02,-2.352334931492805481e-02,-5.962442979216575623e-02
6.391612347215414047e-03,-1.831696927547454834e-02,7.618747353553771973e-01,6.065041758120059967e-03,4.348575603216886520e-03,7.196996808052062988e-01,6.942453980445861816e-01,1.062199696898460388e-01,-5.156106781214475632e-03,8.153536915779113770e-02,-5.987618351355195045e-04,-2.453106194734573364e-01,4.687792435288429260e-02,8.712718635797500610e-02,-6.506109982728958130e-02,-1.132385134696960449e-01,9.334783256053924561e-02,-3.145166635513305664e-01,7.079700380563735962e-02,-1.192082837224006653e-02,-7.385857403278350830e-03,9.653538465499877930e-02,-5.084809660911560059e-02,3.382751345634460449e-01,-3.834273815155029297e-01,1.112319111824035645e+00,2.249427288770675659e-01,-4.943429306149482727e-02,6.854307651519775391e-02,-1.618380099534988403e-01,-2.895257174968719482e-01,4.049632549285888672e-01,1.088292598724365234e+00,-8.768955618143081665e-02,-2.337372303009033203e-02,-6.093754991888999939e-02
6.907084956765174866e-03,-1.828967407345771790e-02,7.618672847747802734e-01,5.750076379626989365e-03,4.669349640607833862e-03,7.210162281990051270e-01,6.928786039352416992e-01,1.017673239111900330e-01,-4.419714678078889847e-03,7.956019043922424316e-02,5.411605350673198700e-03,-2.482835799455642700e-01,4.723173379898071289e-02,8.438982069492340088e-02,-6.480360031127929688e-02,-1.151386424899101257e-01,9.872311353683471680e-02,-3.173503577709197998e-01,6.931540369987487793e-02,-1.119888946413993835e-02,-8.097227662801742554e-03,9.913372248411178589e-02,-5.309006944298744202e-02,3.393487036228179932e-01,-3.809211254119873047e-01,1.109747767448425293e+00,2.200004160404205322e-01,-4.843026027083396912e-02,6.941071897745132446e-02,-1.611026674509048462e-01,-2.885602712631225586e-01,4.034033417701721191e-01,1.088106632232666016e+00,-8.439789712429046631e-02,-2.332776412367820740e-02,-6.101828813552856445e-02
7.574891671538352966e-03,-1.828793063759803772e-02,7.618600726127624512e-01,5.497933831065893173e-03,4.877603612840175629e-03,7.222192883491516113e-01,6.916251182556152344e-01,9.644047170877456665e-02,-3.217710414901375771e-03,7.799154520034790039e-02,1.383668929338455200e-02,-2.525028586387634277e-01,4.728917032480239868e-02,8.148168027400970459e-02,-6.421651691198348999e-02,-1.168627440929412842e-01,1.048610806465148926e-01,-3.206892609596252441e-01,6.705572456121444702e-02,-9.932202287018299103e-03,-8.917369879782199860e-03,1.025611311197280884e-01,-5.598035082221031189e-02,3.404871821403503418e-01,-3.780146837234497070e-01,1.107845067977905273e+00,2.136558741331100464e-01,-4.712142422795295715e-02,7.055590301752090454e-02,-1.603346616029739380e-01,-2.872733473777770996e-01,4.010633230209350586e-01,1.087257742881774902e+00,-8.083622157573699951e-02,-2.290717512369155884e-02,-6.220404803752899170e-02
8.452570997178554535e-03,-1.829928159713745117e-02,7.618505358695983887e-01,5.356863141059875488e-03,5.228742491453886032e-03,7.238800525665283203e-01,6.898852586746215820e-01,8.922795206308364868e-02,-2.081831684336066246e-03,7.584529370069503784e-02,2.552966400980949402e-02,-2.574660181999206543e-01,4.684989526867866516e-02,7.797808945178985596e-02,-6.402909010648727417e-02,-1.198660656809806824e-01,1.127493605017662048e-01,-3.252558708190917969e-01,6.532047688961029053e-02,-8.129647932946681976e-03,-9.930058382451534271e-03,1.067991852760314941e-01,-6.006040424108505249e-02,3.420719206333160400e-01,-3.744339048862457275e-01,1.105432868003845215e+00,2.074698656797409058e-01,-4.563056677579879761e-02,7.197637856006622314e-02,-1.595382839441299438e-01,-2.856602966785430908e-01,3.982695043087005615e-01,1.087000846862792969e+00,-7.517582178115844727e-02,-2.237262576818466187e-02,-6.345007568597793579e-02
9.544913657009601593e-03,-1.828509755432605743e-02,7.617840766906738281e-01,5.044054705649614334e-03,5.632983520627021790e-03,7.258414626121520996e-01,6.878204941749572754e-01,7.989476621150970459e-02,-4.386605287436395884e-04,7.299486547708511353e-02,4.069915413856506348e-02,-2.648482322692871094e-01,4.703300073742866516e-02,7.375980168581008911e-02,-6.341892480850219727e-02,-1.231596767902374268e-01,1.218467727303504944e-01,-3.306514620780944824e-01,6.310383230447769165e-02,-5.381835158914327621e-03,-1.095783058553934097e-02,1.122532859444618225e-01,-6.548753380775451660e-02,3.441727161407470703e-01,-3.702900409698486328e-01,1.102628231048583984e+00,2.007811367511749268e-01,-4.497912153601646423e-02,7.250098884105682373e-02,-1.583599299192428589e-01,-2.837008535861968994e-01,3.947421014308929443e-01,1.086045861244201660e+00,-7.131331413984298706e-02,-2.204905264079570770e-02,-6.516473740339279175e-02
1.084830146282911301e-02,-1.820035465061664581e-02,7.615862488746643066e-01,4.786495119333267212e-03,6.225148215889930725e-03,7.279943227767944336e-01,6.855382323265075684e-01,6.780470907688140869e-02,1.244789687916636467e-03,7.013484090566635132e-02,6.124916300177574158e-02,-2.749829590320587158e-01,4.677473008632659912e-02,6.878332793712615967e-02,-6.301715970039367676e-02,-1.264861375093460083e-01,1.325820237398147583e-01,-3.384292423725128174e-01,6.044993177056312561e-02,-1.400219160132110119e-03,-1.252929493784904480e-02,1.187430769205093384e-01,-7.198166847229003906e-02,3.469915390014648438e-01,-3.651061654090881348e-01,1.099136233329772949e+00,1.913993507623672485e-01,-4.350530356168746948e-02,7.445255666971206665e-02,-1.572129875421524048e-01,-2.814363539218902588e-01,3.912137746810913086e-01,1.085148692131042480e+00,-6.628425419330596924e-02,-2.112219296395778656e-02,-6.721019744873046875e-02
1.230203732848167419e-02,-1.796905137598514557e-02,7.612727880477905273e-01,4.723630379885435104e-03,6.757407449185848236e-03,7.302114367485046387e-01,6.831715106964111328e-01,5.209113284945487976e-02,3.183512017130851746e-03,6.704234331846237183e-02,9.059834480285644531e-02,-2.886738777160644531e-01,4.663070663809776306e-02,6.419506669044494629e-02,-6.250350177288055420e-02,-1.290256381034851074e-01,1.438643932342529297e-01,-3.476674258708953857e-01,5.655159056186676025e-02,4.151776898652315140e-03,-1.396197825670242310e-02,1.271897107362747192e-01,-7.949054986238479614e-02,3.494764864444732666e-01,-3.577427566051483154e-01,1.095061659812927246e+00,1.807161122560501099e-01,-4.182009771466255188e-02,7.783517986536026001e-02,-1.561666429042816162e-01,-2.793230116367340088e-01,3.870046436786651611e-01,1.083714008331298828e+00,-6.034912168979644775e-02,-1.976496912539005280e-02,-7.075995206832885742e-02
1.382899936288595200e-02,-1.750628650188446045e-02,7.607445120811462402e-01,4.874417558312416077e-03,7.304363884031772614e-03,7.328404188156127930e-01,6.803439259529113770e-01,3.053232468664646149e-02,5.056545604020357132e-03,6.263067573308944702e-02,1.329672485589981079e-01,-3.067654371261596680e-01,4.605602100491523743e-02,5.987501889467239380e-02,-6.239623948931694031e-02,-1.322322338819503784e-01,1.565762162208557129e-01,-3.596051037311553955e-01,5.041320994496345520e-02,1.196179725229740143e-02,-1.469942089170217514e-02,1.373371034860610962e-01,-8.857703953981399536e-02,3.517943024635314941e-01,-3.493989706039428711e-01,1.090185403823852539e+00,1.683617234230041504e-01,-4.051896929740905762e-02,8.265030384063720703e-02,-1.567149311304092407e-01,-2.782146334648132324e-01,3.827055394649505615e-01,1.082627177238464355e+00,-5.587182939052581787e-02,-1.862786523997783661e-02,-7.702592015266418457e-02
1.528842467814683914e-02,-1.670356653630733490e-02,7.600695490837097168e-01,5.214267410337924957e-03,7.922234944999217987e-03,7.357051372528076172e-01,6.772355437278747559e-01,2.025205641984939575e-03,7.016202434897422791e-03,5.977804958820343018e-02,1.911275237798690796e-01,-3.267001807689666748e-01,4.387994855642318726e-02,5.581132322549819946e-02,-6.290742754936218262e-02,-1.354557871818542480e-01,1.706613153219223022e-01,-3.734655380249023438e-01,4.433071613311767578e-02,2.204386331140995026e-02,-1.517153996974229813e-02,1.498558670282363892e-01,-9.868948906660079956e-02,3.528568148612976074e-01,-3.378839492797851562e-01,1.084479331970214844e+00,1.532254070043563843e-01,-4.046989977359771729e-02,8.918897062540054321e-02,-1.626155376434326172e-01,-2.792116403579711914e-01,3.766858577728271484e-01,1.082210898399353027e+00,-5.047494173049926758e-02,-1.757097616791725159e-02,-8.439421653747558594e-02
1.651945523917675018e-02,-1.547934021800756454e-02,7.593716382980346680e-01,6.460004486143589020e-03,8.422581478953361511e-03,7.391780018806457520e-01,6.734264492988586426e-01,-3.531908243894577026e-02,1.030640397220849991e-02,6.672193109989166260e-02,2.690242826938629150e-01,-3.393332362174987793e-01,3.789355978369712830e-02,5.368470400571823120e-02,-6.532928347587585449e-02,-1.397840976715087891e-01,1.864986419677734375e-01,-3.887667953968048096e-01,3.850723803043365479e-02,3.387296572327613831e-02,-1.530485320836305618e-02,1.663535535335540771e-01,-1.095159202814102173e-01,3.530116081237792969e-01,-3.257499635219573975e-01,1.077753067016601562e+00,1.379238218069076538e-01,-4.195300489664077759e-02,9.656962752342224121e-02,-1.770634800195693970e-01,-2.830208837985992432e-01,3.675554990768432617e-01,1.083936095237731934e+00,-4.233371838927268982e-02,-1.546349376440048218e-02,-9.258322417736053467e-02
1.736306399106979370e-02,-1.376169361174106598e-02,7.587071657180786133e-01,8.484166115522384644e-03,9.381975047290325165e-03,7.435812950134277344e-01,6.685258746147155762e-01,-8.401802182197570801e-02,2.360105141997337341e-02,1.013151258230209351e-01,3.586182594299316406e-01,-3.282414972782135010e-01,2.597291022539138794e-02,5.244821682572364807e-02,-7.106114178895950317e-02,-1.471555083990097046e-01,2.048681974411010742e-01,-4.056507945060729980e-01,3.375229239463806152e-02,4.619045555591583252e-02,-1.527616940438747406e-02,1.869949549436569214e-01,-1.179138422012329102e-01,3.521852791309356689e-01,-3.118417859077453613e-01,1.073441267013549805e+00,1.200729310512542725e-01,-4.540118947625160217e-02,1.047248616814613342e-01,-1.948013603687286377e-01,-2.890373766422271729e-01,3.572574853897094727e-01,1.087496280670166016e+00,-3.370430320501327515e-02,-1.339047029614448547e-02,-1.007496565580368042e-01
1.761286519467830658e-02,-1.133379712700843811e-02,7.583087086677551270e-01,1.295506116002798080e-02,1.296564284712076187e-02,7.490804791450500488e-01,6.622254252433776855e-01,-1.438348591327667236e-01,4.879560321569442749e-02,1.473821848630905151e-01,4.622729122638702393e-01,-3.694121241569519043e-01,4.427575320005416870e-02,5.277970805764198303e-02,-8.692193031311035156e-02,-1.566884368658065796e-01,2.247507423162460327e-01,-4.258228838443756104e-01,3.328750655055046082e-02,5.780448019504547119e-02,-2.129678055644035339e-02,2.111333757638931274e-01,-1.182345300912857056e-01,3.538379967212677002e-01,-2.967208325862884521e-01,1.074525594711303711e+00,1.033419296145439148e-01,-4.859754070639610291e-02,1.150322481989860535e-01,-2.096656113862991333e-01,-2.965790033340454102e-01,3.463046550750732422e-01,1.092805981636047363e+00,-2.232172153890132904e-02,-1.227870769798755646e-02,-1.110844314098358154e-01
1.707638055086135864e-02,-8.116940967738628387e-03,7.573849558830261230e-01,1.624369435012340546e-02,1.509645488113164902e-02,7.534577846527099609e-01,6.571221947669982910e-01,-2.049298882484436035e-01,7.599345594644546509e-02,1.794954240322113037e-01,5.577520728111267090e-01,-3.963817954063415527e-01,5.159844830632209778e-02,5.436009913682937622e-02,-9.912182390689849854e-02,-1.646770685911178589e-01,2.443933635950088501e-01,-4.467314183712005615e-01,3.411495313048362732e-02,7.136535644531250000e-02,-2.371357195079326630e-02,2.351555377244949341e-01,-1.197007298469543457e-01,3.584096729755401611e-01,-2.811443805694580078e-01,1.078118324279785156e+00,9.063060581684112549e-02,-5.134578049182891846e-02,1.280565559864044189e-01,-2.211566418409347534e-01,-3.038424253463745117e-01,3.365492522716522217e-01,1.098706364631652832e+00,-1.523570716381072998e-02,-1.228024531155824661e-02,-1.207174286246299744e-01
1.560660544782876968e-02,-4.112293478101491928e-03,7.559769749641418457e-01,1.796600222587585449e-02,1.696409285068511963e-02,7.575531601905822754e-01,6.523056030273437500e-01,-2.635594010353088379e-01,1.057065874338150024e-01,2.036376297473907471e-01,6.323435902595520020e-01,-4.050496816635131836e-01,4.931598529219627380e-02,5.532166361808776855e-02,-1.095541119575500488e-01,-1.724551171064376831e-01,2.636688053607940674e-01,-4.690719246864318848e-01,3.604866191744804382e-02,8.464038372039794922e-02,-2.348376065492630005e-02,2.568676173686981201e-01,-1.229908391833305359e-01,3.625858724117279053e-01,-2.656048834323883057e-01,1.081760883331298828e+00,7.759431749582290649e-02,-5.314486473798751831e-02,1.399563848972320557e-01,-2.307093292474746704e-01,-3.112409710884094238e-01,3.281942307949066162e-01,1.104632377624511719e+00,-9.836331941187381744e-03,-1.365410722792148590e-02,-1.313134431838989258e-01
1.300242543220520020e-02,5.769266281276941299e-04,7.543528079986572266e-01,1.879350095987319946e-02,1.941190287470817566e-02,7.604472041130065918e-01,6.488374471664428711e-01,-3.169593214988708496e-01,1.403355151414871216e-01,2.273146659135818481e-01,6.745136380195617676e-01,-4.089826345443725586e-01,4.870884120464324951e-02,5.445852503180503845e-02,-1.209544092416763306e-01,-1.778634488582611084e-01,2.831277847290039062e-01,-4.917327463626861572e-01,4.000474140048027039e-02,9.647434204816818237e-02,-2.298944257199764252e-02,2.763884365558624268e-01,-1.254207640886306763e-01,3.667485117912292480e-01,-2.512487769126892090e-01,1.087789058685302734e+00,6.702605634927749634e-02,-5.569225549697875977e-02,1.528137326240539551e-01,-2.412307411432266235e-01,-3.184649646282196045e-01,3.202070593833923340e-01,1.111894965171813965e+00,-7.166942115873098373e-03,-1.466175448149442673e-02,-1.430359184741973877e-01
9.177469648420810699e-03,5.790602415800094604e-03,7.520746588706970215e-01,1.854672469198703766e-02,2.171159721910953522e-02,7.638470530509948730e-01,6.447653174400329590e-01,-3.633381426334381104e-01,1.768471747636795044e-01,2.491087913513183594e-01,6.794498562812805176e-01,-4.074012339115142822e-01,4.769608378410339355e-02,5.256857350468635559e-02,-1.322789192199707031e-01,-1.829487085342407227e-01,3.048679828643798828e-01,-5.177266001701354980e-01,4.496610164642333984e-02,1.067375466227531433e-01,-2.136916853487491608e-02,2.946601510047912598e-01,-1.269409209489822388e-01,3.708094656467437744e-01,-2.340450286865234375e-01,1.097723841667175293e+00,5.124832689762115479e-02,-5.515710636973381042e-02,1.665634512901306152e-01,-2.529865205287933350e-01,-3.255673646926879883e-01,3.114713132381439209e-01,1.119354844093322754e+00,-4.026718437671661377e-03,-1.625717617571353912e-02,-1.580196022987365723e-01
4.047906491905450821e-03,1.131769735366106033e-02,7.495304942131042480e-01,1.845239847898483276e-02,2.273808233439922333e-02,7.672098875045776367e-01,6.407272815704345703e-01,-4.011479914188385010e-01,2.118723541498184204e-01,2.612698674201965332e-01,6.486382484436035156e-01,-3.982044756412506104e-01,4.518189281225204468e-02,5.196566879749298096e-02,-1.438112407922744751e-01,-1.879557222127914429e-01,3.304467201232910156e-01,-5.427927374839782715e-01,5.005454644560813904e-02,1.158389970660209656e-01,-1.773074083030223846e-02,3.120757937431335449e-01,-1.262932121753692627e-01,3.761113584041595459e-01,-2.167127132415771484e-01,1.107338666915893555e+00,3.578166663646697998e-02,-5.306962132453918457e-02,1.799959391355514526e-01,-2.653388679027557373e-01,-3.324198126792907715e-01,3.059669137001037598e-01,1.128363132476806641e+00,-2.643879037350416183e-03,-1.733953692018985748e-02,-1.715563982725143433e-01
-2.454350236803293228e-03,1.693687029182910919e-02,7.462354898452758789e-01,1.701406948268413544e-02,2.312009781599044800e-02,7.702990770339965820e-01,6.370363831520080566e-01,-4.296036064624786377e-01,2.443167418241500854e-01,2.743627727031707764e-01,5.893214941024780273e-01,-3.817637860774993896e-01,3.906883671879768372e-02,4.999966174364089966e-02,-1.541228443384170532e-01,-1.916004568338394165e-01,3.572146594524383545e-01,-5.696628689765930176e-01,5.744235590100288391e-02,1.209625452756881714e-01,-1.331203244626522064e-02,3.275538384914398193e-01,-1.251813769340515137e-01,3.830054998397827148e-01,-2.002739161252975464e-01,1.118913769721984863e+00,1.850170828402042389e-02,-5.255086347460746765e-02,1.931402534246444702e-01,-2.795621752738952637e-01,-3.391059041023254395e-01,2.994965612888336182e-01,1.136575579643249512e+00,4.140211269259452820e-03,-1.905479282140731812e-02,-1.877650171518325806e-01
-1.014181878417730331e-02,2.233036980032920837e-02,7.424515485763549805e-01,1.480184961110353470e-02,2.200143225491046906e-02,7.734327912330627441e-01,6.333234310150146484e-01,-4.510478377342224121e-01,2.691130638122558594e-01,2.768271863460540771e-01,5.091381669044494629e-01,-3.609412014484405518e-01,2.683894895017147064e-02,4.512108117341995239e-02,-1.632515490055084229e-01,-1.946522593498229980e-01,3.922708928585052490e-01,-5.960252881050109863e-01,6.433047354221343994e-02,1.230250298976898193e-01,-7.983174175024032593e-03,3.418857753276824951e-01,-1.292212754487991333e-01,3.897818326950073242e-01,-1.839732080698013306e-01,1.131122589111328125e+00,-1.391311641782522202e-03,-5.361231788992881775e-02,2.023646086454391479e-01,-2.993318438529968262e-01,-3.457005620002746582e-01,2.913522422313690186e-01,1.147908926010131836e+00,8.695341646671295166e-03,-2.330960892140865326e-02,-2.028192430734634399e-01
-1.905165053904056549e-02,2.759649045765399933e-02,7.376086115837097168e-01,1.228759903460741043e-02,1.847825385630130768e-02,7.771588563919067383e-01,6.289131045341491699e-01,-4.639010131359100342e-01,2.894282042980194092e-01,2.745408713817596436e-01,4.201312959194183350e-01,-3.422364294528961182e-01,1.229954138398170471e-02,4.337750747799873352e-02,-1.695427149534225464e-01,-1.976031512022018433e-01,4.294566512107849121e-01,-6.230723857879638672e-01,7.127501070499420166e-02,1.248855069279670715e-01,-7.128165179892675951e-06,3.506243526935577393e-01,-1.277397125959396362e-01,3.954210579395294189e-01,-1.675132960081100464e-01,1.137015819549560547e+00,-2.178782224655151367e-02,-5.358547717332839966e-02,2.090593874454498291e-01,-3.089437186717987061e-01,-3.530460596084594727e-01,2.842268943786621094e-01,1.151870489120483398e+00,1.629368588328361511e-02,-2.716187201440334320e-02,-2.179779708385467529e-01
-2.897562272846698761e-02,3.265215829014778137e-02,7.315804362297058105e-01,8.299742825329303741e-03,1.468387804925441742e-02,7.814663052558898926e-01,6.237193942070007324e-01,-4.735157787799835205e-01,3.089982867240905762e-01,2.731419801712036133e-01,3.486073315143585205e-01,-3.288809657096862793e-01,-3.008688800036907196e-03,4.096156358718872070e-02,-1.744875609874725342e-01,-2.007069438695907593e-01,4.659760892391204834e-01,-6.531230807304382324e-01,7.730243355035781860e-02,1.237881854176521301e-01,9.584923274815082550e-03,3.566117584705352783e-01,-1.223445609211921692e-01,3.999894857406616211e-01,-1.506439745426177979e-01,1.138868331909179688e+00,-4.074751213192939758e-02,-5.359653383493423462e-02,2.208636701107025146e-01,-3.139942288398742676e-01,-3.605563938617706299e-01,2.762486338615417480e-01,1.152889728546142578e+00,2.714025415480136871e-02,-3.120586834847927094e-02,-2.345642149448394775e-01
-3.940162435173988342e-02,3.714372590184211731e-02,7.242616415023803711e-01,4.337415564805269241e-03,1.164993830025196075e-02,7.852919697761535645e-01,6.190007925033569336e-01,-4.853039383888244629e-01,3.241682052612304688e-01,2.666667699813842773e-01,3.051040470600128174e-01,-3.131451606750488281e-01,-1.530185248702764511e-02,3.294322639703750610e-02,-1.816895455121994019e-01,-1.982942819595336914e-01,5.108149051666259766e-01,-6.917765140533447266e-01,8.292122185230255127e-02,1.229482144117355347e-01,1.691040210425853729e-02,3.645011186599731445e-01,-1.234008669853210449e-01,4.061786234378814697e-01,-1.360873878002166748e-01,1.138875246047973633e+00,-5.633235722780227661e-02,-5.405925959348678589e-02,2.301691174507141113e-01,-3.242953121662139893e-01,-3.719289004802703857e-01,2.679392099380493164e-01,1.153161287307739258e+00,3.938530385494232178e-02,-3.551982715725898743e-02,-2.495004385709762573e-01
-5.022667348384857178e-02,4.112067446112632751e-02,7.165170907974243164e-01,1.413673511706292629e-03,9.639521129429340363e-03,7.887178659439086914e-01,6.146781444549560547e-01,-5.053101778030395508e-01,3.384868800640106201e-01,2.606087028980255127e-01,2.996048927307128906e-01,-2.988164424896240234e-01,-2.305481582880020142e-02,2.243877574801445007e-02,-1.930979043245315552e-01,-1.925669610500335693e-01,5.608471035957336426e-01,-7.307237982749938965e-01,8.415088057518005371e-02,1.213217452168464661e-01,2.217935398221015930e-02,3.704593479633331299e-01,-1.295977383852005005e-01,4.134483337402343750e-01,-1.266196519136428833e-01,1.141911149024963379e+00,-7.201069593429565430e-02,-5.440394580364227295e-02,2.442992776632308960e-01,-3.339274525642395020e-01,-3.835494220256805420e-01,2.547109425067901611e-01,1.155128955841064453e+00,5.520801618695259094e-02,-3.812576457858085632e-02,-2.665963768959045410e-01
-6.124878674745559692e-02,4.463842511177062988e-02,7.076730132102966309e-01,-1.261228229850530624e-03,8.071471937000751495e-03,7.927051186561584473e-01,6.095505356788635254e-01,-5.344386696815490723e-01,3.478904366493225098e-01,2.480185180902481079e-01,3.355050981044769287e-01,-2.902656495571136475e-01,-2.793698385357856750e-02,9.749287739396095276e-03,-2.060299068689346313e-01,-1.842715293169021606e-01,6.162778139114379883e-01,-7.719735503196716309e-01,8.635684102773666382e-02,1.209818050265312195e-01,2.339160256087779999e-02,3.774136304855346680e-01,-1.421198546886444092e-01,4.230044186115264893e-01,-1.202820762991905212e-01,1.147824764251708984e+00,-8.395893871784210205e-02,-5.455859750509262085e-02,2.537775635719299316e-01,-3.419598937034606934e-01,-3.973747789859771729e-01,2.394359856843948364e-01,1.155117988586425781e+00,7.551109045743942261e-02,-4.267030581831932068e-02,-2.815923392772674561e-01
-7.231521606445312500e-02,4.768500104546546936e-02,6.986939311027526855e-01,-2.170896157622337341e-03,8.119433186948299408e-03,7.967842817306518555e-01,6.042053699493408203e-01,-5.724003314971923828e-01,3.552841246128082275e-01,2.390536814928054810e-01,4.116128087043762207e-01,-2.935548126697540283e-01,-2.495301887392997742e-02,-7.472048047930002213e-03,-2.247305959463119507e-01,-1.713591516017913818e-01,6.828154325485229492e-01,-8.076704740524291992e-01,8.581282198429107666e-02,1.199502795934677124e-01,2.237267419695854187e-02,3.852955996990203857e-01,-1.614154130220413208e-01,4.340376257896423340e-01,-1.166716068983078003e-01,1.153279185295104980e+00,-9.541819989681243896e-02,-5.413524433970451355e-02,2.674464881420135498e-01,-3.487250208854675293e-01,-4.146028459072113037e-01,2.165931910276412964e-01,1.150103092193603516e+00,1.007446572184562683e-01,-4.746571555733680725e-02,-2.964434325695037842e-01
-8.348377048969268799e-02,5.054973065853118896e-02,6.886548399925231934e-01,-3.046016499865800142e-04,7.995850406587123871e-03,8.020142316818237305e-01,5.972513556480407715e-01,-6.234087944030761719e-01,3.548345267772674561e-01,2.266864329576492310e-01,5.269742012023925781e-01,-3.019107282161712646e-01,-1.728463545441627502e-02,-2.655689790844917297e-02,-2.433243542909622192e-01,-1.437120437622070312e-01,7.652944922447204590e-01,-8.367498517036437988e-01,8.676332235336303711e-02,1.163604184985160828e-01,1.749720796942710876e-02,3.959328234195709229e-01,-1.847804635763168335e-01,4.485875666141510010e-01,-1.152572333812713623e-01,1.159994840621948242e+00,-1.022872030735015869e-01,-5.123378336429595947e-02,2.825627923011779785e-01,-3.514945507049560547e-01,-4.377899765968322754e-01,1.961175501346588135e-01,1.142319679260253906e+00,1.231296062469482422e-01,-4.979458078742027283e-02,-3.133207261562347412e-01
-9.472782909870147705e-02,5.346120521426200867e-02,6.773504614830017090e-01,2.721186028793454170e-03,1.124198175966739655e-02,8.087775111198425293e-01,5.880010128021240234e-01,-6.843519806861877441e-01,3.440293073654174805e-01,2.121310681104660034e-01,6.673350334167480469e-01,-3.270508050918579102e-01,-3.487796755507588387e-03,-5.323730036616325378e-02,-2.630563974380493164e-01,-1.003082096576690674e-01,8.607837557792663574e-01,-8.637591600418090820e-01,8.800831437110900879e-02,1.080627143383026123e-01,8.257057517766952515e-03,4.075710177421569824e-01,-2.115517407655715942e-01,4.644787311553955078e-01,-1.187590733170509338e-01,1.166307330131530762e+00,-1.048731505870819092e-01,-5.107888579368591309e-02,2.986482977867126465e-01,-3.487202525138854980e-01,-4.628491699695587158e-01,1.668986678123474121e-01,1.129610180854797363e+00,1.504819542169570923e-01,-5.568446591496467590e-02,-3.314660191535949707e-01
-1.063442453742027283e-01,5.582510679960250854e-02,6.659180521965026855e-01,6.571515114046633244e-04,1.402027346193790436e-02,8.155111074447631836e-01,5.785712003707885742e-01,-7.482913136482238770e-01,3.342183828353881836e-01,1.984713971614837646e-01,7.961848378181457520e-01,-3.612217307090759277e-01,1.303028222173452377e-02,-8.522719144821166992e-02,-2.688389718532562256e-01,-5.373653769493103027e-02,9.400718808174133301e-01,-8.726688623428344727e-01,9.199370443820953369e-02,1.028330996632575989e-01,3.578421892598271370e-03,4.164773225784301758e-01,-2.412289232015609741e-01,4.832810759544372559e-01,-1.254523843526840210e-01,1.167287230491638184e+00,-9.561099112033843994e-02,-5.135548114776611328e-02,3.100633621215820312e-01,-3.453463613986968994e-01,-4.886056482791900635e-01,1.382676810026168823e-01,1.114914178848266602e+00,1.707996279001235962e-01,-6.224430724978446960e-02,-3.461844325065612793e-01
-1.177134662866592407e-01,5.816701054573059082e-02,6.548233032226562500e-01,-4.535372368991374969e-03,1.507708150893449783e-02,8.202306628227233887e-01,5.718162059783935547e-01,-8.132226467132568359e-01,3.253579139709472656e-01,1.792779862880706787e-01,9.126065969467163086e-01,-4.010654687881469727e-01,2.825175039470195770e-02,-1.223798394203186035e-01,-2.654875218868255615e-01,-1.315915305167436600e-02,1.013672590255737305e+00,-8.726699948310852051e-01,9.131120890378952026e-02,1.038642674684524536e-01,6.085500586777925491e-03,4.225725829601287842e-01,-2.744405567646026611e-01,5.036931633949279785e-01,-1.261071860790252686e-01,1.164340257644653320e+00,-9.271935373544692993e-02,-5.121840536594390869e-02,3.230556249618530273e-01,-3.410966992378234863e-01,-5.150022506713867188e-01,1.097782403230667114e-01,1.105985522270202637e+00,1.908173263072967529e-01,-6.568745523691177368e-02,-3.611835241317749023e-01
-1.284841150045394897e-01,6.098063662648200989e-02,6.429224610328674316e-01,-9.796103462576866150e-03,1.611660234630107880e-02,8.258783221244812012e-01,5.635328292846679688e-01,-8.767102360725402832e-01,3.134725987911224365e-01,1.617543250322341919e-01,1.019411325454711914e+00,-4.427312016487121582e-01,3.961691632866859436e-02,-1.578831821680068970e-01,-2.657290101051330566e-01,1.352514605969190598e-02,1.088706731796264648e+00,-8.726699948310852051e-01,9.121434390544891357e-02,1.083570867776870728e-01,9.578430093824863434e-03,4.284715652465820312e-01,-3.082737624645233154e-01,5.278676748275756836e-01,-1.295671314001083374e-01,1.159241795539855957e+00,-9.300956130027770996e-02,-4.888241365551948547e-02,3.321680724620819092e-01,-3.392141759395599365e-01,-5.408918857574462891e-01,8.488406240940093994e-02,1.101678252220153809e+00,2.049756050109863281e-01,-6.762913614511489868e-02,-3.715996742248535156e-01
-1.387894600629806519e-01,6.430546939373016357e-02,6.300460696220397949e-01,-1.457426510751247406e-02,1.840761862695217133e-02,8.309008479118347168e-01,5.559249520301818848e-01,-9.368484020233154297e-01,2.974103689193725586e-01,1.457987874746322632e-01,1.119055867195129395e+00,-4.838213026523590088e-01,5.137894675135612488e-02,-1.906916499137878418e-01,-2.700663208961486816e-01,3.703294694423675537e-02,1.164316534996032715e+00,-8.726699948310852051e-01,9.378423541784286499e-02,1.098665148019790649e-01,1.010249927639961243e-02,4.350304305553436279e-01,-3.448209464550018311e-01,5.556671619415283203e-01,-1.336363703012466431e-01,1.153936743736267090e+00,-8.765245974063873291e-02,-4.722968861460685730e-02,3.366803526878356934e-01,-3.396149277687072754e-01,-5.652234554290771484e-01,6.150759756565093994e-02,1.097560763359069824e+00,2.146093696355819702e-01,-6.980303674936294556e-02,-3.815176188945770264e-01
-1.486841291189193726e-01,6.787572801113128662e-02,6.164278388023376465e-01,-1.917030662298202515e-02,2.112702094018459320e-02,8.361894488334655762e-01,5.476982593536376953e-01,-9.939088821411132812e-01,2.794378101825714111e-01,1.341331750154495239e-01,1.212007522583007812e+00,-5.235742926597595215e-01,6.065180897712707520e-02,-2.176207154989242554e-01,-2.777234911918640137e-01,5.467927455902099609e-02,1.232028484344482422e+00,-8.726699948310852051e-01,9.367246180772781372e-02,1.120366975665092468e-01,9.214101359248161316e-03,4.414268434047698975e-01,-3.833005726337432861e-01,5.845263600349426270e-01,-1.402511447668075562e-01,1.147477388381958008e+00,-8.255047351121902466e-02,-4.413535818457603455e-02,3.406413197517395020e-01,-3.412582576274871826e-01,-5.865933299064636230e-01,4.012304171919822693e-02,1.096661686897277832e+00,2.226528525352478027e-01,-7.196747511625289917e-02,-3.909689188003540039e-01
-1.582141518592834473e-01,7.168769836425781250e-02,6.032133102416992188e-01,-2.374945022165775299e-02,2.372150309383869171e-02,8.410198688507080078e-01,5.399618744850158691e-01,-1.046441793441772461e+00,2.611498236656188965e-01,1.248099058866500854e-01,1.297969937324523926e+00,-5.593059062957763672e-01,7.235807180404663086e-02,-2.364542335271835327e-01,-2.786220610141754150e-01,7.737935334444046021e-02,1.289404273033142090e+00,-8.726699948310852051e-01,9.504512697458267212e-02,1.112690418958663940e-01,5.617029033601284027e-03,4.452369511127471924e-01,-4.181638360023498535e-01,6.137069463729858398e-01,-1.466461867094039917e-01,1.139003753662109375e+00,-7.455141842365264893e-02,-4.270897433161735535e-02,3.410039246082305908e-01,-3.438277840614318848e-01,-6.051810979843139648e-01,2.188076637685298920e-02,1.092699289321899414e+00,2.288403362035751343e-01,-7.721450179815292358e-02,-3.980874717235565186e-01
-1.673996448516845703e-01,7.523551583290100098e-02,5.892246365547180176e-01,-2.699796669185161591e-02,2.614948712289333344e-02,8.449370265007019043e-01,5.335435867309570312e-01,-1.094915151596069336e+00,2.454819083213806152e-01,1.201970279216766357e-01,1.382167220115661621e+00,-5.934818983078002930e-01,8.158382028341293335e-02,-2.520696520805358887e-01,-2.840542793273925781e-01,9.646057337522506714e-02,1.344201683998107910e+00,-8.726699948310852051e-01,9.609473496675491333e-02,1.097124069929122925e-01,4.007054958492517471e-03,4.472050964832305908e-01,-4.525869786739349365e-01,6.453667879104614258e-01,-1.560586243867874146e-01,1.130453109741210938e+00,-6.372804939746856689e-02,-4.134345799684524536e-02,3.410087227821350098e-01,-3.481395244598388672e-01,-6.235334277153015137e-01,5.959549453109502792e-03,1.091894865036010742e+00,2.373811155557632446e-01,-8.265013247728347778e-02,-4.054438769817352295e-01
-1.760343760251998901e-01,7.891678065061569214e-02,5.754275918006896973e-01,-2.961802855134010315e-02,2.813087962567806244e-02,8.489214777946472168e-01,5.269380807876586914e-01,-1.137878537178039551e+00,2.302151173353195190e-01,1.183174476027488708e-01,1.459555149078369141e+00,-6.275492310523986816e-01,8.886652439832687378e-02,-2.608873844146728516e-01,-2.854501307010650635e-01,1.158524900674819946e-01,1.396405935287475586e+00,-8.726699948310852051e-01,1.007762849330902100e-01,1.085359454154968262e-01,2.294311998412013054e-03,4.486210942268371582e-01,-4.835609793663024902e-01,6.749396920204162598e-01,-1.612645089626312256e-01,1.121618270874023438e+00,-5.269402265548706055e-02,-4.192198440432548523e-02,3.408257961273193359e-01,-3.513418436050415039e-01,-6.402275562286376953e-01,-1.178942341357469559e-02,1.091077804565429688e+00,2.406358867883682251e-01,-8.895199745893478394e-02,-4.122249484062194824e-01
-1.841911524534225464e-01,8.270269632339477539e-02,5.620939135551452637e-01,-3.158112987875938416e-02,2.962561883032321930e-02,8.520456552505493164e-01,5.216733813285827637e-01,-1.174969911575317383e+00,2.188830673694610596e-01,1.193414926528930664e-01,1.531135559082031250e+00,-6.611293554306030273e-01,9.922251850366592407e-02,-2.653174996376037598e-01,-2.879656851291656494e-01,1.318505406379699707e-01,1.446262240409851074e+00,-8.726699948310852051e-01,1.074431240558624268e-01,1.063551902770996094e-01,1.408681389875710011e-03,4.499108493328094482e-01,-5.089085102081298828e-01,7.023246288299560547e-01,-1.674837321043014526e-01,1.113798022270202637e+00,-4.026474058628082275e-02,-4.396386817097663879e-02,3.385876715183258057e-01,-3.554951846599578857e-01,-6.584410071372985840e-01,-2.785190939903259277e-02,1.090001106262207031e+00,2.399610728025436401e-01,-9.427597373723983765e-02,-4.150292575359344482e-01
-1.949442923069000244e-01,9.001389890909194946e-02,5.475718379020690918e-01,-5.609017610549926758e-02,1.987120881676673889e-02,8.482484817504882812e-01,5.262446999549865723e-01,-1.251564383506774902e+00,2.463504672050476074e-01,7.616145163774490356e-02,1.619254469871520996e+00,-7.071274518966674805e-01,1.003698483109474182e-01,-2.685697674751281738e-01,-2.335465848445892334e-01,1.363882273435592651e-01,1.460717558860778809e+00,-8.726699948310852051e-01,1.067239567637443542e-01,1.324715018272399902e-01,4.491951689124107361e-02,3.990537524223327637e-01,-4.993599057197570801e-01,7.075285315513610840e-01,-1.684281229972839355e-01,1.100747942924499512e+00,-2.442510239779949188e-02,-5.451691150665283203e-02,3.454247713088989258e-01,-3.287972509860992432e-01,-6.625584959983825684e-01,-4.396909847855567932e-02,1.081600427627563477e+00,2.346874773502349854e-01,-1.090104579925537109e-01,-4.238504767417907715e-01
-2.021510303020477295e-01,9.390896558761596680e-02,5.333608388900756836e-01,-6.714879721403121948e-02,1.450221799314022064e-02,8.487576246261596680e-01,5.243006944656372070e-01,-1.305604696273803711e+00,2.481301873922348022e-01,5.249252170324325562e-02,1.692216277122497559e+00,-7.433032393455505371e-01,1.051629558205604553e-01,-2.780686318874359131e-01,-2.012134492397308350e-01,1.516948938369750977e-01,1.506677627563476562e+00,-8.726699948310852051e-01,1.165944561362266541e-01,1.390666514635086060e-01,6.557093560695648193e-02,3.798495829105377197e-01,-5.097723007202148438e-01,7.251855731010437012e-01,-1.740313917398452759e-01,1.090264916419982910e+00,-3.842501668259501457e-03,-5.842618644237518311e-02,3.415141403675079346e-01,-3.188301920890808105e-01,-6.866106390953063965e-01,-6.249953061342239380e-02,1.068150997161865234e+00,2.304040193557739258e-01,-1.186277270317077637e-01,-4.302662014961242676e-01
-2.089326977729797363e-01,9.673787653446197510e-02,5.203118324279785156e-01,-6.296327710151672363e-02,2.017836645245552063e-02,8.540860414505004883e-01,5.159122943878173828e-01,-1.324446558952331543e+00,2.214363515377044678e-01,7.106313109397888184e-02,1.744796514511108398e+00,-7.707956433296203613e-01,1.177216619253158569e-01,-2.664039134979248047e-01,-2.165234684944152832e-01,1.702484786510467529e-01,1.549862504005432129e+00,-8.726699948310852051e-01,1.399277448654174805e-01,1.236237362027168274e-01,5.306399986147880554e-02,3.908820450305938721e-01,-5.402023196220397949e-01,7.480494379997253418e-01,-1.793105453252792358e-01,1.087301254272460938e+00,1.221007201820611954e-02,-5.925673618912696838e-02,3.295829594135284424e-01,-3.272664546966552734e-01,-7.098881006240844727e-01,-8.572779595851898193e-02,1.069564819335937500e+00,2.212540656328201294e-01,-1.229610219597816467e-01,-4.300571084022521973e-01
-2.151026725769042969e-01,1.001922860741615295e-01,5.064517259597778320e-01,-6.978975981473922729e-02,1.168507803231477737e-02,8.521741032600402832e-01,5.184516906738281250e-01,-1.364899992942810059e+00,2.309267520904541016e-01,4.555207118391990662e-02,1.816111564636230469e+00,-8.053517937660217285e-01,1.213128492236137390e-01,-2.656596899032592773e-01,-1.875647157430648804e-01,1.814410090446472168e-01,1.590014219284057617e+00,-8.726699948310852051e-01,1.474579870700836182e-01,1.265850514173507690e-01,7.871912419795989990e-02,3.751468658447265625e-01,-5.422376394271850586e-01,7.590547204017639160e-01,-1.832541227340698242e-01,1.075629830360412598e+00,2.240175008773803711e-02,-6.496534496545791626e-02,3.318416774272918701e-01,-3.202861845493316650e-01,-7.294065952301025391e-01,-9.545914828777313232e-02,1.065052747726440430e+00,2.154308110475540161e-01,-1.297193318605422974e-01,-4.352942407131195068e-01
-2.206013798713684082e-01,1.027221828699111938e-01,4.945101439952850342e-01,-5.899392068386077881e-02,1.797031424939632416e-02,8.572522401809692383e-01,5.111901164054870605e-01,-1.364879488945007324e+00,2.059740126132965088e-01,7.475742697715759277e-02,1.860886931419372559e+00,-8.297240138053894043e-01,1.376195251941680908e-01,-2.397815883159637451e-01,-2.169732600450515747e-01,1.954499036073684692e-01,1.629277706146240234e+00,-8.726699948310852051e-01,1.735866814851760864e-01,1.045784130692481995e-01,5.830612406134605408e-02,3.940831124782562256e-01,-5.676841735839843750e-01,7.794656157493591309e-01,-1.907271444797515869e-01,1.074578046798706055e+00,3.391021490097045898e-02,-6.729592382907867432e-02,3.196925818920135498e-01,-3.338365852832794189e-01,-7.505295276641845703e-01,-1.089343652129173279e-01,1.071749806404113770e+00,2.098130881786346436e-01,-1.351858377456665039e-01,-4.359767735004425049e-01
-2.251650989055633545e-01,1.065162718296051025e-01,4.816032648086547852e-01,-6.577722728252410889e-02,6.413938477635383606e-03,8.555890321731567383e-01,5.134195685386657715e-01,-1.401201725006103516e+00,2.159818857908248901e-01,4.113146662712097168e-02,1.927142262458801270e+00,-8.620608448982238770e-01,1.396485269069671631e-01,-2.313265055418014526e-01,-1.795160472393035889e-01,1.996324062347412109e-01,1.668806433677673340e+00,-8.726699948310852051e-01,1.836425065994262695e-01,1.065271794795989990e-01,8.586438000202178955e-02,3.767926096916198730e-01,-5.581803321838378906e-01,7.857717871665954590e-01,-1.937124431133270264e-01,1.066150188446044922e+00,4.889438301324844360e-02,-7.332014292478561401e-02,3.207878470420837402e-01,-3.211587667465209961e-01,-7.672550082206726074e-01,-1.176348403096199036e-01,1.065326690673828125e+00,2.017411589622497559e-01,-1.414923816919326782e-01,-4.392190575599670410e-01
-2.288284450769424438e-01,1.088823899626731873e-01,4.718738794326782227e-01,-5.528076365590095520e-02,1.303798239678144455e-02,8.611593842506408691e-01,5.051519870758056641e-01,-1.399978280067443848e+00,1.925247758626937866e-01,7.060797512531280518e-02,1.958920836448669434e+00,-8.719108104705810547e-01,1.538329571485519409e-01,-2.023645937442779541e-01,-2.089175730943679810e-01,2.059602588415145874e-01,1.698814749717712402e+00,-8.726699948310852051e-01,2.115835100412368774e-01,8.187077939510345459e-02,6.639245152473449707e-02,3.913543224334716797e-01,-5.724228620529174805e-01,8.000254034996032715e-01,-1.970694363117218018e-01,1.065505027770996094e+00,6.023917719721794128e-02,-7.674914598464965820e-02,3.091810345649719238e-01,-3.303394615650177002e-01,-7.855973243713378906e-01,-1.324930191040039062e-01,1.068591475486755371e+00,1.922156214714050293e-01,-1.440365463495254517e-01,-4.345040619373321533e-01
-2.309668809175491333e-01,1.113556846976280212e-01,4.611370563507080078e-01,-6.435902416706085205e-02,5.457788705825805664e-03,8.632737994194030762e-01,5.005860924720764160e-01,-1.448494791984558105e+00,1.866094172000885010e-01,4.096667096018791199e-02,2.002252101898193359e+00,-8.726297020912170410e-01,1.542293131351470947e-01,-1.993103325366973877e-01,-1.778523474931716919e-01,1.966232806444168091e-01,1.732631444931030273e+00,-8.726699948310852051e-01,2.191236168146133423e-01,7.054716348648071289e-02,9.455435723066329956e-02,3.713746368885040283e-01,-5.616822242736816406e-01,8.037648797035217285e-01,-1.970914304256439209e-01,1.057000756263732910e+00,7.006034255027770996e-02,-8.268573880195617676e-02,3.097771108150482178e-01,-3.182356655597686768e-01,-8.005857467651367188e-01,-1.444346010684967041e-01,1.062140464782714844e+00,1.866921335458755493e-01,-1.511548012495040894e-01,-4.444912075996398926e-01
-2.332804203033447266e-01,1.132771521806716919e-01,4.527716636657714844e-01,-5.692498758435249329e-02,1.457572355866432190e-02,8.690671324729919434e-01,4.911918342113494873e-01,-1.455411791801452637e+00,1.632908135652542114e-01,7.237304747104644775e-02,2.023131370544433594e+00,-8.726092576980590820e-01,1.656336486339569092e-01,-1.777562052011489868e-01,-2.045863419771194458e-01,2.003376483917236328e-01,1.758463144302368164e+00,-8.726699948310852051e-01,2.442095875740051270e-01,4.465279355645179749e-02,7.639310508966445923e-02,3.801757395267486572e-01,-5.713980197906494141e-01,8.121064305305480957e-01,-1.973038613796234131e-01,1.055898308753967285e+00,7.700633257627487183e-02,-8.559299260377883911e-02,3.013959228992462158e-01,-3.250164985656738281e-01,-8.175116181373596191e-01,-1.595500409603118896e-01,1.063222169876098633e+00,1.815876066684722900e-01,-1.526085287332534790e-01,-4.449793994426727295e-01
-2.349952608346939087e-01,1.162873208522796631e-01,4.435178935527801514e-01,-6.837125867605209351e-02,8.178258314728736877e-03,8.716238737106323242e-01,4.853146672248840332e-01,-1.505442500114440918e+00,1.523920595645904541e-01,4.285243526101112366e-02,2.062281847000122070e+00,-8.726542592048645020e-01,1.648733317852020264e-01,-1.775667518377304077e-01,-1.719805300235748291e-01,1.857339441776275635e-01,1.786603093147277832e+00,-8.726699948310852051e-01,2.513837516307830811e-01,3.114121221005916595e-02,1.063237786293029785e-01,3.572321534156799316e-01,-5.562132596969604492e-01,8.113924264907836914e-01,-1.938482224941253662e-01,1.046062827110290527e+00,8.584260195493698120e-02,-9.075378626585006714e-02,3.066344261169433594e-01,-3.125180602073669434e-01,-8.284798264503479004e-01,-1.722215563058853149e-01,1.055196046829223633e+00,1.756557971239089966e-01,-1.597724854946136475e-01,-4.557314217090606689e-01
-2.352713793516159058e-01,1.188168004155158997e-01,4.363048374652862549e-01,-6.158798187971115112e-02,1.052110083401203156e-02,8.758028745651245117e-01,4.786078929901123047e-01,-1.509987950325012207e+00,1.395244896411895752e-01,5.419141054153442383e-02,2.083654403686523438e+00,-8.726443648338317871e-01,1.647778749465942383e-01,-1.508449614048004150e-01,-1.739392727613449097e-01,1.816463619470596313e-01,1.810212492942810059e+00,-8.726699948310852051e-01,2.617934644222259521e-01,1.624441146850585938e-02,1.001488491892814636e-01,3.721905648708343506e-01,-5.579975247383117676e-01,8.171218633651733398e-01,-1.895446628332138062e-01,1.037899017333984375e+00,9.398862719535827637e-02,-9.517160058021545410e-02,3.006606400012969971e-01,-3.146328628063201904e-01,-8.426833748817443848e-01,-1.921496242284774780e-01,1.051044940948486328e+00,1.768696606159210205e-01,-1.651545315980911255e-01,-4.612301290035247803e-01
-2.354050129652023315e-01,1.216241270303726196e-01,4.299383759498596191e-01,-6.255093961954116821e-02,5.832596682012081146e-03,8.785729408264160156e-01,4.734584391117095947e-01,-1.528654575347900391e+00,1.310299187898635864e-01,4.023302718997001648e-02,2.109291076660156250e+00,-8.726605176925659180e-01,1.618389040231704712e-01,-1.328811198472976685e-01,-1.538176089525222778e-01,1.662456542253494263e-01,1.827276945114135742e+00,-8.726699948310852051e-01,2.617999911308288574e-01,2.829495118930935860e-03,1.146697402000427246e-01,3.757640421390533447e-01,-5.534330010414123535e-01,8.191472887992858887e-01,-1.858157664537429810e-01,1.028495669364929199e+00,9.572213143110275269e-02,-9.893798083066940308e-02,3.040291965007781982e-01,-3.135467767715454102e-01,-8.515698313713073730e-01,-2.080102711915969849e-01,1.045419096946716309e+00,1.791345477104187012e-01,-1.680932343006134033e-01,-4.688898622989654541e-01
-2.351629734039306641e-01,1.245737820863723755e-01,4.231689274311065674e-01,-6.413947045803070068e-02,-6.906790658831596375e-04,8.811687827110290527e-01,4.684305787086486816e-01,-1.549798965454101562e+00,1.246064528822898865e-01,2.140033431351184845e-02,2.137999296188354492e+00,-8.726696968078613281e-01,1.579242795705795288e-01,-1.149169281125068665e-01,-1.292636841535568237e-01,1.480566114187240601e-01,1.847294449806213379e+00,-8.726699948310852051e-01,2.617999911308288574e-01,-7.294714916497468948e-03,1.310672909021377563e-01,3.766440153121948242e-01,-5.454323887825012207e-01,8.193374276161193848e-01,-1.792937517166137695e-01,1.018949747085571289e+00,1.009547039866447449e-01,-1.033678427338600159e-01,3.076328933238983154e-01,-3.097827434539794922e-01,-8.590596318244934082e-01,-2.272890210151672363e-01,1.040110111236572266e+00,1.804149448871612549e-01,-1.725297570228576660e-01,-4.797371625900268555e-01
-2.350275814533233643e-01,1.270477473735809326e-01,4.183478057384490967e-01,-6.425850838422775269e-02,-3.654526313766837120e-03,8.835569024085998535e-01,4.638800621032714844e-01,-1.562749743461608887e+00,1.159556433558464050e-01,1.171792764216661453e-02,2.156171560287475586e+00,-8.726699948310852051e-01,1.525774002075195312e-01,-9.934185445308685303e-02,-1.125048995018005371e-01,1.357984095811843872e-01,1.861404657363891602e+00,-8.726699948310852051e-01,2.617999911308288574e-01,-1.605187170207500458e-02,1.423261314630508423e-01,3.828941881656646729e-01,-5.404021739959716797e-01,8.191512227058410645e-01,-1.756689697504043579e-01,1.009869933128356934e+00,1.051838174462318420e-01,-1.052137538790702820e-01,3.111681044101715088e-01,-3.084876835346221924e-01,-8.682008981704711914e-01,-2.426072359085083008e-01,1.038945078849792480e+00,1.785456240177154541e-01,-1.749436259269714355e-01,-4.898090660572052002e-01
-2.348173707723617554e-01,1.290352195501327515e-01,4.133382737636566162e-01,-6.082801893353462219e-02,-7.465590257197618484e-03,8.862462639808654785e-01,4.591424465179443359e-01,-1.567004084587097168e+00,1.071592196822166443e-01,5.702357273548841476e-03,2.173538684844970703e+00,-8.726699948310852051e-01,1.474088877439498901e-01,-7.605743408203125000e-02,-9.831072390079498291e-02,1.252046823501586914e-01,1.874824285507202148e+00,-8.726699948310852051e-01,2.617999911308288574e-01,-2.350445464253425598e-02,1.552578359842300415e-01,3.923713862895965576e-01,-5.353299975395202637e-01,8.150659203529357910e-01,-1.736295372247695923e-01,1.000157594680786133e+00,1.066720038652420044e-01,-1.099644079804420471e-01,3.113708496093750000e-01,-3.043996095657348633e-01,-8.798895478248596191e-01,-2.543180286884307861e-01,1.040162801742553711e+00,1.795064508914947510e-01,-1.814828813076019287e-01,-4.928808510303497314e-01
-2.342630624771118164e-01,1.307672560214996338e-01,4.092348515987396240e-01,-5.694746971130371094e-02,-1.237470470368862152e-02,8.887073993682861328e-01,4.547559618949890137e-01,-1.567577958106994629e+00,1.005779057741165161e-01,-1.459342311136424541e-03,2.187723159790039062e+00,-8.726699948310852051e-01,1.432684361934661865e-01,-5.228368565440177917e-02,-8.367970585823059082e-02,1.120053529739379883e-01,1.884911298751831055e+00,-8.726699948310852051e-01,2.617999911308288574e-01,-3.104405663907527924e-02,1.638111621141433716e-01,4.037221074104309082e-01,-5.320791602134704590e-01,8.141469359397888184e-01,-1.747614592313766479e-01,9.932868480682373047e-01,1.131053045392036438e-01,-1.172189787030220032e-01,3.127167820930480957e-01,-3.028891384601593018e-01,-8.877547383308410645e-01,-2.646150887012481689e-01,1.044873118400573730e+00,1.797421425580978394e-01,-1.858184039592742920e-01,-5.007987022399902344e-01
-2.337016612291336060e-01,1.323098242282867432e-01,4.057502448558807373e-01,-5.361271649599075317e-02,-1.605367474257946014e-02,8.902891278266906738e-01,4.519438147544860840e-01,-1.568065643310546875e+00,9.602361172437667847e-02,-7.642789278179407120e-03,2.199534654617309570e+00,-8.726699948310852051e-01,1.401156336069107056e-01,-3.375738114118576050e-02,-7.294411957263946533e-02,1.013376042246818542e-01,1.895438194274902344e+00,-8.726699948310852051e-01,2.617999911308288574e-01,-3.669786453247070312e-02,1.702106893062591553e-01,4.136134386062622070e-01,-5.287978053092956543e-01,8.136795163154602051e-01,-1.767210066318511963e-01,9.883028268814086914e-01,1.207511201500892639e-01,-1.230015829205513000e-01,3.168378174304962158e-01,-3.031779527664184570e-01,-8.957080841064453125e-01,-2.730691134929656982e-01,1.048766732215881348e+00,1.756068319082260132e-01,-1.893672347068786621e-01,-5.072941184043884277e-01
-2.333322167396545410e-01,1.338328123092651367e-01,4.025143980979919434e-01,-5.046337842941284180e-02,-1.866177283227443695e-02,8.916657567024230957e-01,4.494856297969818115e-01,-1.568446874618530273e+00,9.228383004665374756e-02,-1.141515839844942093e-02,2.211209058761596680e+00,-8.726699948310852051e-01,1.375265717506408691e-01,-1.693680696189403534e-02,-6.399269402027130127e-02,9.299815446138381958e-02,1.904418230056762695e+00,-8.726699948310852051e-01,2.617999911308288574e-01,-4.065513238310813904e-02,1.765445470809936523e-01,4.221805334091186523e-01,-5.267631411552429199e-01,8.121986985206604004e-01,-1.808635443449020386e-01,9.833467602729797363e-01,1.248353645205497742e-01,-1.289381384849548340e-01,3.196460306644439697e-01,-3.043280243873596191e-01,-9.057507514953613281e-01,-2.776557207107543945e-01,1.055515766143798828e+00,1.767943501472473145e-01,-1.927076429128646851e-01,-5.116257667541503906e-01
-2.329551726579666138e-01,1.351130306720733643e-01,3.998887836933135986e-01,-4.786739125847816467e-02,-2.042752318084239960e-02,8.929976820945739746e-01,4.470419585704803467e-01,-1.568792223930358887e+00,8.919430524110794067e-02,-1.319614890962839127e-02,2.219433784484863281e+00,-8.726699948310852051e-01,1.355463415384292603e-01,-3.123667323961853981e-03,-5.659598857164382935e-02,8.585481345653533936e-02,1.912250280380249023e+00,-8.726699948310852051e-01,2.617999911308288574e-01,-4.466644674539566040e-02,1.794470995664596558e-01,4.287442564964294434e-01,-5.260936021804809570e-01,8.110480904579162598e-01,-1.848615109920501709e-01,9.802287817001342773e-01,1.264799982309341431e-01,-1.337093412876129150e-01,3.214167952537536621e-01,-3.061017692089080811e-01,-9.136599898338317871e-01,-2.794727981090545654e-01,1.064331889152526855e+00,1.786616146564483643e-01,-1.962295621633529663e-01,-5.148828029632568359e-01
-2.327737659215927124e-01,1.363662779331207275e-01,3.979687690734863281e-01,-4.603707417845726013e-02,-2.099563740193843842e-02,8.939822316169738770e-01,4.452364444732666016e-01,-1.569028139114379883e+00,8.586032688617706299e-02,-1.402980554848909378e-02,2.225850820541381836e+00,-8.726699948310852051e-01,1.332257091999053955e-01,7.138180080801248550e-03,-5.090624466538429260e-02,8.130466938018798828e-02,1.918327927589416504e+00,-8.726699948310852051e-01,2.617999911308288574e-01,-4.699847474694252014e-02,1.824753880500793457e-01,4.336393773555755615e-01,-5.246972441673278809e-01,8.090721368789672852e-01,-1.880178600549697876e-01,9.774153232574462891e-01,1.283245086669921875e-01,-1.375350952148437500e-01,3.236486911773681641e-01,-3.071238696575164795e-01,-9.213211536407470703e-01,-2.804673314094543457e-01,1.071698188781738281e+00,1.782468557357788086e-01,-1.998394280672073364e-01,-5.184222459793090820e-01
-2.321518808603286743e-01,1.374247521162033081e-01,3.958417475223541260e-01,-4.374781996011734009e-02,-2.139826118946075439e-02,8.948082923889160156e-01,4.437864124774932861e-01,-1.569255113601684570e+00,8.577147871255874634e-02,-1.358653791248798370e-02,2.231220722198486328e+00,-8.726699948310852051e-01,1.311278194189071655e-01,1.656998507678508759e-02,-4.536589607596397400e-02,7.722328603267669678e-02,1.926704525947570801e+00,-8.726391792297363281e-01,2.617999911308288574e-01,-4.952346161007881165e-02,1.831667572259902954e-01,4.382893145084381104e-01,-5.238069295883178711e-01,8.085995912551879883e-01,-1.896708756685256958e-01,9.748269319534301758e-01,1.306338459253311157e-01,-1.415572762489318848e-01,3.277169466018676758e-01,-3.089891970157623291e-01,-9.277980327606201172e-01,-2.828048169612884521e-01,1.077272653579711914e+00,1.780474632978439331e-01,-2.033003121614456177e-01,-5.227406024932861328e-01
-2.315673530101776123e-01,1.384115070104598999e-01,3.940424621105194092e-01,-4.182806611061096191e-02,-2.172940783202648163e-02,8.952417373657226562e-01,4.430806934833526611e-01,-1.569412469863891602e+00,8.633912354707717896e-02,-1.413156092166900635e-02,2.236661672592163086e+00,-8.726699948310852051e-01,1.293071806430816650e-01,2.391485311090946198e-02,-4.222801700234413147e-02,7.306435704231262207e-02,1.935051560401916504e+00,-8.726058006286621094e-01,2.617999911308288574e-01,-5.086415633559226990e-02,1.828184127807617188e-01,4.414779245853424072e-01,-5.229023694992065430e-01,8.079969286918640137e-01,-1.905800849199295044e-01,9.726673960685729980e-01,1.312422156333923340e-01,-1.447067111730575562e-01,3.294813334941864014e-01,-3.107475936412811279e-01,-9.322679638862609863e-01,-2.837629914283752441e-01,1.081028819084167480e+00,1.786438673734664917e-01,-2.071424275636672974e-01,-5.241681337356567383e-01
-2.292155325412750244e-01,1.382225453853607178e-01,3.939875960350036621e-01,-2.792518213391304016e-02,1.783051341772079468e-02,8.864266872406005859e-01,4.616816937923431396e-01,-1.561879277229309082e+00,1.386161297559738159e-01,8.112828433513641357e-02,2.231101036071777344e+00,-8.726699948310852051e-01,1.452488899230957031e-01,-1.202285476028919220e-02,-1.242198720574378967e-01,1.282062083482742310e-01,1.975943684577941895e+00,-8.707852959632873535e-01,2.617999911308288574e-01,-1.622183807194232941e-02,1.161052435636520386e-01,4.506590366363525391e-01,-5.443921685218811035e-01,8.076927661895751953e-01,-1.842581778764724731e-01,9.743337631225585938e-01,1.254663318395614624e-01,-1.451182365417480469e-01,3.208936452865600586e-01,-3.341412842273712158e-01,-9.744547009468078613e-01,-2.800857126712799072e-01,1.079860687255859375e+00,1.814585179090499878e-01,-2.053381949663162231e-01,-5.205428600311279297e-01
-2.293929308652877808e-01,1.393301934003829956e-01,3.916866183280944824e-01,-3.358561545610427856e-02,-2.983438316732645035e-04,8.906528949737548828e-01,4.534416496753692627e-01,-1.569172024726867676e+00,1.162559688091278076e-01,3.398944437503814697e-02,2.239485979080200195e+00,-8.726699948310852051e-01,1.349912136793136597e-01,8.841392584145069122e-03,-7.994016259908676147e-02,1.008504405617713928e-01,1.971198678016662598e+00,-8.717092871665954590e-01,2.617999911308288574e-01,-3.221416100859642029e-02,1.468689888715744019e-01,4.436266124248504639e-01,-5.352632403373718262e-01,8.137280344963073730e-01,-1.913862228393554688e-01,9.731412529945373535e-01,1.296387463808059692e-01,-1.475840508937835693e-01,3.246363401412963867e-01,-3.250121176242828369e-01,-9.605422019958496094e-01,-2.798054516315460205e-01,1.080626130104064941e+00,1.784978508949279785e-01,-2.094328999519348145e-01,-5.230400562286376953e-01
-2.277556359767913818e-01,1.396272480487823486e-01,3.908974826335906982e-01,-2.643791399896144867e-02,2.091509476304054260e-02,8.867135643959045410e-01,4.610885083675384521e-01,-1.567952871322631836e+00,1.412172168493270874e-01,8.641075342893600464e-02,2.237224578857421875e+00,-8.726699948310852051e-01,1.462272703647613525e-01,-9.635891765356063843e-03,-1.226403936743736267e-01,1.243357360363006592e-01,1.994811296463012695e+00,-8.697295784950256348e-01,2.617999911308288574e-01,-1.723479293286800385e-02,1.108350753784179688e-01,4.490998685359954834e-01,-5.482483506202697754e-01,8.102626800537109375e-01,-1.899822652339935303e-01,9.769539237022399902e-01,1.279047727584838867e-01,-1.512282639741897583e-01,3.198445737361907959e-01,-3.375793695449829102e-01,-9.829120635986328125e-01,-2.762069106101989746e-01,1.083696842193603516e+00,1.781677752733230591e-01,-2.123785316944122314e-01,-5.230985879898071289e-01
-2.276108711957931519e-01,1.405550837516784668e-01,3.885250389575958252e-01,-2.991482056677341461e-02,1.584819401614367962e-03,8.910002708435058594e-01,4.530133306980133057e-01,-1.569494247436523438e+00,1.187416389584541321e-01,3.770759701728820801e-02,2.244859933853149414e+00,-8.726699948310852051e-01,1.331779807806015015e-01,1.680817455053329468e-02,-7.812614738941192627e-02,9.750726819038391113e-02,1.991051316261291504e+00,-8.711356520652770996e-01,2.617999911308288574e-01,-3.411584347486495972e-02,1.406282186508178711e-01,4.445213377475738525e-01,-5.388972759246826172e-01,8.164307475090026855e-01,-1.977414786815643311e-01,9.775975942611694336e-01,1.320599913597106934e-01,-1.530177146196365356e-01,3.229988217353820801e-01,-3.291204869747161865e-01,-9.677699804306030273e-01,-2.752037048339843750e-01,1.083750247955322266e+00,1.769201904535293579e-01,-2.162405699491500854e-01,-5.254678726196289062e-01
-2.261882722377777100e-01,1.406236141920089722e-01,3.883127868175506592e-01,-2.361446060240268707e-02,2.162231877446174622e-02,8.867706060409545898e-01,4.610995054244995117e-01,-1.568248987197875977e+00,1.428846418857574463e-01,8.665394783020019531e-02,2.242767333984375000e+00,-8.726699948310852051e-01,1.450062841176986694e-01,-3.867827123031020164e-03,-1.200557053089141846e-01,1.204298138618469238e-01,2.012334108352661133e+00,-8.687029480934143066e-01,2.617999911308288574e-01,-2.256764844059944153e-02,1.093373894691467285e-01,4.510398507118225098e-01,-5.509033203125000000e-01,8.126735687255859375e-01,-1.959787309169769287e-01,9.858917593955993652e-01,1.293653845787048340e-01,-1.563158780336380005e-01,3.183316886425018311e-01,-3.451911509037017822e-01,-9.905983805656433105e-01,-2.658399343490600586e-01,1.084333181381225586e+00,1.775413751602172852e-01,-2.193115353584289551e-01,-5.259705185890197754e-01
-2.262226641178131104e-01,1.415042877197265625e-01,3.860435187816619873e-01,-2.685884386301040649e-02,2.665233798325061798e-03,8.910136222839355469e-01,4.531734585762023926e-01,-1.569593548774719238e+00,1.206284761428833008e-01,3.859778121113777161e-02,2.250824689865112305e+00,-8.726699948310852051e-01,1.318797320127487183e-01,2.359957993030548096e-02,-7.476198673248291016e-02,9.691322594881057739e-02,2.005634069442749023e+00,-8.706992864608764648e-01,2.617999911308288574e-01,-3.957647830247879028e-02,1.379299610853195190e-01,4.485249221324920654e-01,-5.417497158050537109e-01,8.191475272178649902e-01,-2.038067430257797241e-01,9.873703122138977051e-01,1.326272189617156982e-01,-1.571820229291915894e-01,3.215082883834838867e-01,-3.378497660160064697e-01,-9.757012128829956055e-01,-2.645505964756011963e-01,1.084475517272949219e+00,1.760880798101425171e-01,-2.226542979478836060e-01,-5.280047059059143066e-01
-2.251305729150772095e-01,1.414429694414138794e-01,3.862413167953491211e-01,-2.154889144003391266e-02,2.230829931795597076e-02,8.864867687225341797e-01,4.617133438587188721e-01,-1.568449616432189941e+00,1.452841311693191528e-01,8.637503534555435181e-02,2.248794078826904297e+00,-8.726699948310852051e-01,1.441316306591033936e-01,1.427487586624920368e-04,-1.162092611193656921e-01,1.205792352557182312e-01,2.025376558303833008e+00,-8.679931759834289551e-01,2.617999911308288574e-01,-2.927251905202865601e-02,1.099972128868103027e-01,4.544265270233154297e-01,-5.534493923187255859e-01,8.144838809967041016e-01,-2.013679593801498413e-01,9.972999691963195801e-01,1.262593716382980347e-01,-1.593767404556274414e-01,3.170332312583923340e-01,-3.571894168853759766e-01,-9.986913204193115234e-01,-2.536987960338592529e-01,1.084175705909729004e+00,1.767475605010986328e-01,-2.244464308023452759e-01,-5.259191393852233887e-01
-2.252571284770965576e-01,1.421794593334197998e-01,3.844657540321350098e-01,-2.506338246166706085e-02,2.949473913758993149e-03,8.904570937156677246e-01,4.543669223785400391e-01,-1.569652795791625977e+00,1.239138096570968628e-01,3.696989640593528748e-02,2.256230354309082031e+00,-8.726699948310852051e-01,1.305209547281265259e-01,2.684628218412399292e-02,-7.074522972106933594e-02,9.767089039087295532e-02,2.015117406845092773e+00,-8.704479932785034180e-01,2.617999911308288574e-01,-4.601032659411430359e-02,1.382165253162384033e-01,4.536757469177246094e-01,-5.442271232604980469e-01,8.208369016647338867e-01,-2.084081470966339111e-01,9.992995858192443848e-01,1.283661276102066040e-01,-1.600817143917083740e-01,3.202666342258453369e-01,-3.509099781513214111e-01,-9.823734164237976074e-01,-2.527672052383422852e-01,1.083883047103881836e+00,1.763089299201965332e-01,-2.274797707796096802e-01,-5.275258421897888184e-01
-2.238735556602478027e-01,1.418097913265228271e-01,3.848627507686614990e-01,-1.996989920735359192e-02,2.256149239838123322e-02,8.859732151031494141e-01,4.627566039562225342e-01,-1.568683981895446777e+00,1.489896774291992188e-01,8.519857376813888550e-02,2.251698970794677734e+00,-8.726699948310852051e-01,1.432002484798431396e-01,1.239716308191418648e-03,-1.119030639529228210e-01,1.200118213891983032e-01,2.035686492919921875e+00,-8.675532341003417969e-01,2.617999911308288574e-01,-3.619111329317092896e-02,1.094234138727188110e-01,4.594751000404357910e-01,-5.561562776565551758e-01,8.156191110610961914e-01,-2.010729610919952393e-01,1.007764101028442383e+00,1.195480674505233765e-01,-1.604798138141632080e-01,3.158537149429321289e-01,-3.701960146427154541e-01,-1.003143072128295898e+00,-2.414718270301818848e-01,1.082067847251892090e+00,1.783914715051651001e-01,-2.273142486810684204e-01,-5.258270502090454102e-01
-2.233630716800689697e-01,1.418177932500839233e-01,3.843419849872589111e-01,-1.975242979824542999e-02,2.269651740789413452e-02,8.854417204856872559e-01,4.637754261493682861e-01,-1.568957090377807617e+00,1.530808210372924805e-01,8.473940938711166382e-02,2.252620697021484375e+00,-8.726699948310852051e-01,1.435301452875137329e-01,-1.036853878758847713e-03,-1.100309267640113831e-01,1.209955066442489624e-01,2.040390729904174805e+00,-8.661278486251831055e-01,2.617999911308288574e-01,-3.868154436349868774e-02,1.078517436981201172e-01,4.600377976894378662e-01,-5.565154552459716797e-01,8.167321681976318359e-01,-1.989636123180389404e-01,1.012220263481140137e+00,1.132209599018096924e-01,-1.591862738132476807e-01,3.168846666812896729e-01,-3.787660598754882812e-01,-1.002858757972717285e+00,-2.351697683334350586e-01,1.082024574279785156e+00,1.820601224899291992e-01,-2.291848212480545044e-01,-5.257238149642944336e-01
-2.235113084316253662e-01,1.424156576395034790e-01,3.824714422225952148e-01,-2.262582443654537201e-02,2.862186403945088387e-03,8.893059492111206055e-01,4.567437469959259033e-01,-1.569846391677856445e+00,1.323121637105941772e-01,3.484890237450599670e-02,2.261083602905273438e+00,-8.726699948310852051e-01,1.308019608259201050e-01,2.825750596821308136e-02,-6.331215798854827881e-02,9.949744492769241333e-02,2.028161525726318359e+00,-8.702301383018493652e-01,2.617999911308288574e-01,-5.455599725246429443e-02,1.348967552185058594e-01,4.613717794418334961e-01,-5.472139716148376465e-01,8.219640851020812988e-01,-2.028941959142684937e-01,1.013986825942993164e+00,1.144038587808609009e-01,-1.587956994771957397e-01,3.209202289581298828e-01,-3.726002275943756104e-01,-9.855077266693115234e-01,-2.351860851049423218e-01,1.081326961517333984e+00,1.823223084211349487e-01,-2.320516109466552734e-01,-5.270301103591918945e-01
-2.226267307996749878e-01,1.419220268726348877e-01,3.834775686264038086e-01,-1.844940893352031708e-02,2.113135345280170441e-02,8.847146034240722656e-01,4.652882516384124756e-01,-1.569000005722045898e+00,1.570100933313369751e-01,8.008635789155960083e-02,2.258507728576660156e+00,-8.726699948310852051e-01,1.447171270847320557e-01,6.620314525207504630e-05,-1.013577133417129517e-01,1.217009946703910828e-01,2.044142961502075195e+00,-8.618933558464050293e-01,2.617999911308288574e-01,-4.547092691063880920e-02,1.110903322696685791e-01,4.669453203678131104e-01,-5.540538430213928223e-01,8.150689601898193359e-01,-1.915545165538787842e-01,1.018478035926818848e+00,1.066587716341018677e-01,-1.574257761240005493e-01,3.186255395412445068e-01,-3.910286724567413330e-01,-1.005466341972351074e+00,-2.255721986293792725e-01,1.077057600021362305e+00,1.841190606355667114e-01,-2.338900119066238403e-01,-5.254144668579101562e-01
-2.224742621183395386e-01,1.422061473131179810e-01,3.809935152530670166e-01,-2.070793509483337402e-02,1.401068642735481262e-03,8.887356519699096680e-01,4.579499065876007080e-01,-1.569957494735717773e+00,1.356661617755889893e-01,3.126017749309539795e-02,2.265363454818725586e+00,-8.726699948310852051e-01,1.319757699966430664e-01,3.137766942381858826e-02,-5.634529143571853638e-02,1.005217507481575012e-01,2.036401510238647461e+00,-8.700476884841918945e-01,2.617999911308288574e-01,-5.983792990446090698e-02,1.365937739610671997e-01,4.696148931980133057e-01,-5.451232790946960449e-01,8.206364512443542480e-01,-1.946752965450286865e-01,1.019891738891601562e+00,1.080225855112075806e-01,-1.568267643451690674e-01,3.220439851284027100e-01,-3.833223581314086914e-01,-9.879561662673950195e-01,-2.250492274761199951e-01,1.078426122665405273e+00,1.849858462810516357e-01,-2.356401830911636353e-01,-5.265646576881408691e-01
-2.216594219207763672e-01,1.413871049880981445e-01,3.821474313735961914e-01,-1.655513048171997070e-02,2.038581483066082001e-02,8.844075202941894531e-01,4.659760892391204834e-01,-1.569260120391845703e+00,1.596501916646957397e-01,7.936210930347442627e-02,2.261444091796875000e+00,-8.726699948310852051e-01,1.479746550321578979e-01,-2.079924888676032424e-04,-9.612984210252761841e-02,1.231843084096908569e-01,2.052927494049072266e+00,-8.561404347419738770e-01,2.617999911308288574e-01,-5.043935775756835938e-02,1.119544357061386108e-01,4.742759466171264648e-01,-5.522018074989318848e-01,8.144870400428771973e-01,-1.832573860883712769e-01,1.024127483367919922e+00,9.939233213663101196e-02,-1.534403562545776367e-01,3.193351626396179199e-01,-4.013949632644653320e-01,-1.008758544921875000e+00,-2.151457667350769043e-01,1.077037096023559570e+00,1.885998696088790894e-01,-2.368531674146652222e-01,-5.253387093544006348e-01
-2.214528918266296387e-01,1.418819129467010498e-01,3.797333836555480957e-01,-1.893247105181217194e-02,1.101979170925915241e-03,8.881881833076477051e-01,4.590883255004882812e-01,-1.569998145103454590e+00,1.386045664548873901e-01,3.039755672216415405e-02,2.269218683242797852e+00,-8.726699948310852051e-01,1.346091628074645996e-01,3.262626752257347107e-02,-5.050320923328399658e-02,1.035333499312400818e-01,2.044971227645874023e+00,-8.697885274887084961e-01,2.617999911308288574e-01,-6.334980577230453491e-02,1.366912424564361572e-01,4.770341515541076660e-01,-5.429441332817077637e-01,8.202580213546752930e-01,-1.865016222000122070e-01,1.026437759399414062e+00,1.001627370715141296e-01,-1.530160903930664062e-01,3.226977586746215820e-01,-3.938886821269989014e-01,-9.905352592468261719e-01,-2.147455811500549316e-01,1.079692006111145020e+00,1.895223110914230347e-01,-2.384504228830337524e-01,-5.261121392250061035e-01
-2.204728275537490845e-01,1.407955884933471680e-01,3.815437555313110352e-01,-1.538518071174621582e-02,2.056221291422843933e-02,8.838058114051818848e-01,4.671485424041748047e-01,-1.569387078285217285e+00,1.612909585237503052e-01,7.805697619915008545e-02,2.262298345565795898e+00,-8.726699948310852051e-01,1.481833010911941528e-01,-2.407322637736797333e-03,-9.226053208112716675e-02,1.256815642118453979e-01,2.059578180313110352e+00,-8.562176227569580078e-01,2.617999911308288574e-01,-5.355617403984069824e-02,1.112851649522781372e-01,4.804593622684478760e-01,-5.495876669883728027e-01,8.154730200767517090e-01,-1.736266911029815674e-01,1.032866477966308594e+00,9.043114632368087769e-02,-1.518145799636840820e-01,3.210979104042053223e-01,-4.127255976200103760e-01,-1.009775042533874512e+00,-2.049623727798461914e-01,1.079550743103027344e+00,1.918318569660186768e-01,-2.412834465503692627e-01,-5.251141190528869629e-01
-2.196644544601440430e-01,1.403857618570327759e-01,3.813105523586273193e-01,-1.516312640160322189e-02,2.140425518155097961e-02,8.833327293395996094e-01,4.680120050907135010e-01,-1.569579005241394043e+00,1.627583503723144531e-01,7.824533432722091675e-02,2.261264324188232422e+00,-8.726699948310852051e-01,1.483704298734664917e-01,-4.977985285222530365e-03,-9.109739959239959717e-02,1.283147186040878296e-01,2.063751459121704102e+00,-8.600354194641113281e-01,2.617999911308288574e-01,-5.356140434741973877e-02,1.091333404183387756e-01,4.813786745071411133e-01,-5.488795042037963867e-01,8.172864913940429688e-01,-1.693745851516723633e-01,1.039299726486206055e+00,8.558300882577896118e-02,-1.498815715312957764e-01,3.214074671268463135e-01,-4.199010133743286133e-01,-1.009250998497009277e+00,-1.987528055906295776e-01,1.083517551422119141e+00,1.947394162416458130e-01,-2.420851886272430420e-01,-5.249614119529724121e-01
-2.185498476028442383e-01,1.399012356996536255e-01,3.810608685016632080e-01,-1.443166472017765045e-02,2.095142193138599396e-02,8.832551240921020508e-01,4.682020545005798340e-01,-1.569607138633728027e+00,1.644042581319808960e-01,7.668275386095046997e-02,2.261494636535644531e+00,-8.726699948310852051e-01,1.484365016222000122e-01,-6.690362002700567245e-03,-8.819156885147094727e-02,1.274704784154891968e-01,2.068248510360717773e+00,-8.590663671493530273e-01,2.617999911308288574e-01,-5.300790816545486450e-02,1.079947724938392639e-01,4.841672182083129883e-01,-5.504218339920043945e-01,8.194013237953186035e-01,-1.663339734077453613e-01,1.045508265495300293e+00,8.165465295314788818e-02,-1.476253271102905273e-01,3.197958171367645264e-01,-4.253968894481658936e-01,-1.008673429489135742e+00,-1.933374255895614624e-01,1.088829278945922852e+00,1.974498629570007324e-01,-2.427741140127182007e-01,-5.225536823272705078e-01
-2.173784673213958740e-01,1.393145471811294556e-01,3.810491561889648438e-01,-1.388611458241939545e-02,2.163425832986831665e-02,8.827227950096130371e-01,4.691903293132781982e-01,-1.569583892822265625e+00,1.648051142692565918e-01,7.529850304126739502e-02,2.260578155517578125e+00,-8.726699948310852051e-01,1.480149924755096436e-01,-1.030640304088592529e-02,-8.550243824720382690e-02,1.311376541852951050e-01,2.073411941528320312e+00,-8.603082299232482910e-01,2.617999911308288574e-01,-5.187787860631942749e-02,1.071740612387657166e-01,4.884582459926605225e-01,-5.519404411315917969e-01,8.221677541732788086e-01,-1.643166840076446533e-01,1.054069519042968750e+00,7.508783787488937378e-02,-1.449599266052246094e-01,3.194934725761413574e-01,-4.337511658668518066e-01,-1.010027289390563965e+00,-1.868334412574768066e-01,1.094862699508666992e+00,1.989203691482543945e-01,-2.439787834882736206e-01,-5.200319290161132812e-01
-2.158764898777008057e-01,1.385218501091003418e-01,3.815992474555969238e-01,-1.394420489668846130e-02,2.216163463890552521e-02,8.822978734970092773e-01,4.699626266956329346e-01,-1.569540143013000488e+00,1.656171679496765137e-01,7.319432497024536133e-02,2.256906747817993164e+00,-8.726699948310852051e-01,1.455557495355606079e-01,-1.585756242275238037e-02,-8.280579000711441040e-02,1.332894414663314819e-01,2.077896118164062500e+00,-8.640410304069519043e-01,2.617999911308288574e-01,-5.134313553571701050e-02,1.055859848856925964e-01,4.932076334953308105e-01,-5.548930168151855469e-01,8.270627260208129883e-01,-1.624469012022018433e-01,1.065156579017639160e+00,6.984773278236389160e-02,-1.422987431287765503e-01,3.177324831485748291e-01,-4.436843693256378174e-01,-1.009044408798217773e+00,-1.789441704750061035e-01,1.102043747901916504e+00,2.025815993547439575e-01,-2.428086400032043457e-01,-5.129057765007019043e-01
-2.142603844404220581e-01,1.376204043626785278e-01,3.828825354576110840e-01,-1.479633804410696030e-02,2.273904532194137573e-02,8.820763230323791504e-01,4.703247249126434326e-01,-1.569435596466064453e+00,1.667355298995971680e-01,7.090965658426284790e-02,2.251182794570922852e+00,-8.726699948310852051e-01,1.416569352149963379e-01,-2.380592189729213715e-02,-7.833762466907501221e-02,1.357504278421401978e-01,2.079412221908569336e+00,-8.676176071166992188e-01,2.617999911308288574e-01,-4.914563521742820740e-02,1.034617349505424500e-01,4.957452118396759033e-01,-5.592308044433593750e-01,8.321930170059204102e-01,-1.597898751497268677e-01,1.077037215232849121e+00,6.317402422428131104e-02,-1.386236995458602905e-01,3.152430057525634766e-01,-4.533589482307434082e-01,-1.006401777267456055e+00,-1.722134053707122803e-01,1.114337325096130371e+00,2.065088152885437012e-01,-2.399149388074874878e-01,-5.054733753204345703e-01
-2.124372571706771851e-01,1.365911364555358887e-01,3.849833607673645020e-01,-1.624535210430622101e-02,2.424789033830165863e-02,8.817884325981140137e-01,4.707412421703338623e-01,-1.569266676902770996e+00,1.661286056041717529e-01,6.909560412168502808e-02,2.242833375930786133e+00,-8.726699948310852051e-01,1.370125561952590942e-01,-3.634956106543540955e-02,-7.273976504802703857e-02,1.399634033441543579e-01,2.079205274581909180e+00,-8.679866194725036621e-01,2.617999911308288574e-01,-4.652108997106552124e-02,1.007394120097160339e-01,4.991015493869781494e-01,-5.650184750556945801e-01,8.389629721641540527e-01,-1.570524424314498901e-01,1.088992953300476074e+00,5.492850393056869507e-02,-1.350044608116149902e-01,3.148706555366516113e-01,-4.636130630970001221e-01,-1.004674077033996582e+00,-1.629354357719421387e-01,1.126406908035278320e+00,2.118189781904220581e-01,-2.367739230394363403e-01,-4.958777725696563721e-01
-2.101887315511703491e-01,1.354316174983978271e-01,3.882286548614501953e-01,-1.873873546719551086e-02,2.611831761896610260e-02,8.818988204002380371e-01,4.703415930271148682e-01,-1.569032907485961914e+00,1.647785604000091553e-01,6.759136170148849487e-02,2.230075597763061523e+00,-8.726699948310852051e-01,1.314445436000823975e-01,-5.256148427724838257e-02,-6.336238235235214233e-02,1.435211300849914551e-01,2.075932502746582031e+00,-8.684968352317810059e-01,2.617999911308288574e-01,-4.231547191739082336e-02,9.690363705158233643e-02,5.010823607444763184e-01,-5.725746154785156250e-01,8.471788167953491211e-01,-1.559311747550964355e-01,1.099669337272644043e+00,4.583460092544555664e-02,-1.291053146123886108e-01,3.115778565406799316e-01,-4.733094573020935059e-01,-1.003393054008483887e+00,-1.555295288562774658e-01,1.141491413116455078e+00,2.197482585906982422e-01,-2.328779250383377075e-01,-4.835813343524932861e-01
-2.076867967844009399e-01,1.341392844915390015e-01,3.929889500141143799e-01,-2.147685177624225616e-02,2.924916148185729980e-02,8.822433948516845703e-01,4.693930447101593018e-01,-1.565116524696350098e+00,1.606951802968978882e-01,6.828023493289947510e-02,2.211724758148193359e+00,-8.722165226936340332e-01,1.244219541549682617e-01,-7.225546240806579590e-02,-5.459229648113250732e-02,1.477014720439910889e-01,2.070579051971435547e+00,-8.689686655998229980e-01,2.617999911308288574e-01,-3.714997321367263794e-02,9.233184903860092163e-02,5.011674165725708008e-01,-5.819087624549865723e-01,8.559184074401855469e-01,-1.536265313625335693e-01,1.113419294357299805e+00,3.927569836378097534e-02,-1.219351664185523987e-01,3.088428676128387451e-01,-4.840380847454071045e-01,-1.006023287773132324e+00,-1.491324603557586670e-01,1.157105326652526855e+00,2.234643101692199707e-01,-2.267032712697982788e-01,-4.737099409103393555e-01
-2.048733085393905640e-01,1.320316493511199951e-01,3.994306623935699463e-01,-2.217525802552700043e-02,3.174221515655517578e-02,8.822603821754455566e-01,4.691665470600128174e-01,-1.549854874610900879e+00,1.596819162368774414e-01,7.108294963836669922e-02,2.186686277389526367e+00,-8.714759349822998047e-01,1.155813112854957581e-01,-9.169866889715194702e-02,-4.648144170641899109e-02,1.541161686182022095e-01,2.059242963790893555e+00,-8.698977828025817871e-01,2.617999911308288574e-01,-3.370428457856178284e-02,8.691602200269699097e-02,5.044078826904296875e-01,-5.931525230407714844e-01,8.640224337577819824e-01,-1.528742462396621704e-01,1.127977609634399414e+00,2.917393110692501068e-02,-1.158125847578048706e-01,3.078786730766296387e-01,-4.961184859275817871e-01,-1.009923577308654785e+00,-1.425228863954544067e-01,1.168065190315246582e+00,2.329301089048385620e-01,-2.205226719379425049e-01,-4.657828807830810547e-01
-2.032381743192672729e-01,1.291252821683883667e-01,4.087883830070495605e-01,-2.418260835111141205e-02,3.425873070955276489e-02,8.817097544670104980e-01,4.699249267578125000e-01,-1.527275919914245605e+00,1.606969535350799561e-01,7.636308670043945312e-02,2.154996395111083984e+00,-8.704007267951965332e-01,1.066287308931350708e-01,-1.155465617775917053e-01,-4.249318689107894897e-02,1.665154248476028442e-01,2.033192157745361328e+00,-8.714329600334167480e-01,2.617999911308288574e-01,-2.856758236885070801e-02,8.190747350454330444e-02,5.039109587669372559e-01,-6.013393998146057129e-01,8.733112812042236328e-01,-1.551105380058288574e-01,1.142672657966613770e+00,2.001055330038070679e-02,-1.091233715415000916e-01,3.074310123920440674e-01,-5.048150420188903809e-01,-1.010720252990722656e+00,-1.381031870841979980e-01,1.176541805267333984e+00,2.414166331291198730e-01,-2.129077166318893433e-01,-4.575507938861846924e-01
-2.011979520320892334e-01,1.245504319667816162e-01,4.197767674922943115e-01,-2.659449912607669830e-02,3.577530756592750549e-02,8.805412650108337402e-01,4.718686044216156006e-01,-1.506186127662658691e+00,1.655665785074234009e-01,8.137144148349761963e-02,2.115474700927734375e+00,-8.578593730926513672e-01,1.057616770267486572e-01,-1.448849886655807495e-01,-4.444205015897750854e-02,1.780034452676773071e-01,2.002411127090454102e+00,-8.726699948310852051e-01,2.617999911308288574e-01,-2.252409234642982483e-02,7.728040218353271484e-02,5.030936002731323242e-01,-6.097986102104187012e-01,8.815714716911315918e-01,-1.609182506799697876e-01,1.158181428909301758e+00,1.214337162673473358e-02,-1.026974841952323914e-01,3.087229728698730469e-01,-5.128956437110900879e-01,-1.009754776954650879e+00,-1.350186467170715332e-01,1.182694554328918457e+00,2.522389888763427734e-01,-2.074573785066604614e-01,-4.509309232234954834e-01
-1.981562376022338867e-01,1.181710138916969299e-01,4.320371150970458984e-01,-2.816723287105560303e-02,3.719212114810943604e-02,8.796393871307373047e-01,4.733475744724273682e-01,-1.486498236656188965e+00,1.713069528341293335e-01,8.926813304424285889e-02,2.064761638641357422e+00,-8.302285671234130859e-01,1.053954809904098511e-01,-1.785732060670852661e-01,-5.711189657449722290e-02,1.845776289701461792e-01,1.971815466880798340e+00,-8.726699948310852051e-01,2.617999911308288574e-01,-1.645208150148391724e-02,7.014755904674530029e-02,5.017387270927429199e-01,-6.177627444267272949e-01,8.894162774085998535e-01,-1.653243303298950195e-01,1.175063610076904297e+00,7.771821226924657822e-03,-9.915702790021896362e-02,3.095513880252838135e-01,-5.170357823371887207e-01,-1.009007215499877930e+00,-1.351914852857589722e-01,1.179867029190063477e+00,2.639353871345520020e-01,-2.024528235197067261e-01,-4.469383358955383301e-01
-1.955585181713104248e-01,1.109044253826141357e-01,4.456853866577148438e-01,-3.023230098187923431e-02,4.021757468581199646e-02,8.782191872596740723e-01,4.756045043468475342e-01,-1.464790701866149902e+00,1.780309677124023438e-01,1.027281060814857483e-01,2.006918668746948242e+00,-7.990049719810485840e-01,1.049112305045127869e-01,-2.156662046909332275e-01,-7.980857789516448975e-02,1.931047737598419189e-01,1.934007763862609863e+00,-8.726699948310852051e-01,2.617999911308288574e-01,-1.048485655337572098e-02,6.355348229408264160e-02,5.000063776969909668e-01,-6.220176815986633301e-01,8.958946466445922852e-01,-1.657630950212478638e-01,1.189967513084411621e+00,-2.175073372200131416e-03,-9.495493769645690918e-02,3.125426471233367920e-01,-5.211704373359680176e-01,-1.007771134376525879e+00,-1.395236551761627197e-01,1.170646667480468750e+00,2.702751457691192627e-01,-1.987984031438827515e-01,-4.468156993389129639e-01
-1.930584609508514404e-01,1.031250134110450745e-01,4.604751765727996826e-01,-3.216136991977691650e-02,4.125027358531951904e-02,8.759448528289794922e-01,4.795671701431274414e-01,-1.438461422920227051e+00,1.872262060642242432e-01,1.133976951241493225e-01,1.945486187934875488e+00,-7.704523801803588867e-01,1.035609543323516846e-01,-2.488604933023452759e-01,-1.002379432320594788e-01,2.023252844810485840e-01,1.886776328086853027e+00,-8.726699948310852051e-01,2.617999911308288574e-01,-2.794609405100345612e-03,5.790834873914718628e-02,4.983039498329162598e-01,-6.218878626823425293e-01,8.974968194961547852e-01,-1.619139611721038818e-01,1.204270124435424805e+00,-7.956408895552158356e-03,-9.051147103309631348e-02,3.178100287914276123e-01,-5.221884250640869141e-01,-1.001835227012634277e+00,-1.454140543937683105e-01,1.157842874526977539e+00,2.793257534503936768e-01,-1.971667259931564331e-01,-4.552262127399444580e-01
-1.956724673509597778e-01,9.685937315225601196e-02,4.766750633716583252e-01,-6.044545769691467285e-02,2.216939255595207214e-02,8.658205866813659668e-01,4.961950778961181641e-01,-1.449590086936950684e+00,2.308132946491241455e-01,5.996471270918846130e-02,1.896751523017883301e+00,-7.565057277679443359e-01,9.855111688375473022e-02,-2.869420051574707031e-01,-5.519045889377593994e-02,2.113802731037139893e-01,1.798432707786560059e+00,-8.726699948310852051e-01,2.555052638053894043e-01,2.954812534153461456e-02,1.127304583787918091e-01,4.544905126094818115e-01,-5.886873006820678711e-01,8.835009932518005371e-01,-1.486668735742568970e-01,1.220025658607482910e+00,-1.550414320081472397e-02,-9.171824902296066284e-02,3.361923396587371826e-01,-4.982587397098541260e-01,-9.674329757690429688e-01,-1.544209122657775879e-01,1.139727473258972168e+00,2.852478921413421631e-01,-2.017560005187988281e-01,-4.663512110710144043e-01
-1.901604682207107544e-01,9.106782823801040649e-02,4.948184490203857422e-01,-6.714595109224319458e-02,2.611751481890678406e-02,8.602934479713439941e-01,5.046825408935546875e-01,-1.423868775367736816e+00,2.545459270477294922e-01,6.949914246797561646e-02,1.817963242530822754e+00,-7.246394753456115723e-01,8.750518411397933960e-02,-3.219048380851745605e-01,-6.318343430757522583e-02,2.024371773004531860e-01,1.733972907066345215e+00,-8.726699948310852051e-01,2.238967865705490112e-01,4.553518071770668030e-02,1.043833196163177490e-01,4.406366646289825439e-01,-5.810964107513427734e-01,8.753737211227416992e-01,-1.417488306760787964e-01,1.234460473060607910e+00,-2.510360814630985260e-02,-8.658117055892944336e-02,3.391293883323669434e-01,-4.935166537761688232e-01,-9.565042853355407715e-01,-1.598829925060272217e-01,1.122169733047485352e+00,2.891966998577117920e-01,-1.984381675720214844e-01,-4.750490486621856689e-01
-1.843036860227584839e-01,8.519759774208068848e-02,5.128713846206665039e-01,-7.129401713609695435e-02,2.734379656612873077e-02,8.545925021171569824e-01,5.136547088623046875e-01,-1.392643928527832031e+00,2.785136699676513672e-01,7.637924700975418091e-02,1.740669131278991699e+00,-6.880053877830505371e-01,7.780237495899200439e-02,-3.418327867984771729e-01,-6.572574377059936523e-02,1.919979006052017212e-01,1.659283041954040527e+00,-8.726699948310852051e-01,1.888863742351531982e-01,5.648731067776679993e-02,1.004202514886856079e-01,4.340199828147888184e-01,-5.724962353706359863e-01,8.669531345367431641e-01,-1.374389827251434326e-01,1.250148773193359375e+00,-2.746950089931488037e-02,-8.185625821352005005e-02,3.433558940887451172e-01,-4.924657046794891357e-01,-9.434510469436645508e-01,-1.577812880277633667e-01,1.105825781822204590e+00,2.870292663574218750e-01,-1.955884248018264771e-01,-4.860319197177886963e-01
-1.780470013618469238e-01,7.997955381870269775e-02,5.302683115005493164e-01,-7.203497737646102905e-02,2.700306288897991180e-02,8.493854999542236328e-01,5.221360921859741211e-01,-1.354335665702819824e+00,3.018967807292938232e-01,8.441060036420822144e-02,1.665745615959167480e+00,-6.509842872619628906e-01,7.087558507919311523e-02,-3.468247652053833008e-01,-6.551636010408401489e-02,1.829975396394729614e-01,1.585823655128479004e+00,-8.726699948310852051e-01,1.607880145311355591e-01,6.568788737058639526e-02,9.797473996877670288e-02,4.273200035095214844e-01,-5.594608783721923828e-01,8.571618199348449707e-01,-1.346656978130340576e-01,1.262196540832519531e+00,-3.086568973958492279e-02,-7.759917527437210083e-02,3.472663760185241699e-01,-4.888291656970977783e-01,-9.285720586776733398e-01,-1.525301784276962280e-01,1.095224618911743164e+00,2.895732223987579346e-01,-1.922110915184020996e-01,-4.974749088287353516e-01
-1.715533435344696045e-01,7.503528147935867310e-02,5.476366877555847168e-01,-7.265946269035339355e-02,2.623450569808483124e-02,8.455892205238342285e-01,5.282151103019714355e-01,-1.314318180084228516e+00,3.176678121089935303e-01,9.133718907833099365e-02,1.586689352989196777e+00,-6.139142513275146484e-01,6.153432279825210571e-02,-3.430923521518707275e-01,-6.214689835906028748e-02,1.731477677822113037e-01,1.509180903434753418e+00,-8.726699948310852051e-01,1.403066217899322510e-01,7.163519412279129028e-02,9.681031107902526855e-02,4.232454001903533936e-01,-5.403680205345153809e-01,8.449233174324035645e-01,-1.341380923986434937e-01,1.269826054573059082e+00,-2.960631437599658966e-02,-7.472790777683258057e-02,3.437097668647766113e-01,-4.819068908691406250e-01,-9.122726917266845703e-01,-1.426305025815963745e-01,1.087000608444213867e+00,2.896033525466918945e-01,-1.856667548418045044e-01,-5.011618137359619141e-01
-1.647835224866867065e-01,7.062719762325286865e-02,5.648411512374877930e-01,-7.054225355386734009e-02,2.491719089448451996e-02,8.413864374160766602e-01,5.352305769920349121e-01,-1.266147136688232422e+00,3.371007740497589111e-01,1.033636331558227539e-01,1.506939411163330078e+00,-5.766521692276000977e-01,5.706604570150375366e-02,-3.309893906116485596e-01,-6.038206815719604492e-02,1.658587157726287842e-01,1.433363556861877441e+00,-8.726699948310852051e-01,1.236638128757476807e-01,7.455452531576156616e-02,9.641733020544052124e-02,4.202079474925994873e-01,-5.173535346984863281e-01,8.289422392845153809e-01,-1.367796510457992554e-01,1.276033759117126465e+00,-2.925971895456314087e-02,-7.203044742345809937e-02,3.472926318645477295e-01,-4.733734130859375000e-01,-8.939580917358398438e-01,-1.300060898065567017e-01,1.084098815917968750e+00,2.941620945930480957e-01,-1.788501739501953125e-01,-5.030854940414428711e-01
-1.576752066612243652e-01,6.668962538242340088e-02,5.809825658798217773e-01,-6.585323065519332886e-02,2.247931249439716339e-02,8.398473858833312988e-01,5.383440852165222168e-01,-1.212462306022644043e+00,3.481490314006805420e-01,1.169886440038681030e-01,1.426242828369140625e+00,-5.423015952110290527e-01,5.209518224000930786e-02,-3.083441555500030518e-01,-5.774815380573272705e-02,1.589579731225967407e-01,1.362829923629760742e+00,-8.726699948310852051e-01,1.174139603972434998e-01,7.185160368680953979e-02,9.622987359762191772e-02,4.199849665164947510e-01,-4.897698760032653809e-01,8.105300068855285645e-01,-1.381288170814514160e-01,1.282031059265136719e+00,-2.579205483198165894e-02,-6.981972604990005493e-02,3.438751697540283203e-01,-4.597010314464569092e-01,-8.775054216384887695e-01,-1.171976774930953979e-01,1.083960294723510742e+00,2.897424995899200439e-01,-1.730509996414184570e-01,-5.017413496971130371e-01
-1.481087058782577515e-01,5.889751762151718140e-02,5.971615314483642578e-01,-3.227359429001808167e-02,3.609414026141166687e-02,8.470793366432189941e-01,5.292562842369079590e-01,-1.100341081619262695e+00,3.029524683952331543e-01,1.894022673368453979e-01,1.318894743919372559e+00,-4.982382953166961670e-01,5.843400955200195312e-02,-2.800564765930175781e-01,-1.338907927274703979e-01,1.539330482482910156e-01,1.338442921638488770e+00,-8.726699948310852051e-01,1.359401047229766846e-01,3.596811369061470032e-02,4.135557636618614197e-02,4.761872589588165283e-01,-5.008072257041931152e-01,8.078163266181945801e-01,-1.418014317750930786e-01,1.289996385574340820e+00,-3.198892250657081604e-02,-6.030195578932762146e-02,3.304738700389862061e-01,-4.826906621456146240e-01,-8.826286196708679199e-01,-1.005101501941680908e-01,1.101163148880004883e+00,2.894309759140014648e-01,-1.590471714735031128e-01,-4.895072281360626221e-01
-1.413391679525375366e-01,5.577319115400314331e-02,6.118090152740478516e-01,-2.616633661091327667e-02,3.533719107508659363e-02,8.449024558067321777e-01,5.331101417541503906e-01,-1.039247512817382812e+00,3.095614314079284668e-01,2.100822031497955322e-01,1.230887055397033691e+00,-4.673258066177368164e-01,5.427054688334465027e-02,-2.546362280845642090e-01,-1.346709728240966797e-01,1.527702510356903076e-01,1.278022408485412598e+00,-8.726699948310852051e-01,1.381097435951232910e-01,2.752151153981685638e-02,4.184307903051376343e-02,4.766457080841064453e-01,-4.705640375614166260e-01,7.852417230606079102e-01,-1.356369853019714355e-01,1.294642448425292969e+00,-2.959451638162136078e-02,-5.647248029708862305e-02,3.284467756748199463e-01,-4.746587872505187988e-01,-8.636194467544555664e-01,-8.492930978536605835e-02,1.113362073898315430e+00,2.899666726589202881e-01,-1.523159742355346680e-01,-4.876105487346649170e-01
-1.344093233346939087e-01,5.288951098918914795e-02,6.240850687026977539e-01,-1.903975196182727814e-02,3.480479866266250610e-02,8.422015309333801270e-01,5.377013087272644043e-01,-9.806726574897766113e-01,3.177106380462646484e-01,2.329614609479904175e-01,1.150226950645446777e+00,-4.421440362930297852e-01,5.381144583225250244e-02,-2.362452149391174316e-01,-1.403003484010696411e-01,1.509319841861724854e-01,1.236127972602844238e+00,-8.726699948310852051e-01,1.411204189062118530e-01,1.735973544418811798e-02,4.249734804034233093e-02,4.695580601692199707e-01,-4.357858002185821533e-01,7.635236978530883789e-01,-1.300977021455764771e-01,1.295929670333862305e+00,-3.148120641708374023e-02,-5.287938565015792847e-02,3.248527944087982178e-01,-4.622826576232910156e-01,-8.421822786331176758e-01,-7.364431768655776978e-02,1.121858835220336914e+00,2.930016219615936279e-01,-1.443547904491424561e-01,-4.845286607742309570e-01
-1.273905485868453979e-01,4.975918680429458618e-02,6.370227932929992676e-01,-1.096873637288808823e-02,3.571425378322601318e-02,8.379966616630554199e-01,5.443949103355407715e-01,-9.146772027015686035e-01,3.252835869789123535e-01,2.640803456306457520e-01,1.059653162956237793e+00,-4.159595370292663574e-01,5.125793069601058960e-02,-2.195710092782974243e-01,-1.538716703653335571e-01,1.476939022541046143e-01,1.187886834144592285e+00,-8.726699948310852051e-01,1.462794393301010132e-01,2.199605340138077736e-03,3.756185621023178101e-02,4.675465822219848633e-01,-4.009994864463806152e-01,7.478957772254943848e-01,-1.198020502924919128e-01,1.294960737228393555e+00,-3.016771376132965088e-02,-5.086151883006095886e-02,3.344855904579162598e-01,-4.616468548774719238e-01,-8.202956318855285645e-01,-6.393191963434219360e-02,1.136644363403320312e+00,2.889707386493682861e-01,-1.351488381624221802e-01,-4.881738126277923584e-01
-1.203382313251495361e-01,4.667204245924949646e-02,6.484600305557250977e-01,-3.145469352602958679e-03,3.570501133799552917e-02,8.341578841209411621e-01,5.503597259521484375e-01,-8.495711088180541992e-01,3.268787562847137451e-01,2.919826209545135498e-01,9.655691981315612793e-01,-3.933728337287902832e-01,4.890525713562965393e-02,-2.035768628120422363e-01,-1.665403991937637329e-01,1.409263759851455688e-01,1.145728349685668945e+00,-8.725947141647338867e-01,1.547949165105819702e-01,-1.265738438814878464e-02,2.738995663821697235e-02,4.647228121757507324e-01,-3.704954087734222412e-01,7.347024679183959961e-01,-1.041272953152656555e-01,1.296716928482055664e+00,-2.817024290561676025e-02,-5.086082965135574341e-02,3.375795483589172363e-01,-4.647577702999114990e-01,-7.946538925170898438e-01,-5.802794173359870911e-02,1.144190430641174316e+00,2.881950139999389648e-01,-1.263184994459152222e-01,-4.937677085399627686e-01
-1.132480129599571228e-01,4.350182786583900452e-02,6.613475084304809570e-01,-1.787924556992948055e-03,3.512054309248924255e-02,8.289531469345092773e-01,5.582114458084106445e-01,-7.882615327835083008e-01,3.306650817394256592e-01,3.144488632678985596e-01,8.510974049568176270e-01,-3.632936179637908936e-01,3.942118585109710693e-02,-1.928607970476150513e-01,-1.671038419008255005e-01,1.329462081193923950e-01,1.084055662155151367e+00,-8.649753332138061523e-01,1.534597724676132202e-01,-1.981054060161113739e-02,2.715279906988143921e-02,4.546368420124053955e-01,-3.456992506980895996e-01,7.244734168052673340e-01,-9.670352190732955933e-02,1.296390295028686523e+00,-3.368300199508666992e-02,-4.906097054481506348e-02,3.366638720035552979e-01,-4.695927500724792480e-01,-7.667636871337890625e-01,-4.421668127179145813e-02,1.161509752273559570e+00,2.837535142898559570e-01,-1.139676272869110107e-01,-4.926397502422332764e-01
-1.061977371573448181e-01,4.006310552358627319e-02,6.749487519264221191e-01,-3.425158793106675148e-03,3.376127779483795166e-02,8.226861357688903809e-01,5.674821734428405762e-01,-7.264206409454345703e-01,3.334926664829254150e-01,3.302294313907623291e-01,7.216346859931945801e-01,-3.263194561004638672e-01,2.305526845157146454e-02,-1.798357218503952026e-01,-1.595942080020904541e-01,1.255554109811782837e-01,1.002199649810791016e+00,-8.411601185798645020e-01,1.495610624551773071e-01,-1.680132187902927399e-02,3.002249076962471008e-02,4.407289922237396240e-01,-3.223028182983398438e-01,7.097885012626647949e-01,-8.033838868141174316e-02,1.292796492576599121e+00,-4.097052291035652161e-02,-4.941949248313903809e-02,3.291522860527038574e-01,-4.704006314277648926e-01,-7.345525622367858887e-01,-3.332194685935974121e-02,1.181867122650146484e+00,2.779438197612762451e-01,-1.029159352183341980e-01,-4.891572594642639160e-01
-9.881161898374557495e-02,3.698250651359558105e-02,6.894929409027099609e-01,-6.024766247719526291e-03,3.216050565242767334e-02,8.160831928253173828e-01,5.770074725151062012e-01,-6.565905213356018066e-01,3.293950855731964111e-01,3.382217884063720703e-01,5.677846074104309082e-01,-2.853996455669403076e-01,-3.014246001839637756e-03,-1.600728482007980347e-01,-1.495667994022369385e-01,1.162956804037094116e-01,9.051663279533386230e-01,-8.061842322349548340e-01,1.513950079679489136e-01,-1.184520497918128967e-02,3.298587352037429810e-02,4.209699630737304688e-01,-2.919508516788482666e-01,6.971776485443115234e-01,-6.409504264593124390e-02,1.283343195915222168e+00,-4.687098041176795959e-02,-4.830290377140045166e-02,3.218327462673187256e-01,-4.697870314121246338e-01,-7.015259861946105957e-01,-2.117604762315750122e-02,1.201530933380126953e+00,2.682927846908569336e-01,-8.835299313068389893e-02,-4.780712425708770752e-01
-9.092804044485092163e-02,3.399139642715454102e-02,7.029063105583190918e-01,-8.233959786593914032e-03,3.027377650141716003e-02,8.116314411163330078e-01,5.833266973495483398e-01,-5.866548418998718262e-01,3.191438019275665283e-01,3.469837307929992676e-01,4.141384959220886230e-01,-2.538280487060546875e-01,-2.891738526523113251e-02,-1.370652168989181519e-01,-1.393107175827026367e-01,1.029080748558044434e-01,8.109825849533081055e-01,-7.626058459281921387e-01,1.570903658866882324e-01,-6.770733743906021118e-03,3.433828800916671753e-02,4.002427160739898682e-01,-2.649770081043243408e-01,6.854556798934936523e-01,-4.796721413731575012e-02,1.271896362304687500e+00,-5.456275492906570435e-02,-4.821213334798812866e-02,3.058162331581115723e-01,-4.632077217102050781e-01,-6.705420613288879395e-01,-1.171366870403289795e-02,1.219525575637817383e+00,2.622950077056884766e-01,-8.105215430259704590e-02,-4.665698111057281494e-01
-8.260150253772735596e-02,3.095319680869579315e-02,7.153885960578918457e-01,-9.970779530704021454e-03,3.170560300350189209e-02,8.074021339416503906e-01,5.890645980834960938e-01,-5.289380550384521484e-01,3.094836771488189697e-01,3.565899133682250977e-01,2.999391257762908936e-01,-2.378572672605514526e-01,-5.165671557188034058e-02,-1.209611371159553528e-01,-1.356795579195022583e-01,8.876701444387435913e-02,7.263740897178649902e-01,-7.135697603225708008e-01,1.672938317060470581e-01,2.627693465910851955e-04,3.147275745868682861e-02,3.778605461120605469e-01,-2.403889447450637817e-01,6.720097064971923828e-01,-3.088113665580749512e-02,1.261802554130554199e+00,-6.271103769540786743e-02,-4.801012575626373291e-02,2.935184836387634277e-01,-4.522774517536163330e-01,-6.436949372291564941e-01,-4.827500786632299423e-03,1.229831695556640625e+00,2.510267496109008789e-01,-7.518305629491806030e-02,-4.547647237777709961e-01
-7.378024607896804810e-02,2.771638892590999603e-02,7.268728613853454590e-01,-9.675338864326477051e-03,3.454421833157539368e-02,8.030358552932739258e-01,5.948499441146850586e-01,-4.724305272102355957e-01,2.928783297538757324e-01,3.613728582859039307e-01,2.220474779605865479e-01,-2.362068593502044678e-01,-6.135168671607971191e-02,-1.029353439807891846e-01,-1.337661594152450562e-01,8.207494020462036133e-02,6.433343887329101562e-01,-6.660691499710083008e-01,1.734979897737503052e-01,5.061366595327854156e-03,2.362115494906902313e-02,3.567755520343780518e-01,-2.157083600759506226e-01,6.605643630027770996e-01,-1.823421567678451538e-02,1.252030730247497559e+00,-7.242899388074874878e-02,-5.158217996358871460e-02,2.786568403244018555e-01,-4.388619065284729004e-01,-6.186692118644714355e-01,6.205743644386529922e-03,1.235067129135131836e+00,2.406978905200958252e-01,-6.869109719991683960e-02,-4.413678050041198730e-01
-6.477021425962448120e-02,2.436658367514610291e-02,7.367663383483886719e-01,-6.069798022508621216e-03,3.671562671661376953e-02,7.992851734161376953e-01,5.997986197471618652e-01,-4.253737628459930420e-01,2.701299488544464111e-01,3.545962274074554443e-01,1.940296739339828491e-01,-2.509152591228485107e-01,-6.181231141090393066e-02,-8.417432755231857300e-02,-1.339516490697860718e-01,7.785784453153610229e-02,5.762981176376342773e-01,-6.182253360748291016e-01,1.788924783468246460e-01,1.075931824743747711e-02,1.277989521622657776e-02,3.374960124492645264e-01,-1.946747452020645142e-01,6.477351784706115723e-01,-1.104051806032657623e-02,1.245968103408813477e+00,-7.893620431423187256e-02,-5.610882118344306946e-02,2.595025599002838135e-01,-4.193586409091949463e-01,-5.972148776054382324e-01,1.375914830714464188e-02,1.230198502540588379e+00,2.320339977741241455e-01,-6.571898609399795532e-02,-4.294592142105102539e-01
-5.583959817886352539e-02,2.096253074705600739e-02,7.450962066650390625e-01,-8.272324921563267708e-04,3.955561295151710510e-02,7.948015928268432617e-01,6.055783629417419434e-01,-3.843856155872344971e-01,2.422837913036346436e-01,3.351546525955200195e-01,2.185651361942291260e-01,-2.824433445930480957e-01,-5.226193740963935852e-02,-6.656760722398757935e-02,-1.363380849361419678e-01,7.844147831201553345e-02,5.175598263740539551e-01,-5.782666802406311035e-01,1.800175458192825317e-01,1.834557950496673584e-02,4.476650792639702559e-04,3.202736675739288330e-01,-1.729792207479476929e-01,6.333898901939392090e-01,-2.607932547107338905e-03,1.240263104438781738e+00,-8.414851874113082886e-02,-6.065752729773521423e-02,2.440336197614669800e-01,-3.955061435699462891e-01,-5.799452662467956543e-01,1.735428906977176666e-02,1.217843651771545410e+00,2.278180569410324097e-01,-6.471503525972366333e-02,-4.162198603153228760e-01
-4.725491255521774292e-02,1.757285185158252716e-02,7.527263760566711426e-01,5.038795992732048035e-03,4.240613803267478943e-02,7.904920578002929688e-01,6.109817028045654297e-01,-3.446764647960662842e-01,2.079704999923706055e-01,3.114806711673736572e-01,2.858969569206237793e-01,-3.266527354717254639e-01,-3.289415687322616577e-02,-4.953588545322418213e-02,-1.395993679761886597e-01,7.968473434448242188e-02,4.645328819751739502e-01,-5.370515584945678711e-01,1.789798885583877563e-01,2.475013025104999542e-02,-1.188494451344013214e-02,3.017121553421020508e-01,-1.530565023422241211e-01,6.179552078247070312e-01,1.368884812109172344e-03,1.237183213233947754e+00,-8.256085962057113647e-02,-6.604980677366256714e-02,2.309805303812026978e-01,-3.681420683860778809e-01,-5.664105415344238281e-01,1.894305273890495300e-02,1.199881076812744141e+00,2.208333909511566162e-01,-6.261039525270462036e-02,-4.013805091381072998e-01
-3.930913284420967102e-02,1.434534322470426559e-02,7.587262988090515137e-01,1.013892143964767456e-02,4.444395378232002258e-02,7.874048352241516113e-01,6.147484183311462402e-01,-3.025999069213867188e-01,1.696310341358184814e-01,2.902067899703979492e-01,3.674436211585998535e-01,-3.702436387538909912e-01,-1.564101874828338623e-02,-3.351481258869171143e-02,-1.398893594741821289e-01,8.321765065193176270e-02,4.185821413993835449e-01,-5.024726390838623047e-01,1.736948341131210327e-01,3.092460706830024719e-02,-2.096897922456264496e-02,2.814672887325286865e-01,-1.345051378011703491e-01,6.018844842910766602e-01,5.685830023139715195e-03,1.236629962921142578e+00,-7.354520261287689209e-02,-6.904155761003494263e-02,2.164024412631988525e-01,-3.371305763721466064e-01,-5.575461387634277344e-01,2.286507003009319305e-02,1.177098751068115234e+00,2.079692184925079346e-01,-6.063410267233848572e-02,-3.862345218658447266e-01
-3.224762156605720520e-02,1.136407162994146347e-02,7.633422613143920898e-01,1.388411689549684525e-02,4.336490854620933533e-02,7.846980690956115723e-01,6.182035803794860840e-01,-2.508243620395660400e-01,1.239509284496307373e-01,2.676239609718322754e-01,4.327672421932220459e-01,-4.100045561790466309e-01,-1.340150483883917332e-03,-1.819129474461078644e-02,-1.329023241996765137e-01,8.758684247732162476e-02,3.812909722328186035e-01,-4.688626229763031006e-01,1.683409065008163452e-01,3.638539835810661316e-02,-2.544214017689228058e-02,2.585421502590179443e-01,-1.178372576832771301e-01,5.857673287391662598e-01,4.624258261173963547e-03,1.233218550682067871e+00,-6.174026057124137878e-02,-6.936133652925491333e-02,2.013296931982040405e-01,-3.038567900657653809e-01,-5.513166785240173340e-01,2.426257357001304626e-02,1.153093457221984863e+00,1.970244795083999634e-01,-5.763709172606468201e-02,-3.655545115470886230e-01
-2.618863247334957123e-02,8.735513314604759216e-03,7.661936879158020020e-01,1.508848834782838821e-02,4.003461077809333801e-02,7.827039957046508789e-01,6.209219694137573242e-01,-1.935444325208663940e-01,7.724456489086151123e-02,2.451715916395187378e-01,4.612357914447784424e-01,-4.400696456432342529e-01,9.904703125357627869e-03,-4.024630412459373474e-03,-1.196118742227554321e-01,9.015947580337524414e-02,3.479627370834350586e-01,-4.423421025276184082e-01,1.631749123334884644e-01,3.597122430801391602e-02,-2.504052780568599701e-02,2.339037805795669556e-01,-1.002976223826408386e-01,5.726332068443298340e-01,4.997027106583118439e-03,1.225718855857849121e+00,-5.004118010401725769e-02,-6.831761449575424194e-02,1.928387135267257690e-01,-2.726683020591735840e-01,-5.456684827804565430e-01,2.392298169434070587e-02,1.134234189987182617e+00,1.842163503170013428e-01,-5.095188319683074951e-02,-3.481504917144775391e-01
-2.110515348613262177e-02,6.529437843710184097e-03,7.676192522048950195e-01,1.350049953907728195e-02,3.520935773849487305e-02,7.819437384605407715e-01,6.222074031829833984e-01,-1.283036470413208008e-01,3.071784786880016327e-02,2.231649160385131836e-01,4.486834108829498291e-01,-4.543980956077575684e-01,1.826779544353485107e-02,8.426817134022712708e-03,-1.011510193347930908e-01,9.009970724582672119e-02,3.171548247337341309e-01,-4.215356707572937012e-01,1.580367237329483032e-01,3.180136159062385559e-02,-2.136298082768917084e-02,2.100226432085037231e-01,-8.303402364253997803e-02,5.584434270858764648e-01,1.046382542699575424e-02,1.215147376060485840e+00,-4.344356432557106018e-02,-6.466198712587356567e-02,1.897309571504592896e-01,-2.445542216300964355e-01,-5.401812195777893066e-01,2.344751544296741486e-02,1.118408322334289551e+00,1.738016307353973389e-01,-4.505984485149383545e-02,-3.314516842365264893e-01
-1.693066023290157318e-02,4.762268159538507462e-03,7.681075334548950195e-01,1.083945669233798981e-02,3.005040809512138367e-02,7.805947065353393555e-01,6.242206096649169922e-01,-6.557414680719375610e-02,-6.675797980278730392e-03,2.003116905689239502e-01,4.061951339244842529e-01,-4.584698677062988281e-01,2.839928865432739258e-02,1.981346867978572845e-02,-8.258458226919174194e-02,8.707138150930404663e-02,2.875349521636962891e-01,-4.061510860919952393e-01,1.533441990613937378e-01,2.252674847841262817e-02,-1.616345718502998352e-02,1.893820017576217651e-01,-6.526932120323181152e-02,5.483658909797668457e-01,1.227610558271408081e-02,1.202761888504028320e+00,-3.200054168701171875e-02,-6.173604354262351990e-02,1.840497106313705444e-01,-2.205545306205749512e-01,-5.334418416023254395e-01,2.354490943253040314e-02,1.109588861465454102e+00,1.653951108455657959e-01,-4.073060676455497742e-02,-3.138954937458038330e-01
-1.347118243575096130e-02,3.349505597725510597e-03,7.679998278617858887e-01,8.157895877957344055e-03,2.474039420485496521e-02,7.799866199493408203e-01,6.252537369728088379e-01,-1.008865609765052795e-02,-3.022916987538337708e-02,1.826421618461608887e-01,3.437911868095397949e-01,-4.537198245525360107e-01,3.931523859500885010e-02,3.138671815395355225e-02,-6.545042246580123901e-02,8.012513071298599243e-02,2.610932588577270508e-01,-3.945299088954925537e-01,1.492608487606048584e-01,1.254271343350410461e-02,-1.123672164976596832e-02,1.723043620586395264e-01,-5.032254010438919067e-02,5.415109395980834961e-01,1.340907905250787735e-02,1.191476345062255859e+00,-2.356374450027942657e-02,-5.609156936407089233e-02,1.773775368928909302e-01,-2.000529170036315918e-01,-5.266163349151611328e-01,2.361461706459522247e-02,1.106639266014099121e+00,1.609334200620651245e-01,-3.809245675802230835e-02,-2.960714399814605713e-01
-1.057742908596992493e-02,2.203198848292231560e-03,7.680144309997558594e-01,6.404578220099210739e-03,2.164201065897941589e-02,7.782723307609558105e-01,6.275211572647094727e-01,3.309020027518272400e-02,-4.314093664288520813e-02,1.696866899728775024e-01,2.847827970981597900e-01,-4.461578428745269775e-01,4.602513089776039124e-02,4.073941335082054138e-02,-5.496241152286529541e-02,7.243666052818298340e-02,2.364455163478851318e-01,-3.849414587020874023e-01,1.467501074075698853e-01,3.947838675230741501e-03,-9.082044474780559540e-03,1.581121832132339478e-01,-3.777218610048294067e-02,5.366462469100952148e-01,1.173625420778989792e-02,1.184602379798889160e+00,-2.056205645203590393e-02,-5.075932666659355164e-02,1.705516576766967773e-01,-1.842825561761856079e-01,-5.172170996665954590e-01,2.774349227547645569e-02,1.104825496673583984e+00,1.561198681592941284e-01,-3.581453859806060791e-02,-2.794292867183685303e-01
-8.102886378765106201e-03,1.162036322057247162e-03,7.680854797363281250e-01,5.658712238073348999e-03,1.911650784313678741e-02,7.767211794853210449e-01,6.295289993286132812e-01,6.568278372287750244e-02,-4.797549545764923096e-02,1.627296209335327148e-01,2.314750999212265015e-01,-4.365789294242858887e-01,4.840658232569694519e-02,5.050926283001899719e-02,-4.812229797244071960e-02,6.183639913797378540e-02,2.140602022409439087e-01,-3.756743371486663818e-01,1.460324078798294067e-01,-3.135174047201871872e-03,-9.187762625515460968e-03,1.465615183115005493e-01,-3.002608567476272583e-02,5.318431854248046875e-01,5.977276712656021118e-03,1.183232903480529785e+00,-1.142535358667373657e-02,-4.748064652085304260e-02,1.631518602371215820e-01,-1.714813262224197388e-01,-5.072054862976074219e-01,2.746871300041675568e-02,1.105856776237487793e+00,1.540650278329849243e-01,-3.575036302208900452e-02,-2.649109959602355957e-01
-6.008709315210580826e-03,7.323356840061023831e-05,7.680548429489135742e-01,6.273424252867698669e-03,1.632764190435409546e-02,7.744139432907104492e-01,6.324374675750732422e-01,8.859728276729583740e-02,-4.836548492312431335e-02,1.606596857309341431e-01,1.902189999818801880e-01,-4.314725995063781738e-01,5.066780373454093933e-02,5.982534959912300110e-02,-4.295124113559722900e-02,5.350958183407783508e-02,1.976193487644195557e-01,-3.683819472789764404e-01,1.487893313169479370e-01,-8.521595969796180725e-03,-1.132744085043668747e-02,1.379528343677520752e-01,-2.436059154570102692e-02,5.276390314102172852e-01,-2.607609378173947334e-03,1.183785676956176758e+00,-3.191772848367691040e-03,-4.350891336798667908e-02,1.577418893575668335e-01,-1.609068214893341064e-01,-4.970344901084899902e-01,2.686952054500579834e-02,1.107269287109375000e+00,1.566987037658691406e-01,-3.608248755335807800e-02,-2.493344545364379883e-01
-4.243997856974601746e-03,-1.109741046093404293e-03,7.684234380722045898e-01,7.540435995906591415e-03,1.464561931788921356e-02,7.722717523574829102e-01,6.350787281990051270e-01,1.045043021440505981e-01,-4.741627350449562073e-02,1.624483615159988403e-01,1.615184843540191650e-01,-4.228616952896118164e-01,5.079722404479980469e-02,6.682957708835601807e-02,-4.076844826340675354e-02,4.807668924331665039e-02,1.851739138364791870e-01,-3.606468141078948975e-01,1.496475934982299805e-01,-1.209277287125587463e-02,-1.436522230505943298e-02,1.314375549554824829e-01,-2.309530042111873627e-02,5.216529965400695801e-01,-1.233956962823867798e-02,1.188910245895385742e+00,-1.552437432110309601e-03,-4.124340787529945374e-02,1.511964350938796997e-01,-1.534361392259597778e-01,-4.872019290924072266e-01,2.620538137853145599e-02,1.110183358192443848e+00,1.588583290576934814e-01,-3.575683757662773132e-02,-2.360336035490036011e-01
-2.800118178129196167e-03,-2.395204268395900726e-03,7.687204480171203613e-01,8.661383762955665588e-03,1.322359126061201096e-02,7.710047364234924316e-01,6.366331577301025391e-01,1.159304305911064148e-01,-4.636149480938911438e-02,1.638258844614028931e-01,1.411672681570053101e-01,-4.157393276691436768e-01,5.247335135936737061e-02,7.127726823091506958e-02,-3.916838765144348145e-02,4.310612753033638000e-02,1.776793450117111206e-01,-3.543139100074768066e-01,1.525847315788269043e-01,-1.397016737610101700e-02,-1.812242344021797180e-02,1.268799602985382080e-01,-2.542442269623279572e-02,5.165331363677978516e-01,-2.063144929707050323e-02,1.195001482963562012e+00,4.690831992775201797e-03,-3.799386322498321533e-02,1.439190655946731567e-01,-1.476582288742065430e-01,-4.789038300514221191e-01,2.345694601535797119e-02,1.114611268043518066e+00,1.631822437047958374e-01,-3.564859181642532349e-02,-2.253938168287277222e-01
-1.692700549028813839e-03,-3.739056177437305450e-03,7.690405845642089844e-01,9.745052084326744080e-03,1.204324327409267426e-02,7.698770761489868164e-01,6.380041837692260742e-01,1.243015304207801819e-01,-4.576344788074493408e-02,1.646255254745483398e-01,1.264654994010925293e-01,-4.091596007347106934e-01,5.377212166786193848e-02,7.469221204519271851e-02,-3.831137344241142273e-02,3.933626413345336914e-02,1.715366691350936890e-01,-3.483472466468811035e-01,1.562551110982894897e-01,-1.562576927244663239e-02,-2.157685533165931702e-02,1.227122992277145386e-01,-2.788226306438446045e-02,5.117450952529907227e-01,-2.581873349845409393e-02,1.201088666915893555e+00,5.348964594304561615e-03,-3.617105260491371155e-02,1.402449905872344971e-01,-1.438248753547668457e-01,-4.715386927127838135e-01,2.212289348244667053e-02,1.116669654846191406e+00,1.646340787410736084e-01,-3.590985387563705444e-02,-2.179824858903884888e-01
-8.915191865526139736e-04,-5.026736296713352203e-03,7.692861557006835938e-01,1.072936784476041794e-02,1.114884112030267715e-02,7.691203355789184570e-01,6.389166712760925293e-01,1.298362165689468384e-01,-4.546960070729255676e-02,1.660225838422775269e-01,1.167953386902809143e-01,-4.038816392421722412e-01,5.466290563344955444e-02,7.707481086254119873e-02,-3.803726285696029663e-02,3.677802160382270813e-02,1.673111915588378906e-01,-3.444604575634002686e-01,1.587107628583908081e-01,-1.625951565802097321e-02,-2.518894709646701813e-02,1.204681098461151123e-01,-3.075375780463218689e-02,5.081393122673034668e-01,-3.107469715178012848e-02,1.206414222717285156e+00,9.811949916183948517e-03,-3.686675801873207092e-02,1.359610110521316528e-01,-1.412410438060760498e-01,-4.660067856311798096e-01,2.234747260808944702e-02,1.119065046310424805e+00,1.642114073038101196e-01,-3.630911931395530701e-02,-2.131967246532440186e-01
-3.590752603486180305e-04,-6.179336924105882645e-03,7.695291042327880859e-01,1.146956998854875565e-02,1.043104566633701324e-02,7.684017419815063477e-01,6.397799253463745117e-01,1.327253431081771851e-01,-4.514413699507713318e-02,1.668656915426254272e-01,1.118365749716758728e-01,-4.001060128211975098e-01,5.515065416693687439e-02,7.840912789106369019e-02,-3.800435364246368408e-02,3.465657308697700500e-02,1.644467860460281372e-01,-3.409305214881896973e-01,1.608389616012573242e-01,-1.685567945241928101e-02,-2.765664458274841309e-02,1.189285367727279663e-01,-3.242197632789611816e-02,5.052210688591003418e-01,-3.580230847001075745e-02,1.209500074386596680e+00,1.161679252982139587e-02,-3.667962923645973206e-02,1.337085813283920288e-01,-1.398800015449523926e-01,-4.614103734493255615e-01,2.276095934212207794e-02,1.120111346244812012e+00,1.636040657758712769e-01,-3.546591103076934814e-02,-2.086424082517623901e-01
-1.044385226123267785e-05,-7.102728821337223053e-03,7.696235775947570801e-01,1.152220088988542557e-02,1.006653439253568649e-02,7.686459422111511230e-01,6.394914984703063965e-01,1.316672414541244507e-01,-4.441693052649497986e-02,1.660100370645523071e-01,1.118032261729240417e-01,-3.995700478553771973e-01,5.804649740457534790e-02,7.807279378175735474e-02,-3.762597590684890747e-02,3.273988515138626099e-02,1.638365238904953003e-01,-3.400913774967193604e-01,1.623259484767913818e-01,-1.687523163855075836e-02,-3.028731606900691986e-02,1.205425187945365906e-01,-3.498523309826850891e-02,5.039359331130981445e-01,-4.249250143766403198e-02,1.209144711494445801e+00,1.664729975163936615e-02,-3.764235600829124451e-02,1.327009201049804688e-01,-1.403663307428359985e-01,-4.588325619697570801e-01,2.759188786149024963e-02,1.123424410820007324e+00,1.564065515995025635e-01,-3.470112755894660950e-02,-2.083495110273361206e-01
