-4.753421526402235031e-03,-5.275958031415939331e-02,8.219842314720153809e-01,1.977806165814399719e-02,1.511001121252775192e-02,-7.224802374839782715e-01,6.909434199333190918e-01,-5.549580790102481842e-03,1.213042996823787689e-02,-6.773611996322870255e-03,1.043402496725320816e-02,-4.344917461276054382e-02,-1.835421845316886902e-02,-1.625942811369895935e-02,-4.319921135902404785e-02,8.173352689482271671e-04,8.551171049475669861e-03,-3.025555796921253204e-02,3.723875805735588074e-02,-4.527505487203598022e-03,-2.610465511679649353e-03,-8.006910979747772217e-02,7.425566017627716064e-02,3.570279479026794434e-01,-3.903629723936319351e-03,1.523633956909179688e+00,1.215922180563211441e-03,2.795149385929107666e-02,4.779207985848188400e-03,7.464548200368881226e-02,-3.638435304164886475e-01,2.144411439076066017e-03,1.521797776222229004e+00,-1.426968141458928585e-03,2.961489371955394745e-02,-4.221682902425527573e-03
-4.747832659631967545e-03,-5.267804116010665894e-02,8.219119906425476074e-01,1.879779063165187836e-02,1.420598011463880539e-02,-7.227879762649536133e-01,6.906681060791015625e-01,-5.753486882895231247e-03,1.231597177684307098e-02,-6.015550345182418823e-03,1.745601743459701538e-02,-4.785420745611190796e-02,-1.838958822190761566e-02,-1.681496202945709229e-02,-4.298184812068939209e-02,1.747158705256879330e-03,1.558592543005943298e-02,-3.437220305204391479e-02,3.720841556787490845e-02,-3.689563367515802383e-03,-2.391502726823091507e-03,-7.988873124122619629e-02,7.397358864545822144e-02,3.557614982128143311e-01,-5.997428670525550842e-03,1.540482401847839355e+00,2.668881497811526060e-04,7.502487860620021820e-03,6.661910563707351685e-03,7.292708754539489746e-02,-3.634070456027984619e-01,4.338548984378576279e-03,1.540784597396850586e+00,-3.053547407034784555e-04,8.663096465170383453e-03,-5.538143683224916458e-03
-4.746060818433761597e-03,-5.266766622662544250e-02,8.219097256660461426e-01,1.880384795367717743e-02,1.422998309135437012e-02,-7.228595018386840820e-01,6.905925869941711426e-01,-5.974135827273130417e-03,1.238298881798982620e-02,-5.815607029944658279e-03,1.787603646516799927e-02,-4.810487851500511169e-02,-1.840022206306457520e-02,-1.709523424506187439e-02,-4.291051253676414490e-02,1.959298504516482353e-03,1.595514267683029175e-02,-3.452124074101448059e-02,3.719688206911087036e-02,-3.481687745079398155e-03,-2.307679271325469017e-03,-8.021682500839233398e-02,7.197337597608566284e-02,3.554599583148956299e-01,-6.537694018334150314e-03,1.548159956932067871e+00,-1.632726489333435893e-04,-1.090256264433264732e-03,7.237494923174381256e-03,7.042855769395828247e-02,-3.633514046669006348e-01,4.924985580146312714e-03,1.549348592758178711e+00,1.585268619237467647e-04,-3.550973196979612112e-04,-5.911151878535747528e-03
-4.745255224406719208e-03,-5.266048386693000793e-02,8.219095468521118164e-01,1.880948059260845184e-02,1.424137502908706665e-02,-7.228770256042480469e-01,6.905738115310668945e-01,-6.026955321431159973e-03,1.240207906812429428e-02,-5.766210146248340607e-03,1.792658492922782898e-02,-4.812663793563842773e-02,-1.840317249298095703e-02,-1.716536097228527069e-02,-4.289043322205543518e-02,2.010837895795702934e-03,1.599880866706371307e-02,-3.452071174979209900e-02,3.719371184706687927e-02,-3.437072969973087311e-03,-2.279950305819511414e-03,-8.025120943784713745e-02,7.063700258731842041e-02,3.553681373596191406e-01,-6.710406392812728882e-03,1.551846027374267578e+00,-3.159156767651438713e-04,-4.721046425402164459e-03,7.400569505989551544e-03,6.889776885509490967e-02,-3.633376657962799072e-01,5.130143370479345322e-03,1.553414106369018555e+00,3.149474796373397112e-04,-4.229365848004817963e-03,-6.006943993270397186e-03
-4.744877573102712631e-03,-5.265568941831588745e-02,8.219095468521118164e-01,1.880199275910854340e-02,1.423595473170280457e-02,-7.228815555572509766e-01,6.905693411827087402e-01,-6.017553620040416718e-03,1.240713521838188171e-02,-5.754147190600633621e-03,1.794084906578063965e-02,-4.813189059495925903e-02,-1.840392127633094788e-02,-1.716050505638122559e-02,-4.288512840867042542e-02,2.023541834205389023e-03,1.601203158497810364e-02,-3.452082350850105286e-02,3.719291463494300842e-02,-3.430583514273166656e-03,-2.271151635795831680e-03,-8.019971847534179688e-02,6.989471614360809326e-02,3.553383350372314453e-01,-6.767269223928451538e-03,1.553604722023010254e+00,-3.670336154755204916e-04,-6.303372792899608612e-03,7.446065079420804977e-03,6.807281076908111572e-02,-3.633332550525665283e-01,5.209069233387708664e-03,1.555340409278869629e+00,3.658292698673903942e-04,-5.934625398367643356e-03,-6.030666641891002655e-03
-4.744697362184524536e-03,-5.265289172530174255e-02,8.219095468521118164e-01,1.879330351948738098e-02,1.422816514968872070e-02,-7.228828668594360352e-01,6.905684471130371094e-01,-5.996495950967073441e-03,1.240849215537309647e-02,-5.751268938183784485e-03,1.794546656310558319e-02,-4.813419654965400696e-02,-1.840411126613616943e-02,-1.714053377509117126e-02,-4.288372024893760681e-02,2.026584697887301445e-03,1.601639389991760254e-02,-3.452188149094581604e-02,3.719272091984748840e-02,-3.431564662605524063e-03,-2.268302720040082932e-03,-8.014749735593795776e-02,6.951019167900085449e-02,3.553281128406524658e-01,-6.785256322473287582e-03,1.554439187049865723e+00,-3.835073730442672968e-04,-7.009982131421566010e-03,7.458542939275503159e-03,6.765115261077880859e-02,-3.633314371109008789e-01,5.240552127361297607e-03,1.556250333786010742e+00,3.822951694019138813e-04,-6.700142752379179001e-03,-6.036232225596904755e-03
-4.744610749185085297e-03,-5.265138298273086548e-02,8.219095468521118164e-01,1.878701709210872650e-02,1.422232482582330704e-02,-7.228832244873046875e-01,6.905683279037475586e-01,-5.979416891932487488e-03,1.240887399762868881e-02,-5.750625859946012497e-03,1.794667728245258331e-02,-4.813530668616294861e-02,-1.840415969491004944e-02,-1.712369173765182495e-02,-4.288333654403686523e-02,2.027243142947554588e-03,1.601753197610378265e-02,-3.452269732952117920e-02,3.719267621636390686e-02,-3.433188190683722496e-03,-2.267342293635010719e-03,-8.011205494403839111e-02,6.931791454553604126e-02,3.553244173526763916e-01,-6.790522020310163498e-03,1.554833769798278809e+00,-3.885210899170488119e-04,-7.330956868827342987e-03,7.461850065737962723e-03,6.744170188903808594e-02,-3.633305430412292480e-01,5.253455135971307755e-03,1.556679487228393555e+00,3.876007394865155220e-04,-7.048693951219320297e-03,-6.037397775799036026e-03
-4.744568839669227600e-03,-5.265060439705848694e-02,8.219095468521118164e-01,1.878318190574645996e-02,1.421871874481439590e-02,-7.228834033012390137e-01,6.905683279037475586e-01,-5.968478973954916000e-03,1.240898948162794113e-02,-5.750507116317749023e-03,1.794681325554847717e-02,-4.813583940267562866e-02,-1.840417273342609406e-02,-1.711279526352882385e-02,-4.288322851061820984e-02,2.027341863140463829e-03,1.601765304803848267e-02,-3.452317416667938232e-02,3.719266504049301147e-02,-3.434300655499100685e-03,-2.267002360895276070e-03,-8.009126037359237671e-02,6.922368705272674561e-02,3.553229868412017822e-01,-6.791839841753244400e-03,1.555020093917846680e+00,-3.898926952388137579e-04,-7.478472311049699783e-03,7.462664972990751266e-03,6.733942031860351562e-02,-3.633300960063934326e-01,5.258875433355569839e-03,1.556881785392761230e+00,3.892930108122527599e-04,-7.208989001810550690e-03,-6.037571933120489120e-03
-4.744548816233873367e-03,-5.265021324157714844e-02,8.219096064567565918e-01,1.878103800117969513e-02,1.421669311821460724e-02,-7.228834629058837891e-01,6.905683875083923340e-01,-5.962201859802007675e-03,1.240902673453092575e-02,-5.750500597059726715e-03,1.794669404625892639e-02,-4.813609644770622253e-02,-1.840417645871639252e-02,-1.710652187466621399e-02,-4.288319498300552368e-02,2.027328591793775558e-03,1.601753570139408112e-02,-3.452342748641967773e-02,3.719266504049301147e-02,-3.434933023527264595e-03,-2.266875701025128365e-03,-8.007994294166564941e-02,6.917806714773178101e-02,3.553224205970764160e-01,-6.792040541768074036e-03,1.555108070373535156e+00,-3.901821910403668880e-04,-7.546812761574983597e-03,7.462832145392894745e-03,6.728999316692352295e-02,-3.633298575878143311e-01,5.261203739792108536e-03,1.556977152824401855e+00,3.898220020346343517e-04,-7.283229846507310867e-03,-6.037558428943157196e-03
-4.744539037346839905e-03,-5.265001952648162842e-02,8.219096064567565918e-01,1.877990178763866425e-02,1.421561650931835175e-02,-7.228834629058837891e-01,6.905683875083923340e-01,-5.958817899227142334e-03,1.240904070436954498e-02,-5.750510841608047485e-03,1.794656552374362946e-02,-4.813621565699577332e-02,-1.840417832136154175e-02,-1.710313558578491211e-02,-4.288318380713462830e-02,2.027304610237479210e-03,1.601741276681423187e-02,-3.452355414628982544e-02,3.719266504049301147e-02,-3.435266204178333282e-03,-2.266825875267386436e-03,-8.007404953241348267e-02,6.915615499019622803e-02,3.553221821784973145e-01,-6.791984196752309799e-03,1.555149674415588379e+00,-3.901902528014034033e-04,-7.578647695481777191e-03,7.462847512215375900e-03,6.726628541946411133e-02,-3.633297383785247803e-01,5.262223072350025177e-03,1.557022094726562500e+00,3.899813164025545120e-04,-7.317787967622280121e-03,-6.037528160959482193e-03
-4.744534846395254135e-03,-5.264992639422416687e-02,8.219096064567565918e-01,1.877931877970695496e-02,1.421506330370903015e-02,-7.228834629058837891e-01,6.905683875083923340e-01,-5.957064218819141388e-03,1.240904536098241806e-02,-5.750519689172506332e-03,1.794647611677646637e-02,-4.813627153635025024e-02,-1.840417832136154175e-02,-1.710137911140918732e-02,-4.288318380713462830e-02,2.027287846431136131e-03,1.601732708513736725e-02,-3.452361375093460083e-02,3.719266876578330994e-02,-3.435435006394982338e-03,-2.266805386170744896e-03,-8.007106184959411621e-02,6.914568692445755005e-02,3.553220629692077637e-01,-6.791903171688318253e-03,1.555169224739074707e+00,-3.901478776242583990e-04,-7.593534886837005615e-03,7.462835870683193207e-03,6.725496053695678711e-02,-3.633296787738800049e-01,5.262677092105150223e-03,1.557043194770812988e+00,3.900260198861360550e-04,-7.333932444453239441e-03,-6.037508137524127960e-03
-4.744532518088817596e-03,-5.264987796545028687e-02,8.219096064567565918e-01,1.877902634441852570e-02,1.421478576958179474e-02,-7.228834629058837891e-01,6.905684471130371094e-01,-5.956178531050682068e-03,1.240904815495014191e-02,-5.750524811446666718e-03,1.794642396271228790e-02,-4.813630133867263794e-02,-1.840417832136154175e-02,-1.710049249231815338e-02,-4.288318008184432983e-02,2.027278067544102669e-03,1.601727679371833801e-02,-3.452364727854728699e-02,3.719266876578330994e-02,-3.435518592596054077e-03,-2.266796771436929703e-03,-8.006958663463592529e-02,6.914069503545761108e-02,3.553220033645629883e-01,-6.791845429688692093e-03,1.555178403854370117e+00,-3.901112941093742847e-04,-7.600514683872461319e-03,7.462824694812297821e-03,6.724956631660461426e-02,-3.633296489715576172e-01,5.262881517410278320e-03,1.557053208351135254e+00,3.900367591995745897e-04,-7.341494318097829819e-03,-6.037496961653232574e-03
-4.744531121104955673e-03,-5.264985561370849609e-02,8.219096064567565918e-01,1.877888292074203491e-02,1.421464886516332626e-02,-7.228835225105285645e-01,6.905684471130371094e-01,-5.955739878118038177e-03,1.240904908627271652e-02,-5.750527605414390564e-03,1.794639602303504944e-02,-4.813631251454353333e-02,-1.840417832136154175e-02,-1.710005290806293488e-02,-4.288318008184432983e-02,2.027272945269942284e-03,1.601725071668624878e-02,-3.452365845441818237e-02,3.719266876578330994e-02,-3.435559337958693504e-03,-2.266792813315987587e-03,-8.006885647773742676e-02,6.913832575082778931e-02,3.553219735622406006e-01,-6.791810970753431320e-03,1.555182814598083496e+00,-3.900880983565002680e-04,-7.603793870657682419e-03,7.462817709892988205e-03,6.724701076745986938e-02,-3.633296191692352295e-01,5.262974649667739868e-03,1.557057976722717285e+00,3.900383017025887966e-04,-7.345042657107114792e-03,-6.037491373717784882e-03
-4.744530655443668365e-03,-5.264984816312789917e-02,8.219096064567565918e-01,1.877881214022636414e-02,1.421458274126052856e-02,-7.228835225105285645e-01,6.905684471130371094e-01,-5.955525208264589310e-03,1.240904908627271652e-02,-5.750529002398252487e-03,1.794638112187385559e-02,-4.813631996512413025e-02,-1.840417832136154175e-02,-1.709983684122562408e-02,-4.288318008184432983e-02,2.027270384132862091e-03,1.601723581552505493e-02,-3.452366590499877930e-02,3.719266876578330994e-02,-3.435579128563404083e-03,-2.266791183501482010e-03,-8.006850630044937134e-02,6.913720071315765381e-02,3.553219735622406006e-01,-6.791792344301939011e-03,1.555184841156005859e+00,-3.900750307366251945e-04,-7.605336606502532959e-03,7.462813984602689743e-03,6.724579632282257080e-02,-3.633296191692352295e-01,5.263017490506172180e-03,1.557060122489929199e+00,3.900378069374710321e-04,-7.346710190176963806e-03,-6.037489045411348343e-03
-4.670803900808095932e-03,-5.196805670857429504e-02,8.219866156578063965e-01,2.519010752439498901e-02,1.757857389748096466e-02,-7.220702171325683594e-01,6.911374926567077637e-01,-1.309737004339694977e-02,6.352871656417846680e-03,3.973158542066812515e-03,4.266598075628280640e-02,-3.361269831657409668e-02,-2.383415773510932922e-02,-2.483335323631763458e-02,-4.115721955895423889e-02,5.679812747985124588e-03,1.759718731045722961e-02,-4.198345541954040527e-02,4.616672918200492859e-02,-4.637917038053274155e-03,-6.603070069104433060e-03,-5.786385014653205872e-02,5.863194912672042847e-02,3.679365217685699463e-01,-2.723878435790538788e-02,1.488253474235534668e+00,-3.970994614064693451e-03,-3.139420598745346069e-02,1.800067164003849030e-02,3.837703913450241089e-02,-3.702394068241119385e-01,1.753905415534973145e-02,1.490894198417663574e+00,1.530380360782146454e-02,-2.073117345571517944e-02,-1.431062817573547363e-02
-4.636135883629322052e-03,-5.131668224930763245e-02,8.223509788513183594e-01,3.143224492669105530e-02,1.891745999455451965e-02,-7.210964560508728027e-01,6.918627619743347168e-01,-1.934962719678878784e-02,-2.872483571991324425e-03,1.377567648887634277e-02,7.286589592695236206e-02,-2.267693169414997101e-02,-2.825528383255004883e-02,-3.116506338119506836e-02,-4.263173416256904602e-02,9.234827943146228790e-03,2.382885292172431946e-02,-5.280468985438346863e-02,5.564644560217857361e-02,-6.470645312219858170e-03,-1.365828700363636017e-02,-3.464039787650108337e-02,6.032778695225715637e-02,3.799396157264709473e-01,-4.872585088014602661e-02,1.409488558769226074e+00,-9.051294997334480286e-03,-5.487438663840293884e-02,3.030718490481376648e-02,2.024270966649055481e-02,-3.758893609046936035e-01,3.089897893369197845e-02,1.413951873779296875e+00,3.175213932991027832e-02,-3.256801888346672058e-02,-2.459230646491050720e-02
-4.630418028682470322e-03,-5.073089152574539185e-02,8.230292797088623047e-01,3.846992552280426025e-02,1.938378624618053436e-02,-7.200690507888793945e-01,6.925639510154724121e-01,-2.648911997675895691e-02,-1.473374664783477783e-02,2.414994314312934875e-02,1.051903069019317627e-01,-1.300915982574224472e-02,-3.175255656242370605e-02,-3.733800724148750305e-02,-4.685439914464950562e-02,1.298297289758920670e-02,2.997134253382682800e-02,-6.379564106464385986e-02,6.556048244237899780e-02,-8.562463335692882538e-03,-2.301912754774093628e-02,-1.204023975878953934e-02,6.493343412876129150e-02,3.925171792507171631e-01,-7.055203616619110107e-02,1.327490210533142090e+00,-1.476631220430135727e-02,-7.740003615617752075e-02,4.205594211816787720e-02,4.665658809244632721e-03,-3.811827003955841064e-01,4.463818669319152832e-02,1.333996295928955078e+00,4.810258373618125916e-02,-4.342210665345191956e-02,-3.505924716591835022e-02
-4.647270776331424713e-03,-5.020865052938461304e-02,8.239967823028564453e-01,4.623720794916152954e-02,1.899119839072227478e-02,-7.190095186233520508e-01,6.932004094123840332e-01,-3.483111411333084106e-02,-2.900582551956176758e-02,3.528587520122528076e-02,1.404399573802947998e-01,-5.012466106563806534e-03,-3.435422107577323914e-02,-4.328377917408943176e-02,-5.370121449232101440e-02,1.698692888021469116e-02,3.600653633475303650e-02,-7.493142038583755493e-02,7.590537518262863159e-02,-1.081128790974617004e-02,-3.458586707711219788e-02,1.037633139640092850e-02,7.053783535957336426e-02,4.057961106300354004e-01,-9.259753674268722534e-02,1.244399666786193848e+00,-2.108289115130901337e-02,-9.959734976291656494e-02,5.300977081060409546e-02,-1.004855800420045853e-02,-3.861842453479766846e-01,5.855329707264900208e-02,1.253064274787902832e+00,6.413215398788452148e-02,-5.403718352317810059e-02,-4.546061903238296509e-02
-4.680649377405643463e-03,-4.975436627864837646e-02,8.252196907997131348e-01,5.463765189051628113e-02,1.775438711047172546e-02,-7.179247140884399414e-01,6.937460899353027344e-01,-4.463293403387069702e-02,-4.539515823125839233e-02,4.734258726239204407e-02,1.794059276580810547e-01,9.016888216137886047e-04,-3.609386831521987915e-02,-4.887484386563301086e-02,-6.300810724496841431e-02,2.125244028866291046e-02,4.193354770541191101e-02,-8.622572571039199829e-02,8.667320758104324341e-02,-1.317689847201108932e-02,-4.822497442364692688e-02,3.282643482089042664e-02,7.661893963813781738e-02,4.198209047317504883e-01,-1.148015260696411133e-01,1.160798907279968262e+00,-2.806092426180839539e-02,-1.217213124036788940e-01,6.318822503089904785e-02,-2.433389611542224884e-02,-3.908855915069580078e-01,7.259640842676162720e-02,1.171723842620849609e+00,7.979197055101394653e-02,-6.469504535198211670e-02,-5.573098361492156982e-02
-4.724693484604358673e-03,-4.937145113945007324e-02,8.266556262969970703e-01,6.356500089168548584e-02,1.573053933680057526e-02,-7.168142795562744141e-01,6.941824555397033691e-01,-5.618552491068840027e-02,-6.349962949752807617e-02,6.046306341886520386e-02,2.228398323059082031e-01,4.350338596850633621e-03,-3.701636195182800293e-02,-5.403615906834602356e-02,-7.452782988548278809e-02,2.574532479047775269e-02,4.775841906666755676e-02,-9.769298136234283447e-02,9.784223139286041260e-02,-1.563839614391326904e-02,-6.373114883899688721e-02,5.541304126381874084e-02,8.297797292470932007e-02,4.346279799938201904e-01,-1.371081322431564331e-01,1.076858878135681152e+00,-3.576243668794631958e-02,-1.438359022140502930e-01,7.264181971549987793e-02,-3.832466900348663330e-02,-3.952755033969879150e-01,8.675715327262878418e-02,1.090151071548461914e+00,9.506656974554061890e-02,-7.547878473997116089e-02,-6.582681834697723389e-02
-4.774091299623250961e-03,-4.905966296792030334e-02,8.282544612884521484e-01,7.289478182792663574e-02,1.301749516278505325e-02,-7.156720757484436035e-01,6.945000886917114258e-01,-6.977362185716629028e-02,-8.280108869075775146e-02,7.476473599672317505e-02,2.714072763919830322e-01,5.001928657293319702e-03,-3.717845678329467773e-02,-5.873318761587142944e-02,-8.791735023260116577e-02,3.039056807756423950e-02,5.349957942962646484e-02,-1.093488857150077820e-01,1.093731597065925598e-01,-1.818620041012763977e-02,-8.081591129302978516e-02,7.819388806819915771e-02,8.949439227581024170e-02,4.502501189708709717e-01,-1.594593822956085205e-01,9.926374554634094238e-01,-4.424075037240982056e-02,-1.659389138221740723e-01,8.142454177141189575e-02,-5.208092555403709412e-02,-3.993476033210754395e-01,1.010325700044631958e-01,1.008413553237915039e+00,1.099535524845123291e-01,-8.640390634536743164e-02,-7.570617645978927612e-02
-4.824385978281497955e-03,-4.881437495350837708e-02,8.299605250358581543e-01,8.248214423656463623e-02,9.753495454788208008e-03,-7.144871950149536133e-01,6.947010755538940430e-01,-8.563088625669479370e-02,-1.026705801486968994e-01,9.032223373651504517e-02,3.256127834320068359e-01,2.613128861412405968e-03,-3.664733096957206726e-02,-6.296580284833908081e-02,-1.027319505810737610e-01,3.507195785641670227e-02,5.918632075190544128e-02,-1.212084144353866577e-01,1.212058961391448975e-01,-2.082120068371295929e-02,-9.910251200199127197e-02,1.011998802423477173e-01,9.606429934501647949e-02,4.667137563228607178e-01,-1.817945837974548340e-01,9.081614017486572266e-01,-5.353937298059463501e-02,-1.880065798759460449e-01,8.958958834409713745e-02,-6.564585119485855103e-02,-4.031007289886474609e-01,1.154199317097663879e-01,9.265494346618652344e-01,1.244608312845230103e-01,-9.746297448873519897e-02,-8.532620966434478760e-02
-4.828620702028274536e-03,-4.856577888131141663e-02,8.316270112991333008e-01,9.176336228847503662e-02,7.646389305591583252e-03,-7.134371399879455566e-01,6.946426630020141602e-01,-1.092490777373313904e-01,-1.186951324343681335e-01,1.076922565698623657e-01,3.936530649662017822e-01,-7.006906904280185699e-03,-3.597093373537063599e-02,-6.842731684446334839e-02,-1.150079444050788879e-01,3.984697163105010986e-02,6.428428739309310913e-02,-1.324409842491149902e-01,1.326632201671600342e-01,-2.242183685302734375e-02,-1.148087605834007263e-01,1.266499757766723633e-01,9.771765768527984619e-02,4.849790334701538086e-01,-2.032787650823593140e-01,8.204142451286315918e-01,-6.597341597080230713e-02,-2.056421935558319092e-01,9.617551416158676147e-02,-8.413510769605636597e-02,-4.074874818325042725e-01,1.279873102903366089e-01,8.424203991889953613e-01,1.400547474622726440e-01,-1.036149039864540100e-01,-9.515567868947982788e-02
-4.858120810240507126e-03,-4.840654134750366211e-02,8.333365321159362793e-01,1.011037975549697876e-01,4.256416577845811844e-03,-7.121834754943847656e-01,6.946614980697631836e-01,-1.309423297643661499e-01,-1.362209320068359375e-01,1.257123947143554688e-01,4.615196287631988525e-01,-1.668705604970455170e-02,-3.442215174436569214e-02,-7.212988287210464478e-02,-1.297752559185028076e-01,4.411032795906066895e-02,7.004751265048980713e-02,-1.446802616119384766e-01,1.446184366941452026e-01,-2.493194863200187683e-02,-1.327993720769882202e-01,1.503218561410903931e-01,1.032018512487411499e-01,5.031310319900512695e-01,-2.255618572235107422e-01,7.354822158813476562e-01,-7.750563323497772217e-02,-2.269434034824371338e-01,1.029970571398735046e-01,-9.808862954378128052e-02,-4.110422134399414062e-01,1.421935260295867920e-01,7.605130076408386230e-01,1.539876610040664673e-01,-1.143974438309669495e-01,-1.040705367922782898e-01
-4.885175265371799469e-03,-4.828191921114921570e-02,8.349974155426025391e-01,1.102471649646759033e-01,8.798099006526172161e-04,-7.108215093612670898e-01,6.946780681610107422e-01,-1.547176092863082886e-01,-1.522559821605682373e-01,1.446531862020492554e-01,5.344945192337036133e-01,-2.906349301338195801e-02,-3.236543014645576477e-02,-7.553255558013916016e-02,-1.443211585283279419e-01,4.784249141812324524e-02,7.587042450904846191e-02,-1.571549922227859497e-01,1.565996706485748291e-01,-2.772752568125724792e-02,-1.506340354681015015e-01,1.739968061447143555e-01,1.087346896529197693e-01,5.221459269523620605e-01,-2.476127594709396362e-01,6.505227684974670410e-01,-8.983905613422393799e-02,-2.486011087894439697e-01,1.094774901866912842e-01,-1.117193773388862610e-01,-4.141958057880401611e-01,1.566503047943115234e-01,6.787038445472717285e-01,1.676224619150161743e-01,-1.257361024618148804e-01,-1.126320809125900269e-01
-5.969652440398931503e-03,-4.204786941409111023e-02,8.370195627212524414e-01,1.071565821766853333e-01,1.750761456787586212e-02,-7.097365260124206543e-01,6.960496306419372559e-01,-2.356201857328414917e-01,-1.089365631341934204e-01,1.474119126796722412e-01,6.854358315467834473e-01,-6.456912308931350708e-02,-3.933965414762496948e-02,-1.092199757695198059e-01,-9.896198660135269165e-02,4.272401332855224609e-02,1.000050455331802368e-01,-1.568573862314224243e-01,1.582990586757659912e-01,-2.679576538503170013e-02,-1.256187260150909424e-01,2.282436937093734741e-01,6.045271083712577820e-02,5.491206049919128418e-01,-2.580422163009643555e-01,5.776200294494628906e-01,-1.066372096538543701e-01,-2.631295919418334961e-01,1.128724813461303711e-01,-1.736193597316741943e-01,-4.185768365859985352e-01,1.661662459373474121e-01,6.035880446434020996e-01,1.848878413438796997e-01,-1.333027631044387817e-01,-1.174234896898269653e-01
-5.965696647763252258e-03,-4.236494004726409912e-02,8.383040428161621094e-01,1.140855997800827026e-01,1.548573002219200134e-02,-7.085731625556945801e-01,6.961815357208251953e-01,-2.586116194725036621e-01,-1.172855347394943237e-01,1.651315838098526001e-01,7.641975283622741699e-01,-8.221050351858139038e-02,-3.702314943075180054e-02,-1.125777810811996460e-01,-1.073424592614173889e-01,4.548992216587066650e-02,1.109598800539970398e-01,-1.737685501575469971e-01,1.693936884403228760e-01,-2.885454706847667694e-02,-1.361047923564910889e-01,2.525834739208221436e-01,5.786964669823646545e-02,5.633801221847534180e-01,-2.813251018524169922e-01,5.042425990104675293e-01,-1.193161979317665100e-01,-2.867185473442077637e-01,1.169416531920433044e-01,-1.923973411321640015e-01,-4.229654967784881592e-01,1.804656237363815308e-01,5.321084856986999512e-01,1.973878741264343262e-01,-1.482729464769363403e-01,-1.229076609015464783e-01
-6.157119758427143097e-03,-4.182932525873184204e-02,8.395882844924926758e-01,1.204295754432678223e-01,1.647154986858367920e-02,-7.069504261016845703e-01,6.967399120330810547e-01,-2.917217314243316650e-01,-1.181222796440124512e-01,1.806166768074035645e-01,8.529915213584899902e-01,-1.013717949390411377e-01,-3.532084450125694275e-02,-1.198928356170654297e-01,-1.094028353691101074e-01,4.565600678324699402e-02,1.186463236808776855e-01,-1.853492408990859985e-01,1.792008429765701294e-01,-3.074733912944793701e-02,-1.436454504728317261e-01,2.819596230983734131e-01,5.490285903215408325e-02,5.870332121849060059e-01,-3.003697395324707031e-01,4.151419103145599365e-01,-1.379446536302566528e-01,-3.060753345489501953e-01,1.227944567799568176e-01,-2.127930819988250732e-01,-4.269199669361114502e-01,1.920147538185119629e-01,4.469116926193237305e-01,2.129739075899124146e-01,-1.575748622417449951e-01,-1.313694566488265991e-01
-6.283363793045282364e-03,-4.176155105233192444e-02,8.408203721046447754e-01,1.271587014198303223e-01,1.568499766290187836e-02,-7.052439451217651367e-01,6.972916126251220703e-01,-3.194859921932220459e-01,-1.219423785805702209e-01,1.975067406892776489e-01,9.374581575393676758e-01,-1.200593113899230957e-01,-3.227255120873451233e-02,-1.250726729631423950e-01,-1.154915764927864075e-01,4.606776684522628784e-02,1.284696012735366821e-01,-2.002514153718948364e-01,1.898264586925506592e-01,-3.372814506292343140e-02,-1.542070508003234863e-01,3.070929050445556641e-01,5.605161562561988831e-02,6.088350415229797363e-01,-3.205519616603851318e-01,3.304136991500854492e-01,-1.553169339895248413e-01,-3.263649344444274902e-01,1.277744621038436890e-01,-2.283072918653488159e-01,-4.294084608554840088e-01,2.058358490467071533e-01,3.657568395137786865e-01,2.266659587621688843e-01,-1.689130067825317383e-01,-1.382508724927902222e-01
-6.432456430047750473e-03,-4.168973118066787720e-02,8.420085906982421875e-01,1.338390558958053589e-01,1.501305308192968369e-02,-7.033749818801879883e-01,6.979436278343200684e-01,-3.474204838275909424e-01,-1.245229691267013550e-01,2.144146859645843506e-01,1.022742748260498047e+00,-1.391370743513107300e-01,-2.861922606825828552e-02,-1.305089741945266724e-01,-1.214347854256629944e-01,4.580539092421531677e-02,1.386246681213378906e-01,-2.154248356819152832e-01,2.004292607307434082e-01,-3.722389787435531616e-02,-1.646678298711776733e-01,3.316529989242553711e-01,5.742356553673744202e-02,6.312233805656433105e-01,-3.401991426944732666e-01,2.458165735006332397e-01,-1.734004467725753784e-01,-3.469984531402587891e-01,1.327647268772125244e-01,-2.431862056255340576e-01,-4.313293695449829102e-01,2.201334238052368164e-01,2.848211526870727539e-01,2.401698231697082520e-01,-1.808157414197921753e-01,-1.447376310825347900e-01
-9.791203774511814117e-03,-6.451988965272903442e-02,8.410201072692871094e-01,1.411960124969482422e-01,1.206484157592058182e-02,-7.053781151771545410e-01,6.945213079452514648e-01,-4.013427793979644775e-01,-1.199610009789466858e-01,2.458367943763732910e-01,1.039417266845703125e+00,-1.629027873277664185e-01,-1.699953153729438782e-02,-9.292776137590408325e-02,-1.326509118080139160e-01,5.820131301879882812e-02,1.232668682932853699e-01,-2.342423200607299805e-01,2.065847963094711304e-01,-1.326567679643630981e-02,-1.768916100263595581e-01,3.380483388900756836e-01,9.683064371347427368e-02,6.342362165451049805e-01,-3.319581151008605957e-01,2.330981642007827759e-01,-1.813832819461822510e-01,-3.458654880523681641e-01,1.289741545915603638e-01,-2.686602175235748291e-01,-4.413851499557495117e-01,2.145273089408874512e-01,2.218253165483474731e-01,2.569563388824462891e-01,-1.954009383916854858e-01,-1.465027630329132080e-01
-1.379827409982681274e-02,-9.233132749795913696e-02,8.396788835525512695e-01,1.495680212974548340e-01,1.317154802381992340e-02,-7.101733684539794922e-01,6.878297328948974609e-01,-4.778637588024139404e-01,-9.542481601238250732e-02,2.861761748790740967e-01,1.019626975059509277e+00,-1.911366730928421021e-01,-5.389166995882987976e-03,-5.033152550458908081e-02,-1.377737969160079956e-01,7.161273062229156494e-02,9.904287010431289673e-02,-2.432187646627426147e-01,2.186112999916076660e-01,2.185683511197566986e-02,-1.882505416870117188e-01,3.466286957263946533e-01,1.386144459247589111e-01,6.422372460365295410e-01,-3.094164729118347168e-01,2.038470059633255005e-01,-1.964673995971679688e-01,-3.547872900962829590e-01,1.283407360315322876e-01,-2.957047522068023682e-01,-4.579816460609436035e-01,2.023673951625823975e-01,1.380052119493484497e-01,2.692822217941284180e-01,-2.176728546619415283e-01,-1.462178528308868408e-01
-1.800253801047801971e-02,-1.250005811452865601e-01,8.378742337226867676e-01,1.566694527864456177e-01,1.822759956121444702e-02,-7.172365784645080566e-01,6.787444949150085449e-01,-5.619689226150512695e-01,-6.156717613339424133e-02,3.267110884189605713e-01,9.506739377975463867e-01,-2.116676121950149536e-01,-2.282142639160156250e-03,-3.189059207215905190e-03,-1.348334550857543945e-01,9.053356945514678955e-02,7.555647194385528564e-02,-2.355375736951828003e-01,2.394298017024993896e-01,6.661508232355117798e-02,-1.981001645326614380e-01,3.559620380401611328e-01,1.766015291213989258e-01,6.504101157188415527e-01,-2.798646986484527588e-01,1.622260659933090210e-01,-2.140922099351882935e-01,-3.719751536846160889e-01,1.353774815797805786e-01,-3.116120398044586182e-01,-4.766075909137725830e-01,1.908354014158248901e-01,4.856769740581512451e-02,2.721224427223205566e-01,-2.397275567054748535e-01,-1.419455260038375854e-01
-2.401019074022769928e-02,-1.619687527418136597e-01,8.362553119659423828e-01,1.608026474714279175e-01,2.693170495331287384e-02,-7.252979874610900879e-01,6.688497662544250488e-01,-6.241496205329895020e-01,-2.350017242133617401e-02,3.575670123100280762e-01,8.151258230209350586e-01,-2.112656831741333008e-01,-1.983060128986835480e-02,4.090209677815437317e-02,-1.148596182465553284e-01,1.102008372545242310e-01,6.429151445627212524e-02,-1.698161214590072632e-01,2.616011798381805420e-01,1.152329891920089722e-01,-2.043853104114532471e-01,3.666235804557800293e-01,1.973333209753036499e-01,6.560598015785217285e-01,-2.547875344753265381e-01,1.173324808478355408e-01,-2.118599563837051392e-01,-3.943202495574951172e-01,1.453067511320114136e-01,-3.057999610900878906e-01,-4.870591461658477783e-01,1.831225007772445679e-01,-2.837731689214706421e-02,2.596296966075897217e-01,-2.571080327033996582e-01,-1.333995461463928223e-01
-3.618428483605384827e-02,-2.021881192922592163e-01,8.331719040870666504e-01,1.581587642431259155e-01,3.930115699768066406e-02,-7.324774265289306641e-01,6.609977483749389648e-01,-6.513731479644775391e-01,1.026613730937242508e-02,3.541214466094970703e-01,6.477791666984558105e-01,-1.941310912370681763e-01,-5.326170474290847778e-02,8.431878685951232910e-02,-5.263690650463104248e-02,1.447968333959579468e-01,8.136707544326782227e-02,-1.677771098911762238e-02,2.617999613285064697e-01,1.573431193828582764e-01,-2.097289562225341797e-01,3.800369799137115479e-01,1.863401979207992554e-01,6.523675918579101562e-01,-2.417486459016799927e-01,7.223033159971237183e-02,-1.999642699956893921e-01,-4.152193069458007812e-01,1.578834354877471924e-01,-2.722177505493164062e-01,-4.862454533576965332e-01,1.987962722778320312e-01,-6.196171045303344727e-02,2.377805262804031372e-01,-2.573799788951873779e-01,-1.031511127948760986e-01
-4.970262572169303894e-02,-2.460001707077026367e-01,8.278995156288146973e-01,1.471073925495147705e-01,5.258959159255027771e-02,-7.366096377372741699e-01,6.580273509025573730e-01,-6.319032907485961914e-01,4.356377944350242615e-02,3.311054408550262451e-01,4.932671189308166504e-01,-1.673696041107177734e-01,-8.426651358604431152e-02,1.147263273596763611e-01,1.986597664654254913e-02,1.600936502218246460e-01,1.307558566331863403e-01,1.740020662546157837e-01,2.617999911308288574e-01,1.807387322187423706e-01,-2.119359672069549561e-01,3.919136226177215576e-01,1.420508623123168945e-01,6.417487859725952148e-01,-2.430068701505661011e-01,3.024762123823165894e-02,-1.741957664489746094e-01,-4.324272274971008301e-01,1.706128865480422974e-01,-2.211456894874572754e-01,-4.757831692695617676e-01,2.273879200220108032e-01,-5.307522416114807129e-02,2.046305984258651733e-01,-2.413019090890884399e-01,-4.986239224672317505e-02
-6.211512535810470581e-02,-2.930371463298797607e-01,8.252247571945190430e-01,1.291017979383468628e-01,6.666934490203857422e-02,-7.325512766838073730e-01,6.650236845016479492e-01,-5.550385713577270508e-01,7.402257621288299561e-02,2.903109490871429443e-01,3.810973167419433594e-01,-1.538240462541580200e-01,-7.844824343919754028e-02,9.737234562635421753e-02,9.430623054504394531e-02,1.099711656570434570e-01,2.475484162569046021e-01,3.370714783668518066e-01,2.617999911308288574e-01,1.632040441036224365e-01,-2.068115025758743286e-01,4.026999771595001221e-01,4.669382795691490173e-02,6.147800087928771973e-01,-2.593245804309844971e-01,-9.580046869814395905e-03,-1.346103101968765259e-01,-4.283504784107208252e-01,1.989056169986724854e-01,-1.678855717182159424e-01,-4.524562656879425049e-01,2.443134486675262451e-01,3.031037980690598488e-03,1.489535570144653320e-01,-2.089958488941192627e-01,2.380133979022502899e-02
-6.523814052343368530e-02,-3.454332947731018066e-01,8.227437734603881836e-01,1.065065041184425354e-01,8.148528635501861572e-02,-7.251539826393127441e-01,6.754022240638732910e-01,-4.607269763946533203e-01,1.135888472199440002e-01,2.471468001604080200e-01,3.543088138103485107e-01,-2.180773019790649414e-01,-3.540647774934768677e-02,-5.278868135064840317e-03,1.363027095794677734e-01,1.028059795498847961e-02,4.867309927940368652e-01,3.403055369853973389e-01,2.617999911308288574e-01,1.007654219865798950e-01,-1.861063688993453979e-01,4.068853855133056641e-01,-5.913465842604637146e-02,5.875888466835021973e-01,-2.815674841403961182e-01,-2.078532800078392029e-02,-8.345311135053634644e-02,-4.103234708309173584e-01,2.551037371158599854e-01,-1.300567239522933960e-01,-4.388648867607116699e-01,2.548112273216247559e-01,8.171682059764862061e-02,9.932444244623184204e-02,-1.800116598606109619e-01,7.005868852138519287e-02
-6.163067370653152466e-02,-3.995478153228759766e-01,8.272947072982788086e-01,8.761905133724212646e-02,9.791035205125808716e-02,-7.216179370880126953e-01,6.797087788581848145e-01,-3.627995848655700684e-01,1.473808735609054565e-01,2.095485329627990723e-01,3.382225930690765381e-01,-3.182400166988372803e-01,-1.781433937139809132e-03,-1.863518208265304565e-01,1.421044319868087769e-01,-8.450427651405334473e-02,7.780162692070007324e-01,2.153767049312591553e-01,2.617999911308288574e-01,2.165112085640430450e-02,-1.617538183927536011e-01,4.012930691242218018e-01,-1.716226786375045776e-01,5.727206468582153320e-01,-3.018729388713836670e-01,-1.184833329170942307e-02,-2.566084638237953186e-02,-3.811164200305938721e-01,3.227171003818511963e-01,-1.025817170739173889e-01,-4.424675703048706055e-01,2.726544439792633057e-01,1.654183268547058105e-01,6.385967135429382324e-02,-1.536027491092681885e-01,7.002318650484085083e-02
-5.681661143898963928e-02,-4.527177214622497559e-01,8.306638598442077637e-01,7.296925038099288940e-02,1.063563376665115356e-01,-7.213556766510009766e-01,6.804482340812683105e-01,-2.406568229198455811e-01,1.679126769304275513e-01,2.075008004903793335e-01,2.765081524848937988e-01,-3.727774620056152344e-01,3.316152840852737427e-03,-3.639447093009948730e-01,1.171333566308021545e-01,-1.590302735567092896e-01,9.278141856193542480e-01,6.805185228586196899e-02,2.617999911308288574e-01,-6.779015064239501953e-02,-1.402236521244049072e-01,3.926248252391815186e-01,-2.473654597997665405e-01,5.693336129188537598e-01,-3.136619031429290771e-01,2.318281447514891624e-03,1.475059799849987030e-02,-3.608047068119049072e-01,3.708682656288146973e-01,-7.929199188947677612e-02,-4.698826372623443604e-01,2.905484139919281006e-01,2.054478973150253296e-01,4.818876832723617554e-02,-1.362352669239044189e-01,5.920004472136497498e-02
-5.597849935293197632e-02,-5.044726133346557617e-01,8.381980061531066895e-01,6.533603370189666748e-02,1.116281151771545410e-01,-7.149574756622314453e-01,6.870998144149780273e-01,-1.247765943408012390e-01,1.709339469671249390e-01,1.983473747968673706e-01,2.149539142847061157e-01,-3.430923819541931152e-01,-1.826713420450687408e-02,-4.692658185958862305e-01,8.779069036245346069e-02,-2.105742245912551880e-01,8.666077256202697754e-01,-8.298591710627079010e-03,2.617999911308288574e-01,-1.546514779329299927e-01,-1.213968247175216675e-01,3.775708973407745361e-01,-2.760464847087860107e-01,5.693017840385437012e-01,-3.213595449924468994e-01,1.315659470856189728e-02,1.374879572540521622e-02,-3.560220897197723389e-01,3.765309751033782959e-01,-7.236924022436141968e-02,-5.028696060180664062e-01,2.927375435829162598e-01,2.050890177488327026e-01,5.257866531610488892e-02,-1.369318217039108276e-01,4.720131307840347290e-02
-5.891867354512214661e-02,-5.553080439567565918e-01,8.459882140159606934e-01,7.125747948884963989e-02,9.808873385190963745e-02,-7.075771093368530273e-01,6.961577534675598145e-01,-3.770223259925842285e-02,1.408918797969818115e-01,1.972933709621429443e-01,2.145957201719284058e-01,-2.026302516460418701e-01,-5.469480529427528381e-02,-4.905299246311187744e-01,4.613707959651947021e-02,-2.196144759654998779e-01,6.083710193634033203e-01,1.607748912647366524e-03,2.617999911308288574e-01,-2.306977510452270508e-01,-1.255014389753341675e-01,3.642480075359344482e-01,-2.773886620998382568e-01,5.694624781608581543e-01,-3.375267684459686279e-01,1.193851046264171600e-02,-1.679372601211071014e-02,-3.705779016017913818e-01,3.591347038745880127e-01,-9.113398194313049316e-02,-5.292655825614929199e-01,2.979089319705963135e-01,1.890254169702529907e-01,5.742529407143592834e-02,-1.408251374959945679e-01,1.249842904508113861e-02
-6.364604830741882324e-02,-6.082319617271423340e-01,8.514145016670227051e-01,8.391568809747695923e-02,5.345057323575019836e-02,-7.076421976089477539e-01,6.995310783386230469e-01,1.508679357357323170e-03,7.015057653188705444e-02,1.709026843309402466e-01,3.210463821887969971e-01,-6.550043821334838867e-02,-8.466719835996627808e-02,-4.399980604648590088e-01,-9.239719249308109283e-03,-1.772153228521347046e-01,2.937240302562713623e-01,3.487934544682502747e-02,2.617999911308288574e-01,-2.644613087177276611e-01,-1.544716507196426392e-01,3.617246747016906738e-01,-2.477817833423614502e-01,5.724946260452270508e-01,-3.521625101566314697e-01,-1.033545378595590591e-02,-5.509494990110397339e-02,-3.988369703292846680e-01,3.255718648433685303e-01,-1.123048588633537292e-01,-5.372869372367858887e-01,3.093949258327484131e-01,1.716520041227340698e-01,5.068144574761390686e-02,-1.537434011697769165e-01,-2.100811712443828583e-02
-6.457565724849700928e-02,-6.615924239158630371e-01,8.557013273239135742e-01,8.942446112632751465e-02,1.455981563776731491e-02,-7.155104279518127441e-01,6.927019953727722168e-01,-1.739740371704101562e-02,3.435176098719239235e-03,1.587000489234924316e-01,4.990338385105133057e-01,1.252358313649892807e-02,-9.112829715013504028e-02,-3.684097528457641602e-01,-6.886711716651916504e-02,-1.240648329257965088e-01,1.465883255004882812e-01,2.972490713000297546e-02,2.617999911308288574e-01,-2.414122223854064941e-01,-1.785893738269805908e-01,3.736977279186248779e-01,-1.986312866210937500e-01,5.910726785659790039e-01,-3.503378033638000488e-01,-3.539872914552688599e-02,-9.566988795995712280e-02,-4.145508110523223877e-01,2.879538238048553467e-01,-1.267601400613784790e-01,-5.388374328613281250e-01,3.142348527908325195e-01,1.544321775436401367e-01,4.969913884997367859e-02,-1.611768901348114014e-01,-5.515686795115470886e-02
-6.330055743455886841e-02,-7.124456167221069336e-01,8.550854921340942383e-01,9.683429449796676636e-02,-9.200505912303924561e-03,-7.271025776863098145e-01,6.796030402183532715e-01,-1.236644983291625977e-01,-3.521862253546714783e-02,1.871019303798675537e-01,7.559555768966674805e-01,1.183926220983266830e-02,-7.093459367752075195e-02,-2.941551208496093750e-01,-1.215049475431442261e-01,-7.446178048849105835e-02,1.196690946817398071e-01,-2.127583883702754974e-02,2.575269341468811035e-01,-1.836937665939331055e-01,-1.900776922702789307e-01,3.967089951038360596e-01,-1.224552839994430542e-01,6.298269033432006836e-01,-3.104093968868255615e-01,-7.152963429689407349e-02,-1.380735039710998535e-01,-4.071613550186157227e-01,2.569228410720825195e-01,-1.449996232986450195e-01,-5.360987782478332520e-01,2.975462973117828369e-01,1.348434537649154663e-01,4.186028614640235901e-02,-1.627218872308731079e-01,-9.032604098320007324e-02
-6.705468147993087769e-02,-7.595649361610412598e-01,8.483744263648986816e-01,1.049819141626358032e-01,-1.452916767448186874e-02,-7.389968633651733398e-01,6.653204560279846191e-01,-2.809305787086486816e-01,-1.306086312979459763e-02,2.482590377330780029e-01,9.910709261894226074e-01,-6.181136891245841980e-02,-3.890392556786537170e-02,-2.210379242897033691e-01,-1.386596411466598511e-01,-5.376641452312469482e-02,1.306435316801071167e-01,-1.136580854654312134e-01,2.074934542179107666e-01,-1.139552071690559387e-01,-1.755623966455459595e-01,4.179106354713439941e-01,-2.445053122937679291e-02,6.610102653503417969e-01,-2.508856654167175293e-01,-7.372253388166427612e-02,-1.546590775251388550e-01,-3.971169292926788330e-01,2.643273472785949707e-01,-1.525495201349258423e-01,-5.508912801742553711e-01,2.791025936603546143e-01,1.550976186990737915e-01,4.774641245603561401e-02,-1.611777245998382568e-01,-1.192127987742424011e-01
-7.013752311468124390e-02,-8.053719997406005859e-01,8.411234617233276367e-01,1.071501746773719788e-01,-1.240919996052980423e-02,-7.580633163452148438e-01,6.431989073753356934e-01,-4.292352497577667236e-01,3.327493369579315186e-02,2.880268990993499756e-01,1.050129652023315430e+00,-1.266866326332092285e-01,-2.281404100358486176e-02,-1.490661948919296265e-01,-1.402847915887832642e-01,-3.150900080800056458e-02,1.282074898481369019e-01,-1.916490644216537476e-01,1.914251148700714111e-01,-2.153582125902175903e-02,-1.542834341526031494e-01,4.412848055362701416e-01,5.938217043876647949e-02,6.769228577613830566e-01,-2.071886211633682251e-01,-5.122439190745353699e-02,-1.629961282014846802e-01,-3.842296600341796875e-01,2.850680351257324219e-01,-1.291055381298065186e-01,-5.562547445297241211e-01,2.574860155582427979e-01,2.187282741069793701e-01,6.093920394778251648e-02,-1.620575636625289917e-01,-1.261112838983535767e-01
-7.285040616989135742e-02,-8.511659502983093262e-01,8.385150432586669922e-01,1.144327521324157715e-01,-6.758863572031259537e-03,-7.745953798294067383e-01,6.219819188117980957e-01,-5.372992753982543945e-01,7.264235615730285645e-02,3.144635558128356934e-01,9.336697459220886230e-01,-1.373396962881088257e-01,-3.605850413441658020e-02,-7.170074433088302612e-02,-1.515476852655410767e-01,-1.476825214922428131e-02,1.292414963245391846e-01,-2.179223001003265381e-01,1.985367238521575928e-01,7.729250937700271606e-02,-1.490086168050765991e-01,4.686450660228729248e-01,9.849000722169876099e-02,6.770815849304199219e-01,-1.852699518203735352e-01,-1.111095678061246872e-02,-1.603438109159469604e-01,-3.751060664653778076e-01,3.033778369426727295e-01,-6.483760476112365723e-02,-5.523349046707153320e-01,2.441185414791107178e-01,3.393909633159637451e-01,7.550738006830215454e-02,-1.554760932922363281e-01,-1.120851486921310425e-01
-7.562928646802902222e-02,-8.981549739837646484e-01,8.356254696846008301e-01,1.156496480107307434e-01,7.183423731476068497e-03,-7.969633936882019043e-01,5.928093194961547852e-01,-5.863667726516723633e-01,1.217102110385894775e-01,3.105428218841552734e-01,6.805418729782104492e-01,-9.654233604669570923e-02,-8.132987469434738159e-02,-1.082386355847120285e-03,-1.582271605730056763e-01,-2.491809241473674774e-02,1.742722690105438232e-01,-1.552315205335617065e-01,2.042799890041351318e-01,1.898845285177230835e-01,-1.412670463323593140e-01,4.874874055385589600e-01,8.985033631324768066e-02,6.690993905067443848e-01,-1.815692037343978882e-01,3.122716024518013000e-02,-1.618952751159667969e-01,-3.738328814506530762e-01,3.021720945835113525e-01,2.338454127311706543e-02,-5.448454618453979492e-01,2.341627627611160278e-01,5.200263857841491699e-01,6.287079304456710815e-02,-1.518537402153015137e-01,-6.701153516769409180e-02
-7.921484112739562988e-02,-9.481626152992248535e-01,8.294232487678527832e-01,1.019332706928253174e-01,2.727669291198253632e-02,-8.174133300781250000e-01,5.663046836853027344e-01,-5.512027740478515625e-01,1.915511190891265869e-01,2.789231836795806885e-01,4.299038648605346680e-01,-5.078690871596336365e-02,-1.261201500892639160e-01,4.910212755203247070e-02,-1.619656682014465332e-01,-7.035119086503982544e-02,3.004535138607025146e-01,-5.404501035809516907e-02,1.712225973606109619e-01,2.621985077857971191e-01,-1.312803030014038086e-01,4.848387837409973145e-01,6.634708493947982788e-02,6.579990386962890625e-01,-1.817446500062942505e-01,4.681088030338287354e-02,-1.863767355680465698e-01,-3.780617713928222656e-01,2.877335846424102783e-01,1.069160401821136475e-01,-5.359240174293518066e-01,1.959162801504135132e-01,6.683831810951232910e-01,3.246250376105308533e-02,-1.568078696727752686e-01,-1.964939571917057037e-02
-8.454970270395278931e-02,-1.000610470771789551e+00,8.173926472663879395e-01,5.880012363195419312e-02,4.289330914616584778e-02,-8.212183713912963867e-01,5.659532546997070312e-01,-4.254855811595916748e-01,2.811045646667480469e-01,2.411361336708068848e-01,2.948568165302276611e-01,-8.208692818880081177e-02,-1.147399768233299255e-01,3.076031059026718140e-02,-1.449838429689407349e-01,-1.158645823597908020e-01,5.963243842124938965e-01,-1.130002290010452271e-01,9.412756562232971191e-02,2.343586832284927368e-01,-1.160778477787971497e-01,4.757131636142730713e-01,3.148943930864334106e-02,6.578820347785949707e-01,-1.636258214712142944e-01,2.855717204511165619e-02,-2.156843841075897217e-01,-3.688516318798065186e-01,2.665860950946807861e-01,1.904643476009368896e-01,-5.501494407653808594e-01,9.053809940814971924e-02,7.362579703330993652e-01,1.892952993512153625e-02,-1.736686527729034424e-01,-1.618538168258965015e-03
-9.071502834558486938e-02,-1.052829623222351074e+00,8.025581836700439453e-01,4.755672812461853027e-02,4.371782019734382629e-02,-8.236070871353149414e-01,5.634700059890747070e-01,-3.238211572170257568e-01,3.192397654056549072e-01,2.567979395389556885e-01,3.130861520767211914e-01,-2.028061300516128540e-01,-7.925011217594146729e-02,-9.061472117900848389e-02,-1.638800501823425293e-01,-1.769596189260482788e-01,9.553976058959960938e-01,-1.393116116523742676e-01,5.528686568140983582e-02,1.448918879032135010e-01,-1.695475727319717407e-01,4.424040317535400391e-01,-1.263296604156494141e-02,6.538361907005310059e-01,-1.358640342950820923e-01,-3.924226388335227966e-02,-2.071412801742553711e-01,-3.419252932071685791e-01,2.569259405136108398e-01,2.872283756732940674e-01,-5.626432895660400391e-01,-3.181313723325729370e-02,7.295270562171936035e-01,-5.221476312726736069e-03,-1.643783897161483765e-01,3.365404531359672546e-02
-1.007885709404945374e-01,-1.104752063751220703e+00,7.899290323257446289e-01,5.617149174213409424e-02,3.792041167616844177e-02,-8.226547837257385254e-01,5.644873380661010742e-01,-2.473012059926986694e-01,3.029580414295196533e-01,2.703406214714050293e-01,3.552427887916564941e-01,-3.318168222904205322e-01,-5.358820036053657532e-02,-2.113283425569534302e-01,-1.770939081907272339e-01,-2.434706091880798340e-01,1.116179347038269043e+00,-1.709011644124984741e-01,4.719004407525062561e-02,3.683493658900260925e-02,-2.436957061290740967e-01,4.068544209003448486e-01,-6.234089285135269165e-02,6.651144027709960938e-01,-1.210014671087265015e-01,-6.818366795778274536e-02,-1.988796889781951904e-01,-3.273153305053710938e-01,2.561249136924743652e-01,3.659110367298126221e-01,-5.766294002532958984e-01,-1.018788218498229980e-01,7.004511356353759766e-01,-2.087137103080749512e-02,-1.613700389862060547e-01,5.897640064358711243e-02
-1.145950183272361755e-01,-1.157011866569519043e+00,7.857536673545837402e-01,6.454209983348846436e-02,2.964783646166324615e-02,-8.233566284179687500e-01,5.630623698234558105e-01,-1.502041816711425781e-01,2.721303403377532959e-01,2.946943342685699463e-01,3.487178981304168701e-01,-3.975721001625061035e-01,-5.011720582842826843e-02,-3.187578618526458740e-01,-1.558268517255783081e-01,-3.517337441444396973e-01,1.098084449768066406e+00,-1.902157962322235107e-01,7.437700778245925903e-02,-7.809613645076751709e-02,-3.188537657260894775e-01,3.720263242721557617e-01,-1.060394346714019775e-01,6.923328638076782227e-01,-1.225739941000938416e-01,-4.700048267841339111e-02,-1.940872073173522949e-01,-3.137654960155487061e-01,2.640205919742584229e-01,4.269987046718597412e-01,-5.874214172363281250e-01,-1.264317631721496582e-01,6.599715948104858398e-01,-1.032370887696743011e-02,-1.654858738183975220e-01,8.122786134481430054e-02
-1.312364339828491211e-01,-1.209104180335998535e+00,7.826048135757446289e-01,6.934598088264465332e-02,1.346591766923666000e-02,-8.219953179359436035e-01,5.650959610939025879e-01,-2.982407063245773315e-02,2.248214334249496460e-01,2.900094687938690186e-01,3.317022621631622314e-01,-3.902725279331207275e-01,-6.050709635019302368e-02,-4.160112142562866211e-01,-1.439191401004791260e-01,-4.571219086647033691e-01,9.267027974128723145e-01,-1.848412901163101196e-01,1.294338405132293701e-01,-1.806463748216629028e-01,-3.810228705406188965e-01,3.496948182582855225e-01,-1.374143213033676147e-01,7.214699983596801758e-01,-1.272472143173217773e-01,-1.079975347965955734e-02,-1.818685829639434814e-01,-3.104788959026336670e-01,2.563230395317077637e-01,4.749383926391601562e-01,-5.955801606178283691e-01,-1.169501841068267822e-01,6.170892119407653809e-01,9.967361576855182648e-03,-1.693360805511474609e-01,1.164543628692626953e-01
-1.494625806808471680e-01,-1.260716557502746582e+00,7.881367206573486328e-01,7.283325493335723877e-02,-5.754902958869934082e-04,-8.087832331657409668e-01,5.835791826248168945e-01,9.032621234655380249e-02,1.895647794008255005e-01,2.798238098621368408e-01,3.080001175403594971e-01,-2.885705530643463135e-01,-8.937618136405944824e-02,-5.080782771110534668e-01,-1.908747702836990356e-01,-5.197463035583496094e-01,7.125626206398010254e-01,-1.294173598289489746e-01,1.961844861507415771e-01,-2.638902366161346436e-01,-4.130381643772125244e-01,3.480732142925262451e-01,-1.502754241228103638e-01,7.675884366035461426e-01,-1.325726360082626343e-01,3.063026349991559982e-03,-1.996169686317443848e-01,-3.182981014251708984e-01,2.367625534534454346e-01,4.965993463993072510e-01,-5.853690505027770996e-01,-8.629976958036422729e-02,5.786399245262145996e-01,3.947306796908378601e-02,-1.608138531446456909e-01,1.664633154869079590e-01
-1.706618219614028931e-01,-1.313631296157836914e+00,7.923527359962463379e-01,7.285579293966293335e-02,-1.484587881714105606e-02,-7.947507500648498535e-01,6.023644208908081055e-01,1.937611848115921021e-01,1.661405414342880249e-01,2.098638862371444702e-01,3.166045844554901123e-01,-2.104889154434204102e-01,-1.158770769834518433e-01,-5.685613155364990234e-01,-2.832351624965667725e-01,-5.130498409271240234e-01,4.668337702751159668e-01,-2.003032527863979340e-02,2.616872191429138184e-01,-3.089801669120788574e-01,-4.234473407268524170e-01,3.791469037532806396e-01,-1.381885707378387451e-01,8.226393461227416992e-01,-1.308083832263946533e-01,-3.422585874795913696e-02,-2.418331503868103027e-01,-3.445093035697937012e-01,2.023944109678268433e-01,5.084939599037170410e-01,-5.596816539764404297e-01,-4.656645655632019043e-02,5.430384874343872070e-01,8.702542632818222046e-02,-1.379808634519577026e-01,2.199763655662536621e-01
-2.024444192647933960e-01,-1.362340211868286133e+00,7.903823256492614746e-01,6.369607895612716675e-02,-3.383218869566917419e-02,-7.820805311203002930e-01,6.189897060394287109e-01,2.533452510833740234e-01,1.793150752782821655e-01,1.182971745729446411e-01,4.123020768165588379e-01,-1.554286777973175049e-01,-1.540223956108093262e-01,-5.811911821365356445e-01,-3.558420240879058838e-01,-4.503523409366607666e-01,2.261458486318588257e-01,1.150027662515640259e-01,2.617999911308288574e-01,-2.965133190155029297e-01,-4.081219434738159180e-01,4.449436366558074951e-01,-9.988257288932800293e-02,8.754763007164001465e-01,-1.094669401645660400e-01,-9.642893075942993164e-02,-2.907968461513519287e-01,-3.678688108921051025e-01,1.468948572874069214e-01,5.275845527648925781e-01,-5.186551213264465332e-01,-4.918165039271116257e-03,5.004637241363525391e-01,1.487233936786651611e-01,-1.077491194009780884e-01,2.749389708042144775e-01
-2.317109704017639160e-01,-1.410744428634643555e+00,7.866077423095703125e-01,5.814272910356521606e-02,-3.961235657334327698e-02,-7.756114602088928223e-01,6.272775530815124512e-01,2.309349328279495239e-01,1.992516517639160156e-01,4.334633797407150269e-02,6.149915456771850586e-01,-1.511098444461822510e-01,-1.584169864654541016e-01,-5.474995970726013184e-01,-3.955665230751037598e-01,-3.531375825405120850e-01,1.365577280521392822e-01,2.462464570999145508e-01,2.617999911308288574e-01,-2.351241856813430786e-01,-3.647116422653198242e-01,4.971682727336883545e-01,-3.216027840971946716e-02,9.181889891624450684e-01,-7.670827955007553101e-02,-1.593285053968429565e-01,-3.626606166362762451e-01,-3.635376989841461182e-01,7.231523096561431885e-02,5.433681011199951172e-01,-4.863815009593963623e-01,2.269759215414524078e-02,4.543895721435546875e-01,2.257776409387588501e-01,-6.699506938457489014e-02,3.041447103023529053e-01
-2.557540833950042725e-01,-1.461735606193542480e+00,7.771399617195129395e-01,4.930278658866882324e-02,-3.591482341289520264e-02,-7.744528055191040039e-01,6.296842694282531738e-01,9.133810549974441528e-02,1.862774193286895752e-01,-2.477955259382724762e-02,9.570546150207519531e-01,-2.221910506486892700e-01,-1.374078691005706787e-01,-4.997525215148925781e-01,-4.191750288009643555e-01,-2.447215020656585693e-01,1.386388689279556274e-01,2.781747877597808838e-01,2.617999911308288574e-01,-1.451855450868606567e-01,-2.792832851409912109e-01,5.044434666633605957e-01,6.255811452865600586e-02,9.243336915969848633e-01,-5.097043514251708984e-02,-1.740239113569259644e-01,-4.069907963275909424e-01,-3.384112119674682617e-01,1.864002086222171783e-02,5.463529229164123535e-01,-4.731055498123168945e-01,5.414186045527458191e-02,4.254049956798553467e-01,2.929092347621917725e-01,-4.375508427619934082e-02,3.005653619766235352e-01
-2.730859220027923584e-01,-1.520971059799194336e+00,7.612285614013671875e-01,2.351822517812252045e-02,-1.193515118211507797e-02,-7.685251832008361816e-01,6.392757892608642578e-01,-8.163675665855407715e-02,1.642175614833831787e-01,-5.083729699254035950e-02,1.340504527091979980e+00,-3.385715782642364502e-01,-1.188743412494659424e-01,-4.008933603763580322e-01,-3.997589051723480225e-01,-1.729987561702728271e-01,1.331597566604614258e-01,1.667467653751373291e-01,2.617999911308288574e-01,-2.650485374033451080e-02,-1.453959345817565918e-01,4.898003339767456055e-01,1.875203996896743774e-01,9.016426205635070801e-01,-1.852124184370040894e-02,-1.374850571155548096e-01,-4.154000878334045410e-01,-3.349710404872894287e-01,3.140036482363939285e-03,5.603632330894470215e-01,-4.479681253433227539e-01,9.188352525234222412e-02,4.068100154399871826e-01,3.377293944358825684e-01,-5.949189886450767517e-02,2.639356553554534912e-01
-2.780760824680328369e-01,-1.569549560546875000e+00,7.443174719810485840e-01,1.932742260396480560e-02,-1.181161217391490936e-02,-7.503229975700378418e-01,6.606832146644592285e-01,-2.918481230735778809e-01,2.131543681025505066e-02,-4.434323869645595551e-03,1.541810631752014160e+00,-3.831515908241271973e-01,-8.559974282979965210e-02,-3.933224380016326904e-01,-4.559834599494934082e-01,-1.092307940125465393e-01,2.564789652824401855e-01,1.505314651876688004e-02,2.617999911308288574e-01,2.106938138604164124e-02,-4.686807096004486084e-02,5.045018792152404785e-01,2.105484306812286377e-01,8.334183692932128906e-01,-1.142315380275249481e-02,-3.353316336870193481e-02,-4.100788533687591553e-01,-3.203516900539398193e-01,2.716645039618015289e-02,4.206810593605041504e-01,-4.795525670051574707e-01,1.062291190028190613e-01,4.891596436500549316e-01,3.288387954235076904e-01,-6.996741145849227905e-02,1.686583906412124634e-01
-2.785524129867553711e-01,-1.625439167022705078e+00,7.282625436782836914e-01,4.113595467060804367e-03,9.592281654477119446e-03,-7.227649092674255371e-01,6.910151243209838867e-01,-4.896185994148254395e-01,-7.575398683547973633e-02,1.254674345254898071e-01,1.566304445266723633e+00,-4.099353849887847900e-01,-4.793415218591690063e-02,-3.591351509094238281e-01,-4.695231020450592041e-01,-1.025303006172180176e-01,4.132296144962310791e-01,-1.627291142940521240e-01,2.615001201629638672e-01,6.282327324151992798e-02,8.935317397117614746e-02,4.964438974857330322e-01,2.398813813924789429e-01,6.978646516799926758e-01,-1.963327825069427490e-02,1.204395145177841187e-01,-4.025947451591491699e-01,-3.147141933441162109e-01,8.890182524919509888e-02,2.252958118915557861e-01,-5.058397054672241211e-01,1.202734187245368958e-01,6.654160618782043457e-01,2.935658693313598633e-01,-1.009146049618721008e-01,-7.233900018036365509e-03
-2.823065221309661865e-01,-1.681193113327026367e+00,7.165466547012329102e-01,-1.685121096670627594e-02,4.027190804481506348e-02,-7.033902406692504883e-01,7.094620466232299805e-01,-6.344721317291259766e-01,-9.781586378812789917e-02,2.650827765464782715e-01,1.447245955467224121e+00,-4.192801117897033691e-01,-3.914723545312881470e-02,-3.037544190883636475e-01,-4.281232953071594238e-01,-1.509265601634979248e-01,5.394626855850219727e-01,-2.934002578258514404e-01,2.260635048151016235e-01,1.414291113615036011e-01,2.075085341930389404e-01,4.916356205940246582e-01,2.768660783767700195e-01,5.719005465507507324e-01,-2.566663175821304321e-02,2.329959124326705933e-01,-3.789300322532653809e-01,-3.160561621189117432e-01,1.577724069356918335e-01,5.421097949147224426e-02,-5.485119819641113281e-01,8.756897598505020142e-02,7.507405877113342285e-01,2.698124945163726807e-01,-1.222145929932594299e-01,-1.648929566144943237e-01
-2.840773761272430420e-01,-1.738453507423400879e+00,7.171828150749206543e-01,-6.676395889371633530e-03,6.114483624696731567e-02,-7.012425661087036133e-01,7.102644443511962891e-01,-7.714325189590454102e-01,-5.439349636435508728e-02,3.396130204200744629e-01,1.363461136817932129e+00,-3.975393772125244141e-01,-5.726894363760948181e-02,-2.511075437068939209e-01,-4.148801565170288086e-01,-1.811059117317199707e-01,5.421146154403686523e-01,-3.586601316928863525e-01,2.211668789386749268e-01,2.293436378240585327e-01,2.467418462038040161e-01,4.943586587905883789e-01,3.226492106914520264e-01,5.133853554725646973e-01,-2.708638086915016174e-02,2.330198734998703003e-01,-3.681814372539520264e-01,-3.324626982212066650e-01,1.896317005157470703e-01,-2.206693030893802643e-02,-6.069331765174865723e-01,4.144345223903656006e-02,6.847360730171203613e-01,2.889747023582458496e-01,-1.511020958423614502e-01,-2.417837679386138916e-01
-2.828601598739624023e-01,-1.796011924743652344e+00,7.208086252212524414e-01,2.101945318281650543e-02,7.621999830007553101e-02,-7.047842144966125488e-01,7.050020098686218262e-01,-8.846687078475952148e-01,4.727099090814590454e-02,3.597859144210815430e-01,1.267352700233459473e+00,-3.737672269344329834e-01,-8.178316801786422729e-02,-1.849136948585510254e-01,-4.191626012325286865e-01,-1.761641204357147217e-01,4.545170366764068604e-01,-4.037823379039764404e-01,2.518269121646881104e-01,3.199788630008697510e-01,2.176865637302398682e-01,4.980963766574859619e-01,3.605034947395324707e-01,5.204991102218627930e-01,-1.502593979239463806e-02,1.770779192447662354e-01,-3.556024134159088135e-01,-3.672457039356231689e-01,2.150465399026870728e-01,-1.469582132995128632e-02,-6.564443707466125488e-01,-1.483418513089418411e-02,5.152429938316345215e-01,3.151723742485046387e-01,-1.901599317789077759e-01,-2.568398118019104004e-01
-2.821668088436126709e-01,-1.851469159126281738e+00,7.267598509788513184e-01,5.270024016499519348e-02,8.810647577047348022e-02,-7.150990962982177734e-01,6.914428472518920898e-01,-9.563161134719848633e-01,1.973921358585357666e-01,2.838168144226074219e-01,1.125396609306335449e+00,-3.156023323535919189e-01,-1.211611106991767883e-01,-1.079155132174491882e-01,-4.093061387538909912e-01,-1.090242862701416016e-01,3.425742387771606445e-01,-3.953569233417510986e-01,2.617999911308288574e-01,4.016704857349395752e-01,1.334841847419738770e-01,5.002805590629577637e-01,3.883593082427978516e-01,5.723203420639038086e-01,2.235243096947669983e-02,1.036081910133361816e-01,-3.246111571788787842e-01,-3.873913884162902832e-01,2.544566392898559570e-01,6.971503049135208130e-02,-6.631644964218139648e-01,-8.364006876945495605e-02,2.970456779003143311e-01,3.204665482044219971e-01,-2.188027054071426392e-01,-2.280017435550689697e-01
-2.754238843917846680e-01,-1.906190752983093262e+00,7.395222783088684082e-01,7.610485702753067017e-02,9.388548135757446289e-02,-7.305069565773010254e-01,6.721258759498596191e-01,-9.491692185401916504e-01,3.348803520202636719e-01,1.862147450447082520e-01,9.141399264335632324e-01,-2.436403930187225342e-01,-1.700140982866287231e-01,-3.467849642038345337e-02,-4.359138309955596924e-01,-1.079911515116691589e-01,3.025187253952026367e-01,-1.854471564292907715e-01,2.617999911308288574e-01,4.606823325157165527e-01,5.174897238612174988e-02,5.011972784996032715e-01,3.801035881042480469e-01,6.178500652313232422e-01,6.413986533880233765e-02,7.230869680643081665e-02,-2.947333753108978271e-01,-4.040529727935791016e-01,3.039853572845458984e-01,1.414383053779602051e-01,-6.519410014152526855e-01,-9.412411600351333618e-02,2.148228734731674194e-01,3.191482424736022949e-01,-2.331423610448837280e-01,-2.005608230829238892e-01
-2.605773806571960449e-01,-1.961255908012390137e+00,7.463406920433044434e-01,8.845106512308120728e-02,9.220037609338760376e-02,-7.410106658935546875e-01,6.592258214950561523e-01,-8.715004920959472656e-01,4.371542334556579590e-01,9.279682487249374390e-02,6.862643361091613770e-01,-1.686621457338333130e-01,-2.064720094203948975e-01,2.153710462152957916e-02,-4.666801989078521729e-01,-7.541891187429428101e-02,3.579711019992828369e-01,-2.322818711400032043e-02,2.617999911308288574e-01,4.756785929203033447e-01,-2.861293777823448181e-02,5.008581876754760742e-01,3.382649123668670654e-01,6.895799636840820312e-01,8.970569819211959839e-02,7.302065938711166382e-02,-2.671263515949249268e-01,-4.078370034694671631e-01,3.455944061279296875e-01,2.076855897903442383e-01,-6.171477437019348145e-01,-6.759259104728698730e-02,2.267449498176574707e-01,3.218397796154022217e-01,-2.174694389104843140e-01,-1.541150659322738647e-01
-2.397419065237045288e-01,-2.015458345413208008e+00,7.458260655403137207e-01,9.243354201316833496e-02,8.111863583326339722e-02,-7.448982000350952148e-01,6.557457447052001953e-01,-7.296860218048095703e-01,4.849972128868103027e-01,2.246429584920406342e-02,4.878326058387756348e-01,-1.260503828525543213e-01,-2.336474210023880005e-01,3.732218220829963684e-02,-4.752545356750488281e-01,2.801804570481181145e-03,5.395334362983703613e-01,5.279158428311347961e-02,2.617999911308288574e-01,4.458594918251037598e-01,-1.077030226588249207e-01,5.027157068252563477e-01,2.512584328651428223e-01,7.817509174346923828e-01,9.139150381088256836e-02,1.192412972450256348e-01,-2.605715394020080566e-01,-3.880178034305572510e-01,3.705041110515594482e-01,2.376465946435928345e-01,-5.710743069648742676e-01,2.696835668757557869e-03,3.219166398048400879e-01,3.192667663097381592e-01,-1.890160143375396729e-01,-8.881504833698272705e-02
-2.225916534662246704e-01,-2.065732955932617188e+00,7.401657104492187500e-01,7.554358989000320435e-02,6.543805450201034546e-02,-7.442217469215393066e-01,6.604127287864685059e-01,-5.997439622879028320e-01,4.822792708873748779e-01,-2.011291682720184326e-02,4.176856577396392822e-01,-1.557813733816146851e-01,-2.325873523950576782e-01,3.666774136945605278e-03,-4.352468550205230713e-01,6.950069963932037354e-02,7.935588359832763672e-01,4.521801695227622986e-02,2.288119792938232422e-01,3.774168193340301514e-01,-1.783331036567687988e-01,5.024754405021667480e-01,1.429662406444549561e-01,8.719695806503295898e-01,8.538638800382614136e-02,1.743581444025039673e-01,-2.579306960105895996e-01,-3.730798065662384033e-01,3.736517429351806641e-01,2.330320775508880615e-01,-5.230979323387145996e-01,7.148627936840057373e-02,4.254246056079864502e-01,2.759397625923156738e-01,-1.698690056800842285e-01,-3.637299314141273499e-02
-2.103686630725860596e-01,-2.111545801162719727e+00,7.343997359275817871e-01,5.580120906233787537e-02,4.989070072770118713e-02,-7.427752614021301270e-01,6.653435826301574707e-01,-4.936903417110443115e-01,4.753880202770233154e-01,1.905424334108829498e-02,4.443949162960052490e-01,-2.579078376293182373e-01,-1.922668367624282837e-01,-8.279950171709060669e-02,-3.114920854568481445e-01,6.584259867668151855e-02,1.093921661376953125e+00,4.866146948188543320e-03,2.118469625711441040e-01,2.802667617797851562e-01,-2.552521228790283203e-01,5.007270574569702148e-01,1.071358472108840942e-02,9.546192288398742676e-01,6.484346836805343628e-02,2.313895523548126221e-01,-2.686172425746917725e-01,-3.449600338935852051e-01,3.465536832809448242e-01,1.991188526153564453e-01,-4.840371012687683105e-01,1.543300747871398926e-01,5.120916962623596191e-01,2.137169241905212402e-01,-1.556004881858825684e-01,-2.390686608850955963e-02
-2.008627057075500488e-01,-2.153503656387329102e+00,7.418813705444335938e-01,4.382561519742012024e-02,3.367803990840911865e-02,-7.522702217102050781e-01,6.565322875976562500e-01,-3.864174187183380127e-01,4.728423953056335449e-01,9.247433394193649292e-02,5.004862546920776367e-01,-3.396410644054412842e-01,-1.524598598480224609e-01,-2.021645754575729370e-01,-1.656834036111831665e-01,-4.582310095429420471e-02,1.313307285308837891e+00,-6.718275696039199829e-02,2.373441308736801147e-01,1.834014654159545898e-01,-3.452258110046386719e-01,4.966168403625488281e-01,-1.282248646020889282e-01,1.031649351119995117e+00,1.511856913566589355e-02,2.953428030014038086e-01,-2.602193355560302734e-01,-3.096120953559875488e-01,2.850856482982635498e-01,1.578929871320724487e-01,-4.492190480232238770e-01,2.281250059604644775e-01,5.583866834640502930e-01,1.653777211904525757e-01,-1.468639820814132690e-01,-2.388394065201282501e-02
-1.968448609113693237e-01,-2.192053556442260742e+00,7.436360120773315430e-01,3.978497907519340515e-02,1.451425906270742416e-02,-7.679082751274108887e-01,6.391583681106567383e-01,-2.842505276203155518e-01,4.615384638309478760e-01,1.627139300107955933e-01,5.625839233398437500e-01,-4.034263193607330322e-01,-1.176540106534957886e-01,-3.292053639888763428e-01,-6.534846872091293335e-02,-2.144427746534347534e-01,1.346764326095581055e+00,-1.368416547775268555e-01,2.617995440959930420e-01,1.027816683053970337e-01,-4.387679696083068848e-01,4.944736957550048828e-01,-2.483220249414443970e-01,1.106600999832153320e+00,-4.528901726007461548e-02,3.463396728038787842e-01,-2.781676948070526123e-01,-2.861418128013610840e-01,2.177401185035705566e-01,1.307040452957153320e-01,-4.343981146812438965e-01,2.857677936553955078e-01,5.681840777397155762e-01,1.417675465345382690e-01,-1.480759978294372559e-01,-8.953629992902278900e-03
-1.995773911476135254e-01,-2.226359128952026367e+00,7.399399280548095703e-01,3.976501524448394775e-02,-1.437418721616268158e-02,-7.885305285453796387e-01,6.135402917861938477e-01,-1.722883135080337524e-01,4.302006363868713379e-01,2.373431473970413208e-01,6.185260415077209473e-01,-4.293230772018432617e-01,-8.978289365768432617e-02,-4.815576672554016113e-01,-1.465714722871780396e-02,-4.323070645332336426e-01,1.227122426033020020e+00,-1.606031805276870728e-01,2.617999911308288574e-01,2.581974305212497711e-02,-5.199980735778808594e-01,4.770405292510986328e-01,-3.308231830596923828e-01,1.147800326347351074e+00,-1.060674563050270081e-01,3.451219797134399414e-01,-2.899177372455596924e-01,-2.883762121200561523e-01,1.451378464698791504e-01,1.333534568548202515e-01,-4.582622647285461426e-01,3.203916847705841064e-01,5.565255880355834961e-01,1.114254817366600037e-01,-1.575816571712493896e-01,2.196146920323371887e-02
-2.038091421127319336e-01,-2.260862588882446289e+00,7.333865761756896973e-01,3.120677173137664795e-02,-3.737775608897209167e-02,-8.072708845138549805e-01,5.881689786911010742e-01,-4.827743768692016602e-02,3.846508860588073730e-01,2.516486644744873047e-01,6.354976296424865723e-01,-4.573898315429687500e-01,-9.543721377849578857e-02,-6.313122510910034180e-01,-1.356720924377441406e-02,-5.705673694610595703e-01,9.835692048072814941e-01,-1.518066376447677612e-01,2.617999911308288574e-01,-5.986231938004493713e-02,-5.199999809265136719e-01,4.616310000419616699e-01,-3.738448619842529297e-01,1.135079145431518555e+00,-1.663932502269744873e-01,2.722054719924926758e-01,-2.948251962661743164e-01,-3.094676434993743896e-01,8.654766529798507690e-02,1.607866436243057251e-01,-5.097641348838806152e-01,3.116236925125122070e-01,5.496708750724792480e-01,7.220713049173355103e-02,-1.474196761846542358e-01,6.130221858620643616e-02
-2.118466645479202271e-01,-2.298367023468017578e+00,7.373204827308654785e-01,2.737638726830482483e-02,-4.345144703984260559e-02,-8.109594583511352539e-01,5.828441381454467773e-01,4.948018491268157959e-02,3.290387094020843506e-01,2.045636475086212158e-01,6.245728135108947754e-01,-4.483380019664764404e-01,-1.175776422023773193e-01,-7.104621529579162598e-01,-5.582894012331962585e-02,-5.809710025787353516e-01,7.423112988471984863e-01,-9.444035589694976807e-02,2.617999911308288574e-01,-1.356212198734283447e-01,-5.199998617172241211e-01,4.667729437351226807e-01,-3.960413038730621338e-01,1.139587283134460449e+00,-2.138532102108001709e-01,1.889627724885940552e-01,-3.028455674648284912e-01,-3.260539472103118896e-01,2.582028880715370178e-02,1.921607702970504761e-01,-5.293535590171813965e-01,2.856103181838989258e-01,5.409984588623046875e-01,6.565769016742706299e-02,-1.290255934000015259e-01,1.070124506950378418e-01
-2.239269018173217773e-01,-2.339001417160034180e+00,7.421703338623046875e-01,2.439123764634132385e-02,-3.712361678481101990e-02,-8.077743649482727051e-01,5.878158807754516602e-01,1.189710721373558044e-01,3.049334585666656494e-01,1.421327292919158936e-01,6.310680508613586426e-01,-4.276499152183532715e-01,-1.405177563428878784e-01,-7.155110836029052734e-01,-1.324587166309356689e-01,-4.848793148994445801e-01,5.268295407295227051e-01,1.380971632897853851e-03,2.617999911308288574e-01,-1.990138888359069824e-01,-5.197495818138122559e-01,4.997929036617279053e-01,-3.960050642490386963e-01,1.156033992767333984e+00,-2.441231757402420044e-01,9.318351745605468750e-02,-2.974174916744232178e-01,-3.556898534297943115e-01,-2.150634489953517914e-02,2.097450196743011475e-01,-5.054794549942016602e-01,2.542298436164855957e-01,5.411976575851440430e-01,8.992160111665725708e-02,-1.061482205986976624e-01,1.400943249464035034e-01
-2.406182140111923218e-01,-2.381760835647583008e+00,7.408270239830017090e-01,2.424150705337524414e-02,-2.024525217711925507e-02,-7.994008660316467285e-01,5.999673008918762207e-01,1.211016625165939331e-01,3.206886053085327148e-01,6.416907161474227905e-02,6.817488074302673340e-01,-4.068038463592529297e-01,-1.636067926883697510e-01,-6.858732700347900391e-01,-2.012024819850921631e-01,-3.270851969718933105e-01,3.383252322673797607e-01,1.302777975797653198e-01,2.617999911308288574e-01,-2.569882869720458984e-01,-4.563595354557037354e-01,5.092774629592895508e-01,-3.541723787784576416e-01,1.128146171569824219e+00,-2.555272579193115234e-01,1.124591194093227386e-02,-2.930965423583984375e-01,-3.853833675384521484e-01,-5.435957387089729309e-02,2.358499914407730103e-01,-4.807918369770050049e-01,2.175224572420120239e-01,5.521912574768066406e-01,1.257513910531997681e-01,-8.448336273431777954e-02,1.402834504842758179e-01
-2.565937638282775879e-01,-2.423867702484130859e+00,7.334403991699218750e-01,2.859613671898841858e-02,1.445512752979993820e-04,-7.916556000709533691e-01,6.102980375289916992e-01,4.355881363153457642e-02,3.336392939090728760e-01,-3.992763347923755646e-03,8.250319361686706543e-01,-4.267494082450866699e-01,-1.521511971950531006e-01,-6.537988781929016113e-01,-2.240255475044250488e-01,-1.920339167118072510e-01,2.943176925182342529e-01,1.938192546367645264e-01,2.617999911308288574e-01,-2.806445062160491943e-01,-3.526698946952819824e-01,5.143279433250427246e-01,-2.900339365005493164e-01,1.077655553817749023e+00,-2.427592873573303223e-01,-7.802359014749526978e-02,-2.858354747295379639e-01,-3.898751735687255859e-01,-8.647576719522476196e-02,2.575576603412628174e-01,-4.843876957893371582e-01,1.747294962406158447e-01,5.403877496719360352e-01,1.660728752613067627e-01,-8.040571957826614380e-02,1.177429184317588806e-01
-2.661163806915283203e-01,-2.470336437225341797e+00,7.218083739280700684e-01,3.069427795708179474e-02,2.622458338737487793e-02,-7.862609624862670898e-01,6.165742874145507812e-01,-1.014305949211120605e-01,3.279792666435241699e-01,-5.590397119522094727e-02,1.051711559295654297e+00,-4.912812113761901855e-01,-1.155318543314933777e-01,-6.290621161460876465e-01,-2.323431372642517090e-01,-7.015402615070343018e-02,3.538416028022766113e-01,9.823948144912719727e-02,2.617999911308288574e-01,-2.596115171909332275e-01,-2.194422781467437744e-01,5.173912644386291504e-01,-2.144726514816284180e-01,1.035857200622558594e+00,-2.216144949197769165e-01,-1.560350209474563599e-01,-2.738581597805023193e-01,-3.728067576885223389e-01,-8.963072299957275391e-02,2.666087150573730469e-01,-4.966529309749603271e-01,1.433967649936676025e-01,5.072491168975830078e-01,2.081417888402938843e-01,-8.444777131080627441e-02,8.506759256124496460e-02
-2.697400450706481934e-01,-2.518103122711181641e+00,7.079694867134094238e-01,2.952777408063411713e-02,4.781056568026542664e-02,-7.756284475326538086e-01,6.286833286285400391e-01,-2.743735015392303467e-01,2.885421216487884521e-01,-7.909094542264938354e-02,1.318740129470825195e+00,-5.452815890312194824e-01,-7.557193189859390259e-02,-6.176604628562927246e-01,-2.362383008003234863e-01,2.437091805040836334e-02,4.681950509548187256e-01,-1.127940043807029724e-01,2.617999911308288574e-01,-2.012906670570373535e-01,-7.645350694656372070e-02,5.199999809265136719e-01,-1.319038420915603638e-01,9.948343038558959961e-01,-1.922416836023330688e-01,-1.717239320278167725e-01,-2.452984899282455444e-01,-3.668102920055389404e-01,-3.822028636932373047e-02,2.302883863449096680e-01,-5.211690068244934082e-01,1.326893717050552368e-01,4.775249958038330078e-01,2.304161489009857178e-01,-9.876906871795654297e-02,3.288538753986358643e-02
-2.712235152721405029e-01,-2.563559532165527344e+00,6.992467641830444336e-01,3.430178388953208923e-02,6.501247733831405640e-02,-7.609230875968933105e-01,6.446649432182312012e-01,-4.300777018070220947e-01,2.211960256099700928e-01,-5.632760375738143921e-02,1.505887269973754883e+00,-5.536239743232727051e-01,-6.209702044725418091e-02,-6.073377728462219238e-01,-2.564364075660705566e-01,6.631533801555633545e-02,5.667797923088073730e-01,-2.685806155204772949e-01,2.617999911308288574e-01,-1.370530873537063599e-01,4.088260605931282043e-02,5.199999809265136719e-01,-5.642177909612655640e-02,9.555793404579162598e-01,-1.559633612632751465e-01,-1.292948424816131592e-01,-2.336541116237640381e-01,-3.699870109558105469e-01,4.677512869238853455e-02,1.657960861921310425e-01,-5.589463710784912109e-01,1.319165825843811035e-01,4.672167003154754639e-01,2.568880915641784668e-01,-1.217860653996467590e-01,-3.971019759774208069e-02
-2.712316215038299561e-01,-2.607442378997802734e+00,7.018678784370422363e-01,4.855911806225776672e-02,6.781350076198577881e-02,-7.375200986862182617e-01,6.701548099517822266e-01,-5.721007585525512695e-01,1.444466263055801392e-01,3.191438689827919006e-02,1.618434309959411621e+00,-5.409696102142333984e-01,-8.088365197181701660e-02,-5.611039400100708008e-01,-3.292788267135620117e-01,6.291349977254867554e-02,6.089390516281127930e-01,-3.473345935344696045e-01,2.617999911308288574e-01,-6.574952602386474609e-02,1.338928341865539551e-01,5.199999809265136719e-01,1.932029426097869873e-02,9.113861322402954102e-01,-9.585278481245040894e-02,-2.175652235746383667e-02,-2.651551365852355957e-01,-3.768443465232849121e-01,1.481735855340957642e-01,6.831222027540206909e-02,-6.134243607521057129e-01,1.304161995649337769e-01,4.969723820686340332e-01,2.849391102790832520e-01,-1.512708812952041626e-01,-1.387325674295425415e-01
-2.709684967994689941e-01,-2.650058269500732422e+00,7.108048796653747559e-01,6.889241188764572144e-02,6.559916585683822632e-02,-7.127036452293395996e-01,6.949849128723144531e-01,-6.863038539886474609e-01,9.826280176639556885e-02,1.527806371450424194e-01,1.637656807899475098e+00,-5.301834344863891602e-01,-1.211485490202903748e-01,-4.832012653350830078e-01,-4.130367636680603027e-01,3.530527278780937195e-02,5.845224857330322266e-01,-3.793548643589019775e-01,2.617999911308288574e-01,1.174273807555437088e-02,1.885971277952194214e-01,5.163810849189758301e-01,8.509504795074462891e-02,8.881325125694274902e-01,-1.460027042776346207e-02,8.398106694221496582e-02,-2.909371256828308105e-01,-4.018715918064117432e-01,2.464127838611602783e-01,-5.202749278396368027e-03,-6.927250027656555176e-01,1.171810552477836609e-01,5.279422402381896973e-01,3.123778998851776123e-01,-1.765151619911193848e-01,-2.024671137332916260e-01
-2.711504399776458740e-01,-2.691963195800781250e+00,7.219555377960205078e-01,9.126480668783187866e-02,6.586627662181854248e-02,-6.977329254150390625e-01,7.074610590934753418e-01,-7.586699128150939941e-01,1.268472075462341309e-01,2.071845978498458862e-01,1.564643144607543945e+00,-5.314763784408569336e-01,-1.478179246187210083e-01,-4.031349718570709229e-01,-4.688502252101898193e-01,8.284692652523517609e-03,5.185731053352355957e-01,-3.654866516590118408e-01,2.617999911308288574e-01,9.463165700435638428e-02,1.896813362836837769e-01,5.148352384567260742e-01,1.420446783304214478e-01,8.715474605560302734e-01,5.341592803597450256e-02,1.291873753070831299e-01,-3.078945875167846680e-01,-4.241199195384979248e-01,3.228011131286621094e-01,-1.067604683339595795e-02,-7.251442670822143555e-01,7.374857366085052490e-02,5.245763063430786133e-01,3.225614726543426514e-01,-1.876997649669647217e-01,-2.429887205362319946e-01
-2.691489756107330322e-01,-2.733004093170166016e+00,7.349018454551696777e-01,1.185739636421203613e-01,6.508781015872955322e-02,-6.866235733032226562e-01,7.143191695213317871e-01,-8.095712661743164062e-01,1.952659338712692261e-01,2.019936144351959229e-01,1.436770677566528320e+00,-5.346524715423583984e-01,-1.667234003543853760e-01,-3.223773241043090820e-01,-5.200402736663818359e-01,4.171198233962059021e-03,4.455080032348632812e-01,-3.131076097488403320e-01,2.617852389812469482e-01,1.691092550754547119e-01,1.428098231554031372e-01,5.140919089317321777e-01,1.815552413463592529e-01,8.469221591949462891e-01,1.051021963357925415e-01,1.456834077835083008e-01,-3.122792840003967285e-01,-4.477883875370025635e-01,3.976213932037353516e-01,3.682157024741172791e-02,-7.109678983688354492e-01,2.334189042448997498e-02,5.019941329956054688e-01,3.200861513614654541e-01,-2.007652670145034790e-01,-2.619743049144744873e-01
-2.635156214237213135e-01,-2.773309946060180664e+00,7.454075813293457031e-01,1.381020992994308472e-01,6.345740705728530884e-02,-6.812026500701904297e-01,7.161451578140258789e-01,-8.168598413467407227e-01,2.701293826103210449e-01,1.399569660425186157e-01,1.240235447883605957e+00,-5.162932276725769043e-01,-1.763869524002075195e-01,-2.581176459789276123e-01,-5.601292252540588379e-01,-9.719471447169780731e-03,4.456091523170471191e-01,-2.159382998943328857e-01,2.366081029176712036e-01,2.290190905332565308e-01,5.968293920159339905e-02,5.163602828979492188e-01,1.943437606096267700e-01,8.216181397438049316e-01,1.288577318191528320e-01,1.584621369838714600e-01,-3.009075820446014404e-01,-4.499656558036804199e-01,4.471455514430999756e-01,9.922191500663757324e-02,-6.581474542617797852e-01,7.684093900024890900e-03,4.833686649799346924e-01,2.931657433509826660e-01,-2.132429480552673340e-01,-2.628200352191925049e-01
-2.552756369113922119e-01,-2.813762664794921875e+00,7.544624209403991699e-01,1.413520276546478271e-01,6.573019176721572876e-02,-6.759486198425292969e-01,7.202725410461425781e-01,-7.553872466087341309e-01,3.059726953506469727e-01,6.569068133831024170e-02,1.014338731765747070e+00,-4.783472716808319092e-01,-1.880561858415603638e-01,-2.566508054733276367e-01,-5.443066358566284180e-01,-1.523800473660230637e-02,5.889805555343627930e-01,-1.504287868738174438e-01,1.789206415414810181e-01,2.434252053499221802e-01,-6.489351857453584671e-03,5.199999809265136719e-01,1.618652045726776123e-01,8.076069951057434082e-01,1.252569407224655151e-01,1.964824199676513672e-01,-2.788248062133789062e-01,-4.365829527378082275e-01,4.810546636581420898e-01,1.395710110664367676e-01,-5.897918343544006348e-01,2.580208890140056610e-02,5.033539533615112305e-01,2.559659183025360107e-01,-2.103418111801147461e-01,-2.631339430809020996e-01
-2.452790141105651855e-01,-2.853684902191162109e+00,7.605831027030944824e-01,1.207181811332702637e-01,6.398519128561019897e-02,-6.666784286499023438e-01,7.327161431312561035e-01,-6.498954296112060547e-01,3.145112097263336182e-01,6.369697395712137222e-03,8.180495500564575195e-01,-4.687560498714447021e-01,-1.776463836431503296e-01,-3.519693911075592041e-01,-4.880627691745758057e-01,-4.433328751474618912e-03,8.956890702247619629e-01,-1.795218586921691895e-01,1.085512861609458923e-01,1.950076669454574585e-01,-6.474242359399795532e-02,5.199999809265136719e-01,6.278465688228607178e-02,8.155910968780517578e-01,6.882487237453460693e-02,2.647388279438018799e-01,-2.607990503311157227e-01,-4.048409163951873779e-01,4.793331921100616455e-01,1.463805884122848511e-01,-5.345784425735473633e-01,8.436064422130584717e-02,5.632144212722778320e-01,2.054207921028137207e-01,-2.066067904233932495e-01,-2.554973661899566650e-01
-2.360337078571319580e-01,-2.891723394393920898e+00,7.643606662750244141e-01,1.040652990341186523e-01,6.079203262925148010e-02,-6.552889943122863770e-01,7.457017302513122559e-01,-5.589737892150878906e-01,3.265857100486755371e-01,2.662795037031173706e-02,7.649609446525573730e-01,-5.198011398315429688e-01,-1.494706273078918457e-01,-4.895346760749816895e-01,-3.875143229961395264e-01,-4.715799912810325623e-02,1.227838754653930664e+00,-2.393590509891510010e-01,7.228406518697738647e-02,9.653920680284500122e-02,-1.241579577326774597e-01,5.199999809265136719e-01,-7.779722660779953003e-02,8.373289108276367188e-01,-1.215337123721837997e-02,3.315095305442810059e-01,-2.299905568361282349e-01,-3.698809444904327393e-01,4.448574781417846680e-01,1.273657381534576416e-01,-5.085672140121459961e-01,1.495156288146972656e-01,6.276088953018188477e-01,1.452924460172653198e-01,-2.065700143575668335e-01,-2.429240047931671143e-01
-2.282550483942031860e-01,-2.929248094558715820e+00,7.676280140876770020e-01,9.532892704010009766e-02,5.843409523367881775e-02,-6.492252945899963379e-01,7.523326277732849121e-01,-4.933016002178192139e-01,3.388145267963409424e-01,5.013255029916763306e-02,7.706616520881652832e-01,-5.392845273017883301e-01,-1.465587019920349121e-01,-5.976606011390686035e-01,-3.076755404472351074e-01,-1.255310624837875366e-01,1.395125269889831543e+00,-3.311689496040344238e-01,5.689325556159019470e-02,6.487359292805194855e-03,-1.834516227245330811e-01,5.199999809265136719e-01,-2.292912006378173828e-01,8.752483725547790527e-01,-8.584034442901611328e-02,3.733582496643066406e-01,-1.984538286924362183e-01,-3.437806963920593262e-01,4.092483222484588623e-01,1.056866496801376343e-01,-5.010859370231628418e-01,1.852006018161773682e-01,6.768000125885009766e-01,1.272918879985809326e-01,-2.034127712249755859e-01,-2.144545018672943115e-01
-2.214259654283523560e-01,-2.968148469924926758e+00,7.653322815895080566e-01,9.374114871025085449e-02,5.407192558050155640e-02,-6.442911028861999512e-01,7.570850253105163574e-01,-4.316075444221496582e-01,3.464525938034057617e-01,8.501783013343811035e-02,7.883089780807495117e-01,-5.662333965301513672e-01,-1.548813581466674805e-01,-6.901221275329589844e-01,-2.649534046649932861e-01,-2.471745759248733521e-01,1.474604845046997070e+00,-4.131891727447509766e-01,5.115114524960517883e-02,-8.298075944185256958e-02,-2.366245836019515991e-01,5.173479318618774414e-01,-3.920917212963104248e-01,9.214383363723754883e-01,-1.727787405252456665e-01,3.895022273063659668e-01,-1.585665196180343628e-01,-3.281185328960418701e-01,3.747464716434478760e-01,9.416201710700988770e-02,-5.200637578964233398e-01,1.961165666580200195e-01,7.147048115730285645e-01,1.081067547202110291e-01,-2.038662135601043701e-01,-1.959917992353439331e-01
-2.162087410688400269e-01,-3.009048700332641602e+00,7.645859718322753906e-01,8.903175592422485352e-02,4.710813984274864197e-02,-6.376451253890991211e-01,7.637164592742919922e-01,-3.512924611568450928e-01,3.581471741199493408e-01,1.246498525142669678e-01,7.814782261848449707e-01,-5.708473324775695801e-01,-1.727312058210372925e-01,-7.710008621215820312e-01,-2.782389819622039795e-01,-3.586616218090057373e-01,1.447005271911621094e+00,-4.938296973705291748e-01,4.527795687317848206e-02,-1.750570982694625854e-01,-2.696133553981781006e-01,5.134516954421997070e-01,-5.347921252250671387e-01,9.676283001899719238e-01,-2.518939077854156494e-01,3.597661852836608887e-01,-1.226901635527610779e-01,-3.356432020664215088e-01,3.619423210620880127e-01,1.065098717808723450e-01,-5.715353488922119141e-01,1.967385560274124146e-01,7.478634119033813477e-01,8.035445213317871094e-02,-2.115877866744995117e-01,-1.806571036577224731e-01
-2.127783447504043579e-01,-3.051783084869384766e+00,7.674288749694824219e-01,8.764325082302093506e-02,4.954889789223670959e-02,-6.267808675765991211e-01,7.726637721061706543e-01,-2.605176270008087158e-01,3.651674389839172363e-01,1.488733738660812378e-01,7.028148770332336426e-01,-5.713589787483215332e-01,-1.968127042055130005e-01,-8.354651331901550293e-01,-3.267796337604522705e-01,-4.243716299533843994e-01,1.381593465805053711e+00,-5.341987013816833496e-01,4.940030351281166077e-02,-2.644270062446594238e-01,-2.616151571273803711e-01,5.082277655601501465e-01,-6.629649996757507324e-01,1.014139771461486816e+00,-3.361178636550903320e-01,3.196720778942108154e-01,-8.991568535566329956e-02,-3.519501686096191406e-01,3.564949929714202881e-01,1.262204647064208984e-01,-6.336876153945922852e-01,1.840249300003051758e-01,7.664067745208740234e-01,6.001777946949005127e-02,-2.205313146114349365e-01,-1.522194594144821167e-01
-2.114612609148025513e-01,-3.095496177673339844e+00,7.790844440460205078e-01,8.634661138057708740e-02,6.039655208587646484e-02,-6.113203167915344238e-01,7.843366861343383789e-01,-1.438837498426437378e-01,3.657796382904052734e-01,1.606473028659820557e-01,5.260795950889587402e-01,-5.290556550025939941e-01,-2.281988114118576050e-01,-8.928069472312927246e-01,-3.905080258846282959e-01,-4.642212390899658203e-01,1.279623866081237793e+00,-5.351890325546264648e-01,6.717141717672348022e-02,-3.502536416053771973e-01,-2.109577059745788574e-01,5.029732584953308105e-01,-7.551850080490112305e-01,1.055973291397094727e+00,-4.123702049255371094e-01,2.630578577518463135e-01,-6.279055029153823853e-02,-3.805687129497528076e-01,3.500168323516845703e-01,1.567719280719757080e-01,-6.963458657264709473e-01,1.713923364877700806e-01,7.631338238716125488e-01,5.035705119371414185e-02,-2.347918897867202759e-01,-1.221789196133613586e-01
-2.120854258537292480e-01,-3.139387130737304688e+00,7.899281382560729980e-01,8.911874890327453613e-02,8.138308674097061157e-02,-5.976399779319763184e-01,7.926292419433593750e-01,-1.189277134835720062e-02,3.509533405303955078e-01,1.168191805481910706e-01,3.065075576305389404e-01,-4.138433635234832764e-01,-2.617821097373962402e-01,-9.338330626487731934e-01,-4.375174045562744141e-01,-4.816972017288208008e-01,1.148788452148437500e+00,-4.717445969581604004e-01,1.029618903994560242e-01,-4.240200519561767578e-01,-1.297550946474075317e-01,4.980112612247467041e-01,-7.929193973541259766e-01,1.085514187812805176e+00,-4.695085585117340088e-01,2.079380899667739868e-01,-3.884440287947654724e-02,-4.040944576263427734e-01,3.327061235904693604e-01,2.062462866306304932e-01,-7.489671707153320312e-01,1.668072342872619629e-01,7.236514091491699219e-01,5.033188685774803162e-02,-2.511241436004638672e-01,-9.226376563310623169e-02
-2.125963717699050903e-01,-3.184215784072875977e+00,8.049815893173217773e-01,1.031238064169883728e-01,9.300100058317184448e-02,-5.881920456886291504e-01,7.967097759246826172e-01,8.850862085819244385e-02,3.321458101272583008e-01,9.138361364603042603e-02,1.894593983888626099e-01,-2.041365206241607666e-01,-2.617999911308288574e-01,-9.298096299171447754e-01,-4.782592952251434326e-01,-4.998254477977752686e-01,1.024915337562561035e+00,-3.823156356811523438e-01,1.393789052963256836e-01,-4.746104478836059570e-01,-6.238682195544242859e-02,4.873714148998260498e-01,-7.727348208427429199e-01,1.089974999427795410e+00,-5.008680224418640137e-01,1.719140708446502686e-01,-3.303658589720726013e-02,-4.223363101482391357e-01,3.055277168750762939e-01,2.379196882247924805e-01,-7.600772976875305176e-01,1.649376899003982544e-01,6.851292252540588379e-01,5.035495012998580933e-02,-2.666486501693725586e-01,-7.973138242959976196e-02
-2.197291254997253418e-01,-3.231950521469116211e+00,8.192728161811828613e-01,1.241972669959068298e-01,9.683949500322341919e-02,-5.881627798080444336e-01,7.932601571083068848e-01,1.576587259769439697e-01,3.146365284919738770e-01,8.666220307350158691e-02,1.290609687566757202e-01,2.062717080116271973e-02,-2.617999911308288574e-01,-8.761751055717468262e-01,-4.817632734775543213e-01,-5.157412886619567871e-01,8.953257799148559570e-01,-2.654138803482055664e-01,1.706908941268920898e-01,-5.006371736526489258e-01,-2.038470841944217682e-02,4.760321080684661865e-01,-7.197848558425903320e-01,1.079391598701477051e+00,-5.165916085243225098e-01,1.413346529006958008e-01,-3.683118522167205811e-02,-4.303973317146301270e-01,2.695746123790740967e-01,2.566008865833282471e-01,-7.481819987297058105e-01,1.521980315446853638e-01,6.463972926139831543e-01,4.609974473714828491e-02,-2.720871269702911377e-01,-7.401076704263687134e-02
-2.352087199687957764e-01,-3.282464265823364258e+00,8.280934095382690430e-01,1.476578265428543091e-01,9.993742406368255615e-02,-6.064233183860778809e-01,7.748938202857971191e-01,1.965337991714477539e-01,3.023574352264404297e-01,1.218869984149932861e-01,1.104167252779006958e-01,2.036274373531341553e-01,-2.617999911308288574e-01,-7.941393852233886719e-01,-4.254455566406250000e-01,-5.379100441932678223e-01,7.641596198081970215e-01,-1.667543202638626099e-01,1.729581356048583984e-01,-4.809932708740234375e-01,5.589673761278390884e-03,4.440008103847503662e-01,-6.081290245056152344e-01,1.046798110008239746e+00,-4.927197098731994629e-01,1.111818850040435791e-01,-5.080203339457511902e-02,-4.260925650596618652e-01,2.133433967828750610e-01,2.619186639785766602e-01,-7.027952671051025391e-01,1.310794055461883545e-01,6.153089404106140137e-01,3.820473328232765198e-02,-2.586018741130828857e-01,-6.975712627172470093e-02
-2.576199471950531006e-01,-3.337645769119262695e+00,8.293766379356384277e-01,1.582113951444625854e-01,9.656738489866256714e-02,-6.401523351669311523e-01,7.455527186393737793e-01,2.034129053354263306e-01,2.910777330398559570e-01,1.811249256134033203e-01,2.009806931018829346e-01,2.002529054880142212e-01,-2.365314364433288574e-01,-6.930612325668334961e-01,-3.330643773078918457e-01,-5.434772372245788574e-01,6.741258502006530762e-01,-1.406105011701583862e-01,1.563115715980529785e-01,-4.237224757671356201e-01,1.057927380315959454e-03,4.109444022178649902e-01,-4.683251678943634033e-01,1.013129353523254395e+00,-4.486172497272491455e-01,8.388236910104751587e-02,-8.201685547828674316e-02,-4.193523228168487549e-01,1.325849294662475586e-01,2.417422235012054443e-01,-6.479821801185607910e-01,1.251506954431533813e-01,6.024162769317626953e-01,3.812485933303833008e-02,-2.368876785039901733e-01,-7.710566371679306030e-02
-2.802086472511291504e-01,-3.395698070526123047e+00,8.261252045631408691e-01,1.722888201475143433e-01,7.462933659553527832e-02,-6.873104572296142578e-01,7.016775012016296387e-01,1.496226042509078979e-01,2.446122765541076660e-01,2.538118958473205566e-01,4.549054801464080811e-01,6.841690093278884888e-02,-1.296777427196502686e-01,-5.584117174148559570e-01,-2.509635686874389648e-01,-5.018542408943176270e-01,5.986949205398559570e-01,-2.172280997037887573e-01,1.202047020196914673e-01,-3.276242911815643311e-01,-4.816085472702980042e-02,3.862150311470031738e-01,-3.387927114963531494e-01,9.801867604255676270e-01,-3.941310048103332520e-01,8.014059811830520630e-02,-1.212197765707969666e-01,-3.976747393608093262e-01,4.359124973416328430e-02,1.942852884531021118e-01,-5.892590880393981934e-01,1.169433146715164185e-01,6.022441387176513672e-01,5.701933428645133972e-02,-2.079508751630783081e-01,-7.632045447826385498e-02
-3.058710992336273193e-01,-3.453016281127929688e+00,8.196799159049987793e-01,1.760134100914001465e-01,4.435028508305549622e-02,-7.390741705894470215e-01,6.487076878547668457e-01,-2.083282731473445892e-02,2.193683981895446777e-01,2.798320055007934570e-01,8.898285031318664551e-01,-1.272869110107421875e-01,-1.679670996963977814e-02,-4.272174537181854248e-01,-1.890273839235305786e-01,-4.273234605789184570e-01,5.449108481407165527e-01,-3.828256130218505859e-01,3.945617750287055969e-02,-2.011153995990753174e-01,-1.028191745281219482e-01,3.824803531169891357e-01,-2.312153726816177368e-01,9.401865005493164062e-01,-3.303626179695129395e-01,1.111306920647621155e-01,-1.420152336359024048e-01,-3.707092106342315674e-01,-2.051221393048763275e-02,1.143067181110382080e-01,-5.407413840293884277e-01,1.227239742875099182e-01,5.976262688636779785e-01,9.197671711444854736e-02,-1.846913397312164307e-01,-8.412348479032516479e-02
-3.325713574886322021e-01,-3.505893468856811523e+00,8.121640086174011230e-01,1.813384443521499634e-01,2.793777920305728912e-02,-7.766109704971313477e-01,6.026701331138610840e-01,-2.389236837625503540e-01,2.244972288608551025e-01,2.902589738368988037e-01,1.198061585426330566e+00,-2.881980538368225098e-01,6.251093745231628418e-02,-3.199573159217834473e-01,-1.500057876110076904e-01,-3.564808368682861328e-01,4.857394397258758545e-01,-4.840670526027679443e-01,7.105593685992062092e-04,-8.892188966274261475e-02,-1.293191015720367432e-01,3.792237341403961182e-01,-1.608228832483291626e-01,8.990358114242553711e-01,-2.838365137577056885e-01,1.434598267078399658e-01,-1.433532536029815674e-01,-3.528227806091308594e-01,-6.286129355430603027e-02,2.793516963720321655e-02,-5.073187351226806641e-01,1.501797884702682495e-01,5.722250342369079590e-01,1.253105103969573975e-01,-1.789256483316421509e-01,-9.788124263286590576e-02
-3.588595390319824219e-01,-3.557077407836914062e+00,8.106883168220520020e-01,1.942788511514663696e-01,1.615084148943424225e-02,-8.018341660499572754e-01,5.648512244224548340e-01,-4.388213157653808594e-01,2.017760574817657471e-01,3.112345933914184570e-01,1.292726039886474609e+00,-3.773701190948486328e-01,9.049757570028305054e-02,-1.987960338592529297e-01,-1.252662688493728638e-01,-2.720273733139038086e-01,3.545336425304412842e-01,-5.160588026046752930e-01,4.987321328371763229e-03,1.362565997987985611e-02,-1.627335846424102783e-01,3.686363399028778076e-01,-1.109622195363044739e-01,8.606265187263488770e-01,-2.434120476245880127e-01,1.580314785242080688e-01,-1.522539854049682617e-01,-3.560678958892822266e-01,-8.405088633298873901e-02,-3.652958571910858154e-02,-4.875035583972930908e-01,1.882191300392150879e-01,4.870304465293884277e-01,1.565504819154739380e-01,-2.020789235830307007e-01,-8.389626443386077881e-02
-3.846991062164306641e-01,-3.607640743255615234e+00,8.114099502563476562e-01,2.097758799791336060e-01,1.216625049710273743e-02,-8.199362754821777344e-01,5.324946045875549316e-01,-5.846564173698425293e-01,1.773841977119445801e-01,3.699162006378173828e-01,1.203824043273925781e+00,-4.136970043182373047e-01,9.207312017679214478e-02,-8.376482129096984863e-02,-1.075363308191299438e-01,-1.736792623996734619e-01,2.363124042749404907e-01,-4.609810113906860352e-01,5.847027152776718140e-02,1.136851534247398376e-01,-2.108614742755889893e-01,3.663115203380584717e-01,-8.239058405160903931e-02,8.282037377357482910e-01,-2.195293307304382324e-01,1.571844369173049927e-01,-1.606191992759704590e-01,-3.799361884593963623e-01,-8.536670356988906860e-02,-8.970998227596282959e-02,-4.705138802528381348e-01,2.300208061933517456e-01,3.925822973251342773e-01,1.940298676490783691e-01,-2.337012887001037598e-01,-4.839681461453437805e-02
-4.107294082641601562e-01,-3.656862735748291016e+00,8.240658640861511230e-01,2.198882848024368286e-01,1.983068883419036865e-02,-8.373857736587524414e-01,5.000408887863159180e-01,-6.618051528930664062e-01,1.511110365390777588e-01,4.072343111038208008e-01,1.019945383071899414e+00,-3.997989296913146973e-01,6.061593815684318542e-02,-3.569032764062285423e-03,-9.563827514648437500e-02,-1.066302880644798279e-01,1.961091011762619019e-01,-2.161031514406204224e-01,1.698744297027587891e-01,1.925398260354995728e-01,-2.566426098346710205e-01,3.765913844108581543e-01,-9.771937876939773560e-02,7.998772263526916504e-01,-2.122989892959594727e-01,1.660184115171432495e-01,-1.421599984169006348e-01,-3.938814997673034668e-01,-6.737005710601806641e-02,-1.129245534539222717e-01,-4.637548029422760010e-01,2.774987220764160156e-01,3.456113338470458984e-01,2.243904024362564087e-01,-2.529467344284057617e-01,-2.057191729545593262e-02
-4.390896558761596680e-01,-3.706883668899536133e+00,8.357927799224853516e-01,2.036988139152526855e-01,4.240105301141738892e-02,-8.576866984367370605e-01,4.701940715312957764e-01,-6.481767296791076660e-01,1.447566449642181396e-01,3.836627006530761719e-01,7.808534502983093262e-01,-3.418556451797485352e-01,1.143393013626337051e-02,2.368272840976715088e-02,-6.996326148509979248e-02,-1.065960079431533813e-01,2.730382084846496582e-01,-4.754700139164924622e-02,2.286471277475357056e-01,2.444718629121780396e-01,-2.587409317493438721e-01,3.946696519851684570e-01,-1.460506767034530640e-01,7.632465958595275879e-01,-2.201737314462661743e-01,1.922194063663482666e-01,-8.836881071329116821e-02,-3.920659720897674561e-01,-3.610974922776222229e-02,-9.999164938926696777e-02,-4.596981406211853027e-01,3.102808892726898193e-01,3.872830271720886230e-01,2.201515734195709229e-01,-2.495143860578536987e-01,3.275065217167139053e-03
-4.695199728012084961e-01,-3.757657289505004883e+00,8.412356972694396973e-01,1.591027975082397461e-01,6.856510043144226074e-02,-8.720483183860778809e-01,4.577300548553466797e-01,-5.356436371803283691e-01,1.771743744611740112e-01,3.189261555671691895e-01,5.867946147918701172e-01,-3.215534389019012451e-01,-1.900430396199226379e-02,-3.187400475144386292e-02,-4.621857777237892151e-02,-2.039615809917449951e-01,5.368755459785461426e-01,9.697292000055313110e-03,2.269655913114547729e-01,2.463053762912750244e-01,-1.976196914911270142e-01,4.182303845882415771e-01,-2.393403202295303345e-01,7.182753086090087891e-01,-2.469198852777481079e-01,2.374396324157714844e-01,-2.461141347885131836e-02,-3.806615471839904785e-01,1.796170882880687714e-02,-6.906890124082565308e-02,-4.638833999633789062e-01,2.777244150638580322e-01,5.431901216506958008e-01,1.801070272922515869e-01,-2.387760281562805176e-01,9.996181353926658630e-03
-4.971393346786499023e-01,-3.802942752838134766e+00,8.339893817901611328e-01,1.219462230801582336e-01,7.488769292831420898e-02,-8.791645765304565430e-01,4.545224010944366455e-01,-4.090654850006103516e-01,2.220121324062347412e-01,2.712044715881347656e-01,5.363246798515319824e-01,-3.686768412590026855e-01,-2.681934833526611328e-02,-1.610018163919448853e-01,-1.158090010285377502e-01,-3.333203792572021484e-01,8.514095544815063477e-01,-3.414585813879966736e-02,1.799832731485366821e-01,1.945972591638565063e-01,-1.482790559530258179e-01,4.377161860466003418e-01,-3.169716894626617432e-01,6.973114013671875000e-01,-2.694427967071533203e-01,2.735472321510314941e-01,2.919872105121612549e-02,-3.714917004108428955e-01,7.998738437891006470e-02,-2.909344248473644257e-02,-5.142278671264648438e-01,1.959935873746871948e-01,6.800232529640197754e-01,1.401397436857223511e-01,-2.218361496925354004e-01,5.732188001275062561e-03
-5.205048322677612305e-01,-3.841245412826538086e+00,8.160638809204101562e-01,1.034798324108123779e-01,6.412018090486526489e-02,-8.789597749710083008e-01,4.610967636108398438e-01,-2.712025940418243408e-01,2.292885482311248779e-01,2.316727191209793091e-01,5.062289237976074219e-01,-4.715929627418518066e-01,-2.971769683063030243e-02,-3.536952733993530273e-01,-2.742691934108734131e-01,-4.114666283130645752e-01,1.128268599510192871e+00,-1.171478256583213806e-01,1.322945356369018555e-01,1.020480692386627197e-01,-1.299836635589599609e-01,4.706324636936187744e-01,-4.118497669696807861e-01,6.924110651016235352e-01,-2.891236841678619385e-01,3.154722452163696289e-01,6.997074931859970093e-02,-3.550531268119812012e-01,1.552347242832183838e-01,3.930101543664932251e-02,-6.151024699211120605e-01,3.929128870368003845e-02,7.849627733230590820e-01,9.728775173425674438e-02,-2.106888592243194580e-01,-3.102522343397140503e-02
-5.415478348731994629e-01,-3.872119188308715820e+00,8.056668639183044434e-01,9.657341986894607544e-02,5.909295752644538879e-02,-8.683913946151733398e-01,4.827814698219299316e-01,-1.481279879808425903e-01,2.096171528100967407e-01,1.738142222166061401e-01,4.214308857917785645e-01,-5.575729608535766602e-01,-4.141418635845184326e-02,-5.529790520668029785e-01,-4.228640794754028320e-01,-4.293043315410614014e-01,1.223035573959350586e+00,-1.627073884010314941e-01,1.198423206806182861e-01,-2.284814789891242981e-02,-1.168662831187248230e-01,4.811049699783325195e-01,-4.984048902988433838e-01,7.072945237159729004e-01,-3.309206366539001465e-01,3.882564008235931396e-01,9.347341954708099365e-02,-3.456186652183532715e-01,2.247212976217269897e-01,1.587096899747848511e-01,-7.344886660575866699e-01,-1.458249539136886597e-01,8.809750676155090332e-01,6.599470227956771851e-02,-1.954176574945449829e-01,-9.648318588733673096e-02
-5.611050724983215332e-01,-3.895954608917236328e+00,8.002597093582153320e-01,9.632331132888793945e-02,5.723367258906364441e-02,-8.586866259574890137e-01,5.001034140586853027e-01,-6.432039290666580200e-02,1.971143931150436401e-01,8.588127791881561279e-02,3.646165728569030762e-01,-5.578320026397705078e-01,-6.395927071571350098e-02,-6.473636627197265625e-01,-4.765850603580474854e-01,-4.327589273452758789e-01,1.162598490715026855e+00,-1.691460013389587402e-01,1.349985301494598389e-01,-1.020165160298347473e-01,-1.062253117561340332e-01,4.834653437137603760e-01,-5.406290888786315918e-01,7.164873480796813965e-01,-3.532023131847381592e-01,4.222477376461029053e-01,8.742722868919372559e-02,-3.400422334671020508e-01,2.516221404075622559e-01,2.557751834392547607e-01,-8.050429821014404297e-01,-2.745021581649780273e-01,9.201720952987670898e-01,5.444597080349922180e-02,-1.949987858533859253e-01,-1.218455284833908081e-01
-5.621944069862365723e-01,-3.895343303680419922e+00,7.983490824699401855e-01,8.736451715230941772e-02,5.305799841880798340e-02,-8.584681749343872070e-01,5.025780797004699707e-01,-4.818493127822875977e-02,1.877477467060089111e-01,7.369305193424224854e-02,3.323480784893035889e-01,-5.209223031997680664e-01,-6.124015524983406067e-02,-5.907182097434997559e-01,-4.396031200885772705e-01,-4.199729561805725098e-01,1.069784402847290039e+00,-1.512056142091751099e-01,1.373929828405380249e-01,-8.990653604269027710e-02,-9.172374010086059570e-02,4.669466316699981689e-01,-5.153546333312988281e-01,6.943560242652893066e-01,-3.355633318424224854e-01,4.915887117385864258e-01,8.105612546205520630e-02,-3.165170252323150635e-01,2.442502826452255249e-01,2.561688721179962158e-01,-7.771078348159790039e-01,-2.782458364963531494e-01,9.471767544746398926e-01,5.257825553417205811e-02,-1.831595152616500854e-01,-1.102417260408401489e-01
-5.628967285156250000e-01,-3.894968509674072266e+00,7.966394424438476562e-01,8.039065450429916382e-02,5.181471630930900574e-02,-8.590800166130065918e-01,5.028260946273803711e-01,-3.911576792597770691e-02,1.823994368314743042e-01,6.591150909662246704e-02,3.024840354919433594e-01,-4.842759966850280762e-01,-5.886757001280784607e-02,-5.404618382453918457e-01,-3.973836004734039307e-01,-4.039928913116455078e-01,9.711161255836486816e-01,-1.272713690996170044e-01,1.384571194648742676e-01,-7.932513952255249023e-02,-7.821840792894363403e-02,4.371964335441589355e-01,-4.812999069690704346e-01,6.746170520782470703e-01,-3.148009777069091797e-01,5.655644536018371582e-01,7.390788942575454712e-02,-2.941190898418426514e-01,2.336501479148864746e-01,2.457446902990341187e-01,-7.516624331474304199e-01,-2.632385492324829102e-01,9.829754829406738281e-01,4.969381168484687805e-02,-1.696722656488418579e-01,-1.007322371006011963e-01
-5.635393261909484863e-01,-3.894654750823974609e+00,7.947979569435119629e-01,7.469680160284042358e-02,5.082678422331809998e-02,-8.597116470336914062e-01,5.027254819869995117e-01,-3.380412235856056213e-02,1.761925518512725830e-01,5.892838165163993835e-02,2.751788496971130371e-01,-4.486565887928009033e-01,-5.642347037792205811e-02,-4.932950735092163086e-01,-3.567402958869934082e-01,-3.850344419479370117e-01,8.729419112205505371e-01,-1.032616943120956421e-01,1.382950544357299805e-01,-7.104297727346420288e-02,-6.676896661520004272e-02,4.037861227989196777e-01,-4.439926445484161377e-01,6.557108163833618164e-01,-2.912595272064208984e-01,6.391146779060363770e-01,6.640228629112243652e-02,-2.726718783378601074e-01,2.219357192516326904e-01,2.302827984094619751e-01,-7.271807789802551270e-01,-2.423603087663650513e-01,1.022477626800537109e+00,4.702324047684669495e-02,-1.566616445779800415e-01,-9.250392019748687744e-02
-5.641350150108337402e-01,-3.894364833831787109e+00,7.927965521812438965e-01,6.984168291091918945e-02,4.928486421704292297e-02,-8.602457642555236816e-01,5.026632547378540039e-01,-3.038071468472480774e-02,1.678599417209625244e-01,5.212246254086494446e-02,2.496927529573440552e-01,-4.137428104877471924e-01,-5.369354039430618286e-02,-4.478842914104461670e-01,-3.194970488548278809e-01,-3.630661070346832275e-01,7.770683765411376953e-01,-8.034419268369674683e-02,1.372823417186737061e-01,-6.434875726699829102e-02,-5.751438811421394348e-02,3.693203032016754150e-01,-4.057771265506744385e-01,6.366074681282043457e-01,-2.664501368999481201e-01,7.118477225303649902e-01,5.879073590040206909e-02,-2.514304220676422119e-01,2.092868834733963013e-01,2.127519398927688599e-01,-7.027848362922668457e-01,-2.198588699102401733e-01,1.063503384590148926e+00,4.438838362693786621e-02,-1.440516859292984009e-01,-8.477957546710968018e-02
-5.646947026252746582e-01,-3.894078493118286133e+00,7.906388640403747559e-01,6.562513858079910278e-02,4.701387882232666016e-02,-8.606952428817749023e-01,5.026795268058776855e-01,-2.810551598668098450e-02,1.572841256856918335e-01,4.550941661000251770e-02,2.256414741277694702e-01,-3.793663084506988525e-01,-5.068136006593704224e-02,-4.039823710918426514e-01,-2.860790491104125977e-01,-3.383686542510986328e-01,6.846670508384704590e-01,-5.917123332619667053e-02,1.354349255561828613e-01,-5.855911225080490112e-02,-5.028942599892616272e-02,3.345923125743865967e-01,-3.677383363246917725e-01,6.168887615203857422e-01,-2.413606047630310059e-01,7.839473485946655273e-01,5.121042951941490173e-02,-2.301603257656097412e-01,1.957962661981582642e-01,1.945222318172454834e-01,-6.780498027801513672e-01,-1.973768919706344604e-01,1.105077981948852539e+00,4.166157916188240051e-02,-1.316313147544860840e-01,-7.727258652448654175e-02
-5.652279257774353027e-01,-3.893785953521728516e+00,7.883462309837341309e-01,6.193200871348381042e-02,4.406606033444404602e-02,-8.610839247703552246e-01,5.027495026588439941e-01,-2.668524719774723053e-02,1.447335779666900635e-01,3.918485715985298157e-02,2.027642279863357544e-01,-3.454017639160156250e-01,-4.745434597134590149e-02,-3.617640137672424316e-01,-2.564262449741363525e-01,-3.113568723201751709e-01,5.967404246330261230e-01,-4.026960209012031555e-02,1.326728165149688721e-01,-5.323983728885650635e-02,-4.481470584869384766e-02,2.998090088367462158e-01,-3.303294479846954346e-01,5.964339971542358398e-01,-2.165198326110839844e-01,8.555948734283447266e-01,4.377071186900138855e-02,-2.088233977556228638e-01,1.815311610698699951e-01,1.762213259935379028e-01,-6.527861356735229492e-01,-1.755657196044921875e-01,1.146779656410217285e+00,3.877926990389823914e-02,-1.192850619554519653e-01,-6.988536566495895386e-02
-5.657401680946350098e-01,-3.893485784530639648e+00,7.859574556350708008e-01,5.865888670086860657e-02,4.059065505862236023e-02,-8.614283800125122070e-01,5.028445720672607422e-01,-2.596365474164485931e-02,1.306516081094741821e-01,3.321911394596099854e-02,1.808083653450012207e-01,-3.117222189903259277e-01,-4.409736022353172302e-02,-3.215098381042480469e-01,-2.301951497793197632e-01,-2.825050950050354004e-01,5.141043663024902344e-01,-2.406774833798408508e-02,1.288942694664001465e-01,-4.813917726278305054e-02,-4.073208197951316833e-02,2.649770081043243408e-01,-2.936819791793823242e-01,5.752505064010620117e-01,-1.921876966953277588e-01,9.269054532051086426e-01,3.657644242048263550e-02,-1.874319165945053101e-01,1.665353327989578247e-01,1.581491529941558838e-01,-6.269183754920959473e-01,-1.546605229377746582e-01,1.188438892364501953e+00,3.571156039834022522e-02,-1.069677695631980896e-01,-6.258336454629898071e-02
-5.662322640419006348e-01,-3.893185377120971680e+00,7.835267782211303711e-01,5.569128319621086121e-02,3.678614273667335510e-02,-8.617389202117919922e-01,5.029426217079162598e-01,-2.581445872783660889e-02,1.155782788991928101e-01,2.764515019953250885e-02,1.595202237367630005e-01,-2.782089710235595703e-01,-4.069629684090614319e-02,-2.834452092647552490e-01,-2.068179249763488770e-01,-2.522985935211181641e-01,4.372770488262176514e-01,-1.085266005247831345e-02,1.239967942237854004e-01,-4.310999810695648193e-02,-3.761911764740943909e-02,2.300347387790679932e-01,-2.577721178531646729e-01,5.533975958824157715e-01,-1.684848964214324951e-01,9.979488253593444824e-01,2.973123453557491302e-02,-1.660070717334747314e-01,1.508387476205825806e-01,1.404643207788467407e-01,-6.004222631454467773e-01,-1.347204744815826416e-01,1.230000019073486328e+00,3.244663774967193604e-02,-9.466826915740966797e-02,-5.535309016704559326e-02
-5.667018890380859375e-01,-3.892900466918945312e+00,7.811183333396911621e-01,5.290532484650611877e-02,3.286685422062873840e-02,-8.620228171348571777e-01,5.030282735824584961e-01,-2.611781097948551178e-02,1.000828146934509277e-01,2.246487326920032501e-02,1.386741697788238525e-01,-2.447707802057266235e-01,-3.732943534851074219e-02,-2.476606518030166626e-01,-1.855732351541519165e-01,-2.211849242448806763e-01,3.664028644561767578e-01,-7.330894586630165577e-04,1.178837940096855164e-01,-3.806206956505775452e-02,-3.502612933516502380e-02,1.949028819799423218e-01,-2.225102186203002930e-01,5.309540629386901855e-01,-1.454643011093139648e-01,1.068773865699768066e+00,2.333550713956356049e-02,-1.445704400539398193e-01,1.344647556543350220e-01,1.232635080814361572e-01,-5.732980370521545410e-01,-1.157357320189476013e-01,1.271459341049194336e+00,2.898256853222846985e-02,-8.238866925239562988e-02,-4.818882420659065247e-02
-5.706396698951721191e-01,-3.897253990173339844e+00,7.781651616096496582e-01,4.232957214117050171e-02,3.229034319519996643e-02,-8.607020974159240723e-01,5.063174962997436523e-01,5.119853653013706207e-03,1.002570167183876038e-01,1.142696477472782135e-02,9.288904070854187012e-02,-2.145007997751235962e-01,-3.910720348358154297e-02,-1.587567925453186035e-01,-1.445187330245971680e-01,-2.106215059757232666e-01,2.384148836135864258e-01,1.920791156589984894e-02,1.099812909960746765e-01,-3.927044570446014404e-02,-1.981823332607746124e-02,1.304308176040649414e-01,-1.405324786901473999e-01,5.022965669631958008e-01,-1.275674998760223389e-01,1.136801123619079590e+00,1.972131244838237762e-02,-1.289913654327392578e-01,1.210006549954414368e-01,1.557580083608627319e-01,-5.422767400741577148e-01,-9.273098409175872803e-02,1.309959888458251953e+00,2.442906610667705536e-02,-7.749813795089721680e-02,-4.156571999192237854e-02
-5.711110830307006836e-01,-3.897487640380859375e+00,7.756295204162597656e-01,3.935260698199272156e-02,2.666908316314220428e-02,-8.610877990722656250e-01,5.062291026115417480e-01,4.958339966833591461e-03,8.141344785690307617e-02,7.219577673822641373e-03,7.896650582551956177e-02,-1.861823350191116333e-01,-3.484234958887100220e-02,-1.277419775724411011e-01,-1.307193487882614136e-01,-1.751086264848709106e-01,1.857539415359497070e-01,1.846774481236934662e-02,1.019832640886306763e-01,-3.409722819924354553e-02,-1.922254823148250580e-02,9.524762630462646484e-02,-1.007254272699356079e-01,4.777617454528808594e-01,-1.060685887932777405e-01,1.203181028366088867e+00,1.426425855606794357e-02,-1.082011908292770386e-01,1.040508151054382324e-01,1.448013782501220703e-01,-5.150572657585144043e-01,-7.518461346626281738e-02,1.346995353698730469e+00,2.096029184758663177e-02,-6.560810655355453491e-02,-3.500959649682044983e-02
-5.715185403823852539e-01,-3.897718667984008789e+00,7.733527421951293945e-01,3.676301613450050354e-02,2.147959731519222260e-02,-8.615722060203552246e-01,5.058463215827941895e-01,3.217143006622791290e-03,6.299001723527908325e-02,3.950459416955709457e-03,6.577987968921661377e-02,-1.579846888780593872e-01,-3.070370852947235107e-02,-1.023916825652122498e-01,-1.175890564918518066e-01,-1.389865726232528687e-01,1.432991921901702881e-01,1.251490972936153412e-02,9.248584508895874023e-02,-2.819616161286830902e-02,-1.941992156207561493e-02,6.121360883116722107e-02,-6.779848784208297729e-02,4.540128409862518311e-01,-8.502611517906188965e-02,1.273239016532897949e+00,9.405680000782012939e-03,-8.629930764436721802e-02,8.554133027791976929e-02,1.276891529560089111e-01,-4.861397445201873779e-01,-5.850959196686744690e-02,1.387982487678527832e+00,1.691397652029991150e-02,-5.246497318148612976e-02,-2.848146669566631317e-02
-5.718678832054138184e-01,-3.898012876510620117e+00,7.714229822158813477e-01,3.381674364209175110e-02,1.710359752178192139e-02,-8.620752096176147461e-01,5.053614974021911621e-01,1.253257622011005878e-03,4.661026969552040100e-02,1.100852270610630512e-03,5.262755975127220154e-02,-1.297543197870254517e-01,-2.695216611027717590e-02,-7.926148921251296997e-02,-1.027929484844207764e-01,-1.032626554369926453e-01,1.061437055468559265e-01,3.673955798149108887e-03,8.129410445690155029e-02,-2.197491191327571869e-02,-1.819973252713680267e-02,2.724433131515979767e-02,-3.634895384311676025e-02,4.300866127014160156e-01,-6.468577682971954346e-02,1.344219326972961426e+00,5.364277400076389313e-03,-6.462140381336212158e-02,6.635867059230804443e-02,1.098366975784301758e-01,-4.563713371753692627e-01,-4.264177009463310242e-02,1.430061817169189453e+00,1.264635752886533737e-02,-3.954228758811950684e-02,-2.211355604231357574e-02
-5.721585750579833984e-01,-3.898380279541015625e+00,7.698810696601867676e-01,3.041918389499187469e-02,1.365969423204660416e-02,-8.626015782356262207e-01,5.047837495803833008e-01,-8.630705415271222591e-04,3.261708468198776245e-02,-1.429978641681373119e-03,3.952575847506523132e-02,-1.015440225601196289e-01,-2.363209612667560577e-02,-5.758298933506011963e-02,-8.564179390668869019e-02,-6.796108931303024292e-02,7.260716706514358521e-02,-7.125116419047117233e-03,6.836079061031341553e-02,-1.545257121324539185e-02,-1.510362420231103897e-02,-6.920060142874717712e-03,-5.354309454560279846e-03,4.058360159397125244e-01,-4.501411318778991699e-02,1.415323853492736816e+00,2.235808875411748886e-03,-4.316627606749534607e-02,4.669033363461494446e-02,9.225394576787948608e-02,-4.260045886039733887e-01,-2.766868844628334045e-02,1.472386717796325684e+00,8.243653923273086548e-03,-2.681869454681873322e-02,-1.584918797016143799e-02
-5.723938941955566406e-01,-3.898819446563720703e+00,7.687507271766662598e-01,2.653502114117145538e-02,1.119866501539945602e-02,-8.631580471992492676e-01,5.041117072105407715e-01,-3.150000702589750290e-03,2.115801721811294556e-02,-3.711479017511010170e-03,2.658919431269168854e-02,-7.344353199005126953e-02,-2.076756954193115234e-02,-3.681346774101257324e-02,-6.577321141958236694e-02,-3.297232091426849365e-02,4.142001643776893616e-02,-1.913720183074474335e-02,5.366849526762962341e-02,-8.628437295556068420e-03,-9.983948431909084320e-03,-4.137535765767097473e-02,2.545269578695297241e-02,3.813083171844482422e-01,-2.601206675171852112e-02,1.486353635787963867e+00,7.124146941350772977e-05,-2.189197205007076263e-02,2.658310160040855408e-02,7.516837120056152344e-02,-3.951316177845001221e-01,-1.360386051237583160e-02,1.514733672142028809e+00,3.728259820491075516e-03,-1.421966496855020523e-02,-9.665837511420249939e-03
-5.725814700126647949e-01,-3.899323463439941406e+00,7.680436968803405762e-01,2.213920839130878448e-02,9.740082547068595886e-03,-8.637475371360778809e-01,5.033439397811889648e-01,-5.624227225780487061e-03,1.231403648853302002e-02,-5.810694769024848938e-03,1.396307162940502167e-02,-4.556064307689666748e-02,-1.838219724595546722e-02,-1.646633818745613098e-02,-4.299238696694374084e-02,1.869178609922528267e-03,1.149822119623422623e-02,-3.170387819409370422e-02,3.721097111701965332e-02,-1.505947788245975971e-03,-2.779666567221283913e-03,-7.616084814071655273e-02,5.618102103471755981e-02,3.565928041934967041e-01,-7.690398022532463074e-03,1.557262659072875977e+00,-1.094547566026449203e-03,-7.972316234372556210e-04,6.055388599634170532e-03,5.863504856824874878e-02,-3.638125956058502197e-01,-4.433142603375017643e-04,1.557042360305786133e+00,-8.863136172294616699e-04,-1.711714896373450756e-03,-3.556866431608796120e-03
-5.725831985473632812e-01,-3.899325132369995117e+00,7.679975032806396484e-01,2.127715758979320526e-02,9.276256896555423737e-03,-8.638241291046142578e-01,5.032584667205810547e-01,-5.107890348881483078e-03,1.242507249116897583e-02,-5.623241886496543884e-03,1.776137202978134155e-02,-4.810179397463798523e-02,-1.840648613870143890e-02,-1.630207337439060211e-02,-4.286697134375572205e-02,2.147267572581768036e-03,1.583042554557323456e-02,-3.444533050060272217e-02,3.719055280089378357e-02,-2.586920280009508133e-03,-2.397036878392100334e-03,-7.823897898197174072e-02,6.515091657638549805e-02,3.556017875671386719e-01,-7.478611078113317490e-03,1.556920051574707031e+00,-6.025183829478919506e-04,-5.440340377390384674e-03,6.998798344284296036e-03,6.503041088581085205e-02,-3.633880913257598877e-01,3.490482224151492119e-03,1.557593822479248047e+00,-4.513520107138901949e-04,-5.411057732999324799e-03,-5.360944662243127823e-03
-5.725940465927124023e-01,-3.899344444274902344e+00,7.679961323738098145e-01,2.140940167009830475e-02,9.358610026538372040e-03,-8.638104200363159180e-01,5.032749176025390625e-01,-5.506620742380619049e-03,1.242735516279935837e-02,-5.665919743478298187e-03,1.790230907499790192e-02,-4.816386848688125610e-02,-1.840709149837493896e-02,-1.668802276253700256e-02,-4.286441579461097717e-02,2.109141554683446884e-03,1.597912050783634186e-02,-3.452488780021667480e-02,3.718973696231842041e-02,-3.068646648898720741e-03,-2.303712768480181694e-03,-7.933218032121658325e-02,6.772485375404357910e-02,3.553988337516784668e-01,-7.115164306014776230e-03,1.556014895439147949e+00,-4.904015222564339638e-04,-7.073624990880489349e-03,7.324984297156333923e-03,6.658047437667846680e-02,-3.633383214473724365e-01,4.613741301000118256e-03,1.557273983955383301e+00,2.193590989918448031e-05,-6.782162003219127655e-03,-5.857813637703657150e-03
-5.725985169410705566e-01,-3.899352312088012695e+00,7.679958939552307129e-01,2.150125056505203247e-02,9.412318468093872070e-03,-8.637971878051757812e-01,5.032927393913269043e-01,-5.756806116551160812e-03,1.241936534643173218e-02,-5.709198303520679474e-03,1.792278699576854706e-02,-4.814814403653144836e-02,-1.840582862496376038e-02,-1.691937819123268127e-02,-4.287259653210639954e-02,2.067231573164463043e-03,1.599666476249694824e-02,-3.452247381210327148e-02,3.719096258282661438e-02,-3.279104828834533691e-03,-2.278191968798637390e-03,-7.977908849716186523e-02,6.860366463661193848e-02,3.553444147109985352e-01,-6.934829987585544586e-03,1.555572271347045898e+00,-4.387589870020747185e-04,-7.518921978771686554e-03,7.422740105539560318e-03,6.703533232212066650e-02,-3.633287549018859863e-01,5.008531268686056137e-03,1.557140350341796875e+00,2.410738670732825994e-04,-7.191182114183902740e-03,-5.989258643239736557e-03
-5.726001858711242676e-01,-3.899355173110961914e+00,7.679957747459411621e-01,2.154297567903995514e-02,9.436127729713916779e-03,-8.637902736663818359e-01,5.033022761344909668e-01,-5.873037036508321762e-03,1.241389941424131393e-02,-5.732131190598011017e-03,1.793524250388145447e-02,-4.814086854457855225e-02,-1.840494573116302490e-02,-1.702555269002914429e-02,-4.287817329168319702e-02,2.045057248324155807e-03,1.600747928023338318e-02,-3.452235460281372070e-02,3.719183802604675293e-02,-3.369169309735298157e-03,-2.270707860589027405e-03,-7.995559275150299072e-02,6.892576068639755249e-02,3.553288578987121582e-01,-6.854866631329059601e-03,1.555368304252624512e+00,-4.129193548578768969e-04,-7.618172094225883484e-03,7.451255340129137039e-03,6.717681884765625000e-02,-3.633278906345367432e-01,5.160556174814701080e-03,1.557092189788818359e+00,3.306858416181057692e-04,-7.307049352675676346e-03,-6.024356000125408173e-03
-5.726008415222167969e-01,-3.899356365203857422e+00,7.679957747459411621e-01,2.156034298241138458e-02,9.445904754102230072e-03,-8.637871742248535156e-01,5.033066868782043457e-01,-5.922213662415742874e-03,1.241116970777511597e-02,-5.742630921304225922e-03,1.794161833822727203e-02,-4.813809692859649658e-02,-1.840450428426265717e-02,-1.707010343670845032e-02,-4.288095608353614807e-02,2.034913748502731323e-03,1.601307652890682220e-02,-3.452287986874580383e-02,3.719228133559226990e-02,-3.407373791560530663e-03,-2.268271287903189659e-03,-8.002442121505737305e-02,6.904980540275573730e-02,3.553241789340972900e-01,-6.819705013185739517e-03,1.555273056030273438e+00,-4.005482187494635582e-04,-7.629344239830970764e-03,7.459487300366163254e-03,6.722214072942733765e-02,-3.633284866809844971e-01,5.221101921051740646e-03,1.557074308395385742e+00,3.663591051008552313e-04,-7.338562048971652985e-03,-6.033851765096187592e-03
-5.726011395454406738e-01,-3.899356842041015625e+00,7.679957151412963867e-01,2.156732045114040375e-02,9.449801407754421234e-03,-8.637858629226684570e-01,5.033085942268371582e-01,-5.942168645560741425e-03,1.240994129329919815e-02,-5.747193470597267151e-03,1.794445142149925232e-02,-4.813703149557113647e-02,-1.840430498123168945e-02,-1.708804629743099213e-02,-4.288220778107643127e-02,2.030502539128065109e-03,1.601556688547134399e-02,-3.452324494719505310e-02,3.719247877597808838e-02,-3.423558548092842102e-03,-2.267391420900821686e-03,-8.005109429359436035e-02,6.909959018230438232e-02,3.553227186203002930e-01,-6.804189644753932953e-03,1.555227994918823242e+00,-3.948119992855936289e-04,-7.623107172548770905e-03,7.461853791028261185e-03,6.723700463771820068e-02,-3.633290231227874756e-01,5.245646461844444275e-03,1.557067275047302246e+00,3.805217274930328131e-04,-7.346553262323141098e-03,-6.036459933966398239e-03
-5.726011991500854492e-01,-3.899356842041015625e+00,7.679957151412963867e-01,2.157007902860641479e-02,9.451333433389663696e-03,-8.637852668762207031e-01,5.033094286918640137e-01,-5.950106307864189148e-03,1.240941137075424194e-02,-5.749136675149202347e-03,1.794562675058841705e-02,-4.813660681247711182e-02,-1.840421929955482483e-02,-1.709512621164321899e-02,-4.288275167346000671e-02,2.028620103374123573e-03,1.601659506559371948e-02,-3.452343493700027466e-02,3.719256818294525146e-02,-3.430436598137021065e-03,-2.267046831548213959e-03,-8.006142824888229370e-02,6.912028044462203979e-02,3.553222417831420898e-01,-6.797316018491983414e-03,1.555206418037414551e+00,-3.921992029063403606e-04,-7.616383489221334457e-03,7.462535053491592407e-03,6.724198907613754272e-02,-3.633293211460113525e-01,5.255733616650104523e-03,1.557064414024353027e+00,3.861747973132878542e-04,-7.348280400037765503e-03,-6.037188693881034851e-03
-5.726012587547302246e-01,-3.899356842041015625e+00,7.679957151412963867e-01,2.157116495072841644e-02,9.451932273805141449e-03,-8.637850284576416016e-01,5.033097863197326660e-01,-5.953239277005195618e-03,1.240918505936861038e-02,-5.749959498643875122e-03,1.794609613716602325e-02,-4.813643544912338257e-02,-1.840418204665184021e-02,-1.709789596498012543e-02,-4.288298264145851135e-02,2.027821028605103493e-03,1.601700484752655029e-02,-3.452352434396743774e-02,3.719260543584823608e-02,-3.433377016335725784e-03,-2.266903640702366829e-03,-8.006545156240463257e-02,6.912912428379058838e-02,3.553220629692077637e-01,-6.794258952140808105e-03,1.555196166038513184e+00,-3.910204395651817322e-04,-7.611942477524280548e-03,7.462732493877410889e-03,6.724371016025543213e-02,-3.633294701576232910e-01,5.259932018816471100e-03,1.557063102722167969e+00,3.884513280354440212e-04,-7.348487153649330139e-03,-6.037396844476461411e-03
-5.726012587547302246e-01,-3.899357080459594727e+00,7.679957151412963867e-01,2.157159335911273956e-02,9.452167898416519165e-03,-8.637849688529968262e-01,5.033099651336669922e-01,-5.954476073384284973e-03,1.240909006446599960e-02,-5.750308744609355927e-03,1.794628053903579712e-02,-4.813636466860771179e-02,-1.840416714549064636e-02,-1.709898002445697784e-02,-4.288307949900627136e-02,2.027481328696012497e-03,1.601716503500938416e-02,-3.452356532216072083e-02,3.719262033700942993e-02,-3.434643847867846489e-03,-2.266842173412442207e-03,-8.006703108549118042e-02,6.913298368453979492e-02,3.553220033645629883e-01,-6.792894098907709122e-03,1.555191278457641602e+00,-3.904912155121564865e-04,-7.609413005411624908e-03,7.462790701538324356e-03,6.724431365728378296e-02,-3.633295595645904541e-01,5.261701531708240509e-03,1.557062625885009766e+00,3.893779066856950521e-04,-7.348405197262763977e-03,-6.037457846105098724e-03
-5.726012587547302246e-01,-3.899357080459594727e+00,7.679957151412963867e-01,2.157176285982131958e-02,9.452261030673980713e-03,-8.637849092483520508e-01,5.033100247383117676e-01,-5.954967346042394638e-03,1.240904908627271652e-02,-5.750457290560007095e-03,1.794635131955146790e-02,-4.813633486628532410e-02,-1.840416155755519867e-02,-1.709940470755100250e-02,-4.288312047719955444e-02,2.027336042374372482e-03,1.601722650229930878e-02,-3.452358394861221313e-02,3.719262778759002686e-02,-3.435194259509444237e-03,-2.266814932227134705e-03,-8.006765693426132202e-02,6.913470476865768433e-02,3.553219735622406006e-01,-6.792281754314899445e-03,1.555188894271850586e+00,-3.902539901901036501e-04,-7.608067709952592850e-03,7.462808396667242050e-03,6.724452972412109375e-02,-3.633295893669128418e-01,5.262456368654966354e-03,1.557062387466430664e+00,3.897594870068132877e-04,-7.348313461989164352e-03,-6.037476472556591034e-03
-5.726012587547302246e-01,-3.899357080459594727e+00,7.679957151412963867e-01,2.157182991504669189e-02,9.452298283576965332e-03,-8.637849092483520508e-01,5.033100247383117676e-01,-5.955164320766925812e-03,1.240903139114379883e-02,-5.750521551817655563e-03,1.794637925922870636e-02,-4.813632369041442871e-02,-1.840415783226490021e-02,-1.709957420825958252e-02,-4.288313910365104675e-02,2.027273643761873245e-03,1.601725071668624878e-02,-3.452359139919281006e-02,3.719262778759002686e-02,-3.435435472056269646e-03,-2.266802592203021049e-03,-8.006791025400161743e-02,6.913548707962036133e-02,3.553219735622406006e-01,-6.792006082832813263e-03,1.555187702178955078e+00,-3.901476156897842884e-04,-7.607378996908664703e-03,7.462813518941402435e-03,6.724461168050765991e-02,-3.633295893669128418e-01,5.262782797217369080e-03,1.557062268257141113e+00,3.899185976479202509e-04,-7.348255254328250885e-03,-6.037482060492038727e-03
-5.726012587547302246e-01,-3.899357080459594727e+00,7.679957151412963867e-01,2.157185785472393036e-02,9.452313184738159180e-03,-8.637848496437072754e-01,5.033100247383117676e-01,-5.955244414508342743e-03,1.240902394056320190e-02,-5.750549025833606720e-03,1.794639043509960175e-02,-4.813631623983383179e-02,-1.840415596961975098e-02,-1.709964312613010406e-02,-4.288314655423164368e-02,2.027246402576565742e-03,1.601726002991199493e-02,-3.452359512448310852e-02,3.719263151288032532e-02,-3.435542108491063118e-03,-2.266797004267573357e-03,-8.006801456212997437e-02,6.913583725690841675e-02,3.553219735622406006e-01,-6.791881285607814789e-03,1.555187225341796875e+00,-3.900998563040047884e-04,-7.607034407556056976e-03,7.462815381586551666e-03,6.724464893341064453e-02,-3.633296191692352295e-01,5.262924823909997940e-03,1.557062149047851562e+00,3.899857692886143923e-04,-7.348223589360713959e-03,-6.037483923137187958e-03
-5.726012587547302246e-01,-3.899357080459594727e+00,7.679957151412963867e-01,2.157186903059482574e-02,9.452319703996181488e-03,-8.637848496437072754e-01,5.033100247383117676e-01,-5.955277476459741592e-03,1.240902114659547806e-02,-5.750561133027076721e-03,1.794639602303504944e-02,-4.813631623983383179e-02,-1.840415596961975098e-02,-1.709967106580734253e-02,-4.288315027952194214e-02,2.027234528213739395e-03,1.601726375520229340e-02,-3.452359512448310852e-02,3.719263151288032532e-02,-3.435589605942368507e-03,-2.266794443130493164e-03,-8.006805181503295898e-02,6.913600116968154907e-02,3.553219437599182129e-01,-6.791824474930763245e-03,1.555186986923217773e+00,-3.900783194694668055e-04,-7.606864906847476959e-03,7.462816312909126282e-03,6.724465638399124146e-02,-3.633296191692352295e-01,5.262988153845071793e-03,1.557062149047851562e+00,3.900144947692751884e-04,-7.348207756876945496e-03,-6.037484854459762573e-03
-5.726012587547302246e-01,-3.899357080459594727e+00,7.679957151412963867e-01,2.157187461853027344e-02,9.452322497963905334e-03,-8.637848496437072754e-01,5.033100843429565430e-01,-5.955291446298360825e-03,1.240901928395032883e-02,-5.750566255301237106e-03,1.794639602303504944e-02,-4.813631251454353333e-02,-1.840415596961975098e-02,-1.709968224167823792e-02,-4.288315027952194214e-02,2.027229405939579010e-03,1.601726375520229340e-02,-3.452359512448310852e-02,3.719263151288032532e-02,-3.435611026361584663e-03,-2.266793278977274895e-03,-8.006807416677474976e-02,6.913607567548751831e-02,3.553219437599182129e-01,-6.791798397898674011e-03,1.555186867713928223e+00,-3.900685987900942564e-04,-7.606782019138336182e-03,7.462816312909126282e-03,6.724466383457183838e-02,-3.633296191692352295e-01,5.263016093522310257e-03,1.557062149047851562e+00,3.900269221048802137e-04,-7.348200306296348572e-03,-6.037484854459762573e-03
-5.726012587547302246e-01,-3.899357080459594727e+00,7.679957151412963867e-01,2.157187648117542267e-02,9.452323429286479950e-03,-8.637848496437072754e-01,5.033100843429565430e-01,-5.955297499895095825e-03,1.240901928395032883e-02,-5.750569049268960953e-03,1.794639788568019867e-02,-4.813631251454353333e-02,-1.840415596961975098e-02,-1.709968596696853638e-02,-4.288315400481224060e-02,2.027227077633142471e-03,1.601726561784744263e-02,-3.452359512448310852e-02,3.719263151288032532e-02,-3.435620572417974472e-03,-2.266792813315987587e-03,-8.006808161735534668e-02,6.913611292839050293e-02,3.553219437599182129e-01,-6.791786290705204010e-03,1.555186748504638672e+00,-3.900641750078648329e-04,-7.606742437928915024e-03,7.462816312909126282e-03,6.724466383457183838e-02,-3.633296191692352295e-01,5.263028666377067566e-03,1.557062149047851562e+00,3.900323645211756229e-04,-7.348196581006050110e-03,-6.037484854459762573e-03
-5.726012587547302246e-01,-3.899357080459594727e+00,7.679957151412963867e-01,2.157187834382057190e-02,9.452323429286479950e-03,-8.637848496437072754e-01,5.033100843429565430e-01,-5.955299828201532364e-03,1.240901835262775421e-02,-5.750569980591535568e-03,1.794639788568019867e-02,-4.813631251454353333e-02,-1.840415596961975098e-02,-1.709968969225883484e-02,-4.288315400481224060e-02,2.027225913479924202e-03,1.601726561784744263e-02,-3.452359512448310852e-02,3.719263151288032532e-02,-3.435624996200203896e-03,-2.266792580485343933e-03,-8.006808161735534668e-02,6.913612782955169678e-02,3.553219437599182129e-01,-6.791781168431043625e-03,1.555186748504638672e+00,-3.900621668435633183e-04,-7.606722880154848099e-03,7.462816778570413589e-03,6.724466383457183838e-02,-3.633296191692352295e-01,5.263034254312515259e-03,1.557062149047851562e+00,3.900347801391035318e-04,-7.348194718360900879e-03,-6.037484854459762573e-03
-5.726012587547302246e-01,-3.899357080459594727e+00,7.679957151412963867e-01,2.157187834382057190e-02,9.452324360609054565e-03,-8.637848496437072754e-01,5.033100843429565430e-01,-5.955301225185394287e-03,1.240901835262775421e-02,-5.750570446252822876e-03,1.794639788568019867e-02,-4.813631251454353333e-02,-1.840415596961975098e-02,-1.709968969225883484e-02,-4.288315400481224060e-02,2.027225447818636894e-03,1.601726561784744263e-02,-3.452359512448310852e-02,3.719263151288032532e-02,-3.435627091675996780e-03,-2.266792347654700279e-03,-8.006808906793594360e-02,6.913613528013229370e-02,3.553219437599182129e-01,-6.791778374463319778e-03,1.555186748504638672e+00,-3.900612355209887028e-04,-7.606713566929101944e-03,7.462816778570413589e-03,6.724466383457183838e-02,-3.633296191692352295e-01,5.263037048280239105e-03,1.557062149047851562e+00,3.900358569808304310e-04,-7.348194252699613571e-03,-6.037484854459762573e-03
-5.726012587547302246e-01,-3.899357080459594727e+00,7.679957151412963867e-01,2.157187648117542267e-02,9.452323429286479950e-03,-8.637848496437072754e-01,5.033100843429565430e-01,-5.955299828201532364e-03,1.240901742130517960e-02,-5.750570446252822876e-03,1.794639788568019867e-02,-4.813631251454353333e-02,-1.840415410697460175e-02,-1.709968782961368561e-02,-4.288315400481224060e-02,2.027225214987993240e-03,1.601726561784744263e-02,-3.452359512448310852e-02,3.719263151288032532e-02,-3.435627557337284088e-03,-2.266799798235297203e-03,-8.006808906793594360e-02,6.913615018129348755e-02,3.553219735622406006e-01,-6.791777443140745163e-03,1.555186748504638672e+00,-3.900604497175663710e-04,-7.606710772961378098e-03,7.462812121957540512e-03,6.724467128515243530e-02,-3.633296191692352295e-01,5.263038445264101028e-03,1.557062149047851562e+00,3.900362062267959118e-04,-7.348193787038326263e-03,-6.037484854459762573e-03
-5.726012587547302246e-01,-3.899357080459594727e+00,7.679957151412963867e-01,2.157187648117542267e-02,9.452323429286479950e-03,-8.637848496437072754e-01,5.033100843429565430e-01,-5.955299828201532364e-03,1.240901742130517960e-02,-5.750570446252822876e-03,1.794639788568019867e-02,-4.813631251454353333e-02,-1.840415410697460175e-02,-1.709968782961368561e-02,-4.288315400481224060e-02,2.027225214987993240e-03,1.601726561784744263e-02,-3.452359512448310852e-02,3.719263151288032532e-02,-3.435628022998571396e-03,-2.266802126541733742e-03,-8.006808906793594360e-02,6.913615763187408447e-02,3.553219735622406006e-01,-6.791776977479457855e-03,1.555186748504638672e+00,-3.900602168869227171e-04,-7.606709841638803482e-03,7.462809327989816666e-03,6.724467128515243530e-02,-3.633295893669128418e-01,5.263039376586675644e-03,1.557062149047851562e+00,3.900364681612700224e-04,-7.348193787038326263e-03,-6.037485785782337189e-03
-5.726012587547302246e-01,-3.899357080459594727e+00,7.679957151412963867e-01,2.157187648117542267e-02,9.452323429286479950e-03,-8.637848496437072754e-01,5.033100843429565430e-01,-5.955299828201532364e-03,1.240901742130517960e-02,-5.750570911914110184e-03,1.794639788568019867e-02,-4.813631251454353333e-02,-1.840415410697460175e-02,-1.709968782961368561e-02,-4.288315400481224060e-02,2.027225214987993240e-03,1.601726561784744263e-02,-3.452359512448310852e-02,3.719263151288032532e-02,-3.435628255829215050e-03,-2.266802592203021049e-03,-8.006808906793594360e-02,6.913615763187408447e-02,3.553219735622406006e-01,-6.791776977479457855e-03,1.555186748504638672e+00,-3.900601586792618036e-04,-7.606708910316228867e-03,7.462808396667242050e-03,6.724467128515243530e-02,-3.633295893669128418e-01,5.263039842247962952e-03,1.557062149047851562e+00,3.900366136804223061e-04,-7.348193787038326263e-03,-6.037486251443624496e-03
-5.726012587547302246e-01,-3.899357080459594727e+00,7.679957151412963867e-01,2.157187648117542267e-02,9.452323429286479950e-03,-8.637848496437072754e-01,5.033100843429565430e-01,-5.955299828201532364e-03,1.240901742130517960e-02,-5.750570911914110184e-03,1.794639788568019867e-02,-4.813631251454353333e-02,-1.840415410697460175e-02,-1.709968782961368561e-02,-4.288315400481224060e-02,2.027225214987993240e-03,1.601726561784744263e-02,-3.452359512448310852e-02,3.719263151288032532e-02,-3.435628488659858704e-03,-2.266802825033664703e-03,-8.006808906793594360e-02,6.913615763187408447e-02,3.553219735622406006e-01,-6.791776977479457855e-03,1.555186748504638672e+00,-3.900601295754313469e-04,-7.606708444654941559e-03,7.462807931005954742e-03,6.724467128515243530e-02,-3.633295893669128418e-01,5.263040307909250259e-03,1.557062149047851562e+00,3.900367009919136763e-04,-7.348193321377038956e-03,-6.037486251443624496e-03
-5.726012587547302246e-01,-3.899357080459594727e+00,7.679957151412963867e-01,2.157187834382057190e-02,9.452323429286479950e-03,-8.637848496437072754e-01,5.033100843429565430e-01,-5.955299828201532364e-03,1.240901742130517960e-02,-5.750570911914110184e-03,1.794639788568019867e-02,-4.813631251454353333e-02,-1.840415410697460175e-02,-1.709968782961368561e-02,-4.288315400481224060e-02,2.027225214987993240e-03,1.601726561784744263e-02,-3.452359512448310852e-02,3.719263151288032532e-02,-3.435628488659858704e-03,-2.266802825033664703e-03,-8.006808906793594360e-02,6.913615763187408447e-02,3.553219735622406006e-01,-6.791776511818170547e-03,1.555186748504638672e+00,-3.900601295754313469e-04,-7.606707978993654251e-03,7.462807931005954742e-03,6.724467128515243530e-02,-3.633295893669128418e-01,5.263040307909250259e-03,1.557062149047851562e+00,3.900367300957441330e-04,-7.348193321377038956e-03,-6.037486251443624496e-03
-5.726012587547302246e-01,-3.899357080459594727e+00,7.679957151412963867e-01,2.157187834382057190e-02,9.452323429286479950e-03,-8.637848496437072754e-01,5.033100843429565430e-01,-5.955299828201532364e-03,1.240901742130517960e-02,-5.750570911914110184e-03,1.794639788568019867e-02,-4.813631251454353333e-02,-1.840415410697460175e-02,-1.709968782961368561e-02,-4.288315400481224060e-02,2.027225214987993240e-03,1.601726561784744263e-02,-3.452359512448310852e-02,3.719263151288032532e-02,-3.435628488659858704e-03,-2.266802825033664703e-03,-8.006808906793594360e-02,6.913615763187408447e-02,3.553219735622406006e-01,-6.791776511818170547e-03,1.555186748504638672e+00,-3.900601004716008902e-04,-7.606707978993654251e-03,7.462807931005954742e-03,6.724467128515243530e-02,-3.633295893669128418e-01,5.263040307909250259e-03,1.557062149047851562e+00,3.900367300957441330e-04,-7.348193321377038956e-03,-6.037486251443624496e-03
-5.726012587547302246e-01,-3.899357080459594727e+00,7.679957151412963867e-01,2.157187834382057190e-02,9.452323429286479950e-03,-8.637848496437072754e-01,5.033100843429565430e-01,-5.955300293862819672e-03,1.240901742130517960e-02,-5.750570911914110184e-03,1.794639788568019867e-02,-4.813631251454353333e-02,-1.840415410697460175e-02,-1.709968782961368561e-02,-4.288315400481224060e-02,2.027225214987993240e-03,1.601726561784744263e-02,-3.452359512448310852e-02,3.719263151288032532e-02,-3.435628488659858704e-03,-2.266802825033664703e-03,-8.006808906793594360e-02,6.913615763187408447e-02,3.553219735622406006e-01,-6.791776511818170547e-03,1.555186748504638672e+00,-3.900601004716008902e-04,-7.606707513332366943e-03,7.462807931005954742e-03,6.724467128515243530e-02,-3.633295893669128418e-01,5.263040307909250259e-03,1.557062149047851562e+00,3.900367300957441330e-04,-7.348193321377038956e-03,-6.037486251443624496e-03
-5.726012587547302246e-01,-3.899357080459594727e+00,7.679957151412963867e-01,2.157187834382057190e-02,9.452324360609054565e-03,-8.637848496437072754e-01,5.033100843429565430e-01,-5.955302156507968903e-03,1.240901835262775421e-02,-5.750570911914110184e-03,1.794639788568019867e-02,-4.813631251454353333e-02,-1.840415596961975098e-02,-1.709968969225883484e-02,-4.288315400481224060e-02,2.027224982157349586e-03,1.601726561784744263e-02,-3.452359512448310852e-02,3.719263151288032532e-02,-3.435628954321146011e-03,-2.266795374453067780e-03,-8.006808906793594360e-02,6.913614273071289062e-02,3.553219735622406006e-01,-6.791776511818170547e-03,1.555186748504638672e+00,-3.900604788213968277e-04,-7.606706116348505020e-03,7.462812121957540512e-03,6.724467128515243530e-02,-3.633296191692352295e-01,5.263039842247962952e-03,1.557062149047851562e+00,3.900368756148964167e-04,-7.348193321377038956e-03,-6.037486251443624496e-03
-5.726012587547302246e-01,-3.899357080459594727e+00,7.679957151412963867e-01,2.157187834382057190e-02,9.452324360609054565e-03,-8.637848496437072754e-01,5.033100843429565430e-01,-5.955302156507968903e-03,1.240901835262775421e-02,-5.750570911914110184e-03,1.794639788568019867e-02,-4.813631251454353333e-02,-1.840415596961975098e-02,-1.709969155490398407e-02,-4.288315400481224060e-02,2.027224982157349586e-03,1.601726561784744263e-02,-3.452359512448310852e-02,3.719263151288032532e-02,-3.435628954321146011e-03,-2.266793278977274895e-03,-8.006808906793594360e-02,6.913614273071289062e-02,3.553219437599182129e-01,-6.791776046156883240e-03,1.555186748504638672e+00,-3.900605079252272844e-04,-7.606705185025930405e-03,7.462814915925264359e-03,6.724466383457183838e-02,-3.633296191692352295e-01,5.263039376586675644e-03,1.557062149047851562e+00,3.900368465110659599e-04,-7.348193321377038956e-03,-6.037485785782337189e-03
-5.726012587547302246e-01,-3.899357080459594727e+00,7.679957151412963867e-01,2.157187834382057190e-02,9.452324360609054565e-03,-8.637848496437072754e-01,5.033100843429565430e-01,-5.955302156507968903e-03,1.240901835262775421e-02,-5.750570911914110184e-03,1.794639788568019867e-02,-4.813631251454353333e-02,-1.840415596961975098e-02,-1.709969155490398407e-02,-4.288315400481224060e-02,2.027224982157349586e-03,1.601726561784744263e-02,-3.452359512448310852e-02,3.719263151288032532e-02,-3.435628954321146011e-03,-2.266792580485343933e-03,-8.006808906793594360e-02,6.913614273071289062e-02,3.553219437599182129e-01,-6.791776046156883240e-03,1.555186748504638672e+00,-3.900604788213968277e-04,-7.606705185025930405e-03,7.462816312909126282e-03,6.724466383457183838e-02,-3.633296191692352295e-01,5.263039376586675644e-03,1.557062149047851562e+00,3.900367883034050465e-04,-7.348193321377038956e-03,-6.037485320121049881e-03
-5.726012587547302246e-01,-3.899357080459594727e+00,7.679957151412963867e-01,2.157187834382057190e-02,9.452324360609054565e-03,-8.637848496437072754e-01,5.033100843429565430e-01,-5.955302156507968903e-03,1.240901835262775421e-02,-5.750570911914110184e-03,1.794639788568019867e-02,-4.813631251454353333e-02,-1.840415596961975098e-02,-1.709968969225883484e-02,-4.288315400481224060e-02,2.027224982157349586e-03,1.601726561784744263e-02,-3.452359512448310852e-02,3.719263151288032532e-02,-3.435628954321146011e-03,-2.266792347654700279e-03,-8.006808906793594360e-02,6.913614273071289062e-02,3.553219437599182129e-01,-6.791776046156883240e-03,1.555186748504638672e+00,-3.900604497175663710e-04,-7.606705185025930405e-03,7.462816312909126282e-03,6.724466383457183838e-02,-3.633296191692352295e-01,5.263039376586675644e-03,1.557062149047851562e+00,3.900367591995745897e-04,-7.348193321377038956e-03,-6.037485320121049881e-03
-5.726012587547302246e-01,-3.899357080459594727e+00,7.679957151412963867e-01,2.157187834382057190e-02,9.452324360609054565e-03,-8.637848496437072754e-01,5.033100843429565430e-01,-5.955302156507968903e-03,1.240901835262775421e-02,-5.750570911914110184e-03,1.794639788568019867e-02,-4.813631251454353333e-02,-1.840415596961975098e-02,-1.709968969225883484e-02,-4.288315400481224060e-02,2.027224982157349586e-03,1.601726561784744263e-02,-3.452359512448310852e-02,3.719263151288032532e-02,-3.435628954321146011e-03,-2.266792347654700279e-03,-8.006808906793594360e-02,6.913614273071289062e-02,3.553219437599182129e-01,-6.791776046156883240e-03,1.555186748504638672e+00,-3.900604497175663710e-04,-7.606705185025930405e-03,7.462816778570413589e-03,6.724466383457183838e-02,-3.633296191692352295e-01,5.263039376586675644e-03,1.557062149047851562e+00,3.900367591995745897e-04,-7.348193321377038956e-03,-6.037485320121049881e-03
-5.726012587547302246e-01,-3.899357080459594727e+00,7.679957151412963867e-01,2.157187834382057190e-02,9.452324360609054565e-03,-8.637848496437072754e-01,5.033100843429565430e-01,-5.955302156507968903e-03,1.240901835262775421e-02,-5.750570911914110184e-03,1.794639788568019867e-02,-4.813631251454353333e-02,-1.840415596961975098e-02,-1.709968969225883484e-02,-4.288315400481224060e-02,2.027224982157349586e-03,1.601726561784744263e-02,-3.452359512448310852e-02,3.719263151288032532e-02,-3.435628721490502357e-03,-2.266792347654700279e-03,-8.006808906793594360e-02,6.913614273071289062e-02,3.553219437599182129e-01,-6.791776046156883240e-03,1.555186748504638672e+00,-3.900604497175663710e-04,-7.606705185025930405e-03,7.462816778570413589e-03,6.724466383457183838e-02,-3.633296191692352295e-01,5.263039376586675644e-03,1.557062149047851562e+00,3.900367591995745897e-04,-7.348193321377038956e-03,-6.037484854459762573e-03
-5.726012587547302246e-01,-3.899357080459594727e+00,7.679957151412963867e-01,2.157187834382057190e-02,9.452324360609054565e-03,-8.637848496437072754e-01,5.033100843429565430e-01,-5.955302156507968903e-03,1.240901835262775421e-02,-5.750570911914110184e-03,1.794639788568019867e-02,-4.813631251454353333e-02,-1.840415596961975098e-02,-1.709968969225883484e-02,-4.288315400481224060e-02,2.027224982157349586e-03,1.601726561784744263e-02,-3.452359512448310852e-02,3.719263151288032532e-02,-3.435628721490502357e-03,-2.266792347654700279e-03,-8.006808906793594360e-02,6.913614273071289062e-02,3.553219437599182129e-01,-6.791776046156883240e-03,1.555186748504638672e+00,-3.900604497175663710e-04,-7.606705185025930405e-03,7.462816778570413589e-03,6.724466383457183838e-02,-3.633296191692352295e-01,5.263039376586675644e-03,1.557062149047851562e+00,3.900367591995745897e-04,-7.348193321377038956e-03,-6.037484854459762573e-03
-5.726012587547302246e-01,-3.899357080459594727e+00,7.679957151412963867e-01,2.157187834382057190e-02,9.452324360609054565e-03,-8.637848496437072754e-01,5.033100843429565430e-01,-5.955302156507968903e-03,1.240901835262775421e-02,-5.750570911914110184e-03,1.794639788568019867e-02,-4.813631251454353333e-02,-1.840415596961975098e-02,-1.709968969225883484e-02,-4.288315400481224060e-02,2.027224982157349586e-03,1.601726561784744263e-02,-3.452359512448310852e-02,3.719263151288032532e-02,-3.435628721490502357e-03,-2.266792347654700279e-03,-8.006808906793594360e-02,6.913614273071289062e-02,3.553219437599182129e-01,-6.791776046156883240e-03,1.555186748504638672e+00,-3.900604497175663710e-04,-7.606705185025930405e-03,7.462816778570413589e-03,6.724466383457183838e-02,-3.633296191692352295e-01,5.263039376586675644e-03,1.557062149047851562e+00,3.900367591995745897e-04,-7.348193321377038956e-03,-6.037484854459762573e-03
-5.726012587547302246e-01,-3.899357080459594727e+00,7.679957151412963867e-01,2.157187834382057190e-02,9.452324360609054565e-03,-8.637848496437072754e-01,5.033100843429565430e-01,-5.955302156507968903e-03,1.240901835262775421e-02,-5.750570911914110184e-03,1.794639788568019867e-02,-4.813631251454353333e-02,-1.840415596961975098e-02,-1.709968969225883484e-02,-4.288315400481224060e-02,2.027224982157349586e-03,1.601726561784744263e-02,-3.452359512448310852e-02,3.719263151288032532e-02,-3.435628721490502357e-03,-2.266792347654700279e-03,-8.006808906793594360e-02,6.913614273071289062e-02,3.553219437599182129e-01,-6.791776046156883240e-03,1.555186748504638672e+00,-3.900604497175663710e-04,-7.606705185025930405e-03,7.462816778570413589e-03,6.724466383457183838e-02,-3.633296191692352295e-01,5.263039376586675644e-03,1.557062149047851562e+00,3.900367591995745897e-04,-7.348193321377038956e-03,-6.037484854459762573e-03
-5.726012587547302246e-01,-3.899357080459594727e+00,7.679957151412963867e-01,2.157187834382057190e-02,9.452324360609054565e-03,-8.637848496437072754e-01,5.033100843429565430e-01,-5.955302156507968903e-03,1.240901835262775421e-02,-5.750570911914110184e-03,1.794639788568019867e-02,-4.813631251454353333e-02,-1.840415596961975098e-02,-1.709968969225883484e-02,-4.288315400481224060e-02,2.027224982157349586e-03,1.601726561784744263e-02,-3.452359512448310852e-02,3.719263151288032532e-02,-3.435628721490502357e-03,-2.266792347654700279e-03,-8.006808906793594360e-02,6.913614273071289062e-02,3.553219437599182129e-01,-6.791776046156883240e-03,1.555186748504638672e+00,-3.900604497175663710e-04,-7.606705185025930405e-03,7.462816778570413589e-03,6.724466383457183838e-02,-3.633296191692352295e-01,5.263039376586675644e-03,1.557062149047851562e+00,3.900367591995745897e-04,-7.348193321377038956e-03,-6.037484854459762573e-03
-5.726012587547302246e-01,-3.899357080459594727e+00,7.679957151412963867e-01,2.157187834382057190e-02,9.452324360609054565e-03,-8.637848496437072754e-01,5.033100843429565430e-01,-5.955302156507968903e-03,1.240901835262775421e-02,-5.750570911914110184e-03,1.794639788568019867e-02,-4.813631251454353333e-02,-1.840415596961975098e-02,-1.709968969225883484e-02,-4.288315400481224060e-02,2.027224982157349586e-03,1.601726561784744263e-02,-3.452359512448310852e-02,3.719263151288032532e-02,-3.435628721490502357e-03,-2.266792347654700279e-03,-8.006808906793594360e-02,6.913614273071289062e-02,3.553219437599182129e-01,-6.791776046156883240e-03,1.555186748504638672e+00,-3.900604497175663710e-04,-7.606705185025930405e-03,7.462816778570413589e-03,6.724466383457183838e-02,-3.633296191692352295e-01,5.263039376586675644e-03,1.557062149047851562e+00,3.900367591995745897e-04,-7.348193321377038956e-03,-6.037484854459762573e-03
-5.726012587547302246e-01,-3.899357080459594727e+00,7.679957151412963867e-01,2.157187834382057190e-02,9.452324360609054565e-03,-8.637848496437072754e-01,5.033100843429565430e-01,-5.955302156507968903e-03,1.240901835262775421e-02,-5.750570911914110184e-03,1.794639788568019867e-02,-4.813631251454353333e-02,-1.840415596961975098e-02,-1.709968969225883484e-02,-4.288315400481224060e-02,2.027224982157349586e-03,1.601726561784744263e-02,-3.452359512448310852e-02,3.719263151288032532e-02,-3.435628721490502357e-03,-2.266792347654700279e-03,-8.006808906793594360e-02,6.913614273071289062e-02,3.553219437599182129e-01,-6.791776046156883240e-03,1.555186748504638672e+00,-3.900604497175663710e-04,-7.606705185025930405e-03,7.462816778570413589e-03,6.724466383457183838e-02,-3.633296191692352295e-01,5.263039376586675644e-03,1.557062149047851562e+00,3.900367591995745897e-04,-7.348193321377038956e-03,-6.037484854459762573e-03
-5.726012587547302246e-01,-3.899357080459594727e+00,7.679957151412963867e-01,2.157187834382057190e-02,9.452324360609054565e-03,-8.637848496437072754e-01,5.033100843429565430e-01,-5.955302156507968903e-03,1.240901835262775421e-02,-5.750570911914110184e-03,1.794639788568019867e-02,-4.813631251454353333e-02,-1.840415596961975098e-02,-1.709968969225883484e-02,-4.288315400481224060e-02,2.027224982157349586e-03,1.601726561784744263e-02,-3.452359512448310852e-02,3.719263151288032532e-02,-3.435628721490502357e-03,-2.266792347654700279e-03,-8.006808906793594360e-02,6.913614273071289062e-02,3.553219437599182129e-01,-6.791776046156883240e-03,1.555186748504638672e+00,-3.900604497175663710e-04,-7.606705185025930405e-03,7.462816778570413589e-03,6.724466383457183838e-02,-3.633296191692352295e-01,5.263039376586675644e-03,1.557062149047851562e+00,3.900367591995745897e-04,-7.348193321377038956e-03,-6.037484854459762573e-03
-5.726012587547302246e-01,-3.899357080459594727e+00,7.679957151412963867e-01,2.157187834382057190e-02,9.452323429286479950e-03,-8.637848496437072754e-01,5.033100843429565430e-01,-5.955301690846681595e-03,1.240901648998260498e-02,-5.750570446252822876e-03,1.794639788568019867e-02,-4.813631251454353333e-02,-1.840415596961975098e-02,-1.709968969225883484e-02,-4.288315400481224060e-02,2.027225214987993240e-03,1.601726561784744263e-02,-3.452359512448310852e-02,3.719263151288032532e-02,-3.435628954321146011e-03,-2.266793511807918549e-03,-8.006808906793594360e-02,6.913614273071289062e-02,3.553219437599182129e-01,-6.791776046156883240e-03,1.555186748504638672e+00,-3.900604497175663710e-04,-7.606705185025930405e-03,7.462816778570413589e-03,6.724466383457183838e-02,-3.633296191692352295e-01,5.263039376586675644e-03,1.557062149047851562e+00,3.900367591995745897e-04,-7.348193321377038956e-03,-6.037485320121049881e-03
-5.726012587547302246e-01,-3.899357080459594727e+00,7.679957151412963867e-01,2.157187648117542267e-02,9.452323429286479950e-03,-8.637848496437072754e-01,5.033100843429565430e-01,-5.955299828201532364e-03,1.240901742130517960e-02,-5.750570911914110184e-03,1.794639788568019867e-02,-4.813631251454353333e-02,-1.840415410697460175e-02,-1.709968782961368561e-02,-4.288315400481224060e-02,2.027224982157349586e-03,1.601726561784744263e-02,-3.452359512448310852e-02,3.719263151288032532e-02,-3.435628488659858704e-03,-2.266800031065940857e-03,-8.006808906793594360e-02,6.913615763187408447e-02,3.553219735622406006e-01,-6.791776511818170547e-03,1.555186748504638672e+00,-3.900600713677704334e-04,-7.606707047671079636e-03,7.462812121957540512e-03,6.724467128515243530e-02,-3.633296191692352295e-01,5.263039842247962952e-03,1.557062149047851562e+00,3.900366136804223061e-04,-7.348193321377038956e-03,-6.037484854459762573e-03
-5.726012587547302246e-01,-3.899357080459594727e+00,7.679957151412963867e-01,2.157187648117542267e-02,9.452323429286479950e-03,-8.637848496437072754e-01,5.033100843429565430e-01,-5.955299828201532364e-03,1.240901742130517960e-02,-5.750570911914110184e-03,1.794639788568019867e-02,-4.813631251454353333e-02,-1.840415410697460175e-02,-1.709968782961368561e-02,-4.288315400481224060e-02,2.027225214987993240e-03,1.601726561784744263e-02,-3.452359512448310852e-02,3.719263151288032532e-02,-3.435628488659858704e-03,-2.266802126541733742e-03,-8.006808906793594360e-02,6.913615763187408447e-02,3.553219735622406006e-01,-6.791776511818170547e-03,1.555186748504638672e+00,-3.900600422639399767e-04,-7.606707513332366943e-03,7.462809327989816666e-03,6.724467128515243530e-02,-3.633295893669128418e-01,5.263039842247962952e-03,1.557062149047851562e+00,3.900366427842527628e-04,-7.348193787038326263e-03,-6.037485785782337189e-03
-5.726012587547302246e-01,-3.899357080459594727e+00,7.679957151412963867e-01,2.157187648117542267e-02,9.452323429286479950e-03,-8.637848496437072754e-01,5.033100843429565430e-01,-5.955299828201532364e-03,1.240901742130517960e-02,-5.750570911914110184e-03,1.794639788568019867e-02,-4.813631251454353333e-02,-1.840415410697460175e-02,-1.709968782961368561e-02,-4.288315400481224060e-02,2.027225214987993240e-03,1.601726561784744263e-02,-3.452359512448310852e-02,3.719263151288032532e-02,-3.435628488659858704e-03,-2.266802592203021049e-03,-8.006808906793594360e-02,6.913615763187408447e-02,3.553219735622406006e-01,-6.791776511818170547e-03,1.555186748504638672e+00,-3.900600713677704334e-04,-7.606707978993654251e-03,7.462808396667242050e-03,6.724467128515243530e-02,-3.633295893669128418e-01,5.263040307909250259e-03,1.557062149047851562e+00,3.900367009919136763e-04,-7.348193321377038956e-03,-6.037486251443624496e-03
-5.726012587547302246e-01,-3.899357080459594727e+00,7.679957151412963867e-01,2.157187648117542267e-02,9.452323429286479950e-03,-8.637848496437072754e-01,5.033100843429565430e-01,-5.955299828201532364e-03,1.240901742130517960e-02,-5.750570911914110184e-03,1.794639788568019867e-02,-4.813631251454353333e-02,-1.840415410697460175e-02,-1.709968782961368561e-02,-4.288315400481224060e-02,2.027225214987993240e-03,1.601726561784744263e-02,-3.452359512448310852e-02,3.719263151288032532e-02,-3.435628488659858704e-03,-2.266802825033664703e-03,-8.006808906793594360e-02,6.913615763187408447e-02,3.553219735622406006e-01,-6.791776511818170547e-03,1.555186748504638672e+00,-3.900601004716008902e-04,-7.606707978993654251e-03,7.462807931005954742e-03,6.724467128515243530e-02,-3.633295893669128418e-01,5.263040307909250259e-03,1.557062149047851562e+00,3.900367300957441330e-04,-7.348193321377038956e-03,-6.037486251443624496e-03
-5.726012587547302246e-01,-3.899357080459594727e+00,7.679957151412963867e-01,2.157187834382057190e-02,9.452323429286479950e-03,-8.637848496437072754e-01,5.033100843429565430e-01,-5.955299828201532364e-03,1.240901742130517960e-02,-5.750570911914110184e-03,1.794639788568019867e-02,-4.813631251454353333e-02,-1.840415410697460175e-02,-1.709968782961368561e-02,-4.288315400481224060e-02,2.027225214987993240e-03,1.601726561784744263e-02,-3.452359512448310852e-02,3.719263151288032532e-02,-3.435628488659858704e-03,-2.266802825033664703e-03,-8.006808906793594360e-02,6.913615763187408447e-02,3.553219735622406006e-01,-6.791776511818170547e-03,1.555186748504638672e+00,-3.900601004716008902e-04,-7.606707513332366943e-03,7.462807931005954742e-03,6.724467128515243530e-02,-3.633295893669128418e-01,5.263040307909250259e-03,1.557062149047851562e+00,3.900367300957441330e-04,-7.348193321377038956e-03,-6.037486251443624496e-03
-5.726012587547302246e-01,-3.899357080459594727e+00,7.679957151412963867e-01,2.157187834382057190e-02,9.452323429286479950e-03,-8.637848496437072754e-01,5.033100843429565430e-01,-5.955300293862819672e-03,1.240901742130517960e-02,-5.750570911914110184e-03,1.794639788568019867e-02,-4.813631251454353333e-02,-1.840415410697460175e-02,-1.709968782961368561e-02,-4.288315400481224060e-02,2.027225214987993240e-03,1.601726561784744263e-02,-3.452359512448310852e-02,3.719263151288032532e-02,-3.435628488659858704e-03,-2.266802825033664703e-03,-8.006808906793594360e-02,6.913615763187408447e-02,3.553219735622406006e-01,-6.791776511818170547e-03,1.555186748504638672e+00,-3.900601004716008902e-04,-7.606707513332366943e-03,7.462807931005954742e-03,6.724467128515243530e-02,-3.633295893669128418e-01,5.263040307909250259e-03,1.557062149047851562e+00,3.900367591995745897e-04,-7.348193321377038956e-03,-6.037486251443624496e-03
