3.252843162044882774e-03,-5.302127823233604431e-02,8.727251291275024414e-01,1.871730200946331024e-02,1.698241196572780609e-02,-6.660502552986145020e-01,7.454785704612731934e-01,-4.583262372761964798e-03,1.158434897661209106e-02,-6.615557707846164703e-03,5.388277117162942886e-03,-3.908463567495346069e-02,-1.756997033953666687e-02,-1.540201157331466675e-02,-4.184111580252647400e-02,6.190995336510241032e-04,3.650069003924727440e-03,-2.591157704591751099e-02,3.607638552784919739e-02,-4.474911838769912720e-03,-2.582668559625744820e-03,-7.900515198707580566e-02,7.147422432899475098e-02,3.599450886249542236e-01,-3.408269025385379791e-03,1.522438406944274902e+00,1.217258861288428307e-03,3.032366000115871429e-02,3.472645068541169167e-03,7.188413292169570923e-02,-3.661123216152191162e-01,1.767282374203205109e-03,1.520661354064941406e+00,-1.380117028020322323e-03,3.186827898025512695e-02,-3.075145417824387550e-03
3.247722983360290527e-03,-5.294594168663024902e-02,8.726318478584289551e-01,1.746515370905399323e-02,1.560783479362726212e-02,-6.663146615028381348e-01,7.453027367591857910e-01,-4.645179957151412964e-03,1.170983072370290756e-02,-6.061548832803964615e-03,1.461705844849348068e-02,-4.488345608115196228e-02,-1.759331487119197845e-02,-1.575443334877490997e-02,-4.168034344911575317e-02,1.381806330755352974e-03,1.291885785758495331e-02,-3.150138631463050842e-02,3.606135770678520203e-02,-3.820744575932621956e-03,-2.321281237527728081e-03,-7.805512100458145142e-02,7.167051732540130615e-02,3.587662577629089355e-01,-5.604887381196022034e-03,1.539160490036010742e+00,3.173324803356081247e-04,1.032796036452054977e-02,4.936823621392250061e-03,7.076808810234069824e-02,-3.659558594226837158e-01,3.983976319432258606e-03,1.539306521415710449e+00,-3.466055204626172781e-04,1.147548761218786240e-02,-3.969030454754829407e-03
3.248182823881506920e-03,-5.293399468064308167e-02,8.726283311843872070e-01,1.743527874350547791e-02,1.559439208358526230e-02,-6.663851141929626465e-01,7.452406883239746094e-01,-4.873554222285747528e-03,1.177175063639879227e-02,-5.883295554667711258e-03,1.529454626142978668e-02,-4.529020190238952637e-02,-1.760232076048851013e-02,-1.602368056774139404e-02,-4.161365702748298645e-02,1.577344257384538651e-03,1.352346874773502350e-02,-3.180174529552459717e-02,3.605142235755920410e-02,-3.634953871369361877e-03,-2.215299056842923164e-03,-7.832119613885879517e-02,6.968173384666442871e-02,3.584472239017486572e-01,-6.202180404216051102e-03,1.547290325164794922e+00,-1.513611205155029893e-04,1.063103438355028629e-03,5.464125890284776688e-03,6.827452778816223145e-02,-3.659667968750000000e-01,4.622199106961488724e-03,1.548305153846740723e+00,1.445873494958505034e-04,1.825692597776651382e-03,-4.252192098647356033e-03
3.248005174100399017e-03,-5.292615666985511780e-02,8.726280331611633301e-01,1.743986643850803375e-02,1.560750231146812439e-02,-6.664049029350280762e-01,7.452226281166076660e-01,-4.940922837704420090e-03,1.179310865700244904e-02,-5.832292139530181885e-03,1.537071820348501205e-02,-4.532555863261222839e-02,-1.760540530085563660e-02,-1.610634662210941315e-02,-4.159119725227355957e-02,1.631012535654008389e-03,1.358700264245271683e-02,-3.181083500385284424e-02,3.604809567332267761e-02,-3.589942120015621185e-03,-2.176660113036632538e-03,-7.837200909852981567e-02,6.820266693830490112e-02,3.583381175994873047e-01,-6.408722605556249619e-03,1.551520466804504395e+00,-3.349823527969419956e-04,-3.199617611244320869e-03,5.637479946017265320e-03,6.658035516738891602e-02,-3.659716546535491943e-01,4.864742048084735870e-03,1.552939891815185547e+00,3.292561741545796394e-04,-2.681943355128169060e-03,-4.331753123551607132e-03
3.247628454118967056e-03,-5.292051285505294800e-02,8.726280331611633301e-01,1.743360050022602081e-02,1.560312416404485703e-02,-6.664106249809265137e-01,7.452177405357360840e-01,-4.938588012009859085e-03,1.179963629692792892e-02,-5.818058270961046219e-03,1.538970321416854858e-02,-4.533195123076438904e-02,-1.760631054639816284e-02,-1.610898412764072418e-02,-4.158435761928558350e-02,1.646060845814645290e-03,1.360392849892377853e-02,-3.181063011288642883e-02,3.604712709784507751e-02,-3.582513891160488129e-03,-2.163147553801536560e-03,-7.832332700490951538e-02,6.730184704065322876e-02,3.582984209060668945e-01,-6.484398152679204941e-03,1.553712487220764160e+00,-4.024236695840954781e-04,-5.214015021920204163e-03,5.693526472896337509e-03,6.558068841695785522e-02,-3.659726381301879883e-01,4.966776352375745773e-03,1.555325865745544434e+00,3.956252185162156820e-04,-4.832794424146413803e-03,-4.353167954832315445e-03
3.247319255024194717e-03,-5.291692167520523071e-02,8.726280331611633301e-01,1.742483116686344147e-02,1.559418160468339920e-02,-6.664123535156250000e-01,7.452166080474853516e-01,-4.917612299323081970e-03,1.180161349475383759e-02,-5.814190953969955444e-03,1.539641618728637695e-02,-4.533455893397331238e-02,-1.760656759142875671e-02,-1.608941331505775452e-02,-4.158230125904083252e-02,1.650189282372593880e-03,1.361017953604459763e-02,-3.181147202849388123e-02,3.604685887694358826e-02,-3.583611454814672470e-03,-2.158363582566380501e-03,-7.826282829046249390e-02,6.679166853427886963e-02,3.582833409309387207e-01,-6.511414889246225357e-03,1.554841518402099609e+00,-4.263531882315874100e-04,-6.187858525663614273e-03,5.711460951715707779e-03,6.502270698547363281e-02,-3.659723103046417236e-01,5.011030472815036774e-03,1.556549787521362305e+00,4.192556079942733049e-04,-5.878484807908535004e-03,-4.358586855232715607e-03
3.247116226702928543e-03,-5.291480571031570435e-02,8.726280331611633301e-01,1.741766370832920074e-02,1.558646559715270996e-02,-6.664129495620727539e-01,7.452163696289062500e-01,-4.897391423583030701e-03,1.180223003029823303e-02,-5.813200958073139191e-03,1.539864204823970795e-02,-4.533591493964195251e-02,-1.760664023458957672e-02,-1.606954820454120636e-02,-4.158167168498039246e-02,1.651237835176289082e-03,1.361226942390203476e-02,-3.181235864758491516e-02,3.604678809642791748e-02,-3.585750935599207878e-03,-2.156618749722838402e-03,-7.821650058031082153e-02,6.651327759027481079e-02,3.582773506641387939e-01,-6.520529277622699738e-03,1.555421113967895508e+00,-4.344366607256233692e-04,-6.666488945484161377e-03,5.717107094824314117e-03,6.472048163414001465e-02,-3.659717142581939697e-01,5.030634347349405289e-03,1.557176470756530762e+00,4.275843966752290726e-04,-6.393953226506710052e-03,-4.359795246273279190e-03
3.246995387598872185e-03,-5.291360989212989807e-02,8.726280331611633301e-01,1.741280406713485718e-02,1.558114308863878250e-02,-6.664131283760070801e-01,7.452164292335510254e-01,-4.882782697677612305e-03,1.180243119597434998e-02,-5.812983959913253784e-03,1.539918407797813416e-02,-4.533663392066955566e-02,-1.760666072368621826e-02,-1.605501398444175720e-02,-4.158147424459457397e-02,1.651448779739439487e-03,1.361277420073747635e-02,-3.181296214461326599e-02,3.604676946997642517e-02,-3.587370738387107849e-03,-2.155958907678723335e-03,-7.818638533353805542e-02,6.636460870504379272e-02,3.582748472690582275e-01,-6.523307412862777710e-03,1.555718183517456055e+00,-4.369328671600669622e-04,-6.904487963765859604e-03,5.718832369893789291e-03,6.455973535776138306e-02,-3.659712076187133789e-01,5.039501003921031952e-03,1.557497143745422363e+00,4.304634931031614542e-04,-6.650604307651519775e-03,-4.359980113804340363e-03
3.246927168220281601e-03,-5.291295424103736877e-02,8.726280331611633301e-01,1.740980707108974457e-02,1.557783689349889755e-02,-6.664132475852966309e-01,7.452164888381958008e-01,-4.873469937592744827e-03,1.180250104516744614e-02,-5.812959279865026474e-03,1.539918035268783569e-02,-4.533701017498970032e-02,-1.760666631162166595e-02,-1.604571007192134857e-02,-4.158141091465950012e-02,1.651453902013599873e-03,1.361276581883430481e-02,-3.181332349777221680e-02,3.604676946997642517e-02,-3.588380524888634682e-03,-2.155698835849761963e-03,-7.816834747791290283e-02,6.628626585006713867e-02,3.582737445831298828e-01,-6.523978430777788162e-03,1.555870294570922852e+00,-4.375626449473202229e-04,-7.023809012025594711e-03,5.719329230487346649e-03,6.447523087263107300e-02,-3.659708797931671143e-01,5.043592769652605057e-03,1.557661056518554688e+00,4.314242687541991472e-04,-6.779316812753677368e-03,-4.359957762062549591e-03
3.246889682486653328e-03,-5.291260406374931335e-02,8.726280927658081055e-01,1.740806177258491516e-02,1.557590439915657043e-02,-6.664133071899414062e-01,7.452165484428405762e-01,-4.867933690547943115e-03,1.180252712219953537e-02,-5.812973249703645706e-03,1.539905276149511337e-02,-4.533720761537551880e-02,-1.760666631162166595e-02,-1.604016870260238647e-02,-4.158138856291770935e-02,1.651422935537993908e-03,1.361264381557703018e-02,-3.181352466344833374e-02,3.604676946997642517e-02,-3.588961903005838394e-03,-2.155592199414968491e-03,-7.815805077552795410e-02,6.624534726142883301e-02,3.582732379436492920e-01,-6.524023599922657013e-03,1.555948138236999512e+00,-4.376290889922529459e-04,-7.083978503942489624e-03,5.719455424696207047e-03,6.443115323781967163e-02,-3.659706711769104004e-01,5.045516882091760635e-03,1.557744860649108887e+00,4.317246784921735525e-04,-6.844205781817436218e-03,-4.359916318207979202e-03
3.246869659051299095e-03,-5.291241407394409180e-02,8.726280927658081055e-01,1.740708202123641968e-02,1.557481754571199417e-02,-6.664133071899414062e-01,7.452165484428405762e-01,-4.864783491939306259e-03,1.180253736674785614e-02,-5.812988616526126862e-03,1.539893448352813721e-02,-4.533730819821357727e-02,-1.760666817426681519e-02,-1.603701524436473846e-02,-4.158138111233711243e-02,1.651395694352686405e-03,1.361253019422292709e-02,-3.181363642215728760e-02,3.604676946997642517e-02,-3.589282976463437080e-03,-2.155546331778168678e-03,-7.815235853195190430e-02,6.622409075498580933e-02,3.582729995250701904e-01,-6.523928605020046234e-03,1.555987954139709473e+00,-4.375620046630501747e-04,-7.114445790648460388e-03,5.719476845115423203e-03,6.440827250480651855e-02,-3.659705817699432373e-01,5.046436563134193420e-03,1.557787775993347168e+00,4.318066639825701714e-04,-6.877044215798377991e-03,-4.359887447208166122e-03
3.246858948841691017e-03,-5.291231721639633179e-02,8.726280927658081055e-01,1.740654557943344116e-02,1.557422149926424026e-02,-6.664133071899414062e-01,7.452166080474853516e-01,-4.863042384386062622e-03,1.180254202336072922e-02,-5.812999326735734940e-03,1.539885159581899643e-02,-4.533736035227775574e-02,-1.760666817426681519e-02,-1.603526994585990906e-02,-4.158138111233711243e-02,1.651377882808446884e-03,1.361245103180408478e-02,-3.181369230151176453e-02,3.604676946997642517e-02,-3.589456435292959213e-03,-2.155526075512170792e-03,-7.814927399158477783e-02,6.621309369802474976e-02,3.582728803157806396e-01,-6.523833144456148148e-03,1.556008338928222656e+00,-4.374877316877245903e-04,-7.129918318241834641e-03,5.719473585486412048e-03,6.439644843339920044e-02,-3.659705221652984619e-01,5.046882666647434235e-03,1.557809710502624512e+00,4.318216233514249325e-04,-6.893709767609834671e-03,-4.359871149063110352e-03
3.246853360906243324e-03,-5.291226506233215332e-02,8.726280927658081055e-01,1.740625686943531036e-02,1.557390019297599792e-02,-6.664133071899414062e-01,7.452166080474853516e-01,-4.862099420279264450e-03,1.180254388600587845e-02,-5.813005845993757248e-03,1.539880037307739258e-02,-4.533738642930984497e-02,-1.760666817426681519e-02,-1.603432558476924896e-02,-4.158137738704681396e-02,1.651367172598838806e-03,1.361240167170763016e-02,-3.181372210383415222e-02,3.604677319526672363e-02,-3.589548636227846146e-03,-2.155516529455780983e-03,-7.814762741327285767e-02,6.620741635560989380e-02,3.582728207111358643e-01,-6.523766089230775833e-03,1.556018829345703125e+00,-4.374339187052100897e-04,-7.137793116271495819e-03,5.719466600567102432e-03,6.439034640789031982e-02,-3.659704625606536865e-01,5.047101061791181564e-03,1.557820916175842285e+00,4.318190622143447399e-04,-6.902184803038835526e-03,-4.359862301498651505e-03
3.246847074478864670e-03,-5.291224271059036255e-02,8.726280927658081055e-01,1.740619726479053497e-02,1.557363942265510559e-02,-6.664133071899414062e-01,7.452166080474853516e-01,-4.861603025346994400e-03,1.180220302194356918e-02,-5.812963936477899551e-03,1.539880689233541489e-02,-4.533743858337402344e-02,-1.760658435523509979e-02,-1.603383198380470276e-02,-4.158166423439979553e-02,1.651403494179248810e-03,1.361237093806266785e-02,-3.181372210383415222e-02,3.604679927229881287e-02,-3.589610569179058075e-03,-2.155742375180125237e-03,-7.814676314592361450e-02,6.620451062917709351e-02,3.582727611064910889e-01,-6.523725111037492752e-03,1.556024193763732910e+00,-4.374000127427279949e-04,-7.141808513551950455e-03,5.719459149986505508e-03,6.438721716403961182e-02,-3.659704625606536865e-01,5.047209560871124268e-03,1.557826638221740723e+00,4.318132996559143066e-04,-6.906502414494752884e-03,-4.359872080385684967e-03
3.363955765962600708e-03,-5.206895247101783752e-02,8.723760843276977539e-01,2.132397145032882690e-02,2.242757566273212433e-02,-6.627096533775329590e-01,7.482367753982543945e-01,1.119797490537166595e-02,2.136064507067203522e-02,1.005800534039735794e-02,1.306718774139881134e-02,-3.607542812824249268e-02,-2.799848280847072601e-02,-4.069203510880470276e-02,-4.045736417174339294e-02,-2.908920310437679291e-02,2.539219334721565247e-02,-2.164935320615768433e-02,5.164905264973640442e-02,-2.453710883855819702e-02,4.322775639593601227e-03,-6.208455562591552734e-02,2.601051516830921173e-02,3.752357661724090576e-01,-3.240242227911949158e-02,1.496481657028198242e+00,-7.231202442198991776e-03,-2.434134110808372498e-02,1.835875213146209717e-02,5.560353398323059082e-02,-3.706115484237670898e-01,2.075977623462677002e-02,1.526723861694335938e+00,4.629339557141065598e-03,-1.354597229510545731e-02,-6.843111012130975723e-03
3.489097580313682556e-03,-5.119542777538299561e-02,8.722643852233886719e-01,2.394526451826095581e-02,2.808565832674503326e-02,-6.582295894622802734e-01,7.519119977951049805e-01,2.878280729055404663e-02,3.105735220015048981e-02,2.382265403866767883e-02,1.535770110785961151e-02,-2.950809895992279053e-02,-3.819339349865913391e-02,-6.405235081911087036e-02,-3.954138606786727905e-02,-6.163714081048965454e-02,4.357942566275596619e-02,-1.588688418269157410e-02,6.678687781095504761e-02,-4.764498770236968994e-02,1.084137614816427231e-02,-4.412873834371566772e-02,-4.970401525497436523e-03,3.912012577056884766e-01,-6.040639802813529968e-02,1.427944540977478027e+00,-1.586417853832244873e-02,-4.088088124990463257e-02,3.268218412995338440e-02,5.583687871694564819e-02,-3.745190203189849854e-01,3.711228445172309875e-02,1.488043904304504395e+00,1.010200008749961853e-02,-2.021167427301406860e-02,-1.033696345984935760e-02
3.627051133662462234e-03,-5.032040551304817200e-02,8.723419904708862305e-01,2.631837688386440277e-02,3.402379155158996582e-02,-6.535096764564514160e-01,7.556949257850646973e-01,4.624347016215324402e-02,4.171802103519439697e-02,3.703523799777030945e-02,1.757908053696155548e-02,-2.270335331559181213e-02,-4.833273962140083313e-02,-8.792549371719360352e-02,-3.813853114843368530e-02,-9.464607387781143188e-02,6.265948712825775146e-02,-1.061919890344142914e-02,8.131512254476547241e-02,-7.146450877189636230e-02,1.799574494361877441e-02,-2.666514553129673004e-02,-3.365600109100341797e-02,4.070177376270294189e-01,-8.932285755872726440e-02,1.356531977653503418e+00,-2.469507604837417603e-02,-5.665589496493339539e-02,4.658004269003868103e-02,5.843124166131019592e-02,-3.784614801406860352e-01,5.377971753478050232e-02,1.446972370147705078e+00,1.593699678778648376e-02,-2.618651837110519409e-02,-1.381404232233762741e-02
3.773508127778768539e-03,-4.943252727389335632e-02,8.726071119308471680e-01,2.849041484296321869e-02,4.031202197074890137e-02,-6.486248970031738281e-01,7.595057487487792969e-01,6.338728964328765869e-02,5.343113467097282410e-02,4.996910691261291504e-02,1.970186457037925720e-02,-1.562264189124107361e-02,-5.843294784426689148e-02,-1.126405522227287292e-01,-3.626940399408340454e-02,-1.279521137475967407e-01,8.279131352901458740e-02,-5.864729639142751694e-03,9.522201120853424072e-02,-9.573543071746826172e-02,2.584924176335334778e-02,-9.510180912911891937e-03,-6.166555732488632202e-02,4.227159023284912109e-01,-1.189822033047676086e-01,1.284067630767822266e+00,-3.352254629135131836e-02,-7.218560576438903809e-02,5.973289906978607178e-02,6.192404404282569885e-02,-3.825486302375793457e-01,7.060130685567855835e-02,1.405086278915405273e+00,2.199359424412250519e-02,-3.181565180420875549e-02,-1.711307838559150696e-02
3.924048040062189102e-03,-4.852730780839920044e-02,8.730552792549133301e-01,3.047240339219570160e-02,4.694753512740135193e-02,-6.435934305191040039e-01,7.633183002471923828e-01,8.017139881849288940e-02,6.620068848133087158e-02,6.274451315402984619e-02,2.173111401498317719e-02,-8.257191628217697144e-03,-6.849586218595504761e-02,-1.383291780948638916e-01,-3.405128419399261475e-02,-1.615390479564666748e-01,1.042037457227706909e-01,-1.745333895087242126e-03,1.085110679268836975e-01,-1.203774511814117432e-01,3.439162671566009521e-02,7.475253194570541382e-03,-8.949271589517593384e-02,4.382560849189758301e-01,-1.493306010961532593e-01,1.211121678352355957e+00,-4.237165674567222595e-02,-8.770739287137985229e-02,7.209502905607223511e-02,6.589628010988235474e-02,-3.867996037006378174e-01,8.751538395881652832e-02,1.362869143486022949e+00,2.824478782713413239e-02,-3.730653598904609680e-02,-2.021180279552936554e-02
4.074178636074066162e-03,-4.760343581438064575e-02,8.736808300018310547e-01,3.228325396776199341e-02,5.392765626311302185e-02,-6.384277343750000000e-01,7.671112418174743652e-01,9.655013680458068848e-02,8.000632375478744507e-02,7.546458393335342407e-02,2.366432547569274902e-02,-5.952049396000802517e-04,-7.851980626583099365e-02,-1.651175916194915771e-01,-3.163061290979385376e-02,-1.954015046358108521e-01,1.271205544471740723e-01,1.615299377590417862e-03,1.211882680654525757e-01,-1.453368812799453735e-01,4.359719157218933105e-02,2.435363456606864929e-02,-1.173202842473983765e-01,4.535930752754211426e-01,-1.803281456232070923e-01,1.137886404991149902e+00,-5.130136385560035706e-02,-1.032914295792579651e-01,8.366245031356811523e-02,7.020315527915954590e-02,-3.912211358547210693e-01,1.044966429471969604e-01,1.320477962493896484e+00,3.468647226691246033e-02,-4.274011030793190002e-02,-2.311135828495025635e-02
4.219371825456619263e-03,-4.666117206215858459e-02,8.744761943817138672e-01,3.395008668303489685e-02,6.124962121248245239e-02,-6.331415176391601562e-01,7.708616852760314941e-01,1.124720722436904907e-01,9.480416774749755859e-02,8.823261409997940063e-02,2.550223097205162048e-02,7.371583487838506699e-03,-8.849982172250747681e-02,-1.931354999542236328e-01,-2.917899750173091888e-02,-2.295239269733428955e-01,1.517673581838607788e-01,4.095107316970825195e-03,1.332606524229049683e-01,-1.705605089664459229e-01,5.342866852879524231e-02,4.115388914942741394e-02,-1.452348828315734863e-01,4.686809480190277100e-01,-2.119352668523788452e-01,1.064432859420776367e+00,-6.037607789039611816e-02,-1.189414784312248230e-01,9.443936496973037720e-02,7.478030025959014893e-02,-3.958188593387603760e-01,1.215311363339424133e-01,1.277965664863586426e+00,4.132026433944702148e-02,-4.814289510250091553e-02,-2.581744641065597534e-02
4.355203360319137573e-03,-4.570186510682106018e-02,8.754320144653320312e-01,3.550643101334571838e-02,6.890741735696792603e-02,-6.277511715888977051e-01,7.745447158813476562e-01,1.278882771730422974e-01,1.105248183012008667e-01,1.011526435613632202e-01,2.725096605718135834e-02,1.564543507993221283e-02,-9.842720627784729004e-02,-2.225073277950286865e-01,-2.689288370311260223e-02,-2.638760507106781006e-01,1.783724576234817505e-01,5.573133472353219986e-03,1.447363793849945068e-01,-1.959906071424484253e-01,6.383633613586425781e-02,5.789051577448844910e-02,-1.732899546623229980e-01,4.834727644920349121e-01,-2.441115081310272217e-01,9.907923936843872070e-01,-6.966114789247512817e-02,-1.346372663974761963e-01,1.044333800673484802e-01,7.958834618330001831e-02,-4.005985260009765625e-01,1.386079639196395874e-01,1.235350847244262695e+00,4.814910888671875000e-02,-5.352086201310157776e-02,-2.833711542189121246e-02
4.477545153349637985e-03,-4.472766816616058350e-02,8.765365481376647949e-01,3.699089586734771729e-02,7.689013332128524780e-02,-6.222752332687377930e-01,7.781343460083007812e-01,1.427572816610336304e-01,1.270728558301925659e-01,1.143267303705215454e-01,2.892153896391391754e-02,2.422310411930084229e-02,-1.082892417907714844e-01,-2.533448934555053711e-01,-2.499163709580898285e-02,-2.984115183353424072e-01,2.071641981601715088e-01,5.930962506681680679e-03,1.556242555379867554e-01,-2.215651422739028931e-01,7.475768774747848511e-02,7.457025349140167236e-02,-2.015255093574523926e-01,4.979195296764373779e-01,-2.768155932426452637e-01,9.169836640357971191e-01,-7.922204583883285522e-02,-1.503503620624542236e-01,1.136547997593879700e-01,8.459589630365371704e-02,-4.055660068988800049e-01,1.557163596153259277e-01,1.192641496658325195e+00,5.517598241567611694e-02,-5.887245014309883118e-02,-3.067794255912303925e-02
4.582669120281934738e-03,-4.374163970351219177e-02,8.777764439582824707e-01,3.844875469803810120e-02,8.517879992723464966e-02,-6.167341470718383789e-01,7.816042900085449219e-01,1.570488661527633667e-01,1.443193256855010986e-01,1.278512179851531982e-01,3.053108602762222290e-02,3.309325873851776123e-02,-1.180676296353340149e-01,-2.857385575771331787e-01,-2.372147515416145325e-02,-3.330647051334381104e-01,2.383641898632049561e-01,5.055439192801713943e-03,1.659346818923950195e-01,-2.472199946641921997e-01,8.611152321100234985e-02,9.119281917810440063e-02,-2.299738079309463501e-01,5.119695067405700684e-01,-3.100055158138275146e-01,8.430218100547790527e-01,-8.912399411201477051e-02,-1.660498827695846558e-01,1.221167072653770447e-01,8.977479487657546997e-02,-4.107266962528228760e-01,1.728444993495941162e-01,1.149842739105224609e+00,6.240354478359222412e-02,-6.419330090284347534e-02,-3.284790739417076111e-02
3.173790872097015381e-03,-3.592599555850028992e-02,8.811794519424438477e-01,4.741986840963363647e-02,8.881687372922897339e-02,-6.204348206520080566e-01,7.777683138847351074e-01,1.595837622880935669e-01,1.431701481342315674e-01,1.613527983427047729e-01,3.540495783090591431e-02,6.233027949929237366e-02,-1.206663325428962708e-01,-3.641424179077148438e-01,-4.224526137113571167e-02,-3.350982964038848877e-01,3.237517774105072021e-01,2.943978412076830864e-03,1.738418340682983398e-01,-2.495314180850982666e-01,8.192236721515655518e-02,1.306848376989364624e-01,-2.833830416202545166e-01,5.210287570953369141e-01,-3.341930508613586426e-01,7.766013145446777344e-01,-1.002596542239189148e-01,-1.799109578132629395e-01,1.290947943925857544e-01,5.810365080833435059e-02,-4.223771393299102783e-01,1.907892674207687378e-01,1.111423254013061523e+00,6.873009353876113892e-02,-6.611174345016479492e-02,-3.361260890960693359e-02
3.174791345372796059e-03,-3.480029851198196411e-02,8.824566602706909180e-01,5.152671411633491516e-02,9.524840861558914185e-02,-6.171282529830932617e-01,7.793750166893005371e-01,1.748294532299041748e-01,1.520691961050033569e-01,1.804190576076507568e-01,3.662402555346488953e-02,7.181884348392486572e-02,-1.282856911420822144e-01,-4.062871634960174561e-01,-5.034163594245910645e-02,-3.604214787483215332e-01,3.727228045463562012e-01,-5.802531726658344269e-03,1.834760308265686035e-01,-2.696507871150970459e-01,8.618839085102081299e-02,1.533341407775878906e-01,-3.249993026256561279e-01,5.338733792304992676e-01,-3.658112287521362305e-01,7.074931263923645020e-01,-1.110918298363685608e-01,-1.954123377799987793e-01,1.352463364601135254e-01,4.889208078384399414e-02,-4.277592003345489502e-01,2.050123661756515503e-01,1.073924064636230469e+00,7.683093100786209106e-02,-6.991047412157058716e-02,-3.427089005708694458e-02
3.129483899101614952e-03,-3.394035995006561279e-02,8.838641643524169922e-01,5.434036999940872192e-02,1.020412147045135498e-01,-6.125765442848205566e-01,7.819109559059143066e-01,1.901439577341079712e-01,1.646224409341812134e-01,1.965549737215042114e-01,3.962321206927299500e-02,8.011436462402343750e-02,-1.364605277776718140e-01,-4.436613917350769043e-01,-5.709651857614517212e-02,-3.897575438022613525e-01,4.173108041286468506e-01,-1.372810266911983490e-02,1.923971027135848999e-01,-2.928039729595184326e-01,9.280074387788772583e-02,1.729881316423416138e-01,-3.598224222660064697e-01,5.463007092475891113e-01,-3.994928598403930664e-01,6.365457773208618164e-01,-1.227791234850883484e-01,-2.113598287105560303e-01,1.409426182508468628e-01,4.776928573846817017e-02,-4.329815208911895752e-01,2.205712646245956421e-01,1.034409999847412109e+00,8.478170633316040039e-02,-7.496816664934158325e-02,-3.530849143862724304e-02
3.054268425330519676e-03,-3.314376622438430786e-02,8.853553533554077148e-01,5.703699961304664612e-02,1.090255752205848694e-01,-6.077632308006286621e-01,7.845279574394226074e-01,2.050359547138214111e-01,1.779431551694869995e-01,2.123424708843231201e-01,4.300820082426071167e-02,8.834836632013320923e-02,-1.446061879396438599e-01,-4.808845520019531250e-01,-6.463639438152313232e-02,-4.195690751075744629e-01,4.624991118907928467e-01,-2.219965867698192596e-02,2.007332444190979004e-01,-3.168039619922637939e-01,1.000353544950485229e-01,1.912582069635391235e-01,-3.920376896858215332e-01,5.580117106437683105e-01,-4.336067438125610352e-01,5.643655061721801758e-01,-1.351477056741714478e-01,-2.273069769144058228e-01,1.461753398180007935e-01,4.964513704180717468e-02,-4.387377798557281494e-01,2.367330789566040039e-01,9.935718178749084473e-01,9.289741516113281250e-02,-8.026322722434997559e-02,-3.646611422300338745e-02
2.949824556708335876e-03,-3.237888589501380920e-02,8.869035840034484863e-01,5.990751460194587708e-02,1.161213666200637817e-01,-6.028614640235900879e-01,7.870736718177795410e-01,2.193902283906936646e-01,1.912735402584075928e-01,2.282194644212722778e-01,4.655445367097854614e-02,9.668285399675369263e-02,-1.525932252407073975e-01,-5.188433527946472168e-01,-7.360156625509262085e-02,-4.490771591663360596e-01,5.094000101089477539e-01,-3.160407021641731262e-02,2.085247784852981567e-01,-3.411648273468017578e-01,1.073219999670982361e-01,2.087398171424865723e-01,-4.232849478721618652e-01,5.689868330955505371e-01,-4.678734540939331055e-01,4.914897978305816650e-01,-1.481569409370422363e-01,-2.430852800607681274e-01,1.508582532405853271e-01,5.275121331214904785e-02,-4.449574649333953857e-01,2.531045079231262207e-01,9.520347714424133301e-01,1.012721508741378784e-01,-8.548677712678909302e-02,-3.757341951131820679e-02
2.817084779962897301e-03,-3.163811191916465759e-02,8.884928822517395020e-01,6.303840875625610352e-02,1.232629865407943726e-01,-5.979056358337402344e-01,7.895196080207824707e-01,2.332161515951156616e-01,2.043292522430419922e-01,2.442405819892883301e-01,5.024240165948867798e-02,1.051268205046653748e-01,-1.603743582963943481e-01,-5.576253533363342285e-01,-8.425426483154296875e-02,-4.780100584030151367e-01,5.582496523857116699e-01,-4.202130064368247986e-02,2.157864421606063843e-01,-3.657576739788055420e-01,1.144158989191055298e-01,2.257114499807357788e-01,-4.542197883129119873e-01,5.791997909545898438e-01,-5.022420287132263184e-01,4.182169437408447266e-01,-1.618523448705673218e-01,-2.586621046066284180e-01,1.549725532531738281e-01,5.641767755150794983e-02,-4.515355229377746582e-01,2.695022821426391602e-01,9.101304411888122559e-01,1.099191457033157349e-01,-9.059366583824157715e-02,-3.857377916574478149e-02
3.965196665376424789e-03,-5.588583648204803467e-02,8.844504952430725098e-01,7.160463929176330566e-02,1.139117702841758728e-01,-5.984143018722534180e-01,7.898083329200744629e-01,2.359207570552825928e-01,1.924634873867034912e-01,2.505914568901062012e-01,9.368149936199188232e-02,1.433238536119461060e-01,-1.527496725320816040e-01,-5.316707491874694824e-01,-8.038290590047836304e-02,-4.575357735157012939e-01,5.247813463211059570e-01,-4.837758094072341919e-02,2.052738517522811890e-01,-3.629190325736999512e-01,1.088417395949363708e-01,2.278338968753814697e-01,-4.398580491542816162e-01,5.795405507087707520e-01,-5.055084228515625000e-01,3.873777687549591064e-01,-1.959510296583175659e-01,-2.507770657539367676e-01,1.390197575092315674e-01,4.112246632575988770e-02,-4.491124451160430908e-01,2.667735219001770020e-01,8.979226946830749512e-01,1.279326230287551880e-01,-8.132425695657730103e-02,-4.072293266654014587e-02
4.667305853217840195e-03,-8.794402331113815308e-02,8.795342445373535156e-01,8.620823919773101807e-02,9.927514940500259399e-02,-6.127749085426330566e-01,7.792428731918334961e-01,2.127609848976135254e-01,1.674785614013671875e-01,2.689554989337921143e-01,2.063591778278350830e-01,1.611336916685104370e-01,-1.107442751526832581e-01,-4.776268899440765381e-01,-7.207719236612319946e-02,-3.965839147567749023e-01,4.670890867710113525e-01,-7.785040885210037231e-02,1.795493811368942261e-01,-3.300502598285675049e-01,8.789377659559249878e-02,2.401757836341857910e-01,-3.993141353130340576e-01,5.889472365379333496e-01,-4.912964701652526855e-01,3.363510370254516602e-01,-2.501685917377471924e-01,-2.388054281473159790e-01,9.973797202110290527e-02,-7.503986824303865433e-03,-4.461221396923065186e-01,2.642510533332824707e-01,8.764524459838867188e-01,1.500899195671081543e-01,-6.944170594215393066e-02,-4.806423187255859375e-02
5.295000970363616943e-03,-1.294731199741363525e-01,8.758143782615661621e-01,9.673991054296493530e-02,7.443386316299438477e-02,-6.396840810775756836e-01,7.588841915130615234e-01,1.314071118831634521e-01,1.410240679979324341e-01,2.952608168125152588e-01,4.626508057117462158e-01,1.121270135045051575e-01,-3.664906695485115051e-02,-3.982687294483184814e-01,-6.787343323230743408e-02,-2.928319573402404785e-01,4.245800971984863281e-01,-1.655769795179367065e-01,1.393157541751861572e-01,-2.722658812999725342e-01,4.913131520152091980e-02,2.740966379642486572e-01,-3.314075767993927002e-01,6.092487573623657227e-01,-4.523120224475860596e-01,2.630293369293212891e-01,-3.051999509334564209e-01,-2.179987877607345581e-01,4.153595119714736938e-02,-8.419911563396453857e-02,-4.371164441108703613e-01,2.688116729259490967e-01,8.422684073448181152e-01,1.869587600231170654e-01,-5.437330156564712524e-02,-6.443370133638381958e-02
5.501392297446727753e-03,-1.755464226007461548e-01,8.741117119789123535e-01,1.045989841222763062e-01,4.938772693276405334e-02,-6.665534377098083496e-01,7.364281415939331055e-01,-2.998434379696846008e-02,1.385198980569839478e-01,3.225423693656921387e-01,8.219866156578063965e-01,-7.334715221077203751e-03,5.221227183938026428e-02,-3.158228695392608643e-01,-7.031230628490447998e-02,-1.845456510782241821e-01,4.174821674823760986e-01,-2.610327601432800293e-01,1.028116121888160706e-01,-2.029693573713302612e-01,1.191980019211769104e-02,3.206571936607360840e-01,-2.453921884298324585e-01,6.302217245101928711e-01,-4.051043689250946045e-01,1.831368803977966309e-01,-3.528108596801757812e-01,-2.004258334636688232e-01,-1.010472979396581650e-02,-1.747290492057800293e-01,-4.282704889774322510e-01,2.788270413875579834e-01,7.795963287353515625e-01,2.316721677780151367e-01,-4.844444990158081055e-02,-8.749993145465850830e-02
5.941506009548902512e-03,-2.233522832393646240e-01,8.735380172729492188e-01,1.144068986177444458e-01,3.808163851499557495e-02,-6.871771812438964844e-01,7.164135575294494629e-01,-2.291553765535354614e-01,1.503790616989135742e-01,3.453615307807922363e-01,1.088026642799377441e+00,-1.434783488512039185e-01,1.236304640769958496e-01,-2.430703490972518921e-01,-7.208637148141860962e-02,-9.928111732006072998e-02,3.914491534233093262e-01,-3.172177970409393311e-01,9.308457374572753906e-02,-1.289933174848556519e-01,-9.773308411240577698e-03,3.540022075176239014e-01,-1.478522866964340210e-01,6.543821692466735840e-01,-3.556350469589233398e-01,1.106758341193199158e-01,-4.109701812267303467e-01,-1.928347498178482056e-01,-4.967566207051277161e-02,-2.659810185432434082e-01,-4.201502799987792969e-01,2.959894537925720215e-01,6.941835284233093262e-01,2.701585590839385986e-01,-6.006995216012001038e-02,-1.135465204715728760e-01
7.267639506608247757e-03,-2.735977768898010254e-01,8.769380450248718262e-01,1.329378634691238403e-01,3.407576307654380798e-02,-7.042790651321411133e-01,6.965323686599731445e-01,-4.257141351699829102e-01,1.480783373117446899e-01,3.812372684478759766e-01,1.214185357093811035e+00,-2.484308034181594849e-01,1.611223220825195312e-01,-1.591204404830932617e-01,-8.986276388168334961e-02,-2.624721080064773560e-02,3.004887402057647705e-01,-3.363402485847473145e-01,1.073867455124855042e-01,-3.809690102934837341e-02,-3.797189891338348389e-02,3.703481554985046387e-01,-4.336275905370712280e-02,6.737112998962402344e-01,-3.076029717922210693e-01,4.683193191885948181e-02,-4.732537269592285156e-01,-2.038078457117080688e-01,-7.317671924829483032e-02,-3.300084471702575684e-01,-4.137872159481048584e-01,3.060856759548187256e-01,5.623751282691955566e-01,3.159354031085968018e-01,-9.170588105916976929e-02,-1.214042454957962036e-01
1.043761894106864929e-02,-3.266097903251647949e-01,8.822666406631469727e-01,1.520029455423355103e-01,3.217447549104690552e-02,-7.204658985137939453e-01,6.758615374565124512e-01,-5.792713761329650879e-01,1.297007948160171509e-01,4.357877671718597412e-01,1.168739199638366699e+00,-3.015702962875366211e-01,1.611949503421783447e-01,-6.032218784093856812e-02,-1.216890886425971985e-01,3.076134435832500458e-02,1.921854615211486816e-01,-3.116014599800109863e-01,1.487069875001907349e-01,5.866115167737007141e-02,-7.281342148780822754e-02,3.769899606704711914e-01,4.216167703270912170e-02,6.753871440887451172e-01,-2.697271108627319336e-01,2.005122369155287743e-03,-5.094780921936035156e-01,-2.296888530254364014e-01,-7.293877750635147095e-02,-3.549810647964477539e-01,-4.194345474243164062e-01,3.019127845764160156e-01,4.010278284549713135e-01,3.473179042339324951e-01,-1.454682350158691406e-01,-1.106055900454521179e-01
1.400411780923604965e-02,-3.820613026618957520e-01,8.836899995803833008e-01,1.621831208467483521e-01,4.220933094620704651e-02,-7.380060553550720215e-01,6.536528468132019043e-01,-6.703926324844360352e-01,1.233245804905891418e-01,4.807368814945220947e-01,9.977959990501403809e-01,-3.053359985351562500e-01,1.332054138183593750e-01,1.563369855284690857e-02,-1.333758682012557983e-01,6.754704564809799194e-02,1.187356859445571899e-01,-2.060019224882125854e-01,2.159537374973297119e-01,1.501887142658233643e-01,-1.014969348907470703e-01,3.807686865329742432e-01,9.789988398551940918e-02,6.723116040229797363e-01,-2.294395416975021362e-01,-3.844606876373291016e-02,-5.204784870147705078e-01,-2.577059864997863770e-01,-6.571677327156066895e-02,-3.352495133876800537e-01,-4.246989190578460693e-01,2.950794994831085205e-01,2.657464742660522461e-01,3.729157745838165283e-01,-1.857832372188568115e-01,-1.022380292415618896e-01
1.294033695012331009e-02,-4.393451809883117676e-01,8.890718817710876465e-01,1.643200814723968506e-01,5.713481828570365906e-02,-7.530902028083801270e-01,6.344995498657226562e-01,-7.054730653762817383e-01,1.176326498389244080e-01,5.005635619163513184e-01,7.643209695816040039e-01,-2.660710513591766357e-01,8.017499744892120361e-02,8.316531777381896973e-02,-1.148089021444320679e-01,9.254129230976104736e-02,8.787565678358078003e-02,1.556719746440649033e-02,2.617962956428527832e-01,2.262646257877349854e-01,-1.252699047327041626e-01,3.810102939605712891e-01,1.171076595783233643e-01,6.626833677291870117e-01,-2.061271518468856812e-01,-6.523134559392929077e-02,-5.015008449554443359e-01,-2.790932953357696533e-01,-4.780508205294609070e-02,-2.849999368190765381e-01,-4.329039156436920166e-01,2.968504428863525391e-01,1.760122478008270264e-01,3.621307313442230225e-01,-2.103790193796157837e-01,-8.407019078731536865e-02
7.215970195829868317e-03,-4.988254308700561523e-01,8.909918069839477539e-01,1.486894190311431885e-01,7.049454003572463989e-02,-7.619723081588745117e-01,6.263546943664550781e-01,-6.911739706993103027e-01,1.248604282736778259e-01,4.872815310955047607e-01,5.531653761863708496e-01,-2.131248563528060913e-01,3.692764416337013245e-02,1.336613297462463379e-01,-5.945686995983123779e-02,9.736547619104385376e-02,1.056103184819221497e-01,2.192651480436325073e-01,2.617999911308288574e-01,2.725969552993774414e-01,-1.326415985822677612e-01,3.765498995780944824e-01,9.762685000896453857e-02,6.474197506904602051e-01,-2.117420434951782227e-01,-7.542905211448669434e-02,-4.698874950408935547e-01,-2.929208874702453613e-01,-3.359363228082656860e-02,-2.111530452966690063e-01,-4.302983880043029785e-01,3.085835576057434082e-01,1.502795666456222534e-01,3.233411908149719238e-01,-2.094431072473526001e-01,-6.374991685152053833e-02
9.302892722189426422e-03,-5.616700053215026855e-01,8.909888267517089844e-01,1.302955299615859985e-01,8.242940902709960938e-02,-7.621992826461791992e-01,6.287135481834411621e-01,-6.377412080764770508e-01,1.227230504155158997e-01,4.649000763893127441e-01,4.217052459716796875e-01,-1.887686401605606079e-01,3.271863609552383423e-02,1.613921672105789185e-01,-3.616428747773170471e-02,7.382427901029586792e-02,1.635923981666564941e-01,3.336052596569061279e-01,2.617999911308288574e-01,2.791169881820678711e-01,-1.256711632013320923e-01,3.671443164348602295e-01,4.476991668343544006e-02,6.244750618934631348e-01,-2.293537408113479614e-01,-6.966476887464523315e-02,-4.228605926036834717e-01,-3.007075190544128418e-01,-4.485091194510459900e-03,-1.260024309158325195e-01,-4.300874173641204834e-01,3.084419965744018555e-01,1.683431118726730347e-01,2.777889072895050049e-01,-1.887093782424926758e-01,-2.955511957406997681e-02
1.714364066720008850e-02,-6.288297772407531738e-01,8.896113038063049316e-01,1.044915318489074707e-01,9.084482491016387939e-02,-7.509053945541381836e-01,6.457320451736450195e-01,-5.446764826774597168e-01,1.009556055068969727e-01,4.245606064796447754e-01,3.702930808067321777e-01,-2.236200273036956787e-01,7.514954358339309692e-02,1.383851021528244019e-01,-1.811388321220874786e-02,2.199968509376049042e-02,3.286395370960235596e-01,3.724963366985321045e-01,2.617999911308288574e-01,2.386958599090576172e-01,-9.669870883226394653e-02,3.546649515628814697e-01,-4.667382314801216125e-02,5.888222455978393555e-01,-2.613981366157531738e-01,-5.121861770749092102e-02,-3.624791800975799561e-01,-3.036075234413146973e-01,4.776716232299804688e-02,-3.429207578301429749e-02,-4.347016513347625732e-01,2.952973842620849609e-01,2.121956497430801392e-01,2.285480797290802002e-01,-1.589406728744506836e-01,1.275870017707347870e-02
3.054820187389850616e-02,-6.981997489929199219e-01,8.833313584327697754e-01,8.066903799772262573e-02,9.999530017375946045e-02,-7.335337996482849121e-01,6.673991084098815918e-01,-4.274305403232574463e-01,7.738181948661804199e-02,3.750591874122619629e-01,3.792933821678161621e-01,-3.393242359161376953e-01,1.512657999992370605e-01,1.698735356330871582e-02,-1.830905303359031677e-02,-3.445528820157051086e-02,6.536808609962463379e-01,2.966503500938415527e-01,2.617999911308288574e-01,1.683049350976943970e-01,-5.532721802592277527e-02,3.524951636791229248e-01,-1.421243250370025635e-01,5.490193367004394531e-01,-2.848186790943145752e-01,-4.575295373797416687e-02,-2.923429906368255615e-01,-3.092730939388275146e-01,1.167307049036026001e-01,4.996846616268157959e-02,-4.424813687801361084e-01,2.673652470111846924e-01,2.662420868873596191e-01,1.847383826971054077e-01,-1.424235850572586060e-01,2.722423151135444641e-02
4.381039738655090332e-02,-7.638842463493347168e-01,8.815850019454956055e-01,7.309691607952117920e-02,1.040056496858596802e-01,-7.185442447662353516e-01,6.837644577026367188e-01,-3.273996114730834961e-01,4.198568314313888550e-02,3.182577490806579590e-01,3.814207017421722412e-01,-4.371448755264282227e-01,1.862827092409133911e-01,-1.548595726490020752e-01,-4.978917166590690613e-02,-6.471155583858489990e-02,9.286662936210632324e-01,1.557947993278503418e-01,2.319134175777435303e-01,8.472522348165512085e-02,-2.671645209193229675e-02,3.506191968917846680e-01,-1.996123194694519043e-01,5.165727138519287109e-01,-3.010505139827728271e-01,-5.312883481383323669e-02,-2.414678037166595459e-01,-3.093733191490173340e-01,1.957857161760330200e-01,1.100206971168518066e-01,-4.551507830619812012e-01,2.376674264669418335e-01,2.771037220954895020e-01,1.470105350017547607e-01,-1.436218619346618652e-01,1.238610502332448959e-02
5.134140327572822571e-02,-8.265651464462280273e-01,8.795987367630004883e-01,6.327133625745773315e-02,1.135656908154487610e-01,-7.086408734321594238e-01,6.934894919395446777e-01,-2.076149284839630127e-01,3.438085317611694336e-02,2.658349275588989258e-01,3.266295492649078369e-01,-5.035189986228942871e-01,1.868933737277984619e-01,-3.209592401981353760e-01,-6.230781972408294678e-02,-1.202631592750549316e-01,1.084787964820861816e+00,8.248331025242805481e-03,1.600693315267562866e-01,-2.188213402405381203e-03,1.666489429771900177e-02,3.409112691879272461e-01,-2.262714803218841553e-01,4.948963224887847900e-01,-3.357380330562591553e-01,-4.163689166307449341e-02,-2.110997289419174194e-01,-3.010453283786773682e-01,2.435824275016784668e-01,1.360453069210052490e-01,-4.680952429771423340e-01,2.178828269243240356e-01,2.460554540157318115e-01,1.151023879647254944e-01,-1.532647758722305298e-01,-3.692930936813354492e-02
5.733159929513931274e-02,-8.880915641784667969e-01,8.817036151885986328e-01,5.123765766620635986e-02,1.064214110374450684e-01,-7.045109272003173828e-01,6.997953653335571289e-01,-6.558027863502502441e-02,1.863886788487434387e-02,2.163211852312088013e-01,2.796701192855834961e-01,-4.703112244606018066e-01,1.557661145925521851e-01,-4.299363195896148682e-01,-1.011566743254661560e-01,-1.969356834888458252e-01,9.578462839126586914e-01,-1.103407889604568481e-01,9.729436784982681274e-02,-8.367909491062164307e-02,4.915811121463775635e-02,3.236587643623352051e-01,-2.181448042392730713e-01,4.715764224529266357e-01,-3.770789504051208496e-01,3.541225567460060120e-03,-1.991135478019714355e-01,-2.993899285793304443e-01,2.392250299453735352e-01,1.132847964763641357e-01,-4.777963161468505859e-01,2.288403213024139404e-01,2.263793051242828369e-01,8.867881447076797485e-02,-1.579486727714538574e-01,-9.445558488368988037e-02
6.126292049884796143e-02,-9.508303403854370117e-01,8.891022205352783203e-01,6.263657659292221069e-02,9.062498062849044800e-02,-6.978817582130432129e-01,7.076897621154785156e-01,2.139804884791374207e-02,-2.150572463870048523e-02,1.929631680250167847e-01,2.960969209671020508e-01,-3.024437427520751953e-01,7.605191320180892944e-02,-4.440039396286010742e-01,-1.158804893493652344e-01,-2.592211961746215820e-01,6.373839378356933594e-01,-1.297697275876998901e-01,1.055504232645034790e-01,-1.597853749990463257e-01,5.089602619409561157e-02,3.180468976497650146e-01,-1.853197365999221802e-01,4.529026150703430176e-01,-4.124798476696014404e-01,4.822643101215362549e-02,-2.000478208065032959e-01,-3.081646561622619629e-01,2.195502519607543945e-01,6.135800480842590332e-02,-4.833623170852661133e-01,2.569427490234375000e-01,2.150623798370361328e-01,6.826876103878021240e-02,-1.650754362344741821e-01,-1.323334127664566040e-01
6.607428938150405884e-02,-1.018686413764953613e+00,8.931497335433959961e-01,8.356665819883346558e-02,4.155855253338813782e-02,-6.957656145095825195e-01,7.121795415878295898e-01,4.321770742535591125e-02,-9.680916368961334229e-02,1.901031732559204102e-01,4.588583707809448242e-01,-1.073200851678848267e-01,1.298665907233953476e-02,-3.889557421207427979e-01,-1.497925519943237305e-01,-2.675402760505676270e-01,2.982075512409210205e-01,-9.307924658060073853e-02,1.452895551919937134e-01,-1.999956518411636353e-01,6.601207889616489410e-03,3.292959630489349365e-01,-1.374450922012329102e-01,4.525618255138397217e-01,-4.290954470634460449e-01,7.925961911678314209e-02,-1.991684436798095703e-01,-3.247124254703521729e-01,1.703842282295227051e-01,4.922315943986177444e-03,-4.800975620746612549e-01,2.845741808414459229e-01,2.101573646068572998e-01,6.923894584178924561e-02,-1.676514148712158203e-01,-1.507201939821243286e-01
7.115194201469421387e-02,-1.088189125061035156e+00,8.904921412467956543e-01,9.894861280918121338e-02,-1.262519694864749908e-02,-6.954382658004760742e-01,7.116286754608154297e-01,-2.966105379164218903e-02,-1.433869898319244385e-01,2.241887152194976807e-01,7.621423602104187012e-01,2.361931838095188141e-03,-4.362117964774370193e-03,-3.072116971015930176e-01,-1.987528353929519653e-01,-2.302352786064147949e-01,1.543727517127990723e-01,-7.357598096132278442e-02,1.406992971897125244e-01,-1.977320313453674316e-01,-5.499570444226264954e-02,3.628759980201721191e-01,-8.803314715623855591e-02,4.842923879623413086e-01,-4.030549228191375732e-01,1.207067817449569702e-01,-2.190381884574890137e-01,-3.270433247089385986e-01,1.077071204781532288e-01,-6.790326535701751709e-02,-4.694348573684692383e-01,3.058852553367614746e-01,2.092835307121276855e-01,9.451103955507278442e-02,-1.654905229806900024e-01,-1.651979684829711914e-01
7.495322078466415405e-02,-1.155834913253784180e+00,8.755129575729370117e-01,9.653627872467041016e-02,-3.069979511201381683e-02,-7.029272317886352539e-01,7.040110826492309570e-01,-1.634960025548934937e-01,-9.741739928722381592e-02,2.727676033973693848e-01,1.024146795272827148e+00,-4.301586002111434937e-02,2.203535847365856171e-02,-2.400245815515518188e-01,-2.111497521400451660e-01,-1.771529316902160645e-01,1.698915511369705200e-01,-1.245768666267395020e-01,1.094097346067428589e-01,-1.554650813341140747e-01,-6.981504708528518677e-02,3.914541006088256836e-01,-3.387741371989250183e-02,5.348649621009826660e-01,-3.548367321491241455e-01,1.489675492048263550e-01,-2.357251793146133423e-01,-2.986901998519897461e-01,7.386374473571777344e-02,-1.264373958110809326e-01,-4.747249782085418701e-01,3.144970536231994629e-01,2.192416340112686157e-01,1.089508235454559326e-01,-1.566150337457656860e-01,-1.791900247335433960e-01
7.901185005903244019e-02,-1.222796678543090820e+00,8.577372431755065918e-01,8.702979981899261475e-02,-2.456565201282501221e-02,-7.166501879692077637e-01,6.915452480316162109e-01,-3.367255032062530518e-01,1.383400615304708481e-02,3.070390522480010986e-01,1.198277592658996582e+00,-1.379991173744201660e-01,4.526529088616371155e-02,-1.667111515998840332e-01,-1.932291239500045776e-01,-1.229084879159927368e-01,2.327511012554168701e-01,-2.678625881671905518e-01,6.046039238572120667e-02,-9.242013841867446899e-02,-4.194661602377891541e-02,4.099948406219482422e-01,3.867624327540397644e-02,5.868731737136840820e-01,-2.969350814819335938e-01,1.713245660066604614e-01,-2.340669780969619751e-01,-2.773263454437255859e-01,7.987467199563980103e-02,-1.518310010433197021e-01,-5.104620456695556641e-01,3.044961094856262207e-01,2.563013732433319092e-01,1.231674253940582275e-01,-1.426804810762405396e-01,-1.935999989509582520e-01
8.447149395942687988e-02,-1.290120482444763184e+00,8.483071327209472656e-01,8.110602200031280518e-02,-1.253974065184593201e-02,-7.343011498451232910e-01,6.738444566726684570e-01,-4.946948587894439697e-01,1.187037006020545959e-01,3.094269931316375732e-01,1.170883178710937500e+00,-1.902746856212615967e-01,3.373699262738227844e-02,-8.743974566459655762e-02,-1.627776920795440674e-01,-5.043671280145645142e-02,2.705454528331756592e-01,-3.781705498695373535e-01,4.521545767784118652e-02,-1.143768802285194397e-02,-1.520904898643493652e-02,4.213425815105438232e-01,1.009794399142265320e-01,6.427252888679504395e-01,-2.570037245750427246e-01,1.863486766815185547e-01,-2.251550406217575073e-01,-2.729504406452178955e-01,1.073043867945671082e-01,-1.344662457704544067e-01,-5.554304718971252441e-01,2.932904660701751709e-01,3.278390765190124512e-01,1.136313155293464661e-01,-1.374007612466812134e-01,-2.016354054212570190e-01
9.062913060188293457e-02,-1.357917904853820801e+00,8.411998748779296875e-01,8.125590533018112183e-02,9.981131879612803459e-04,-7.515799403190612793e-01,6.546175479888916016e-01,-5.570852160453796387e-01,1.794260740280151367e-01,2.867318689823150635e-01,9.378189444541931152e-01,-1.648542582988739014e-01,-4.315319471061229706e-03,-8.679787628352642059e-03,-1.515194475650787354e-01,1.697162911295890808e-02,3.113794326782226562e-01,-3.948998153209686279e-01,6.525828689336776733e-02,6.092880293726921082e-02,-6.583990063518285751e-03,4.242233633995056152e-01,1.345669329166412354e-01,6.795817613601684570e-01,-2.212725579738616943e-01,1.838952451944351196e-01,-2.030425220727920532e-01,-2.846480906009674072e-01,1.440191715955734253e-01,-7.108146697282791138e-02,-5.744039416313171387e-01,2.712667286396026611e-01,4.121218621730804443e-01,1.019937247037887573e-01,-1.300932168960571289e-01,-1.925026923418045044e-01
9.715396165847778320e-02,-1.426154017448425293e+00,8.478741645812988281e-01,7.154781371355056763e-02,1.685393601655960083e-02,-7.748692035675048828e-01,6.278332471847534180e-01,-5.369449853897094727e-01,2.439206391572952271e-01,2.273188233375549316e-01,6.302256584167480469e-01,-9.149368107318878174e-02,-6.232534721493721008e-02,3.989090770483016968e-02,-1.655529439449310303e-01,5.961402319371700287e-03,4.437853991985321045e-01,-1.969944983720779419e-01,8.353328704833984375e-02,1.386757194995880127e-01,1.038846559822559357e-02,4.313695132732391357e-01,1.422698795795440674e-01,7.073203325271606445e-01,-1.925346702337265015e-01,1.587456315755844116e-01,-1.835297942161560059e-01,-2.997154295444488525e-01,1.709073781967163086e-01,8.383784443140029907e-03,-5.795334577560424805e-01,2.557901144027709961e-01,5.126627683639526367e-01,8.534103631973266602e-02,-1.242112368345260620e-01,-1.601030081510543823e-01
1.032162830233573914e-01,-1.494585752487182617e+00,8.511124849319458008e-01,4.339125752449035645e-02,2.220655418932437897e-02,-7.897431850433349609e-01,6.114979386329650879e-01,-4.592008888721466064e-01,2.953893244266510010e-01,1.274365335702896118e-01,4.010789990425109863e-01,-7.325422018766403198e-03,-1.164941787719726562e-01,2.251943573355674744e-02,-1.411935240030288696e-01,3.089644946157932281e-02,6.982828378677368164e-01,-9.329537302255630493e-02,6.795152276754379272e-02,1.762385517358779907e-01,3.145780041813850403e-02,4.638350903987884521e-01,1.157813817262649536e-01,7.458671927452087402e-01,-1.829691976308822632e-01,1.027136296033859253e-01,-1.812330484390258789e-01,-3.053895831108093262e-01,1.797854751348495483e-01,8.990024775266647339e-02,-5.812492966651916504e-01,2.358998060226440430e-01,5.848516225814819336e-01,6.859901547431945801e-02,-1.277598291635513306e-01,-9.387954324483871460e-02
1.069159209728240967e-01,-1.559166908264160156e+00,8.454663753509521484e-01,2.690055035054683685e-02,1.951125636696815491e-02,-7.973184585571289062e-01,6.026432514190673828e-01,-3.942098915576934814e-01,3.182691931724548340e-01,6.835073977708816528e-02,3.478655815124511719e-01,-5.990541074424982071e-03,-1.283298134803771973e-01,-5.801968649029731750e-02,-1.342515349388122559e-01,1.500155124813318253e-02,9.581748843193054199e-01,-8.178099244832992554e-02,3.473757207393646240e-02,1.627966612577438354e-01,1.415998023003339767e-02,4.802412986755371094e-01,8.523184806108474731e-02,7.850354313850402832e-01,-1.660203039646148682e-01,4.142122715711593628e-02,-1.803855746984481812e-01,-3.089823424816131592e-01,1.866103559732437134e-01,1.627522557973861694e-01,-5.885425806045532227e-01,2.075920104980468750e-01,5.714489221572875977e-01,6.288594752550125122e-02,-1.321948021650314331e-01,-3.182116895914077759e-02
1.077137887477874756e-01,-1.619955897331237793e+00,8.362196087837219238e-01,2.206593565642833710e-02,9.086732752621173859e-03,-8.012988567352294922e-01,5.977881550788879395e-01,-3.399042785167694092e-01,3.160941898822784424e-01,7.750202715396881104e-02,3.984743058681488037e-01,-8.960419893264770508e-02,-9.768941253423690796e-02,-1.981579661369323730e-01,-1.382091045379638672e-01,-4.303693398833274841e-02,1.186405658721923828e+00,-1.136353090405464172e-01,9.224542416632175446e-03,1.131110563874244690e-01,-4.643535986542701721e-02,4.741935431957244873e-01,4.538976028561592102e-02,8.210692405700683594e-01,-1.549179702997207642e-01,-1.090055517852306366e-02,-1.596161127090454102e-01,-3.151654601097106934e-01,2.037037461996078491e-01,2.230159491300582886e-01,-5.927873253822326660e-01,1.709895133972167969e-01,4.974263012409210205e-01,5.226371437311172485e-02,-1.385293751955032349e-01,-8.309052791446447372e-04
1.049108877778053284e-01,-1.678725600242614746e+00,8.291861414909362793e-01,2.886899560689926147e-02,-7.742753368802368641e-04,-8.032862544059753418e-01,5.948925614356994629e-01,-2.645998299121856689e-01,2.912526428699493408e-01,1.216886043548583984e-01,4.520340561866760254e-01,-2.205603569746017456e-01,-5.665310472249984741e-02,-3.108168244361877441e-01,-1.300709247589111328e-01,-1.533390432596206665e-01,1.241840600967407227e+00,-1.496104747056961060e-01,1.837792433798313141e-02,3.799485042691230774e-02,-1.329196989536285400e-01,4.451284706592559814e-01,1.399038475938141346e-03,8.400045037269592285e-01,-1.680638194084167480e-01,-2.605651505291461945e-03,-1.319458931684494019e-01,-3.093991577625274658e-01,2.264030426740646362e-01,2.629620730876922607e-01,-5.911102294921875000e-01,1.577668190002441406e-01,4.207399189472198486e-01,4.221190884709358215e-02,-1.541574001312255859e-01,-3.849158296361565590e-03
9.839661419391632080e-02,-1.736349821090698242e+00,8.280884623527526855e-01,3.877503797411918640e-02,-8.995122276246547699e-03,-8.013589978218078613e-01,5.968579053878784180e-01,-1.843836158514022827e-01,2.529814243316650391e-01,1.527117341756820679e-01,4.742042124271392822e-01,-2.883195877075195312e-01,-4.538987576961517334e-02,-3.820758163928985596e-01,-1.127642691135406494e-01,-2.681064903736114502e-01,1.110384106636047363e+00,-1.621217876672744751e-01,5.398599430918693542e-02,-4.102855920791625977e-02,-2.146769016981124878e-01,4.145408272743225098e-01,-1.949426345527172089e-02,8.458243608474731445e-01,-1.832629442214965820e-01,4.519070312380790710e-02,-1.183924973011016846e-01,-3.004406988620758057e-01,2.386889010667800903e-01,2.915040552616119385e-01,-5.871707201004028320e-01,1.530495733022689819e-01,3.591437637805938721e-01,4.632693901658058167e-02,-1.709664911031723022e-01,-4.961894359439611435e-03
8.983179181814193726e-02,-1.792855620384216309e+00,8.292691111564636230e-01,4.882821440696716309e-02,-2.067494019865989685e-02,-7.941802144050598145e-01,6.053644418716430664e-01,-8.657464385032653809e-02,1.971528083086013794e-01,1.722123026847839355e-01,4.699839353561401367e-01,-3.011853694915771484e-01,-3.832592070102691650e-02,-4.389041960239410400e-01,-1.240070462226867676e-01,-3.670874834060668945e-01,8.654207587242126465e-01,-1.083754152059555054e-01,1.157488450407981873e-01,-1.267732232809066772e-01,-2.940177023410797119e-01,3.903234899044036865e-01,-3.005355969071388245e-02,8.420504927635192871e-01,-1.950417459011077881e-01,9.866756200790405273e-02,-1.130707636475563049e-01,-2.980152368545532227e-01,2.377005517482757568e-01,3.076410889625549316e-01,-5.821987390518188477e-01,1.500389873981475830e-01,3.098101615905761719e-01,6.008853763341903687e-02,-1.754260510206222534e-01,4.682788159698247910e-03
7.868098467588424683e-02,-1.848971724510192871e+00,8.337904810905456543e-01,5.447782576084136963e-02,-3.681576624512672424e-02,-7.861987352371215820e-01,6.144658327102661133e-01,3.660854324698448181e-02,1.286573559045791626e-01,1.519935131072998047e-01,4.491375386714935303e-01,-2.205733656883239746e-01,-5.653170868754386902e-02,-4.836521148681640625e-01,-1.760559231042861938e-01,-4.059796035289764404e-01,5.289360284805297852e-01,-1.708111539483070374e-02,2.010358273983001709e-01,-1.994508206844329834e-01,-3.528754115104675293e-01,3.855058252811431885e-01,-5.540636368095874786e-03,8.313718438148498535e-01,-1.859207153320312500e-01,1.097406074404716492e-01,-1.149859502911567688e-01,-3.181333541870117188e-01,2.392750829458236694e-01,3.178375065326690674e-01,-5.685055255889892578e-01,1.332159191370010376e-01,2.878686189651489258e-01,7.434667646884918213e-02,-1.585079282522201538e-01,1.522820722311735153e-02
6.258229911327362061e-02,-1.903212189674377441e+00,8.363412022590637207e-01,6.126068532466888428e-02,-5.323655158281326294e-02,-7.745348215103149414e-01,6.273028254508972168e-01,1.473526656627655029e-01,8.091560006141662598e-02,1.004614606499671936e-01,4.493128359317779541e-01,-1.286916583776473999e-01,-8.477153629064559937e-02,-4.808040559291839600e-01,-2.350812852382659912e-01,-3.789905905723571777e-01,2.499030977487564087e-01,1.137973442673683167e-01,2.617552578449249268e-01,-2.347053587436676025e-01,-3.867222964763641357e-01,4.080752730369567871e-01,4.408556967973709106e-02,8.073312044143676758e-01,-1.587168276309967041e-01,8.613002300262451172e-02,-1.399317234754562378e-01,-3.400236070156097412e-01,2.361282855272293091e-01,3.289093375205993652e-01,-5.561739206314086914e-01,1.054087206721305847e-01,2.571488022804260254e-01,9.913381934165954590e-02,-1.463069915771484375e-01,8.733371272683143616e-03
3.910666704177856445e-02,-1.952814579010009766e+00,8.351236581802368164e-01,5.602326616644859314e-02,-6.871213018894195557e-02,-7.672533988952636719e-01,6.351867914199829102e-01,2.170321345329284668e-01,8.061147481203079224e-02,5.231540277600288391e-02,5.040841698646545410e-01,-6.431335955858230591e-02,-1.057114228606224060e-01,-4.666174948215484619e-01,-2.726274728775024414e-01,-3.171724379062652588e-01,8.795902132987976074e-02,2.090015262365341187e-01,2.617999911308288574e-01,-2.288684397935867310e-01,-3.790791332721710205e-01,4.471709132194519043e-01,9.390659630298614502e-02,7.842538952827453613e-01,-1.232462078332901001e-01,2.682065032422542572e-02,-1.791523694992065430e-01,-3.601414263248443604e-01,2.122378200292587280e-01,3.467348217964172363e-01,-5.472199916839599609e-01,7.647696137428283691e-02,2.110093235969543457e-01,1.282435655593872070e-01,-1.374520957469940186e-01,-1.090853754431009293e-02
1.750792562961578369e-02,-2.000654935836791992e+00,8.304008245468139648e-01,4.834833741188049316e-02,-7.088339328765869141e-02,-7.676285505294799805e-01,6.351254582405090332e-01,2.098310291767120361e-01,9.115297347307205200e-02,2.844747155904769897e-02,6.594732403755187988e-01,-7.067152857780456543e-02,-8.439902961254119873e-02,-4.235280156135559082e-01,-3.136993348598480225e-01,-2.195013463497161865e-01,6.189581379294395447e-02,2.850905656814575195e-01,2.617999911308288574e-01,-1.835821121931076050e-01,-3.440490663051605225e-01,4.939687550067901611e-01,1.412390768527984619e-01,7.425412535667419434e-01,-6.828790903091430664e-02,-5.415353551506996155e-02,-2.284910231828689575e-01,-3.564049303531646729e-01,1.861755549907684326e-01,3.748458623886108398e-01,-5.407209396362304688e-01,3.879138827323913574e-02,1.324979662895202637e-01,1.821147054433822632e-01,-1.295931190252304077e-01,-4.447780549526214600e-02
2.724750898778438568e-03,-2.050816059112548828e+00,8.198304176330566406e-01,4.786701127886772156e-02,-6.946470588445663452e-02,-7.678959369659423828e-01,6.349954605102539062e-01,1.059800088405609131e-01,8.698546886444091797e-02,3.277163207530975342e-02,8.757975101470947266e-01,-1.393252611160278320e-01,-1.997110061347484589e-02,-3.926188051700592041e-01,-3.440741598606109619e-01,-1.338982135057449341e-01,9.457923471927642822e-02,2.575833797454833984e-01,2.617999911308288574e-01,-1.410746127367019653e-01,-2.884972095489501953e-01,4.990172386169433594e-01,1.791449189186096191e-01,7.066778540611267090e-01,-5.575554445385932922e-02,-1.165245845913887024e-01,-2.796165645122528076e-01,-3.345583975315093994e-01,1.699026077985763550e-01,3.966689407825469971e-01,-5.507861971855163574e-01,3.258232027292251587e-02,6.090807914733886719e-02,2.277822494506835938e-01,-1.308452337980270386e-01,-8.779124170541763306e-02
-5.938439629971981049e-03,-2.100976467132568359e+00,8.071895837783813477e-01,4.383014887571334839e-02,-6.090923398733139038e-02,-7.638188600540161133e-01,6.410536170005798340e-01,-8.002842217683792114e-02,6.496483832597732544e-02,5.504935234785079956e-02,1.144595861434936523e+00,-2.342057526111602783e-01,6.280952692031860352e-02,-3.606029748916625977e-01,-3.702003359794616699e-01,-5.758867785334587097e-02,1.645827293395996094e-01,1.167430728673934937e-01,2.617999911308288574e-01,-9.672523289918899536e-02,-2.123461365699768066e-01,5.025388002395629883e-01,1.947499811649322510e-01,6.588239669799804688e-01,-6.161725148558616638e-02,-1.277313381433486938e-01,-2.985910475254058838e-01,-3.144886195659637451e-01,1.816900968551635742e-01,3.795723617076873779e-01,-5.566601753234863281e-01,4.333604872226715088e-02,9.446974843740463257e-03,2.614537179470062256e-01,-1.427738964557647705e-01,-1.398413926362991333e-01
-9.220934472978115082e-03,-2.150364160537719727e+00,7.932583689689636230e-01,3.280475363135337830e-02,-4.345830902457237244e-02,-7.516000270843505859e-01,6.573679447174072266e-01,-2.878660261631011963e-01,3.605608642101287842e-02,1.296418756246566772e-01,1.329470038414001465e+00,-3.208151459693908691e-01,1.419056653976440430e-01,-3.368379175662994385e-01,-3.714168667793273926e-01,-2.058236859738826752e-02,2.781774401664733887e-01,-4.163274168968200684e-02,2.604312300682067871e-01,-6.132857501506805420e-02,-1.081251800060272217e-01,5.032134056091308594e-01,1.776022166013717651e-01,5.856065750122070312e-01,-8.668363839387893677e-02,-7.579186558723449707e-02,-2.904735207557678223e-01,-3.006787896156311035e-01,2.236878424882888794e-01,2.977512478828430176e-01,-5.538911819458007812e-01,6.902251392602920532e-02,1.404437236487865448e-02,2.540150582790374756e-01,-1.660758554935455322e-01,-2.395311444997787476e-01
-1.451591588556766510e-02,-2.197582960128784180e+00,7.805004119873046875e-01,1.341083180159330368e-02,-1.724456995725631714e-02,-7.449032068252563477e-01,6.668148040771484375e-01,-4.278121590614318848e-01,2.633734047412872314e-02,2.102641910314559937e-01,1.321485757827758789e+00,-3.724431097507476807e-01,1.876492500305175781e-01,-3.122065365314483643e-01,-3.183228075504302979e-01,-1.799054630100727081e-02,3.986596465110778809e-01,-1.822289377450942993e-01,2.240140736103057861e-01,-2.195107936859130859e-02,1.012829318642616272e-02,5.036536455154418945e-01,1.690962463617324829e-01,5.056205391883850098e-01,-1.094266548752784729e-01,3.046512370929121971e-03,-2.753270268440246582e-01,-2.875120043754577637e-01,2.675350904464721680e-01,1.828424483537673950e-01,-5.536502599716186523e-01,9.169810265302658081e-02,7.012016326189041138e-02,2.211774736642837524e-01,-1.865697950124740601e-01,-3.398585021495819092e-01
-1.710019260644912720e-02,-2.245617866516113281e+00,7.694942355155944824e-01,-5.614970345050096512e-03,8.329669944941997528e-03,-7.361997961997985840e-01,6.766896843910217285e-01,-5.337322354316711426e-01,2.770463749766349792e-02,3.119347393512725830e-01,1.240521192550659180e+00,-3.988949656486511230e-01,1.962314099073410034e-01,-2.768422067165374756e-01,-2.694941759109497070e-01,-4.679303988814353943e-02,5.013951659202575684e-01,-2.855750322341918945e-01,1.895915120840072632e-01,3.244787082076072693e-02,1.398586630821228027e-01,5.042682290077209473e-01,1.581327021121978760e-01,4.263496398925781250e-01,-1.388555765151977539e-01,1.209173575043678284e-01,-2.586727738380432129e-01,-2.805144190788269043e-01,3.080989420413970947e-01,3.666599839925765991e-02,-5.621827840805053711e-01,1.164889708161354065e-01,1.748557239770889282e-01,1.946339309215545654e-01,-2.063728272914886475e-01,-4.284907281398773193e-01
-1.764032989740371704e-02,-2.293870925903320312e+00,7.654524445533752441e-01,-7.632471155375242233e-03,2.866742759943008423e-02,-7.274370193481445312e-01,6.855328679084777832e-01,-5.992563962936401367e-01,3.902703523635864258e-02,4.124233126640319824e-01,1.152845263481140137e+00,-3.880952000617980957e-01,1.687777787446975708e-01,-2.240124791860580444e-01,-2.512933611869812012e-01,-8.097667992115020752e-02,5.226539969444274902e-01,-3.482538759708404541e-01,1.808079928159713745e-01,9.283440560102462769e-02,2.273216694593429565e-01,5.035171508789062500e-01,1.647263467311859131e-01,3.917769491672515869e-01,-1.662506163120269775e-01,1.998292207717895508e-01,-2.359340786933898926e-01,-2.805292606353759766e-01,3.113090693950653076e-01,-7.627168297767639160e-02,-5.698276162147521973e-01,1.295158267021179199e-01,2.425803542137145996e-01,1.767060756683349609e-01,-2.089506983757019043e-01,-4.727841615676879883e-01
-1.548962108790874481e-02,-2.341877460479736328e+00,7.684598565101623535e-01,5.284536629915237427e-03,3.666613623499870300e-02,-7.259347438812255859e-01,6.867651939392089844e-01,-6.500070691108703613e-01,6.936724483966827393e-02,4.661625325679779053e-01,1.081088423728942871e+00,-3.491197228431701660e-01,1.185353621840476990e-01,-1.567097604274749756e-01,-2.666121125221252441e-01,-9.447186440229415894e-02,4.716897010803222656e-01,-3.649480640888214111e-01,2.026066929101943970e-01,1.549977511167526245e-01,2.556127905845642090e-01,5.022939443588256836e-01,1.861944496631622314e-01,4.010267853736877441e-01,-1.683641821146011353e-01,1.997735053300857544e-01,-2.098747193813323975e-01,-2.962293326854705811e-01,2.984483242034912109e-01,-1.216192990541458130e-01,-5.903179049491882324e-01,1.367894113063812256e-01,2.263106405735015869e-01,1.580368429422378540e-01,-2.195002585649490356e-01,-4.653082191944122314e-01
-1.112872269004583359e-02,-2.388003826141357422e+00,7.760900259017944336e-01,3.062005899846553802e-02,3.864734992384910583e-02,-7.279376387596130371e-01,6.838681101799011230e-01,-7.001559734344482422e-01,1.290577501058578491e-01,4.700448215007781982e-01,1.012935638427734375e+00,-3.018667697906494141e-01,5.769262835383415222e-02,-8.746045082807540894e-02,-2.988674938678741455e-01,-6.116803362965583801e-02,3.745446503162384033e-01,-3.490033447742462158e-01,2.506292462348937988e-01,2.117560058832168579e-01,2.391092032194137573e-01,4.989807903766632080e-01,2.071108669042587280e-01,4.338230490684509277e-01,-1.474943011999130249e-01,1.543900072574615479e-01,-1.687798351049423218e-01,-3.256373405456542969e-01,2.919044196605682373e-01,-1.250134259462356567e-01,-6.183243989944458008e-01,1.294599026441574097e-01,1.517594605684280396e-01,1.386746615171432495e-01,-2.351337820291519165e-01,-4.284789860248565674e-01
-6.834995467215776443e-03,-2.431270599365234375e+00,7.850713729858398438e-01,5.994269624352455139e-02,4.113408550620079041e-02,-7.382566928863525391e-01,6.705907583236694336e-01,-7.483782172203063965e-01,2.376147061586380005e-01,4.118167459964752197e-01,9.417680501937866211e-01,-2.341981828212738037e-01,-1.109427865594625473e-02,-4.452949762344360352e-02,-3.343844413757324219e-01,-2.285921946167945862e-02,2.942253053188323975e-01,-2.804438471794128418e-01,2.617994844913482666e-01,2.683789432048797607e-01,1.926609128713607788e-01,4.954445064067840576e-01,2.335445135831832886e-01,4.838241636753082275e-01,-8.921206742525100708e-02,7.058130949735641479e-02,-1.230064928531646729e-01,-3.446002900600433350e-01,3.020743131637573242e-01,-8.126882463693618774e-02,-6.418371200561523438e-01,9.065330028533935547e-02,2.939470857381820679e-02,1.165196523070335388e-01,-2.393561750650405884e-01,-3.719083666801452637e-01
1.608482096344232559e-03,-2.473763704299926758e+00,7.969774603843688965e-01,7.743498682975769043e-02,4.172826930880546570e-02,-7.509937286376953125e-01,6.544241905212402344e-01,-7.430715560913085938e-01,3.428204655647277832e-01,3.476201295852661133e-01,8.338749408721923828e-01,-1.589787602424621582e-01,-8.190092444419860840e-02,-9.484305046498775482e-03,-3.789116144180297852e-01,-3.571553528308868408e-02,2.660463452339172363e-01,-1.005946844816207886e-01,2.617999911308288574e-01,3.040360808372497559e-01,1.423952430486679077e-01,4.915715157985687256e-01,2.513950467109680176e-01,5.312148332595825195e-01,-3.270844742655754089e-02,1.392548345029354095e-02,-8.857855200767517090e-02,-3.545122444629669189e-01,3.336439728736877441e-01,-2.143035084009170532e-02,-6.617053151130676270e-01,5.221384763717651367e-02,-4.008787870407104492e-02,9.034762531518936157e-02,-2.282793074846267700e-01,-3.438549637794494629e-01
1.670648343861103058e-02,-2.516222715377807617e+00,8.047471046447753906e-01,8.582390099763870239e-02,4.003702104091644287e-02,-7.607913017272949219e-01,6.420497894287109375e-01,-6.760694980621337891e-01,4.126380681991577148e-01,2.679945826530456543e-01,7.029392719268798828e-01,-7.276016473770141602e-02,-1.411407142877578735e-01,3.220963058993220329e-03,-4.199652969837188721e-01,-3.167822957038879395e-02,3.058720231056213379e-01,4.184861853718757629e-02,2.617999911308288574e-01,3.039614260196685791e-01,8.972714096307754517e-02,4.871301651000976562e-01,2.529158592224121094e-01,5.769411921501159668e-01,2.106284722685813904e-02,-3.155701607465744019e-02,-6.660906970500946045e-02,-3.525524139404296875e-01,3.646771311759948730e-01,4.959108307957649231e-02,-6.804893612861633301e-01,1.113570295274257660e-02,-7.574552297592163086e-02,5.617114529013633728e-02,-2.101935297250747681e-01,-3.193788230419158936e-01
3.749389946460723877e-02,-2.558635711669921875e+00,8.063277006149291992e-01,8.753946423530578613e-02,3.636782616376876831e-02,-7.644955515861511230e-01,6.376211643218994141e-01,-5.506007075309753418e-01,4.417863786220550537e-01,1.759334057569503784e-01,5.496301054954528809e-01,2.647904213517904282e-03,-1.931234151124954224e-01,-1.748734712600708008e-02,-4.430426657199859619e-01,-7.043231744319200516e-03,4.393890798091888428e-01,1.107597425580024719e-01,2.617998421192169189e-01,2.653420865535736084e-01,4.286254569888114929e-02,4.825364947319030762e-01,2.462260425090789795e-01,6.265289783477783203e-01,6.949324905872344971e-02,-7.654871791601181030e-02,-8.517940342426300049e-02,-3.404554426670074463e-01,3.787359297275543213e-01,1.233297809958457947e-01,-6.964359879493713379e-01,-2.371291257441043854e-02,-8.736038953065872192e-02,2.339724265038967133e-02,-1.883952468633651733e-01,-2.819294333457946777e-01
5.857440829277038574e-02,-2.599076986312866211e+00,8.008100986480712891e-01,7.462414354085922241e-02,2.877168357372283936e-02,-7.608277797698974609e-01,6.440066695213317871e-01,-4.160724580287933350e-01,4.452494978904724121e-01,9.469084441661834717e-02,4.124714136123657227e-01,4.770813882350921631e-02,-2.265340834856033325e-01,-8.627967536449432373e-02,-4.342615604400634766e-01,1.847351528704166412e-02,6.763055324554443359e-01,1.017631664872169495e-01,2.189655900001525879e-01,1.957363635301589966e-01,3.612179541960358620e-03,4.810059368610382080e-01,2.204262912273406982e-01,6.905207633972167969e-01,1.014587804675102234e-01,-9.826207160949707031e-02,-1.297937482595443726e-01,-3.283819854259490967e-01,3.818717300891876221e-01,1.810457706451416016e-01,-7.054933905601501465e-01,-3.888051584362983704e-02,-8.845439553260803223e-02,3.510922659188508987e-03,-1.682063490152359009e-01,-2.363145202398300171e-01
7.697238773107528687e-02,-2.636652469635009766e+00,7.907893657684326172e-01,5.195150524377822876e-02,2.399031259119510651e-02,-7.549535036087036133e-01,6.532768607139587402e-01,-3.029426932334899902e-01,4.536515176296234131e-01,5.546621978282928467e-02,3.290635347366333008e-01,3.477909788489341736e-02,-2.375644743442535400e-01,-1.856813877820968628e-01,-3.768051266670227051e-01,2.704328857362270355e-03,9.535333514213562012e-01,2.362855151295661926e-02,1.632274389266967773e-01,1.117364689707756042e-01,-3.462766483426094055e-02,4.813272356986999512e-01,1.692453622817993164e-01,7.787299752235412598e-01,1.117341071367263794e-01,-1.093790307641029358e-01,-1.676783710718154907e-01,-3.192451894283294678e-01,3.641925752162933350e-01,2.156312763690948486e-01,-7.107022404670715332e-01,-3.037898056209087372e-02,-6.931743770837783813e-02,-1.442842371761798859e-02,-1.525814086198806763e-01,-2.066469192504882812e-01
9.173825383186340332e-02,-2.672779321670532227e+00,7.807922959327697754e-01,3.258551657199859619e-02,1.442132890224456787e-02,-7.487720251083374023e-01,6.618691086769104004e-01,-2.217037379741668701e-01,4.518580436706542969e-01,1.006229668855667114e-01,3.193635344505310059e-01,-5.076519772410392761e-02,-2.077276259660720825e-01,-2.919998764991760254e-01,-2.676069736480712891e-01,-8.862271159887313843e-02,1.191333413124084473e+00,-7.612716406583786011e-02,1.457562744617462158e-01,1.895042695105075836e-02,-9.793282300233840942e-02,4.733958244323730469e-01,8.405638486146926880e-02,8.784289360046386719e-01,1.087954938411712646e-01,-9.492025524377822876e-02,-1.772217601537704468e-01,-3.093328475952148438e-01,3.450661599636077881e-01,2.285381853580474854e-01,-6.955575942993164062e-01,-8.272339589893817902e-03,-2.407261356711387634e-02,-3.225524351000785828e-02,-1.421933472156524658e-01,-1.969951093196868896e-01
1.033748462796211243e-01,-2.708471298217773438e+00,7.848393917083740234e-01,3.224326297640800476e-02,4.616938065737485886e-03,-7.443345785140991211e-01,6.670120358467102051e-01,-1.623824536800384521e-01,4.215155839920043945e-01,1.566662043333053589e-01,3.406833112239837646e-01,-1.078025847673416138e-01,-1.894459128379821777e-01,-3.724253177642822266e-01,-1.785092502832412720e-01,-2.331910431385040283e-01,1.183071255683898926e+00,-1.418433487415313721e-01,1.581092029809951782e-01,-6.970103830099105835e-02,-1.914564669132232666e-01,4.435452520847320557e-01,-2.075523836538195610e-03,9.817914962768554688e-01,7.506174594163894653e-02,-3.424089774489402771e-02,-1.808842867612838745e-01,-2.955515384674072266e-01,3.102090060710906982e-01,2.312695235013961792e-01,-6.638872027397155762e-01,2.711576037108898163e-02,3.567536920309066772e-02,-3.035213425755500793e-02,-1.324086934328079224e-01,-1.777828484773635864e-01
1.129968985915184021e-01,-2.744988203048706055e+00,7.864677309989929199e-01,4.272751882672309875e-02,-1.125750970095396042e-02,-7.423949837684631348e-01,6.685038208961486816e-01,-1.014758571982383728e-01,3.630813956260681152e-01,2.077508419752120972e-01,3.718755841255187988e-01,-1.579140722751617432e-01,-1.730244010686874390e-01,-4.177683889865875244e-01,-1.095515266060829163e-01,-3.989480137825012207e-01,9.721999168395996094e-01,-1.552725285291671753e-01,1.856505721807479858e-01,-1.524931341409683228e-01,-3.019737303256988525e-01,4.102009832859039307e-01,-7.494659721851348877e-02,1.071245908737182617e+00,1.690483652055263519e-02,2.092280983924865723e-02,-1.800371408462524414e-01,-2.838915586471557617e-01,2.417975813150405884e-01,2.283273041248321533e-01,-6.481431126594543457e-01,6.219603493809700012e-02,9.625650197267532349e-02,-1.298318989574909210e-02,-1.244168505072593689e-01,-1.412436366081237793e-01
1.204171627759933472e-01,-2.782352447509765625e+00,7.818765044212341309e-01,5.056058987975120544e-02,-3.952794149518013000e-02,-7.319751977920532227e-01,6.783019304275512695e-01,-4.240126907825469971e-02,2.910656630992889404e-01,2.391799986362457275e-01,4.209988415241241455e-01,-1.903778910636901855e-01,-1.497082859277725220e-01,-4.462257921695709229e-01,-8.757653832435607910e-02,-5.152756571769714355e-01,6.673054099082946777e-01,-1.272685527801513672e-01,2.281136214733123779e-01,-2.437639683485031128e-01,-4.182199537754058838e-01,3.896919786930084229e-01,-1.646863967180252075e-01,1.165219545364379883e+00,-5.543396249413490295e-02,4.513017088174819946e-02,-1.791858524084091187e-01,-2.893707752227783203e-01,1.633939296007156372e-01,2.073692530393600464e-01,-6.338495016098022461e-01,1.025958657264709473e-01,1.579757332801818848e-01,8.077328093349933624e-04,-1.075208634138107300e-01,-9.844732284545898438e-02
1.232971176505088806e-01,-2.819100856781005859e+00,7.789349555969238281e-01,4.960830509662628174e-02,-6.033097580075263977e-02,-7.165999412536621094e-01,6.930971741676330566e-01,2.522064372897148132e-02,2.439792454242706299e-01,2.302115857601165771e-01,4.321734607219696045e-01,-1.933747678995132446e-01,-1.577353030443191528e-01,-4.859323501586914062e-01,-1.247878149151802063e-01,-5.580888390541076660e-01,4.062906801700592041e-01,-7.432337850332260132e-02,2.617392241954803467e-01,-3.123755156993865967e-01,-4.926172196865081787e-01,3.981852233409881592e-01,-2.529423832893371582e-01,1.223519086837768555e+00,-1.145783141255378723e-01,2.952030114829540253e-02,-1.691788434982299805e-01,-3.116274178028106689e-01,1.337705105543136597e-01,1.846319437026977539e-01,-6.190437674522399902e-01,1.369129121303558350e-01,1.998032778501510620e-01,1.471195463091135025e-02,-9.325552731752395630e-02,-6.132335215806961060e-02
1.182882040739059448e-01,-2.853806018829345703e+00,7.758687138557434082e-01,4.377946257591247559e-02,-7.075677812099456787e-02,-7.052910923957824707e-01,7.040179967880249023e-01,9.334442764520645142e-02,2.265535742044448853e-01,1.666890084743499756e-01,4.038309454917907715e-01,-1.518852263689041138e-01,-2.086694836616516113e-01,-5.246626138687133789e-01,-1.740986257791519165e-01,-5.306352972984313965e-01,1.857611089944839478e-01,-1.090914569795131683e-02,2.617999911308288574e-01,-3.410578072071075439e-01,-5.105599761009216309e-01,4.325244426727294922e-01,-3.199435770511627197e-01,1.235515356063842773e+00,-1.575204133987426758e-01,-7.033925969153642654e-03,-1.502402573823928833e-01,-3.381508886814117432e-01,1.389870047569274902e-01,1.636596620082855225e-01,-6.087061762809753418e-01,1.597090363502502441e-01,2.114512622356414795e-01,3.294802457094192505e-02,-8.633229881525039673e-02,-3.417268395423889160e-02
1.115651130676269531e-01,-2.887290239334106445e+00,7.729560732841491699e-01,3.443507850170135498e-02,-5.846447125077247620e-02,-7.012332677841186523e-01,7.096957564353942871e-01,1.413223743438720703e-01,2.487894594669342041e-01,7.153686136007308960e-02,3.711904883384704590e-01,-1.226198747754096985e-01,-2.612713873386383057e-01,-5.455000996589660645e-01,-2.190107405185699463e-01,-4.298192262649536133e-01,9.237131476402282715e-02,5.360146984457969666e-02,2.617999911308288574e-01,-3.360741734504699707e-01,-4.708082675933837891e-01,4.748276174068450928e-01,-3.455520570278167725e-01,1.218697667121887207e+00,-1.760157942771911621e-01,-5.451318621635437012e-02,-1.368081271648406982e-01,-3.629145324230194092e-01,1.577296257019042969e-01,1.651615351438522339e-01,-6.040911078453063965e-01,1.675943434238433838e-01,1.938134729862213135e-01,3.145626187324523926e-02,-9.364146739244461060e-02,-4.434863850474357605e-02
1.053607985377311707e-01,-2.924632787704467773e+00,7.826872467994689941e-01,3.612389788031578064e-02,-3.252769634127616882e-02,-6.959244012832641602e-01,7.164678573608398438e-01,1.623928397893905640e-01,2.773675322532653809e-01,2.002189122140407562e-02,3.159262239933013916e-01,-2.690443396568298340e-02,-2.617999911308288574e-01,-5.305702686309814453e-01,-2.491868883371353149e-01,-3.182732462882995605e-01,5.987395346164703369e-02,1.145441681146621704e-01,2.617999911308288574e-01,-3.239564895629882812e-01,-3.901335597038269043e-01,4.715718030929565430e-01,-3.326660692691802979e-01,1.160256981849670410e+00,-1.985724717378616333e-01,-1.282703280448913574e-01,-1.243230029940605164e-01,-3.831724822521209717e-01,1.905309706926345825e-01,2.202149480581283569e-01,-5.967096686363220215e-01,1.455699354410171509e-01,1.592910885810852051e-01,3.627819940447807312e-02,-1.102370396256446838e-01,-9.261479973793029785e-02
9.451539814472198486e-02,-2.955897569656372070e+00,7.863596677780151367e-01,3.614399954676628113e-02,-1.207520544994622469e-04,-6.983990073204040527e-01,7.147954106330871582e-01,1.210668534040451050e-01,3.478294312953948975e-01,-2.325134910643100739e-02,3.498407006263732910e-01,-1.779281161725521088e-02,-2.617999911308288574e-01,-5.202197432518005371e-01,-2.647764980792999268e-01,-2.063130587339401245e-01,9.803785383701324463e-02,1.817266047000885010e-01,2.617999911308288574e-01,-2.806817591190338135e-01,-2.892696559429168701e-01,4.829920530319213867e-01,-2.761198282241821289e-01,1.086143374443054199e+00,-1.839410811662673950e-01,-1.867115646600723267e-01,-1.057599261403083801e-01,-3.811195492744445801e-01,2.163273692131042480e-01,2.444035112857818604e-01,-6.047013998031616211e-01,1.252215206623077393e-01,1.091150790452957153e-01,5.160065367817878723e-02,-1.199810579419136047e-01,-1.356395781040191650e-01
8.040025085210800171e-02,-2.977525949478149414e+00,7.826276421546936035e-01,4.252121597528457642e-02,1.008348725736141205e-02,-6.974331140518188477e-01,7.153162360191345215e-01,9.087178856134414673e-03,3.770737051963806152e-01,-7.944696396589279175e-02,5.088183879852294922e-01,-7.954107969999313354e-02,-2.617999017238616943e-01,-5.154712200164794922e-01,-2.996838688850402832e-01,-9.165958315134048462e-02,2.002008110284805298e-01,2.215030491352081299e-01,2.617999911308288574e-01,-2.195063084363937378e-01,-2.047720998525619507e-01,5.091013908386230469e-01,-1.941089630126953125e-01,1.009881138801574707e+00,-1.395652890205383301e-01,-2.019055187702178955e-01,-9.771785140037536621e-02,-3.575886487960815430e-01,2.297066152095794678e-01,2.401838004589080811e-01,-6.277285814285278320e-01,8.940038830041885376e-02,6.459690630435943604e-02,8.520650118589401245e-02,-1.211901232600212097e-01,-1.811516880989074707e-01
7.070124149322509766e-02,-3.012105703353881836e+00,7.738279104232788086e-01,4.323652759194374084e-02,1.800523139536380768e-02,-6.926993727684020996e-01,7.197040915489196777e-01,-8.077521622180938721e-02,3.852978646755218506e-01,-1.035127490758895874e-01,6.803904771804809570e-01,-1.583188325166702271e-01,-2.566561698913574219e-01,-4.701801240444183350e-01,-2.986916601657867432e-01,6.718977354466915131e-03,2.522359788417816162e-01,1.856461614370346069e-01,2.617999911308288574e-01,-1.720396429300308228e-01,-1.248465180397033691e-01,5.095430612564086914e-01,-9.546395391225814819e-02,9.626954793930053711e-01,-1.128393486142158508e-01,-1.931885033845901489e-01,-9.668139368295669556e-02,-3.358510434627532959e-01,2.411802560091018677e-01,2.458053976297378540e-01,-6.499361395835876465e-01,7.454101741313934326e-02,1.802920922636985779e-02,1.321808546781539917e-01,-1.348016560077667236e-01,-2.119027078151702881e-01
6.592764705419540405e-02,-3.050065994262695312e+00,7.640065550804138184e-01,4.186381027102470398e-02,1.984278671443462372e-02,-6.803853511810302734e-01,7.313886880874633789e-01,-1.958671063184738159e-01,3.607383668422698975e-01,-1.032175347208976746e-01,9.251112341880798340e-01,-2.383094578981399536e-01,-2.410743981599807739e-01,-4.063980877399444580e-01,-3.073992431163787842e-01,1.007997766137123108e-01,2.879488468170166016e-01,7.617955654859542847e-02,2.617999911308288574e-01,-1.245961338281631470e-01,-5.141900852322578430e-02,5.087279081344604492e-01,9.360376745462417603e-03,9.176183342933654785e-01,-8.477286249399185181e-02,-1.295126974582672119e-01,-9.346646070480346680e-02,-3.153055608272552490e-01,2.478454709053039551e-01,2.305239886045455933e-01,-6.768172979354858398e-01,6.448244303464889526e-02,-1.148245483636856079e-02,2.004207670688629150e-01,-1.458706706762313843e-01,-2.247507572174072266e-01
6.897489726543426514e-02,-3.088219404220581055e+00,7.512169480323791504e-01,4.349436610937118530e-02,2.192793413996696472e-02,-6.642729043960571289e-01,7.459014058113098145e-01,-3.337686955928802490e-01,3.150516152381896973e-01,-6.592070311307907104e-02,1.225482702255249023e+00,-3.150306344032287598e-01,-2.213907539844512939e-01,-3.493317663669586182e-01,-3.460604846477508545e-01,1.430968344211578369e-01,3.324616551399230957e-01,-1.129174605011940002e-01,2.617999911308288574e-01,-7.642313838005065918e-02,1.334367413073778152e-02,5.041007995605468750e-01,1.004426702857017517e-01,8.725723028182983398e-01,-5.018094554543495178e-02,-1.666338555514812469e-02,-1.021147891879081726e-01,-3.006571233272552490e-01,2.494347989559173584e-01,1.899072229862213135e-01,-7.191601991653442383e-01,5.465825647115707397e-02,-1.777377538383007050e-02,2.776538431644439697e-01,-1.589299142360687256e-01,-2.297081649303436279e-01
7.363210618495941162e-02,-3.124758005142211914e+00,7.362351417541503906e-01,4.365229234099388123e-02,2.632495947182178497e-02,-6.514599323272705078e-01,7.569685578346252441e-01,-4.540251791477203369e-01,2.665829956531524658e-01,-2.855406887829303741e-02,1.422721147537231445e+00,-3.683256208896636963e-01,-2.147435396909713745e-01,-3.204328119754791260e-01,-3.730503618717193604e-01,1.505254954099655151e-01,4.132853150367736816e-01,-2.715924978256225586e-01,2.617999911308288574e-01,-2.612994983792304993e-02,7.038226723670959473e-02,5.010650753974914551e-01,1.561860442161560059e-01,8.304175138473510742e-01,-3.039495646953582764e-02,7.709219306707382202e-02,-1.152637824416160583e-01,-2.937949597835540771e-01,2.677432596683502197e-01,1.345227509737014771e-01,-7.727688550949096680e-01,5.234409123659133911e-02,7.301129866391420364e-03,3.351193368434906006e-01,-1.714398860931396484e-01,-2.277766019105911255e-01
7.766856998205184937e-02,-3.161235570907592773e+00,7.263959050178527832e-01,5.052373185753822327e-02,3.305362910032272339e-02,-6.363877058029174805e-01,7.690029144287109375e-01,-5.728024840354919434e-01,2.342835068702697754e-01,3.603952750563621521e-02,1.550274729728698730e+00,-3.932419717311859131e-01,-2.139287739992141724e-01,-2.992568910121917725e-01,-4.044280648231506348e-01,1.271626949310302734e-01,4.876585602760314941e-01,-3.722728788852691650e-01,2.617999911308288574e-01,3.239955380558967590e-02,1.193666681647300720e-01,4.982484877109527588e-01,1.811225414276123047e-01,7.786195874214172363e-01,1.536272815428674221e-03,1.407829821109771729e-01,-1.177528575062751770e-01,-2.973775565624237061e-01,3.222590386867523193e-01,7.846739143133163452e-02,-8.162637352943420410e-01,4.285828769207000732e-02,7.829900085926055908e-02,3.567903339862823486e-01,-1.818461865186691284e-01,-2.480831295251846313e-01
8.098019659519195557e-02,-3.198096036911010742e+00,7.247714996337890625e-01,6.691201776266098022e-02,3.786797448992729187e-02,-6.225697994232177734e-01,7.787783145904541016e-01,-6.793200969696044922e-01,2.270726710557937622e-01,1.035889834165573120e-01,1.604540944099426270e+00,-3.972538709640502930e-01,-2.259292453527450562e-01,-2.578245401382446289e-01,-4.474194049835205078e-01,9.170480817556381226e-02,5.001479387283325195e-01,-4.249376058578491211e-01,2.617999911308288574e-01,1.045673713088035583e-01,1.503944844007492065e-01,4.960950613021850586e-01,1.924440562725067139e-01,7.353078126907348633e-01,4.321318864822387695e-02,1.712191700935363770e-01,-1.037741973996162415e-01,-3.100703954696655273e-01,4.007090032100677490e-01,3.690404817461967468e-02,-8.154178857803344727e-01,5.574335344135761261e-03,1.773675084114074707e-01,3.512262403964996338e-01,-1.864617615938186646e-01,-2.904134988784790039e-01
8.378363400697708130e-02,-3.235621213912963867e+00,7.314521670341491699e-01,8.094807714223861694e-02,3.623147308826446533e-02,-6.194210648536682129e-01,7.800334692001342773e-01,-7.539890408515930176e-01,2.594694793224334717e-01,1.423421353101730347e-01,1.553704380989074707e+00,-3.830244541168212891e-01,-2.398821860551834106e-01,-1.900831311941146851e-01,-4.761116802692413330e-01,6.332185119390487671e-02,4.674440920352935791e-01,-4.153312146663665771e-01,2.617999911308288574e-01,1.777986735105514526e-01,1.574229747056961060e-01,4.950108528137207031e-01,2.029024958610534668e-01,7.101445198059082031e-01,7.435652613639831543e-02,1.534838974475860596e-01,-8.229384571313858032e-02,-3.312406837940216064e-01,4.771608114242553711e-01,4.090617597103118896e-02,-7.780357599258422852e-01,-3.389166295528411865e-02,2.528370916843414307e-01,3.172114193439483643e-01,-1.826416999101638794e-01,-3.324857354164123535e-01
8.963999897241592407e-02,-3.272674560546875000e+00,7.413263320922851562e-01,1.000741794705390930e-01,3.231768682599067688e-02,-6.195116043090820312e-01,7.779113650321960449e-01,-8.009498715400695801e-01,2.988234162330627441e-01,1.468695253133773804e-01,1.398887038230895996e+00,-3.430551886558532715e-01,-2.538542747497558594e-01,-1.272406876087188721e-01,-5.125256776809692383e-01,5.115547031164169312e-02,4.435112178325653076e-01,-3.600129187107086182e-01,2.616905570030212402e-01,2.553378939628601074e-01,1.400280445814132690e-01,4.956801235675811768e-01,2.021882832050323486e-01,6.938239932060241699e-01,8.868901431560516357e-02,1.132777258753776550e-01,-4.812896251678466797e-02,-3.556286096572875977e-01,5.557409524917602539e-01,6.943036615848541260e-02,-7.136189937591552734e-01,-5.494646728038787842e-02,3.222008943557739258e-01,2.822275161743164062e-01,-1.807873845100402832e-01,-3.584555983543395996e-01
9.778758883476257324e-02,-3.309319257736206055e+00,7.507227063179016113e-01,1.120195835828781128e-01,2.707614563405513763e-02,-6.239427924156188965e-01,7.729255557060241699e-01,-7.921212315559387207e-01,3.346211612224578857e-01,1.064280644059181213e-01,1.126894950866699219e+00,-2.768739461898803711e-01,-2.586775720119476318e-01,-9.309366345405578613e-02,-5.261128544807434082e-01,4.914595559239387512e-02,4.815551042556762695e-01,-2.163583785295486450e-01,2.577272951602935791e-01,3.164371848106384277e-01,1.041183397173881531e-01,4.994791448116302490e-01,2.069382220506668091e-01,6.975998878479003906e-01,8.756494522094726562e-02,6.226619333028793335e-02,-1.124707609415054321e-02,-3.718903660774230957e-01,6.187050938606262207e-01,1.027049124240875244e-01,-6.425257921218872070e-01,-4.488669708371162415e-02,3.706197738647460938e-01,2.312191277742385864e-01,-1.816893965005874634e-01,-3.559077084064483643e-01
1.097358092665672302e-01,-3.344111680984497070e+00,7.563440799713134766e-01,1.179388314485549927e-01,2.478661946952342987e-02,-6.283671855926513672e-01,7.685250043869018555e-01,-7.193465828895568848e-01,3.351629972457885742e-01,3.180613741278648376e-02,8.372187614440917969e-01,-1.982828378677368164e-01,-2.612384259700775146e-01,-1.081606894731521606e-01,-5.029637217521667480e-01,6.153823062777519226e-02,6.123579144477844238e-01,-1.379786729812622070e-01,2.223327010869979858e-01,3.418836891651153564e-01,6.026297435164451599e-02,5.066283345222473145e-01,2.029239833354949951e-01,7.093880772590637207e-01,8.520951122045516968e-02,2.319829165935516357e-02,2.125710807740688324e-02,-3.756726086139678955e-01,6.528656482696533203e-01,1.302130222320556641e-01,-5.653240084648132324e-01,-8.067697635851800442e-04,3.980900049209594727e-01,1.880105435848236084e-01,-1.770485192537307739e-01,-3.347163200378417969e-01
1.217727288603782654e-01,-3.378147363662719727e+00,7.527703642845153809e-01,1.034784018993377686e-01,2.707128040492534637e-02,-6.324744224548339844e-01,7.671606540679931641e-01,-6.085665225982666016e-01,3.500054180622100830e-01,-6.015254929661750793e-02,5.925162434577941895e-01,-1.567218899726867676e-01,-2.614854574203491211e-01,-1.995773911476135254e-01,-4.501911401748657227e-01,6.734239310026168823e-02,8.642758727073669434e-01,-1.539685577154159546e-01,1.574306041002273560e-01,3.276712596416473389e-01,7.702190894633531570e-03,5.171136856079101562e-01,1.839714199304580688e-01,7.330772876739501953e-01,7.488983124494552612e-02,-8.040515705943107605e-03,3.474537655711174011e-02,-3.629435002803802490e-01,6.497325301170349121e-01,1.345299333333969116e-01,-4.905178248882293701e-01,6.893765181303024292e-02,4.231822192668914795e-01,1.531119644641876221e-01,-1.692729592323303223e-01,-3.034144639968872070e-01
1.322051286697387695e-01,-3.409989833831787109e+00,7.425992488861083984e-01,8.617832511663436890e-02,3.610358387231826782e-02,-6.321844458580017090e-01,7.691636085510253906e-01,-5.473749637603759766e-01,3.720720708370208740e-01,-7.876452803611755371e-02,5.162303447723388672e-01,-2.014671564102172852e-01,-2.379562854766845703e-01,-3.505092859268188477e-01,-3.655517399311065674e-01,5.188799276947975159e-02,1.178348541259765625e+00,-2.079961746931076050e-01,9.650370478630065918e-02,2.667700946331024170e-01,-6.547789275646209717e-02,5.199999809265136719e-01,1.287244856357574463e-01,7.520090937614440918e-01,4.261503741145133972e-02,-1.959424465894699097e-02,6.141148880124092102e-02,-3.470639586448669434e-01,6.322056651115417480e-01,1.302483975887298584e-01,-4.369589686393737793e-01,1.544573903083801270e-01,4.395591616630554199e-01,1.198982074856758118e-01,-1.717991083860397339e-01,-2.820738255977630615e-01
1.412634402513504028e-01,-3.440053701400756836e+00,7.451252341270446777e-01,8.082219213247299194e-02,3.826389461755752563e-02,-6.310161352157592773e-01,7.705986499786376953e-01,-5.271890759468078613e-01,3.930512666702270508e-01,-2.998225390911102295e-02,5.567981004714965820e-01,-2.534930408000946045e-01,-1.994804292917251587e-01,-4.889790415763854980e-01,-2.839517593383789062e-01,3.745042718946933746e-03,1.400213956832885742e+00,-2.972509562969207764e-01,6.780560314655303955e-02,1.814744919538497925e-01,-1.539334356784820557e-01,5.199999809265136719e-01,2.690714970231056213e-02,7.745482325553894043e-01,-1.089822594076395035e-02,-2.083419123664498329e-03,1.020724475383758545e-01,-3.178277015686035156e-01,6.100749969482421875e-01,1.185444593429565430e-01,-4.028478264808654785e-01,2.217159718275070190e-01,4.596488475799560547e-01,9.283850342035293579e-02,-1.753062307834625244e-01,-2.696159482002258301e-01
1.488513201475143433e-01,-3.470783233642578125e+00,7.430039048194885254e-01,8.440911769866943359e-02,3.148908168077468872e-02,-6.342785954475402832e-01,7.678373456001281738e-01,-4.985211491584777832e-01,3.998820483684539795e-01,2.246236614882946014e-02,6.300942301750183105e-01,-3.070251345634460449e-01,-1.786593645811080933e-01,-6.116923093795776367e-01,-2.115640640258789062e-01,-8.851046860218048096e-02,1.531848907470703125e+00,-3.756296932697296143e-01,6.083743646740913391e-02,8.371244370937347412e-02,-2.477969825267791748e-01,5.199999809265136719e-01,-1.325235664844512939e-01,7.950632572174072266e-01,-1.128832772374153137e-01,4.262608662247657776e-02,1.533046960830688477e-01,-2.850525677204132080e-01,5.802409052848815918e-01,1.018793582916259766e-01,-3.920911848545074463e-01,2.819987535476684570e-01,4.953331947326660156e-01,6.060796603560447693e-02,-1.807556599378585815e-01,-2.652883827686309814e-01
1.546778678894042969e-01,-3.503578186035156250e+00,7.409672141075134277e-01,8.966431021690368652e-02,1.962330378592014313e-02,-6.355530023574829102e-01,7.665817737579345703e-01,-4.470405578613281250e-01,3.951343297958374023e-01,7.241334021091461182e-02,6.795037388801574707e-01,-3.421212136745452881e-01,-1.694934368133544922e-01,-6.898959875106811523e-01,-1.788726449012756348e-01,-2.086142301559448242e-01,1.536246061325073242e+00,-4.347116947174072266e-01,5.544295534491539001e-02,-1.570311002433300018e-02,-3.296186923980712891e-01,5.199999809265136719e-01,-3.341352045536041260e-01,8.176014423370361328e-01,-2.557191252708435059e-01,1.052672341465950012e-01,2.006783187389373779e-01,-2.759684026241302490e-01,5.281455516815185547e-01,9.908867627382278442e-02,-4.210589826107025146e-01,3.263404667377471924e-01,5.413659811019897461e-01,3.433161228895187378e-02,-1.919639855623245239e-01,-2.352739572525024414e-01
1.578430682420730591e-01,-3.538920879364013672e+00,7.461967468261718750e-01,8.505070209503173828e-02,1.419880799949169159e-02,-6.329594254493713379e-01,7.693679928779602051e-01,-3.677490353584289551e-01,4.067998230457305908e-01,1.140080913901329041e-01,6.601489782333374023e-01,-3.431226015090942383e-01,-1.770627200603485107e-01,-7.508901357650756836e-01,-1.795615851879119873e-01,-2.713709771633148193e-01,1.492144465446472168e+00,-4.586257338523864746e-01,7.063861936330795288e-02,-1.171931251883506775e-01,-3.488495647907257080e-01,5.182653069496154785e-01,-4.977541267871856689e-01,8.324722051620483398e-01,-3.709449768066406250e-01,1.103461012244224548e-01,2.228216230869293213e-01,-2.835931479930877686e-01,4.953112304210662842e-01,1.172015294432640076e-01,-4.937643706798553467e-01,3.518075346946716309e-01,5.549691319465637207e-01,1.009592227637767792e-02,-1.989647746086120605e-01,-1.845691949129104614e-01
1.579922735691070557e-01,-3.576317071914672852e+00,7.592971920967102051e-01,7.579253613948822021e-02,1.880642585456371307e-02,-6.248315572738647461e-01,7.768444418907165527e-01,-2.682398855686187744e-01,4.277470111846923828e-01,1.525394767522811890e-01,5.561931133270263672e-01,-3.138815462589263916e-01,-1.889626532793045044e-01,-8.196346759796142578e-01,-2.155078947544097900e-01,-2.958418130874633789e-01,1.429648041725158691e+00,-4.580939412117004395e-01,9.715984761714935303e-02,-2.259890139102935791e-01,-3.154194951057434082e-01,5.135706067085266113e-01,-6.272531151771545410e-01,8.502733111381530762e-01,-4.586406350135803223e-01,8.210176974534988403e-02,2.131544798612594604e-01,-3.059484362602233887e-01,4.706820547580718994e-01,1.610788404941558838e-01,-5.895049571990966797e-01,3.458884358406066895e-01,5.361842513084411621e-01,4.086215049028396606e-03,-2.146156281232833862e-01,-1.178766041994094849e-01
1.550934463739395142e-01,-3.615198135375976562e+00,7.768152952194213867e-01,7.063563913106918335e-02,3.973450511693954468e-02,-6.194502711296081543e-01,7.808412909507751465e-01,-1.520537585020065308e-01,4.404350221157073975e-01,1.485791951417922974e-01,3.711987435817718506e-01,-2.579898834228515625e-01,-2.172106504440307617e-01,-8.808743357658386230e-01,-2.622661590576171875e-01,-2.840940952301025391e-01,1.344195008277893066e+00,-4.260696768760681152e-01,1.364353001117706299e-01,-3.256962001323699951e-01,-2.382972389459609985e-01,5.095838904380798340e-01,-6.956901550292968750e-01,8.664872646331787109e-01,-5.123698711395263672e-01,3.759495541453361511e-02,1.829280853271484375e-01,-3.280928432941436768e-01,4.470159411430358887e-01,2.294191271066665649e-01,-6.839470863342285156e-01,3.187394142150878906e-01,4.861549139022827148e-01,1.910183951258659363e-02,-2.313503473997116089e-01,-5.475704371929168701e-02
1.479830741882324219e-01,-3.655096769332885742e+00,7.931355237960815430e-01,7.039839774370193481e-02,5.964937806129455566e-02,-6.126802563667297363e-01,7.849260568618774414e-01,-3.902986273169517517e-02,4.626182913780212402e-01,1.311849802732467651e-01,2.140022069215774536e-01,-9.396971017122268677e-02,-2.535728514194488525e-01,-9.069715142250061035e-01,-3.066325485706329346e-01,-2.809869349002838135e-01,1.244272232055664062e+00,-3.579778969287872314e-01,1.758532375097274780e-01,-3.960646688938140869e-01,-1.538157016038894653e-01,5.031711459159851074e-01,-6.971217393875122070e-01,8.600072264671325684e-01,-5.257760882377624512e-01,1.287609525024890900e-02,1.422761380672454834e-01,-3.463889360427856445e-01,4.048218727111816406e-01,2.868627011775970459e-01,-7.486091852188110352e-01,2.863189280033111572e-01,4.305702447891235352e-01,3.117121011018753052e-02,-2.449676245450973511e-01,-1.468172296881675720e-02
1.375596076250076294e-01,-3.696349382400512695e+00,8.136961460113525391e-01,8.429651707410812378e-02,7.305534183979034424e-02,-6.087812185287475586e-01,7.854568362236022949e-01,4.550668969750404358e-02,4.751626849174499512e-01,1.457242667675018311e-01,1.186563968658447266e-01,1.268720477819442749e-01,-2.617999613285064697e-01,-8.783453106880187988e-01,-3.476960361003875732e-01,-2.761739790439605713e-01,1.079849720001220703e+00,-2.484609782695770264e-01,2.135468870401382446e-01,-4.445232152938842773e-01,-8.845841139554977417e-02,4.948379993438720703e-01,-6.499245166778564453e-01,8.293388485908508301e-01,-5.047532320022583008e-01,-5.485295318067073822e-03,1.058405116200447083e-01,-3.583881556987762451e-01,3.705990910530090332e-01,3.214374184608459473e-01,-7.769997119903564453e-01,2.555017471313476562e-01,3.861766159534454346e-01,2.715423703193664551e-02,-2.524586617946624756e-01,-1.217711484059691429e-03
1.216880232095718384e-01,-3.740200757980346680e+00,8.319263458251953125e-01,1.034986749291419983e-01,7.450405508279800415e-02,-6.120401024818420410e-01,7.804768085479736328e-01,1.162876263260841370e-01,4.767774939537048340e-01,1.825425475835800171e-01,8.969948440790176392e-02,2.911898493766784668e-01,-2.617999911308288574e-01,-7.982456684112548828e-01,-3.707998096942901611e-01,-2.917389869689941406e-01,8.840628266334533691e-01,-1.332310736179351807e-01,2.305624485015869141e-01,-4.697494208812713623e-01,-5.041802674531936646e-02,4.841818213462829590e-01,-5.835702419281005859e-01,7.826490998268127441e-01,-4.776942729949951172e-01,-2.038190513849258423e-02,6.230041384696960449e-02,-3.599469363689422607e-01,3.350281417369842529e-01,3.127983510494232178e-01,-7.815758585929870605e-01,2.356080114841461182e-01,3.696558177471160889e-01,-4.342350643128156662e-03,-2.546074688434600830e-01,-3.794692922383546829e-03
1.002183929085731506e-01,-3.786413431167602539e+00,8.412795662879943848e-01,1.206909045577049255e-01,6.346774101257324219e-02,-6.298731565475463867e-01,7.646341323852539062e-01,1.639730036258697510e-01,4.651914834976196289e-01,2.461925148963928223e-01,1.160593703389167786e-01,3.484224379062652588e-01,-2.293687909841537476e-01,-7.080354094505310059e-01,-3.700743615627288818e-01,-3.141294121742248535e-01,6.925600767135620117e-01,-5.544341728091239929e-02,2.416525036096572876e-01,-4.590267241001129150e-01,-3.700597956776618958e-02,4.530497789382934570e-01,-5.003347396850585938e-01,7.336896657943725586e-01,-4.632439613342285156e-01,-2.493616566061973572e-02,1.128789316862821579e-02,-3.574767112731933594e-01,2.979760468006134033e-01,2.832967936992645264e-01,-7.696348428726196289e-01,2.414580285549163818e-01,3.877647817134857178e-01,-5.425439402461051941e-02,-2.480939030647277832e-01,-3.837273642420768738e-02
7.600527256727218628e-02,-3.832515716552734375e+00,8.437700867652893066e-01,1.404956132173538208e-01,3.519483283162117004e-02,-6.542438864707946777e-01,7.422851324081420898e-01,2.089187949895858765e-01,4.252534210681915283e-01,3.288383781909942627e-01,2.179276198148727417e-01,2.638373374938964844e-01,-1.492783725261688232e-01,-5.968430638313293457e-01,-3.758144676685333252e-01,-3.508604466915130615e-01,5.182234048843383789e-01,-2.558950521051883698e-02,2.225874811410903931e-01,-4.154710471630096436e-01,-5.792526900768280029e-02,4.237188994884490967e-01,-4.130545854568481445e-01,6.882372498512268066e-01,-4.421180486679077148e-01,-1.587878167629241943e-02,-3.184193000197410583e-02,-3.497162461280822754e-01,2.457318603992462158e-01,2.072251141071319580e-01,-7.506650090217590332e-01,2.696282267570495605e-01,4.427127242088317871e-01,-1.157556027173995972e-01,-2.380681037902832031e-01,-7.807986438274383545e-02
5.078645795583724976e-02,-3.878952503204345703e+00,8.357875943183898926e-01,1.467399895191192627e-01,4.859498003497719765e-04,-6.901434063911437988e-01,7.086389660835266113e-01,2.208167612552642822e-01,3.878529369831085205e-01,3.836714923381805420e-01,4.151962697505950928e-01,1.185259744524955750e-01,-4.160781949758529663e-02,-5.019537210464477539e-01,-3.641764223575592041e-01,-3.599601089954376221e-01,4.509605169296264648e-01,-8.426477760076522827e-02,1.766756922006607056e-01,-3.395059108734130859e-01,-9.086169302463531494e-02,4.212468862533569336e-01,-3.250427842140197754e-01,6.567746400833129883e-01,-4.048663079738616943e-01,-6.312404293566942215e-04,-6.142565980553627014e-02,-3.357436358928680420e-01,2.085087150335311890e-01,1.008533686399459839e-01,-7.199969887733459473e-01,3.105191886425018311e-01,5.092242360115051270e-01,-1.715173870325088501e-01,-2.250442504882812500e-01,-1.357374340295791626e-01
2.551470883190631866e-02,-3.923504829406738281e+00,8.205893039703369141e-01,1.395289152860641479e-01,-2.264063246548175812e-02,-7.289775013923645020e-01,6.697841882705688477e-01,1.565041095018386841e-01,3.730302751064300537e-01,3.885179758071899414e-01,6.849728822708129883e-01,-5.698750540614128113e-02,5.817490071058273315e-02,-4.291502237319946289e-01,-3.189562559127807617e-01,-3.296364545822143555e-01,4.727973043918609619e-01,-2.044178247451782227e-01,1.124045625329017639e-01,-2.548022270202636719e-01,-1.068883836269378662e-01,4.407418370246887207e-01,-2.425437271595001221e-01,6.384512186050415039e-01,-3.696355223655700684e-01,2.659378014504909515e-02,-7.786016166210174561e-02,-3.192477822303771973e-01,1.875171065330505371e-01,-2.224818244576454163e-02,-6.872071027755737305e-01,3.564326167106628418e-01,5.542128086090087891e-01,-2.094110548496246338e-01,-2.025772929191589355e-01,-2.108411341905593872e-01
-9.781689732335507870e-05,-3.965036630630493164e+00,8.073225617408752441e-01,1.260514259338378906e-01,-3.226934745907783508e-02,-7.677189707756042480e-01,6.274370551109313965e-01,7.533794268965721130e-03,3.734004497528076172e-01,3.448592126369476318e-01,1.032883286476135254e+00,-2.101174145936965942e-01,1.365825831890106201e-01,-3.672056496143341064e-01,-2.453640699386596680e-01,-2.784302830696105957e-01,5.237358212471008301e-01,-3.597573637962341309e-01,3.525391966104507446e-02,-1.614524573087692261e-01,-9.591791778802871704e-02,4.668745398521423340e-01,-1.582933515310287476e-01,6.082811355590820312e-01,-3.265186250209808350e-01,7.592390477657318115e-02,-8.747237175703048706e-02,-3.060024976730346680e-01,1.903001964092254639e-01,-1.664160043001174927e-01,-6.379685401916503906e-01,3.919881880283355713e-01,5.927798748016357422e-01,-2.347033619880676270e-01,-1.748180836439132690e-01,-2.951930165290832520e-01
-2.416552975773811340e-02,-4.002788066864013672e+00,7.943442463874816895e-01,1.196900457143783569e-01,-3.321013599634170532e-02,-8.015706539154052734e-01,5.848554372787475586e-01,-1.838240027427673340e-01,3.456903398036956787e-01,2.983420789241790771e-01,1.313884139060974121e+00,-3.238418102264404297e-01,1.786612272262573242e-01,-3.123388290405273438e-01,-1.665078997611999512e-01,-2.068868577480316162e-01,5.510840415954589844e-01,-4.984385967254638672e-01,-3.305644541978836060e-02,-7.440519332885742188e-02,-7.504732161760330200e-02,4.851080477237701416e-01,-8.089553564786911011e-02,5.667562484741210938e-01,-2.867496609687805176e-01,1.379737704992294312e-01,-8.640994876623153687e-02,-3.028911650180816650e-01,1.849029958248138428e-01,-3.375380337238311768e-01,-5.742633938789367676e-01,4.289564490318298340e-01,6.022592186927795410e-01,-2.457877099514007568e-01,-1.662188172340393066e-01,-3.719221651554107666e-01
-4.580550640821456909e-02,-4.036717891693115234e+00,7.868874669075012207e-01,1.222724840044975281e-01,-2.710954844951629639e-02,-8.285645246505737305e-01,5.457062721252441406e-01,-3.455649316310882568e-01,2.916665673255920410e-01,3.006545901298522949e-01,1.412428021430969238e+00,-3.857871294021606445e-01,2.093891948461532593e-01,-2.625277340412139893e-01,-9.880644828081130981e-02,-1.206992715597152710e-01,5.275036096572875977e-01,-5.727732777595520020e-01,-4.983306303620338440e-02,1.121887820772826672e-03,-6.649244576692581177e-02,4.906210005283355713e-01,-4.709922708570957184e-03,5.466863512992858887e-01,-2.610617876052856445e-01,1.775146424770355225e-01,-9.106381982564926147e-02,-3.076488077640533447e-01,1.749851554632186890e-01,-4.963764250278472900e-01,-5.088739991188049316e-01,4.740991890430450439e-01,5.719360113143920898e-01,-2.534826099872589111e-01,-1.707489341497421265e-01,-4.128024876117706299e-01
-6.463422626256942749e-02,-4.066532135009765625e+00,7.842463850975036621e-01,1.300313919782638550e-01,-2.183604799211025238e-02,-8.473158478736877441e-01,5.144617557525634766e-01,-4.649307131767272949e-01,2.234520316123962402e-01,3.475480675697326660e-01,1.353611707687377930e+00,-4.061871469020843506e-01,2.189894467592239380e-01,-1.944378167390823364e-01,-5.508750677108764648e-02,-4.055029526352882385e-02,4.534565806388854980e-01,-6.155546307563781738e-01,-6.023127585649490356e-02,7.789883017539978027e-02,-7.090248167514801025e-02,4.874802529811859131e-01,5.912293493747711182e-02,5.468669533729553223e-01,-2.488866895437240601e-01,1.820463985204696655e-01,-1.080822199583053589e-01,-3.210258483886718750e-01,1.524593830108642578e-01,-6.111657619476318359e-01,-4.484410285949707031e-01,5.274197459220886230e-01,4.944330155849456787e-01,-2.448603659868240356e-01,-1.978447735309600830e-01,-4.031578600406646729e-01
-8.045244961977005005e-02,-4.090953350067138672e+00,7.853375077247619629e-01,1.316836923360824585e-01,-1.489745173603296280e-02,-8.661176562309265137e-01,4.819519221782684326e-01,-5.370886325836181641e-01,1.728342920541763306e-01,4.288753271102905273e-01,1.173385620117187500e+00,-3.986919224262237549e-01,2.157766073942184448e-01,-1.174198687076568604e-01,-1.466257311403751373e-02,2.990406937897205353e-02,3.752058148384094238e-01,-6.002531647682189941e-01,-5.747525021433830261e-02,1.652503758668899536e-01,-8.299742639064788818e-02,4.781517088413238525e-01,1.051717922091484070e-01,5.682297348976135254e-01,-2.459179908037185669e-01,1.550887376070022583e-01,-1.369254440069198608e-01,-3.451456129550933838e-01,1.397203952074050903e-01,-7.062792778015136719e-01,-3.923178911209106445e-01,6.066246628761291504e-01,3.857096135616302490e-01,-2.302332073450088501e-01,-2.316027581691741943e-01,-3.664592802524566650e-01
-9.373085945844650269e-02,-4.109785079956054688e+00,7.876819372177124023e-01,1.342729479074478149e-01,-1.118247397243976593e-02,-8.765631318092346191e-01,4.620420038700103760e-01,-5.699470043182373047e-01,1.324359029531478882e-01,4.701578319072723389e-01,1.048745274543762207e+00,-3.707824051380157471e-01,1.898449510335922241e-01,-5.207576602697372437e-02,1.760703511536121368e-03,8.199945092201232910e-02,3.063316047191619873e-01,-5.489292740821838379e-01,-3.063858486711978912e-02,2.221880108118057251e-01,-1.019922122359275818e-01,4.747862219810485840e-01,1.322737783193588257e-01,5.845354795455932617e-01,-2.368860542774200439e-01,1.347556412220001221e-01,-1.459962427616119385e-01,-3.630376160144805908e-01,1.358670592308044434e-01,-7.476192712783813477e-01,-3.679488301277160645e-01,6.489129662513732910e-01,2.947061657905578613e-01,-1.989322006702423096e-01,-2.539212405681610107e-01,-3.204223811626434326e-01
-9.334158152341842651e-02,-4.110477924346923828e+00,7.858830690383911133e-01,1.278726905584335327e-01,-1.215047482401132584e-02,-8.799487948417663574e-01,4.573740959167480469e-01,-5.264197587966918945e-01,1.139930933713912964e-01,4.538766443729400635e-01,9.601373076438903809e-01,-3.364169299602508545e-01,1.683564931154251099e-01,-4.583251476287841797e-02,-6.740938872098922729e-03,8.570474386215209961e-02,2.815349698066711426e-01,-5.126429200172424316e-01,-2.562305331230163574e-02,2.123655378818511963e-01,-1.091843023896217346e-01,4.443205893039703369e-01,1.429239362478256226e-01,5.744594335556030273e-01,-2.155502140522003174e-01,2.035603076219558716e-01,-1.364109516143798828e-01,-3.360537290573120117e-01,1.323270648717880249e-01,-7.033743262290954590e-01,-3.831417262554168701e-01,6.146498918533325195e-01,3.606822788715362549e-01,-1.821030378341674805e-01,-2.283540666103363037e-01,-3.021129667758941650e-01
-9.310505539178848267e-02,-4.110729694366455078e+00,7.841250896453857422e-01,1.213721409440040588e-01,-1.218199450522661209e-02,-8.819500803947448730e-01,4.552850425243377686e-01,-4.857088029384613037e-01,9.561260789632797241e-02,4.302682876586914062e-01,8.717200756072998047e-01,-2.997530102729797363e-01,1.472268849611282349e-01,-4.119313135743141174e-02,-1.306574698537588120e-02,8.357109874486923218e-02,2.575395703315734863e-01,-4.758834242820739746e-01,-2.130109071731567383e-02,1.997194737195968628e-01,-1.112446114420890808e-01,4.109611809253692627e-01,1.424749195575714111e-01,5.595223307609558105e-01,-2.018724679946899414e-01,2.872608006000518799e-01,-1.236155331134796143e-01,-3.101938962936401367e-01,1.279044300317764282e-01,-6.570853590965270996e-01,-3.944385349750518799e-01,5.783824324607849121e-01,4.374706447124481201e-01,-1.688424497842788696e-01,-2.089464068412780762e-01,-2.851297259330749512e-01
-9.288569539785385132e-02,-4.110916614532470703e+00,7.822607755661010742e-01,1.148769110441207886e-01,-1.140828337520360947e-02,-8.835772871971130371e-01,4.538329243659973145e-01,-4.461517632007598877e-01,7.927231490612030029e-02,4.040591716766357422e-01,7.852579951286315918e-01,-2.642185986042022705e-01,1.272327154874801636e-01,-3.805764392018318176e-02,-1.758656091988086700e-02,7.999728620052337646e-02,2.346059978008270264e-01,-4.394589960575103760e-01,-1.724308356642723083e-02,1.865436583757400513e-01,-1.102740392088890076e-01,3.770131766796112061e-01,1.373175233602523804e-01,5.431104898452758789e-01,-1.901775002479553223e-01,3.760828375816345215e-01,-1.107183024287223816e-01,-2.862909734249114990e-01,1.236503645777702332e-01,-6.107167005538940430e-01,-4.040346741676330566e-01,5.407646894454956055e-01,5.173771381378173828e-01,-1.563214510679244995e-01,-1.923718899488449097e-01,-2.687819004058837891e-01
-9.267736971378326416e-02,-4.111068248748779297e+00,7.802910804748535156e-01,1.082340180873870850e-01,-9.963198564946651459e-03,-8.850384354591369629e-01,4.526512026786804199e-01,-4.072453081607818604e-01,6.553577631711959839e-02,3.761295974254608154e-01,7.014287114143371582e-01,-2.304175198078155518e-01,1.083160936832427979e-01,-3.598541021347045898e-02,-2.037103660404682159e-02,7.581920176744461060e-02,2.127425372600555420e-01,-4.033941328525543213e-01,-1.342871598899364471e-02,1.732489168643951416e-01,-1.069869622588157654e-01,3.430073261260986328e-01,1.301259696483612061e-01,5.264532566070556641e-01,-1.785606294870376587e-01,4.666791260242462158e-01,-9.849844872951507568e-02,-2.632803022861480713e-01,1.191577613353729248e-01,-5.641286969184875488e-01,-4.119175076484680176e-01,5.019319653511047363e-01,5.981567502021789551e-01,-1.436862647533416748e-01,-1.768293976783752441e-01,-2.522805631160736084e-01
-9.247837215662002563e-02,-4.111195087432861328e+00,7.782294750213623047e-01,1.014104485511779785e-01,-7.959599606692790985e-03,-8.863648176193237305e-01,4.516746401786804199e-01,-3.690601289272308350e-01,5.448473617434501648e-02,3.468483686447143555e-01,6.208425164222717285e-01,-1.986774355173110962e-01,9.048528969287872314e-02,-3.472627699375152588e-02,-2.164695411920547485e-02,7.118745148181915283e-02,1.918423920869827271e-01,-3.676704764366149902e-01,-9.810922667384147644e-03,1.598087996244430542e-01,-1.017808392643928528e-01,3.090705871582031250e-01,1.219984516501426697e-01,5.100434422492980957e-01,-1.663895249366760254e-01,5.577359795570373535e-01,-8.715769648551940918e-02,-2.405426353216171265e-01,1.141432449221611023e-01,-5.171920657157897949e-01,-4.179305136203765869e-01,4.620453119277954102e-01,6.790452003479003906e-01,-1.308072954416275024e-01,-1.616163849830627441e-01,-2.352835834026336670e-01
-9.228748083114624023e-02,-4.111306667327880859e+00,7.760994434356689453e-01,9.444047510623931885e-02,-5.518056452274322510e-03,-8.875497579574584961e-01,4.508946537971496582e-01,-3.318458497524261475e-01,4.598253592848777771e-02,3.165090680122375488e-01,5.440403223037719727e-01,-1.692521572113037109e-01,7.378378510475158691e-02,-3.414704278111457825e-02,-2.174734510481357574e-02,6.613370031118392944e-02,1.717848330736160278e-01,-3.322625756263732910e-01,-6.321147549897432327e-03,1.461466699838638306e-01,-9.497150778770446777e-02,2.752421796321868896e-01,1.134011521935462952e-01,4.940773248672485352e-01,-1.534901559352874756e-01,6.487384438514709473e-01,-7.671102136373519897e-02,-2.178220003843307495e-01,1.084591001272201538e-01,-4.698885083198547363e-01,-4.219971001148223877e-01,4.212922155857086182e-01,7.597893476486206055e-01,-1.177392750978469849e-01,-1.464772671461105347e-01,-2.176681011915206909e-01
-9.210555255413055420e-02,-4.111412525177001953e+00,7.739337086677551270e-01,8.738725632429122925e-02,-2.777660964056849480e-03,-8.885815143585205078e-01,4.503095448017120361e-01,-2.958649396896362305e-01,3.973999246954917908e-02,2.853907048702239990e-01,4.714404940605163574e-01,-1.423333734273910522e-01,5.827081948518753052e-02,-3.414695709943771362e-02,-2.107202820479869843e-02,6.068684160709381104e-02,1.524354815483093262e-01,-2.971374392509460449e-01,-2.882105531170964241e-03,1.322079747915267944e-01,-8.686916530132293701e-02,2.415440976619720459e-01,1.045478135347366333e-01,4.786297082901000977e-01,-1.398578733205795288e-01,7.395002245903015137e-01,-6.710520386695861816e-02,-1.950390338897705078e-01,1.020203530788421631e-01,-4.222565293312072754e-01,-4.241091012954711914e-01,3.798616230487823486e-01,8.403193354606628418e-01,-1.045762524008750916e-01,-1.313206106424331665e-01,-1.993890255689620972e-01
-9.438706934452056885e-02,-4.117614269256591797e+00,7.712802290916442871e-01,8.357053250074386597e-02,-1.408593636006116867e-02,-8.920884132385253906e-01,4.438420832157135010e-01,-2.045735716819763184e-01,-5.890001077204942703e-03,2.826949357986450195e-01,3.304604589939117432e-01,-1.025563031435012817e-01,4.779381677508354187e-02,-1.990563934668898582e-03,-5.585511028766632080e-02,7.111378014087677002e-02,1.014683023095130920e-01,-2.651953995227813721e-01,7.527916692197322845e-03,1.249819770455360413e-01,-9.913774579763412476e-02,1.778573989868164062e-01,1.455942392349243164e-01,4.498738050460815430e-01,-1.361476927995681763e-01,8.262642621994018555e-01,-5.456036329269409180e-02,-1.794254928827285767e-01,9.710302948951721191e-02,-3.340925276279449463e-01,-4.259634613990783691e-01,3.461240828037261963e-01,9.224390387535095215e-01,-9.434136748313903809e-02,-1.193738877773284912e-01,-1.826406866312026978e-01
-9.462735056877136230e-02,-4.117955684661865234e+00,7.688234448432922363e-01,7.466969639062881470e-02,-1.055336277931928635e-02,-8.927577733993530273e-01,4.441807866096496582e-01,-1.682375073432922363e-01,-5.216499324887990952e-03,2.468324303627014160e-01,2.673017978668212891e-01,-8.219403028488159180e-02,3.422401100397109985e-02,-1.590829226188361645e-03,-5.098413676023483276e-02,6.366813927888870239e-02,8.910923451185226440e-02,-2.352671921253204346e-01,1.034707855433225632e-02,1.103024184703826904e-01,-8.766683191061019897e-02,1.440038532018661499e-01,1.434901356697082520e-01,4.373453259468078613e-01,-1.207035630941390991e-01,9.120629429817199707e-01,-4.625030979514122009e-02,-1.574448794126510620e-01,9.050332009792327881e-02,-2.792881131172180176e-01,-4.239267408847808838e-01,3.041633665561676025e-01,9.984998703002929688e-01,-8.108872175216674805e-02,-1.053300201892852783e-01,-1.640761345624923706e-01
-9.483556449413299561e-02,-4.118257999420166016e+00,7.664400935173034668e-01,6.605907529592514038e-02,-6.033533718436956406e-03,-8.930144309997558594e-01,4.451123178005218506e-01,-1.392012834548950195e-01,-4.334535915404558182e-04,2.099067866802215576e-01,2.174363732337951660e-01,-6.871723383665084839e-02,2.186393365263938904e-02,-3.117532003670930862e-03,-4.442549496889114380e-02,5.496646836400032043e-02,7.753934711217880249e-02,-2.055292278528213501e-01,1.296806894242763519e-02,9.464436024427413940e-02,-7.334839552640914917e-02,1.118363589048385620e-01,1.334706842899322510e-01,4.247776269912719727e-01,-1.044471040368080139e-01,1.001592874526977539e+00,-3.922174870967864990e-02,-1.337571144104003906e-01,8.135421574115753174e-02,-2.308026105165481567e-01,-4.206140041351318359e-01,2.608274221420288086e-01,1.077382206916809082e+00,-6.774183362722396851e-02,-8.994332700967788696e-02,-1.435387879610061646e-01
-9.508296847343444824e-02,-4.118567466735839844e+00,7.642618417739868164e-01,5.776444450020790100e-02,-1.841517048887908459e-03,-8.930571079254150391e-01,4.462161660194396973e-01,-1.129219457507133484e-01,4.709779750555753708e-03,1.732874363660812378e-01,1.738569140434265137e-01,-5.888268351554870605e-02,1.102696266025304794e-02,-5.021552555263042450e-03,-3.898964449763298035e-02,4.603078216314315796e-02,6.611350178718566895e-02,-1.758923679590225220e-01,1.586254313588142395e-02,7.867402583360671997e-02,-5.903973057866096497e-02,8.027639985084533691e-02,1.217413842678070068e-01,4.124428629875183105e-01,-8.791074901819229126e-02,1.092281937599182129e+00,-3.261758759617805481e-02,-1.101814582943916321e-01,7.106272876262664795e-02,-1.834994703531265259e-01,-4.156007766723632812e-01,2.174066305160522461e-01,1.157167196273803711e+00,-5.472231283783912659e-02,-7.449457794427871704e-02,-1.220473870635032654e-01
-9.538297355175018311e-02,-4.118887424468994141e+00,7.623459696769714355e-01,4.985152557492256165e-02,1.763516222126781940e-03,-8.929188251495361328e-01,4.474457204341888428e-01,-8.865358680486679077e-02,9.228470735251903534e-03,1.371112018823623657e-01,1.350665092468261719e-01,-5.191075429320335388e-02,1.817355980165302753e-03,-7.087709382176399231e-03,-3.527350723743438721e-02,3.706493973731994629e-02,5.468078702688217163e-02,-1.463062763214111328e-01,1.911295019090175629e-02,6.245492771267890930e-02,-4.544167220592498779e-02,4.908166080713272095e-02,1.096275821328163147e-01,4.005894362926483154e-01,-7.106092572212219238e-02,1.183171510696411133e+00,-2.625805884599685669e-02,-8.685225248336791992e-02,5.983614921569824219e-02,-1.364320516586303711e-01,-4.087935388088226318e-01,1.741596609354019165e-01,1.237152814865112305e+00,-4.219093546271324158e-02,-5.905457586050033569e-02,-9.987573325634002686e-02
-9.574004262685775757e-02,-4.119215488433837891e+00,7.607342600822448730e-01,4.237400740385055542e-02,4.673820454627275467e-03,-8.926248550415039062e-01,4.487800002098083496e-01,-6.601748615503311157e-02,1.256429962813854218e-02,1.013742089271545410e-01,1.001133024692535400e-01,-4.725731164216995239e-02,-5.699140951037406921e-03,-9.279063902795314789e-03,-3.353060781955718994e-02,2.821224555373191833e-02,4.318759217858314514e-02,-1.167368069291114807e-01,2.274344116449356079e-02,4.604387283325195312e-02,-3.284661099314689636e-02,1.811689324676990509e-02,9.748791158199310303e-02,3.892991244792938232e-01,-5.390603095293045044e-02,1.273984313011169434e+00,-2.004284597933292389e-02,-6.374127417802810669e-02,4.766728356480598450e-02,-8.941791206598281860e-02,-4.002430737018585205e-01,1.312468796968460083e-01,1.317138910293579102e+00,-3.024314530193805695e-02,-4.358665645122528076e-02,-7.709915935993194580e-02
-9.615610539913177490e-02,-4.119546890258789062e+00,7.594574093818664551e-01,3.535841405391693115e-02,6.827433593571186066e-03,-8.921990990638732910e-01,4.502043426036834717e-01,-4.465780779719352722e-02,1.434073876589536667e-02,6.602179259061813354e-02,6.814505904912948608e-02,-4.441350698471069336e-02,-1.147928554564714432e-02,-1.157279685139656067e-02,-3.388717770576477051e-02,1.959589309990406036e-02,3.163399919867515564e-02,-8.717902004718780518e-02,2.675877884030342102e-02,2.950466983020305634e-02,-2.141281403601169586e-02,-1.271257642656564713e-02,8.545207977294921875e-02,3.786070346832275391e-01,-3.648018836975097656e-02,1.364660143852233887e+00,-1.387341506779193878e-02,-4.085047543048858643e-02,3.452580794692039490e-02,-4.242711514234542847e-02,-3.900439441204071045e-01,8.880330622196197510e-02,1.397073626518249512e+00,-1.895189471542835236e-02,-2.808178588747978210e-02,-5.375146865844726562e-02
-9.663149714469909668e-02,-4.119878768920898438e+00,7.585373520851135254e-01,2.881181985139846802e-02,8.187976665794849396e-03,-8.916621804237365723e-01,4.517094194889068604e-01,-2.422398328781127930e-02,1.430588494986295700e-02,3.096878901124000549e-02,3.838092461228370667e-02,-4.290040954947471619e-02,-1.549328770488500595e-02,-1.394858397543430328e-02,-3.639653697609901428e-02,1.132005453109741211e-02,2.005863003432750702e-02,-5.765303969383239746e-02,3.115409612655639648e-02,1.289727725088596344e-02,-1.123103126883506775e-02,-4.348478466272354126e-02,7.358680665493011475e-02,3.685361444950103760e-01,-1.882565952837467194e-02,1.455204606056213379e+00,-7.646450772881507874e-03,-1.820405945181846619e-02,2.038223482668399811e-02,4.543304443359375000e-03,-3.783059418201446533e-01,4.695113748311996460e-02,1.476946592330932617e+00,-8.380972780287265778e-03,-1.254946924746036530e-02,-2.985732443630695343e-02
-9.716489911079406738e-02,-4.120207309722900391e+00,7.579883337020874023e-01,2.272856235504150391e-02,8.737058378756046295e-03,-8.910306692123413086e-01,4.532895684242248535e-01,-4.380249883979558945e-03,1.230997033417224884e-02,-3.889683401212096214e-03,1.010192837566137314e-02,-4.226139932870864868e-02,-1.772391982376575470e-02,-1.639110594987869263e-02,-4.106526821851730347e-02,3.473441815003752708e-03,8.528041653335094452e-03,-2.819804660975933075e-02,3.592105954885482788e-02,-3.724706359207630157e-03,-2.349812071770429611e-03,-7.426796108484268188e-02,6.193903461098670959e-02,3.591058850288391113e-01,-9.866715408861637115e-04,1.545638561248779297e+00,-1.255013397894799709e-03,4.165838938206434250e-03,5.210586823523044586e-03,5.149813741445541382e-02,-3.651466965675354004e-01,5.805391352623701096e-03,1.556756019592285156e+00,1.411944162100553513e-03,2.993684727698564529e-03,-5.439285654574632645e-03
-9.715570509433746338e-02,-4.120216846466064453e+00,7.579318284988403320e-01,2.159488387405872345e-02,8.112288080155849457e-03,-8.907076120376586914e-01,4.539910256862640381e-01,-4.018664825707674026e-03,1.190159842371940613e-02,-5.452335346490144730e-03,1.506430935114622116e-02,-4.525269567966461182e-02,-1.763118430972099304e-02,-1.537215337157249451e-02,-4.147950559854507446e-02,2.003813162446022034e-03,1.336050219833850861e-02,-3.164774551987648010e-02,3.602167963981628418e-02,-4.028524272143840790e-03,-2.200121525675058365e-03,-7.632350921630859375e-02,6.599091738462448120e-02,3.584635257720947266e-01,-4.640343133360147476e-03,1.551815271377563477e+00,-1.468641421524807811e-04,-1.635626424103975296e-03,5.474903620779514313e-03,6.050895527005195618e-02,-3.656790852546691895e-01,5.778587423264980316e-03,1.558226108551025391e+00,7.073506130836904049e-04,-2.969914348796010017e-03,-4.721486009657382965e-03
-9.716399759054183960e-02,-4.120233535766601562e+00,7.579296827316284180e-01,2.169521152973175049e-02,8.152481168508529663e-03,-8.906326889991760254e-01,4.541324675083160400e-01,-4.425347782671451569e-03,1.181405223906040192e-02,-5.770150572061538696e-03,1.533903367817401886e-02,-4.535078629851341248e-02,-1.761069335043430328e-02,-1.562088355422019958e-02,-4.156997427344322205e-02,1.691106357611715794e-03,1.356698852032423019e-02,-3.182027116417884827e-02,3.604275733232498169e-02,-3.905015997588634491e-03,-2.164202975109219551e-03,-7.740586996078491211e-02,6.652303040027618408e-02,3.583262562751770020e-01,-5.740362219512462616e-03,1.553926706314086914e+00,-1.884731027530506253e-04,-4.657148383557796478e-03,5.627009086310863495e-03,6.304799020290374756e-02,-3.658832907676696777e-01,5.456442013382911682e-03,1.558026432991027832e+00,5.532323266379535198e-04,-5.511046852916479111e-03,-4.486267454922199249e-03
-9.716774523258209229e-02,-4.120240211486816406e+00,7.579293251037597656e-01,2.178507857024669647e-02,8.196843788027763367e-03,-8.906180262565612793e-01,4.541561007499694824e-01,-4.670393653213977814e-03,1.179928053170442581e-02,-5.825206171721220016e-03,1.537080574780702591e-02,-4.533930867910385132e-02,-1.760668493807315826e-02,-1.583872549235820770e-02,-4.158505797386169434e-02,1.637464505620300770e-03,1.358697656542062759e-02,-3.182148933410644531e-02,3.604679554700851440e-02,-3.772058524191379547e-03,-2.155194757506251335e-03,-7.785712927579879761e-02,6.649977713823318481e-02,3.582873940467834473e-01,-6.166439037770032883e-03,1.554948329925537109e+00,-3.003535384777933359e-04,-6.006946787238121033e-03,5.686175078153610229e-03,6.389788538217544556e-02,-3.659454286098480225e-01,5.259349942207336426e-03,1.557910203933715820e+00,4.945453256368637085e-04,-6.422958802431821823e-03,-4.403528757393360138e-03
-9.716911613941192627e-02,-4.120242595672607422e+00,7.579292058944702148e-01,2.182760462164878845e-02,8.218647912144660950e-03,-8.906165361404418945e-01,4.541566073894500732e-01,-4.783886484801769257e-03,1.179866679012775421e-02,-5.827564280480146408e-03,1.538527756929397583e-02,-4.533598199486732483e-02,-1.760614663362503052e-02,-1.595049165189266205e-02,-4.158550500869750977e-02,1.635983469896018505e-03,1.359936129301786423e-02,-3.181768953800201416e-02,3.604728356003761292e-02,-3.687235061079263687e-03,-2.153698354959487915e-03,-7.803706824779510498e-02,6.640082597732543945e-02,3.582761883735656738e-01,-6.355315912514925003e-03,1.555472612380981445e+00,-3.689271106850355864e-04,-6.612246390432119370e-03,5.707712378352880478e-03,6.420063972473144531e-02,-3.659640252590179443e-01,5.156742408871650696e-03,1.557865858078002930e+00,4.651221388485282660e-04,-6.741507910192012787e-03,-4.374823067337274551e-03
-9.716957807540893555e-02,-4.120243549346923828e+00,7.579290866851806641e-01,2.184546925127506256e-02,8.228007704019546509e-03,-8.906173110008239746e-01,4.541540443897247314e-01,-4.831644240766763687e-03,1.180002000182867050e-02,-5.822461564093828201e-03,1.539277378469705582e-02,-4.533601924777030945e-02,-1.760624535381793976e-02,-1.600018888711929321e-02,-4.158399999141693115e-02,1.641539973206818104e-03,1.360642164945602417e-02,-3.181561082601547241e-02,3.604714572429656982e-02,-3.640143433585762978e-03,-2.153984038159251213e-03,-7.810672372579574585e-02,6.632041186094284058e-02,3.582731783390045166e-01,-6.443082354962825775e-03,1.555743217468261719e+00,-4.042405053041875362e-04,-6.890437100082635880e-03,5.715363658964633942e-03,6.431255489587783813e-02,-3.659693002700805664e-01,5.103881005197763443e-03,1.557848453521728516e+00,4.495301400311291218e-04,-6.852508522570133209e-03,-4.364962223917245865e-03
-9.716971218585968018e-02,-4.120243549346923828e+00,7.579290866851806641e-01,2.185252495110034943e-02,8.231774903833866119e-03,-8.906180858612060547e-01,4.541520476341247559e-01,-4.850544035434722900e-03,1.180111058056354523e-02,-5.818317644298076630e-03,1.539625320583581924e-02,-4.533655196428298950e-02,-1.760638691484928131e-02,-1.602075435221195221e-02,-4.158281534910202026e-02,1.645891810767352581e-03,1.360980886965990067e-02,-3.181459382176399231e-02,3.604698181152343750e-02,-3.615409601479768753e-03,-2.154498826712369919e-03,-7.813271880149841309e-02,6.626857817173004150e-02,3.582725226879119873e-01,-6.484678946435451508e-03,1.555882573127746582e+00,-4.214892105665057898e-04,-7.021482102572917938e-03,5.718046799302101135e-03,6.435527652502059937e-02,-3.659706115722656250e-01,5.076556000858545303e-03,1.557840824127197266e+00,4.411996633280068636e-04,-6.891162134706974030e-03,-4.361589439213275909e-03
-9.716974198818206787e-02,-4.120244026184082031e+00,7.579290866851806641e-01,2.185516431927680969e-02,8.233214728534221649e-03,-8.906186223030090332e-01,4.541508853435516357e-01,-4.857613705098628998e-03,1.180175971239805222e-02,-5.815837066620588303e-03,1.539774704724550247e-02,-4.533696174621582031e-02,-1.760648190975189209e-02,-1.602883823215961456e-02,-4.158211871981620789e-02,1.648461329750716686e-03,1.361129619181156158e-02,-3.181410580873489380e-02,3.604687750339508057e-02,-3.602731740102171898e-03,-2.154895570129156113e-03,-7.814196497201919556e-02,6.623815000057220459e-02,3.582724928855895996e-01,-6.504633463919162750e-03,1.555954098701477051e+00,-4.297591513022780418e-04,-7.084506563842296600e-03,5.718978121876716614e-03,6.437208503484725952e-02,-3.659707903861999512e-01,5.062416661530733109e-03,1.557837009429931641e+00,4.367570509202778339e-04,-6.904529407620429993e-03,-4.360436461865901947e-03
-9.716974198818206787e-02,-4.120244026184082031e+00,7.579290866851806641e-01,2.185609005391597748e-02,8.233734406530857086e-03,-8.906189203262329102e-01,4.541502594947814941e-01,-4.860083106905221939e-03,1.180211082100868225e-02,-5.814489908516407013e-03,1.539835613220930099e-02,-4.533720389008522034e-02,-1.760653778910636902e-02,-1.603186316788196564e-02,-4.158174619078636169e-02,1.649845042265951633e-03,1.361191459000110626e-02,-3.181387111544609070e-02,3.604681789875030518e-02,-3.596300724893808365e-03,-2.155147492885589600e-03,-7.814501225948333740e-02,6.622112542390823364e-02,3.582725524902343750e-01,-6.514299660921096802e-03,1.555990934371948242e+00,-4.337049613241106272e-04,-7.115319836884737015e-03,5.719297565519809723e-03,6.437890976667404175e-02,-3.659707307815551758e-01,5.055107641965150833e-03,1.557834982872009277e+00,4.343999898992478848e-04,-6.909061223268508911e-03,-4.360042046755552292e-03
-9.716973453760147095e-02,-4.120244026184082031e+00,7.579290866851806641e-01,2.185638248920440674e-02,8.233907632529735565e-03,-8.906190991401672363e-01,4.541499316692352295e-01,-4.860857967287302017e-03,1.180229336023330688e-02,-5.813787225633859634e-03,1.539859361946582794e-02,-4.533733800053596497e-02,-1.760656572878360748e-02,-1.603292860090732574e-02,-4.158155247569084167e-02,1.650562160648405552e-03,1.361216232180595398e-02,-3.181375935673713684e-02,3.604678437113761902e-02,-3.593050409108400345e-03,-2.155294176191091537e-03,-7.814588397741317749e-02,6.621187180280685425e-02,3.582726418972015381e-01,-6.519023329019546509e-03,1.556009888648986816e+00,-4.355909186415374279e-04,-7.130576297640800476e-03,5.719405133277177811e-03,6.438176333904266357e-02,-3.659706413745880127e-01,5.051336251199245453e-03,1.557833909988403320e+00,4.331571108195930719e-04,-6.910532247275114059e-03,-4.359907004982233047e-03
-9.716972708702087402e-02,-4.120244026184082031e+00,7.579290866851806641e-01,2.185645699501037598e-02,8.233958855271339417e-03,-8.906191587448120117e-01,4.541497826576232910e-01,-4.861051216721534729e-03,1.180238649249076843e-02,-5.813427269458770752e-03,1.539868209511041641e-02,-4.533740878105163574e-02,-1.760658062994480133e-02,-1.603327132761478424e-02,-4.158145561814308167e-02,1.650927821174263954e-03,1.361225917935371399e-02,-3.181370720267295837e-02,3.604676946997642517e-02,-3.591408487409353256e-03,-2.155375899747014046e-03,-7.814605534076690674e-02,6.620692461729049683e-02,3.582726716995239258e-01,-6.521349772810935974e-03,1.556019544601440430e+00,-4.364969790913164616e-04,-7.138201966881752014e-03,5.719440523535013199e-03,6.438299268484115601e-02,-3.659705817699432373e-01,5.049393046647310257e-03,1.557833313941955566e+00,4.325057088863104582e-04,-6.910967174917459488e-03,-4.359860438853502274e-03
-9.716971963644027710e-02,-4.120244026184082031e+00,7.579290866851806641e-01,2.185646630823612213e-02,8.233968168497085571e-03,-8.906192183494567871e-01,4.541496932506561279e-01,-4.861067049205303192e-03,1.180243305861949921e-02,-5.813244264572858810e-03,1.539871376007795334e-02,-4.533744603395462036e-02,-1.760658808052539825e-02,-1.603336445987224579e-02,-4.158140346407890320e-02,1.651113037951290607e-03,1.361229456961154938e-02,-3.181368112564086914e-02,3.604676201939582825e-02,-3.590578213334083557e-03,-2.155420137569308281e-03,-7.814603298902511597e-02,6.620431691408157349e-02,3.582727015018463135e-01,-6.522503681480884552e-03,1.556024551391601562e+00,-4.369352827779948711e-04,-7.142040412873029709e-03,5.719451233744621277e-03,6.438353657722473145e-02,-3.659705519676208496e-01,5.048393737524747849e-03,1.557832956314086914e+00,4.321660671848803759e-04,-6.911068223416805267e-03,-4.359844606369733810e-03
-9.716971963644027710e-02,-4.120244026184082031e+00,7.579290866851806641e-01,2.185645699501037598e-02,8.233967237174510956e-03,-8.906192183494567871e-01,4.541496634483337402e-01,-4.861041437834501266e-03,1.180245727300643921e-02,-5.813151132315397263e-03,1.539872400462627411e-02,-4.533746466040611267e-02,-1.760659180581569672e-02,-1.603337749838829041e-02,-4.158137738704681396e-02,1.651206752285361290e-03,1.361230760812759399e-02,-3.181366622447967529e-02,3.604675829410552979e-02,-3.590157488361001015e-03,-2.155443653464317322e-03,-7.814597338438034058e-02,6.620294600725173950e-02,3.582727313041687012e-01,-6.523079238831996918e-03,1.556027054786682129e+00,-4.371489339973777533e-04,-7.143983151763677597e-03,5.719454493373632431e-03,6.438378989696502686e-02,-3.659705221652984619e-01,5.047880113124847412e-03,1.557832837104797363e+00,4.319897561799734831e-04,-6.911072880029678345e-03,-4.359839018434286118e-03
-9.716971963644027710e-02,-4.120244026184082031e+00,7.579290866851806641e-01,2.185644768178462982e-02,8.233964443206787109e-03,-8.906192183494567871e-01,4.541496336460113525e-01,-4.861014895141124725e-03,1.180246938019990921e-02,-5.813104100525379181e-03,1.539872679859399796e-02,-4.533747583627700806e-02,-1.760659366846084595e-02,-1.603337191045284271e-02,-4.158136621117591858e-02,1.651254133321344852e-03,1.361231226474046707e-02,-3.181365877389907837e-02,3.604675456881523132e-02,-3.589943749830126762e-03,-2.155455993488430977e-03,-7.814592868089675903e-02,6.620223820209503174e-02,3.582727313041687012e-01,-6.523367948830127716e-03,1.556028366088867188e+00,-4.372538242023438215e-04,-7.144969888031482697e-03,5.719454959034919739e-03,6.438390165567398071e-02,-3.659704923629760742e-01,5.047616083174943924e-03,1.557832717895507812e+00,4.318985447753220797e-04,-6.911056116223335266e-03,-4.359837155789136887e-03
-9.716971963644027710e-02,-4.120244026184082031e+00,7.579290866851806641e-01,2.185650542378425598e-02,8.233842439949512482e-03,-8.906192183494567871e-01,4.541496038436889648e-01,-4.861016757786273956e-03,1.180215645581483841e-02,-5.813028663396835327e-03,1.539876312017440796e-02,-4.533751308917999268e-02,-1.760654151439666748e-02,-1.603334583342075348e-02,-4.158164188265800476e-02,1.651327009312808514e-03,1.361231319606304169e-02,-3.181367740035057068e-02,3.604676946997642517e-02,-3.589842002838850021e-03,-2.155692782253026962e-03,-7.814590632915496826e-02,6.620187312364578247e-02,3.582727015018463135e-01,-6.523512769490480423e-03,1.556029081344604492e+00,-4.373056581243872643e-04,-7.145473733544349670e-03,5.719451699405908585e-03,6.438396871089935303e-02,-3.659704923629760742e-01,5.047482438385486603e-03,1.557832598686218262e+00,4.318505816627293825e-04,-6.911041680723428726e-03,-4.359853453934192657e-03
-9.716971963644027710e-02,-4.120244026184082031e+00,7.579290866851806641e-01,2.185644209384918213e-02,8.233951404690742493e-03,-8.906192183494567871e-01,4.541496038436889648e-01,-4.860986955463886261e-03,1.180245634168386459e-02,-5.813072901219129562e-03,1.539872772991657257e-02,-4.533747956156730652e-02,-1.760659180581569672e-02,-1.603335700929164886e-02,-4.158138111233711243e-02,1.651285798288881779e-03,1.361231785267591476e-02,-3.181365877389907837e-02,3.604675829410552979e-02,-3.589787986129522324e-03,-2.155501861125230789e-03,-7.814588397741317749e-02,6.620167940855026245e-02,3.582727611064910889e-01,-6.523587740957736969e-03,1.556029319763183594e+00,-4.373313568066805601e-04,-7.145730312913656235e-03,5.719460081309080124e-03,6.438399106264114380e-02,-3.659704625606536865e-01,5.047412123531103134e-03,1.557832598686218262e+00,4.318272403907030821e-04,-6.911030039191246033e-03,-4.359839018434286118e-03
-9.716971963644027710e-02,-4.120244026184082031e+00,7.579290866851806641e-01,2.185643464326858521e-02,8.233957923948764801e-03,-8.906192183494567871e-01,4.541496038436889648e-01,-4.860978573560714722e-03,1.180247683078050613e-02,-5.813064053654670715e-03,1.539872586727142334e-02,-4.533748328685760498e-02,-1.760659553110599518e-02,-1.603335142135620117e-02,-4.158135876059532166e-02,1.651294180192053318e-03,1.361231412738561630e-02,-3.181365504860877991e-02,3.604675456881523132e-02,-3.589754924178123474e-03,-2.155475085601210594e-03,-7.814586907625198364e-02,6.620158255100250244e-02,3.582727611064910889e-01,-6.523624528199434280e-03,1.556029558181762695e+00,-4.373444535303860903e-04,-7.145860698074102402e-03,5.719454959034919739e-03,6.438399851322174072e-02,-3.659704923629760742e-01,5.047376267611980438e-03,1.557832598686218262e+00,4.318148130550980568e-04,-6.911022122949361801e-03,-4.359838552772998810e-03
-9.716971963644027710e-02,-4.120244026184082031e+00,7.579290866851806641e-01,2.185643278062343597e-02,8.233957923948764801e-03,-8.906192183494567871e-01,4.541496038436889648e-01,-4.860973451286554337e-03,1.180248055607080460e-02,-5.813059397041797638e-03,1.539872586727142334e-02,-4.533748328685760498e-02,-1.760659553110599518e-02,-1.603334955871105194e-02,-4.158135503530502319e-02,1.651298836804926395e-03,1.361231319606304169e-02,-3.181365504860877991e-02,3.604675456881523132e-02,-3.589738393202424049e-03,-2.155470428988337517e-03,-7.814586162567138672e-02,6.620153039693832397e-02,3.582727611064910889e-01,-6.523643620312213898e-03,1.556029677391052246e+00,-4.373509145807474852e-04,-7.145927753299474716e-03,5.719454027712345123e-03,6.438400596380233765e-02,-3.659704923629760742e-01,5.047357641160488129e-03,1.557832598686218262e+00,4.318084102123975754e-04,-6.911017931997776031e-03,-4.359837155789136887e-03
-9.716971963644027710e-02,-4.120244026184082031e+00,7.579290866851806641e-01,2.185643278062343597e-02,8.233957923948764801e-03,-8.906192183494567871e-01,4.541496038436889648e-01,-4.860971122980117798e-03,1.180248148739337921e-02,-5.813057534396648407e-03,1.539872586727142334e-02,-4.533748328685760498e-02,-1.760659553110599518e-02,-1.603334769606590271e-02,-4.158135503530502319e-02,1.651301048696041107e-03,1.361231319606304169e-02,-3.181365504860877991e-02,3.604675456881523132e-02,-3.589730244129896164e-03,-2.155469497665762901e-03,-7.814586162567138672e-02,6.620150059461593628e-02,3.582727611064910889e-01,-6.523653399199247360e-03,1.556029677391052246e+00,-4.373542033135890961e-04,-7.145961746573448181e-03,5.719454493373632431e-03,6.438400596380233765e-02,-3.659704923629760742e-01,5.047348327934741974e-03,1.557832598686218262e+00,4.318051214795559645e-04,-6.911015138030052185e-03,-4.359836690127849579e-03
-9.716971963644027710e-02,-4.120244026184082031e+00,7.579290866851806641e-01,2.185643278062343597e-02,8.233957923948764801e-03,-8.906192183494567871e-01,4.541496038436889648e-01,-4.860969725996255875e-03,1.180248148739337921e-02,-5.813056603074073792e-03,1.539872586727142334e-02,-4.533748328685760498e-02,-1.760659553110599518e-02,-1.603334583342075348e-02,-4.158135503530502319e-02,1.651301980018615723e-03,1.361231319606304169e-02,-3.181365504860877991e-02,3.604675456881523132e-02,-3.589726286008954048e-03,-2.155469264835119247e-03,-7.814585417509078979e-02,6.620148569345474243e-02,3.582727611064910889e-01,-6.523658055812120438e-03,1.556029677391052246e+00,-4.373558622319251299e-04,-7.145979441702365875e-03,5.719454493373632431e-03,6.438400596380233765e-02,-3.659704923629760742e-01,5.047343205660581589e-03,1.557832598686218262e+00,4.318034043535590172e-04,-6.911014206707477570e-03,-4.359836224466562271e-03
-9.716971963644027710e-02,-4.120244026184082031e+00,7.579290866851806641e-01,2.185643278062343597e-02,8.233957923948764801e-03,-8.906192183494567871e-01,4.541496038436889648e-01,-4.860969260334968567e-03,1.180248148739337921e-02,-5.813055671751499176e-03,1.539872586727142334e-02,-4.533748328685760498e-02,-1.760659553110599518e-02,-1.603334583342075348e-02,-4.158135503530502319e-02,1.651302445679903030e-03,1.361231319606304169e-02,-3.181365504860877991e-02,3.604675456881523132e-02,-3.589724190533161163e-03,-2.155469264835119247e-03,-7.814585417509078979e-02,6.620147824287414551e-02,3.582727611064910889e-01,-6.523660849779844284e-03,1.556029677391052246e+00,-4.373567062430083752e-04,-7.145988754928112030e-03,5.719454493373632431e-03,6.438401341438293457e-02,-3.659704923629760742e-01,5.047340877354145050e-03,1.557832598686218262e+00,4.318025312386453152e-04,-6.911013275384902954e-03,-4.359836224466562271e-03
-9.716971963644027710e-02,-4.120244026184082031e+00,7.579290866851806641e-01,2.185643091797828674e-02,8.233957923948764801e-03,-8.906192183494567871e-01,4.541496038436889648e-01,-4.860968794673681259e-03,1.180248241871595383e-02,-5.813055671751499176e-03,1.539872586727142334e-02,-4.533748328685760498e-02,-1.760659553110599518e-02,-1.603334583342075348e-02,-4.158135503530502319e-02,1.651302678510546684e-03,1.361231319606304169e-02,-3.181365504860877991e-02,3.604675456881523132e-02,-3.589723259210586548e-03,-2.155469497665762901e-03,-7.814585417509078979e-02,6.620147824287414551e-02,3.582727611064910889e-01,-6.523662246763706207e-03,1.556029677391052246e+00,-4.373571428004652262e-04,-7.145993411540985107e-03,5.719454493373632431e-03,6.438401341438293457e-02,-3.659704923629760742e-01,5.047339480370283127e-03,1.557832598686218262e+00,4.318020946811884642e-04,-6.911012809723615646e-03,-4.359836224466562271e-03
-9.716971963644027710e-02,-4.120244026184082031e+00,7.579290866851806641e-01,2.185643091797828674e-02,8.233957923948764801e-03,-8.906192183494567871e-01,4.541496038436889648e-01,-4.860968794673681259e-03,1.180248241871595383e-02,-5.813055671751499176e-03,1.539872586727142334e-02,-4.533748328685760498e-02,-1.760659553110599518e-02,-1.603334583342075348e-02,-4.158135503530502319e-02,1.651302794925868511e-03,1.361231319606304169e-02,-3.181365504860877991e-02,3.604675456881523132e-02,-3.589722793549299240e-03,-2.155469497665762901e-03,-7.814585417509078979e-02,6.620147824287414551e-02,3.582727611064910889e-01,-6.523662712424993515e-03,1.556029677391052246e+00,-4.373573756311088800e-04,-7.145995739847421646e-03,5.719454493373632431e-03,6.438401341438293457e-02,-3.659704923629760742e-01,5.047339014708995819e-03,1.557832598686218262e+00,4.318018618505448103e-04,-6.911012809723615646e-03,-4.359836224466562271e-03
-9.716971963644027710e-02,-4.120244026184082031e+00,7.579290866851806641e-01,2.185643091797828674e-02,8.233957923948764801e-03,-8.906192183494567871e-01,4.541496038436889648e-01,-4.860968794673681259e-03,1.180248241871595383e-02,-5.813055671751499176e-03,1.539872586727142334e-02,-4.533748328685760498e-02,-1.760659553110599518e-02,-1.603334583342075348e-02,-4.158135503530502319e-02,1.651302911341190338e-03,1.361231319606304169e-02,-3.181365504860877991e-02,3.604675456881523132e-02,-3.589722560718655586e-03,-2.155469497665762901e-03,-7.814585417509078979e-02,6.620147079229354858e-02,3.582727611064910889e-01,-6.523663178086280823e-03,1.556029677391052246e+00,-4.373574629426002502e-04,-7.145997136831283569e-03,5.719454493373632431e-03,6.438401341438293457e-02,-3.659704923629760742e-01,5.047338549047708511e-03,1.557832598686218262e+00,4.318017454352229834e-04,-6.911012809723615646e-03,-4.359836224466562271e-03
-9.716971963644027710e-02,-4.120244026184082031e+00,7.579290866851806641e-01,2.185643091797828674e-02,8.233957923948764801e-03,-8.906192183494567871e-01,4.541496038436889648e-01,-4.860968794673681259e-03,1.180248241871595383e-02,-5.813055671751499176e-03,1.539872586727142334e-02,-4.533748328685760498e-02,-1.760659553110599518e-02,-1.603334583342075348e-02,-4.158135503530502319e-02,1.651302911341190338e-03,1.361231319606304169e-02,-3.181365504860877991e-02,3.604675456881523132e-02,-3.589722327888011932e-03,-2.155469497665762901e-03,-7.814585417509078979e-02,6.620147079229354858e-02,3.582727611064910889e-01,-6.523663178086280823e-03,1.556029677391052246e+00,-4.373575211502611637e-04,-7.145997602492570877e-03,5.719454493373632431e-03,6.438401341438293457e-02,-3.659704923629760742e-01,5.047338549047708511e-03,1.557832598686218262e+00,4.318016581237316132e-04,-6.911012809723615646e-03,-4.359836224466562271e-03
-9.716971963644027710e-02,-4.120244026184082031e+00,7.579290866851806641e-01,2.185643091797828674e-02,8.233957923948764801e-03,-8.906192183494567871e-01,4.541496038436889648e-01,-4.860968794673681259e-03,1.180248241871595383e-02,-5.813055671751499176e-03,1.539872586727142334e-02,-4.533748328685760498e-02,-1.760659553110599518e-02,-1.603334583342075348e-02,-4.158135503530502319e-02,1.651302911341190338e-03,1.361231319606304169e-02,-3.181365504860877991e-02,3.604675456881523132e-02,-3.589722327888011932e-03,-2.155469497665762901e-03,-7.814585417509078979e-02,6.620147079229354858e-02,3.582727611064910889e-01,-6.523663643747568130e-03,1.556029677391052246e+00,-4.373575793579220772e-04,-7.145998068153858185e-03,5.719454493373632431e-03,6.438401341438293457e-02,-3.659704923629760742e-01,5.047338083386421204e-03,1.557832598686218262e+00,4.318016290199011564e-04,-6.911012809723615646e-03,-4.359836224466562271e-03
-9.716971963644027710e-02,-4.120244026184082031e+00,7.579290866851806641e-01,2.185643091797828674e-02,8.233957923948764801e-03,-8.906192183494567871e-01,4.541496038436889648e-01,-4.860968794673681259e-03,1.180248241871595383e-02,-5.813055206090211868e-03,1.539872586727142334e-02,-4.533748328685760498e-02,-1.760659553110599518e-02,-1.603334583342075348e-02,-4.158135503530502319e-02,1.651302911341190338e-03,1.361231319606304169e-02,-3.181365504860877991e-02,3.604675456881523132e-02,-3.589722327888011932e-03,-2.155469497665762901e-03,-7.814585417509078979e-02,6.620147079229354858e-02,3.582727611064910889e-01,-6.523663643747568130e-03,1.556029677391052246e+00,-4.373575793579220772e-04,-7.145998068153858185e-03,5.719454493373632431e-03,6.438401341438293457e-02,-3.659704923629760742e-01,5.047338083386421204e-03,1.557832598686218262e+00,4.318016290199011564e-04,-6.911012809723615646e-03,-4.359836224466562271e-03
-9.716971963644027710e-02,-4.120244026184082031e+00,7.579290866851806641e-01,2.185643091797828674e-02,8.233957923948764801e-03,-8.906192183494567871e-01,4.541496038436889648e-01,-4.860968794673681259e-03,1.180248241871595383e-02,-5.813055206090211868e-03,1.539872586727142334e-02,-4.533748328685760498e-02,-1.760659553110599518e-02,-1.603334583342075348e-02,-4.158135503530502319e-02,1.651302911341190338e-03,1.361231319606304169e-02,-3.181365504860877991e-02,3.604675456881523132e-02,-3.589722327888011932e-03,-2.155469497665762901e-03,-7.814585417509078979e-02,6.620147079229354858e-02,3.582727611064910889e-01,-6.523663643747568130e-03,1.556029677391052246e+00,-4.373575793579220772e-04,-7.145998068153858185e-03,5.719454493373632431e-03,6.438401341438293457e-02,-3.659704923629760742e-01,5.047338083386421204e-03,1.557832598686218262e+00,4.318016290199011564e-04,-6.911012809723615646e-03,-4.359836224466562271e-03
-9.716971963644027710e-02,-4.120244026184082031e+00,7.579290866851806641e-01,2.185643091797828674e-02,8.233957923948764801e-03,-8.906192183494567871e-01,4.541496038436889648e-01,-4.860968794673681259e-03,1.180248241871595383e-02,-5.813055206090211868e-03,1.539872586727142334e-02,-4.533748328685760498e-02,-1.760659553110599518e-02,-1.603334583342075348e-02,-4.158135503530502319e-02,1.651302911341190338e-03,1.361231319606304169e-02,-3.181365504860877991e-02,3.604675456881523132e-02,-3.589722095057368279e-03,-2.155469497665762901e-03,-7.814585417509078979e-02,6.620147079229354858e-02,3.582727611064910889e-01,-6.523663643747568130e-03,1.556029677391052246e+00,-4.373575793579220772e-04,-7.145998068153858185e-03,5.719454493373632431e-03,6.438401341438293457e-02,-3.659704923629760742e-01,5.047338083386421204e-03,1.557832598686218262e+00,4.318015999160706997e-04,-6.911012809723615646e-03,-4.359836224466562271e-03
-9.716971963644027710e-02,-4.120244026184082031e+00,7.579290866851806641e-01,2.185649424791336060e-02,8.233838714659214020e-03,-8.906192183494567871e-01,4.541496038436889648e-01,-4.860989749431610107e-03,1.180216204375028610e-02,-5.813003983348608017e-03,1.539876218885183334e-02,-4.533752053976058960e-02,-1.760654151439666748e-02,-1.603332906961441040e-02,-4.158163443207740784e-02,1.651351805776357651e-03,1.361231319606304169e-02,-3.181367367506027222e-02,3.604676946997642517e-02,-3.589729079976677895e-03,-2.155699767172336578e-03,-7.814586907625198364e-02,6.620147824287414551e-02,3.582727015018463135e-01,-6.523662712424993515e-03,1.556029677391052246e+00,-4.373575502540916204e-04,-7.145998999476432800e-03,5.719451233744621277e-03,6.438402086496353149e-02,-3.659704923629760742e-01,5.047339480370283127e-03,1.557832598686218262e+00,4.318006976973265409e-04,-6.911014206707477570e-03,-4.359853453934192657e-03
-9.716971963644027710e-02,-4.120244026184082031e+00,7.579290866851806641e-01,2.185643650591373444e-02,8.233949542045593262e-03,-8.906192183494567871e-01,4.541496038436889648e-01,-4.860971588641405106e-03,1.180245913565158844e-02,-5.813060328364372253e-03,1.539872679859399796e-02,-4.533748328685760498e-02,-1.760659366846084595e-02,-1.603334769606590271e-02,-4.158137738704681396e-02,1.651298371143639088e-03,1.361231785267591476e-02,-3.181365877389907837e-02,3.604675829410552979e-02,-3.589730244129896164e-03,-2.155505353584885597e-03,-7.814586162567138672e-02,6.620147824287414551e-02,3.582727611064910889e-01,-6.523664109408855438e-03,1.556029677391052246e+00,-4.373574338387697935e-04,-7.145998999476432800e-03,5.719459615647792816e-03,6.438401341438293457e-02,-3.659704625606536865e-01,5.047339014708995819e-03,1.557832598686218262e+00,4.318015999160706997e-04,-6.911013741046190262e-03,-4.359839018434286118e-03
-9.716971963644027710e-02,-4.120244026184082031e+00,7.579290866851806641e-01,2.185643278062343597e-02,8.233956992626190186e-03,-8.906192183494567871e-01,4.541496038436889648e-01,-4.860969725996255875e-03,1.180247869342565536e-02,-5.813058000057935715e-03,1.539872586727142334e-02,-4.533748328685760498e-02,-1.760659553110599518e-02,-1.603334583342075348e-02,-4.158135503530502319e-02,1.651300583034753799e-03,1.361231412738561630e-02,-3.181365504860877991e-02,3.604675456881523132e-02,-3.589725354686379433e-03,-2.155476948246359825e-03,-7.814585417509078979e-02,6.620147824287414551e-02,3.582727611064910889e-01,-6.523663178086280823e-03,1.556029677391052246e+00,-4.373576084617525339e-04,-7.145998533815145493e-03,5.719454959034919739e-03,6.438401341438293457e-02,-3.659704923629760742e-01,5.047338549047708511e-03,1.557832598686218262e+00,4.318016290199011564e-04,-6.911012809723615646e-03,-4.359838552772998810e-03
-9.716971963644027710e-02,-4.120244026184082031e+00,7.579290866851806641e-01,2.185643278062343597e-02,8.233956992626190186e-03,-8.906192183494567871e-01,4.541496038436889648e-01,-4.860969260334968567e-03,1.180248148739337921e-02,-5.813056137412786484e-03,1.539872586727142334e-02,-4.533748328685760498e-02,-1.760659553110599518e-02,-1.603334583342075348e-02,-4.158135503530502319e-02,1.651302096433937550e-03,1.361231319606304169e-02,-3.181365504860877991e-02,3.604675456881523132e-02,-3.589723259210586548e-03,-2.155471360310912132e-03,-7.814585417509078979e-02,6.620147079229354858e-02,3.582727611064910889e-01,-6.523663178086280823e-03,1.556029677391052246e+00,-4.373576084617525339e-04,-7.145998068153858185e-03,5.719454027712345123e-03,6.438401341438293457e-02,-3.659704923629760742e-01,5.047338549047708511e-03,1.557832598686218262e+00,4.318016581237316132e-04,-6.911012344062328339e-03,-4.359837155789136887e-03
-9.716971963644027710e-02,-4.120244026184082031e+00,7.579290866851806641e-01,2.185643091797828674e-02,8.233956992626190186e-03,-8.906192183494567871e-01,4.541496038436889648e-01,-4.860968794673681259e-03,1.180248148739337921e-02,-5.813055671751499176e-03,1.539872586727142334e-02,-4.533748328685760498e-02,-1.760659553110599518e-02,-1.603334583342075348e-02,-4.158135503530502319e-02,1.651302678510546684e-03,1.361231319606304169e-02,-3.181365504860877991e-02,3.604675456881523132e-02,-3.589722560718655586e-03,-2.155469963327050209e-03,-7.814585417509078979e-02,6.620147079229354858e-02,3.582727611064910889e-01,-6.523663178086280823e-03,1.556029677391052246e+00,-4.373575793579220772e-04,-7.145998068153858185e-03,5.719454493373632431e-03,6.438401341438293457e-02,-3.659704923629760742e-01,5.047338549047708511e-03,1.557832598686218262e+00,4.318016581237316132e-04,-6.911012344062328339e-03,-4.359836690127849579e-03
-9.716971963644027710e-02,-4.120244026184082031e+00,7.579290866851806641e-01,2.185643091797828674e-02,8.233957923948764801e-03,-8.906192183494567871e-01,4.541496038436889648e-01,-4.860968794673681259e-03,1.180248241871595383e-02,-5.813055671751499176e-03,1.539872586727142334e-02,-4.533748328685760498e-02,-1.760659553110599518e-02,-1.603334583342075348e-02,-4.158135503530502319e-02,1.651302794925868511e-03,1.361231319606304169e-02,-3.181365504860877991e-02,3.604675456881523132e-02,-3.589722327888011932e-03,-2.155469497665762901e-03,-7.814585417509078979e-02,6.620147079229354858e-02,3.582727611064910889e-01,-6.523663643747568130e-03,1.556029677391052246e+00,-4.373575793579220772e-04,-7.145998068153858185e-03,5.719454493373632431e-03,6.438401341438293457e-02,-3.659704923629760742e-01,5.047338083386421204e-03,1.557832598686218262e+00,4.318016290199011564e-04,-6.911012344062328339e-03,-4.359836224466562271e-03
-9.716971963644027710e-02,-4.120244026184082031e+00,7.579290866851806641e-01,2.185643091797828674e-02,8.233957923948764801e-03,-8.906192183494567871e-01,4.541496038436889648e-01,-4.860968794673681259e-03,1.180248241871595383e-02,-5.813055671751499176e-03,1.539872586727142334e-02,-4.533748328685760498e-02,-1.760659553110599518e-02,-1.603334583342075348e-02,-4.158135503530502319e-02,1.651302911341190338e-03,1.361231319606304169e-02,-3.181365504860877991e-02,3.604675456881523132e-02,-3.589722327888011932e-03,-2.155469497665762901e-03,-7.814585417509078979e-02,6.620147079229354858e-02,3.582727611064910889e-01,-6.523663643747568130e-03,1.556029677391052246e+00,-4.373575793579220772e-04,-7.145998068153858185e-03,5.719454493373632431e-03,6.438401341438293457e-02,-3.659704923629760742e-01,5.047338083386421204e-03,1.557832598686218262e+00,4.318016290199011564e-04,-6.911012344062328339e-03,-4.359836224466562271e-03
-9.716971963644027710e-02,-4.120244026184082031e+00,7.579290866851806641e-01,2.185643091797828674e-02,8.233957923948764801e-03,-8.906192183494567871e-01,4.541496038436889648e-01,-4.860968794673681259e-03,1.180248241871595383e-02,-5.813055206090211868e-03,1.539872586727142334e-02,-4.533748328685760498e-02,-1.760659553110599518e-02,-1.603334583342075348e-02,-4.158135503530502319e-02,1.651302911341190338e-03,1.361231319606304169e-02,-3.181365504860877991e-02,3.604675456881523132e-02,-3.589722327888011932e-03,-2.155469497665762901e-03,-7.814585417509078979e-02,6.620147079229354858e-02,3.582727611064910889e-01,-6.523663643747568130e-03,1.556029677391052246e+00,-4.373575793579220772e-04,-7.145998068153858185e-03,5.719454493373632431e-03,6.438401341438293457e-02,-3.659704923629760742e-01,5.047338083386421204e-03,1.557832598686218262e+00,4.318016290199011564e-04,-6.911012344062328339e-03,-4.359836224466562271e-03
-9.716971963644027710e-02,-4.120244026184082031e+00,7.579290866851806641e-01,2.185643091797828674e-02,8.233957923948764801e-03,-8.906192183494567871e-01,4.541496038436889648e-01,-4.860968794673681259e-03,1.180248241871595383e-02,-5.813055206090211868e-03,1.539872586727142334e-02,-4.533748328685760498e-02,-1.760659553110599518e-02,-1.603334583342075348e-02,-4.158135503530502319e-02,1.651302911341190338e-03,1.361231319606304169e-02,-3.181365504860877991e-02,3.604675456881523132e-02,-3.589722095057368279e-03,-2.155469497665762901e-03,-7.814585417509078979e-02,6.620147079229354858e-02,3.582727611064910889e-01,-6.523663643747568130e-03,1.556029677391052246e+00,-4.373575793579220772e-04,-7.145998068153858185e-03,5.719454493373632431e-03,6.438401341438293457e-02,-3.659704923629760742e-01,5.047338083386421204e-03,1.557832598686218262e+00,4.318015999160706997e-04,-6.911012809723615646e-03,-4.359836224466562271e-03
-9.716971963644027710e-02,-4.120244026184082031e+00,7.579290866851806641e-01,2.185643091797828674e-02,8.233957923948764801e-03,-8.906192183494567871e-01,4.541496038436889648e-01,-4.860968794673681259e-03,1.180248241871595383e-02,-5.813055206090211868e-03,1.539872586727142334e-02,-4.533748328685760498e-02,-1.760659553110599518e-02,-1.603334583342075348e-02,-4.158135503530502319e-02,1.651302911341190338e-03,1.361231319606304169e-02,-3.181365504860877991e-02,3.604675456881523132e-02,-3.589722095057368279e-03,-2.155469497665762901e-03,-7.814585417509078979e-02,6.620147079229354858e-02,3.582727611064910889e-01,-6.523663643747568130e-03,1.556029677391052246e+00,-4.373576084617525339e-04,-7.145998068153858185e-03,5.719454493373632431e-03,6.438401341438293457e-02,-3.659704923629760742e-01,5.047338083386421204e-03,1.557832598686218262e+00,4.318015999160706997e-04,-6.911012809723615646e-03,-4.359836224466562271e-03
-9.716971963644027710e-02,-4.120244026184082031e+00,7.579290866851806641e-01,2.185643091797828674e-02,8.233957923948764801e-03,-8.906192183494567871e-01,4.541496038436889648e-01,-4.860968794673681259e-03,1.180248241871595383e-02,-5.813055206090211868e-03,1.539872586727142334e-02,-4.533748328685760498e-02,-1.760659553110599518e-02,-1.603334583342075348e-02,-4.158135503530502319e-02,1.651302911341190338e-03,1.361231319606304169e-02,-3.181365504860877991e-02,3.604675456881523132e-02,-3.589722095057368279e-03,-2.155469497665762901e-03,-7.814585417509078979e-02,6.620147079229354858e-02,3.582727611064910889e-01,-6.523663643747568130e-03,1.556029677391052246e+00,-4.373576084617525339e-04,-7.145998068153858185e-03,5.719454493373632431e-03,6.438401341438293457e-02,-3.659704923629760742e-01,5.047338083386421204e-03,1.557832598686218262e+00,4.318015999160706997e-04,-6.911012809723615646e-03,-4.359836224466562271e-03
-9.716971963644027710e-02,-4.120244026184082031e+00,7.579290866851806641e-01,2.185643091797828674e-02,8.233957923948764801e-03,-8.906192183494567871e-01,4.541496038436889648e-01,-4.860968794673681259e-03,1.180248241871595383e-02,-5.813055206090211868e-03,1.539872586727142334e-02,-4.533748328685760498e-02,-1.760659553110599518e-02,-1.603334583342075348e-02,-4.158135503530502319e-02,1.651302911341190338e-03,1.361231319606304169e-02,-3.181365504860877991e-02,3.604675456881523132e-02,-3.589722095057368279e-03,-2.155469497665762901e-03,-7.814585417509078979e-02,6.620147079229354858e-02,3.582727611064910889e-01,-6.523663643747568130e-03,1.556029677391052246e+00,-4.373576084617525339e-04,-7.145998068153858185e-03,5.719454493373632431e-03,6.438401341438293457e-02,-3.659704923629760742e-01,5.047338083386421204e-03,1.557832598686218262e+00,4.318015999160706997e-04,-6.911012809723615646e-03,-4.359836224466562271e-03
-9.716971963644027710e-02,-4.120244026184082031e+00,7.579290866851806641e-01,2.185643091797828674e-02,8.233957923948764801e-03,-8.906192183494567871e-01,4.541496038436889648e-01,-4.860968794673681259e-03,1.180248241871595383e-02,-5.813055206090211868e-03,1.539872586727142334e-02,-4.533748328685760498e-02,-1.760659553110599518e-02,-1.603334583342075348e-02,-4.158135503530502319e-02,1.651302911341190338e-03,1.361231319606304169e-02,-3.181365504860877991e-02,3.604675456881523132e-02,-3.589722095057368279e-03,-2.155469497665762901e-03,-7.814585417509078979e-02,6.620147079229354858e-02,3.582727611064910889e-01,-6.523663643747568130e-03,1.556029677391052246e+00,-4.373576084617525339e-04,-7.145998068153858185e-03,5.719454493373632431e-03,6.438401341438293457e-02,-3.659704923629760742e-01,5.047338083386421204e-03,1.557832598686218262e+00,4.318015999160706997e-04,-6.911012809723615646e-03,-4.359836224466562271e-03
-9.716971963644027710e-02,-4.120244026184082031e+00,7.579290866851806641e-01,2.185643278062343597e-02,8.233956992626190186e-03,-8.906192183494567871e-01,4.541496038436889648e-01,-4.860968794673681259e-03,1.180248148739337921e-02,-5.813055671751499176e-03,1.539872586727142334e-02,-4.533748328685760498e-02,-1.760659553110599518e-02,-1.603334583342075348e-02,-4.158135503530502319e-02,1.651302678510546684e-03,1.361231319606304169e-02,-3.181365504860877991e-02,3.604675456881523132e-02,-3.589721163734793663e-03,-2.155468333512544632e-03,-7.814585417509078979e-02,6.620147079229354858e-02,3.582727611064910889e-01,-6.523664109408855438e-03,1.556029677391052246e+00,-4.373574629426002502e-04,-7.145998533815145493e-03,5.719454493373632431e-03,6.438400596380233765e-02,-3.659704923629760742e-01,5.047337152063846588e-03,1.557832598686218262e+00,4.318017454352229834e-04,-6.911012344062328339e-03,-4.359835293143987656e-03
-9.716971963644027710e-02,-4.120244026184082031e+00,7.579290866851806641e-01,2.185643278062343597e-02,8.233957923948764801e-03,-8.906192183494567871e-01,4.541496038436889648e-01,-4.860968794673681259e-03,1.180248148739337921e-02,-5.813055671751499176e-03,1.539872586727142334e-02,-4.533748328685760498e-02,-1.760659553110599518e-02,-1.603334583342075348e-02,-4.158135503530502319e-02,1.651302794925868511e-03,1.361231319606304169e-02,-3.181365504860877991e-02,3.604675456881523132e-02,-3.589721163734793663e-03,-2.155467867851257324e-03,-7.814585417509078979e-02,6.620147079229354858e-02,3.582727611064910889e-01,-6.523664109408855438e-03,1.556029677391052246e+00,-4.373574920464307070e-04,-7.145998533815145493e-03,5.719454493373632431e-03,6.438400596380233765e-02,-3.659704923629760742e-01,5.047336686402559280e-03,1.557832598686218262e+00,4.318016581237316132e-04,-6.911012344062328339e-03,-4.359834827482700348e-03
-9.716971963644027710e-02,-4.120244026184082031e+00,7.579290866851806641e-01,2.185649424791336060e-02,8.233838714659214020e-03,-8.906192183494567871e-01,4.541496038436889648e-01,-4.860989749431610107e-03,1.180216204375028610e-02,-5.813003983348608017e-03,1.539876218885183334e-02,-4.533752053976058960e-02,-1.760654151439666748e-02,-1.603332906961441040e-02,-4.158163443207740784e-02,1.651351922191679478e-03,1.361231319606304169e-02,-3.181367367506027222e-02,3.604676946997642517e-02,-3.589728847146034241e-03,-2.155699068680405617e-03,-7.814586907625198364e-02,6.620147824287414551e-02,3.582727015018463135e-01,-6.523662712424993515e-03,1.556029677391052246e+00,-4.373575793579220772e-04,-7.145998999476432800e-03,5.719451233744621277e-03,6.438402086496353149e-02,-3.659704923629760742e-01,5.047339014708995819e-03,1.557832598686218262e+00,4.318005521781742573e-04,-6.911014206707477570e-03,-4.359852522611618042e-03
