7.794518955051898956e-03,-4.724831320345401764e-03,1.834702789783477783e-01,-9.775378741323947906e-03,1.514600962400436401e-02,6.573580503463745117e-01,7.533627748489379883e-01,-3.957753255963325500e-02,-2.472245693206787109e-02,7.611460518091917038e-03,2.345840036869049072e-01,-2.399582862854003906e-01,2.047218568623065948e-02,-5.457777902483940125e-02,-3.513991599902510643e-03,3.816732438281178474e-03,2.390215843915939331e-01,-2.291267961263656616e-01,-1.025510951876640320e-03,3.770533716306090355e-03,-2.462694887071847916e-03,-6.670998781919479370e-02,6.744333356618881226e-02,3.131382167339324951e-01,-6.518782582134008408e-03,1.526149272918701172e+00,1.004806021228432655e-03,2.698844484984874725e-02,2.302130125463008881e-02,6.537260860204696655e-02,-3.201135098934173584e-01,5.072920117527246475e-03,1.529037833213806152e+00,-9.496090933680534363e-04,2.615482546389102936e-02,-2.253641933202743530e-02
7.966198027133941650e-03,-3.234846517443656921e-03,1.821199506521224976e-01,-1.118904352188110352e-02,1.693298853933811188e-02,6.580115556716918945e-01,7.527342438697814941e-01,-5.342425778508186340e-02,-2.535838633775711060e-02,6.153705529868602753e-03,2.665242850780487061e-01,-2.658022940158843994e-01,2.065467834472656250e-02,-6.708831340074539185e-02,-4.264413379132747650e-03,2.265090122818946838e-03,2.694223225116729736e-01,-2.548409998416900635e-01,-8.066714508458971977e-04,1.827141153626143932e-03,-3.096324391663074493e-03,-6.446491926908493042e-02,4.942840710282325745e-02,3.326560556888580322e-01,-6.097313482314348221e-03,1.543436765670776367e+00,3.322147822473198175e-04,1.437517162412405014e-02,1.866315491497516632e-02,4.833636432886123657e-02,-3.385085165500640869e-01,4.689054097980260849e-03,1.545196652412414551e+00,-3.733630874194204807e-04,1.379001606255769730e-02,-1.798160187900066376e-02
7.615071255713701248e-03,-5.706701893359422684e-03,1.797237843275070190e-01,-5.664178635925054550e-03,1.133299618959426880e-02,6.584638357162475586e-01,7.525057196617126465e-01,-8.994847536087036133e-02,-2.659319899976253510e-02,6.838292814791202545e-03,3.657903075218200684e-01,-3.084208965301513672e-01,2.102589793503284454e-02,-1.019776239991188049e-01,-5.583488848060369492e-03,1.772711402736604214e-03,3.661582171916961670e-01,-2.967011928558349609e-01,-5.764614907093346119e-04,8.229201775975525379e-04,-3.606383688747882843e-03,-5.152400583028793335e-02,4.863555729389190674e-02,3.111499547958374023e-01,-6.200227886438369751e-03,1.559573411941528320e+00,-3.365423181094229221e-04,3.113319689873605967e-04,2.669981494545936584e-02,4.733826965093612671e-02,-3.187649250030517578e-01,5.104507785290479660e-03,1.560747027397155762e+00,2.175641420762985945e-04,3.451100492384284735e-04,-2.568798884749412537e-02
8.107407018542289734e-03,-2.492974046617746353e-03,1.799701452255249023e-01,-1.624017581343650818e-02,2.224388159811496735e-02,6.584398746490478516e-01,7.521292567253112793e-01,-9.905505180358886719e-02,-2.478190511465072632e-02,5.333742592483758926e-03,3.344366252422332764e-01,-3.044254481792449951e-01,2.048120461404323578e-02,-1.104108691215515137e-01,-3.830327652394771576e-03,8.696735021658241749e-04,3.333728015422821045e-01,-2.918471097946166992e-01,-9.468921925872564316e-04,6.426685558835742995e-06,-3.232842776924371719e-03,-6.965751945972442627e-02,2.470456995069980621e-02,3.429835736751556396e-01,-3.123376751318573952e-03,1.566251873970031738e+00,-2.078175893984735012e-04,8.949024486355483532e-04,9.646469727158546448e-03,2.417569048702716827e-02,-3.467779755592346191e-01,2.567887306213378906e-03,1.566707372665405273e+00,1.129695010604336858e-04,8.338344050571322441e-04,-9.100844152271747589e-03
8.137343451380729675e-03,-2.372244140133261681e-03,1.804638057947158813e-01,-1.938636973500251770e-02,2.547339536249637604e-02,6.583426594734191895e-01,7.520373463630676270e-01,-1.024000719189643860e-01,-2.419394440948963165e-02,5.077573470771312714e-03,3.199543654918670654e-01,-2.959701716899871826e-01,2.031964436173439026e-02,-1.131454482674598694e-01,-3.234746865928173065e-03,7.314091199077665806e-04,3.174523115158081055e-01,-2.825263142585754395e-01,-1.080295187421143055e-03,-6.360530824167653918e-05,-2.992564113810658455e-03,-7.646986842155456543e-02,1.977741718292236328e-02,3.451923727989196777e-01,-2.366240136325359344e-03,1.569748401641845703e+00,-3.659070353023707867e-05,4.419612523633986712e-04,5.813314579427242279e-03,1.929920539259910583e-02,-3.481841385364532471e-01,2.030184026807546616e-03,1.570015907287597656e+00,-2.886908259824849665e-05,4.421846242621541023e-04,-5.542868282645940781e-03
8.143763057887554169e-03,-2.334967488422989845e-03,1.807139217853546143e-01,-2.075340412557125092e-02,2.688079327344894409e-02,6.582859158515930176e-01,7.520015835762023926e-01,-1.034320369362831116e-01,-2.394746802747249603e-02,4.990640562027692795e-03,3.125766813755035400e-01,-2.915842235088348389e-01,2.026196382939815521e-02,-1.137529164552688599e-01,-2.983324695378541946e-03,7.016633753664791584e-04,3.091067075729370117e-01,-2.775896787643432617e-01,-1.127804862335324287e-03,-4.801518298336304724e-05,-2.835459541529417038e-03,-8.000579476356506348e-02,1.873161457479000092e-02,3.455163538455963135e-01,-2.250229008495807648e-03,1.570876121520996094e+00,2.212789877376053482e-05,3.810644921031780541e-05,5.215194076299667358e-03,1.825379207730293274e-02,-3.483521342277526855e-01,1.976427389308810234e-03,1.571102142333984375e+00,-7.300765719264745712e-05,6.837968976469710469e-05,-5.022314377129077911e-03
8.146843872964382172e-03,-2.309098141267895699e-03,1.808429807424545288e-01,-2.136818878352642059e-02,2.750126644968986511e-02,6.582581996917724609e-01,7.519861459732055664e-01,-1.035965159535408020e-01,-2.381924726068973541e-02,4.945351276546716690e-03,3.086989521980285645e-01,-2.893376648426055908e-01,2.023453451693058014e-02,-1.136466264724731445e-01,-2.852139528840780258e-03,6.874802056699991226e-04,3.046224713325500488e-01,-2.750062644481658936e-01,-1.150207011960446835e-03,-3.018602365045808256e-05,-2.734889509156346321e-03,-8.174911886453628540e-02,1.858969964087009430e-02,3.455761671066284180e-01,-2.264288719743490219e-03,1.571211814880371094e+00,3.442442539380863309e-05,-1.419911568518728018e-04,5.117071792483329773e-03,1.811094582080841064e-02,-3.483895063400268555e-01,2.006103517487645149e-03,1.571428060531616211e+00,-8.038058149395510554e-05,-1.023279255605302751e-04,-4.942222964018583298e-03
8.148579858243465424e-03,-2.292827470228075981e-03,1.809115111827850342e-01,-2.163935080170631409e-02,2.776269055902957916e-02,6.582450270652770996e-01,7.519803643226623535e-01,-1.034658923745155334e-01,-2.374423108994960785e-02,4.919273778796195984e-03,3.066213428974151611e-01,-2.881690859794616699e-01,2.021928317844867706e-02,-1.133474931120872498e-01,-2.775340573862195015e-03,6.786498706787824631e-04,3.021700084209442139e-01,-2.736313641071319580e-01,-1.162881613709032536e-03,-1.740314655762631446e-05,-2.671032212674617767e-03,-8.255009353160858154e-02,1.862437650561332703e-02,3.455900549888610840e-01,-2.290274482220411301e-03,1.571301698684692383e+00,3.479700535535812378e-05,-2.084364969050511718e-04,5.097365006804466248e-03,1.814553141593933105e-02,-3.484061062335968018e-01,2.035639947280287743e-03,1.571515440940856934e+00,-7.931448635645210743e-05,-1.662096037762239575e-04,-4.926026333123445511e-03
8.149586617946624756e-03,-2.283113542944192886e-03,1.809486895799636841e-01,-2.175254002213478088e-02,2.786211110651493073e-02,6.582387685775756836e-01,7.519789338111877441e-01,-1.032648086547851562e-01,-2.369796670973300934e-02,4.903959576040506363e-03,3.054906427860260010e-01,-2.875534892082214355e-01,2.021016925573348999e-02,-1.130420267581939697e-01,-2.727990970015525818e-03,6.730387685820460320e-04,3.008075356483459473e-01,-2.728885412216186523e-01,-1.170658390037715435e-03,-8.777679795457515866e-06,-2.630511764436960220e-03,-8.288592845201492310e-02,1.866938546299934387e-02,3.455943763256072998e-01,-2.307664602994918823e-03,1.571320652961730957e+00,3.332244159537367523e-05,-2.305951638845726848e-04,5.091645754873752594e-03,1.819072477519512177e-02,-3.484159708023071289e-01,2.053587697446346283e-03,1.571533799171447754e+00,-7.743617607047781348e-05,-1.877091999631375074e-04,-4.920651204884052277e-03
8.150176145136356354e-03,-2.277415944263339043e-03,1.809692084789276123e-01,-2.179440855979919434e-02,2.789111249148845673e-02,6.582358479499816895e-01,7.519791722297668457e-01,-1.030757278203964233e-01,-2.366879209876060486e-02,4.894876852631568909e-03,3.048663139343261719e-01,-2.872256338596343994e-01,2.020454593002796173e-02,-1.127881631255149841e-01,-2.698147902265191078e-03,6.694958428852260113e-04,3.000393509864807129e-01,-2.724817395210266113e-01,-1.175582874566316605e-03,-3.036267798961489461e-06,-2.604745095595717430e-03,-8.300492167472839355e-02,1.869750954210758209e-02,3.455961048603057861e-01,-2.316952915862202644e-03,1.571321964263916016e+00,3.216318509657867253e-05,-2.373329043621197343e-04,5.089237820357084274e-03,1.821906492114067078e-02,-3.484220802783966064e-01,2.062736311927437782e-03,1.571534752845764160e+00,-7.616401126142591238e-05,-1.942861272254958749e-04,-4.918023012578487396e-03
8.150523528456687927e-03,-2.274080412462353706e-03,1.809807270765304565e-01,-2.180546894669532776e-02,2.789178490638732910e-02,6.582344770431518555e-01,7.519800066947937012e-01,-1.029229909181594849e-01,-2.365022152662277222e-02,4.889436066150665283e-03,3.045165836811065674e-01,-2.870491445064544678e-01,2.020102180540561676e-02,-1.125950589776039124e-01,-2.679160330444574356e-03,6.672650924883782864e-04,2.995999157428741455e-01,-2.722559869289398193e-01,-1.178737380541861057e-03,7.626085221090761479e-07,-2.588320057839155197e-03,-8.302978426218032837e-02,1.871134527027606964e-02,3.455969393253326416e-01,-2.321309410035610199e-03,1.571320056915283203e+00,3.150245538563467562e-05,-2.391041343798860908e-04,5.087982397526502609e-03,1.823307946324348450e-02,-3.484259247779846191e-01,2.066836692392826080e-03,1.571532845497131348e+00,-7.547345740022137761e-05,-1.960224035428836942e-04,-4.916524514555931091e-03
8.150729350745677948e-03,-2.272116951644420624e-03,1.809872835874557495e-01,-2.180435881018638611e-02,2.788288146257400513e-02,6.582339406013488770e-01,7.519808411598205566e-01,-1.028082743287086487e-01,-2.363835461437702179e-02,4.886142909526824951e-03,3.043178021907806396e-01,-2.869530916213989258e-01,2.019879780709743500e-02,-1.124550923705101013e-01,-2.667029621079564095e-03,6.658600177615880966e-04,2.993449568748474121e-01,-2.721290290355682373e-01,-1.180765917524695396e-03,3.265143959652050398e-06,-2.577829873189330101e-03,-8.301842957735061646e-02,1.871684566140174866e-02,3.455973863601684570e-01,-2.323087770491838455e-03,1.571318626403808594e+00,3.117601954727433622e-05,-2.394109324086457491e-04,5.087265279144048691e-03,1.823871769011020660e-02,-3.484283089637756348e-01,2.068385016173124313e-03,1.571531295776367188e+00,-7.514189201174303889e-05,-1.963245449587702751e-04,-4.915627650916576385e-03
8.150852285325527191e-03,-2.270950237289071083e-03,1.809910684823989868e-01,-2.179934643208980560e-02,2.787227742373943329e-02,6.582337021827697754e-01,7.519816160202026367e-01,-1.027256548404693604e-01,-2.363075688481330872e-02,4.884129390120506287e-03,3.042031526565551758e-01,-2.869001626968383789e-01,2.019738592207431793e-02,-1.123566254973411560e-01,-2.659265417605638504e-03,6.649736897088587284e-04,2.991949617862701416e-01,-2.720566689968109131e-01,-1.182071515358984470e-03,4.907512902718735859e-06,-2.571122022345662117e-03,-8.299666643142700195e-02,1.871824264526367188e-02,3.455976247787475586e-01,-2.323644468560814857e-03,1.571317791938781738e+00,3.103262133663520217e-05,-2.393503673374652863e-04,5.086838733404874802e-03,1.824021153151988983e-02,-3.484297990798950195e-01,2.068764064460992813e-03,1.571530461311340332e+00,-7.500062929466366768e-05,-1.962656533578410745e-04,-4.915080033242702484e-03
8.150927722454071045e-03,-2.270249417051672935e-03,1.809933036565780640e-01,-2.179386280477046967e-02,2.786289155483245850e-02,6.582336425781250000e-01,7.519821524620056152e-01,-1.026677191257476807e-01,-2.362588979303836823e-02,4.882887471467256546e-03,3.041360080242156982e-01,-2.868705987930297852e-01,2.019648812711238861e-02,-1.122886985540390015e-01,-2.654292620718479156e-03,6.644136738032102585e-04,2.991055548191070557e-01,-2.720148563385009766e-01,-1.182911568321287632e-03,5.981846697977744043e-06,-2.566829323768615723e-03,-8.297502994537353516e-02,1.871790364384651184e-02,3.455977439880371094e-01,-2.323679160326719284e-03,1.571317434310913086e+00,3.097943772445432842e-05,-2.392364549450576305e-04,5.086579825729131699e-03,1.823994331061840057e-02,-3.484307527542114258e-01,2.068670233711600304e-03,1.571529984474182129e+00,-7.495124737033620477e-05,-1.961540692718699574e-04,-4.914741963148117065e-03
8.080180734395980835e-03,-2.767669269815087318e-03,1.806742995977401733e-01,-2.157220244407653809e-02,2.536799199879169464e-02,6.584876775741577148e-01,7.518544197082519531e-01,-1.087715849280357361e-01,-1.356567721813917160e-02,7.515299599617719650e-03,3.211893439292907715e-01,-2.892760038375854492e-01,1.480389665812253952e-02,-1.165092960000038147e-01,-1.692901714704930782e-03,2.945773303508758545e-03,3.097077608108520508e-01,-2.787884473800659180e-01,5.580665543675422668e-03,3.601490519940853119e-03,-7.534074597060680389e-03,-6.360083818435668945e-02,3.049949370324611664e-02,3.853544890880584717e-01,2.336329407989978790e-02,1.474113345146179199e+00,-2.468406967818737030e-02,-2.876645699143409729e-02,1.736332662403583527e-02,1.820888370275497437e-02,-4.117486178874969482e-01,-3.759828954935073853e-02,1.464468955993652344e+00,2.182419970631599426e-02,-2.293889597058296204e-02,-4.225997626781463623e-02
7.997618988156318665e-03,-3.255910007283091545e-03,1.801043450832366943e-01,-2.091673761606216431e-02,2.159339934587478638e-02,6.585652828216552734e-01,7.519228458404541016e-01,-1.160388886928558350e-01,-1.995270140469074249e-03,1.027577929198741913e-02,3.472809195518493652e-01,-2.969992756843566895e-01,9.099618531763553619e-03,-1.205157414078712463e-01,6.051729433238506317e-04,5.556358490139245987e-03,3.258963823318481445e-01,-2.888135015964508057e-01,1.231817062944173813e-02,8.574629202485084534e-03,-1.000609621405601501e-02,-4.009504988789558411e-02,5.032075196504592896e-02,4.225853383541107178e-01,5.073862522840499878e-02,1.361211895942687988e+00,-5.001392960548400879e-02,-5.260952189564704895e-02,2.917583286762237549e-02,2.798539772629737854e-02,-4.746807217597961426e-01,-8.296301215887069702e-02,1.340370178222656250e+00,4.110759869217872620e-02,-3.932919725775718689e-02,-8.259528875350952148e-02
7.916489616036415100e-03,-3.743403125554323196e-03,1.793622076511383057e-01,-2.015008404850959778e-02,1.707218773663043976e-02,6.585621237754821777e-01,7.520627975463867188e-01,-1.241207271814346313e-01,1.073819305747747421e-02,1.288644410669803619e-02,3.784167170524597168e-01,-3.075984418392181396e-01,3.240462159737944603e-03,-1.243136450648307800e-01,3.980117384344339371e-03,8.140959776937961578e-03,3.446566760540008545e-01,-3.002842366695404053e-01,1.892194710671901703e-02,1.398498751223087311e-02,-1.116657257080078125e-02,-1.605737954378128052e-02,7.384785264730453491e-02,4.577124118804931641e-01,7.935261726379394531e-02,1.244115948677062988e+00,-7.390400767326354980e-02,-7.442452013492584229e-02,4.130281135439872742e-02,4.282746464014053345e-02,-5.349454283714294434e-01,-1.322216391563415527e-01,1.211272954940795898e+00,5.602527037262916565e-02,-5.337561666965484619e-02,-1.246741637587547302e-01
7.838594727218151093e-03,-4.238264169543981552e-03,1.785027980804443359e-01,-1.950288191437721252e-02,1.219062972813844681e-02,6.584980487823486328e-01,7.522309422492980957e-01,-1.328595429658889771e-01,2.442934177815914154e-02,1.522475108504295349e-02,4.119669497013092041e-01,-3.195033967494964600e-01,-2.746897516772150993e-03,-1.281249821186065674e-01,8.221705444157123566e-03,1.064002141356468201e-02,3.642727434635162354e-01,-3.121733069419860840e-01,2.542165108025074005e-02,1.953331008553504944e-02,-1.142414659261703491e-02,7.894271984696388245e-03,9.932927787303924561e-02,4.909347891807556152e-01,1.093326061964035034e-01,1.125696659088134766e+00,-9.599043428897857666e-02,-9.594722837209701538e-02,5.368768796324729919e-02,6.058549880981445312e-02,-5.918282270431518555e-01,-1.849354207515716553e-01,1.080178737640380859e+00,6.625027209520339966e-02,-6.699167937040328979e-02,-1.679981350898742676e-01
7.764662615954875946e-03,-4.739352967590093613e-03,1.775659620761871338e-01,-1.906133443117141724e-02,7.144299801439046860e-03,6.583777666091918945e-01,7.524123191833496094e-01,-1.419633477926254272e-01,3.891741484403610229e-02,1.725372299551963806e-02,4.462680220603942871e-01,-3.317724764347076416e-01,-8.840897120535373688e-03,-1.319921463727951050e-01,1.316893287003040314e-02,1.304935943335294724e-02,3.838405609130859375e-01,-3.239591717720031738e-01,3.184521943330764771e-02,2.510770037770271301e-02,-1.097946055233478546e-02,3.152600675821304321e-02,1.261044591665267944e-01,5.222645401954650879e-01,1.406485587358474731e-01,1.006807565689086914e+00,-1.161501035094261169e-01,-1.177807897329330444e-01,6.614265590906143188e-02,8.028689026832580566e-02,-6.449503302574157715e-01,-2.407054603099822998e-01,9.478592872619628906e-01,7.160650193691253662e-02,-8.069039136171340942e-02,-2.120708823204040527e-01
7.695481646806001663e-03,-5.241807084530591965e-03,1.765810102224349976e-01,-1.883324980735778809e-02,2.029142342507839203e-03,6.582044959068298340e-01,7.526008486747741699e-01,-1.511365324258804321e-01,5.405798554420471191e-02,1.897584833204746246e-02,4.803021848201751709e-01,-3.438592851161956787e-01,-1.502156071364879608e-02,-1.358751207590103149e-01,1.867957226932048798e-02,1.538046076893806458e-02,4.029174745082855225e-01,-3.354052901268005371e-01,3.821780160069465637e-02,3.066551126539707184e-02,-9.969019331037998199e-03,5.473742634057998657e-02,1.539047509431838989e-01,5.516676306724548340e-01,1.731715798377990723e-01,8.876851201057434082e-01,-1.343294233083724976e-01,-1.400860995054244995e-01,7.847180962562561035e-02,1.013650894165039062e-01,-6.940693259239196777e-01,-2.990598082542419434e-01,8.143864870071411133e-01,7.199572771787643433e-02,-9.446305781602859497e-02,-2.563721835613250732e-01
7.631733547896146774e-03,-5.740220658481121063e-03,1.755697280168533325e-01,-1.879088953137397766e-02,-3.106242511421442032e-03,6.579824686050415039e-01,7.527923583984375000e-01,-1.601427644491195679e-01,6.971669942140579224e-02,2.041357569396495819e-02,5.134785175323486328e-01,-3.554632961750030518e-01,-2.126921154558658600e-02,-1.397132128477096558e-01,2.462310157716274261e-02,1.764901913702487946e-02,4.213113784790039062e-01,-3.464246690273284912e-01,4.456221312284469604e-02,3.619869798421859741e-02,-8.501141332089900970e-03,7.750469446182250977e-02,1.825813353061676025e-01,5.791082382202148438e-01,2.067191451787948608e-01,7.683584094047546387e-01,-1.505201309919357300e-01,-1.628616303205490112e-01,9.048316627740859985e-02,1.233590096235275269e-01,-7.390312552452087402e-01,-3.594351708889007568e-01,6.795964241027832031e-01,6.741322576999664307e-02,-1.081202849745750427e-01,-3.003581166267395020e-01
7.573766168206930161e-03,-6.229710299521684647e-03,1.745484620332717896e-01,-1.889531128108501434e-02,-8.235962130129337311e-03,6.577166914939880371e-01,7.529833316802978516e-01,-1.688157320022583008e-01,8.577470481395721436e-02,2.159815654158592224e-02,5.454764962196350098e-01,-3.664315342903137207e-01,-2.756560966372489929e-02,-1.434495002031326294e-01,3.088424913585186005e-02,1.987023837864398956e-02,4.389589428901672363e-01,-3.570036888122558594e-01,5.089891329407691956e-02,4.172153398394584656e-02,-6.660773418843746185e-03,9.984757006168365479e-02,2.120083570480346680e-01,6.045646071434020996e-01,2.410736382007598877e-01,6.487853527069091797e-01,-1.647569686174392700e-01,-1.860412657260894775e-01,1.019885763525962830e-01,1.458141356706619263e-01,-7.797657251358032227e-01,-4.211698472499847412e-01,5.432487726211547852e-01,5.796629562973976135e-02,-1.214215308427810669e-01,-3.434615135192871094e-01
7.521575782448053360e-03,-6.706058979034423828e-03,1.735297143459320068e-01,-1.910798437893390656e-02,-1.334455795586109161e-02,6.574133038520812988e-01,7.531697154045104980e-01,-1.770483702421188354e-01,1.021298468112945557e-01,2.256409637629985809e-02,5.761402249336242676e-01,-3.766974806785583496e-01,-3.389390185475349426e-02,-1.470381915569305420e-01,3.736481815576553345e-02,2.205727249383926392e-02,4.558554291725158691e-01,-3.671593964099884033e-01,5.724520981311798096e-02,4.726385325193405151e-02,-4.510549828410148621e-03,1.218088567256927490e-01,2.420523166656494141e-01,6.280342936515808105e-01,2.759920656681060791e-01,5.289010405540466309e-01,-1.771186590194702148e-01,-2.095298469066619873e-01,1.128043010830879211e-01,1.682618558406829834e-01,-8.162925243377685547e-01,-4.835058450698852539e-01,4.050918221473693848e-01,4.388838261365890503e-02,-1.341344565153121948e-01,-3.850984871387481689e-01
7.626790553331375122e-03,-6.198980379849672318e-03,1.739781945943832397e-01,-2.057642117142677307e-02,-1.820419728755950928e-02,6.568218469619750977e-01,7.535451650619506836e-01,-1.705150902271270752e-01,1.202944442629814148e-01,2.487487159669399261e-02,5.766296386718750000e-01,-3.752003312110900879e-01,-4.100422561168670654e-02,-1.353681087493896484e-01,4.549677670001983643e-02,2.507463842630386353e-02,4.396379888057708740e-01,-3.626621961593627930e-01,6.340789049863815308e-02,5.829534307122230530e-02,1.483684172853827477e-03,1.461209952831268311e-01,2.860140502452850342e-01,6.443492174148559570e-01,3.186713159084320068e-01,3.697079718112945557e-01,-1.915380656719207764e-01,-2.146749943494796753e-01,1.220470741391181946e-01,2.153924107551574707e-01,-8.332179784774780273e-01,-5.726537704467773438e-01,2.176817059516906738e-01,1.889784075319766998e-02,-1.211774721741676331e-01,-4.263596832752227783e-01
7.484389003366231918e-03,-7.357100956141948700e-03,1.723008155822753906e-01,-1.904723607003688812e-02,-2.495666779577732086e-02,6.565188765525817871e-01,7.536559700965881348e-01,-1.817160695791244507e-01,1.365834176540374756e-01,2.501770853996276855e-02,6.207241415977478027e-01,-3.898646533489227295e-01,-4.690406844019889832e-02,-1.415560692548751831e-01,5.179257690906524658e-02,2.699008025228977203e-02,4.702046215534210205e-01,-3.782009780406951904e-01,6.974112242460250854e-02,6.234870478510856628e-02,2.056331140920519829e-03,1.674490869045257568e-01,3.090921938419342041e-01,6.677547097206115723e-01,3.466409146785736084e-01,2.728213667869567871e-01,-1.967853903770446777e-01,-2.470939904451370239e-01,1.318382024765014648e-01,2.262156009674072266e-01,-8.678789138793945312e-01,-6.188312768936157227e-01,1.005882173776626587e-01,4.373808915261179209e-04,-1.445190608501434326e-01,-4.603646099567413330e-01
7.553881034255027771e-03,-7.025009021162986755e-03,1.723446696996688843e-01,-2.026645652949810028e-02,-2.884832955896854401e-02,6.562474966049194336e-01,7.537216544151306152e-01,-1.799990385770797729e-01,1.527372598648071289e-01,2.679051086306571960e-02,6.275202035903930664e-01,-3.908106088638305664e-01,-5.358412861824035645e-02,-1.372213214635848999e-01,5.784336477518081665e-02,2.960912510752677917e-02,4.665424525737762451e-01,-3.798935115337371826e-01,7.640121132135391235e-02,6.998643279075622559e-02,6.288436707109212875e-03,1.921238452196121216e-01,3.475455641746520996e-01,6.800878047943115234e-01,3.907076716423034668e-01,1.249098107218742371e-01,-2.088470160961151123e-01,-2.608680725097656250e-01,1.394992172718048096e-01,2.562123537063598633e-01,-8.809132575988769531e-01,-6.937739253044128418e-01,-7.449954748153686523e-02,-2.976075187325477600e-02,-1.389380693435668945e-01,-4.966490864753723145e-01
7.413779385387897491e-03,-8.157352916896343231e-03,1.705360412597656250e-01,-1.898599043488502502e-02,-3.560083732008934021e-02,6.558115482330322266e-01,7.538456916809082031e-01,-1.913890540599822998e-01,1.698538064956665039e-01,2.634208090603351593e-02,6.711756587028503418e-01,-4.051818251609802246e-01,-5.953165516257286072e-02,-1.440905034542083740e-01,6.479363888502120972e-02,3.143947571516036987e-02,4.977218508720397949e-01,-3.956744074821472168e-01,8.273139595985412598e-02,7.433564960956573486e-02,7.840136066079139709e-03,2.123416066169738770e-01,3.711150586605072021e-01,7.010288834571838379e-01,4.171328246593475342e-01,2.794777974486351013e-02,-2.111605256795883179e-01,-2.931495904922485352e-01,1.460114419460296631e-01,2.645914852619171143e-01,-9.116647839546203613e-01,-7.344083189964294434e-01,-1.946582645177841187e-01,-5.268628895282745361e-02,-1.617031991481781006e-01,-5.238120555877685547e-01
7.479148916900157928e-03,-7.802932523190975189e-03,1.707301139831542969e-01,-2.024564146995544434e-02,-3.887709230184555054e-02,6.557065844535827637e-01,7.537423968315124512e-01,-1.896131038665771484e-01,1.850525587797164917e-01,2.816563658416271210e-02,6.753100156784057617e-01,-4.045362174510955811e-01,-6.601133942604064941e-02,-1.404930204153060913e-01,6.982146203517913818e-02,3.396021947264671326e-02,4.934234619140625000e-01,-3.969771564006805420e-01,8.966397494077682495e-02,8.091649413108825684e-02,1.144691091030836105e-02,2.367521375417709351e-01,4.093352258205413818e-01,7.083460092544555664e-01,4.618178606033325195e-01,-1.208455935120582581e-01,-2.214438170194625854e-01,-3.071492612361907959e-01,1.518518030643463135e-01,2.872370779514312744e-01,-9.180811047554016113e-01,-7.988474369049072266e-01,-3.735904693603515625e-01,-8.851063996553421021e-02,-1.539194136857986450e-01,-5.524131655693054199e-01
7.344169076532125473e-03,-8.872227743268013000e-03,1.688515841960906982e-01,-1.915494911372661591e-02,-4.564960300922393799e-02,6.551319360733032227e-01,7.538908123970031738e-01,-2.005383074283599854e-01,2.029190659523010254e-01,2.727087587118148804e-02,7.175996303558349609e-01,-4.182869493961334229e-01,-7.199472188949584961e-02,-1.473793834447860718e-01,7.734824717044830322e-02,3.576937317848205566e-02,5.242184400558471680e-01,-4.125843048095703125e-01,9.600552171468734741e-02,8.586689829826354980e-02,1.399346534162759781e-02,2.562394440174102783e-01,4.332990348339080811e-01,7.273060679435729980e-01,4.860518276691436768e-01,-2.186252176761627197e-01,-2.220696657896041870e-01,-3.386389911174774170e-01,1.544945985078811646e-01,2.937391698360443115e-01,-9.462005496025085449e-01,-8.321787714958190918e-01,-4.973067939281463623e-01,-1.130355149507522583e-01,-1.763624399900436401e-01,-5.718660950660705566e-01
7.396842353045940399e-03,-8.490596897900104523e-03,1.692026704549789429e-01,-2.034612372517585754e-02,-4.862685129046440125e-02,6.551865339279174805e-01,7.536259293556213379e-01,-1.982536613941192627e-01,2.174371927976608276e-01,2.915716171264648438e-02,7.196507453918457031e-01,-4.164344668388366699e-01,-7.831637561321258545e-02,-1.435611099004745483e-01,8.162698149681091309e-02,3.817945346236228943e-02,5.187554359436035156e-01,-4.132958650588989258e-01,1.031629815697669983e-01,9.151354432106018066e-02,1.717997714877128601e-02,2.809616029262542725e-01,4.709610044956207275e-01,7.301332950592041016e-01,5.301174521446228027e-01,-3.680765032768249512e-01,-2.313489168882369995e-01,-3.524406254291534424e-01,1.581741273403167725e-01,3.100848197937011719e-01,-9.485698938369750977e-01,-8.836101889610290527e-01,-6.799594759941101074e-01,-1.517371535301208496e-01,-1.671803593635559082e-01,-5.905968546867370605e-01
1.006014924496412277e-02,-1.081416197121143341e-02,1.663244813680648804e-01,-1.854865998029708862e-02,-5.238943174481391907e-02,6.565365791320800781e-01,7.522439956665039062e-01,-2.150612473487854004e-01,2.230270802974700928e-01,1.529308129101991653e-02,7.614240050315856934e-01,-4.309614002704620361e-01,-8.872260898351669312e-02,-1.495259404182434082e-01,8.772708475589752197e-02,3.153420612215995789e-02,5.455260872840881348e-01,-4.329837560653686523e-01,1.020978018641471863e-01,1.010814011096954346e-01,2.490329742431640625e-02,2.946726977825164795e-01,5.132529139518737793e-01,7.172695994377136230e-01,5.398786664009094238e-01,-3.864955306053161621e-01,-2.411352694034576416e-01,-3.567754030227661133e-01,1.584740430116653442e-01,3.330361545085906982e-01,-9.400478601455688477e-01,-9.061227440834045410e-01,-6.951826214790344238e-01,-1.650866419076919556e-01,-1.657539457082748413e-01,-6.151784658432006836e-01
1.330529991537332535e-02,-1.317071262747049332e-02,1.642080545425415039e-01,-1.637188345193862915e-02,-5.374591052532196045e-02,6.621482968330383301e-01,7.472636699676513672e-01,-2.429178506135940552e-01,2.201249003410339355e-01,-1.031673979014158249e-02,8.103594779968261719e-01,-4.216310083866119385e-01,-1.205896362662315369e-01,-1.524023562669754028e-01,8.786644786596298218e-02,2.107650600373744965e-02,5.631477832794189453e-01,-4.516310691833496094e-01,9.663201868534088135e-02,1.153878122568130493e-01,3.716313838958740234e-02,3.072883486747741699e-01,5.534574985504150391e-01,7.034595012664794922e-01,5.511378049850463867e-01,-4.137241542339324951e-01,-2.637833058834075928e-01,-3.660406470298767090e-01,1.594219654798507690e-01,3.625097870826721191e-01,-9.316370487213134766e-01,-9.307937622070312500e-01,-6.947196125984191895e-01,-1.775169521570205688e-01,-1.653346568346023560e-01,-6.426178812980651855e-01
1.678956672549247742e-02,-1.609734073281288147e-02,1.639981567859649658e-01,-1.149968802928924561e-02,-5.259452760219573975e-02,6.730318069458007812e-01,7.376515269279479980e-01,-2.904615700244903564e-01,2.247442901134490967e-01,-2.037016302347183228e-02,8.856055140495300293e-01,-3.868102729320526123e-01,-1.650834530591964722e-01,-1.509539783000946045e-01,7.441721856594085693e-02,-7.140991510823369026e-04,5.749187469482421875e-01,-4.582805335521697998e-01,9.121629595756530762e-02,1.295172721147537231e-01,5.276426300406455994e-02,3.171032965183258057e-01,5.909670591354370117e-01,6.804390549659729004e-01,5.481760501861572266e-01,-4.512542486190795898e-01,-3.164300322532653809e-01,-3.766346275806427002e-01,1.431544423103332520e-01,3.918708562850952148e-01,-9.156773686408996582e-01,-9.505739808082580566e-01,-6.878862977027893066e-01,-1.714615225791931152e-01,-1.747525930404663086e-01,-6.742523908615112305e-01
2.033827081322669983e-02,-1.996581256389617920e-02,1.631948202848434448e-01,-4.685603547841310501e-03,-4.970261454582214355e-02,6.901981234550476074e-01,7.218962907791137695e-01,-3.438907563686370850e-01,2.721616327762603760e-01,3.711738064885139465e-02,1.017114520072937012e+00,-4.016850590705871582e-01,-1.695765107870101929e-01,-1.534461826086044312e-01,5.031057819724082947e-02,-3.115883655846118927e-02,5.987688899040222168e-01,-4.789957106113433838e-01,8.923894166946411133e-02,1.358680874109268188e-01,6.800638884305953979e-02,3.276629447937011719e-01,6.292967200279235840e-01,6.450167298316955566e-01,5.247425436973571777e-01,-4.888158738613128662e-01,-3.596594631671905518e-01,-3.840728104114532471e-01,1.162777319550514221e-01,4.133706688880920410e-01,-8.753137588500976562e-01,-9.473554491996765137e-01,-6.871755123138427734e-01,-1.437313556671142578e-01,-1.904638260602951050e-01,-6.882337331771850586e-01
2.337610721588134766e-02,-2.420258335769176483e-02,1.624319851398468018e-01,2.316255122423171997e-03,-4.667166620492935181e-02,7.048455476760864258e-01,7.078199982643127441e-01,-3.954668939113616943e-01,3.025791347026824951e-01,7.947193831205368042e-02,1.155179500579833984e+00,-3.872534334659576416e-01,-2.038521319627761841e-01,-1.593081057071685791e-01,2.734496630728244781e-02,-5.273538082838058472e-02,6.272314190864562988e-01,-4.949004948139190674e-01,8.409073948860168457e-02,1.466999650001525879e-01,8.868659287691116333e-02,3.311348259449005127e-01,6.590173840522766113e-01,5.978270173072814941e-01,4.874458014965057373e-01,-5.247691869735717773e-01,-4.047805070877075195e-01,-3.893284499645233154e-01,8.221717923879623413e-02,4.141827523708343506e-01,-8.208101987838745117e-01,-9.228175878524780273e-01,-6.909840703010559082e-01,-1.017035245895385742e-01,-2.099381387233734131e-01,-7.054683566093444824e-01
2.621178142726421356e-02,-2.898599952459335327e-02,1.617437601089477539e-01,6.015515420585870743e-03,-4.090808704495429993e-02,7.224749326705932617e-01,6.901596188545227051e-01,-4.400158822536468506e-01,3.210895359516143799e-01,1.234192177653312683e-01,1.259014487266540527e+00,-3.692020475864410400e-01,-2.274068444967269897e-01,-1.724328845739364624e-01,3.269478678703308105e-03,-7.439725846052169800e-02,6.526165604591369629e-01,-5.060812234878540039e-01,7.722519338130950928e-02,1.534256935119628906e-01,1.022900864481925964e-01,3.194217979907989502e-01,6.702499985694885254e-01,5.369858741760253906e-01,4.322126209735870361e-01,-5.488009452819824219e-01,-4.632359445095062256e-01,-3.880812227725982666e-01,3.548393025994300842e-02,3.751991093158721924e-01,-7.497610449790954590e-01,-8.723242878913879395e-01,-6.963237524032592773e-01,-5.094208195805549622e-02,-2.351284474134445190e-01,-7.377172112464904785e-01
2.894070558249950409e-02,-3.413250669836997986e-02,1.604587137699127197e-01,8.035472594201564789e-03,-3.561754524707794189e-02,7.437143921852111816e-01,6.674996018409729004e-01,-4.601356685161590576e-01,3.410955965518951416e-01,1.835814565420150757e-01,1.322715759277343750e+00,-3.558254837989807129e-01,-2.456592172384262085e-01,-1.889539361000061035e-01,-2.348279021680355072e-02,-1.050022616982460022e-01,6.850873827934265137e-01,-5.190242528915405273e-01,7.351282238960266113e-02,1.503258347511291504e-01,1.129550188779830933e-01,3.016950488090515137e-01,6.654412150382995605e-01,4.667094647884368896e-01,3.502620756626129150e-01,-5.564032793045043945e-01,-5.235521793365478516e-01,-3.854293823242187500e-01,-3.261208068579435349e-03,2.915705144405364990e-01,-6.537523865699768066e-01,-7.963052392005920410e-01,-7.017320394515991211e-01,-4.105319269001483917e-03,-2.629169225692749023e-01,-7.903653979301452637e-01
3.157120198011398315e-02,-3.930955752730369568e-02,1.580176651477813721e-01,1.148272585123777390e-02,-3.521804884076118469e-02,7.643257379531860352e-01,6.437655091285705566e-01,-4.511483311653137207e-01,3.690781593322753906e-01,2.426897287368774414e-01,1.346403479576110840e+00,-3.554559946060180664e-01,-2.358290553092956543e-01,-1.994442939758300781e-01,-4.666731134057044983e-02,-1.375222951173782349e-01,7.272866368293762207e-01,-5.358992218971252441e-01,6.697718054056167603e-02,1.402143985033035278e-01,1.243883818387985229e-01,2.867854237556457520e-01,6.478531360626220703e-01,3.989348113536834717e-01,2.572923600673675537e-01,-5.416644215583801270e-01,-5.883538722991943359e-01,-3.777602314949035645e-01,-3.290633857250213623e-02,1.845704764127731323e-01,-5.422119498252868652e-01,-7.001232504844665527e-01,-7.097003459930419922e-01,3.779799118638038635e-02,-2.896707057952880859e-01,-8.599979281425476074e-01
3.391027823090553284e-02,-4.435251653194427490e-02,1.554296761751174927e-01,1.485035382211208344e-02,-3.686489164829254150e-02,7.846578955650329590e-01,6.186537146568298340e-01,-4.202731549739837646e-01,3.920711278915405273e-01,2.882819473743438721e-01,1.340362191200256348e+00,-3.658982217311859131e-01,-2.150167375802993774e-01,-2.020284682512283325e-01,-6.804970651865005493e-02,-1.722769141197204590e-01,7.629707455635070801e-01,-5.520823597908020020e-01,6.000337377190589905e-02,1.281683892011642456e-01,1.340228915214538574e-01,2.804671525955200195e-01,6.129192113876342773e-01,3.424450159072875977e-01,1.571639180183410645e-01,-5.058571696281433105e-01,-6.312569975852966309e-01,-3.611156046390533447e-01,-5.012748390436172485e-02,7.397218793630599976e-02,-4.216594398021697998e-01,-5.956889390945434570e-01,-7.053203582763671875e-01,7.506459951400756836e-02,-3.187255859375000000e-01,-9.394455552101135254e-01
3.608742728829383850e-02,-4.924968257546424866e-02,1.539943218231201172e-01,2.302249521017074585e-02,-3.988260030746459961e-02,8.065096139907836914e-01,5.894247889518737793e-01,-3.689637780189514160e-01,4.177114963531494141e-01,3.321551084518432617e-01,1.317435264587402344e+00,-3.791390359401702881e-01,-1.854643970727920532e-01,-1.854865849018096924e-01,-9.891520440578460693e-02,-2.179861366748809814e-01,7.891294360160827637e-01,-5.623092055320739746e-01,4.854023456573486328e-02,1.120026633143424988e-01,1.385097205638885498e-01,2.854067385196685791e-01,5.440591573715209961e-01,2.862959802150726318e-01,4.568583145737648010e-02,-4.275095462799072266e-01,-6.537268161773681641e-01,-3.400264680385589600e-01,-5.271849036216735840e-02,-2.756104245781898499e-02,-2.877621054649353027e-01,-4.553396999835968018e-01,-6.704347729682922363e-01,1.308901757001876831e-01,-3.451142609119415283e-01,-9.884775876998901367e-01
3.779817000031471252e-02,-5.389094725251197815e-02,1.535927355289459229e-01,3.489789739251136780e-02,-4.161358624696731567e-02,8.267816901206970215e-01,5.598950982093811035e-01,-3.042547702789306641e-01,4.433577954769134521e-01,3.649865388870239258e-01,1.285722494125366211e+00,-4.010333120822906494e-01,-1.461574286222457886e-01,-1.560960114002227783e-01,-1.389842778444290161e-01,-2.689186334609985352e-01,8.069691061973571777e-01,-5.728346705436706543e-01,3.353112563490867615e-02,9.820204973220825195e-02,1.385022252798080444e-01,2.880307435989379883e-01,4.523645341396331787e-01,2.524402737617492676e-01,-4.079427570104598999e-02,-3.114294111728668213e-01,-6.198931932449340820e-01,-3.245752155780792236e-01,-2.789534069597721100e-02,-8.591251820325851440e-02,-2.100232690572738647e-01,-3.093362450599670410e-01,-5.666384696960449219e-01,1.747021973133087158e-01,-3.459565937519073486e-01,-1.002003073692321777e+00
3.850843012332916260e-02,-5.861306190490722656e-02,1.542898565530776978e-01,4.731731489300727844e-02,-4.328518360853195190e-02,8.442458510398864746e-01,5.321056246757507324e-01,-2.384631931781768799e-01,4.510128498077392578e-01,3.861055672168731689e-01,1.246472954750061035e+00,-4.238591492176055908e-01,-1.189234033226966858e-01,-1.172089949250221252e-01,-1.764178723096847534e-01,-3.178115487098693848e-01,8.086079359054565430e-01,-5.773673653602600098e-01,2.608480118215084076e-02,8.773655444383621216e-02,1.299827396869659424e-01,2.849588394165039062e-01,3.521457314491271973e-01,2.243435978889465332e-01,-1.077269837260246277e-01,-1.456209868192672729e-01,-5.283483266830444336e-01,-3.117629885673522949e-01,2.626443095505237579e-02,-1.011192873120307922e-01,-2.038471400737762451e-01,-1.598199009895324707e-01,-3.667211830615997314e-01,2.192312926054000854e-01,-3.146755695343017578e-01,-9.695618748664855957e-01
3.818354383111000061e-02,-6.339658796787261963e-02,1.570190787315368652e-01,6.064972281455993652e-02,-4.465216398239135742e-02,8.626967072486877441e-01,5.000821948051452637e-01,-1.632312685251235962e-01,4.436951577663421631e-01,3.958356082439422607e-01,1.180950403213500977e+00,-4.499989151954650879e-01,-9.248246252536773682e-02,-5.991777405142784119e-02,-2.126408964395523071e-01,-3.774420320987701416e-01,7.849338054656982422e-01,-5.717153549194335938e-01,1.721131056547164917e-02,7.894940674304962158e-02,1.214785575866699219e-01,2.790127992630004883e-01,2.349871397018432617e-01,2.059152126312255859e-01,-1.719798445701599121e-01,1.182624697685241699e-01,-4.156599938869476318e-01,-2.782801687717437744e-01,1.122152805328369141e-01,-1.223904117941856384e-01,-2.530249357223510742e-01,-1.281394623219966888e-03,-1.233274210244417191e-02,2.572129368782043457e-01,-2.531904876232147217e-01,-8.928056359291076660e-01
3.632029145956039429e-02,-6.829311698675155640e-02,1.598542034626007080e-01,7.057666778564453125e-02,-5.068495497107505798e-02,8.782819509506225586e-01,4.701816439628601074e-01,-8.881253004074096680e-02,4.343972802162170410e-01,4.101841449737548828e-01,1.092129111289978027e+00,-4.746332466602325439e-01,-7.212420552968978882e-02,3.770333481952548027e-03,-2.300592660903930664e-01,-4.403299391269683838e-01,7.458389401435852051e-01,-5.510113835334777832e-01,1.738026738166809082e-02,7.408729940652847290e-02,1.180364564061164856e-01,2.683587372303009033e-01,1.026192456483840942e-01,1.995637416839599609e-01,-2.667540907859802246e-01,4.284861385822296143e-01,-2.935223281383514404e-01,-2.156530916690826416e-01,1.898643523454666138e-01,-1.726084351539611816e-01,-2.818724215030670166e-01,1.342705488204956055e-01,3.867212235927581787e-01,2.692741453647613525e-01,-1.637015342712402344e-01,-7.993860244750976562e-01
3.273718059062957764e-02,-7.323597371578216553e-02,1.626441180706024170e-01,8.030822873115539551e-02,-5.672333389520645142e-02,8.923809528350830078e-01,4.404421746730804443e-01,-1.421707682311534882e-02,4.087798595428466797e-01,4.070025682449340820e-01,9.845730662345886230e-01,-4.929266273975372314e-01,-6.700056791305541992e-02,6.935408711433410645e-02,-2.416353523731231689e-01,-4.974702298641204834e-01,7.032473683357238770e-01,-5.240553021430969238e-01,1.463132351636886597e-02,7.417620718479156494e-02,1.185981035232543945e-01,2.690166234970092773e-01,-1.963198184967041016e-02,1.829712986946105957e-01,-3.736861646175384521e-01,7.172268629074096680e-01,-1.930445730686187744e-01,-1.481541991233825684e-01,2.111086398363113403e-01,-2.277963161468505859e-01,-2.838428020477294922e-01,2.401158064603805542e-01,7.461700439453125000e-01,2.713627219200134277e-01,-6.984294950962066650e-02,-6.886122822761535645e-01
2.736964449286460876e-02,-7.790240645408630371e-02,1.654751896858215332e-01,8.853330463171005249e-02,-6.162145733833312988e-02,9.064659476280212402e-01,4.082697331905364990e-01,6.515921652317047119e-02,3.689070940017700195e-01,3.956177532672882080e-01,8.414602279663085938e-01,-4.933370351791381836e-01,-7.796239107847213745e-02,1.429271847009658813e-01,-2.436279356479644775e-01,-5.523749589920043945e-01,6.380991935729980469e-01,-4.926005601882934570e-01,2.077559940516948700e-02,7.140181213617324829e-02,1.206943169236183167e-01,2.773643136024475098e-01,-1.106926351785659790e-01,1.615235507488250732e-01,-4.855394661426544189e-01,9.668029546737670898e-01,-1.116049140691757202e-01,-9.136869013309478760e-02,1.859554201364517212e-01,-2.654682993888854980e-01,-2.693309783935546875e-01,3.368366658687591553e-01,1.076760053634643555e+00,2.719670832157135010e-01,1.751264743506908417e-02,-5.291140675544738770e-01
2.061855047941207886e-02,-8.293780684471130371e-02,1.672170162200927734e-01,9.648222476243972778e-02,-6.470117717981338501e-02,9.179814457893371582e-01,3.792294263839721680e-01,1.322539448738098145e-01,3.215883076190948486e-01,3.899339437484741211e-01,7.072818875312805176e-01,-5.017470121383666992e-01,-7.156116515398025513e-02,2.003015279769897461e-01,-2.541149258613586426e-01,-5.977834463119506836e-01,6.021370887756347656e-01,-4.608834087848663330e-01,3.353973850607872009e-02,7.042481005191802979e-02,1.171465516090393066e-01,2.785223424434661865e-01,-1.250791698694229126e-01,1.775783449411392212e-01,-5.441654920578002930e-01,1.029776334762573242e+00,-8.746144175529479980e-02,-6.056955456733703613e-02,7.631780207157135010e-02,-2.351215630769729614e-01,-2.841264009475708008e-01,3.737657070159912109e-01,1.212765336036682129e+00,2.599630653858184814e-01,5.843701213598251343e-02,-3.421975374221801758e-01
1.307234819978475571e-02,-8.823957294225692749e-02,1.692107468843460083e-01,9.998589754104614258e-02,-6.076293811202049255e-02,9.265277385711669922e-01,3.575709760189056396e-01,1.768384426832199097e-01,2.652662098407745361e-01,3.703081607818603516e-01,5.936591029167175293e-01,-5.116163492202758789e-01,-6.338457763195037842e-02,2.196734100580215454e-01,-2.814927697181701660e-01,-6.135883927345275879e-01,6.048544049263000488e-01,-4.324677586555480957e-01,4.970638826489448547e-02,6.991651654243469238e-02,1.063842773437500000e-01,2.700040042400360107e-01,-8.415445685386657715e-02,2.520083785057067871e-01,-5.476990342140197754e-01,9.104081988334655762e-01,-1.243911907076835632e-01,-4.472786188125610352e-02,-8.188734948635101318e-02,-1.595939397811889648e-01,-3.434663116931915283e-01,3.734308779239654541e-01,1.172681689262390137e+00,2.580030262470245361e-01,6.915942579507827759e-02,-1.371000856161117554e-01
5.490652285516262054e-03,-9.362819045782089233e-02,1.714131683111190796e-01,9.960331767797470093e-02,-4.577514529228210449e-02,9.353838562965393066e-01,3.362155556678771973e-01,2.069934308528900146e-01,1.915154606103897095e-01,3.530656397342681885e-01,4.751834571361541748e-01,-4.887516200542449951e-01,-5.986783280968666077e-02,1.959008276462554932e-01,-3.336307108402252197e-01,-5.825632214546203613e-01,6.528699398040771484e-01,-4.078243076801300049e-01,7.233753800392150879e-02,6.593783199787139893e-02,7.678047567605972290e-02,2.484214007854461670e-01,-6.977330427616834641e-03,4.012154042720794678e-01,-4.887382984161376953e-01,5.978451371192932129e-01,-2.314455658197402954e-01,-1.991764269769191742e-02,-3.143714666366577148e-01,-3.575849905610084534e-02,-4.636616706848144531e-01,3.376744091510772705e-01,9.634799361228942871e-01,2.956117391586303711e-01,8.330617845058441162e-02,1.106060817837715149e-01
-8.328330586664378643e-04,-9.946346282958984375e-02,1.715341359376907349e-01,1.022786945104598999e-01,-3.292063996195793152e-02,9.426389932632446289e-01,3.160490989685058594e-01,2.185153365135192871e-01,1.325045526027679443e-01,3.239333927631378174e-01,4.167830348014831543e-01,-4.722408354282379150e-01,-5.552116036415100098e-02,1.563504338264465332e-01,-3.722724020481109619e-01,-5.097422003746032715e-01,7.151839137077331543e-01,-3.918236792087554932e-01,9.455942362546920776e-02,6.200133264064788818e-02,3.838960826396942139e-02,2.318808138370513916e-01,4.658705368638038635e-02,5.342124700546264648e-01,-3.790196180343627930e-01,3.068436086177825928e-01,-3.309939205646514893e-01,6.934376433491706848e-03,-4.635518789291381836e-01,8.518121391534805298e-02,-5.991781949996948242e-01,2.743220627307891846e-01,7.106269001960754395e-01,2.772656083106994629e-01,9.678583592176437378e-02,3.086682856082916260e-01
-5.678982008248567581e-03,-1.049794554710388184e-01,1.710519194602966309e-01,1.048772409558296204e-01,-1.783994957804679871e-02,9.483875632286071777e-01,2.987366318702697754e-01,2.212391793727874756e-01,7.415378093719482422e-02,2.946900725364685059e-01,3.781528472900390625e-01,-4.550105035305023193e-01,-4.858700186014175415e-02,1.084084883332252502e-01,-3.989779353141784668e-01,-4.193512201309204102e-01,7.664891481399536133e-01,-4.139955639839172363e-01,1.123047471046447754e-01,5.966919288039207458e-02,-1.125635020434856415e-02,2.153628766536712646e-01,6.294704973697662354e-02,6.329622268676757812e-01,-2.432892918586730957e-01,6.400789320468902588e-02,-4.037418365478515625e-01,1.943005062639713287e-02,-5.006183981895446777e-01,2.071861475706100464e-01,-7.415196299552917480e-01,2.050085067749023438e-01,4.486953616142272949e-01,2.308390289545059204e-01,1.020879000425338745e-01,4.406754076480865479e-01
-9.236960671842098236e-03,-1.102907508611679077e-01,1.696278005838394165e-01,1.077068895101547241e-01,-6.833086255937814713e-03,9.530546665191650391e-01,2.829122543334960938e-01,2.170347124338150024e-01,3.130654990673065186e-02,2.688007950782775879e-01,3.660659790039062500e-01,-4.516814351081848145e-01,-3.487246111035346985e-02,6.945136934518814087e-02,-4.142675697803497314e-01,-3.370610177516937256e-01,8.083604574203491211e-01,-4.245003759860992432e-01,1.108096465468406677e-01,6.083677336573600769e-02,-6.447113305330276489e-02,1.973811835050582886e-01,-1.723846606910228729e-02,7.088416814804077148e-01,-7.716530561447143555e-02,-1.492456644773483276e-01,-4.120168685913085938e-01,5.533143877983093262e-03,-4.669269919395446777e-01,3.403059244155883789e-01,-9.089758992195129395e-01,8.716962486505508423e-02,1.341003775596618652e-01,1.498551219701766968e-01,9.735540300607681274e-02,5.423457026481628418e-01
-1.142108254134654999e-02,-1.150472164154052734e-01,1.674501299858093262e-01,1.149381995201110840e-01,-4.125362320337444544e-04,9.560320377349853516e-01,2.697994410991668701e-01,2.187542915344238281e-01,6.609143456444144249e-04,2.431953102350234985e-01,3.711459934711456299e-01,-4.585964083671569824e-01,-3.010081313550472260e-02,5.417204648256301880e-02,-4.193109869956970215e-01,-2.791678905487060547e-01,8.341455459594726562e-01,-4.251399040222167969e-01,1.058702170848846436e-01,5.340891703963279724e-02,-1.145482510328292847e-01,1.840729564428329468e-01,-1.936934292316436768e-01,7.838466763496398926e-01,3.978754952549934387e-02,-2.807151973247528076e-01,-3.503305912017822266e-01,-2.934155613183975220e-02,-3.750894963741302490e-01,4.124209880828857422e-01,-1.065754294395446777e+00,-1.450634282082319260e-02,-7.714793831110000610e-02,7.378564029932022095e-02,8.265428245067596436e-02,5.887772440910339355e-01
-1.278277300298213959e-02,-1.191540732979774475e-01,1.659022718667984009e-01,1.224124208092689514e-01,4.783482756465673447e-03,9.573595523834228516e-01,2.616391479969024658e-01,2.295545786619186401e-01,-2.627840824425220490e-02,2.252642959356307983e-01,3.633852303028106689e-01,-4.552938938140869141e-01,-3.042361512780189514e-02,4.526901990175247192e-02,-4.208908975124359131e-01,-2.349630445241928101e-01,8.398164510726928711e-01,-4.237050414085388184e-01,1.157494485378265381e-01,3.623768314719200134e-02,-1.588663458824157715e-01,1.735049188137054443e-01,-3.843238353729248047e-01,8.592548370361328125e-01,1.034324467182159424e-01,-3.470698297023773193e-01,-2.385908067226409912e-01,-4.672063142061233521e-02,-2.749817371368408203e-01,4.648952186107635498e-01,-1.199478983879089355e+00,-1.414139270782470703e-01,-1.887706369161605835e-01,-1.167323812842369080e-02,8.454249799251556396e-02,6.091366410255432129e-01
-1.378355175256729126e-02,-1.223786547780036926e-01,1.663335114717483521e-01,1.244627311825752258e-01,7.841958664357662201e-03,9.594562649726867676e-01,2.527671456336975098e-01,2.495412230491638184e-01,-4.673924297094345093e-02,2.085430771112442017e-01,3.148392140865325928e-01,-4.324647188186645508e-01,-3.415710479021072388e-02,3.910701721906661987e-02,-4.188887178897857666e-01,-1.985030770301818848e-01,8.271185159683227539e-01,-4.082382321357727051e-01,1.338080912828445435e-01,2.133625559508800507e-02,-2.002818286418914795e-01,1.558132618665695190e-01,-6.216415166854858398e-01,9.551662206649780273e-01,1.097019314765930176e-01,-3.770802915096282959e-01,-7.735762000083923340e-02,-3.895439207553863525e-02,-1.964491456747055054e-01,5.259909033775329590e-01,-1.302214741706848145e+00,-3.458912074565887451e-01,-2.250216603279113770e-01,-1.192911490797996521e-01,9.191956371068954468e-02,5.908163189888000488e-01
-1.441652793437242508e-02,-1.247507408261299133e-01,1.665351837873458862e-01,1.237442195415496826e-01,1.237328909337520599e-02,9.595867395401000977e-01,2.524432539939880371e-01,2.619913518428802490e-01,-6.612119823694229126e-02,2.011044472455978394e-01,2.747370600700378418e-01,-4.124794304370880127e-01,-3.750946000218391418e-02,3.817988559603691101e-02,-4.176245629787445068e-01,-1.686709076166152954e-01,8.131634593009948730e-01,-4.106560647487640381e-01,1.534592807292938232e-01,2.780680311843752861e-03,-2.335555404424667358e-01,1.416925191879272461e-01,-7.942360043525695801e-01,1.027036309242248535e+00,8.255136013031005859e-02,-3.810894489288330078e-01,4.872430860996246338e-02,-2.537529170513153076e-02,-1.428050398826599121e-01,5.699272155761718750e-01,-1.373659014701843262e+00,-5.177481174468994141e-01,-1.765847206115722656e-01,-1.959104239940643311e-01,9.868973493576049805e-02,5.318426489830017090e-01
-1.473686099052429199e-02,-1.264272630214691162e-01,1.667477786540985107e-01,1.233984902501106262e-01,1.625681109726428986e-02,9.586647748947143555e-01,2.558717429637908936e-01,2.771721184253692627e-01,-8.274207264184951782e-02,1.974729150533676147e-01,2.332957088947296143e-01,-3.908482193946838379e-01,-3.847683593630790710e-02,3.631780296564102173e-02,-4.183093011379241943e-01,-1.491347998380661011e-01,8.026567697525024414e-01,-4.127719104290008545e-01,1.671504676342010498e-01,-1.574561186134815216e-02,-2.558828890323638916e-01,1.256875544786453247e-01,-9.442151784896850586e-01,1.099242329597473145e+00,2.640852890908718109e-02,-3.698005080223083496e-01,1.457177847623825073e-01,-2.208971185609698296e-03,-1.212312132120132446e-01,6.001156568527221680e-01,-1.425656318664550781e+00,-6.946398615837097168e-01,-7.978354394435882568e-02,-2.627446353435516357e-01,1.176405549049377441e-01,4.465990364551544189e-01
-1.476506795734167099e-02,-1.273489445447921753e-01,1.671163588762283325e-01,1.205866560339927673e-01,1.953819580376148224e-02,9.579522013664245605e-01,2.596240341663360596e-01,2.870548069477081299e-01,-9.471682459115982056e-02,1.951053887605667114e-01,1.937858611345291138e-01,-3.694263994693756104e-01,-4.306665807962417603e-02,2.966517955064773560e-02,-4.144824743270874023e-01,-1.278482973575592041e-01,7.951605916023254395e-01,-4.205233752727508545e-01,1.769034117460250854e-01,-2.829458937048912048e-02,-2.713565826416015625e-01,1.136543229222297668e-01,-1.076100587844848633e+00,1.142668247222900391e+00,-4.251513257622718811e-02,-3.454508185386657715e-01,2.023074626922607422e-01,1.118478178977966309e-02,-9.926468133926391602e-02,6.339542865753173828e-01,-1.456875681877136230e+00,-8.493356108665466309e-01,2.530855685472488403e-02,-3.003020584583282471e-01,1.264045089483261108e-01,3.609751164913177490e-01
-1.431286614388227463e-02,-1.275986433029174805e-01,1.674551516771316528e-01,1.194964796304702759e-01,2.265870943665504456e-02,9.568641185760498047e-01,2.638527750968933105e-01,2.958365082740783691e-01,-1.046397984027862549e-01,1.961956620216369629e-01,1.652219891548156738e-01,-3.528718352317810059e-01,-3.790518268942832947e-02,2.074216492474079132e-02,-4.094626307487487793e-01,-9.948965907096862793e-02,7.987765073776245117e-01,-4.257815778255462646e-01,1.858940124511718750e-01,-3.360665217041969299e-02,-2.887293994426727295e-01,1.079473346471786499e-01,-1.175848484039306641e+00,1.163995146751403809e+00,-1.010321602225303650e-01,-3.375028669834136963e-01,2.449476122856140137e-01,1.452087890356779099e-02,-6.440459936857223511e-02,6.590257287025451660e-01,-1.469063878059387207e+00,-9.617890119552612305e-01,9.993543475866317749e-02,-3.171902298927307129e-01,1.279698163270950317e-01,2.834748923778533936e-01
-1.326749939471483231e-02,-1.272633373737335205e-01,1.670824736356735229e-01,1.216090992093086243e-01,2.640998736023902893e-02,9.553701281547546387e-01,2.679210305213928223e-01,3.040785789489746094e-01,-1.145902052521705627e-01,2.009674012660980225e-01,1.509731709957122803e-01,-3.429868817329406738e-01,-3.209747746586799622e-02,1.193278189748525620e-02,-4.077723920345306396e-01,-6.916677951812744141e-02,8.171295523643493652e-01,-4.344059526920318604e-01,1.906713694334030151e-01,-3.082457184791564941e-02,-3.052631318569183350e-01,1.116534247994422913e-01,-1.239547610282897949e+00,1.156878471374511719e+00,-1.356960386037826538e-01,-3.403788506984710693e-01,2.751605808734893799e-01,8.475322276353836060e-03,-2.758127450942993164e-02,6.771317124366760254e-01,-1.457746624946594238e+00,-1.022747516632080078e+00,1.224301606416702271e-01,-3.043850064277648926e-01,1.128220111131668091e-01,2.265802025794982910e-01
-1.198931783437728882e-02,-1.262477636337280273e-01,1.668458878993988037e-01,1.230601966381072998e-01,2.803416550159454346e-02,9.544570446014404297e-01,2.703368365764617920e-01,3.087787926197052002e-01,-1.172389611601829529e-01,2.071697562932968140e-01,1.449254304170608521e-01,-3.387618362903594971e-01,-2.497597597539424896e-02,1.128636882640421391e-03,-3.986161351203918457e-01,-3.801373392343521118e-02,8.439753651618957520e-01,-4.323202967643737793e-01,2.024470269680023193e-01,-2.467715740203857422e-02,-3.176856637001037598e-01,1.209681928157806396e-01,-1.284856319427490234e+00,1.138152360916137695e+00,-1.569463014602661133e-01,-3.482676446437835693e-01,3.078622519969940186e-01,-2.737767761573195457e-03,8.258993737399578094e-03,6.886481046676635742e-01,-1.427580714225769043e+00,-1.057631850242614746e+00,1.014955937862396240e-01,-2.829013168811798096e-01,8.584047108888626099e-02,1.723427176475524902e-01
-1.047303248196840286e-02,-1.245421692728996277e-01,1.663403362035751343e-01,1.246790513396263123e-01,2.928196266293525696e-02,9.527821540832519531e-01,2.753249704837799072e-01,3.110015988349914551e-01,-1.170641705393791199e-01,2.169124037027359009e-01,1.473203003406524658e-01,-3.395198285579681396e-01,-2.045846357941627502e-02,-5.783113185316324234e-03,-3.888069987297058105e-01,-1.587636582553386688e-02,8.672131299972534180e-01,-4.340516626834869385e-01,2.046925574541091919e-01,-1.920430921018123627e-02,-3.280200958251953125e-01,1.319982856512069702e-01,-1.309490799903869629e+00,1.118560791015625000e+00,-1.664308756589889526e-01,-3.618641197681427002e-01,3.410803377628326416e-01,-1.243329048156738281e-02,4.347635805606842041e-02,6.964256167411804199e-01,-1.390456080436706543e+00,-1.064782500267028809e+00,6.056619808077812195e-02,-2.574743926525115967e-01,5.975842103362083435e-02,1.390395313501358032e-01
-8.867381140589714050e-03,-1.219799146056175232e-01,1.658966541290283203e-01,1.267908960580825806e-01,2.981245331466197968e-02,9.507927894592285156e-01,2.811198532581329346e-01,3.120542466640472412e-01,-1.134814694523811340e-01,2.275532633066177368e-01,1.575280129909515381e-01,-3.439329862594604492e-01,-1.595265232026576996e-02,-6.782369688153266907e-03,-3.747256100177764893e-01,-8.974249794846400619e-05,8.830896615982055664e-01,-4.331769049167633057e-01,2.027860283851623535e-01,-1.410140376538038254e-02,-3.369257450103759766e-01,1.409467011690139771e-01,-1.321823000907897949e+00,1.100190401077270508e+00,-1.649853438138961792e-01,-3.752488195896148682e-01,3.732050657272338867e-01,-1.811445131897926331e-02,8.344280719757080078e-02,6.904109716415405273e-01,-1.354217648506164551e+00,-1.054020643234252930e+00,3.696516901254653931e-02,-2.337678521871566772e-01,4.331794008612632751e-02,1.145172044634819031e-01
-7.336501963436603546e-03,-1.184958890080451965e-01,1.666268259286880493e-01,1.244524642825126648e-01,2.595953270792961121e-02,9.492070078849792480e-01,2.878258526325225830e-01,3.082499802112579346e-01,-9.557668119668960571e-02,2.424217313528060913e-01,1.683707386255264282e-01,-3.492403924465179443e-01,-1.806305348873138428e-02,3.179718507453799248e-03,-3.431174457073211670e-01,6.428845692425966263e-03,8.727661371231079102e-01,-4.336256384849548340e-01,1.998004615306854248e-01,-1.020377222448587418e-02,-3.350203037261962891e-01,1.475054621696472168e-01,-1.325563788414001465e+00,1.092979431152343750e+00,-1.698714643716812134e-01,-3.783324360847473145e-01,3.981141448020935059e-01,-1.816955581307411194e-02,1.295265555381774902e-01,6.640931367874145508e-01,-1.324660778045654297e+00,-1.030523896217346191e+00,6.897412240505218506e-02,-2.051143348217010498e-01,3.440766781568527222e-02,7.885982841253280640e-02
-5.573342088609933853e-03,-1.141034141182899475e-01,1.681222915649414062e-01,1.215949878096580505e-01,1.824404299259185791e-02,9.470027089118957520e-01,2.967619001865386963e-01,3.002879321575164795e-01,-6.458426266908645630e-02,2.616946101188659668e-01,1.955809742212295532e-01,-3.596584498882293701e-01,-2.673030644655227661e-02,2.724715322256088257e-02,-3.063554763793945312e-01,-7.446794304996728897e-03,8.370506763458251953e-01,-4.444588422775268555e-01,1.819926947355270386e-01,-6.993693765252828598e-03,-3.215118348598480225e-01,1.580672115087509155e-01,-1.321274161338806152e+00,1.105907797813415527e+00,-1.821307688951492310e-01,-3.642064332962036133e-01,4.077160656452178955e-01,-1.170993596315383911e-02,1.793233454227447510e-01,6.184444427490234375e-01,-1.316237926483154297e+00,-9.888157844543457031e-01,1.722254455089569092e-01,-1.598650962114334106e-01,2.564923465251922607e-02,3.372095152735710144e-02
-3.493807278573513031e-03,-1.087890416383743286e-01,1.714491695165634155e-01,1.189538016915321350e-01,4.390717484056949615e-03,9.450197815895080566e-01,3.045789301395416260e-01,2.824119329452514648e-01,-1.321761962026357651e-02,2.809209823608398438e-01,2.582546174526214600e-01,-3.754094541072845459e-01,-3.092179261147975922e-02,6.650386005640029907e-02,-2.546002566814422607e-01,-1.916933991014957428e-02,7.763091921806335449e-01,-4.459973871707916260e-01,1.594641208648681641e-01,-2.630617935210466385e-03,-2.994533181190490723e-01,1.733238250017166138e-01,-1.312012553215026855e+00,1.141785383224487305e+00,-2.111797779798507690e-01,-3.409745693206787109e-01,4.012553989887237549e-01,-5.714671686291694641e-03,2.248279452323913574e-01,5.566251873970031738e-01,-1.337972164154052734e+00,-9.210692644119262695e-01,3.251245021820068359e-01,-1.165224760770797729e-01,1.025451440364122391e-02,1.223824918270111084e-02
-8.770877029746770859e-04,-1.028142347931861877e-01,1.749869585037231445e-01,1.173018217086791992e-01,-1.530177053064107895e-02,9.427072405815124512e-01,3.119442164897918701e-01,2.440996915102005005e-01,6.049549579620361328e-02,2.957402765750885010e-01,3.897714912891387939e-01,-4.139731526374816895e-01,-3.882320225238800049e-02,1.159185692667961121e-01,-1.913249790668487549e-01,-3.235023841261863708e-02,7.028481960296630859e-01,-4.337741732597351074e-01,1.332558542490005493e-01,4.410007968544960022e-03,-2.653739452362060547e-01,1.980787813663482666e-01,-1.284754633903503418e+00,1.200895071029663086e+00,-2.516251802444458008e-01,-3.260771036148071289e-01,3.881545662879943848e-01,-4.065165761858224869e-03,2.419436573982238770e-01,4.921926558017730713e-01,-1.370447158813476562e+00,-8.308337926864624023e-01,4.927731454372406006e-01,-8.033151179552078247e-02,3.745239926502108574e-03,3.431807458400726318e-02
2.341147977858781815e-03,-9.658004343509674072e-02,1.760624647140502930e-01,1.155591756105422974e-01,-4.045122489333152771e-02,9.402481913566589355e-01,3.177154064178466797e-01,1.655512154102325439e-01,1.735666245222091675e-01,3.308224081993103027e-01,6.159691214561462402e-01,-4.410293698310852051e-01,-3.857812657952308655e-02,1.709283292293548584e-01,-1.218228042125701904e-01,-6.176674365997314453e-02,6.192433238029479980e-01,-4.107590913772583008e-01,9.539799392223358154e-02,1.157640758901834488e-02,-2.096832692623138428e-01,2.318262755870819092e-01,-1.243270039558410645e+00,1.292315959930419922e+00,-3.040274083614349365e-01,-3.229186236858367920e-01,3.780386447906494141e-01,-7.243226747959852219e-03,2.289572507143020630e-01,4.291455447673797607e-01,-1.411804318428039551e+00,-7.231473326683044434e-01,6.379302740097045898e-01,-7.264367491006851196e-02,4.855439066886901855e-03,1.077982038259506226e-01
6.928283721208572388e-03,-8.987047523260116577e-02,1.733678728342056274e-01,1.137695908546447754e-01,-8.014909178018569946e-02,9.312212467193603516e-01,3.368377089500427246e-01,2.963697910308837891e-02,2.985046207904815674e-01,2.699055075645446777e-01,9.221958518028259277e-01,-3.707098960876464844e-01,-1.089366525411605835e-01,2.231919169425964355e-01,-2.156601287424564362e-02,-8.752698451280593872e-02,5.452793240547180176e-01,-3.827461004257202148e-01,4.895015060901641846e-02,2.859082072973251343e-02,-1.165987029671669006e-01,2.767855823040008545e-01,-1.168115019798278809e+00,1.426759719848632812e+00,-3.757205605506896973e-01,-3.438164293766021729e-01,3.649137914180755615e-01,-1.971215195953845978e-02,1.456507146358489990e-01,3.740205466747283936e-01,-1.455091357231140137e+00,-6.107500791549682617e-01,7.100431919097900391e-01,-8.039299398660659790e-02,1.141196116805076599e-02,2.268265932798385620e-01
1.023030281066894531e-02,-8.350755274295806885e-02,1.680868119001388550e-01,1.089761182665824890e-01,-1.106134802103042603e-01,9.205113053321838379e-01,3.585357069969177246e-01,-1.049332395195960999e-01,3.460821807384490967e-01,1.718037873506546021e-01,1.166310667991638184e+00,-3.304598331451416016e-01,-1.846859604120254517e-01,2.553194761276245117e-01,6.202553212642669678e-02,-7.780421525239944458e-02,4.942511320114135742e-01,-3.854864835739135742e-01,3.018238767981529236e-02,5.587222427129745483e-02,-4.124774783849716187e-02,3.109665215015411377e-01,-1.048335313796997070e+00,1.578221321105957031e+00,-4.624593257904052734e-01,-3.634546399116516113e-01,2.970909476280212402e-01,-3.953048586845397949e-02,-6.970854848623275757e-02,3.577587306499481201e-01,-1.498708724975585938e+00,-5.140376687049865723e-01,7.171180248260498047e-01,-9.524071961641311646e-02,1.859238371253013611e-02,3.859298229217529297e-01
1.205476932227611542e-02,-7.731001824140548706e-02,1.652455627918243408e-01,1.042173877358436584e-01,-1.179868355393409729e-01,9.132416248321533203e-01,3.757759928703308105e-01,-2.289968580007553101e-01,3.582719266414642334e-01,1.136251017451286316e-01,1.351311445236206055e+00,-2.715138494968414307e-01,-2.352758347988128662e-01,2.633877992630004883e-01,9.132187813520431519e-02,-6.346600502729415894e-02,4.691149890422821045e-01,-3.989942073822021484e-01,3.302181512117385864e-02,8.008888363838195801e-02,-1.102502830326557159e-02,3.124140202999114990e-01,-9.109646677970886230e-01,1.717727065086364746e+00,-5.483017563819885254e-01,-3.640145063400268555e-01,1.736967265605926514e-01,-4.766340181231498718e-02,-3.586893975734710693e-01,3.708086311817169189e-01,-1.558930277824401855e+00,-4.447373449802398682e-01,6.280954480171203613e-01,-9.801224619150161743e-02,2.366887405514717102e-02,5.497567057609558105e-01
1.125491783022880554e-02,-7.314427196979522705e-02,1.666024625301361084e-01,1.062165722250938416e-01,-1.005618944764137268e-01,9.092484712600708008e-01,3.897083401679992676e-01,-3.254580497741699219e-01,3.326637148857116699e-01,9.597648680210113525e-02,1.459521055221557617e+00,-2.233505398035049438e-01,-2.615011632442474365e-01,2.574414312839508057e-01,5.471336469054222107e-02,-4.733450710773468018e-02,4.677192568778991699e-01,-4.204885661602020264e-01,4.662647470831871033e-02,1.062245517969131470e-01,-2.995757758617401123e-02,2.959097325801849365e-01,-8.126751184463500977e-01,1.814232945442199707e+00,-6.125166416168212891e-01,-3.194828033447265625e-01,6.677801162004470825e-02,-4.286484792828559875e-02,-5.475165247917175293e-01,4.122841954231262207e-01,-1.623343348503112793e+00,-4.341579973697662354e-01,4.795698225498199463e-01,-8.868092298507690430e-02,1.780357211828231812e-02,6.463957428932189941e-01
8.209859952330589294e-03,-6.977753341197967529e-02,1.693237423896789551e-01,1.148050278425216675e-01,-8.108720183372497559e-02,9.049190282821655273e-01,4.017041921615600586e-01,-3.735530674457550049e-01,3.255765736103057861e-01,8.720523118972778320e-02,1.470355987548828125e+00,-2.144538462162017822e-01,-2.616696059703826904e-01,2.630040049552917480e-01,4.992655478417873383e-03,-2.760744653642177582e-02,4.690108001232147217e-01,-4.342304170131683350e-01,5.595081299543380737e-02,1.160266324877738953e-01,-6.315837800502777100e-02,2.718133330345153809e-01,-7.946169376373291016e-01,1.892695188522338867e+00,-6.496340632438659668e-01,-2.434801012277603149e-01,4.799331538379192352e-03,-4.478542134165763855e-02,-6.296277642250061035e-01,4.477408230304718018e-01,-1.684494495391845703e+00,-4.903322458267211914e-01,3.268662095069885254e-01,-7.188294082880020142e-02,1.069893781095743179e-02,6.490807533264160156e-01
3.323204349726438522e-03,-6.668150424957275391e-02,1.716533899307250977e-01,1.248340979218482971e-01,-6.934271007776260376e-02,8.996507525444030762e-01,4.125973880290985107e-01,-3.643701076507568359e-01,3.318241834640502930e-01,6.339100003242492676e-02,1.413538813591003418e+00,-2.279446870088577271e-01,-2.615595161914825439e-01,2.758639156818389893e-01,-3.160616010427474976e-02,-6.111418362706899643e-03,4.763771593570709229e-01,-4.401878416538238525e-01,6.961451470851898193e-02,1.204887554049491882e-01,-8.957435190677642822e-02,2.437875419855117798e-01,-8.387654423713684082e-01,1.933498740196228027e+00,-6.488927602767944336e-01,-1.472881883382797241e-01,6.162840407341718674e-03,-5.167511478066444397e-02,-6.000086069107055664e-01,4.441877603530883789e-01,-1.717249751091003418e+00,-5.840181708335876465e-01,1.998834162950515747e-01,-1.004235222935676575e-01,-1.183343469165265560e-03,5.534904003143310547e-01
-3.723714966326951981e-03,-6.558372080326080322e-02,1.730229854583740234e-01,1.370284557342529297e-01,-6.158377230167388916e-02,8.949308991432189941e-01,4.201539754867553711e-01,-3.027530610561370850e-01,3.239737153053283691e-01,4.092590138316154480e-02,1.301199674606323242e+00,-2.287330031394958496e-01,-2.613849937915802002e-01,2.873898744583129883e-01,-6.511069834232330322e-02,1.852224022150039673e-02,5.033436417579650879e-01,-4.466916024684906006e-01,8.244254440069198608e-02,1.321677565574645996e-01,-1.132690683007240295e-01,2.137981206178665161e-01,-9.331595301628112793e-01,1.929098129272460938e+00,-6.053884029388427734e-01,-3.438838943839073181e-02,5.756101757287979126e-02,-7.888608425855636597e-02,-4.528837502002716064e-01,4.190589785575866699e-01,-1.716991782188415527e+00,-7.114624977111816406e-01,9.889226406812667847e-02,-1.675512194633483887e-01,-1.642372831702232361e-02,3.874450325965881348e-01
-1.261793915182352066e-02,-6.717567145824432373e-02,1.717298775911331177e-01,1.491972059011459351e-01,-5.720677226781845093e-02,8.915935754776000977e-01,4.237080216407775879e-01,-2.086377292871475220e-01,2.963254153728485107e-01,2.910451591014862061e-02,1.173687934875488281e+00,-2.295805066823959351e-01,-2.547780275344848633e-01,2.833541929721832275e-01,-9.534014016389846802e-02,4.434917867183685303e-02,5.680445432662963867e-01,-4.670432806015014648e-01,9.387228637933731079e-02,1.515136510133743286e-01,-1.327344775199890137e-01,1.836409419775009155e-01,-1.035121560096740723e+00,1.860718846321105957e+00,-5.194352269172668457e-01,7.187726348638534546e-02,1.377478688955307007e-01,-9.979468584060668945e-02,-2.179923057556152344e-01,3.802618384361267090e-01,-1.688388347625732422e+00,-8.433291912078857422e-01,2.327657490968704224e-02,-2.337017655372619629e-01,-2.976692281663417816e-02,1.773853302001953125e-01
-2.313497290015220642e-02,-7.129150629043579102e-02,1.678420156240463257e-01,1.615988761186599731e-01,-5.117540434002876282e-02,8.901676535606384277e-01,4.229284524917602539e-01,-1.081879511475563049e-01,2.336802482604980469e-01,3.683827817440032959e-02,1.040981054306030273e+00,-2.397221624851226807e-01,-2.295010089874267578e-01,2.687287926673889160e-01,-1.322301179170608521e-01,7.303794473409652710e-02,6.527628302574157715e-01,-4.958691895008087158e-01,1.131024956703186035e-01,1.666577756404876709e-01,-1.608627885580062866e-01,1.549402028322219849e-01,-1.100336194038391113e+00,1.775516390800476074e+00,-4.310322403907775879e-01,1.280289888381958008e-01,2.256492972373962402e-01,-1.105213686823844910e-01,-7.742594461888074875e-03,3.474524617195129395e-01,-1.667897820472717285e+00,-9.523835778236389160e-01,-2.521218918263912201e-02,-2.803602814674377441e-01,-4.084192961454391479e-02,-2.449031686410307884e-03
-3.438498824834823608e-02,-7.659507542848587036e-02,1.624951213598251343e-01,1.741862148046493530e-01,-3.469708189368247986e-02,8.911815881729125977e-01,4.174334108829498291e-01,-1.457392424345016479e-02,1.486526280641555786e-01,6.115097180008888245e-02,9.164548516273498535e-01,-2.828289568424224854e-01,-1.928217560052871704e-01,2.443377524614334106e-01,-1.902043223381042480e-01,1.096832230687141418e-01,7.463133931159973145e-01,-5.324075222015380859e-01,1.361607462167739868e-01,1.769279241561889648e-01,-2.037222981452941895e-01,1.355760991573333740e-01,-1.132805705070495605e+00,1.690618991851806641e+00,-3.484936654567718506e-01,1.430846452713012695e-01,3.205127418041229248e-01,-1.036004722118377686e-01,1.493439376354217529e-01,3.235110342502593994e-01,-1.666611790657043457e+00,-1.025348186492919922e+00,-6.496071070432662964e-02,-3.105972409248352051e-01,-4.991005361080169678e-02,-1.286545544862747192e-01
-4.558673128485679626e-02,-8.239440619945526123e-02,1.553245335817337036e-01,1.891669332981109619e-01,-1.394993625581264496e-02,8.928969502449035645e-01,4.083580970764160156e-01,6.384583562612533569e-02,6.329248845577239990e-02,1.064485907554626465e-01,8.061600923538208008e-01,-3.587191998958587646e-01,-1.330403089523315430e-01,2.256815433502197266e-01,-2.595297992229461670e-01,1.487783640623092651e-01,8.335150480270385742e-01,-5.609222054481506348e-01,1.750575155019760132e-01,1.822651326656341553e-01,-2.591080367565155029e-01,1.250820308923721313e-01,-1.140091300010681152e+00,1.622637033462524414e+00,-2.832096219062805176e-01,1.380792856216430664e-01,4.009121358394622803e-01,-9.269100427627563477e-02,2.413019090890884399e-01,3.062065243721008301e-01,-1.678817510604858398e+00,-1.070769906044006348e+00,-8.262383937835693359e-02,-3.244118988513946533e-01,-5.952586233615875244e-02,-2.097960263490676880e-01
-5.591423064470291138e-02,-8.808457851409912109e-02,1.499774903059005737e-01,2.013309895992279053e-01,4.461011383682489395e-03,8.930685520172119141e-01,4.023362696170806885e-01,1.252705007791519165e-01,-8.308505639433860779e-03,1.455047130584716797e-01,7.156119346618652344e-01,-4.194717109203338623e-01,-9.321945905685424805e-02,2.065019756555557251e-01,-3.285137414932250977e-01,1.664218306541442871e-01,9.049994349479675293e-01,-5.633792281150817871e-01,2.046836018562316895e-01,1.840872913599014282e-01,-3.039573431015014648e-01,1.251600235700607300e-01,-1.141246080398559570e+00,1.581382274627685547e+00,-2.387655526399612427e-01,1.277803033590316772e-01,4.583880603313446045e-01,-8.218614757061004639e-02,2.909647524356842041e-01,2.960704863071441650e-01,-1.696891546249389648e+00,-1.094902634620666504e+00,-8.726246654987335205e-02,-3.227739930152893066e-01,-6.626363843679428101e-02,-2.524039149284362793e-01
-6.474302709102630615e-02,-9.300446510314941406e-02,1.463373601436614990e-01,2.079868912696838379e-01,1.824524812400341034e-02,8.938862681388854980e-01,3.967062532901763916e-01,1.685873419046401978e-01,-5.819611251354217529e-02,1.850358545780181885e-01,6.438809633255004883e-01,-4.646896719932556152e-01,-6.245235353708267212e-02,1.896566897630691528e-01,-3.849683403968811035e-01,1.679765731096267700e-01,9.556229114532470703e-01,-5.559769272804260254e-01,2.276886850595474243e-01,1.789879500865936279e-01,-3.372802138328552246e-01,1.288981139659881592e-01,-1.141385436058044434e+00,1.567074179649353027e+00,-2.155485749244689941e-01,1.220455691218376160e-01,4.944934248924255371e-01,-7.456254959106445312e-02,3.055938184261322021e-01,2.910695970058441162e-01,-1.713250160217285156e+00,-1.110735654830932617e+00,-8.181118220090866089e-02,-3.151846528053283691e-01,-6.907749921083450317e-02,-2.661127448081970215e-01
-7.141522318124771118e-02,-9.661740064620971680e-02,1.450283676385879517e-01,2.105651795864105225e-01,2.890017814934253693e-02,8.944591283798217773e-01,3.934081792831420898e-01,1.989305466413497925e-01,-9.657735377550125122e-02,2.074273973703384399e-01,5.790727734565734863e-01,-4.779916703701019287e-01,-5.236087739467620850e-02,1.745488643646240234e-01,-4.276871383190155029e-01,1.655010730028152466e-01,9.867991209030151367e-01,-5.469270348548889160e-01,2.462845444679260254e-01,1.704761981964111328e-01,-3.615694344043731689e-01,1.352616399526596069e-01,-1.141627073287963867e+00,1.568160772323608398e+00,-2.052730172872543335e-01,1.152937412261962891e-01,5.206323862075805664e-01,-6.730470061302185059e-02,3.055992722511291504e-01,2.893678545951843262e-01,-1.728098869323730469e+00,-1.123287439346313477e+00,-7.131674140691757202e-02,-3.013092279434204102e-01,-6.983619183301925659e-02,-2.599377334117889404e-01
-7.563062757253646851e-02,-9.873247891664505005e-02,1.454034447669982910e-01,2.089680433273315430e-01,3.734098747372627258e-02,8.957323431968688965e-01,3.906425535678863525e-01,2.203510999679565430e-01,-1.235965415835380554e-01,2.200342565774917603e-01,5.134752392768859863e-01,-4.711158275604248047e-01,-5.159953981637954712e-02,1.613543480634689331e-01,-4.610014855861663818e-01,1.492140740156173706e-01,9.953482151031494141e-01,-5.428231358528137207e-01,2.466947138309478760e-01,1.555687338113784790e-01,-3.754355907440185547e-01,1.358663439750671387e-01,-1.148512363433837891e+00,1.584046125411987305e+00,-2.018126547336578369e-01,9.948630630970001221e-02,5.415480732917785645e-01,-5.420517921447753906e-02,2.937074899673461914e-01,2.895976901054382324e-01,-1.739526271820068359e+00,-1.139423608779907227e+00,-6.064600124955177307e-02,-3.007876873016357422e-01,-6.457462161779403687e-02,-2.454613149166107178e-01
-7.718519121408462524e-02,-9.957109391689300537e-02,1.473018079996109009e-01,2.016768753528594971e-01,4.136547446250915527e-02,8.977202177047729492e-01,3.895045518875122070e-01,2.245962470769882202e-01,-1.311159431934356689e-01,2.262763828039169312e-01,4.648495912551879883e-01,-4.567742347717285156e-01,-5.959110707044601440e-02,1.498372703790664673e-01,-4.729235172271728516e-01,1.268430650234222412e-01,9.847808480262756348e-01,-5.476033687591552734e-01,2.409312427043914795e-01,1.339780092239379883e-01,-3.795000612735748291e-01,1.352987587451934814e-01,-1.159729003906250000e+00,1.609367966651916504e+00,-2.027104794979095459e-01,7.101450860500335693e-02,5.485681891441345215e-01,-3.936287388205528259e-02,2.707752585411071777e-01,2.926830947399139404e-01,-1.745656371116638184e+00,-1.157187819480895996e+00,-5.804605036973953247e-02,-3.073371052742004395e-01,-5.218704789876937866e-02,-2.274735718965530396e-01
-7.602456957101821899e-02,-9.935747832059860229e-02,1.509342640638351440e-01,1.873135119676589966e-01,4.041498899459838867e-02,9.011590480804443359e-01,3.888349235057830811e-01,2.142295837402343750e-01,-1.166101023554801941e-01,2.299953848123550415e-01,4.229178428649902344e-01,-4.358915686607360840e-01,-7.649898529052734375e-02,1.381060332059860229e-01,-4.604107141494750977e-01,9.139209240674972534e-02,9.553977847099304199e-01,-5.545218586921691895e-01,2.334009408950805664e-01,1.038961187005043030e-01,-3.711968958377838135e-01,1.254711896181106567e-01,-1.177985191345214844e+00,1.643369317054748535e+00,-2.051603645086288452e-01,4.149284586310386658e-02,5.448080301284790039e-01,-2.330395765602588654e-02,2.504145801067352295e-01,2.979683578014373779e-01,-1.750606536865234375e+00,-1.180448174476623535e+00,-5.885126814246177673e-02,-3.194159269332885742e-01,-3.680486604571342468e-02,-2.204873710870742798e-01
-7.221820950508117676e-02,-9.864538908004760742e-02,1.560636907815933228e-01,1.690553426742553711e-01,3.570067137479782104e-02,9.055851101875305176e-01,3.873776197433471680e-01,1.867867112159729004e-01,-8.619803935289382935e-02,2.272412031888961792e-01,4.049845337867736816e-01,-4.138381779193878174e-01,-9.578675031661987305e-02,1.279840767383575439e-01,-4.216068089008331299e-01,6.217723712325096130e-02,9.165925383567810059e-01,-5.524509549140930176e-01,2.362913936376571655e-01,6.858066469430923462e-02,-3.556696176528930664e-01,1.166713759303092957e-01,-1.202719926834106445e+00,1.675856709480285645e+00,-2.038718909025192261e-01,1.795642264187335968e-02,5.350481867790222168e-01,-3.907887148670852184e-04,2.371277809143066406e-01,3.023609519004821777e-01,-1.759235501289367676e+00,-1.208028554916381836e+00,-6.192721053957939148e-02,-3.425936400890350342e-01,-1.065218728035688400e-02,-2.233835905790328979e-01
-6.610798090696334839e-02,-9.788434952497482300e-02,1.610164791345596313e-01,1.482068449258804321e-01,2.685630135238170624e-02,9.095960259437561035e-01,3.872318267822265625e-01,1.363185793161392212e-01,-3.917669877409934998e-02,2.130469083786010742e-01,4.289683699607849121e-01,-3.981985151767730713e-01,-1.257174909114837646e-01,1.145326346158981323e-01,-3.592824637889862061e-01,4.084189981222152710e-02,8.723347783088684082e-01,-5.404580235481262207e-01,2.377438098192214966e-01,3.426170349121093750e-02,-3.234564960002899170e-01,1.087428107857704163e-01,-1.232475638389587402e+00,1.704819679260253906e+00,-2.024193406105041504e-01,2.047167159616947174e-03,5.182282328605651855e-01,2.200623042881488800e-02,2.366936802864074707e-01,3.052838444709777832e-01,-1.770071029663085938e+00,-1.239755034446716309e+00,-6.541597098112106323e-02,-3.615571260452270508e-01,1.615128293633460999e-02,-2.404954284429550171e-01
-5.817612633109092712e-02,-9.785632789134979248e-02,1.633880287408828735e-01,1.326799541711807251e-01,1.785560138523578644e-02,9.124876856803894043e-01,3.865791261196136475e-01,5.699582397937774658e-02,1.730243489146232605e-02,2.081236392259597778e-01,5.165740847587585449e-01,-3.689021468162536621e-01,-1.602891683578491211e-01,1.028440967202186584e-01,-2.966090738773345947e-01,2.960495650768280029e-02,8.333902359008789062e-01,-5.267133712768554688e-01,2.400111854076385498e-01,7.114150561392307281e-03,-2.916119098663330078e-01,1.151096895337104797e-01,-1.262143969535827637e+00,1.720284819602966309e+00,-1.956094056367874146e-01,-8.928459137678146362e-03,5.033821463584899902e-01,4.229078441858291626e-02,2.623976469039916992e-01,3.020173311233520508e-01,-1.773652553558349609e+00,-1.270042896270751953e+00,-7.603711634874343872e-02,-3.725990653038024902e-01,4.344468191266059875e-02,-2.758140265941619873e-01
-4.938352853059768677e-02,-9.880502521991729736e-02,1.615041643381118774e-01,1.183446124196052551e-01,4.613027907907962799e-03,9.133440852165222168e-01,3.895841538906097412e-01,-6.287479400634765625e-02,9.969107061624526978e-02,2.116190642118453979e-01,6.895657181739807129e-01,-3.194705843925476074e-01,-1.996168494224548340e-01,8.573815971612930298e-02,-2.368534207344055176e-01,1.176008488982915878e-02,8.019615411758422852e-01,-5.280324816703796387e-01,2.297616451978683472e-01,-4.684596322476863861e-03,-2.485225796699523926e-01,1.357455700635910034e-01,-1.297373175621032715e+00,1.727857470512390137e+00,-1.805406361818313599e-01,-1.341613661497831345e-02,4.937053620815277100e-01,6.559594720602035522e-02,3.094157278537750244e-01,2.939255833625793457e-01,-1.773489952087402344e+00,-1.301816821098327637e+00,-9.106777608394622803e-02,-3.811177611351013184e-01,6.376204639673233032e-02,-3.311232924461364746e-01
-4.079714044928550720e-02,-1.006306335330009460e-01,1.598484665155410767e-01,1.081169769167900085e-01,-1.182224601507186890e-02,9.106275439262390137e-01,3.986583352088928223e-01,-2.113263010978698730e-01,1.936623603105545044e-01,1.939817368984222412e-01,9.215704202651977539e-01,-2.359745651483535767e-01,-2.534484267234802246e-01,6.601183116436004639e-02,-1.802253574132919312e-01,-5.436380859464406967e-03,7.872192263603210449e-01,-5.191289186477661133e-01,2.138390988111495972e-01,1.690087490715086460e-03,-1.941952109336853027e-01,1.678736507892608643e-01,-1.330765128135681152e+00,1.729931116104125977e+00,-1.646684855222702026e-01,-1.935008168220520020e-02,4.911774992942810059e-01,9.011799097061157227e-02,3.718054592609405518e-01,2.860851287841796875e-01,-1.774840593338012695e+00,-1.330509305000305176e+00,-1.077069267630577087e-01,-3.842218816280364990e-01,7.161244750022888184e-02,-3.819873332977294922e-01
-3.399655595421791077e-02,-1.031388118863105774e-01,1.558443456888198853e-01,1.131617799401283264e-01,-1.515289768576622009e-02,9.067091345787048340e-01,4.060091078281402588e-01,-3.205703496932983398e-01,2.451505959033966064e-01,1.832597851753234863e-01,1.099863052368164062e+00,-2.680918276309967041e-01,-2.617997825145721436e-01,5.821185931563377380e-02,-1.685886532068252563e-01,2.965101972222328186e-03,7.977275252342224121e-01,-5.478653907775878906e-01,2.101919651031494141e-01,1.985751837491989136e-02,-1.726663261651992798e-01,2.082891911268234253e-01,-1.348031401634216309e+00,1.727294445037841797e+00,-1.524243205785751343e-01,-2.397043257951736450e-02,4.958753883838653564e-01,1.032082438468933105e-01,4.099483191967010498e-01,2.803870737552642822e-01,-1.778084397315979004e+00,-1.346690058708190918e+00,-1.228237748146057129e-01,-3.850120306015014648e-01,6.851565092802047729e-02,-4.100899994373321533e-01
-2.997387945652008057e-02,-1.061695441603660583e-01,1.521293520927429199e-01,1.172227039933204651e-01,-1.769236102700233459e-02,9.024966955184936523e-01,4.140598475933074951e-01,-4.145021140575408936e-01,2.932755351066589355e-01,1.676977574825286865e-01,1.253407835960388184e+00,-2.667189240455627441e-01,-2.617999911308288574e-01,5.098671466112136841e-02,-1.573725342750549316e-01,2.826993539929389954e-02,8.073132038116455078e-01,-5.730596184730529785e-01,2.127865403890609741e-01,4.192864894866943359e-02,-1.529151201248168945e-01,2.388107031583786011e-01,-1.355573058128356934e+00,1.725025653839111328e+00,-1.455017030239105225e-01,-1.545271743088960648e-02,5.008655190467834473e-01,1.030697673559188843e-01,4.346700906753540039e-01,2.783694267272949219e-01,-1.776265740394592285e+00,-1.358750343322753906e+00,-1.297415345907211304e-01,-3.799150884151458740e-01,6.183590739965438843e-02,-4.245490431785583496e-01
-2.878847718238830566e-02,-1.092070192098617554e-01,1.519750058650970459e-01,1.187954321503639221e-01,-1.657315902411937714e-02,8.974027633666992188e-01,4.245953857898712158e-01,-4.821411669254302979e-01,3.351010680198669434e-01,1.476999223232269287e-01,1.350227475166320801e+00,-2.505410015583038330e-01,-2.617999911308288574e-01,4.068075120449066162e-02,-1.529477387666702271e-01,6.021577492356300354e-02,8.091902136802673340e-01,-5.753971338272094727e-01,2.123677134513854980e-01,7.371483743190765381e-02,-1.367466002702713013e-01,2.509873807430267334e-01,-1.353021740913391113e+00,1.716301083564758301e+00,-1.430083364248275757e-01,6.816631183028221130e-03,5.028715729713439941e-01,9.049346297979354858e-02,4.515138566493988037e-01,2.809820771217346191e-01,-1.770518302917480469e+00,-1.367009162902832031e+00,-1.315741539001464844e-01,-3.633622527122497559e-01,4.748921096324920654e-02,-4.313543438911437988e-01
-3.101371601223945618e-02,-1.122941821813583374e-01,1.546730846166610718e-01,1.217219159007072449e-01,-1.261076331138610840e-02,8.919472694396972656e-01,4.352641403675079346e-01,-5.002310872077941895e-01,3.513749539852142334e-01,1.276634931564331055e-01,1.367877125740051270e+00,-2.265079468488693237e-01,-2.617999911308288574e-01,3.654753044247627258e-02,-1.577561795711517334e-01,9.956762194633483887e-02,8.029024600982666016e-01,-5.575301647186279297e-01,2.178695946931838989e-01,1.081461682915687561e-01,-1.339389234781265259e-01,2.500003576278686523e-01,-1.333623647689819336e+00,1.702880501747131348e+00,-1.475112885236740112e-01,3.511818498373031616e-02,4.946234822273254395e-01,5.887844413518905640e-02,4.436226487159729004e-01,2.904023826122283936e-01,-1.758940219879150391e+00,-1.369113087654113770e+00,-1.282325983047485352e-01,-3.479405939579010010e-01,3.289724141359329224e-02,-4.268061816692352295e-01
-3.682803362607955933e-02,-1.154728904366493225e-01,1.590823531150817871e-01,1.277510970830917358e-01,-7.156556472182273865e-03,8.866829872131347656e-01,4.443216621875762939e-01,-4.576662778854370117e-01,3.261611461639404297e-01,1.099757626652717590e-01,1.307079672813415527e+00,-1.945007443428039551e-01,-2.617999911308288574e-01,4.204471036791801453e-02,-1.730500310659408569e-01,1.414387822151184082e-01,7.955698966979980469e-01,-5.291516184806823730e-01,2.259707450866699219e-01,1.418983936309814453e-01,-1.384671032428741455e-01,2.403919547796249390e-01,-1.299738645553588867e+00,1.683171391487121582e+00,-1.534431129693984985e-01,5.969541147351264954e-02,4.792933166027069092e-01,1.686118729412555695e-02,4.226471781730651855e-01,3.059182763099670410e-01,-1.748572468757629395e+00,-1.362869024276733398e+00,-1.254880130290985107e-01,-3.273422420024871826e-01,1.199241355061531067e-02,-4.090127348899841309e-01
-4.507369175553321838e-02,-1.180598437786102295e-01,1.626375764608383179e-01,1.372491568326950073e-01,-3.082548733800649643e-03,8.832234740257263184e-01,4.484077394008636475e-01,-3.683856129646301270e-01,2.656654715538024902e-01,9.177421778440475464e-02,1.194908380508422852e+00,-1.596682965755462646e-01,-2.617999911308288574e-01,5.869455263018608093e-02,-1.912667304277420044e-01,1.818627566099166870e-01,7.959331870079040527e-01,-5.025607943534851074e-01,2.371026873588562012e-01,1.675480306148529053e-01,-1.466854214668273926e-01,2.290886044502258301e-01,-1.255728960037231445e+00,1.667716860771179199e+00,-1.561913937330245972e-01,7.658104598522186279e-02,4.631486237049102783e-01,-2.613953687250614166e-02,3.957749605178833008e-01,3.247379958629608154e-01,-1.747127413749694824e+00,-1.350316405296325684e+00,-1.262994408607482910e-01,-3.094353079795837402e-01,-1.196736656129360199e-02,-3.829408586025238037e-01
-5.429411306977272034e-02,-1.198725700378417969e-01,1.630904972553253174e-01,1.489820182323455811e-01,1.648727920837700367e-04,8.808086514472961426e-01,4.494223892688751221e-01,-2.599512040615081787e-01,1.903564929962158203e-01,7.333792001008987427e-02,1.066996335983276367e+00,-1.364092528820037842e-01,-2.617999911308288574e-01,7.293930649757385254e-02,-2.120258659124374390e-01,2.161134779453277588e-01,8.196350932121276855e-01,-4.864784181118011475e-01,2.463958859443664551e-01,1.851655393838882446e-01,-1.574943512678146362e-01,2.151095271110534668e-01,-1.210146307945251465e+00,1.652975678443908691e+00,-1.534525156021118164e-01,8.800753951072692871e-02,4.592356681823730469e-01,-5.410543829202651978e-02,3.734095394611358643e-01,3.423324227333068848e-01,-1.760243296623229980e+00,-1.335802197456359863e+00,-1.257613301277160645e-01,-2.960724830627441406e-01,-3.797047585248947144e-02,-3.565273284912109375e-01
-6.301015615463256836e-02,-1.206700280308723450e-01,1.598646938800811768e-01,1.588076800107955933e-01,3.202938241884112358e-03,8.794376254081726074e-01,4.487308263778686523e-01,-1.542790234088897705e-01,1.207405179738998413e-01,5.360170453786849976e-02,9.436180591583251953e-01,-1.487331837415695190e-01,-2.617999911308288574e-01,7.694990187883377075e-02,-2.280362397432327271e-01,2.478190064430236816e-01,8.642443418502807617e-01,-4.868167638778686523e-01,2.575359940528869629e-01,1.979259997606277466e-01,-1.712235659360885620e-01,2.001661956310272217e-01,-1.169417023658752441e+00,1.642967224121093750e+00,-1.471947729587554932e-01,9.528505802154541016e-02,4.684203863143920898e-01,-6.509567797183990479e-02,3.614578247070312500e-01,3.577067553997039795e-01,-1.780129909515380859e+00,-1.321736335754394531e+00,-1.206570044159889221e-01,-2.907273173332214355e-01,-5.691834911704063416e-02,-3.351929485797882080e-01
-7.118061929941177368e-02,-1.215403601527214050e-01,1.534581482410430908e-01,1.665845513343811035e-01,5.042052827775478363e-03,8.808085918426513672e-01,4.431708455085754395e-01,-6.704892218112945557e-02,6.649796664714813232e-02,5.572243779897689819e-02,8.449627161026000977e-01,-2.046196907758712769e-01,-2.374870628118515015e-01,8.262454718351364136e-02,-2.325833439826965332e-01,2.747240960597991943e-01,9.145098328590393066e-01,-5.041762590408325195e-01,2.617999911308288574e-01,1.985154449939727783e-01,-1.894893646240234375e-01,1.890020668506622314e-01,-1.138128519058227539e+00,1.641138672828674316e+00,-1.408356726169586182e-01,9.850730746984481812e-02,4.884710311889648438e-01,-7.102944701910018921e-02,3.564436137676239014e-01,3.730410635471343994e-01,-1.802117109298706055e+00,-1.308546781539916992e+00,-1.115005537867546082e-01,-2.818505465984344482e-01,-7.722894847393035889e-02,-3.154338896274566650e-01
-7.909794151782989502e-02,-1.229539066553115845e-01,1.459707319736480713e-01,1.731917709112167358e-01,6.380407605320215225e-03,8.824692368507385254e-01,4.372778534889221191e-01,-3.156437771394848824e-03,3.100995346903800964e-02,8.136107027530670166e-02,7.746256589889526367e-01,-2.849144637584686279e-01,-1.959114074707031250e-01,8.886045217514038086e-02,-2.412102669477462769e-01,2.843933701515197754e-01,9.600309133529663086e-01,-5.250881910324096680e-01,2.617999911308288574e-01,1.968803852796554565e-01,-2.088652998208999634e-01,1.865301281213760376e-01,-1.118684411048889160e+00,1.640293121337890625e+00,-1.336425244808197021e-01,9.892453253269195557e-02,5.056839585304260254e-01,-7.157001644372940063e-02,3.566045463085174561e-01,3.837020099163055420e-01,-1.821142196655273438e+00,-1.299463152885437012e+00,-9.556309878826141357e-02,-2.714180946350097656e-01,-9.073244780302047729e-02,-3.042091131210327148e-01
-8.690110594034194946e-02,-1.255727708339691162e-01,1.403941512107849121e-01,1.768694669008255005e-01,6.995693314820528030e-03,8.839532732963562012e-01,4.327757656574249268e-01,3.813590854406356812e-02,1.420792844146490097e-02,1.189183294773101807e-01,7.342304587364196777e-01,-3.667914867401123047e-01,-1.520915776491165161e-01,8.949245512485504150e-02,-2.623429298400878906e-01,2.723256945610046387e-01,9.993698000907897949e-01,-5.381516218185424805e-01,2.617999911308288574e-01,1.947516947984695435e-01,-2.251329123973846436e-01,1.960299164056777954e-01,-1.105690836906433105e+00,1.642902493476867676e+00,-1.284269243478775024e-01,9.629960358142852783e-02,5.238396525382995605e-01,-6.825731694698333740e-02,3.577069342136383057e-01,3.911783695220947266e-01,-1.830458760261535645e+00,-1.293253064155578613e+00,-7.786992192268371582e-02,-2.511401176452636719e-01,-9.960979968309402466e-02,-2.903275787830352783e-01
-9.432936459779739380e-02,-1.289578378200531006e-01,1.386952400207519531e-01,1.812126636505126953e-01,1.430163066834211349e-02,8.857777714729309082e-01,4.270305931568145752e-01,6.882110983133316040e-02,-1.482999976724386215e-02,1.511691659688949585e-01,6.887603998184204102e-01,-4.027713537216186523e-01,-1.244529709219932556e-01,8.579590171575546265e-02,-3.082982599735260010e-01,2.524844408035278320e-01,1.029218316078186035e+00,-5.366307497024536133e-01,2.617999911308288574e-01,1.898588836193084717e-01,-2.467955201864242554e-01,2.071792334318161011e-01,-1.099508523941040039e+00,1.648186326026916504e+00,-1.181704998016357422e-01,9.004936367273330688e-02,5.436003208160400391e-01,-5.988666415214538574e-02,3.592125773429870605e-01,3.914261162281036377e-01,-1.840452075004577637e+00,-1.294068217277526855e+00,-5.455457419157028198e-02,-2.334597706794738770e-01,-1.038459092378616333e-01,-2.791214883327484131e-01
-1.002944186329841614e-01,-1.330775320529937744e-01,1.371896713972091675e-01,1.834610253572463989e-01,2.039848268032073975e-02,8.872297406196594238e-01,4.227875471115112305e-01,7.813169807195663452e-02,-3.833456709980964661e-02,1.695406883955001831e-01,6.680819392204284668e-01,-4.220686256885528564e-01,-1.129889935255050659e-01,8.245472609996795654e-02,-3.509511947631835938e-01,2.298957705497741699e-01,1.045733332633972168e+00,-5.491765737533569336e-01,2.617999911308288574e-01,1.906099468469619751e-01,-2.620135247707366943e-01,2.166404724121093750e-01,-1.097372055053710938e+00,1.653563976287841797e+00,-1.085845306515693665e-01,7.792921364307403564e-02,5.581821203231811523e-01,-4.935129731893539429e-02,3.629109859466552734e-01,3.892767131328582764e-01,-1.840378046035766602e+00,-1.296867966651916504e+00,-4.089731350541114807e-02,-2.171115428209304810e-01,-1.035536453127861023e-01,-2.775395512580871582e-01
-1.036691889166831970e-01,-1.365330815315246582e-01,1.363870799541473389e-01,1.829806715250015259e-01,3.049566969275474548e-02,8.898251652717590332e-01,4.168924093246459961e-01,7.532482594251632690e-02,-6.686629354953765869e-02,1.797726601362228394e-01,6.436407566070556641e-01,-4.211663305759429932e-01,-1.065200492739677429e-01,7.632590830326080322e-02,-3.923320472240447998e-01,2.024915665388107300e-01,1.045239925384521484e+00,-5.700188875198364258e-01,2.617999911308288574e-01,1.808337271213531494e-01,-2.837546765804290771e-01,2.216655462980270386e-01,-1.097102761268615723e+00,1.661120533943176270e+00,-9.816662967205047607e-02,7.118277996778488159e-02,5.650320053100585938e-01,-3.834610432386398315e-02,3.597353100776672363e-01,3.854366838932037354e-01,-1.840654253959655762e+00,-1.301590561866760254e+00,-2.515544556081295013e-02,-2.018771469593048096e-01,-1.010512709617614746e-01,-2.756103575229644775e-01
-1.039741858839988708e-01,-1.390092074871063232e-01,1.372824162244796753e-01,1.774338930845260620e-01,3.792017698287963867e-02,8.937593102455139160e-01,4.102116525173187256e-01,5.931113287806510925e-02,-8.189928531646728516e-02,1.806578785181045532e-01,6.254217028617858887e-01,-4.108103811740875244e-01,-1.077022701501846313e-01,7.398279756307601929e-02,-4.065895676612854004e-01,1.829933524131774902e-01,1.030882120132446289e+00,-5.929654240608215332e-01,2.617999911308288574e-01,1.698154360055923462e-01,-2.995595932006835938e-01,2.208374142646789551e-01,-1.096849083900451660e+00,1.668652534484863281e+00,-8.814107626676559448e-02,5.954623222351074219e-02,5.691889524459838867e-01,-2.265574038028717041e-02,3.657839894294738770e-01,3.778183162212371826e-01,-1.836329817771911621e+00,-1.310281872749328613e+00,-2.521639317274093628e-02,-1.948662847280502319e-01,-9.851598739624023438e-02,-2.822607457637786865e-01
-1.014466956257820129e-01,-1.408462375402450562e-01,1.377438902854919434e-01,1.700533628463745117e-01,4.165480658411979675e-02,8.972550630569458008e-01,4.053148329257965088e-01,3.210676461458206177e-02,-8.099678158760070801e-02,1.810059100389480591e-01,6.278972029685974121e-01,-4.020830988883972168e-01,-1.154394522309303284e-01,7.020445168018341064e-02,-4.063814282417297363e-01,1.598780900239944458e-01,1.011406660079956055e+00,-6.167920231819152832e-01,2.573563158512115479e-01,1.590531468391418457e-01,-3.061948120594024658e-01,2.192640006542205811e-01,-1.096754074096679688e+00,1.674752235412597656e+00,-7.624085992574691772e-02,5.212017893791198730e-02,5.692820549011230469e-01,-6.729172542691230774e-03,3.679043054580688477e-01,3.702857792377471924e-01,-1.828478217124938965e+00,-1.319679021835327148e+00,-3.134818002581596375e-02,-1.909985393285751343e-01,-9.405031055212020874e-02,-2.950871586799621582e-01
-9.635785222053527832e-02,-1.418429911136627197e-01,1.379396766424179077e-01,1.576312333345413208e-01,4.022102430462837219e-02,9.009693264961242676e-01,4.022299647331237793e-01,-1.392869744449853897e-02,-5.794866383075714111e-02,1.779866218566894531e-01,6.561142802238464355e-01,-3.954250514507293701e-01,-1.327525973320007324e-01,6.192438676953315735e-02,-3.860175907611846924e-01,1.292229443788528442e-01,9.832597970962524414e-01,-6.427756547927856445e-01,2.426240742206573486e-01,1.468082517385482788e-01,-2.961070835590362549e-01,2.132676690816879272e-01,-1.096925020217895508e+00,1.684501886367797852e+00,-6.061290949583053589e-02,5.115326493978500366e-02,5.640340447425842285e-01,1.068632956594228745e-02,3.740842640399932861e-01,3.597625494003295898e-01,-1.822539567947387695e+00,-1.333449840545654297e+00,-3.930636867880821228e-02,-1.912929862737655640e-01,-8.515165001153945923e-02,-3.143476545810699463e-01
-8.991081267595291138e-02,-1.427142471075057983e-01,1.366166174411773682e-01,1.454798132181167603e-01,3.468295559287071228e-02,9.039511084556579590e-01,4.006308913230895996e-01,-7.781837880611419678e-02,-1.754774525761604309e-02,1.764825731515884399e-01,7.189639806747436523e-01,-3.715082406997680664e-01,-1.611387282609939575e-01,5.259619280695915222e-02,-3.592599034309387207e-01,9.314509481191635132e-02,9.562098383903503418e-01,-6.703585982322692871e-01,2.215642482042312622e-01,1.352263092994689941e-01,-2.736889421939849854e-01,2.117947787046432495e-01,-1.099601626396179199e+00,1.696507096290588379e+00,-3.902425244450569153e-02,5.512258037924766541e-02,5.538074970245361328e-01,3.200539946556091309e-02,3.832984268665313721e-01,3.475215733051300049e-01,-1.818066000938415527e+00,-1.349987506866455078e+00,-4.742706939578056335e-02,-1.948875784873962402e-01,-6.992670893669128418e-02,-3.346026241779327393e-01
-8.299680054187774658e-02,-1.436970978975296021e-01,1.369599103927612305e-01,1.318720281124114990e-01,2.386604994535446167e-02,9.046222567558288574e-01,4.045970439910888672e-01,-1.746018528938293457e-01,4.246783629059791565e-02,1.652862131595611572e-01,8.330864310264587402e-01,-2.791189551353454590e-01,-2.173304855823516846e-01,3.416856750845909119e-02,-3.223361968994140625e-01,5.660686641931533813e-02,9.332172274589538574e-01,-6.728166937828063965e-01,2.006790339946746826e-01,1.320362240076065063e-01,-2.369958311319351196e-01,2.147299498319625854e-01,-1.105345368385314941e+00,1.711488962173461914e+00,-6.474926602095365524e-03,5.992423370480537415e-02,5.365120768547058105e-01,5.749734863638877869e-02,3.981312811374664307e-01,3.309025764465332031e-01,-1.813580870628356934e+00,-1.371754288673400879e+00,-5.795969441533088684e-02,-2.001898586750030518e-01,-5.310720205307006836e-02,-3.641359806060791016e-01
-7.829498499631881714e-02,-1.466000825166702271e-01,1.399193853139877319e-01,1.232406646013259888e-01,2.072514034807682037e-02,9.035159349441528320e-01,4.099282920360565186e-01,-2.875519394874572754e-01,7.404803484678268433e-02,1.427440047264099121e-01,9.507811069488525391e-01,-2.697396874427795410e-01,-2.617999613285064697e-01,1.355168875306844711e-02,-3.073388040065765381e-01,4.112554341554641724e-02,9.161364436149597168e-01,-6.561727523803710938e-01,1.935183554887771606e-01,1.359171569347381592e-01,-2.106581181287765503e-01,2.264382094144821167e-01,-1.110546588897705078e+00,1.726496577262878418e+00,2.770217135548591614e-02,6.190485879778862000e-02,5.202867984771728516e-01,7.952009886503219604e-02,4.278190732002258301e-01,3.134280145168304443e-01,-1.807914614677429199e+00,-1.394453167915344238e+00,-7.527818530797958374e-02,-2.100611925125122070e-01,-3.767902404069900513e-02,-4.016571938991546631e-01
-7.582107931375503540e-02,-1.505221128463745117e-01,1.432778239250183105e-01,1.195267215371131897e-01,2.625642530620098114e-02,9.026867747306823730e-01,4.125294089317321777e-01,-3.880514800548553467e-01,1.101818829774856567e-01,1.538173109292984009e-01,1.077466249465942383e+00,-2.690655589103698730e-01,-2.617999911308288574e-01,-4.312016069889068604e-03,-3.174318373203277588e-01,4.027781635522842407e-02,9.004290699958801270e-01,-6.402580738067626953e-01,1.984055042266845703e-01,1.392564177513122559e-01,-2.056221514940261841e-01,2.363397330045700073e-01,-1.108286619186401367e+00,1.740811347961425781e+00,5.395687371492385864e-02,6.318151205778121948e-02,5.048078298568725586e-01,8.803220838308334351e-02,4.570976495742797852e-01,3.025389909744262695e-01,-1.800369739532470703e+00,-1.410925030708312988e+00,-9.152814745903015137e-02,-2.255991101264953613e-01,-2.706735953688621521e-02,-4.384954273700714111e-01
-7.511755079030990601e-02,-1.540987640619277954e-01,1.482974141836166382e-01,1.090551242232322693e-01,3.074142336845397949e-02,9.002548456192016602e-01,4.203606843948364258e-01,-4.774392843246459961e-01,1.632426232099533081e-01,1.494239270687103271e-01,1.196254730224609375e+00,-2.402641326189041138e-01,-2.617999911308288574e-01,-3.261122852563858032e-02,-3.143994808197021484e-01,4.964075237512588501e-02,8.747365474700927734e-01,-6.075156927108764648e-01,2.000787407159805298e-01,1.543589532375335693e-01,-1.979582160711288452e-01,2.289718240499496460e-01,-1.093237638473510742e+00,1.756219506263732910e+00,7.950658351182937622e-02,6.327269971370697021e-02,4.771665930747985840e-01,8.004328608512878418e-02,4.797736406326293945e-01,3.003253638744354248e-01,-1.775604724884033203e+00,-1.423962950706481934e+00,-1.172139421105384827e-01,-2.444305270910263062e-01,-1.842344366014003754e-02,-4.731218814849853516e-01
-7.631934434175491333e-02,-1.566758602857589722e-01,1.532425880432128906e-01,1.028120219707489014e-01,3.480914980173110962e-02,8.976394534111022949e-01,4.271550178527832031e-01,-5.154058337211608887e-01,1.937309205532073975e-01,1.330805867910385132e-01,1.260453104972839355e+00,-2.095566838979721069e-01,-2.617999911308288574e-01,-5.130688101053237915e-02,-3.131430745124816895e-01,6.440194696187973022e-02,8.566101193428039551e-01,-5.684952735900878906e-01,2.084533423185348511e-01,1.777971833944320679e-01,-2.011238336563110352e-01,2.124104648828506470e-01,-1.060159802436828613e+00,1.759155631065368652e+00,9.243381768465042114e-02,6.721638888120651245e-02,4.496687352657318115e-01,6.026384979486465454e-02,4.830327630043029785e-01,3.143831491470336914e-01,-1.737381219863891602e+00,-1.425360679626464844e+00,-1.482546329498291016e-01,-2.438243925571441650e-01,-1.936988160014152527e-02,-4.838690459728240967e-01
-8.024331182241439819e-02,-1.592112481594085693e-01,1.594200730323791504e-01,1.003104522824287415e-01,3.580362349748611450e-02,8.952941894531250000e-01,4.325554072856903076e-01,-5.052447915077209473e-01,2.062781453132629395e-01,1.126530840992927551e-01,1.266574382781982422e+00,-1.780697703361511230e-01,-2.617999911308288574e-01,-5.230665206909179688e-02,-3.084291219711303711e-01,8.475083112716674805e-02,8.296658396720886230e-01,-5.110410451889038086e-01,2.197159081697463989e-01,2.046589851379394531e-01,-2.038707137107849121e-01,1.911171972751617432e-01,-1.010128140449523926e+00,1.748550176620483398e+00,1.066227853298187256e-01,7.033467292785644531e-02,4.213727712631225586e-01,2.817501500248908997e-02,4.699538052082061768e-01,3.402263224124908447e-01,-1.687307596206665039e+00,-1.421440362930297852e+00,-1.812422871589660645e-01,-2.386123239994049072e-01,-2.741293236613273621e-02,-4.835204780101776123e-01
-8.646463602781295776e-02,-1.615739315748214722e-01,1.635227501392364502e-01,1.028282195329666138e-01,2.906864322721958160e-02,8.943621516227722168e-01,4.343934953212738037e-01,-4.437296092510223389e-01,1.951282024383544922e-01,9.506698697805404663e-02,1.206315517425537109e+00,-1.401350200176239014e-01,-2.617999911308288574e-01,-3.102799318730831146e-02,-2.919601798057556152e-01,1.129917427897453308e-01,8.022379875183105469e-01,-4.466359913349151611e-01,2.511578500270843506e-01,2.310489714145660400e-01,-1.974520683288574219e-01,1.682470440864562988e-01,-9.313453435897827148e-01,1.717926740646362305e+00,1.271934211254119873e-01,7.918003946542739868e-02,3.963118195533752441e-01,-1.181841362267732620e-02,4.354320764541625977e-01,3.748076558113098145e-01,-1.638040900230407715e+00,-1.408118605613708496e+00,-2.099545747041702271e-01,-2.136380076408386230e-01,-4.184943065047264099e-02,-4.583382904529571533e-01
-9.205702692270278931e-02,-1.625221818685531616e-01,1.653814315795898438e-01,1.063659116625785828e-01,1.600049249827861786e-02,8.950814604759216309e-01,4.327349066734313965e-01,-3.502712249755859375e-01,1.766456514596939087e-01,7.609589397907257080e-02,1.108306646347045898e+00,-1.187343746423721313e-01,-2.617999911308288574e-01,5.759047926403582096e-04,-2.544004619121551514e-01,1.344070732593536377e-01,7.865623831748962402e-01,-3.958815932273864746e-01,2.617999911308288574e-01,2.461641728878021240e-01,-1.826530694961547852e-01,1.438248157501220703e-01,-8.326639533042907715e-01,1.687666296958923340e+00,1.592093408107757568e-01,8.557461947202682495e-02,3.757140934467315674e-01,-4.914385452866554260e-02,4.023431539535522461e-01,4.106820225715637207e-01,-1.605360984802246094e+00,-1.390901684761047363e+00,-2.341477721929550171e-01,-1.914445608854293823e-01,-6.269276142120361328e-02,-4.307223558425903320e-01
-9.948296844959259033e-02,-1.639811247587203979e-01,1.639560163021087646e-01,1.134420260787010193e-01,4.646499175578355789e-03,8.949954509735107422e-01,4.313842952251434326e-01,-2.496090531349182129e-01,1.616154462099075317e-01,6.314060091972351074e-02,1.011742472648620605e+00,-1.289597600698471069e-01,-2.617999911308288574e-01,2.954625710844993591e-02,-2.471064776182174683e-01,1.310823410749435425e-01,7.942284345626831055e-01,-3.797188401222229004e-01,2.617999911308288574e-01,2.521743774414062500e-01,-1.636310368776321411e-01,1.206596568226814270e-01,-7.344611287117004395e-01,1.662607192993164062e+00,2.011240273714065552e-01,8.961167186498641968e-02,3.711106181144714355e-01,-6.401447951793670654e-02,3.743637502193450928e-01,4.471690952777862549e-01,-1.593144655227661133e+00,-1.372784495353698730e+00,-2.522384524345397949e-01,-1.789867281913757324e-01,-7.810021936893463135e-02,-3.987292051315307617e-01
-1.068658605217933655e-01,-1.654603183269500732e-01,1.595646888017654419e-01,1.223784238100051880e-01,-3.292348003014922142e-03,8.963147401809692383e-01,4.261837601661682129e-01,-1.493578106164932251e-01,1.405325829982757568e-01,6.237397342920303345e-02,9.154133200645446777e-01,-1.609936803579330444e-01,-2.617349922657012939e-01,6.056344881653785706e-02,-2.463622689247131348e-01,1.346998363733291626e-01,8.150035738945007324e-01,-3.861860930919647217e-01,2.617999911308288574e-01,2.502943873405456543e-01,-1.519153118133544922e-01,1.035290956497192383e-01,-6.314195394515991211e-01,1.642441034317016602e+00,2.561216950416564941e-01,9.265992045402526855e-02,3.823412358760833740e-01,-7.288507372140884399e-02,3.538950681686401367e-01,4.843432903289794922e-01,-1.596312403678894043e+00,-1.358672857284545898e+00,-2.634105384349822998e-01,-1.619986891746520996e-01,-9.950757771730422974e-02,-3.657239675521850586e-01
-1.149571016430854797e-01,-1.695730686187744141e-01,1.534644365310668945e-01,1.369186341762542725e-01,-4.475477617233991623e-03,9.000143408775329590e-01,4.137722551822662354e-01,-6.058806926012039185e-02,9.529264271259307861e-02,8.244020491838455200e-02,8.251852393150329590e-01,-2.189208716154098511e-01,-2.176824957132339478e-01,9.372743964195251465e-02,-2.651581764221191406e-01,1.357462853193283081e-01,8.521480560302734375e-01,-3.884776234626770020e-01,2.617999911308288574e-01,2.361086010932922363e-01,-1.597504764795303345e-01,9.665376693010330200e-02,-5.321666002273559570e-01,1.631439685821533203e+00,3.225598931312561035e-01,9.735577553510665894e-02,3.972605168819427490e-01,-7.524512708187103271e-02,3.341322243213653564e-01,5.183659195899963379e-01,-1.607738137245178223e+00,-1.358039975166320801e+00,-2.646043598651885986e-01,-1.480956077575683594e-01,-1.159678176045417786e-01,-3.348107933998107910e-01
-1.221308410167694092e-01,-1.746254116296768188e-01,1.488781422376632690e-01,1.505672186613082886e-01,5.882250261493027210e-04,9.032779932022094727e-01,4.017686247825622559e-01,6.805281620472669601e-03,4.529542848467826843e-02,1.056359335780143738e-01,7.496601939201354980e-01,-2.787872552871704102e-01,-1.695694476366043091e-01,1.182491183280944824e-01,-2.984077632427215576e-01,1.377309709787368774e-01,8.942360877990722656e-01,-3.989647626876831055e-01,2.617579400539398193e-01,2.212754487991333008e-01,-1.808914691209793091e-01,9.631315618753433228e-02,-4.459227025508880615e-01,1.631780624389648438e+00,3.829253017902374268e-01,9.783492237329483032e-02,4.191428422927856445e-01,-7.074664533138275146e-02,3.191915750503540039e-01,5.482068657875061035e-01,-1.616261005401611328e+00,-1.369504809379577637e+00,-2.662690877914428711e-01,-1.437025219202041626e-01,-1.270767152309417725e-01,-3.149207532405853271e-01
-1.266496479511260986e-01,-1.798010915517807007e-01,1.476349681615829468e-01,1.601070612668991089e-01,6.862583570182323456e-03,9.057542681694030762e-01,3.923363983631134033e-01,5.165443941950798035e-02,8.311017416417598724e-03,1.353331953287124634e-01,6.909723281860351562e-01,-3.214069604873657227e-01,-1.290850788354873657e-01,1.340353190898895264e-01,-3.310885131359100342e-01,1.311049908399581909e-01,9.281808137893676758e-01,-4.131381809711456299e-01,2.592381238937377930e-01,2.086966186761856079e-01,-2.055707275867462158e-01,1.003801152110099792e-01,-3.721509873867034912e-01,1.630835294723510742e+00,4.390631318092346191e-01,9.225439280271530151e-02,4.296045601367950439e-01,-6.770452111959457397e-02,2.989276945590972900e-01,5.763313174247741699e-01,-1.610692381858825684e+00,-1.389150381088256836e+00,-2.724057137966156006e-01,-1.426068842411041260e-01,-1.318949460983276367e-01,-2.971057295799255371e-01
-1.277649700641632080e-01,-1.847074627876281738e-01,1.460407227277755737e-01,1.658916175365447998e-01,1.308331359177827835e-02,9.077106118202209473e-01,3.851886093616485596e-01,7.886607199907302856e-02,-1.781435869634151459e-02,1.606501787900924683e-01,6.460884213447570801e-01,-3.525063097476959229e-01,-9.973169863224029541e-02,1.468587517738342285e-01,-3.520090878009796143e-01,1.232851296663284302e-01,9.505886435508728027e-01,-4.446037113666534424e-01,2.462213635444641113e-01,1.978664249181747437e-01,-2.269115895032882690e-01,1.080588772892951965e-01,-3.011896312236785889e-01,1.627990603446960449e+00,5.017698407173156738e-01,8.033138513565063477e-02,4.327837824821472168e-01,-6.473510712385177612e-02,2.782856523990631104e-01,6.025322675704956055e-01,-1.598323702812194824e+00,-1.425055265426635742e+00,-2.895044684410095215e-01,-1.510845869779586792e-01,-1.312720030546188354e-01,-2.874110341072082520e-01
-1.254397034645080566e-01,-1.896170675754547119e-01,1.445359587669372559e-01,1.683226227760314941e-01,1.776860840618610382e-02,9.084759354591369629e-01,3.821299076080322266e-01,8.598110079765319824e-02,-3.147020936012268066e-02,1.781850755214691162e-01,6.187294125556945801e-01,-3.643560111522674561e-01,-8.640962839126586914e-02,1.593575179576873779e-01,-3.569989502429962158e-01,1.116434857249259949e-01,9.532941579818725586e-01,-4.843989610671997070e-01,2.301294058561325073e-01,1.916137635707855225e-01,-2.376167476177215576e-01,1.163063123822212219e-01,-2.354830354452133179e-01,1.621330142021179199e+00,5.679991245269775391e-01,5.911214649677276611e-02,4.297234416007995605e-01,-6.279690563678741455e-02,2.610357105731964111e-01,6.258911490440368652e-01,-1.587966442108154297e+00,-1.471660256385803223e+00,-3.085250556468963623e-01,-1.665204763412475586e-01,-1.241722106933593750e-01,-2.886642217636108398e-01
-1.195993125438690186e-01,-1.944601833820343018e-01,1.438814848661422729e-01,1.665686517953872681e-01,2.059623599052429199e-02,9.079925417900085449e-01,3.839013576507568359e-01,7.392983138561248779e-02,-3.158492594957351685e-02,1.912353038787841797e-01,6.097624301910400391e-01,-3.613993227481842041e-01,-9.275367110967636108e-02,1.708187311887741089e-01,-3.477048575878143311e-01,9.288609027862548828e-02,9.336050748825073242e-01,-5.273750424385070801e-01,2.148141264915466309e-01,1.872973293066024780e-01,-2.343184798955917358e-01,1.278000324964523315e-01,-1.789914220571517944e-01,1.601372599601745605e+00,6.388816237449645996e-01,3.261145204305648804e-02,4.219721853733062744e-01,-6.001955643296241760e-02,2.557322680950164795e-01,6.345229148864746094e-01,-1.585277199745178223e+00,-1.518265485763549805e+00,-3.345230519771575928e-01,-1.809577047824859619e-01,-1.108317449688911438e-01,-3.058952391147613525e-01
-1.105886101722717285e-01,-1.992569267749786377e-01,1.433866173028945923e-01,1.625281125307083130e-01,2.082525007426738739e-02,9.054594635963439941e-01,3.915278613567352295e-01,4.425945878028869629e-02,-1.631222851574420929e-02,2.034066468477249146e-01,6.277846693992614746e-01,-3.472061753273010254e-01,-1.070311367511749268e-01,1.835528314113616943e-01,-3.246894776821136475e-01,6.685062497854232788e-02,8.947443962097167969e-01,-5.653702616691589355e-01,1.950088143348693848e-01,1.827753186225891113e-01,-2.144687622785568237e-01,1.417797207832336426e-01,-1.424897015094757080e-01,1.563834786415100098e+00,7.126614451408386230e-01,-6.846341304481029510e-03,4.080611169338226318e-01,-5.731869861483573914e-02,2.723070085048675537e-01,6.167101263999938965e-01,-1.598572969436645508e+00,-1.553251028060913086e+00,-3.613051474094390869e-01,-1.924446970224380493e-01,-9.572172164916992188e-02,-3.478575348854064941e-01
-9.908839315176010132e-02,-2.043256014585494995e-01,1.417746394872665405e-01,1.586030274629592896e-01,1.366843190044164658e-02,9.009714722633361816e-01,4.036194086074829102e-01,-1.541454717516899109e-02,2.625409699976444244e-02,2.045261561870574951e-01,6.997948884963989258e-01,-2.919283211231231689e-01,-1.358563005924224854e-01,1.953971534967422485e-01,-2.797724306583404541e-01,4.359153285622596741e-02,8.469144701957702637e-01,-5.809274911880493164e-01,1.739533245563507080e-01,1.761723160743713379e-01,-1.658897697925567627e-01,1.671595424413681030e-01,-1.495706886053085327e-01,1.508122086524963379e+00,7.723466753959655762e-01,-7.540011405944824219e-02,3.905962407588958740e-01,-5.838550999760627747e-02,3.249381184577941895e-01,5.484114885330200195e-01,-1.634859800338745117e+00,-1.561508178710937500e+00,-3.805931210517883301e-01,-1.766000390052795410e-01,-8.634385466575622559e-02,-4.291852712631225586e-01
-8.589611202478408813e-02,-2.102072238922119141e-01,1.454666554927825928e-01,1.581060737371444702e-01,-4.988112486898899078e-03,8.940322399139404297e-01,4.191467463970184326e-01,-1.164999902248382568e-01,1.005658954381942749e-01,2.048831582069396973e-01,8.370298743247985840e-01,-1.794423758983612061e-01,-1.776783466339111328e-01,1.984239220619201660e-01,-2.289074808359146118e-01,7.981466129422187805e-03,8.138061761856079102e-01,-5.593054294586181641e-01,1.539317965507507324e-01,1.817276626825332642e-01,-9.371962398290634155e-02,2.087315022945404053e-01,-2.498932480812072754e-01,1.441403388977050781e+00,7.697932124137878418e-01,-1.584256589412689209e-01,3.750718235969543457e-01,-5.841632187366485596e-02,4.085458815097808838e-01,4.330241382122039795e-01,-1.684467315673828125e+00,-1.530704975128173828e+00,-3.757477402687072754e-01,-1.349961012601852417e-01,-8.942948281764984131e-02,-5.527804493904113770e-01
-7.312363386154174805e-02,-2.167119383811950684e-01,1.440182924270629883e-01,1.592393666505813599e-01,-2.349194698035717010e-02,8.839210271835327148e-01,4.390610158443450928e-01,-2.312723547220230103e-01,1.631099581718444824e-01,1.792712062597274780e-01,9.901202321052551270e-01,-2.247581779956817627e-01,-2.162160128355026245e-01,1.932677775621414185e-01,-1.927561312913894653e-01,-2.137781865894794464e-02,8.051902651786804199e-01,-5.765758752822875977e-01,1.272011697292327881e-01,2.127996832132339478e-01,-1.520691066980361938e-02,2.682326734066009521e-01,-4.497045874595642090e-01,1.358596086502075195e+00,6.869820952415466309e-01,-2.382776141166687012e-01,3.726096451282501221e-01,-5.458125472068786621e-02,5.006155371665954590e-01,3.204995393753051758e-01,-1.734668374061584473e+00,-1.492528200149536133e+00,-3.539489805698394775e-01,-5.690274015069007874e-02,-1.063970401883125305e-01,-6.865941286087036133e-01
-6.109121069312095642e-02,-2.231265157461166382e-01,1.396924257278442383e-01,1.533712148666381836e-01,-5.645870044827461243e-02,8.757683634757995605e-01,4.542239606380462646e-01,-3.348487615585327148e-01,2.961814999580383301e-01,1.717209964990615845e-01,1.205217123031616211e+00,-2.399822324514389038e-01,-2.232524901628494263e-01,1.959991753101348877e-01,-1.097727939486503601e-01,-3.420451655983924866e-02,7.822244167327880859e-01,-5.779299736022949219e-01,1.110284402966499329e-01,2.805675268173217773e-01,8.083112537860870361e-02,3.078294396400451660e-01,-8.236945271492004395e-01,1.236761212348937988e+00,4.137429893016815186e-01,-2.818086445331573486e-01,4.251711368560791016e-01,-3.138927370309829712e-02,5.702779889106750488e-01,2.131107747554779053e-01,-1.750852584838867188e+00,-1.413877129554748535e+00,-2.722120583057403564e-01,3.566667065024375916e-02,-1.415988653898239136e-01,-7.815090417861938477e-01
-5.106019228696823120e-02,-2.291730940341949463e-01,1.382091343402862549e-01,1.566442698240280151e-01,-7.984249293804168701e-02,8.682566285133361816e-01,4.639161229133605957e-01,-3.862287700176239014e-01,3.853091895580291748e-01,1.715931296348571777e-01,1.389664173126220703e+00,-2.408034056425094604e-01,-2.231283932924270630e-01,2.152175009250640869e-01,-5.455942824482917786e-02,-3.040211461484432220e-02,7.540798187255859375e-01,-5.607558488845825195e-01,1.056224182248115540e-01,3.625258505344390869e-01,1.269973218441009521e-01,3.272514939308166504e-01,-1.133726954460144043e+00,1.079917550086975098e+00,1.391249895095825195e-01,-2.954485714435577393e-01,4.725329279899597168e-01,-2.871628478169441223e-02,6.164290308952331543e-01,8.503492176532745361e-02,-1.693473458290100098e+00,-1.254406213760375977e+00,-1.817183643579483032e-01,1.606197804212570190e-01,-1.862574666738510132e-01,-8.125760555267333984e-01
-4.367246478796005249e-02,-2.348868995904922485e-01,1.382865309715270996e-01,1.590211838483810425e-01,-9.922902286052703857e-02,8.617163896560668945e-01,4.714983999729156494e-01,-3.771556913852691650e-01,4.361557364463806152e-01,1.675491780042648315e-01,1.532953739166259766e+00,-2.456108778715133667e-01,-2.369682788848876953e-01,2.380503416061401367e-01,-9.335496462881565094e-03,-2.286983281373977661e-02,7.159853577613830566e-01,-5.371610522270202637e-01,1.004480570554733276e-01,4.106904566287994385e-01,1.048837751150131226e-01,3.172120749950408936e-01,-1.335008382797241211e+00,9.382915496826171875e-01,-1.462699025869369507e-01,-2.911888360977172852e-01,4.870250821113586426e-01,-5.593359470367431641e-02,6.203094720840454102e-01,-2.097812145948410034e-01,-1.510924816131591797e+00,-8.421377539634704590e-01,-1.163168996572494507e-01,2.511313259601593018e-01,-2.021704018115997314e-01,-7.479753494262695312e-01
-3.924596309661865234e-02,-2.400187551975250244e-01,1.399084329605102539e-01,1.524675041437149048e-01,-1.129549816250801086e-01,8.597797751426696777e-01,4.741029143333435059e-01,-3.160728514194488525e-01,4.731295704841613770e-01,1.692742109298706055e-01,1.567700624465942383e+00,-2.570376694202423096e-01,-2.453028857707977295e-01,2.503016591072082520e-01,2.720374614000320435e-02,-2.998811379075050354e-02,6.646493673324584961e-01,-5.099638700485229492e-01,9.607429057359695435e-02,3.029972314834594727e-01,2.804771065711975098e-02,2.798495590686798096e-01,-1.417112350463867188e+00,9.434687495231628418e-01,-4.408937096595764160e-01,-2.660863995552062988e-01,4.724577069282531738e-01,-1.024678722023963928e-01,5.851139426231384277e-01,-7.511893510818481445e-01,-1.240443348884582520e+00,-1.173203438520431519e-01,4.681012406945228577e-02,1.963285952806472778e-01,-1.557134687900543213e-01,-6.255593299865722656e-01
-3.838450834155082703e-02,-2.457854300737380981e-01,1.390644162893295288e-01,1.457137018442153931e-01,-1.302589774131774902e-01,8.629370331764221191e-01,4.659825563430786133e-01,-2.188965976238250732e-01,4.972029626369476318e-01,1.761818975210189819e-01,1.501832604408264160e+00,-2.914629578590393066e-01,-2.296911925077438354e-01,2.658516466617584229e-01,6.000690534710884094e-02,-6.299799680709838867e-02,6.274696588516235352e-01,-4.871860146522521973e-01,1.005096361041069031e-01,1.755620241165161133e-01,3.102658875286579132e-02,2.540788948535919189e-01,-1.465661048889160156e+00,9.445267319679260254e-01,-6.543350815773010254e-01,-2.592057585716247559e-01,4.640110433101654053e-01,-1.664802581071853638e-01,5.035464763641357422e-01,-1.224458098411560059e+00,-1.103335499763488770e+00,5.601572394371032715e-01,3.024639189243316650e-01,1.120022833347320557e-01,-1.340830475091934204e-01,-4.666600525379180908e-01
-4.038834199309349060e-02,-2.509777545928955078e-01,1.399706155061721802e-01,1.389704644680023193e-01,-1.456338614225387573e-01,8.650441169738769531e-01,4.595396220684051514e-01,-9.325724840164184570e-02,5.122012495994567871e-01,1.881146579980850220e-01,1.350872755050659180e+00,-3.435989916324615479e-01,-1.976464241743087769e-01,2.889332473278045654e-01,8.573289960622787476e-02,-9.449220448732376099e-02,5.741670131683349609e-01,-4.506893455982208252e-01,1.111438870429992676e-01,1.413794010877609253e-01,4.553271457552909851e-02,2.066825479269027710e-01,-1.560683369636535645e+00,8.509297966957092285e-01,-8.881953954696655273e-01,-2.698959112167358398e-01,5.044336915016174316e-01,-2.186647802591323853e-01,3.940321803092956543e-01,-1.402998566627502441e+00,-1.061203479766845703e+00,9.905016422271728516e-01,3.094850480556488037e-01,-4.200542718172073364e-02,-1.495274752378463745e-01,-2.652141749858856201e-01
-4.403179511427879333e-02,-2.559095621109008789e-01,1.427750438451766968e-01,1.321179568767547607e-01,-1.546891331672668457e-01,8.698533177375793457e-01,4.494122564792633057e-01,2.834550850093364716e-02,5.087783336639404297e-01,2.042895704507827759e-01,1.175980806350708008e+00,-3.771488964557647705e-01,-1.758553832769393921e-01,3.246163427829742432e-01,1.033264771103858948e-01,-1.182305961847305298e-01,4.855315089225769043e-01,-4.050172269344329834e-01,1.153106018900871277e-01,1.056943312287330627e-01,5.311755090951919556e-02,1.581120193004608154e-01,-1.657838702201843262e+00,7.698149681091308594e-01,-1.072327971458435059e+00,-2.366734445095062256e-01,5.619319081306457520e-01,-2.569982707500457764e-01,3.050993382930755615e-01,-1.544346094131469727e+00,-1.010914087295532227e+00,1.305962324142456055e+00,1.818060427904129028e-01,-1.907471865415573120e-01,-2.282226234674453735e-01,-1.201938837766647339e-01
-4.840290173888206482e-02,-2.609592378139495850e-01,1.464318931102752686e-01,1.298177540302276611e-01,-1.575435400009155273e-01,8.707393407821655273e-01,4.473705589771270752e-01,1.322972327470779419e-01,4.826884865760803223e-01,2.302967607975006104e-01,1.010422706604003906e+00,-4.229200780391693115e-01,-1.540536433458328247e-01,3.576977849006652832e-01,1.010051444172859192e-01,-1.361775845289230347e-01,4.063111841678619385e-01,-3.588900566101074219e-01,1.266518682241439819e-01,7.492995262145996094e-02,3.994334861636161804e-02,1.324521750211715698e-01,-1.708347916603088379e+00,7.168595194816589355e-01,-1.208664774894714355e+00,-1.739865839481353760e-01,6.297118067741394043e-01,-2.785111069679260254e-01,2.402827590703964233e-01,-1.586696863174438477e+00,-9.896539449691772461e-01,1.399999976158142090e+00,3.642039000988006592e-02,-2.599763572216033936e-01,-2.903607487678527832e-01,-4.276641458272933960e-02
-5.335959792137145996e-02,-2.659632861614227295e-01,1.498186737298965454e-01,1.296723783016204834e-01,-1.526398956775665283e-01,8.722651004791259766e-01,4.461386799812316895e-01,2.216317504644393921e-01,4.278758168220520020e-01,2.572713196277618408e-01,8.541556000709533691e-01,-4.820165634155273438e-01,-1.248782649636268616e-01,3.808241188526153564e-01,8.269849419593811035e-02,-1.397621929645538330e-01,3.414393365383148193e-01,-3.249267041683197021e-01,1.442443877458572388e-01,5.577945336699485779e-02,1.133894734084606171e-02,1.127393022179603577e-01,-1.713969588279724121e+00,6.812146306037902832e-01,-1.287067174911499023e+00,-8.525802195072174072e-02,6.971712708473205566e-01,-2.944371402263641357e-01,2.040714770555496216e-01,-1.584851145744323730e+00,-9.940200448036193848e-01,1.399999976158142090e+00,-3.362449258565902710e-02,-2.989044785499572754e-01,-3.219145238399505615e-01,-1.433337945491075516e-02
-5.850827321410179138e-02,-2.713759839534759521e-01,1.527227312326431274e-01,1.306480914354324341e-01,-1.461789011955261230e-01,8.723939061164855957e-01,4.477629065513610840e-01,2.876763939857482910e-01,3.735998570919036865e-01,2.800139784812927246e-01,7.230975031852722168e-01,-5.341143012046813965e-01,-1.019717901945114136e-01,3.912530243396759033e-01,5.734042078256607056e-02,-1.409421712160110474e-01,3.028607368469238281e-01,-3.000803887844085693e-01,1.630171686410903931e-01,4.133715108036994934e-02,8.977055549621582031e-03,1.032349243760108948e-01,-1.660604357719421387e+00,6.514425277709960938e-01,-1.256680965423583984e+00,2.928293123841285706e-02,7.361736893653869629e-01,-2.870925664901733398e-01,1.819894313812255859e-01,-1.599935054779052734e+00,-9.963092207908630371e-01,1.399999976158142090e+00,-2.482717297971248627e-02,-3.177991807460784912e-01,-3.157535493373870850e-01,-5.549859628081321716e-02
-6.324066966772079468e-02,-2.770062386989593506e-01,1.552187055349349976e-01,1.325362175703048706e-01,-1.374181956052780151e-01,8.732306957244873047e-01,4.483508765697479248e-01,3.358237147331237793e-01,3.229182660579681396e-01,3.054017424583435059e-01,6.115180253982543945e-01,-5.431621074676513672e-01,-8.607163280248641968e-02,3.900143504142761230e-01,2.534318156540393829e-02,-1.436959803104400635e-01,2.884349524974822998e-01,-2.875479757785797119e-01,1.772247254848480225e-01,3.126541897654533386e-02,6.141888443380594254e-03,1.033062860369682312e-01,-1.591479420661926270e+00,6.055513620376586914e-01,-1.161928653717041016e+00,1.561620980501174927e-01,7.561618089675903320e-01,-2.571491599082946777e-01,2.024822384119033813e-01,-1.586850285530090332e+00,-9.851685762405395508e-01,1.330000281333923340e+00,5.348435044288635254e-02,-3.188816308975219727e-01,-2.830728292465209961e-01,-1.590824574232101440e-01
-6.716109812259674072e-02,-2.829346656799316406e-01,1.566567569971084595e-01,1.351677626371383667e-01,-1.273913681507110596e-01,8.755927681922912598e-01,4.459129869937896729e-01,3.647463619709014893e-01,2.741986215114593506e-01,3.168487846851348877e-01,5.260968208312988281e-01,-5.391984581947326660e-01,-7.805049419403076172e-02,3.745812475681304932e-01,-1.039875764399766922e-02,-1.469885855913162231e-01,3.063513934612274170e-01,-2.933609187602996826e-01,1.736437976360321045e-01,2.366603910923004150e-02,-6.897720508277416229e-03,1.138783991336822510e-01,-1.545602679252624512e+00,5.243593454360961914e-01,-1.023539781570434570e+00,2.847856581211090088e-01,7.383643388748168945e-01,-2.035236954689025879e-01,2.746096253395080566e-01,-1.523313403129577637e+00,-9.389155507087707520e-01,1.137399911880493164e+00,1.515148878097534180e-01,-3.019826412200927734e-01,-2.472903877496719360e-01,-3.118741810321807861e-01
-7.031945139169692993e-02,-2.892037928104400635e-01,1.565903127193450928e-01,1.384540498256683350e-01,-1.177664101123809814e-01,8.785817027091979980e-01,4.416511356830596924e-01,3.839023113250732422e-01,2.303737401962280273e-01,3.245453834533691406e-01,4.602143168449401855e-01,-5.366815924644470215e-01,-6.554626673460006714e-02,3.428745865821838379e-01,-4.691061004996299744e-02,-1.438968628644943237e-01,3.615419864654541016e-01,-3.139470815658569336e-01,1.762933582067489624e-01,2.091003209352493286e-02,-2.635273337364196777e-02,1.336686015129089355e-01,-1.528465628623962402e+00,4.033929109573364258e-01,-8.209409713745117188e-01,4.128266274929046631e-01,6.792832612991333008e-01,-1.315805613994598389e-01,4.263429939746856689e-01,-1.441097855567932129e+00,-8.408988118171691895e-01,8.512217402458190918e-01,2.594679296016693115e-01,-2.483021616935729980e-01,-2.194580584764480591e-01,-5.571784973144531250e-01
-7.273907214403152466e-02,-2.955586314201354980e-01,1.545712649822235107e-01,1.450527012348175049e-01,-1.132370159029960632e-01,8.811576962471008301e-01,4.355435669422149658e-01,3.953322768211364746e-01,1.999027281999588013e-01,3.202337920665740967e-01,4.338789284229278564e-01,-5.488895177841186523e-01,-4.306802153587341309e-02,3.053574264049530029e-01,-7.282298803329467773e-02,-1.236801818013191223e-01,4.511651098728179932e-01,-3.398372530937194824e-01,1.606086790561676025e-01,2.115860395133495331e-02,-4.106794670224189758e-02,1.694943159818649292e-01,-1.580551147460937500e+00,2.565791308879852295e-01,-5.667675733566284180e-01,5.056401491165161133e-01,5.812816619873046875e-01,-4.408098384737968445e-02,6.247118711471557617e-01,-1.411317825317382812e+00,-6.981783509254455566e-01,5.604537725448608398e-01,3.357057273387908936e-01,-2.022072970867156982e-01,-2.114298939704895020e-01,-8.641520738601684570e-01
-7.447028905153274536e-02,-3.016187250614166260e-01,1.526496112346649170e-01,1.516367495059967041e-01,-1.093219071626663208e-01,8.849474191665649414e-01,4.265243709087371826e-01,3.956265449523925781e-01,1.768332570791244507e-01,3.146384656429290771e-01,4.303641915321350098e-01,-5.601412057876586914e-01,-2.379410713911056519e-02,2.600376307964324951e-01,-9.339275956153869629e-02,-9.912164509296417236e-02,5.591385960578918457e-01,-3.477609753608703613e-01,1.563836485147476196e-01,1.799303293228149414e-02,-6.645932048559188843e-02,2.079247087240219116e-01,-1.632060289382934570e+00,1.698390692472457886e-01,-3.986026346683502197e-01,5.274562239646911621e-01,5.013632774353027344e-01,-6.904441397637128830e-05,8.060145378112792969e-01,-1.409622550010681152e+00,-5.960788130760192871e-01,3.685542345046997070e-01,3.529621958732604980e-01,-1.669880896806716919e-01,-2.244004160165786743e-01,-1.092490553855895996e+00
-7.544870674610137939e-02,-3.072761595249176025e-01,1.507218331098556519e-01,1.599936336278915405e-01,-1.022006198763847351e-01,8.886016011238098145e-01,4.175454974174499512e-01,3.857025206089019775e-01,1.478552222251892090e-01,3.023476302623748779e-01,4.479565322399139404e-01,-5.631981492042541504e-01,7.737559732049703598e-03,1.995660513639450073e-01,-1.244615986943244934e-01,-8.077999949455261230e-02,6.936389207839965820e-01,-3.309620022773742676e-01,1.514127552509307861e-01,1.151327323168516159e-02,-8.855786174535751343e-02,2.492095530033111572e-01,-1.647528529167175293e+00,1.132235974073410034e-01,-3.203689754009246826e-01,5.099497437477111816e-01,4.422709047794342041e-01,1.807797816582024097e-03,9.283277988433837891e-01,-1.392706632614135742e+00,-5.485876798629760742e-01,2.894879579544067383e-01,3.265491724014282227e-01,-1.432629823684692383e-01,-2.552193403244018555e-01,-1.220178008079528809e+00
-7.570779323577880859e-02,-3.123721778392791748e-01,1.471799314022064209e-01,1.674077063798904419e-01,-9.177301824092864990e-02,8.938480615615844727e-01,4.056944549083709717e-01,3.638224601745605469e-01,1.121714413166046143e-01,2.736862003803253174e-01,4.764789044857025146e-01,-5.799347758293151855e-01,3.811286017298698425e-02,1.091634407639503479e-01,-1.549728661775588989e-01,-4.345522820949554443e-02,8.498766422271728516e-01,-2.605766057968139648e-01,1.568425297737121582e-01,-1.444977940991520882e-03,-1.082926765084266663e-01,2.823703587055206299e-01,-1.646066904067993164e+00,9.293084591627120972e-02,-3.099093437194824219e-01,4.781291484832763672e-01,4.236690998077392578e-01,-1.133661624044179916e-02,9.786433577537536621e-01,-1.362861871719360352e+00,-5.499754548072814941e-01,2.783339023590087891e-01,2.872912585735321045e-01,-1.416754275560379028e-01,-2.757574617862701416e-01,-1.263897061347961426e+00
-7.464098185300827026e-02,-3.164111673831939697e-01,1.437520086765289307e-01,1.722160726785659790e-01,-8.289295434951782227e-02,9.018197059631347656e-01,3.875455856323242188e-01,3.319277763366699219e-01,8.283366262912750244e-02,2.277771085500717163e-01,5.142387747764587402e-01,-6.052338480949401855e-01,7.178071886301040649e-02,1.074171625077724457e-02,-1.343738138675689697e-01,5.517546460032463074e-02,1.017719984054565430e+00,-2.968698441982269287e-01,1.716864705085754395e-01,-3.020757809281349182e-02,-1.221270114183425903e-01,3.235915303230285645e-01,-1.602760553359985352e+00,9.773946553468704224e-02,-3.425925374031066895e-01,4.181872606277465820e-01,4.333771467208862305e-01,-3.004332631826400757e-02,9.747530817985534668e-01,-1.308771729469299316e+00,-5.912560224533081055e-01,3.081096112728118896e-01,2.338389605283737183e-01,-1.560254245996475220e-01,-2.802997529506683350e-01,-1.249699115753173828e+00
-7.267144322395324707e-02,-3.198783397674560547e-01,1.405511647462844849e-01,1.583101898431777954e-01,-6.970576196908950806e-02,9.105777144432067871e-01,3.754027485847473145e-01,2.599152326583862305e-01,6.379923969507217407e-02,2.014744579792022705e-01,5.542103648185729980e-01,-6.394925713539123535e-01,9.833670407533645630e-02,-1.273669898509979248e-01,-1.262143552303314209e-01,1.182434782385826111e-01,1.214181900024414062e+00,-3.302997648715972900e-01,1.763695180416107178e-01,-5.761774629354476929e-02,-1.295186132192611694e-01,3.275092542171478271e-01,-1.517424941062927246e+00,1.410801708698272705e-01,-3.851021230220794678e-01,3.219869136810302734e-01,4.445200562477111816e-01,-5.391874536871910095e-02,9.256655573844909668e-01,-1.235408425331115723e+00,-6.700662374496459961e-01,3.589938879013061523e-01,1.483600586652755737e-01,-1.652676165103912354e-01,-2.760789990425109863e-01,-1.198734164237976074e+00
-6.957395374774932861e-02,-3.227900862693786621e-01,1.392755657434463501e-01,1.283428370952606201e-01,-6.014210358262062073e-02,9.174260497093200684e-01,3.718070387840270996e-01,1.456214785575866699e-01,7.318505644798278809e-02,1.861906200647354126e-01,6.233317852020263672e-01,-6.606976985931396484e-01,1.067771986126899719e-01,-2.749635577201843262e-01,-9.387725591659545898e-02,1.494846791028976440e-01,1.319785952568054199e+00,-3.077022731304168701e-01,2.067877948284149170e-01,-8.832570910453796387e-02,-1.059235259890556335e-01,2.838838994503021240e-01,-1.374375820159912109e+00,2.011899799108505249e-01,-4.204814434051513672e-01,2.158234417438507080e-01,4.337534606456756592e-01,-8.183135837316513062e-02,8.643634319305419922e-01,-1.127683520317077637e+00,-7.516278624534606934e-01,4.129785001277923584e-01,3.719414770603179932e-02,-1.807830482721328735e-01,-2.688443660736083984e-01,-1.129493355751037598e+00
-6.570147722959518433e-02,-3.256551325321197510e-01,1.403730660676956177e-01,1.075316295027732849e-01,-6.734924018383026123e-02,9.188281297683715820e-01,3.737056851387023926e-01,7.392666488885879517e-02,1.143435761332511902e-01,1.793615669012069702e-01,6.810154914855957031e-01,-6.722764372825622559e-01,1.064247488975524902e-01,-3.559007942676544189e-01,-7.091335207223892212e-02,1.439856439828872681e-01,1.329255580902099609e+00,-2.978283762931823730e-01,2.338819205760955811e-01,-1.086160913109779358e-01,-6.631492823362350464e-02,2.770732641220092773e-01,-1.224494099617004395e+00,2.371180057525634766e-01,-4.562080502510070801e-01,1.644512414932250977e-01,3.972850143909454346e-01,-1.048630923032760620e-01,8.152636885643005371e-01,-1.022052407264709473e+00,-7.965607643127441406e-01,4.634719192981719971e-01,-3.517533093690872192e-02,-1.738676875829696655e-01,-2.786319553852081299e-01,-1.061796665191650391e+00
-6.127548962831497192e-02,-3.288874030113220215e-01,1.400020569562911987e-01,9.540294110774993896e-02,-7.381442934274673462e-02,9.167875051498413086e-01,3.807234466075897217e-01,2.739252708852291107e-02,1.520678102970123291e-01,1.887846589088439941e-01,7.274022102355957031e-01,-6.813869476318359375e-01,8.848680555820465088e-02,-4.005008041858673096e-01,-7.696506381034851074e-02,1.357529908418655396e-01,1.250158190727233887e+00,-2.963137924671173096e-01,2.511557340621948242e-01,-1.213737726211547852e-01,-2.603592909872531891e-02,2.871525883674621582e-01,-1.126974701881408691e+00,2.336396425962448120e-01,-4.820204675197601318e-01,1.582271605730056763e-01,3.517449498176574707e-01,-1.208222657442092896e-01,7.819586396217346191e-01,-9.480584859848022461e-01,-7.741647362709045410e-01,5.050395131111145020e-01,-5.426549911499023438e-02,-1.255835145711898804e-01,-2.793982923030853271e-01,-1.012163639068603516e+00
-5.571163818240165710e-02,-3.322515189647674561e-01,1.378008872270584106e-01,9.217518568038940430e-02,-8.255510032176971436e-02,9.113094210624694824e-01,3.926875889301300049e-01,-4.801812116056680679e-03,1.954855322837829590e-01,2.072333097457885742e-01,7.927117943763732910e-01,-6.863250732421875000e-01,7.186618447303771973e-02,-4.242224395275115967e-01,-9.713772684335708618e-02,1.316618323326110840e-01,1.099928498268127441e+00,-2.829723954200744629e-01,2.606479823589324951e-01,-1.222430691123008728e-01,1.811083965003490448e-02,2.998533844947814941e-01,-1.089197039604187012e+00,1.940526515245437622e-01,-4.934270977973937988e-01,2.113761454820632935e-01,2.840544283390045166e-01,-1.293476223945617676e-01,7.444964051246643066e-01,-9.013574719429016113e-01,-6.673666834831237793e-01,5.001607537269592285e-01,-1.041588489897549152e-03,-1.704883947968482971e-02,-2.655697762966156006e-01,-9.822490215301513672e-01
-4.727686569094657898e-02,-3.345339000225067139e-01,1.325293928384780884e-01,8.853977173566818237e-02,-9.287470579147338867e-02,9.034735560417175293e-01,4.089871644973754883e-01,-4.317907243967056274e-02,2.594054341316223145e-01,2.363856583833694458e-01,8.805698156356811523e-01,-6.986328959465026855e-01,5.178039148449897766e-02,-4.428234100341796875e-01,-9.291611611843109131e-02,1.252465546131134033e-01,9.544831514358520508e-01,-2.383926063776016235e-01,2.617999911308288574e-01,-1.105591878294944763e-01,6.599612534046173096e-02,3.130887746810913086e-01,-1.107611298561096191e+00,1.400762647390365601e-01,-4.858219623565673828e-01,2.961138188838958740e-01,1.881612092256546021e-01,-1.344125866889953613e-01,7.235587239265441895e-01,-8.883849978446960449e-01,-5.275342464447021484e-01,4.488192498683929443e-01,9.226613491773605347e-02,1.388154178857803345e-01,-2.540456652641296387e-01,-9.786218404769897461e-01
-3.658710420131683350e-02,-3.352762460708618164e-01,1.228031590580940247e-01,8.429177105426788330e-02,-1.067562699317932129e-01,8.947128057479858398e-01,4.254257082939147949e-01,-8.667270094156265259e-02,3.413741886615753174e-01,2.553421854972839355e-01,9.881685376167297363e-01,-7.289755344390869141e-01,3.771185502409934998e-02,-4.646231830120086670e-01,-6.702277064323425293e-02,1.078308746218681335e-01,8.949167132377624512e-01,-2.053814977407455444e-01,2.617999911308288574e-01,-9.660650789737701416e-02,1.020022258162498474e-01,3.296102285385131836e-01,-1.149571776390075684e+00,1.198617666959762573e-01,-4.461950957775115967e-01,3.612074851989746094e-01,8.579952269792556763e-02,-1.494323760271072388e-01,7.345969676971435547e-01,-9.120172262191772461e-01,-4.123259782791137695e-01,3.577517569065093994e-01,1.610312908887863159e-01,2.866712212562561035e-01,-2.803379595279693604e-01,-1.012520670890808105e+00
-2.882511354982852936e-02,-3.364514112472534180e-01,1.083419919013977051e-01,7.882266491651535034e-02,-1.156910657882690430e-01,8.858096003532409668e-01,4.424295425415039062e-01,-1.319991350173950195e-01,3.997709453105926514e-01,2.482089251279830933e-01,1.093902587890625000e+00,-7.852848768234252930e-01,3.670356050133705139e-02,-4.843008220195770264e-01,-3.655999526381492615e-02,9.696450084447860718e-02,9.214177131652832031e-01,-2.352184653282165527e-01,2.617999911308288574e-01,-8.307399600744247437e-02,1.335007548332214355e-01,3.599757254123687744e-01,-1.178775310516357422e+00,1.307456642389297485e-01,-3.695587813854217529e-01,3.771864473819732666e-01,-2.725597470998764038e-02,-1.755409389734268188e-01,7.750201225280761719e-01,-9.304565191268920898e-01,-3.405752480030059814e-01,2.532922327518463135e-01,1.654335856437683105e-01,4.142832756042480469e-01,-3.396101295948028564e-01,-1.045820713043212891e+00
-2.158162556588649750e-02,-3.370146751403808594e-01,9.383939951658248901e-02,7.770823687314987183e-02,-1.268528401851654053e-01,8.772256970405578613e-01,4.564481377601623535e-01,-1.654894798994064331e-01,4.535761177539825439e-01,2.305788248777389526e-01,1.191840648651123047e+00,-8.336585164070129395e-01,4.807622730731964111e-02,-5.206526517868041992e-01,-5.491394083946943283e-03,8.017644286155700684e-02,9.920333027839660645e-01,-2.808734476566314697e-01,2.617999911308288574e-01,-7.988796383142471313e-02,1.650747209787368774e-01,3.918295800685882568e-01,-1.188189983367919922e+00,1.724760681390762329e-01,-2.857055664062500000e-01,3.802010715007781982e-01,-1.235305890440940857e-01,-2.030457407236099243e-01,8.225390911102294922e-01,-9.503840208053588867e-01,-2.955482304096221924e-01,1.431622207164764404e-01,1.199434623122215271e-01,5.194692015647888184e-01,-4.152956902980804443e-01,-1.068753242492675781e+00
-1.474836282432079315e-02,-3.366372883319854736e-01,8.343740552663803101e-02,7.695342600345611572e-02,-1.384897083044052124e-01,8.721599578857421875e-01,4.628561437129974365e-01,-1.959531903266906738e-01,4.952057600021362305e-01,1.968075186014175415e-01,1.265279173851013184e+00,-8.568948507308959961e-01,6.610319763422012329e-02,-5.605266094207763672e-01,3.054196201264858246e-02,7.264120131731033325e-02,1.068786144256591797e+00,-3.039328455924987793e-01,2.617999911308288574e-01,-8.853656053543090820e-02,1.919837892055511475e-01,4.270051121711730957e-01,-1.177392840385437012e+00,2.294305264949798584e-01,-2.022491693496704102e-01,3.801826536655426025e-01,-2.073787748813629150e-01,-2.346303761005401611e-01,8.671079874038696289e-01,-9.582980275154113770e-01,-2.704963982105255127e-01,4.166622459888458252e-02,5.910677462816238403e-02,5.997232198715209961e-01,-4.824907481670379639e-01,-1.091311573982238770e+00
-9.915385395288467407e-03,-3.361392021179199219e-01,7.586246728897094727e-02,7.301679253578186035e-02,-1.439077705144882202e-01,8.682183623313903809e-01,4.692077934741973877e-01,-2.266063839197158813e-01,5.216844081878662109e-01,1.700189411640167236e-01,1.316431760787963867e+00,-8.679037094116210938e-01,7.398417592048645020e-02,-5.903932452201843262e-01,6.470690667629241943e-02,7.304442673921585083e-02,1.121608138084411621e+00,-3.288162648677825928e-01,2.617999911308288574e-01,-1.009056642651557922e-01,2.137801647186279297e-01,4.553385078907012939e-01,-1.155256152153015137e+00,2.953217923641204834e-01,-1.278122961521148682e-01,3.842362165451049805e-01,-2.824794650077819824e-01,-2.633177340030670166e-01,9.011092185974121094e-01,-9.551100134849548340e-01,-2.602823078632354736e-01,-3.997069224715232849e-02,-3.068277379497885704e-03,6.472488641738891602e-01,-5.364677309989929199e-01,-1.106875777244567871e+00
-6.802980322390794754e-03,-3.353778123855590820e-01,7.187041640281677246e-02,6.698315590620040894e-02,-1.462520658969879150e-01,8.661807775497436523e-01,4.731325507164001465e-01,-2.548617422580718994e-01,5.443603396415710449e-01,1.556127667427062988e-01,1.351769804954528809e+00,-8.640957474708557129e-01,8.055804669857025146e-02,-6.105582118034362793e-01,9.389038383960723877e-02,8.250427991151809692e-02,1.155695199966430664e+00,-3.526182174682617188e-01,2.617999911308288574e-01,-1.146617159247398376e-01,2.255949676036834717e-01,4.766989052295684814e-01,-1.126892805099487305e+00,3.638994097709655762e-01,-6.347404420375823975e-02,3.819792568683624268e-01,-3.409945964813232422e-01,-2.896577417850494385e-01,9.314020872116088867e-01,-9.366599917411804199e-01,-2.651069760322570801e-01,-1.018837392330169678e-01,-6.059967353940010071e-02,6.709334254264831543e-01,-5.713680386543273926e-01,-1.119918584823608398e+00
-5.091769620776176453e-03,-3.351146876811981201e-01,6.892963498830795288e-02,6.042307615280151367e-02,-1.450473815202713013e-01,8.648386001586914062e-01,4.768275320529937744e-01,-2.813898921012878418e-01,5.562242269515991211e-01,1.471611559391021729e-01,1.378077745437622070e+00,-8.597191572189331055e-01,8.753269165754318237e-02,-6.297092437744140625e-01,1.150298863649368286e-01,9.949596226215362549e-02,1.181456565856933594e+00,-3.790102601051330566e-01,2.617999911308288574e-01,-1.297883838415145874e-01,2.304059565067291260e-01,5.024449229240417480e-01,-1.094601869583129883e+00,4.298894703388214111e-01,-1.805145479738712311e-02,3.610682189464569092e-01,-3.686254322528839111e-01,-3.138065338134765625e-01,9.537333846092224121e-01,-9.017426371574401855e-01,-2.835615873336791992e-01,-1.320284157991409302e-01,-1.156267374753952026e-01,6.792772412300109863e-01,-5.832870602607727051e-01,-1.114533543586730957e+00
-3.453013254329562187e-03,-3.347387611865997314e-01,6.744880974292755127e-02,5.018438026309013367e-02,-1.359651833772659302e-01,8.669389486312866211e-01,4.768771827220916748e-01,-3.241300284862518311e-01,5.518831014633178711e-01,1.442542374134063721e-01,1.398604631423950195e+00,-8.471504449844360352e-01,1.077122688293457031e-01,-6.636814475059509277e-01,1.249754726886749268e-01,1.270226091146469116e-01,1.206551790237426758e+00,-3.998698890209197998e-01,2.617999911308288574e-01,-1.492984443902969360e-01,2.231257110834121704e-01,5.084732770919799805e-01,-1.045996665954589844e+00,4.865739047527313232e-01,1.448004413396120071e-02,3.206366598606109619e-01,-3.750924766063690186e-01,-3.341606259346008301e-01,9.685508012771606445e-01,-8.466509580612182617e-01,-3.112187087535858154e-01,-1.532422453165054321e-01,-1.786807924509048462e-01,6.710409522056579590e-01,-5.840752124786376953e-01,-1.097249031066894531e+00
-1.215248252265155315e-03,-3.347807526588439941e-01,6.633213907480239868e-02,3.874757885932922363e-02,-1.238077208399772644e-01,8.703699707984924316e-01,4.750014245510101318e-01,-3.751008510589599609e-01,5.407614707946777344e-01,1.448018550872802734e-01,1.414121508598327637e+00,-8.347126841545104980e-01,1.385655850172042847e-01,-7.036168575286865234e-01,1.320751905441284180e-01,1.637385189533233643e-01,1.227085471153259277e+00,-4.118983745574951172e-01,2.617999911308288574e-01,-1.704323440790176392e-01,2.109836935997009277e-01,5.103684663772583008e-01,-9.903810024261474609e-01,5.128419399261474609e-01,1.957662031054496765e-02,2.598409056663513184e-01,-3.554631173610687256e-01,-3.441724181175231934e-01,9.698356389999389648e-01,-7.750517129898071289e-01,-3.341714441776275635e-01,-1.589933931827545166e-01,-2.450121492147445679e-01,6.484785676002502441e-01,-5.847556591033935547e-01,-1.075486660003662109e+00
1.265739905647933483e-03,-3.354495167732238770e-01,6.675522774457931519e-02,2.745920792222023010e-02,-1.066128090023994446e-01,8.759225010871887207e-01,4.697227478027343750e-01,-4.316806197166442871e-01,5.154951214790344238e-01,1.536328643560409546e-01,1.421260476112365723e+00,-8.099172711372375488e-01,1.735534667968750000e-01,-7.476778030395507812e-01,1.231258213520050049e-01,2.047201395034790039e-01,1.243282556533813477e+00,-4.129132628440856934e-01,2.612471580505371094e-01,-1.961842924356460571e-01,1.974222064018249512e-01,5.114458203315734863e-01,-9.282892942428588867e-01,5.033550858497619629e-01,-1.035461761057376862e-02,1.680010259151458740e-01,-3.135363757610321045e-01,-3.392181098461151123e-01,9.542360305786132812e-01,-6.863138079643249512e-01,-3.504052460193634033e-01,-1.409115195274353027e-01,-3.225899934768676758e-01,6.149203181266784668e-01,-5.799435973167419434e-01,-1.045702219009399414e+00
4.626985173672437668e-03,-3.359900712966918945e-01,6.827824562788009644e-02,1.589000970125198364e-02,-8.906305581331253052e-02,8.820084929466247559e-01,4.624676108360290527e-01,-4.865470826625823975e-01,4.867872893810272217e-01,1.690386235713958740e-01,1.416796565055847168e+00,-7.864925265312194824e-01,2.118349969387054443e-01,-7.880895733833312988e-01,1.146429255604743958e-01,2.484828084707260132e-01,1.251546978950500488e+00,-4.090977907180786133e-01,2.600950002670288086e-01,-2.182969599962234497e-01,1.844374090433120728e-01,5.133119225502014160e-01,-8.757826685905456543e-01,4.618950784206390381e-01,-8.753816783428192139e-02,6.147883087396621704e-02,-2.645710706710815430e-01,-3.272390663623809814e-01,9.031410813331604004e-01,-5.779503583908081055e-01,-3.640068471431732178e-01,-7.975797355175018311e-02,-3.994271457195281982e-01,5.995378494262695312e-01,-5.730284452438354492e-01,-9.839025139808654785e-01
1.052542869001626968e-02,-3.346610367298126221e-01,7.234273105859756470e-02,7.600818760693073273e-03,-7.158427685499191284e-02,8.886724114418029785e-01,4.528567790985107422e-01,-5.320334434509277344e-01,4.587791264057159424e-01,1.898811757564544678e-01,1.399303555488586426e+00,-7.453997135162353516e-01,2.344985008239746094e-01,-8.207222819328308105e-01,1.028445065021514893e-01,2.751607298851013184e-01,1.259372949600219727e+00,-3.923938870429992676e-01,2.345272749662399292e-01,-2.291606366634368896e-01,1.744851320981979370e-01,5.146988630294799805e-01,-8.546026349067687988e-01,3.887619972229003906e-01,-2.040175795555114746e-01,-3.645645827054977417e-02,-2.171434164047241211e-01,-3.154632449150085449e-01,8.283683657646179199e-01,-4.867442548274993896e-01,-3.814908564090728760e-01,3.703769668936729431e-02,-4.641283452510833740e-01,6.045125126838684082e-01,-5.430254340171813965e-01,-8.694530725479125977e-01
1.731520518660545349e-02,-3.318200707435607910e-01,7.855650037527084351e-02,1.823825441533699632e-04,-5.666543170809745789e-02,8.956691622734069824e-01,4.410960674285888672e-01,-5.645840764045715332e-01,4.345753192901611328e-01,2.130096703767776489e-01,1.362159609794616699e+00,-7.063437700271606445e-01,2.407329380512237549e-01,-8.407440185546875000e-01,9.124775975942611694e-02,2.895589172840118408e-01,1.254904508590698242e+00,-3.738060891628265381e-01,2.032111436128616333e-01,-2.261706888675689697e-01,1.672799736261367798e-01,5.154602527618408203e-01,-8.878898024559020996e-01,2.779474854469299316e-01,-3.331744968891143799e-01,-8.005352318286895752e-02,-1.772903949022293091e-01,-3.064180910587310791e-01,7.495539784431457520e-01,-4.537502527236938477e-01,-3.963716924190521240e-01,1.911166459321975708e-01,-4.802381098270416260e-01,6.438113451004028320e-01,-5.045537948608398438e-01,-7.328920364379882812e-01
2.358494885265827179e-02,-3.279433250427246094e-01,8.625803887844085693e-02,-7.848142646253108978e-03,-4.713613912463188171e-02,9.017911553382873535e-01,4.295221567153930664e-01,-5.858117341995239258e-01,4.237448871135711670e-01,2.375843673944473267e-01,1.317725539207458496e+00,-6.736516356468200684e-01,2.422475665807723999e-01,-8.482190370559692383e-01,8.653404563665390015e-02,2.953847944736480713e-01,1.235710978507995605e+00,-3.506740927696228027e-01,1.790254265069961548e-01,-2.178595960140228271e-01,1.615802943706512451e-01,5.155657529830932617e-01,-9.669729471206665039e-01,1.376096010208129883e-01,-4.153475761413574219e-01,-7.169719785451889038e-02,-1.314042806625366211e-01,-3.027018606662750244e-01,6.898105740547180176e-01,-5.159209370613098145e-01,-3.615608513355255127e-01,3.291680514812469482e-01,-4.547836780548095703e-01,6.791196465492248535e-01,-4.733289778232574463e-01,-6.304316520690917969e-01
2.894468978047370911e-02,-3.228451013565063477e-01,9.352785348892211914e-02,-1.296132709830999374e-02,-3.812913224101066589e-02,9.066295027732849121e-01,4.200013279914855957e-01,-5.949749350547790527e-01,4.199419617652893066e-01,2.712678611278533936e-01,1.275783896446228027e+00,-6.382802128791809082e-01,2.409190535545349121e-01,-8.502807021141052246e-01,7.463335990905761719e-02,2.900332212448120117e-01,1.215090513229370117e+00,-3.343080282211303711e-01,1.606128662824630737e-01,-2.136436700820922852e-01,1.664034724235534668e-01,5.135281682014465332e-01,-1.065940856933593750e+00,-3.285067155957221985e-03,-4.334154427051544189e-01,-2.656931243836879730e-02,-8.473248034715652466e-02,-3.091609776020050049e-01,6.640607714653015137e-01,-6.462166309356689453e-01,-2.787537872791290283e-01,4.148646891117095947e-01,-4.024091660976409912e-01,7.101693749427795410e-01,-4.602288007736206055e-01,-5.659836530685424805e-01
3.282270208001136780e-02,-3.162218928337097168e-01,9.937832504510879517e-02,-2.223437279462814331e-02,-3.186657279729843140e-02,9.101840257644653320e-01,4.123775064945220947e-01,-6.089146137237548828e-01,4.240055978298187256e-01,2.984103560447692871e-01,1.241982936859130859e+00,-6.158859729766845703e-01,2.340781688690185547e-01,-8.568865060806274414e-01,6.725937873125076294e-02,2.707146704196929932e-01,1.191855788230895996e+00,-3.193838596343994141e-01,1.771808415651321411e-01,-2.164687365293502808e-01,1.771907359361648560e-01,5.087123513221740723e-01,-1.157966494560241699e+00,-7.887354493141174316e-02,-3.956702053546905518e-01,2.771573327481746674e-02,-6.182337179780006409e-02,-3.183850049972534180e-01,6.898988485336303711e-01,-7.775679230690002441e-01,-1.879449188709259033e-01,4.164706170558929443e-01,-3.675821125507354736e-01,7.582703232765197754e-01,-5.057111382484436035e-01,-5.481044054031372070e-01
3.491475433111190796e-02,-3.081011772155761719e-01,1.040818691253662109e-01,-3.234767168760299683e-02,-2.643431350588798523e-02,9.110208749771118164e-01,4.102388024330139160e-01,-6.194909811019897461e-01,4.294861853122711182e-01,3.162482380867004395e-01,1.217032909393310547e+00,-5.997946262359619141e-01,2.124971300363540649e-01,-8.603737950325012207e-01,7.300573587417602539e-02,2.533330917358398438e-01,1.163154721260070801e+00,-3.097953796386718750e-01,2.307940721511840820e-01,-2.262731045484542847e-01,2.007268369197845459e-01,4.952702522277832031e-01,-1.221716761589050293e+00,-4.981148988008499146e-02,-3.230829238891601562e-01,6.644562631845474243e-02,-4.315887019038200378e-02,-3.324097394943237305e-01,7.467096447944641113e-01,-8.629428148269653320e-01,-1.343703269958496094e-01,3.498380482196807861e-01,-3.742392063140869141e-01,7.957156896591186523e-01,-5.712794661521911621e-01,-5.615275502204895020e-01
3.688434138894081116e-02,-2.974081933498382568e-01,1.074484139680862427e-01,-3.879522904753684998e-02,-2.404366806149482727e-02,9.098629951477050781e-01,4.123907387256622314e-01,-6.170752048492431641e-01,4.392968714237213135e-01,3.142440021038055420e-01,1.202296853065490723e+00,-5.945039391517639160e-01,1.701895743608474731e-01,-8.527677059173583984e-01,9.328896552324295044e-02,2.279683202505111694e-01,1.142807245254516602e+00,-3.159251213073730469e-01,2.606785595417022705e-01,-2.391213327646255493e-01,2.362085878849029541e-01,4.846257269382476807e-01,-1.240843653678894043e+00,5.709769204258918762e-02,-2.349385470151901245e-01,1.104405596852302551e-01,-5.844983085989952087e-02,-3.424989581108093262e-01,8.252351284027099609e-01,-9.185141921043395996e-01,-1.206370517611503601e-01,2.357692271471023560e-01,-4.136352241039276123e-01,8.070070147514343262e-01,-6.350336074829101562e-01,-6.017849445343017578e-01
3.881701454520225525e-02,-2.853181362152099609e-01,1.083154529333114624e-01,-4.049390181899070740e-02,-2.639159746468067169e-02,9.056000113487243652e-01,4.213695824146270752e-01,-6.026994585990905762e-01,4.551183879375457764e-01,2.864668071269989014e-01,1.206315875053405762e+00,-6.064947247505187988e-01,1.222421079874038696e-01,-8.396364450454711914e-01,1.203399822115898132e-01,1.917310804128646851e-01,1.137289404869079590e+00,-3.329373896121978760e-01,2.617999911308288574e-01,-2.488686889410018921e-01,2.626023888587951660e-01,4.830319881439208984e-01,-1.202112078666687012e+00,2.056684345006942749e-01,-1.324048936367034912e-01,1.496175676584243774e-01,-9.916573762893676758e-02,-3.595865368843078613e-01,9.120313525199890137e-01,-9.422561526298522949e-01,-1.544571369886398315e-01,1.085014939308166504e-01,-4.311506450176239014e-01,7.807626128196716309e-01,-6.808117628097534180e-01,-6.834194064140319824e-01
3.837037459015846252e-02,-2.751119732856750488e-01,1.044983491301536560e-01,-3.636483848094940186e-02,-3.372671455144882202e-02,8.995984196662902832e-01,4.338926076889038086e-01,-5.819655060768127441e-01,4.886532425880432129e-01,2.651626765727996826e-01,1.246481060981750488e+00,-6.242768168449401855e-01,8.954948931932449341e-02,-8.196520209312438965e-01,1.426693201065063477e-01,1.680343896150588989e-01,1.143485188484191895e+00,-3.653192520141601562e-01,2.617999911308288574e-01,-2.496419250965118408e-01,2.741657495498657227e-01,4.790228009223937988e-01,-1.122425794601440430e+00,3.602388501167297363e-01,-2.608881704509258270e-02,1.891375035047531128e-01,-1.396784931421279907e-01,-3.680519461631774902e-01,9.852513670921325684e-01,-9.436908960342407227e-01,-2.050203979015350342e-01,-4.467760678380727768e-03,-4.227207303047180176e-01,7.444657683372497559e-01,-6.902708411216735840e-01,-7.832562327384948730e-01
3.602762147784233093e-02,-2.670920491218566895e-01,9.823107719421386719e-02,-3.229973092675209045e-02,-3.892954438924789429e-02,8.928366303443908691e-01,4.475309550762176514e-01,-5.622168183326721191e-01,5.258066058158874512e-01,2.572825253009796143e-01,1.299332141876220703e+00,-6.436544656753540039e-01,6.361559033393859863e-02,-8.063625693321228027e-01,1.520119607448577881e-01,1.531229466199874878e-01,1.161719918251037598e+00,-4.151661694049835205e-01,2.617999911308288574e-01,-2.380066365003585815e-01,2.757501006126403809e-01,4.767751097679138184e-01,-1.031801104545593262e+00,4.892609417438507080e-01,7.285768538713455200e-02,2.126270979642868042e-01,-1.540743410587310791e-01,-3.737348318099975586e-01,1.040750145912170410e+00,-9.267171025276184082e-01,-2.568685114383697510e-01,-9.411124885082244873e-02,-4.068697690963745117e-01,7.096835374832153320e-01,-6.785430908203125000e-01,-8.608461022377014160e-01
3.345730900764465332e-02,-2.601965665817260742e-01,8.997198939323425293e-02,-2.672883681952953339e-02,-4.431927576661109924e-02,8.872845768928527832e-01,4.583092927932739258e-01,-5.424339175224304199e-01,5.617681145668029785e-01,2.545297145843505859e-01,1.358267426490783691e+00,-6.668456792831420898e-01,5.084351450204849243e-02,-8.001909255981445312e-01,1.627970933914184570e-01,1.405129283666610718e-01,1.196350216865539551e+00,-4.698242545127868652e-01,2.617999911308288574e-01,-2.301208227872848511e-01,2.700398266315460205e-01,4.817653298377990723e-01,-9.371913075447082520e-01,5.976557731628417969e-01,1.563567072153091431e-01,2.255714237689971924e-01,-1.484777778387069702e-01,-3.738620877265930176e-01,1.078326702117919922e+00,-9.059804081916809082e-01,-3.140477240085601807e-01,-1.589735597372055054e-01,-3.979421555995941162e-01,6.650565266609191895e-01,-6.568067073822021484e-01,-9.241124987602233887e-01
3.026670217514038086e-02,-2.554379403591156006e-01,8.336929976940155029e-02,-2.175113558769226074e-02,-4.689551144838333130e-02,8.819838166236877441e-01,4.684359729290008545e-01,-5.216295123100280762e-01,5.815438032150268555e-01,2.539034187793731689e-01,1.402480840682983398e+00,-6.874398589134216309e-01,4.457814618945121765e-02,-7.996059060096740723e-01,1.683467477560043335e-01,1.350474953651428223e-01,1.230361104011535645e+00,-5.125418901443481445e-01,2.617999911308288574e-01,-2.245754003524780273e-01,2.619119286537170410e-01,4.942467808723449707e-01,-8.463975191116333008e-01,6.793481111526489258e-01,2.183548063039779663e-01,2.219680398702621460e-01,-1.219058558344841003e-01,-3.650648295879364014e-01,1.098058938980102539e+00,-8.787759542465209961e-01,-3.682364225387573242e-01,-1.903459280729293823e-01,-3.978432714939117432e-01,6.023885607719421387e-01,-6.218914389610290527e-01,-9.661539196968078613e-01
2.830785140395164490e-02,-2.518993616104125977e-01,7.896496355533599854e-02,-1.732593216001987457e-02,-4.572883248329162598e-02,8.789626955986022949e-01,4.743767380714416504e-01,-5.007964968681335449e-01,5.834929347038269043e-01,2.590862214565277100e-01,1.423936128616333008e+00,-7.078163623809814453e-01,4.745940491557121277e-02,-8.027815222740173340e-01,1.687640994787216187e-01,1.355776488780975342e-01,1.259381890296936035e+00,-5.402740240097045898e-01,2.617999911308288574e-01,-2.299595773220062256e-01,2.470696866512298584e-01,5.029854774475097656e-01,-7.537918686866760254e-01,7.255659699440002441e-01,2.533569037914276123e-01,1.868299841880798340e-01,-7.644570618867874146e-02,-3.512457609176635742e-01,1.096756100654602051e+00,-8.449773192405700684e-01,-4.100632667541503906e-01,-1.896892637014389038e-01,-4.114236831665039062e-01,5.158575177192687988e-01,-5.772191286087036133e-01,-1.005043745040893555e+00
2.719571627676486969e-02,-2.501333057880401611e-01,7.890623062849044800e-02,-1.340226922184228897e-02,-3.909244388341903687e-02,8.791050910949707031e-01,4.748330414295196533e-01,-4.839889109134674072e-01,5.652655959129333496e-01,2.722222208976745605e-01,1.422575831413269043e+00,-7.115623354911804199e-01,5.039501562714576721e-02,-8.034800291061401367e-01,1.565888375043869019e-01,1.474556773900985718e-01,1.273369908332824707e+00,-5.519138574600219727e-01,2.617999911308288574e-01,-2.489977031946182251e-01,2.288590669631958008e-01,5.040743947029113770e-01,-6.577188968658447266e-01,7.290419340133666992e-01,2.580295801162719727e-01,1.124157756567001343e-01,-1.545969396829605103e-02,-3.287398815155029297e-01,1.071590304374694824e+00,-7.927967309951782227e-01,-4.363435208797454834e-01,-1.672972887754440308e-01,-4.428665339946746826e-01,4.058187603950500488e-01,-5.237402915954589844e-01,-1.050594687461853027e+00
2.700162865221500397e-02,-2.504759430885314941e-01,8.156710118055343628e-02,-9.654368273913860321e-03,-3.330745175480842590e-02,8.810102343559265137e-01,4.718245267868041992e-01,-4.746101796627044678e-01,5.471552610397338867e-01,2.851658165454864502e-01,1.415174484252929688e+00,-6.956744194030761719e-01,5.511613190174102783e-02,-7.967450618743896484e-01,1.436342000961303711e-01,1.664976328611373901e-01,1.270985245704650879e+00,-5.500572919845581055e-01,2.617999911308288574e-01,-2.718573808670043945e-01,2.109896391630172729e-01,5.051900148391723633e-01,-5.854883790016174316e-01,7.002797126770019531e-01,2.181722372770309448e-01,2.142627909779548645e-02,4.025168716907501221e-02,-3.109750747680664062e-01,1.031704425811767578e+00,-7.233349084854125977e-01,-4.553403854370117188e-01,-1.376920044422149658e-01,-4.723661541938781738e-01,3.127279877662658691e-01,-4.770828783512115479e-01,-1.082365036010742188e+00
2.765078470110893250e-02,-2.529352605342864990e-01,8.678913861513137817e-02,-6.439943332225084305e-03,-2.582692354917526245e-02,8.849419355392456055e-01,4.649401009082794189e-01,-4.739502966403961182e-01,5.284386277198791504e-01,3.050962090492248535e-01,1.407227993011474609e+00,-6.602632403373718262e-01,5.121674016118049622e-02,-7.860001921653747559e-01,1.224551200866699219e-01,1.921351850032806396e-01,1.254038333892822266e+00,-5.418037772178649902e-01,2.617999911308288574e-01,-2.954105138778686523e-01,1.923280209302902222e-01,5.068753957748413086e-01,-5.429956912994384766e-01,6.339983940124511719e-01,1.317840218544006348e-01,-8.357557654380798340e-02,8.306650072336196899e-02,-3.072985708713531494e-01,9.736425280570983887e-01,-6.313399076461791992e-01,-4.564419090747833252e-01,-9.713684022426605225e-02,-5.066567063331604004e-01,2.392495274543762207e-01,-4.328226745128631592e-01,-1.092541456222534180e+00
2.937134355306625366e-02,-2.571202814579010010e-01,9.404985606670379639e-02,-2.534075872972607613e-03,-1.704466342926025391e-02,8.904156684875488281e-01,4.548219740390777588e-01,-4.828464388847351074e-01,5.075338482856750488e-01,3.240343332290649414e-01,1.401676058769226074e+00,-6.011877059936523438e-01,4.125712811946868896e-02,-7.719346880912780762e-01,9.786240756511688232e-02,2.271176278591156006e-01,1.227724432945251465e+00,-5.222323536872863770e-01,2.610619068145751953e-01,-3.089495599269866943e-01,1.683087050914764404e-01,5.087153315544128418e-01,-5.379731655120849609e-01,5.369130373001098633e-01,2.232922799885272980e-02,-1.773778051137924194e-01,1.125435009598731995e-01,-3.090513050556182861e-01,9.001681208610534668e-01,-5.224084854125976562e-01,-4.400988221168518066e-01,-3.178055956959724426e-02,-5.418436527252197266e-01,1.929057538509368896e-01,-4.007105231285095215e-01,-1.062951326370239258e+00
3.242172673344612122e-02,-2.624451220035552979e-01,1.009228453040122986e-01,3.076832508668303490e-03,-1.186585705727338791e-02,8.975624442100524902e-01,4.407168924808502197e-01,-5.013259649276733398e-01,4.982333183288574219e-01,3.483187556266784668e-01,1.397484421730041504e+00,-5.565978884696960449e-01,4.164969548583030701e-02,-7.529673576354980469e-01,7.493393123149871826e-02,2.595044076442718506e-01,1.199457168579101562e+00,-4.896646738052368164e-01,2.601575255393981934e-01,-3.184457123279571533e-01,1.407779157161712646e-01,5.100519657135009766e-01,-5.622071027755737305e-01,4.179354906082153320e-01,-9.789828956127166748e-02,-2.483316957950592041e-01,1.231208369135856628e-01,-3.192557692527770996e-01,8.212243914604187012e-01,-4.288613200187683105e-01,-4.173447191715240479e-01,5.494337528944015503e-02,-5.650545358657836914e-01,1.704327017068862915e-01,-3.770703077316284180e-01,-1.005977988243103027e+00
3.761508688330650330e-02,-2.669173181056976318e-01,1.084904149174690247e-01,8.005225099623203278e-03,-4.918808583170175552e-03,9.023182988166809082e-01,4.309679567813873291e-01,-5.276680588722229004e-01,4.826770126819610596e-01,3.573112189769744873e-01,1.374225139617919922e+00,-5.385130047798156738e-01,2.462469413876533508e-02,-7.393382787704467773e-01,5.909069254994392395e-02,2.851418256759643555e-01,1.167944788932800293e+00,-4.492571055889129639e-01,2.410803139209747314e-01,-3.102169632911682129e-01,1.057835742831230164e-01,5.111813545227050781e-01,-6.208511590957641602e-01,2.840954065322875977e-01,-2.296191155910491943e-01,-2.709904313087463379e-01,1.189321205019950867e-01,-3.286816477775573730e-01,7.425994873046875000e-01,-3.582268953323364258e-01,-3.765122890472412109e-01,1.719365268945693970e-01,-5.708677768707275391e-01,1.640565097332000732e-01,-3.623919188976287842e-01,-9.443575739860534668e-01
4.291892424225807190e-02,-2.711715400218963623e-01,1.115045025944709778e-01,1.553845219314098358e-02,-3.872659523040056229e-03,9.068655967712402344e-01,4.211156368255615234e-01,-5.477657318115234375e-01,4.807579517364501953e-01,3.627428412437438965e-01,1.348319649696350098e+00,-5.326061248779296875e-01,1.142351049929857254e-02,-7.250527739524841309e-01,4.290795326232910156e-02,2.929727435111999512e-01,1.147039771080017090e+00,-4.206961691379547119e-01,2.237520813941955566e-01,-2.908263504505157471e-01,6.604386866092681885e-02,5.093755125999450684e-01,-7.016633749008178711e-01,1.443026512861251831e-01,-3.404137790203094482e-01,-2.456262409687042236e-01,1.135339066386222839e-01,-3.285003602504730225e-01,6.640409231185913086e-01,-3.528330326080322266e-01,-3.375469446182250977e-01,3.237199187278747559e-01,-5.579683184623718262e-01,1.868135780096054077e-01,-3.455383479595184326e-01,-8.663148283958435059e-01
4.752570018172264099e-02,-2.742916047573089600e-01,1.127457022666931152e-01,1.859284751117229462e-02,-4.780026152729988098e-03,9.106424450874328613e-01,4.127490818500518799e-01,-5.611438751220703125e-01,4.830936789512634277e-01,3.582184910774230957e-01,1.315102934837341309e+00,-5.180054306983947754e-01,-8.924945723265409470e-04,-7.215873003005981445e-01,3.155364096164703369e-02,2.899278104305267334e-01,1.132900357246398926e+00,-3.975630402565002441e-01,2.090358436107635498e-01,-2.721771895885467529e-01,2.399995736777782440e-02,5.007398128509521484e-01,-7.779065370559692383e-01,2.269766479730606079e-02,-4.173355400562286377e-01,-1.854151487350463867e-01,1.025520041584968567e-01,-3.286117911338806152e-01,5.998083353042602539e-01,-3.980205953121185303e-01,-2.988157272338867188e-01,4.622493982315063477e-01,-5.351529121398925781e-01,2.161356359720230103e-01,-3.258942365646362305e-01,-8.105272054672241211e-01
5.083752423524856567e-02,-2.758461833000183105e-01,1.133840084075927734e-01,2.048108167946338654e-02,-3.245476633310317993e-03,9.117620587348937988e-01,4.101949930191040039e-01,-5.663168430328369141e-01,4.892430007457733154e-01,3.416499495506286621e-01,1.280954718589782715e+00,-5.048169493675231934e-01,-1.163279265165328979e-02,-7.278989553451538086e-01,1.218308787792921066e-02,2.718148827552795410e-01,1.127724289894104004e+00,-3.849423229694366455e-01,1.980541646480560303e-01,-2.533420324325561523e-01,-1.044722739607095718e-02,4.769741296768188477e-01,-8.506700992584228516e-01,-5.804266780614852905e-02,-4.495291709899902344e-01,-1.227881535887718201e-01,9.112346917390823364e-02,-3.263329267501831055e-01,5.801703929901123047e-01,-4.776967465877532959e-01,-2.673109769821166992e-01,5.508136749267578125e-01,-4.979905486106872559e-01,2.575061023235321045e-01,-3.201291561126708984e-01,-7.985843420028686523e-01
5.256075039505958557e-02,-2.757249176502227783e-01,1.142807453870773315e-01,2.155320346355438232e-02,-5.198546685278415680e-03,9.110668301582336426e-01,4.116621017456054688e-01,-5.556310415267944336e-01,5.057191848754882812e-01,3.152808845043182373e-01,1.258169412612915039e+00,-4.898350536823272705e-01,-2.205496653914451599e-02,-7.303866744041442871e-01,-9.429896017536520958e-04,2.420394569635391235e-01,1.126809239387512207e+00,-3.739175200462341309e-01,2.028921991586685181e-01,-2.418888807296752930e-01,-3.681996464729309082e-02,4.521517455577850342e-01,-9.335091114044189453e-01,-1.017597541213035583e-01,-4.364403486251831055e-01,-7.526985555887222290e-02,6.632622331380844116e-02,-3.243610560894012451e-01,6.002572774887084961e-01,-5.847663879394531250e-01,-2.447528094053268433e-01,5.565373301506042480e-01,-4.318480789661407471e-01,3.130749166011810303e-01,-3.391996920108795166e-01,-8.419224619865417480e-01
5.274495109915733337e-02,-2.743232250213623047e-01,1.107243895530700684e-01,2.770213596522808075e-02,-1.455392688512802124e-02,9.094488024711608887e-01,4.146368205547332764e-01,-5.345737338066101074e-01,5.192601680755615234e-01,2.782492935657501221e-01,1.250654220581054688e+00,-4.970121383666992188e-01,-3.882007673382759094e-02,-7.209174633026123047e-01,-5.128139629960060120e-03,2.050693184137344360e-01,1.144831538200378418e+00,-3.827553689479827881e-01,2.253464013338088989e-01,-2.284182161092758179e-01,-4.982499033212661743e-02,4.298257231712341309e-01,-1.015715003013610840e+00,-8.894179016351699829e-02,-3.852631747722625732e-01,-3.142060711979866028e-02,3.270178288221359253e-02,-3.187600374221801758e-01,6.596549153327941895e-01,-6.873756051063537598e-01,-2.442196607589721680e-01,4.677755236625671387e-01,-3.212354779243469238e-01,4.015442430973052979e-01,-3.837113380432128906e-01,-9.300359487533569336e-01
5.144478753209114075e-02,-2.722925841808319092e-01,1.055355295538902283e-01,3.581333532929420471e-02,-2.637154608964920044e-02,9.067692160606384277e-01,4.192749857902526855e-01,-5.078535676002502441e-01,5.349924564361572266e-01,2.479175478219985962e-01,1.250177383422851562e+00,-5.230102539062500000e-01,-4.820273071527481079e-02,-7.049881815910339355e-01,-1.169458776712417603e-02,1.601643860340118408e-01,1.168840765953063965e+00,-4.034604132175445557e-01,2.564426362514495850e-01,-2.139206677675247192e-01,-4.847374185919761658e-02,4.095376729965209961e-01,-1.059978961944580078e+00,-3.078142181038856506e-02,-3.109322190284729004e-01,2.869214490056037903e-02,-1.991569809615612030e-02,-3.115976452827453613e-01,7.452957630157470703e-01,-7.721212506294250488e-01,-2.821606695652008057e-01,3.222642540931701660e-01,-1.528375297784805298e-01,4.806236922740936279e-01,-4.264407157897949219e-01,-1.038518667221069336e+00
5.145965144038200378e-02,-2.686467766761779785e-01,1.004518792033195496e-01,4.064078629016876221e-02,-4.069001972675323486e-02,9.055367708206176758e-01,4.203520417213439941e-01,-4.820712804794311523e-01,5.557043552398681641e-01,2.166582196950912476e-01,1.251499056816101074e+00,-5.734399557113647461e-01,-5.766645818948745728e-02,-6.862758398056030273e-01,-6.296201609075069427e-03,1.050083264708518982e-01,1.190950274467468262e+00,-4.295668601989746094e-01,2.608989179134368896e-01,-1.895030438899993896e-01,-3.941531851887702942e-02,3.980247378349304199e-01,-1.059682726860046387e+00,5.568636953830718994e-02,-2.530489563941955566e-01,1.002937555313110352e-01,-8.700351417064666748e-02,-3.084788918495178223e-01,8.025512099266052246e-01,-8.224719762802124023e-01,-3.496586978435516357e-01,1.862990260124206543e-01,2.722720988094806671e-02,5.387640595436096191e-01,-4.491538107395172119e-01,-1.130569577217102051e+00
5.028142407536506653e-02,-2.662987411022186279e-01,9.771797806024551392e-02,4.778962582349777222e-02,-5.215664207935333252e-02,9.032781720161437988e-01,4.231836795806884766e-01,-4.569251835346221924e-01,5.747414231300354004e-01,1.980654746294021606e-01,1.265795707702636719e+00,-5.915187001228332520e-01,-7.067486643791198730e-02,-6.615221500396728516e-01,-5.661611445248126984e-03,6.218582391738891602e-02,1.202058076858520508e+00,-4.466578960418701172e-01,2.616437971591949463e-01,-1.581188589334487915e-01,-2.685520797967910767e-02,3.896431028842926025e-01,-1.039320945739746094e+00,1.434778869152069092e-01,-2.040904760360717773e-01,1.506000310182571411e-01,-1.502544879913330078e-01,-3.104320466518402100e-01,8.308992981910705566e-01,-8.457670807838439941e-01,-4.191905558109283447e-01,7.558685541152954102e-02,1.660897433757781982e-01,5.674884915351867676e-01,-4.552732110023498535e-01,-1.194698095321655273e+00
4.850264266133308411e-02,-2.654109895229339600e-01,9.622170776128768921e-02,5.699933692812919617e-02,-6.455209851264953613e-02,9.012435674667358398e-01,4.246694445610046387e-01,-4.323803782463073730e-01,5.998876094818115234e-01,1.917789727449417114e-01,1.287125349044799805e+00,-5.905728340148925781e-01,-8.593371510505676270e-02,-6.262981295585632324e-01,-2.983183134347200394e-03,2.920020185410976410e-02,1.199382424354553223e+00,-4.553858637809753418e-01,2.617999911308288574e-01,-1.277287602424621582e-01,-2.223473787307739258e-02,3.781711161136627197e-01,-1.007109284400939941e+00,2.238779664039611816e-01,-1.537321805953979492e-01,1.666151583194732666e-01,-1.956240236759185791e-01,-3.159112036228179932e-01,8.351680040359497070e-01,-8.420424461364746094e-01,-4.834933876991271973e-01,-1.233275514096021652e-02,2.602847218513488770e-01,5.724366307258605957e-01,-4.442767202854156494e-01,-1.229837417602539062e+00
4.494972527027130127e-02,-2.667790949344635010e-01,9.821606427431106567e-02,6.439079344272613525e-02,-7.460081577301025391e-02,8.984079957008361816e-01,4.279622137546539307e-01,-4.071080982685089111e-01,6.065930724143981934e-01,1.795764863491058350e-01,1.300446271896362305e+00,-5.797807574272155762e-01,-1.118674278259277344e-01,-5.878796577453613281e-01,5.227779503911733627e-03,1.994354464113712311e-02,1.176037669181823730e+00,-4.551720023155212402e-01,2.617999911308288574e-01,-1.002827137708663940e-01,-2.262484468519687653e-02,3.707147836685180664e-01,-9.622725248336791992e-01,2.872166037559509277e-01,-1.102791205048561096e-01,1.476207077503204346e-01,-2.174450159072875977e-01,-3.258629739284515381e-01,8.084340691566467285e-01,-8.083680868148803711e-01,-5.306903123855590820e-01,-7.314348220825195312e-02,3.147433698177337646e-01,5.636039972305297852e-01,-4.263480603694915771e-01,-1.233622074127197266e+00
4.114816710352897644e-02,-2.698299586772918701e-01,1.013385653495788574e-01,7.266400009393692017e-02,-8.406668156385421753e-02,8.954347968101501465e-01,4.311024248600006104e-01,-3.741509914398193359e-01,6.048207283020019531e-01,1.693232208490371704e-01,1.303987860679626465e+00,-5.732330679893493652e-01,-1.340069472789764404e-01,-5.454677939414978027e-01,1.466533262282609940e-02,2.003645896911621094e-02,1.143631458282470703e+00,-4.491110742092132568e-01,2.617999911308288574e-01,-7.858928292989730835e-02,-3.241077810525894165e-02,3.665037751197814941e-01,-9.033566713333129883e-01,3.309760093688964844e-01,-6.743969023227691650e-02,1.051360592246055603e-01,-2.413002550601959229e-01,-3.334669768810272217e-01,7.593409419059753418e-01,-7.444111108779907227e-01,-5.562122464179992676e-01,-1.162996962666511536e-01,3.186137080192565918e-01,5.470412969589233398e-01,-4.117439389228820801e-01,-1.213973879814147949e+00
3.659308329224586487e-02,-2.746817767620086670e-01,1.045884266495704651e-01,8.098265528678894043e-02,-9.303557872772216797e-02,8.929546475410461426e-01,4.329182803630828857e-01,-3.295944929122924805e-01,5.945798158645629883e-01,1.629932075738906860e-01,1.291354060173034668e+00,-5.896537303924560547e-01,-1.444534808397293091e-01,-5.036815404891967773e-01,2.265949547290802002e-02,2.901037596166133881e-02,1.109910845756530762e+00,-4.384120404720306396e-01,2.617999911308288574e-01,-6.632602959871292114e-02,-4.508069530129432678e-02,3.606582880020141602e-01,-8.268793821334838867e-01,3.546786010265350342e-01,-2.445156313478946686e-02,3.543317317962646484e-02,-2.552866339683532715e-01,-3.395476639270782471e-01,6.968851089477539062e-01,-6.491169929504394531e-01,-5.597392916679382324e-01,-1.474210023880004883e-01,2.666014730930328369e-01,5.106518268585205078e-01,-3.945713937282562256e-01,-1.183618783950805664e+00
3.192454203963279724e-02,-2.809148430824279785e-01,1.063710078597068787e-01,9.042439609766006470e-02,-1.027941629290580750e-01,8.912767171859741211e-01,4.322991967201232910e-01,-2.766481935977935791e-01,5.857290029525756836e-01,1.681022197008132935e-01,1.267737627029418945e+00,-6.211665272712707520e-01,-1.339878290891647339e-01,-4.633727371692657471e-01,2.905203029513359070e-02,4.053578153252601624e-02,1.082993984222412109e+00,-4.250335693359375000e-01,2.617999911308288574e-01,-6.771367788314819336e-02,-6.243219599127769470e-02,3.523320853710174561e-01,-7.392145991325378418e-01,3.590258359909057617e-01,1.258885860443115234e-02,-4.377637058496475220e-02,-2.618114948272705078e-01,-3.431844115257263184e-01,6.319708228111267090e-01,-5.369704365730285645e-01,-5.367165207862854004e-01,-1.627560555934906006e-01,1.726470589637756348e-01,4.702687561511993408e-01,-3.783956170082092285e-01,-1.148827195167541504e+00
2.615051344037055969e-02,-2.888624072074890137e-01,1.068309545516967773e-01,1.001577749848365784e-01,-1.120263487100601196e-01,8.912777304649353027e-01,4.278346896171569824e-01,-2.247303575277328491e-01,5.710799098014831543e-01,1.809388250112533569e-01,1.235942840576171875e+00,-6.615321636199951172e-01,-1.052734628319740295e-01,-4.260588586330413818e-01,2.942913025617599487e-02,6.023608520627021790e-02,1.062454581260681152e+00,-4.108028411865234375e-01,2.617999911308288574e-01,-7.893329113721847534e-02,-8.088643848896026611e-02,3.436818122863769531e-01,-6.573430299758911133e-01,3.419305980205535889e-01,2.519012428820133209e-02,-1.091450154781341553e-01,-2.814496755599975586e-01,-3.432102501392364502e-01,5.632255673408508301e-01,-4.217523634433746338e-01,-5.027054548263549805e-01,-1.612767577171325684e-01,6.817858666181564331e-02,4.369944036006927490e-01,-3.625204563140869141e-01,-1.108463883399963379e+00
2.046262659132480621e-02,-2.974971830844879150e-01,1.076802238821983337e-01,1.069802790880203247e-01,-1.200985088944435120e-01,8.917788863182067871e-01,4.229207634925842285e-01,-1.785276681184768677e-01,5.488167405128479004e-01,1.897815018892288208e-01,1.196441054344177246e+00,-7.138453125953674316e-01,-7.357425987720489502e-02,-3.992632329463958740e-01,3.287084400653839111e-02,8.363530784845352173e-02,1.046010732650756836e+00,-3.828667998313903809e-01,2.617999911308288574e-01,-9.551790356636047363e-02,-9.765137732028961182e-02,3.433716297149658203e-01,-5.903895497322082520e-01,3.097150623798370361e-01,6.048053968697786331e-03,-1.594990044832229614e-01,-3.130924403667449951e-01,-3.393116891384124756e-01,4.889888763427734375e-01,-3.099041283130645752e-01,-4.529446363449096680e-01,-1.376502960920333862e-01,-2.957728505134582520e-02,4.370031058788299561e-01,-3.530898988246917725e-01,-1.047586321830749512e+00
1.414116937667131424e-02,-3.068203330039978027e-01,1.075843796133995056e-01,1.150498762726783752e-01,-1.266409903764724731e-01,8.940470218658447266e-01,4.140114486217498779e-01,-1.352055221796035767e-01,5.189350843429565430e-01,1.987943798303604126e-01,1.153323650360107422e+00,-7.761283516883850098e-01,-2.488074451684951782e-02,-3.782235383987426758e-01,3.126343339681625366e-02,1.157664433121681213e-01,1.044231057167053223e+00,-3.455913066864013672e-01,2.617999911308288574e-01,-1.175794601440429688e-01,-1.163997352123260498e-01,3.466263115406036377e-01,-5.342976450920104980e-01,2.703126668930053711e-01,-4.918619245290756226e-02,-1.883745342493057251e-01,-3.450389504432678223e-01,-3.248060345649719238e-01,4.011033773422241211e-01,-2.014065235853195190e-01,-3.888230025768280029e-01,-8.962413668632507324e-02,-1.139951422810554504e-01,4.617250263690948486e-01,-3.386179506778717041e-01,-9.669432044029235840e-01
8.000915870070457458e-03,-3.163347840309143066e-01,1.097970828413963318e-01,1.202652305364608765e-01,-1.330721080303192139e-01,8.971335291862487793e-01,4.037071764469146729e-01,-1.060107126832008362e-01,4.919417798519134521e-01,2.013127058744430542e-01,1.115454912185668945e+00,-8.164879083633422852e-01,1.742443814873695374e-02,-3.683650791645050049e-01,2.932229265570640564e-02,1.403998136520385742e-01,1.052285552024841309e+00,-2.787003517150878906e-01,2.616153359413146973e-01,-1.390925198793411255e-01,-1.262469738721847534e-01,3.565689027309417725e-01,-5.143088698387145996e-01,2.256168723106384277e-01,-1.403161138296127319e-01,-1.847544312477111816e-01,-3.665084838867187500e-01,-2.958008050918579102e-01,3.184198439121246338e-01,-1.266171485185623169e-01,-3.270867764949798584e-01,-1.270669512450695038e-02,-1.850926578044891357e-01,5.105766057968139648e-01,-3.197624683380126953e-01,-8.747793436050415039e-01
1.809605164453387260e-03,-3.261594772338867188e-01,1.133708059787750244e-01,1.220691576600074768e-01,-1.378414332866668701e-01,8.995019793510437012e-01,3.962259590625762939e-01,-9.369987994432449341e-02,4.716845750808715820e-01,2.045897841453552246e-01,1.091166973114013672e+00,-8.262751102447509766e-01,4.883101955056190491e-02,-3.764424324035644531e-01,2.086731605231761932e-02,1.533516645431518555e-01,1.070858478546142578e+00,-2.078520059585571289e-01,2.601079046726226807e-01,-1.584686934947967529e-01,-1.285368651151657104e-01,3.703085780143737793e-01,-5.222555398941040039e-01,1.621486693620681763e-01,-2.463287860155105591e-01,-1.414038389921188354e-01,-3.658906519412994385e-01,-2.636639177799224854e-01,2.456974834203720093e-01,-8.883626759052276611e-02,-2.685790657997131348e-01,1.037378832697868347e-01,-2.538028359413146973e-01,5.829669833183288574e-01,-3.015676438808441162e-01,-7.705811262130737305e-01
-4.094090312719345093e-03,-3.354876935482025146e-01,1.174851059913635254e-01,1.149677038192749023e-01,-1.399086862802505493e-01,9.029734730720520020e-01,3.896753191947937012e-01,-1.081818193197250366e-01,4.543114900588989258e-01,1.998088210821151733e-01,1.073043465614318848e+00,-8.279157876968383789e-01,7.653231173753738403e-02,-4.019701480865478516e-01,1.616149395704269409e-02,1.675155609846115112e-01,1.086232900619506836e+00,-1.994470059871673584e-01,2.529886960983276367e-01,-1.777076274156570435e-01,-1.254360079765319824e-01,3.795064091682434082e-01,-5.452769994735717773e-01,7.488130778074264526e-02,-3.565465807914733887e-01,-6.487763673067092896e-02,-3.355288207530975342e-01,-2.352331429719924927e-01,1.868012845516204834e-01,-9.704211354255676270e-02,-2.220517843961715698e-01,2.557384669780731201e-01,-3.144295513629913330e-01,6.713688373565673828e-01,-2.881643474102020264e-01,-6.634443402290344238e-01
-6.359943654388189316e-03,-3.418579101562500000e-01,1.202473789453506470e-01,1.065155193209648132e-01,-1.365692764520645142e-01,9.059401154518127441e-01,3.863622248172760010e-01,-1.309650689363479614e-01,4.419496357440948486e-01,2.067237347364425659e-01,1.060195088386535645e+00,-8.245609998703002930e-01,9.543417394161224365e-02,-4.444565474987030029e-01,-1.849359017796814442e-03,1.378469616174697876e-01,1.103644490242004395e+00,-2.427275478839874268e-01,2.097750753164291382e-01,-1.866950392723083496e-01,-1.164847463369369507e-01,3.758775591850280762e-01,-5.831083059310913086e-01,-1.443423051387071609e-02,-4.474968910217285156e-01,2.679708227515220642e-02,-2.781183421611785889e-01,-2.192237526178359985e-01,1.540676951408386230e-01,-1.527829170227050781e-01,-1.901998370885848999e-01,4.101731181144714355e-01,-3.574084341526031494e-01,7.433042526245117188e-01,-2.776486873626708984e-01,-5.760544538497924805e-01
-6.925632245838642120e-03,-3.466380238533020020e-01,1.227086260914802551e-01,9.633467346429824829e-02,-1.313642412424087524e-01,9.078442454338073730e-01,3.863700926303863525e-01,-1.575558781623840332e-01,4.365141391754150391e-01,2.215131819248199463e-01,1.049920082092285156e+00,-8.155436515808105469e-01,1.097634807229042053e-01,-4.852560758590698242e-01,-3.988563641905784607e-02,7.798105478286743164e-02,1.125193476676940918e+00,-2.788157165050506592e-01,1.779175847768783569e-01,-1.850471645593643188e-01,-1.012454181909561157e-01,3.660127520561218262e-01,-6.301494240760803223e-01,-9.075310826301574707e-02,-5.020126700401306152e-01,9.187022596597671509e-02,-2.199765741825103760e-01,-2.158953845500946045e-01,1.564071327447891235e-01,-2.472985386848449707e-01,-1.656091511249542236e-01,5.023971199989318848e-01,-3.576883673667907715e-01,7.837947607040405273e-01,-2.887272834777832031e-01,-5.371322631835937500e-01
-5.722444038838148117e-03,-3.494348526000976562e-01,1.240303069353103638e-01,8.665708452463150024e-02,-1.210531964898109436e-01,9.090846776962280273e-01,3.891037702560424805e-01,-1.858965903520584106e-01,4.257045090198516846e-01,2.397701442241668701e-01,1.042696714401245117e+00,-8.029935359954833984e-01,1.154858693480491638e-01,-5.188235044479370117e-01,-1.006237119436264038e-01,8.105227723717689514e-03,1.163301825523376465e+00,-2.997775077819824219e-01,1.588537096977233887e-01,-1.665366739034652710e-01,-8.635061234235763550e-02,3.494479358196258545e-01,-6.951316595077514648e-01,-1.360425055027008057e-01,-5.061047077178955078e-01,1.056515574455261230e-01,-1.746556609869003296e-01,-2.226674854755401611e-01,1.937185078859329224e-01,-3.603273928165435791e-01,-1.534871309995651245e-01,4.849926829338073730e-01,-3.057368099689483643e-01,7.705813646316528320e-01,-3.337458074092864990e-01,-5.817475318908691406e-01
-2.988997381180524826e-03,-3.500395715236663818e-01,1.229268535971641541e-01,7.904196530580520630e-02,-1.051819026470184326e-01,9.104598760604858398e-01,3.921121954917907715e-01,-2.172398120164871216e-01,4.080929458141326904e-01,2.609115839004516602e-01,1.044838190078735352e+00,-7.913565039634704590e-01,1.175089031457901001e-01,-5.451776981353759766e-01,-1.644881218671798706e-01,-4.918725788593292236e-02,1.210461378097534180e+00,-3.198939263820648193e-01,1.569434851408004761e-01,-1.371016651391983032e-01,-7.066014409065246582e-02,3.225271701812744141e-01,-7.490897774696350098e-01,-1.260636299848556519e-01,-4.681347906589508057e-01,7.679808884859085083e-02,-1.406337320804595947e-01,-2.373369634151458740e-01,2.367541939020156860e-01,-4.538182616233825684e-01,-1.858607530593872070e-01,3.604925274848937988e-01,-2.093249708414077759e-01,7.051243185997009277e-01,-3.862815499305725098e-01,-7.053902745246887207e-01
7.603628910146653652e-04,-3.482879102230072021e-01,1.210647895932197571e-01,6.845904141664505005e-02,-8.170397579669952393e-02,9.127331972122192383e-01,3.944057822227478027e-01,-2.611009478569030762e-01,3.763878047466278076e-01,2.758179903030395508e-01,1.046574950218200684e+00,-7.744454741477966309e-01,1.138927489519119263e-01,-5.593379735946655273e-01,-2.219327390193939209e-01,-9.382487833499908447e-02,1.243809103965759277e+00,-3.370794057846069336e-01,1.635769903659820557e-01,-9.740494191646575928e-02,-5.572621524333953857e-02,2.895084619522094727e-01,-7.663593292236328125e-01,-7.457634061574935913e-02,-3.978606462478637695e-01,2.917763404548168182e-02,-1.217113509774208069e-01,-2.474072128534317017e-01,2.808779180049896240e-01,-5.127547383308410645e-01,-2.655595839023590088e-01,1.657550334930419922e-01,-1.013219729065895081e-01,6.150675415992736816e-01,-4.247756898403167725e-01,-8.651589155197143555e-01
4.952011629939079285e-03,-3.446138203144073486e-01,1.169647648930549622e-01,5.368705838918685913e-02,-5.710409581661224365e-02,9.134606122970581055e-01,3.993074893951416016e-01,-3.127117156982421875e-01,3.556490242481231689e-01,2.966683804988861084e-01,1.055009841918945312e+00,-7.718290090560913086e-01,1.025635451078414917e-01,-5.700472593307495117e-01,-2.792475223541259766e-01,-1.352926641702651978e-01,1.266181111335754395e+00,-3.510222136974334717e-01,1.856519281864166260e-01,-5.514407530426979065e-02,-4.544055834412574768e-02,2.539532780647277832e-01,-7.577805519104003906e-01,-3.132246667519211769e-03,-3.095450103282928467e-01,-3.392099216580390930e-02,-1.289849281311035156e-01,-2.641353011131286621e-01,3.341867625713348389e-01,-5.512670874595642090e-01,-3.763284683227539062e-01,-4.384034872055053711e-02,-5.131999962031841278e-03,5.261216759681701660e-01,-4.527467489242553711e-01,-1.023981690406799316e+00
9.144399315118789673e-03,-3.392654657363891602e-01,1.125947833061218262e-01,3.721410408616065979e-02,-3.739818185567855835e-02,9.131575226783752441e-01,4.041779339313507080e-01,-3.649456202983856201e-01,3.573065996170043945e-01,3.224257826805114746e-01,1.073277473449707031e+00,-7.688202857971191406e-01,9.286848455667495728e-02,-5.824385881423950195e-01,-3.273610770702362061e-01,-1.742518991231918335e-01,1.278637170791625977e+00,-3.652250468730926514e-01,2.041877508163452148e-01,-1.982537657022476196e-02,-3.781890496611595154e-02,2.166159301996231079e-01,-7.343030571937561035e-01,7.873060554265975952e-02,-2.134245932102203369e-01,-9.217143058776855469e-02,-1.471785902976989746e-01,-2.862129509449005127e-01,3.884499073028564453e-01,-5.586943626403808594e-01,-4.736776947975158691e-01,-2.200542986392974854e-01,5.517927184700965881e-02,4.745943546295166016e-01,-4.490070044994354248e-01,-1.125136613845825195e+00
1.287873554974794388e-02,-3.324407339096069336e-01,1.074353978037834167e-01,2.494494803249835968e-02,-2.086401358246803284e-02,9.101671576499938965e-01,4.129627346992492676e-01,-4.064130485057830811e-01,3.687676489353179932e-01,3.451952338218688965e-01,1.106051445007324219e+00,-7.580666542053222656e-01,7.769078016281127930e-02,-5.892739892005920410e-01,-3.510435521602630615e-01,-1.940422207117080688e-01,1.272924304008483887e+00,-3.965245485305786133e-01,2.086668461561203003e-01,5.334088113158941269e-03,-4.687910154461860657e-02,1.884467154741287231e-01,-7.012051939964294434e-01,1.745771914720535278e-01,-1.000078991055488586e-01,-1.525230109691619873e-01,-1.539919078350067139e-01,-3.048222064971923828e-01,4.336780607700347900e-01,-5.257225632667541504e-01,-5.467650890350341797e-01,-3.421898484230041504e-01,8.777499198913574219e-02,4.515336751937866211e-01,-4.327639639377593994e-01,-1.160536050796508789e+00
1.576166227459907532e-02,-3.246807157993316650e-01,1.021246016025543213e-01,2.001845650374889374e-02,-9.238638915121555328e-03,9.044817090034484863e-01,4.259421527385711670e-01,-4.271427094936370850e-01,3.893980383872985840e-01,3.669862449169158936e-01,1.148998022079467773e+00,-7.407228350639343262e-01,7.247927039861679077e-02,-5.924757719039916992e-01,-3.564105927944183350e-01,-2.055782526731491089e-01,1.267356276512145996e+00,-4.606736302375793457e-01,1.971863955259323120e-01,1.947105862200260162e-02,-6.279850751161575317e-02,1.721866875886917114e-01,-6.560304760932922363e-01,2.674333751201629639e-01,6.117426790297031403e-03,-1.948240995407104492e-01,-1.335319578647613525e-01,-3.106090426445007324e-01,4.685726165771484375e-01,-4.640283882617950439e-01,-5.873260498046875000e-01,-4.118773639202117920e-01,8.556333929300308228e-02,4.374471604824066162e-01,-4.169009625911712646e-01,-1.140952825546264648e+00
1.757590472698211670e-02,-3.162016570568084717e-01,1.000226810574531555e-01,1.792217604815959930e-02,-2.487570280209183693e-03,8.960639834403991699e-01,4.435560107231140137e-01,-4.354687631130218506e-01,4.149311780929565430e-01,3.775938153266906738e-01,1.189595699310302734e+00,-6.886700391769409180e-01,6.432136148214340210e-02,-5.940907001495361328e-01,-3.392378389835357666e-01,-2.060777693986892700e-01,1.267136216163635254e+00,-5.213891267776489258e-01,1.695429086685180664e-01,1.936800964176654816e-02,-7.819215208292007446e-02,1.641131043434143066e-01,-5.973441004753112793e-01,3.496722877025604248e-01,8.620867133140563965e-02,-2.176271826028823853e-01,-1.055436208844184875e-01,-2.990304827690124512e-01,4.825142323970794678e-01,-3.861503601074218750e-01,-5.923553705215454102e-01,-4.264869987964630127e-01,6.504974514245986938e-02,4.261861741542816162e-01,-3.869692683219909668e-01,-1.073490858078002930e+00
1.811693236231803894e-02,-3.077244758605957031e-01,1.002495363354682922e-01,2.105609327554702759e-02,-2.409517299383878708e-03,8.842332363128662109e-01,4.665644764900207520e-01,-4.324803650379180908e-01,4.336186349391937256e-01,3.662074804306030273e-01,1.232779026031494141e+00,-6.045349836349487305e-01,5.666951462626457214e-02,-5.814278125762939453e-01,-3.037426173686981201e-01,-1.962411105632781982e-01,1.262708783149719238e+00,-5.608214139938354492e-01,1.486262083053588867e-01,1.338568143546581268e-02,-8.895094692707061768e-02,1.674430966377258301e-01,-5.087843537330627441e-01,3.933801352977752686e-01,1.142809987068176270e-01,-2.187138795852661133e-01,-7.942619174718856812e-02,-2.756191790103912354e-01,4.577618837356567383e-01,-2.908103764057159424e-01,-5.600751638412475586e-01,-3.770035207271575928e-01,3.382208943367004395e-02,4.244521260261535645e-01,-3.480087816715240479e-01,-9.569097161293029785e-01
1.687511987984180450e-02,-2.998600602149963379e-01,1.017398163676261902e-01,2.831168845295906067e-02,-9.318676777184009552e-03,8.680503368377685547e-01,4.955806732177734375e-01,-4.158747494220733643e-01,4.152514636516571045e-01,3.183821737766265869e-01,1.262809395790100098e+00,-5.431465506553649902e-01,3.530457243323326111e-02,-5.521214008331298828e-01,-2.470728456974029541e-01,-1.711695641279220581e-01,1.246190428733825684e+00,-5.883196592330932617e-01,1.327225118875503540e-01,1.387127209454774857e-02,-9.175959229469299316e-02,1.699424684047698975e-01,-3.898372352123260498e-01,4.090438485145568848e-01,9.200947731733322144e-02,-1.807445287704467773e-01,-5.412574484944343567e-02,-2.494331300258636475e-01,3.968120515346527100e-01,-1.715966612100601196e-01,-5.102620124816894531e-01,-2.794156074523925781e-01,1.152519602328538895e-02,4.184714257717132568e-01,-2.896954417228698730e-01,-7.935726642608642578e-01
1.408230978995561600e-02,-2.932806611061096191e-01,1.062636375427246094e-01,3.712610527873039246e-02,-1.846238970756530762e-02,8.498719930648803711e-01,5.253555178642272949e-01,-3.799854218959808350e-01,3.686605691909790039e-01,2.558500170707702637e-01,1.278439998626708984e+00,-5.210831761360168457e-01,3.492482379078865051e-02,-5.111636519432067871e-01,-1.842613518238067627e-01,-1.326633542776107788e-01,1.211268544197082520e+00,-5.975269079208374023e-01,1.214355826377868652e-01,1.991318538784980774e-02,-8.844631165266036987e-02,1.760334670543670654e-01,-2.693611085414886475e-01,4.136422276496887207e-01,3.067929856479167938e-02,-8.094935119152069092e-02,-3.626069799065589905e-02,-2.118111401796340942e-01,3.123283684253692627e-01,-3.624690696597099304e-02,-4.766913950443267822e-01,-1.471181064844131470e-01,3.601731732487678528e-02,3.908234536647796631e-01,-2.132752686738967896e-01,-5.888440012931823730e-01
1.021671108901500702e-02,-2.882755994796752930e-01,1.119838356971740723e-01,4.350997507572174072e-02,-3.515747562050819397e-02,8.315677046775817871e-01,5.525993108749389648e-01,-3.328953683376312256e-01,3.141219615936279297e-01,1.948552876710891724e-01,1.274516701698303223e+00,-5.005134940147399902e-01,5.770312622189521790e-02,-4.552064239978790283e-01,-1.055347472429275513e-01,-8.751698583364486694e-02,1.153852462768554688e+00,-5.897869467735290527e-01,1.161256879568099976e-01,3.097643516957759857e-02,-7.472981512546539307e-02,1.783481091260910034e-01,-1.595299392938613892e-01,4.191724359989166260e-01,-7.417075335979461670e-02,9.482163935899734497e-02,-2.387558855116367340e-02,-1.651236861944198608e-01,1.822295337915420532e-01,8.581612259149551392e-02,-4.697193205356597900e-01,5.247320979833602905e-03,1.349931806325912476e-01,3.417532145977020264e-01,-1.150908842682838440e-01,-3.294141590595245361e-01
5.675400141626596451e-03,-2.850163877010345459e-01,1.202060952782630920e-01,5.129129067063331604e-02,-5.451792851090431213e-02,8.110869526863098145e-01,5.801163315773010254e-01,-2.882787287235260010e-01,2.709832191467285156e-01,1.493531614542007446e-01,1.250389814376831055e+00,-4.792938232421875000e-01,7.391296327114105225e-02,-3.894919455051422119e-01,-3.442707657814025879e-02,-4.399013519287109375e-02,1.084522724151611328e+00,-5.524580478668212891e-01,1.097108274698257446e-01,3.831936791539192200e-02,-4.111876711249351501e-02,1.785289198160171509e-01,-7.842539250850677490e-02,4.074585437774658203e-01,-2.033977955579757690e-01,3.220310807228088379e-01,-2.597377868369221687e-03,-1.276230961084365845e-01,6.305170804262161255e-02,1.635694056749343872e-01,-4.666951596736907959e-01,1.331873089075088501e-01,3.094998598098754883e-01,2.807506918907165527e-01,-2.766014449298381805e-02,-1.090570092201232910e-01
7.157276268117129803e-04,-2.833003699779510498e-01,1.260304301977157593e-01,5.557802692055702209e-02,-7.817322760820388794e-02,7.868660092353820801e-01,6.096243858337402344e-01,-2.630383372306823730e-01,2.412231713533401489e-01,1.039452701807022095e-01,1.237095952033996582e+00,-4.766549468040466309e-01,9.317293763160705566e-02,-3.300388455390930176e-01,4.625477641820907593e-02,8.261683396995067596e-03,1.021077513694763184e+00,-5.046578645706176758e-01,1.197740882635116577e-01,2.446330897510051727e-02,7.324222475290298462e-03,1.913753598928451538e-01,-3.844802733510732651e-03,3.583284914493560791e-01,-2.818660438060760498e-01,5.503268837928771973e-01,2.889996021986007690e-02,-1.052143871784210205e-01,-1.724044606089591980e-02,2.018005251884460449e-01,-4.513110518455505371e-01,1.219291165471076965e-01,4.730392992496490479e-01,2.081205844879150391e-01,2.229986339807510376e-02,-2.316179685294628143e-02
-4.217124544084072113e-03,-2.825514376163482666e-01,1.268896460533142090e-01,5.676088109612464905e-02,-1.015963554382324219e-01,7.593017816543579102e-01,6.402477622032165527e-01,-2.801904678344726562e-01,2.201823145151138306e-01,6.463762372732162476e-02,1.282655835151672363e+00,-4.743239581584930420e-01,1.155797243118286133e-01,-2.925457060337066650e-01,1.269084513187408447e-01,6.613714993000030518e-02,9.878169298171997070e-01,-4.601761102676391602e-01,1.402892172336578369e-01,-8.319118060171604156e-03,5.596120283007621765e-02,2.090731859207153320e-01,8.552919328212738037e-02,2.983141839504241943e-01,-2.839392125606536865e-01,7.057136297225952148e-01,4.179134964942932129e-02,-9.413109719753265381e-02,-4.172466322779655457e-02,2.257031053304672241e-01,-4.596530497074127197e-01,-5.148585885763168335e-03,5.154052972793579102e-01,1.753945946693420410e-01,2.201347239315509796e-02,-9.538538753986358643e-02
-8.582268841564655304e-03,-2.819526791572570801e-01,1.235510185360908508e-01,5.880551040172576904e-02,-1.222580894827842712e-01,7.340624332427978516e-01,6.653925180435180664e-01,-3.271175920963287354e-01,2.063468694686889648e-01,3.928627073764801025e-02,1.361039876937866211e+00,-4.600982069969177246e-01,1.292223036289215088e-01,-2.666928768157958984e-01,1.917839348316192627e-01,1.152938678860664368e-01,9.787695407867431641e-01,-4.334225654602050781e-01,1.694907546043395996e-01,-4.378396645188331604e-02,9.912521392107009888e-02,2.323918491601943970e-01,1.863680034875869751e-01,2.643587887287139893e-01,-2.526884973049163818e-01,7.309130430221557617e-01,4.011792317032814026e-02,-9.363880753517150879e-02,-3.287065401673316956e-02,2.275488674640655518e-01,-4.692791998386383057e-01,-1.633539944887161255e-01,3.752238452434539795e-01,1.385024189949035645e-01,-5.265507847070693970e-03,-2.810294032096862793e-01
-1.233703363686800003e-02,-2.807118594646453857e-01,1.192539036273956299e-01,6.686268001794815063e-02,-1.344737112522125244e-01,7.150816917419433594e-01,6.827183961868286133e-01,-3.747650086879730225e-01,1.893200725317001343e-01,3.079179488122463226e-02,1.401084542274475098e+00,-4.461196660995483398e-01,1.226202026009559631e-01,-2.475009560585021973e-01,2.173088192939758301e-01,1.443744301795959473e-01,9.923661947250366211e-01,-4.294449388980865479e-01,1.933664679527282715e-01,-5.904154852032661438e-02,1.313998699188232422e-01,2.562491595745086670e-01,2.620030939579010010e-01,2.677114605903625488e-01,-2.385320067405700684e-01,6.547717452049255371e-01,4.498320445418357849e-02,-1.134245768189430237e-01,-1.011348143219947815e-02,1.876231878995895386e-01,-4.654946327209472656e-01,-2.281206697225570679e-01,1.431335508823394775e-01,6.327018141746520996e-02,-2.764102071523666382e-02,-4.656901359558105469e-01
-1.566707901656627655e-02,-2.781031429767608643e-01,1.182341277599334717e-01,7.425056397914886475e-02,-1.333938390016555786e-01,7.027556896209716797e-01,6.948577761650085449e-01,-4.144669473171234131e-01,1.680213809013366699e-01,4.462236911058425903e-02,1.382953047752380371e+00,-4.333688318729400635e-01,1.140830069780349731e-01,-2.392689585685729980e-01,2.101810425519943237e-01,1.649724692106246948e-01,9.992721676826477051e-01,-4.379213750362396240e-01,2.155110538005828857e-01,-4.683487489819526672e-02,1.434448212385177612e-01,2.725429832935333252e-01,2.818642556667327881e-01,2.977647781372070312e-01,-2.367604374885559082e-01,5.334819555282592773e-01,3.428502008318901062e-02,-1.315882951021194458e-01,3.270920366048812866e-02,1.105926036834716797e-01,-4.346715509891510010e-01,-1.909835189580917358e-01,-9.106550365686416626e-02,-9.846411645412445068e-03,-3.873492404818534851e-02,-5.793827772140502930e-01
-1.887419261038303375e-02,-2.737220823764801025e-01,1.199657544493675232e-01,7.774465531110763550e-02,-1.234906911849975586e-01,6.956378817558288574e-01,7.034157514572143555e-01,-4.420911967754364014e-01,1.427464336156845093e-01,6.715766340494155884e-02,1.321870565414428711e+00,-4.192159771919250488e-01,1.023763939738273621e-01,-2.411836981773376465e-01,1.850002259016036987e-01,1.766216754913330078e-01,9.977889060974121094e-01,-4.523368179798126221e-01,2.368967384099960327e-01,-1.069278921931982040e-02,1.372263133525848389e-01,2.772417962551116943e-01,2.487814277410507202e-01,3.362668752670288086e-01,-2.377166748046875000e-01,4.116177856922149658e-01,1.805807463824748993e-02,-1.567840576171875000e-01,9.016787260770797729e-02,3.172812610864639282e-02,-4.047881960868835449e-01,-6.913650780916213989e-02,-2.724441885948181152e-01,-5.982781201601028442e-02,-5.324687063694000244e-02,-6.037139892578125000e-01
-2.200148627161979675e-02,-2.678239345550537109e-01,1.233565807342529297e-01,7.954087108373641968e-02,-1.047117337584495544e-01,6.903813481330871582e-01,7.113946080207824707e-01,-4.572074115276336670e-01,1.138313040137290955e-01,9.162868559360504150e-02,1.250161409378051758e+00,-3.985432982444763184e-01,8.662617951631546021e-02,-2.584106028079986572e-01,1.431549787521362305e-01,1.843382418155670166e-01,9.983432292938232422e-01,-4.649508595466613770e-01,2.583619952201843262e-01,3.985057771205902100e-02,1.061619818210601807e-01,2.699099779129028320e-01,1.718107908964157104e-01,3.670844137668609619e-01,-2.301280945539474487e-01,3.019445538520812988e-01,9.795824997127056122e-03,-1.735009998083114624e-01,1.488754898309707642e-01,-4.677796363830566406e-02,-4.026285111904144287e-01,1.359103620052337646e-01,-3.773665428161621094e-01,-6.065643578767776489e-02,-7.166470587253570557e-02,-5.430189967155456543e-01
-2.513886801898479462e-02,-2.609598338603973389e-01,1.256566196680068970e-01,8.437865972518920898e-02,-8.934118598699569702e-02,6.869936585426330566e-01,7.161969542503356934e-01,-4.521336853504180908e-01,8.626665920019149780e-02,1.035284623503684998e-01,1.185437083244323730e+00,-3.774690926074981689e-01,7.960210740566253662e-02,-2.683132886886596680e-01,9.977550059556961060e-02,1.873117089271545410e-01,1.007175087928771973e+00,-4.796052277088165283e-01,2.599024474620819092e-01,8.690815418958663940e-02,6.940862536430358887e-02,2.451339066028594971e-01,8.284297585487365723e-02,3.888512253761291504e-01,-2.445791959762573242e-01,2.398926317691802979e-01,-2.593160839751362801e-03,-1.816693693399429321e-01,1.842612773180007935e-01,-1.636706590652465820e-01,-4.201329946517944336e-01,3.687145113945007324e-01,-4.291296303272247314e-01,-4.575970768928527832e-02,-8.188629150390625000e-02,-4.242249429225921631e-01
-2.840110659599304199e-02,-2.535735070705413818e-01,1.293050348758697510e-01,8.893971890211105347e-02,-7.670919597148895264e-02,6.828650832176208496e-01,7.210413813591003418e-01,-4.089233279228210449e-01,5.386896058917045593e-02,1.060291752219200134e-01,1.096577763557434082e+00,-3.587846755981445312e-01,6.849180161952972412e-02,-2.680241167545318604e-01,5.979321897029876709e-02,1.893209964036941528e-01,1.004006862640380859e+00,-4.898070096969604492e-01,2.564622163772583008e-01,1.361966729164123535e-01,2.941522002220153809e-02,2.132702022790908813e-01,-3.977771382778882980e-03,3.880541026592254639e-01,-2.786311805248260498e-01,2.284877002239227295e-01,-3.694519028067588806e-02,-1.869411468505859375e-01,1.989094018936157227e-01,-3.093448281288146973e-01,-4.403550624847412109e-01,6.002734899520874023e-01,-4.305280447006225586e-01,-1.065524201840162277e-02,-8.508662134408950806e-02,-2.713566124439239502e-01
-3.157358616590499878e-02,-2.464359998703002930e-01,1.332097947597503662e-01,9.647715836763381958e-02,-6.761164218187332153e-02,6.802483201026916504e-01,7.234522104263305664e-01,-3.479919135570526123e-01,2.464164793491363525e-02,1.087314635515213013e-01,1.000051259994506836e+00,-3.547425568103790283e-01,5.811436101794242859e-02,-2.563375532627105713e-01,1.543303020298480988e-02,1.836391538381576538e-01,9.980366230010986328e-01,-4.972774386405944824e-01,2.508620917797088623e-01,1.700155138969421387e-01,-9.539117105305194855e-03,1.796481758356094360e-01,-6.702087074518203735e-02,3.640816509723663330e-01,-3.114992678165435791e-01,2.520745694637298584e-01,-8.280867338180541992e-02,-1.884229630231857300e-01,2.038642019033432007e-01,-4.425174593925476074e-01,-4.529126286506652832e-01,7.692986130714416504e-01,-4.092840552330017090e-01,1.681961491703987122e-02,-7.700672000646591187e-02,-1.465844810009002686e-01
-3.470342606306076050e-02,-2.400378286838531494e-01,1.361105740070343018e-01,1.044437736272811890e-01,-6.527998298406600952e-02,6.793276667594909668e-01,7.234251499176025391e-01,-2.827039957046508789e-01,-3.593925386667251587e-03,1.097165495157241821e-01,9.203776717185974121e-01,-3.800184130668640137e-01,4.955683276057243347e-02,-2.380318492650985718e-01,-2.313654869794845581e-02,1.656982451677322388e-01,1.000114560127258301e+00,-4.948820173740386963e-01,2.483837902545928955e-01,1.818571686744689941e-01,-3.858308121562004089e-02,1.501746922731399536e-01,-9.997666627168655396e-02,3.286687433719635010e-01,-3.172136247158050537e-01,2.813476622104644775e-01,-1.083574816584587097e-01,-1.971055120229721069e-01,2.060687541961669922e-01,-5.058887600898742676e-01,-4.604790806770324707e-01,8.253986835479736328e-01,-4.149893820285797119e-01,4.791876673698425293e-02,-7.719089835882186890e-02,-1.002699285745620728e-01
-3.756800293922424316e-02,-2.348981499671936035e-01,1.377972066402435303e-01,1.089913100004196167e-01,-6.864629685878753662e-02,6.789996027946472168e-01,7.227503657341003418e-01,-2.361058592796325684e-01,-1.442466117441654205e-02,1.131197139620780945e-01,8.787567019462585449e-01,-4.121913015842437744e-01,5.570353940129280090e-02,-2.268680036067962646e-01,-4.634406417608261108e-02,1.409178972244262695e-01,1.019899249076843262e+00,-4.723168015480041504e-01,2.563621699810028076e-01,1.698759645223617554e-01,-5.153052881360054016e-02,1.302792131900787354e-01,-9.676808863878250122e-02,3.044438660144805908e-01,-3.106917440891265869e-01,3.049140870571136475e-01,-1.013010367751121521e-01,-2.037685662508010864e-01,2.134122699499130249e-01,-5.087589621543884277e-01,-4.822113513946533203e-01,7.810837626457214355e-01,-4.503037929534912109e-01,7.502256333827972412e-02,-8.137867599725723267e-02,-1.325195878744125366e-01
-4.011361673474311829e-02,-2.312325686216354370e-01,1.363931596279144287e-01,1.112240403890609741e-01,-7.774632424116134644e-02,6.775527596473693848e-01,7.228464484214782715e-01,-2.158045470714569092e-01,-1.281235599890351295e-03,1.232964619994163513e-01,8.911323547363281250e-01,-4.343480169773101807e-01,6.276086717844009399e-02,-2.346648424863815308e-01,-7.074953615665435791e-02,9.292728453874588013e-02,1.067486047744750977e+00,-4.265058338642120361e-01,2.514732778072357178e-01,1.390012055635452271e-01,-3.938937932252883911e-02,1.118891760706901550e-01,-6.481892615556716919e-02,2.988744676113128662e-01,-3.019177913665771484e-01,3.551181852817535400e-01,-7.093875855207443237e-02,-2.023330479860305786e-01,2.240928411483764648e-01,-4.477088451385498047e-01,-5.014936327934265137e-01,6.504697799682617188e-01,-4.743881225585937500e-01,7.114309817552566528e-02,-9.327688813209533691e-02,-2.508437931537628174e-01
-4.221217334270477295e-02,-2.287204265594482422e-01,1.346237361431121826e-01,1.029995605349540710e-01,-8.703301846981048584e-02,6.792209148406982422e-01,7.214397192001342773e-01,-2.295713871717453003e-01,2.932400815188884735e-02,1.245762705802917480e-01,9.368988871574401855e-01,-4.612913727760314941e-01,8.051714301109313965e-02,-2.633723020553588867e-01,-8.245664834976196289e-02,4.739674180746078491e-02,1.111714720726013184e+00,-4.116011261940002441e-01,2.284103035926818848e-01,9.726893156766891479e-02,-1.021762657910585403e-02,9.980636835098266602e-02,-1.625080592930316925e-02,3.119131326675415039e-01,-2.872744798660278320e-01,4.130382835865020752e-01,-1.513929851353168488e-02,-1.919995546340942383e-01,2.462181448936462402e-01,-3.505150377750396729e-01,-5.161079168319702148e-01,4.771827161312103271e-01,-4.474992156028747559e-01,2.152599766850471497e-02,-1.028089448809623718e-01,-4.019361734390258789e-01
-4.337183013558387756e-02,-2.273752987384796143e-01,1.323488205671310425e-01,9.311772882938385010e-02,-9.266920387744903564e-02,6.813595890998840332e-01,7.200629115104675293e-01,-2.531111240386962891e-01,5.306686460971832275e-02,1.151563227176666260e-01,9.782236218452453613e-01,-4.857997894287109375e-01,9.411545097827911377e-02,-2.809858322143554688e-01,-5.998606234788894653e-02,3.316862508654594421e-02,1.126800298690795898e+00,-4.283259510993957520e-01,2.132985740900039673e-01,4.837720468640327454e-02,2.997731789946556091e-02,8.831033110618591309e-02,3.660554811358451843e-02,3.536190390586853027e-01,-3.047037720680236816e-01,4.672181606292724609e-01,5.072947219014167786e-02,-1.837596446275711060e-01,2.558154165744781494e-01,-2.439953237771987915e-01,-5.261240601539611816e-01,3.204285800457000732e-01,-3.740104138851165771e-01,-3.029720298945903778e-02,-9.679753333330154419e-02,-5.199291706085205078e-01
-4.358239844441413879e-02,-2.272003591060638428e-01,1.291322261095046997e-01,8.431068807840347290e-02,-1.010273545980453491e-01,6.835135221481323242e-01,7.179794311523437500e-01,-2.731915712356567383e-01,7.992435246706008911e-02,1.011576429009437561e-01,1.019451856613159180e+00,-5.121356844902038574e-01,1.056663319468498230e-01,-2.808159887790679932e-01,-2.110513485968112946e-02,2.789484709501266479e-02,1.122004747390747070e+00,-4.358541369438171387e-01,2.037071287631988525e-01,-2.680373378098011017e-03,7.714726775884628296e-02,7.541026920080184937e-02,9.935113042593002319e-02,3.983552455902099609e-01,-3.528506457805633545e-01,5.333189964294433594e-01,1.331446617841720581e-01,-1.710495501756668091e-01,2.517370581626892090e-01,-1.388985663652420044e-01,-5.342670679092407227e-01,1.993254274129867554e-01,-2.833919525146484375e-01,-5.704065784811973572e-02,-7.710891962051391602e-02,-5.890751481056213379e-01
-4.307100921869277954e-02,-2.281264066696166992e-01,1.265186220407485962e-01,7.687625288963317871e-02,-1.120829135179519653e-01,6.813813447952270508e-01,7.191988229751586914e-01,-2.844926714897155762e-01,1.110417768359184265e-01,8.486915379762649536e-02,1.055467128753662109e+00,-5.320345163345336914e-01,1.129613220691680908e-01,-2.632209956645965576e-01,2.615484781563282013e-02,3.609085455536842346e-02,1.098955273628234863e+00,-4.463454782962799072e-01,1.895437389612197876e-01,-4.750711843371391296e-02,1.258496493101119995e-01,6.939861178398132324e-02,1.604621708393096924e-01,4.361003339290618896e-01,-4.175989031791687012e-01,5.987635254859924316e-01,2.143230140209197998e-01,-1.644921749830245972e-01,2.394746840000152588e-01,-4.896430298686027527e-02,-5.430483818054199219e-01,9.573788195848464966e-02,-1.886193305253982544e-01,-7.053592801094055176e-02,-5.677804723381996155e-02,-6.244704723358154297e-01
-4.183936864137649536e-02,-2.300298064947128296e-01,1.233542636036872864e-01,7.485296577215194702e-02,-1.258247196674346924e-01,6.795954108238220215e-01,7.188290953636169434e-01,-2.882583141326904297e-01,1.429873555898666382e-01,7.453919947147369385e-02,1.097467184066772461e+00,-5.337293744087219238e-01,1.090341433882713318e-01,-2.341247200965881348e-01,6.711133569478988647e-02,4.016271978616714478e-02,1.074869990348815918e+00,-4.607843756675720215e-01,1.662572324275970459e-01,-8.181512355804443359e-02,1.703208982944488525e-01,8.158348500728607178e-02,2.048245817422866821e-01,4.635119438171386719e-01,-4.774575829505920410e-01,6.407794356346130371e-01,2.759154736995697021e-01,-1.594819426536560059e-01,2.277817428112030029e-01,7.164242677390575409e-03,-5.628199577331542969e-01,2.735513262450695038e-02,-1.315505802631378174e-01,-8.030486851930618286e-02,-3.915944695472717285e-02,-6.384955048561096191e-01
-3.998726978898048401e-02,-2.326947450637817383e-01,1.210780516266822815e-01,7.957803457975387573e-02,-1.398974210023880005e-01,6.786464452743530273e-01,7.166135907173156738e-01,-2.982999384403228760e-01,1.901361495256423950e-01,9.553364664316177368e-02,1.155874490737915039e+00,-4.804834723472595215e-01,1.044786348938941956e-01,-2.038970142602920532e-01,8.476819843053817749e-02,2.981320209801197052e-02,1.063392996788024902e+00,-4.656725227832794189e-01,1.448508501052856445e-01,-1.005548760294914246e-01,2.018477171659469604e-01,9.995639324188232422e-02,2.087554931640625000e-01,4.841021597385406494e-01,-5.180466175079345703e-01,6.477069854736328125e-01,3.261858820915222168e-01,-1.552910506725311279e-01,2.300596833229064941e-01,2.212384343147277832e-02,-5.562300086021423340e-01,-3.816304262727499008e-03,-1.376903057098388672e-01,-9.060729295015335083e-02,-2.553777769207954407e-02,-6.561231017112731934e-01
-3.782088682055473328e-02,-2.354339212179183960e-01,1.187484264373779297e-01,8.708181232213973999e-02,-1.504574269056320190e-01,6.773082613945007324e-01,7.148656249046325684e-01,-3.225347995758056641e-01,2.229257971048355103e-01,1.110226660966873169e-01,1.218233942985534668e+00,-4.559142589569091797e-01,1.062950491905212402e-01,-1.798337101936340332e-01,8.713818341493606567e-02,1.754210889339447021e-02,1.064017653465270996e+00,-4.707060158252716064e-01,1.415264755487442017e-01,-9.468090534210205078e-02,2.118365615606307983e-01,1.238892301917076111e-01,1.739839017391204834e-01,4.946117401123046875e-01,-5.250534415245056152e-01,6.210343837738037109e-01,3.472106754779815674e-01,-1.440773010253906250e-01,2.617587447166442871e-01,-1.201000777655281126e-04,-5.258945226669311523e-01,6.662567611783742905e-03,-1.937773525714874268e-01,-1.091991737484931946e-01,-1.784030906856060028e-02,-6.821726560592651367e-01
-3.578418120741844177e-02,-2.376424074172973633e-01,1.155628412961959839e-01,1.008259207010269165e-01,-1.582002937793731689e-01,6.736129522323608398e-01,7.148792743682861328e-01,-3.552389442920684814e-01,2.311681360006332397e-01,1.226219534873962402e-01,1.280973196029663086e+00,-4.426700174808502197e-01,9.676504880189895630e-02,-1.599558442831039429e-01,7.274478673934936523e-02,8.776797913014888763e-03,1.083661794662475586e+00,-4.726461768150329590e-01,1.448734402656555176e-01,-6.157325953245162964e-02,1.997601240873336792e-01,1.486159414052963257e-01,1.084200441837310791e-01,4.846617877483367920e-01,-5.010989904403686523e-01,5.710174441337585449e-01,3.513552248477935791e-01,-1.301667094230651855e-01,3.125153481960296631e-01,-5.748789757490158081e-02,-4.832537770271301270e-01,6.299766153097152710e-02,-2.865451574325561523e-01,-1.471192389726638794e-01,-1.781805604696273804e-02,-7.209602594375610352e-01
-3.424410521984100342e-02,-2.385398596525192261e-01,1.171490252017974854e-01,1.079256534576416016e-01,-1.517240256071090698e-01,6.726649403572082520e-01,7.161380648612976074e-01,-3.875576853752136230e-01,2.300936728715896606e-01,1.498628407716751099e-01,1.331349253654479980e+00,-4.317337274551391602e-01,9.519580751657485962e-02,-1.632360965013504028e-01,4.664465785026550293e-02,6.264001596719026566e-03,1.090251207351684570e+00,-4.690738916397094727e-01,1.622959375381469727e-01,-1.784445159137248993e-02,1.675758510828018188e-01,1.704927384853363037e-01,3.901069611310958862e-02,4.641363918781280518e-01,-4.741650819778442383e-01,5.144179463386535645e-01,3.395377993583679199e-01,-1.224912032485008240e-01,3.566188514232635498e-01,-1.332359015941619873e-01,-4.519733786582946777e-01,1.496887952089309692e-01,-3.747325837612152100e-01,-1.839853972196578979e-01,-1.973750069737434387e-02,-7.502745985984802246e-01
-3.365003690123558044e-02,-2.378057688474655151e-01,1.199687421321868896e-01,1.136228963732719421e-01,-1.390117257833480835e-01,6.708490848541259766e-01,7.195325493812561035e-01,-4.177899658679962158e-01,2.075932323932647705e-01,1.675087213516235352e-01,1.353165388107299805e+00,-4.214532375335693359e-01,9.390133619308471680e-02,-1.809630990028381348e-01,1.304189953953027725e-02,9.301476180553436279e-03,1.102689146995544434e+00,-4.582905173301696777e-01,1.738834083080291748e-01,3.369320183992385864e-02,1.257273405790328979e-01,1.738489717245101929e-01,-1.936840452253818512e-02,4.344862699508666992e-01,-4.576672017574310303e-01,4.643296301364898682e-01,3.071995377540588379e-01,-1.210432201623916626e-01,3.883387148380279541e-01,-2.092984914779663086e-01,-4.305399060249328613e-01,2.639400660991668701e-01,-4.345691204071044922e-01,-1.904248297214508057e-01,-3.202128037810325623e-02,-7.532948851585388184e-01
-3.411056101322174072e-02,-2.354632169008255005e-01,1.239209994673728943e-01,1.196108683943748474e-01,-1.222562268376350403e-01,6.683534979820251465e-01,7.239131331443786621e-01,-4.222147166728973389e-01,1.676799356937408447e-01,1.802837252616882324e-01,1.317930579185485840e+00,-4.119484126567840576e-01,9.972791373729705811e-02,-2.054453194141387939e-01,-2.885927259922027588e-02,1.605488732457160950e-02,1.117800474166870117e+00,-4.414094686508178711e-01,1.851382702589035034e-01,8.854276686906814575e-02,7.642181962728500366e-02,1.728289872407913208e-01,-6.631004810333251953e-02,3.976333141326904297e-01,-4.605478048324584961e-01,4.219232797622680664e-01,2.527577877044677734e-01,-1.265059262514114380e-01,4.133642017841339111e-01,-2.888358831405639648e-01,-4.159547388553619385e-01,4.117067158222198486e-01,-4.420897066593170166e-01,-1.711450964212417603e-01,-4.076363518834114075e-02,-7.279567718505859375e-01
-3.562820330262184143e-02,-2.315987497568130493e-01,1.282515078783035278e-01,1.249976381659507751e-01,-1.080324575304985046e-01,6.623987555503845215e-01,7.307068109512329102e-01,-3.970257639884948730e-01,1.071197018027305603e-01,1.693460047245025635e-01,1.237244367599487305e+00,-3.850934207439422607e-01,9.457448869943618774e-02,-2.222545444965362549e-01,-6.665246933698654175e-02,2.232666127383708954e-02,1.123462677001953125e+00,-4.261241555213928223e-01,1.918061971664428711e-01,1.569720804691314697e-01,2.415330894291400909e-02,1.681561917066574097e-01,-9.358914196491241455e-02,3.385219871997833252e-01,-4.607293605804443359e-01,3.765355944633483887e-01,1.766083985567092896e-01,-1.419038623571395874e-01,4.463954865932464600e-01,-3.818494975566864014e-01,-4.094386100769042969e-01,5.999648571014404297e-01,-3.969360291957855225e-01,-1.384655982255935669e-01,-4.944222420454025269e-02,-6.703833341598510742e-01
-3.786209598183631897e-02,-2.267120778560638428e-01,1.284816414117813110e-01,1.297578513622283936e-01,-9.891901910305023193e-02,6.546139717102050781e-01,7.381452918052673340e-01,-3.459271788597106934e-01,4.025936871767044067e-02,1.526106894016265869e-01,1.141682982444763184e+00,-3.656595051288604736e-01,8.285569399595260620e-02,-2.371764034032821655e-01,-1.034905761480331421e-01,1.627068594098091125e-02,1.141237258911132812e+00,-4.279088973999023438e-01,1.820610016584396362e-01,2.355418801307678223e-01,-2.240953780710697174e-02,1.615184098482131958e-01,-1.109382659196853638e-01,2.811964452266693115e-01,-4.376831650733947754e-01,2.932482361793518066e-01,8.430512249469757080e-02,-1.600391417741775513e-01,4.972290992736816406e-01,-4.698016643524169922e-01,-3.919104933738708496e-01,7.702741622924804688e-01,-3.023119270801544189e-01,-1.137211397290229797e-01,-5.521811544895172119e-02,-6.114500761032104492e-01
-4.035349935293197632e-02,-2.211271673440933228e-01,1.245097965002059937e-01,1.353066116571426392e-01,-9.462739527225494385e-02,6.498908996582031250e-01,7.418757081031799316e-01,-2.816298007965087891e-01,-1.035770494490861893e-02,1.414792388677597046e-01,1.064792752265930176e+00,-4.030848145484924316e-01,8.655823767185211182e-02,-2.534827291965484619e-01,-1.470205485820770264e-01,-1.155786449089646339e-03,1.180018782615661621e+00,-4.318779706954956055e-01,1.658942401409149170e-01,2.980040907859802246e-01,-5.790256708860397339e-02,1.481008529663085938e-01,-1.175386160612106323e-01,2.306020557880401611e-01,-4.105932712554931641e-01,2.320433557033538818e-01,1.901353709399700165e-02,-1.744714975357055664e-01,5.506231784820556641e-01,-5.188595056533813477e-01,-3.568066358566284180e-01,8.625575900077819824e-01,-1.905601024627685547e-01,-9.333337098360061646e-02,-4.484258219599723816e-02,-5.943959951400756836e-01
-4.278937727212905884e-02,-2.155456244945526123e-01,1.284466534852981567e-01,1.429876089096069336e-01,-9.545440971851348877e-02,6.489100456237792969e-01,7.411873936653137207e-01,-2.291546463966369629e-01,-4.544159397482872009e-02,1.328114718198776245e-01,1.022430777549743652e+00,-4.353980422019958496e-01,9.292937070131301880e-02,-2.662660777568817139e-01,-1.860929578542709351e-01,-1.306944154202938080e-02,1.225573062896728516e+00,-3.918831050395965576e-01,1.660634279251098633e-01,3.181594908237457275e-01,-7.609398663043975830e-02,1.451950669288635254e-01,-1.056514680385589600e-01,1.985616981983184814e-01,-3.914976119995117188e-01,2.351481467485427856e-01,-1.868688873946666718e-02,-1.798963546752929688e-01,5.790373086929321289e-01,-5.318783521652221680e-01,-3.367920219898223877e-01,8.512458205223083496e-01,-9.484488517045974731e-02,-5.608962848782539368e-02,-3.254984319210052490e-02,-6.312179565429687500e-01
-4.482832551002502441e-02,-2.102771848440170288e-01,1.272445768117904663e-01,1.486579030752182007e-01,-9.992997348308563232e-02,6.521056890487670898e-01,7.366634011268615723e-01,-2.004733085632324219e-01,-6.075123324990272522e-02,1.275224089622497559e-01,1.017458438873291016e+00,-4.672289490699768066e-01,1.059898361563682556e-01,-2.865127623081207275e-01,-2.078291624784469604e-01,-1.624538935720920563e-02,1.278289437294006348e+00,-3.983752131462097168e-01,1.594478636980056763e-01,2.945453226566314697e-01,-7.241652905941009521e-02,1.440662890672683716e-01,-8.631557226181030273e-02,1.931414008140563965e-01,-3.957497775554656982e-01,2.879675030708312988e-01,-1.318995282053947449e-02,-1.643264442682266235e-01,5.710102915763854980e-01,-5.137923359870910645e-01,-3.363588750362396240e-01,7.614526748657226562e-01,-2.895178459584712982e-02,-1.564461551606655121e-02,-1.410529762506484985e-02,-7.023431658744812012e-01
-4.595369845628738403e-02,-2.057115286588668823e-01,1.238839179277420044e-01,1.510724872350692749e-01,-1.075051128864288330e-01,6.604976058006286621e-01,7.275730967521667480e-01,-1.955329477787017822e-01,-6.208163127303123474e-02,1.180714815855026245e-01,1.050710201263427734e+00,-4.818465411663055420e-01,1.196963489055633545e-01,-3.036594092845916748e-01,-1.924404501914978027e-01,-5.994526669383049011e-03,1.317068815231323242e+00,-3.994772434234619141e-01,1.635367572307586670e-01,2.363476604223251343e-01,-5.006094649434089661e-02,1.447135955095291138e-01,-7.611891627311706543e-02,2.223423868417739868e-01,-4.171521067619323730e-01,3.648369312286376953e-01,3.536422178149223328e-02,-1.451396495103836060e-01,5.355808734893798828e-01,-4.802540540695190430e-01,-3.476713299751281738e-01,6.180722713470458984e-01,4.660280887037515640e-03,2.876377105712890625e-02,-1.924684457480907440e-02,-7.903425097465515137e-01
-4.610722139477729797e-02,-2.018699347972869873e-01,1.218330636620521545e-01,1.435164362192153931e-01,-1.102277636528015137e-01,6.708350777626037598e-01,7.191892266273498535e-01,-2.164858579635620117e-01,-4.905589297413825989e-02,1.085504069924354553e-01,1.089293718338012695e+00,-4.927254319190979004e-01,1.186407431960105896e-01,-3.167133927345275879e-01,-1.578495949506759644e-01,3.353320062160491943e-03,1.333055257797241211e+00,-3.930238485336303711e-01,1.665115058422088623e-01,1.668843924999237061e-01,-1.594103872776031494e-02,1.421440094709396362e-01,-8.056769520044326782e-02,2.756367027759552002e-01,-4.461124241352081299e-01,4.198760688304901123e-01,1.176236495375633240e-01,-1.256121248006820679e-01,5.106351375579833984e-01,-4.421469867229461670e-01,-3.624118864536285400e-01,4.842507541179656982e-01,9.869005531072616577e-03,5.913382396101951599e-02,-3.211886063218116760e-02,-8.639383912086486816e-01
-4.538450017571449280e-02,-1.988787502050399780e-01,1.171183511614799500e-01,1.352200806140899658e-01,-1.193292215466499329e-01,6.828871965408325195e-01,7.079132199287414551e-01,-2.434855848550796509e-01,-1.924652606248855591e-02,9.822782874107360840e-02,1.151779890060424805e+00,-4.976466596126556396e-01,1.124511435627937317e-01,-3.203865885734558105e-01,-1.112603545188903809e-01,1.370895653963088989e-02,1.329141020774841309e+00,-3.901847004890441895e-01,1.776728630065917969e-01,9.810357540845870972e-02,2.019937150180339813e-02,1.384503692388534546e-01,-9.697382897138595581e-02,3.382587432861328125e-01,-4.658297598361968994e-01,4.403756260871887207e-01,1.806294023990631104e-01,-1.067742258310317993e-01,4.930346310138702393e-01,-3.807564377784729004e-01,-3.778076469898223877e-01,3.711215555667877197e-01,-1.346566807478666306e-02,6.828055530786514282e-02,-5.828057229518890381e-02,-9.366999268531799316e-01
-4.404773190617561340e-02,-1.965279877185821533e-01,1.132495626807212830e-01,1.248321384191513062e-01,-1.250392347574234009e-01,6.929193139076232910e-01,6.990314722061157227e-01,-2.685285508632659912e-01,1.740586012601852417e-02,9.714126586914062500e-02,1.194114327430725098e+00,-5.115704536437988281e-01,1.056288778781890869e-01,-3.130311667919158936e-01,-6.581679731607437134e-02,2.188652940094470978e-02,1.310917854309082031e+00,-3.980890214443206787e-01,1.782652884721755981e-01,3.184457495808601379e-02,5.909607559442520142e-02,1.303830295801162720e-01,-1.104536354541778564e-01,4.046994447708129883e-01,-5.195189118385314941e-01,4.640825390815734863e-01,2.456927895545959473e-01,-9.018681943416595459e-02,4.784778356552124023e-01,-3.176495730876922607e-01,-3.952453434467315674e-01,2.865025103092193604e-01,-2.481482364237308502e-02,6.586204469203948975e-02,-5.844838544726371765e-02,-9.799540042877197266e-01
-4.231812804937362671e-02,-1.947162747383117676e-01,1.086659356951713562e-01,1.175284162163734436e-01,-1.334321051836013794e-01,6.995531320571899414e-01,6.921042799949645996e-01,-2.827084064483642578e-01,5.998921394348144531e-02,1.012782305479049683e-01,1.231943964958190918e+00,-5.316099524497985840e-01,1.092329695820808411e-01,-2.946850061416625977e-01,-2.525091916322708130e-02,2.949383668601512909e-02,1.289891481399536133e+00,-4.212663471698760986e-01,1.721623688936233521e-01,-2.497356384992599487e-02,9.658420085906982422e-02,1.204020529985427856e-01,-1.221439167857170105e-01,4.634321928024291992e-01,-6.231538653373718262e-01,5.054420232772827148e-01,3.052079975605010986e-01,-7.752916961908340454e-02,4.440925717353820801e-01,-2.623957991600036621e-01,-4.147026538848876953e-01,2.306882143020629883e-01,-7.575760129839181900e-03,6.117760390043258667e-02,-4.723601043224334717e-02,-9.983944296836853027e-01
-4.022171348333358765e-02,-1.932612210512161255e-01,1.065524294972419739e-01,1.107218563556671143e-01,-1.419331580400466919e-01,7.059022188186645508e-01,6.850530505180358887e-01,-2.922511696815490723e-01,9.554316848516464233e-02,9.556797891855239868e-02,1.260892868041992188e+00,-5.446272492408752441e-01,1.046016663312911987e-01,-2.717643082141876221e-01,1.850704476237297058e-02,4.127098247408866882e-02,1.270951032638549805e+00,-4.475117921829223633e-01,1.618589460849761963e-01,-7.605509459972381592e-02,1.271834671497344971e-01,1.220304146409034729e-01,-1.383880972862243652e-01,5.071122646331787109e-01,-7.474403381347656250e-01,5.530972480773925781e-01,3.531644344329833984e-01,-6.706635653972625732e-02,3.970583975315093994e-01,-2.240649014711380005e-01,-4.411406815052032471e-01,1.920704245567321777e-01,5.189615115523338318e-02,7.267488539218902588e-02,-2.838327363133430481e-02,-1.007690191268920898e+00
-3.789339587092399597e-02,-1.919496506452560425e-01,1.048147231340408325e-01,1.095663681626319885e-01,-1.543528884649276733e-01,7.076246738433837891e-01,6.807625889778137207e-01,-2.891360819339752197e-01,1.357116103172302246e-01,9.355533123016357422e-02,1.290990591049194336e+00,-5.433921217918395996e-01,9.665932506322860718e-02,-2.399176657199859619e-01,5.503438785672187805e-02,4.457496479153633118e-02,1.253257632255554199e+00,-4.663226604461669922e-01,1.411066800355911255e-01,-1.126056611537933350e-01,1.566314101219177246e-01,1.276076585054397583e-01,-1.707178503274917603e-01,5.370870828628540039e-01,-8.761464357376098633e-01,6.027873754501342773e-01,3.894732296466827393e-01,-5.812957510352134705e-02,3.470921516418457031e-01,-2.088848501443862915e-01,-4.667972028255462646e-01,1.679003834724426270e-01,1.342794150114059448e-01,8.643099665641784668e-02,-9.344563819468021393e-03,-1.009770035743713379e+00
-3.524813055992126465e-02,-1.904926896095275879e-01,1.057091876864433289e-01,1.115897446870803833e-01,-1.655898690223693848e-01,7.076845169067382812e-01,6.777243614196777344e-01,-2.781403958797454834e-01,1.772063076496124268e-01,1.010149270296096802e-01,1.306758403778076172e+00,-5.329927802085876465e-01,9.232551604509353638e-02,-2.027563750743865967e-01,7.660112529993057251e-02,3.944411128759384155e-02,1.228397965431213379e+00,-4.744781255722045898e-01,1.277308166027069092e-01,-1.329750865697860718e-01,1.738228648900985718e-01,1.362391561269760132e-01,-2.207655310630798340e-01,5.493161082267761230e-01,-9.428612589836120605e-01,6.262516975402832031e-01,4.047194719314575195e-01,-4.919942840933799744e-02,3.378529548645019531e-01,-2.001787424087524414e-01,-4.714459478855133057e-01,1.473656892776489258e-01,2.034856379032135010e-01,1.192041262984275818e-01,-9.783944115042686462e-03,-1.027098298072814941e+00
-3.230561688542366028e-02,-1.886542737483978271e-01,1.094711944460868835e-01,1.171786859631538391e-01,-1.744417399168014526e-01,7.072932124137878418e-01,6.749634146690368652e-01,-2.677686214447021484e-01,2.147146761417388916e-01,1.147485300898551941e-01,1.311329483985900879e+00,-5.109890699386596680e-01,9.804138541221618652e-02,-1.573427915573120117e-01,7.966090738773345947e-02,2.688616700470447540e-02,1.191143512725830078e+00,-4.730636179447174072e-01,1.284008920192718506e-01,-1.287441700696945190e-01,1.778236776590347290e-01,1.365395337343215942e-01,-2.858847081661224365e-01,5.484831929206848145e-01,-9.040335416793823242e-01,5.831915736198425293e-01,3.856137096881866455e-01,-4.065479338169097900e-02,4.023492932319641113e-01,-1.769688576459884644e-01,-4.415920972824096680e-01,1.103273555636405945e-01,2.052378207445144653e-01,1.431805789470672607e-01,-3.602893650531768799e-02,-1.085994124412536621e+00
-2.926892600953578949e-02,-1.860345751047134399e-01,1.152132526040077209e-01,1.229535788297653198e-01,-1.783085167407989502e-01,7.061595916748046875e-01,6.741121411323547363e-01,-2.573271989822387695e-01,2.292714267969131470e-01,1.255855858325958252e-01,1.293641686439514160e+00,-5.002344250679016113e-01,1.058279201388359070e-01,-1.130587160587310791e-01,7.052111625671386719e-02,1.318692043423652649e-02,1.142824769020080566e+00,-4.705337882041931152e-01,1.431597918272018433e-01,-9.939941018819808960e-02,1.678430587053298950e-01,1.293384730815887451e-01,-3.632623851299285889e-01,5.403218269348144531e-01,-7.671036124229431152e-01,4.699594676494598389e-01,3.316740691661834717e-01,-2.698148414492607117e-02,5.571370720863342285e-01,-1.430784016847610474e-01,-3.805558681488037109e-01,6.892297416925430298e-02,1.277636587619781494e-01,1.471904814243316650e-01,-7.547106593847274780e-02,-1.172194719314575195e+00
-2.637698315083980560e-02,-1.822919994592666626e-01,1.242636442184448242e-01,1.299463510513305664e-01,-1.776539385318756104e-01,7.047369480133056641e-01,6.744619011878967285e-01,-2.230954468250274658e-01,2.169984579086303711e-01,1.286661177873611450e-01,1.252934932708740234e+00,-4.739765822887420654e-01,8.657491952180862427e-02,-6.506879627704620361e-02,5.484561994671821594e-02,6.313125137239694595e-03,1.082236170768737793e+00,-4.640526771545410156e-01,1.525907069444656372e-01,-5.786285549402236938e-02,1.450840532779693604e-01,1.246442273259162903e-01,-4.608597457408905029e-01,5.223431587219238281e-01,-5.763622522354125977e-01,3.159164488315582275e-01,2.688720524311065674e-01,-2.892892248928546906e-02,7.410409450531005859e-01,-1.113731861114501953e-01,-2.941991388797760010e-01,3.820462897419929504e-02,-5.416866624727845192e-04,1.382983177900314331e-01,-1.328071802854537964e-01,-1.257624983787536621e+00
-2.390867099165916443e-02,-1.774721443653106689e-01,1.352004110813140869e-01,1.403283327817916870e-01,-1.711772531270980835e-01,6.992453336715698242e-01,6.797516345977783203e-01,-1.812244951725006104e-01,2.000377327203750610e-01,1.360164135694503784e-01,1.196441888809204102e+00,-4.422190785408020020e-01,6.469863653182983398e-02,-2.787277288734912872e-02,2.737771533429622650e-02,8.927419781684875488e-03,1.033345222473144531e+00,-4.403236806392669678e-01,1.452855169773101807e-01,-1.023568119853734970e-02,1.152613088488578796e-01,1.026608347892761230e-01,-6.089074611663818359e-01,5.037413239479064941e-01,-4.066512882709503174e-01,1.249861493706703186e-01,2.352270185947418213e-01,-4.899644479155540466e-02,8.966422080993652344e-01,-9.698512405157089233e-02,-2.132554948329925537e-01,5.815140157938003540e-02,-1.426660269498825073e-01,1.317060887813568115e-01,-1.764144003391265869e-01,-1.290632009506225586e+00
-2.221189811825752258e-02,-1.715177297592163086e-01,1.474992334842681885e-01,1.392218470573425293e-01,-1.547410935163497925e-01,6.962122321128845215e-01,6.869941949844360352e-01,-1.577314883470535278e-01,1.762218177318572998e-01,1.394850611686706543e-01,1.134505033493041992e+00,-4.210740625858306885e-01,4.616348817944526672e-02,-2.190311625599861145e-02,5.167391616851091385e-03,1.631649024784564972e-02,9.798204898834228516e-01,-4.172459244728088379e-01,1.217215284705162048e-01,2.966264821588993073e-02,7.596722990274429321e-02,7.300642132759094238e-02,-8.061973452568054199e-01,5.018265247344970703e-01,-3.190059661865234375e-01,-3.967728465795516968e-02,2.445680946111679077e-01,-6.172063946723937988e-02,9.995294809341430664e-01,-9.683322906494140625e-02,-1.959179192781448364e-01,1.545200943946838379e-01,-2.278376519680023193e-01,1.737751364707946777e-01,-2.035387754440307617e-01,-1.226897716522216797e+00
-2.135159075260162354e-02,-1.648593097925186157e-01,1.557127535343170166e-01,1.361163854598999023e-01,-1.400021016597747803e-01,6.907973289489746094e-01,6.961830258369445801e-01,-1.287329196929931641e-01,1.513306200504302979e-01,1.491670906543731689e-01,1.057821512222290039e+00,-4.186989068984985352e-01,4.665465280413627625e-02,-2.750733122229576111e-02,-7.672972977161407471e-03,3.210875019431114197e-02,9.431817531585693359e-01,-3.967647254467010498e-01,9.920325130224227905e-02,5.611238256096839905e-02,2.228156477212905884e-02,3.841351717710494995e-02,-1.053763270378112793e+00,4.998395442962646484e-01,-3.204660415649414062e-01,-1.483748406171798706e-01,2.809422016143798828e-01,-7.454052567481994629e-02,1.032513141632080078e+00,-1.263663768768310547e-01,-2.266841530799865723e-01,3.389511108398437500e-01,-2.759469151496887207e-01,2.573691010475158691e-01,-2.196935862302780151e-01,-1.063048720359802246e+00
-2.128105238080024719e-02,-1.574485152959823608e-01,1.635758727788925171e-01,1.280388683080673218e-01,-1.193838194012641907e-01,6.837531924247741699e-01,7.084032297134399414e-01,-9.789296984672546387e-02,1.173618063330650330e-01,1.540805846452713013e-01,9.518427848815917969e-01,-4.317542910575866699e-01,4.064747318625450134e-02,-5.320404097437858582e-02,-2.001035772264003754e-02,5.462015792727470398e-02,9.110813140869140625e-01,-3.805061876773834229e-01,7.676106691360473633e-02,7.248053699731826782e-02,-3.252380713820457458e-02,-1.196580845862627029e-02,-1.309886455535888672e+00,4.681442379951477051e-01,-3.595270812511444092e-01,-2.290275990962982178e-01,3.486758172512054443e-01,-7.209926098585128784e-02,1.044643163681030273e+00,-1.821897476911544800e-01,-2.824029624462127686e-01,5.966128110885620117e-01,-3.190509080886840820e-01,3.995000422000885010e-01,-2.282694429159164429e-01,-8.038878440856933594e-01
-2.170495875179767609e-02,-1.499650627374649048e-01,1.681683510541915894e-01,1.164298877120018005e-01,-9.721608459949493408e-02,6.748720407485961914e-01,7.221778631210327148e-01,-7.641187310218811035e-02,8.543224632740020752e-02,1.544668376445770264e-01,8.496242165565490723e-01,-4.699500501155853271e-01,4.164699837565422058e-02,-1.021217256784439087e-01,-2.796193584799766541e-02,7.745382189750671387e-02,9.085865020751953125e-01,-3.713252246379852295e-01,6.988009810447692871e-02,7.764447480440139771e-02,-7.187091559171676636e-02,-6.012600287795066833e-02,-1.505218029022216797e+00,4.305559098720550537e-01,-3.902797400951385498e-01,-2.787811756134033203e-01,3.941825926303863525e-01,-5.594348534941673279e-02,1.025498628616333008e+00,-2.572365403175354004e-01,-3.292458355426788330e-01,7.969013452529907227e-01,-3.399844765663146973e-01,5.380691289901733398e-01,-2.064798921346664429e-01,-5.405614972114562988e-01
-2.247470058500766754e-02,-1.430623680353164673e-01,1.691264808177947998e-01,1.061015650629997253e-01,-7.893966138362884521e-02,6.673922538757324219e-01,7.328701019287109375e-01,-7.574734091758728027e-02,6.465525925159454346e-02,1.548422873020172119e-01,7.980982661247253418e-01,-5.010276436805725098e-01,3.652418777346611023e-02,-1.546611040830612183e-01,-3.627457469701766968e-02,8.868344873189926147e-02,9.316550493240356445e-01,-3.721912801265716553e-01,7.213600724935531616e-02,7.991081476211547852e-02,-9.734813868999481201e-02,-9.711059927940368652e-02,-1.650981187820434570e+00,4.079962670803070068e-01,-4.058906137943267822e-01,-2.948125898838043213e-01,4.202153384685516357e-01,-3.607591614127159119e-02,9.784284830093383789e-01,-3.158676922321319580e-01,-3.442295491695404053e-01,8.765067458152770996e-01,-3.418239057064056396e-01,6.406873464584350586e-01,-1.756840497255325317e-01,-3.348523676395416260e-01
-2.354332059621810913e-02,-1.371729522943496704e-01,1.668529808521270752e-01,9.735794365406036377e-02,-6.809055805206298828e-02,6.628698110580444336e-01,7.392487525939941406e-01,-8.930139988660812378e-02,6.069932878017425537e-02,1.614475101232528687e-01,7.974019646644592285e-01,-5.412442684173583984e-01,4.702737182378768921e-02,-2.039918601512908936e-01,-3.601860255002975464e-02,9.574143588542938232e-02,9.784453511238098145e-01,-3.766386508941650391e-01,7.906983792781829834e-02,7.153363525867462158e-02,-1.141429618000984192e-01,-1.230793371796607971e-01,-1.735742688179016113e+00,3.955835402011871338e-01,-4.035280644893646240e-01,-3.106947839260101318e-01,4.359308481216430664e-01,-2.397036366164684296e-02,9.303537011146545410e-01,-3.294558525085449219e-01,-3.491028249263763428e-01,8.375949263572692871e-01,-3.157933950424194336e-01,7.048281431198120117e-01,-1.611080169677734375e-01,-2.339573949575424194e-01
-2.466661669313907623e-02,-1.326282769441604614e-01,1.621155589818954468e-01,9.272309392690658569e-02,-6.557338684797286987e-02,6.636617779731750488e-01,7.393616437911987305e-01,-1.099706664681434631e-01,7.367234677076339722e-02,1.795543283224105835e-01,8.399028182029724121e-01,-5.792208313941955566e-01,6.273477524518966675e-02,-2.425265312194824219e-01,-3.401477634906768799e-02,9.643069654703140259e-02,1.042034029960632324e+00,-3.790785670280456543e-01,9.711501747369766235e-02,4.998710751533508301e-02,-1.201956272125244141e-01,-1.312994062900543213e-01,-1.781091332435607910e+00,4.025838673114776611e-01,-3.852529227733612061e-01,-3.265005052089691162e-01,4.707853794097900391e-01,-9.655728936195373535e-03,9.032273292541503906e-01,-2.929585874080657959e-01,-3.526126444339752197e-01,7.076222300529479980e-01,-2.575998008251190186e-01,6.999909281730651855e-01,-1.780297905206680298e-01,-2.369416803121566772e-01
-2.569637633860111237e-02,-1.293582916259765625e-01,1.567304432392120361e-01,8.426168560981750488e-02,-6.410145014524459839e-02,6.659719347953796387e-01,7.384256124496459961e-01,-1.474923044443130493e-01,9.483428299427032471e-02,1.874257028102874756e-01,9.018110632896423340e-01,-6.140682101249694824e-01,7.702995091676712036e-02,-2.819439768791198730e-01,-2.814145199954509735e-02,9.148951619863510132e-02,1.099900841712951660e+00,-3.991353809833526611e-01,1.065379381179809570e-01,2.268782258033752441e-02,-1.105722784996032715e-01,-1.306392103433609009e-01,-1.810648679733276367e+00,4.249284863471984863e-01,-3.679868578910827637e-01,-3.420924246311187744e-01,5.138975381851196289e-01,1.174874883145093918e-02,8.899559378623962402e-01,-2.324720770120620728e-01,-3.608662784099578857e-01,5.222876071929931641e-01,-1.662585139274597168e-01,6.284802556037902832e-01,-2.136468887329101562e-01,-3.117185235023498535e-01
-2.625471539795398712e-02,-1.273649483919143677e-01,1.514194905757904053e-01,6.782788038253784180e-02,-6.148038059473037720e-02,6.702843904495239258e-01,7.364363074302673340e-01,-2.056987434625625610e-01,1.295661926269531250e-01,1.896421909332275391e-01,9.703196883201599121e-01,-6.468341350555419922e-01,8.960499614477157593e-02,-3.234965503215789795e-01,-5.617745686322450638e-03,8.883772790431976318e-02,1.142784953117370605e+00,-4.277124702930450439e-01,1.212599277496337891e-01,-5.211023148149251938e-03,-8.883035928010940552e-02,-1.245443746447563171e-01,-1.833615183830261230e+00,4.491081237792968750e-01,-3.527371287345886230e-01,-3.584076762199401855e-01,5.634902119636535645e-01,3.459136560559272766e-02,8.807857632637023926e-01,-1.635531485080718994e-01,-3.687425553798675537e-01,3.331087231636047363e-01,-7.937785983085632324e-02,5.140156745910644531e-01,-2.443778514862060547e-01,-4.215606153011322021e-01
-2.631036005914211273e-02,-1.264595687389373779e-01,1.451400965452194214e-01,5.428142845630645752e-02,-6.036197766661643982e-02,6.743315458297729492e-01,7.339529395103454590e-01,-2.619565725326538086e-01,1.620993465185165405e-01,1.868587136268615723e-01,1.042707085609436035e+00,-6.732197403907775879e-01,9.448424726724624634e-02,-3.470456302165985107e-01,1.955895312130451202e-02,8.886618912220001221e-02,1.172980666160583496e+00,-4.760875701904296875e-01,1.238399669528007507e-01,-4.026051983237266541e-02,-6.432577967643737793e-02,-1.143885403871536255e-01,-1.840173006057739258e+00,4.784730076789855957e-01,-3.518871366977691650e-01,-3.714081645011901855e-01,5.997437238693237305e-01,4.883108660578727722e-02,8.645030856132507324e-01,-8.406195789575576782e-02,-3.742722570896148682e-01,1.879774928092956543e-01,-2.160766720771789551e-02,4.157434999942779541e-01,-2.454137355089187622e-01,-5.107446312904357910e-01
-2.583182975649833679e-02,-1.265452057123184204e-01,1.375694572925567627e-01,4.335976019501686096e-02,-6.387645006179809570e-02,6.809435486793518066e-01,7.282552123069763184e-01,-3.182733952999114990e-01,1.977852880954742432e-01,1.765900701284408569e-01,1.125696063041687012e+00,-6.858029365539550781e-01,9.064449369907379150e-02,-3.607285618782043457e-01,3.463806584477424622e-02,6.643670797348022461e-02,1.194875955581665039e+00,-5.166625976562500000e-01,1.117557659745216370e-01,-6.859064847230911255e-02,-3.341892734169960022e-02,-9.847725182771682739e-02,-1.850378394126892090e+00,4.970218539237976074e-01,-3.527127504348754883e-01,-3.787875175476074219e-01,6.274901032447814941e-01,6.381883472204208374e-02,8.437361717224121094e-01,1.317863498115912080e-04,-3.784088194370269775e-01,7.561901956796646118e-02,1.332279574126005173e-02,3.403974473476409912e-01,-2.324007153511047363e-01,-5.561822056770324707e-01
-2.485650405287742615e-02,-1.273096054792404175e-01,1.318685114383697510e-01,3.387235477566719055e-02,-6.955908238887786865e-02,6.857365965843200684e-01,7.237260937690734863e-01,-3.634835481643676758e-01,2.377224862575531006e-01,1.702044457197189331e-01,1.192067503929138184e+00,-6.808202862739562988e-01,8.640449494123458862e-02,-3.681030571460723877e-01,4.912995547056198120e-02,3.926593065261840820e-02,1.206177473068237305e+00,-5.425830483436584473e-01,9.714198857545852661e-02,-9.434736520051956177e-02,-1.909797429107129574e-03,-8.377670496702194214e-02,-1.863888740539550781e+00,5.080260038375854492e-01,-3.557017147541046143e-01,-3.783828914165496826e-01,6.320306062698364258e-01,6.970942020416259766e-02,8.218201994895935059e-01,7.617519795894622803e-02,-3.827694654464721680e-01,-9.911687113344669342e-03,2.743251435458660126e-02,2.822450995445251465e-01,-2.207486033439636230e-01,-5.734792351722717285e-01
-2.347537875175476074e-02,-1.286828070878982544e-01,1.287256330251693726e-01,2.648437209427356720e-02,-7.575843483209609985e-02,6.892030835151672363e-01,7.201099991798400879e-01,-3.985710442066192627e-01,2.758425474166870117e-01,1.655075252056121826e-01,1.240194320678710938e+00,-6.575498580932617188e-01,8.231816440820693970e-02,-3.697278797626495361e-01,5.862009897828102112e-02,9.252299554646015167e-03,1.206838726997375488e+00,-5.516499876976013184e-01,9.185948967933654785e-02,-1.124724224209785461e-01,3.120624460279941559e-02,-6.677591055631637573e-02,-1.867861270904541016e+00,5.128731131553649902e-01,-3.588812053203582764e-01,-3.596309721469879150e-01,6.141391396522521973e-01,6.985883414745330811e-02,7.960537672042846680e-01,1.334325671195983887e-01,-3.820822834968566895e-01,-7.273177802562713623e-02,2.165310271084308624e-02,2.412344515323638916e-01,-2.074565738439559937e-01,-5.668228268623352051e-01
-2.180445194244384766e-02,-1.305244266986846924e-01,1.285720467567443848e-01,1.991618052124977112e-02,-8.346931636333465576e-02,6.919307112693786621e-01,7.168459296226501465e-01,-4.256277084350585938e-01,3.181966841220855713e-01,1.656013727188110352e-01,1.274982929229736328e+00,-6.163746714591979980e-01,8.185851573944091797e-02,-3.611322939395904541e-01,7.223457843065261841e-02,-1.699384860694408417e-02,1.188828706741333008e+00,-5.470885634422302246e-01,9.465412795543670654e-02,-1.295187324285507202e-01,6.469954550266265869e-02,-4.975912347435951233e-02,-1.874867081642150879e+00,5.138802528381347656e-01,-3.518193364143371582e-01,-3.381240367889404297e-01,5.888380408287048340e-01,6.957397609949111938e-02,7.748978734016418457e-01,1.653005182743072510e-01,-3.798842430114746094e-01,-1.101462766528129578e-01,-1.067354436963796616e-02,2.207551896572113037e-01,-1.981425881385803223e-01,-5.579372644424438477e-01
-1.985353976488113403e-02,-1.327879726886749268e-01,1.304342150688171387e-01,1.677954755723476410e-02,-8.981867134571075439e-02,6.933881640434265137e-01,7.147474288940429688e-01,-4.446566700935363770e-01,3.572673499584197998e-01,1.751514226198196411e-01,1.302472591400146484e+00,-5.611892342567443848e-01,8.234359323978424072e-02,-3.459406793117523193e-01,7.933640480041503906e-02,-3.955498337745666504e-02,1.162437915802001953e+00,-5.393507480621337891e-01,1.009350568056106567e-01,-1.388096064329147339e-01,8.711065351963043213e-02,-3.568039834499359131e-02,-1.873929381370544434e+00,5.086421370506286621e-01,-3.394760787487030029e-01,-3.273448646068572998e-01,5.639145970344543457e-01,6.554938107728958130e-02,7.622476220130920410e-01,1.660837382078170776e-01,-3.626699149608612061e-01,-1.175443232059478760e-01,-5.867873504757881165e-02,2.227971255779266357e-01,-1.984256058931350708e-01,-5.516566634178161621e-01
-1.773615553975105286e-02,-1.354952901601791382e-01,1.353712677955627441e-01,1.849612221121788025e-02,-9.400904923677444458e-02,6.927087306976318359e-01,7.148250341415405273e-01,-4.558974802494049072e-01,3.820567727088928223e-01,1.879130601882934570e-01,1.323225140571594238e+00,-4.951723217964172363e-01,8.314374834299087524e-02,-3.226345181465148926e-01,7.954189181327819824e-02,-5.277912318706512451e-02,1.124871492385864258e+00,-5.232562422752380371e-01,1.076390072703361511e-01,-1.329574584960937500e-01,9.997730702161788940e-02,-2.401624061167240143e-02,-1.865625262260437012e+00,4.965224266052246094e-01,-3.231578767299652100e-01,-3.252528309822082520e-01,5.558260679244995117e-01,6.373871862888336182e-02,7.593756318092346191e-01,1.438028663396835327e-01,-3.436321020126342773e-01,-9.230722486972808838e-02,-1.093985438346862793e-01,2.404584884643554688e-01,-1.973661929368972778e-01,-5.449996590614318848e-01
-1.586178690195083618e-02,-1.385964006185531616e-01,1.393010914325714111e-01,2.575633674860000610e-02,-9.800048172473907471e-02,6.890695691108703613e-01,7.175762057304382324e-01,-4.617217779159545898e-01,3.786737024784088135e-01,1.819705665111541748e-01,1.349063515663146973e+00,-4.710433781147003174e-01,7.344766706228256226e-02,-3.011966943740844727e-01,7.737662643194198608e-02,-5.216683074831962585e-02,1.104737758636474609e+00,-5.063007473945617676e-01,1.129354089498519897e-01,-1.092626601457595825e-01,9.782222658395767212e-02,-1.892305724322795868e-02,-1.858447790145874023e+00,4.743174612522125244e-01,-3.144426345825195312e-01,-3.168665170669555664e-01,5.462397933006286621e-01,6.583948433399200439e-02,7.578576803207397461e-01,9.992948174476623535e-02,-3.221011459827423096e-01,-3.700704872608184814e-02,-1.702301502227783203e-01,2.605362832546234131e-01,-1.918523460626602173e-01,-5.314403772354125977e-01
-1.417053584009408951e-02,-1.419915556907653809e-01,1.435514837503433228e-01,3.985797986388206482e-02,-9.957619756460189819e-02,6.834779381752014160e-01,7.220484018325805664e-01,-4.555397033691406250e-01,3.594811856746673584e-01,1.850326359272003174e-01,1.363705754280090332e+00,-4.649758636951446533e-01,6.772040575742721558e-02,-2.796509861946105957e-01,6.466209888458251953e-02,-3.882707282900810242e-02,1.095614790916442871e+00,-4.878953397274017334e-01,1.107358038425445557e-01,-6.887275725603103638e-02,7.994569092988967896e-02,-2.178953401744365692e-02,-1.852508068084716797e+00,4.463522732257843018e-01,-3.061811327934265137e-01,-3.032232820987701416e-01,5.372356772422790527e-01,6.434743851423263550e-02,7.522247433662414551e-01,3.283819928765296936e-02,-3.064494132995605469e-01,5.264084413647651672e-02,-2.410482913255691528e-01,2.810495793819427490e-01,-1.854905933141708374e-01,-5.068494081497192383e-01
-1.292229443788528442e-02,-1.452813297510147095e-01,1.485266983509063721e-01,5.397254601120948792e-02,-9.344331175088882446e-02,6.760111451148986816e-01,7.289473414421081543e-01,-4.394623935222625732e-01,3.210507929325103760e-01,1.909997165203094482e-01,1.362943887710571289e+00,-4.646351039409637451e-01,6.134710460901260376e-02,-2.707974016666412354e-01,4.380518570542335510e-02,-1.405820343643426895e-02,1.086595535278320312e+00,-4.791584312915802002e-01,1.027446836233139038e-01,-2.288510277867317200e-02,4.610979184508323669e-02,-2.475694753229618073e-02,-1.848861336708068848e+00,4.115595519542694092e-01,-2.924033403396606445e-01,-2.957344949245452881e-01,5.331091880798339844e-01,6.784282624721527100e-02,7.571777701377868652e-01,-4.710279032588005066e-02,-3.062594830989837646e-01,1.876290291547775269e-01,-3.099277317523956299e-01,3.305466175079345703e-01,-1.778582781553268433e-01,-4.392874538898468018e-01
-1.219293102622032166e-02,-1.481689363718032837e-01,1.519219428300857544e-01,7.334146648645401001e-02,-8.833496272563934326e-02,6.678861975669860840e-01,7.353543639183044434e-01,-4.033177196979522705e-01,2.692899703979492188e-01,1.980531960725784302e-01,1.324640989303588867e+00,-4.576183259487152100e-01,5.699616298079490662e-02,-2.640852630138397217e-01,1.191877666860818863e-02,9.346431121230125427e-03,1.099657893180847168e+00,-4.636881351470947266e-01,8.726941049098968506e-02,2.329525724053382874e-02,-1.044932869262993336e-03,-3.185435384511947632e-02,-1.846289157867431641e+00,3.715125918388366699e-01,-2.732715904712677002e-01,-2.921094298362731934e-01,5.259093046188354492e-01,6.458835303783416748e-02,7.614837884902954102e-01,-1.515885442495346069e-01,-3.152569532394409180e-01,3.604596555233001709e-01,-3.759801685810089111e-01,4.116862118244171143e-01,-1.545742154121398926e-01,-3.235056996345520020e-01
-1.222937647253274918e-02,-1.500658243894577026e-01,1.556494385004043579e-01,8.817187696695327759e-02,-7.908899337053298950e-02,6.556162238121032715e-01,7.457466721534729004e-01,-3.606623411178588867e-01,2.158781439065933228e-01,2.115847319364547729e-01,1.240864396095275879e+00,-4.527198970317840576e-01,5.565941333770751953e-02,-2.703089118003845215e-01,-1.594051532447338104e-02,3.861951455473899841e-02,1.105340003967285156e+00,-4.500691890716552734e-01,7.433053851127624512e-02,7.084535807371139526e-02,-5.092937871813774109e-02,-4.882843047380447388e-02,-1.830283403396606445e+00,3.281446695327758789e-01,-2.525485754013061523e-01,-3.172934353351593018e-01,5.257416367530822754e-01,4.381325095891952515e-02,7.635028362274169922e-01,-2.569712400436401367e-01,-3.157066106796264648e-01,5.590861439704895020e-01,-4.124378561973571777e-01,5.132315754890441895e-01,-1.204390600323677063e-01,-1.827834248542785645e-01
-1.315249595791101456e-02,-1.505513489246368408e-01,1.573687195777893066e-01,9.567523747682571411e-02,-6.753353774547576904e-02,6.436550617218017578e-01,7.563025951385498047e-01,-3.146469295024871826e-01,1.549405753612518311e-01,2.023028433322906494e-01,1.143963694572448730e+00,-4.879726171493530273e-01,5.418683588504791260e-02,-2.934912741184234619e-01,-3.331169113516807556e-02,6.884721666574478149e-02,1.117875337600708008e+00,-4.450907409191131592e-01,6.702628731727600098e-02,1.156831756234169006e-01,-9.940108656883239746e-02,-6.617101281881332397e-02,-1.818572282791137695e+00,2.963309586048126221e-01,-2.438489496707916260e-01,-3.460175991058349609e-01,5.070279240608215332e-01,1.112878415733575821e-02,7.729873061180114746e-01,-3.386060893535614014e-01,-2.985683977603912354e-01,7.129983305931091309e-01,-4.225699007511138916e-01,5.853264331817626953e-01,-8.884556591510772705e-02,-6.682621687650680542e-02
-1.497734989970922470e-02,-1.495994925498962402e-01,1.562232822179794312e-01,9.922292083501815796e-02,-5.864803493022918701e-02,6.343026757240295410e-01,7.644444108009338379e-01,-2.774743139743804932e-01,1.064026132225990295e-01,1.855118274688720703e-01,1.068144321441650391e+00,-5.645345449447631836e-01,5.794847756624221802e-02,-3.211982250213623047e-01,-4.843864962458610535e-02,8.451909571886062622e-02,1.142823457717895508e+00,-4.470814764499664307e-01,5.883718281984329224e-02,1.443702727556228638e-01,-1.352859586477279663e-01,-8.057612925767898560e-02,-1.812769055366516113e+00,2.751655578613281250e-01,-2.496684044599533081e-01,-3.770261406898498535e-01,4.819343090057373047e-01,-1.722011342644691467e-02,7.743024826049804688e-01,-3.769286572933197021e-01,-2.836858034133911133e-01,7.836773395538330078e-01,-4.238611459732055664e-01,6.389608383178710938e-01,-6.881611794233322144e-02,-3.995921928435564041e-03
-1.757049933075904846e-02,-1.473562419414520264e-01,1.545738130807876587e-01,9.931715577840805054e-02,-5.312136188149452209e-02,6.299008727073669434e-01,7.684653997421264648e-01,-2.528340816497802734e-01,7.987385988235473633e-02,1.815922558307647705e-01,1.022118091583251953e+00,-6.394131183624267578e-01,7.948633283376693726e-02,-3.468916416168212891e-01,-6.055808067321777344e-02,8.814492821693420410e-02,1.171669125556945801e+00,-4.380901455879211426e-01,6.827579438686370850e-02,1.467406302690505981e-01,-1.570195406675338745e-01,-8.508847653865814209e-02,-1.806549429893493652e+00,2.735290825366973877e-01,-2.592853307723999023e-01,-3.985646963119506836e-01,4.433266520500183105e-01,-4.145922139286994934e-02,7.580177187919616699e-01,-3.703222870826721191e-01,-2.848954498767852783e-01,7.695828080177307129e-01,-4.271101951599121094e-01,6.937799453735351562e-01,-6.775581091642379761e-02,1.260179653763771057e-02
-2.089803293347358704e-02,-1.439703255891799927e-01,1.506412178277969360e-01,9.665222465991973877e-02,-5.194818601012229919e-02,6.275870800018310547e-01,7.707750797271728516e-01,-2.481684684753417969e-01,7.701852917671203613e-02,1.868586689233779907e-01,1.022724866867065430e+00,-6.993474364280700684e-01,9.739802777767181396e-02,-3.683141469955444336e-01,-7.041150331497192383e-02,7.890543341636657715e-02,1.205687165260314941e+00,-4.373337328433990479e-01,8.268935233354568481e-02,1.276009082794189453e-01,-1.641574501991271973e-01,-7.889535278081893921e-02,-1.808565139770507812e+00,2.836370766162872314e-01,-2.686893641948699951e-01,-4.236527681350708008e-01,4.191571474075317383e-01,-5.592247471213340759e-02,7.404983639717102051e-01,-3.235259652137756348e-01,-3.083660900592803955e-01,6.810723543167114258e-01,-4.269313216209411621e-01,7.340997457504272461e-01,-8.977969735860824585e-02,-1.809063740074634552e-02
-2.449397929012775421e-02,-1.396659165620803833e-01,1.459032446146011353e-01,8.867029845714569092e-02,-5.343875288963317871e-02,6.287336945533752441e-01,7.706982493400573730e-01,-2.604280412197113037e-01,8.964955806732177734e-02,1.880281269550323486e-01,1.049768567085266113e+00,-7.514331340789794922e-01,1.176401302218437195e-01,-3.882883191108703613e-01,-6.296776980161666870e-02,7.494691759347915649e-02,1.238728165626525879e+00,-4.364856779575347900e-01,1.149844303727149963e-01,9.300346672534942627e-02,-1.618720740079879761e-01,-6.482920795679092407e-02,-1.816104531288146973e+00,3.004757761955261230e-01,-2.748475670814514160e-01,-4.435781836509704590e-01,4.013885259628295898e-01,-6.589880585670471191e-02,7.330480217933654785e-01,-2.642045319080352783e-01,-3.386970162391662598e-01,5.320171713829040527e-01,-4.147737026214599609e-01,7.546514868736267090e-01,-1.391737461090087891e-01,-8.851635456085205078e-02
-2.802959829568862915e-02,-1.347739249467849731e-01,1.418315172195434570e-01,7.614472508430480957e-02,-5.601103976368904114e-02,6.313430666923522949e-01,7.697211503982543945e-01,-2.813545763492584229e-01,1.144048199057579041e-01,1.881167888641357422e-01,1.084753990173339844e+00,-7.958920001983642578e-01,1.385599672794342041e-01,-4.051612913608551025e-01,-4.228613153100013733e-02,7.685304433107376099e-02,1.267145037651062012e+00,-4.449659287929534912e-01,1.533172875642776489e-01,5.105307698249816895e-02,-1.497832387685775757e-01,-4.879715293645858765e-02,-1.828142285346984863e+00,3.120277822017669678e-01,-2.782374918460845947e-01,-4.565113484859466553e-01,3.886623978614807129e-01,-6.818748265504837036e-02,7.327712774276733398e-01,-2.034426778554916382e-01,-3.618609905242919922e-01,3.628544211387634277e-01,-3.776282668113708496e-01,7.383544445037841797e-01,-1.964967995882034302e-01,-1.858149319887161255e-01
-3.133326768875122070e-02,-1.295805126428604126e-01,1.384696364402770996e-01,6.179101765155792236e-02,-5.739040300250053406e-02,6.341589689254760742e-01,7.685900330543518066e-01,-3.097910583019256592e-01,1.407250016927719116e-01,1.847876608371734619e-01,1.123352885246276855e+00,-8.276201486587524414e-01,1.517020016908645630e-01,-4.231256544589996338e-01,-2.657215297222137451e-02,7.325493544340133667e-02,1.299954414367675781e+00,-4.634391069412231445e-01,1.770769655704498291e-01,1.416225172579288483e-02,-1.285149157047271729e-01,-3.423681482672691345e-02,-1.842307686805725098e+00,3.219992518424987793e-01,-2.871267199516296387e-01,-4.520795047283172607e-01,3.866960108280181885e-01,-6.662400811910629272e-02,7.420563697814941406e-01,-1.471849977970123291e-01,-3.771445453166961670e-01,2.065882831811904907e-01,-3.193021118640899658e-01,6.920703649520874023e-01,-2.496817260980606079e-01,-2.939650118350982666e-01
-3.422182798385620117e-02,-1.243951544165611267e-01,1.377497017383575439e-01,4.756392166018486023e-02,-5.876670032739639282e-02,6.370698213577270508e-01,7.670894265174865723e-01,-3.349579572677612305e-01,1.651423424482345581e-01,1.783936768770217896e-01,1.151129484176635742e+00,-8.412623405456542969e-01,1.579791754484176636e-01,-4.370681345462799072e-01,-1.804482564330101013e-02,6.278996169567108154e-02,1.332688450813293457e+00,-4.721510410308837891e-01,1.807087659835815430e-01,-1.310255564749240875e-02,-1.070861443877220154e-01,-2.461576275527477264e-02,-1.849310874938964844e+00,3.327084779739379883e-01,-3.038983345031738281e-01,-4.268798232078552246e-01,3.774545192718505859e-01,-6.714594364166259766e-02,7.535796761512756348e-01,-9.545685350894927979e-02,-3.973776102066040039e-01,8.329013735055923462e-02,-2.510212063789367676e-01,6.298567056655883789e-01,-2.868069410324096680e-01,-3.897148072719573975e-01
-3.679440170526504517e-02,-1.194459870457649231e-01,1.406176090240478516e-01,3.317332267761230469e-02,-5.777643993496894836e-02,6.378021836280822754e-01,7.673133611679077148e-01,-3.533230423927307129e-01,1.838612705469131470e-01,1.726621240377426147e-01,1.154114484786987305e+00,-8.409600853919982910e-01,1.607208549976348877e-01,-4.407273232936859131e-01,-1.369208376854658127e-02,4.466857388615608215e-02,1.345065593719482422e+00,-4.779486656188964844e-01,1.658899188041687012e-01,-3.237532079219818115e-02,-8.302278071641921997e-02,-1.747278869152069092e-02,-1.854101777076721191e+00,3.412458598613739014e-01,-3.232974112033843994e-01,-3.834941685199737549e-01,3.518968522548675537e-01,-7.021183520555496216e-02,7.711810469627380371e-01,-3.994403779506683350e-02,-4.399130344390869141e-01,-1.628317520953714848e-03,-1.680137068033218384e-01,5.565784573554992676e-01,-3.026360869407653809e-01,-4.694532155990600586e-01
-3.881702944636344910e-02,-1.147670075297355652e-01,1.453888565301895142e-01,2.234581112861633301e-02,-5.735624209046363831e-02,6.398288011550903320e-01,7.660483121871948242e-01,-3.604292273521423340e-01,1.883625686168670654e-01,1.570223718881607056e-01,1.140892624855041504e+00,-8.319943547248840332e-01,1.620066612958908081e-01,-4.241427481174468994e-01,-8.176544215530157089e-04,3.811040893197059631e-02,1.329365491867065430e+00,-4.822128117084503174e-01,1.474541127681732178e-01,-5.243261158466339111e-02,-6.676250696182250977e-02,-1.256431639194488525e-02,-1.842018246650695801e+00,3.444383740425109863e-01,-3.442405760288238525e-01,-3.340390920639038086e-01,3.123761415481567383e-01,-7.479614764451980591e-02,7.867522835731506348e-01,9.919918142259120941e-03,-4.856307804584503174e-01,-4.930482059717178345e-02,-7.503859698772430420e-02,4.837490916252136230e-01,-2.935761809349060059e-01,-5.188446044921875000e-01
-4.042394831776618958e-02,-1.105398833751678467e-01,1.501105576753616333e-01,1.552175357937812805e-02,-5.939704924821853638e-02,6.419476270675659180e-01,7.642868161201477051e-01,-3.557693660259246826e-01,1.868086457252502441e-01,1.380932182073593140e-01,1.122702479362487793e+00,-8.231716752052307129e-01,1.632634252309799194e-01,-3.911172747611999512e-01,1.273386087268590927e-02,3.631974011659622192e-02,1.283653497695922852e+00,-4.906338453292846680e-01,1.227785348892211914e-01,-6.473491340875625610e-02,-5.689707398414611816e-02,-5.673480685800313950e-03,-1.830639362335205078e+00,3.362522125244140625e-01,-3.644409775733947754e-01,-2.814162075519561768e-01,2.722626328468322754e-01,-7.454997301101684570e-02,8.088865876197814941e-01,5.045380443334579468e-02,-5.251947641372680664e-01,-6.054687127470970154e-02,2.759061940014362335e-02,4.133228659629821777e-01,-2.711973190307617188e-01,-5.542210936546325684e-01
-4.153564199805259705e-02,-1.068827360868453979e-01,1.546055972576141357e-01,1.192359253764152527e-02,-6.158314645290374756e-02,6.433021426200866699e-01,7.630385160446166992e-01,-3.428905308246612549e-01,1.809223294258117676e-01,1.209900006651878357e-01,1.098102211952209473e+00,-8.150087594985961914e-01,1.587644815444946289e-01,-3.575500547885894775e-01,1.873035356402397156e-02,3.049455024302005768e-02,1.233713984489440918e+00,-4.893125891685485840e-01,9.842438995838165283e-02,-7.034856081008911133e-02,-4.995969310402870178e-02,2.240719739347696304e-03,-1.820483565330505371e+00,3.240029215812683105e-01,-3.871394097805023193e-01,-2.281776666641235352e-01,2.333750575780868530e-01,-7.548016309738159180e-02,8.372630476951599121e-01,7.700622081756591797e-02,-5.477824807167053223e-01,-4.359341412782669067e-02,1.382225304841995239e-01,3.567188680171966553e-01,-2.450872212648391724e-01,-5.817534923553466797e-01
-4.205761104822158813e-02,-1.038671806454658508e-01,1.580970585346221924e-01,1.178067550063133240e-02,-6.350609660148620605e-02,6.410000324249267578e-01,7.648183703422546387e-01,-3.233722448348999023e-01,1.761076152324676514e-01,1.150185391306877136e-01,1.074598550796508789e+00,-8.071807026863098145e-01,1.583525538444519043e-01,-3.355647623538970947e-01,1.475591212511062622e-02,1.849661208689212799e-02,1.204753756523132324e+00,-4.635672569274902344e-01,1.002961024641990662e-01,-7.410012930631637573e-02,-4.910089448094367981e-02,1.262688636779785156e-02,-1.816736936569213867e+00,3.084226250648498535e-01,-4.106914103031158447e-01,-1.699547171592712402e-01,2.056346088647842407e-01,-7.240957766771316528e-02,8.584849834442138672e-01,9.013129025697708130e-02,-5.504599809646606445e-01,7.854181341826915741e-03,2.737744748592376709e-01,3.185806870460510254e-01,-2.123222649097442627e-01,-5.969393253326416016e-01
-4.157185181975364685e-02,-1.014917120337486267e-01,1.607014089822769165e-01,1.344438176602125168e-02,-6.772224605083465576e-02,6.394347548484802246e-01,7.657389640808105469e-01,-3.009436130523681641e-01,1.746684610843658447e-01,1.095303446054458618e-01,1.057481288909912109e+00,-8.014609217643737793e-01,1.639185547828674316e-01,-3.360011279582977295e-01,1.583989337086677551e-02,1.220089197158813477e-02,1.221277356147766113e+00,-3.749060630798339844e-01,1.452359110116958618e-01,-7.974711805582046509e-02,-5.255683138966560364e-02,2.344344370067119598e-02,-1.825987577438354492e+00,3.113728463649749756e-01,-4.451088011264801025e-01,-1.083930581808090210e-01,1.750773638486862183e-01,-6.550673395395278931e-02,8.703650832176208496e-01,9.257636219263076782e-02,-5.372102856636047363e-01,8.190049231052398682e-02,4.140303432941436768e-01,2.838131487369537354e-01,-1.734261214733123779e-01,-5.829140543937683105e-01
-3.996997699141502380e-02,-9.963084012269973755e-02,1.635408997535705566e-01,1.324653066694736481e-02,-6.761322915554046631e-02,6.351988315582275391e-01,7.692694067955017090e-01,-2.866137027740478516e-01,1.726483553647994995e-01,1.041980609297752380e-01,1.039383292198181152e+00,-7.920710444450378418e-01,1.612599343061447144e-01,-3.591608703136444092e-01,2.413300098851323128e-03,-9.049706859514117241e-04,1.284678459167480469e+00,-3.029044568538665771e-01,1.917578727006912231e-01,-7.446608692407608032e-02,-5.159227550029754639e-02,4.003840684890747070e-02,-1.857795238494873047e+00,3.697047233581542969e-01,-5.129050612449645996e-01,-4.379665479063987732e-02,1.387749761343002319e-01,-5.553524568676948547e-02,8.697218894958496094e-01,9.846511483192443848e-02,-5.165638327598571777e-01,1.590409576892852783e-01,5.711687803268432617e-01,2.400111258029937744e-01,-1.268336176872253418e-01,-5.406191349029541016e-01
-3.778048232197761536e-02,-9.805693477392196655e-02,1.657540500164031982e-01,1.601991616189479828e-02,-6.549287587404251099e-02,6.252374649047851562e-01,7.775166630744934082e-01,-2.630553245544433594e-01,1.756584346294403076e-01,1.234295144677162170e-01,1.013025641441345215e+00,-7.872695326805114746e-01,1.594906002283096313e-01,-3.973047435283660889e-01,-5.739069730043411255e-02,-3.342658653855323792e-02,1.362657427787780762e+00,-2.835366725921630859e-01,2.096477001905441284e-01,-5.389624089002609253e-02,-4.338055849075317383e-02,4.950301349163055420e-02,-1.909312486648559570e+00,4.890911877155303955e-01,-6.096472740173339844e-01,1.612321287393569946e-02,1.016859188675880432e-01,-4.877829551696777344e-02,8.707039356231689453e-01,1.162963733077049255e-01,-4.896012246608734131e-01,2.288645505905151367e-01,7.354009747505187988e-01,1.813541352748870850e-01,-7.685714960098266602e-02,-4.812026619911193848e-01
-3.489347174763679504e-02,-9.644863009452819824e-02,1.686222255229949951e-01,1.890775188803672791e-02,-5.833748355507850647e-02,6.112630367279052734e-01,7.890479564666748047e-01,-2.378841340541839600e-01,1.720592081546783447e-01,1.485251933336257935e-01,9.704009890556335449e-01,-7.792728543281555176e-01,1.515338718891143799e-01,-4.332409799098968506e-01,-1.434195637702941895e-01,-5.483552068471908569e-02,1.405799031257629395e+00,-2.851633429527282715e-01,2.265098541975021362e-01,-2.613818086683750153e-02,-3.518642485141754150e-02,5.164459347724914551e-02,-1.948670148849487305e+00,6.754613518714904785e-01,-7.267075777053833008e-01,3.914917632937431335e-02,8.728992938995361328e-02,-4.727183282375335693e-02,8.796968460083007812e-01,1.444766819477081299e-01,-4.590665698051452637e-01,2.776867151260375977e-01,8.998808860778808594e-01,1.084842681884765625e-01,-2.907507307827472687e-02,-4.007563292980194092e-01
-3.148929029703140259e-02,-9.430162608623504639e-02,1.725759655237197876e-01,1.833599619567394257e-02,-5.281431227922439575e-02,5.961555242538452148e-01,8.009201288223266602e-01,-2.086822241544723511e-01,1.778832226991653442e-01,1.743507087230682373e-01,9.179902076721191406e-01,-7.715188264846801758e-01,1.306609064340591431e-01,-4.595810472965240479e-01,-2.460774034261703491e-01,-7.214000076055526733e-02,1.389373183250427246e+00,-2.700518369674682617e-01,2.359116971492767334e-01,-3.520899685099720955e-03,-1.719222031533718109e-02,5.079016461968421936e-02,-1.954959750175476074e+00,9.244287610054016113e-01,-8.296795487403869629e-01,-1.538264914415776730e-03,9.166456013917922974e-02,-6.644205003976821899e-02,8.743990063667297363e-01,2.005901932716369629e-01,-4.299445450305938721e-01,2.598304450511932373e-01,1.008880972862243652e+00,5.669549852609634399e-02,-1.885584322735667229e-03,-3.104970753192901611e-01
-2.759858593344688416e-02,-9.164597094058990479e-02,1.763425618410110474e-01,1.476685702800750732e-02,-5.315654352307319641e-02,5.791527032852172852e-01,8.133501410484313965e-01,-1.795925199985504150e-01,2.015293687582015991e-01,2.002683877944946289e-01,8.851606249809265137e-01,-7.590774297714233398e-01,1.050637364387512207e-01,-4.633319377899169922e-01,-3.379203677177429199e-01,-9.496303647756576538e-02,1.301070332527160645e+00,-2.638627290725708008e-01,2.523067593574523926e-01,1.565957069396972656e-02,8.047827519476413727e-03,3.744152560830116272e-02,-1.927798628807067871e+00,1.204022526741027832e+00,-9.221788644790649414e-01,-8.224780112504959106e-02,8.368539065122604370e-02,-1.004261150956153870e-01,8.562864065170288086e-01,2.916890084743499756e-01,-4.178313910961151123e-01,1.693940311670303345e-01,1.033706426620483398e+00,5.463146418333053589e-02,8.532002102583646774e-04,-2.250100970268249512e-01
-2.022570930421352386e-02,-9.127012640237808228e-02,1.820864826440811157e-01,7.915756665170192719e-03,-5.714588612318038940e-02,5.550543665885925293e-01,8.298110365867614746e-01,-1.473594456911087036e-01,2.458096295595169067e-01,2.282154858112335205e-01,8.570717573165893555e-01,-7.245771884918212891e-01,6.644456088542938232e-02,-4.502383172512054443e-01,-3.527405560016632080e-01,-1.178878024220466614e-01,1.169152498245239258e+00,-2.353200912475585938e-01,2.617999911308288574e-01,2.914451807737350464e-02,2.651984244585037231e-02,1.508701406419277191e-02,-1.840651512145996094e+00,1.475741744041442871e+00,-9.527613520622253418e-01,-1.863511949777603149e-01,3.234557807445526123e-02,-1.417452991008758545e-01,8.268888592720031738e-01,4.062031507492065430e-01,-4.212600886821746826e-01,3.082804195582866669e-02,9.567301273345947266e-01,9.750564396381378174e-02,-1.248120516538619995e-02,-1.236353814601898193e-01
-1.078846398741006851e-02,-9.280726313591003418e-02,1.882574707269668579e-01,-6.922980304807424545e-03,-6.153481081128120422e-02,5.301701426506042480e-01,8.456270694732666016e-01,-1.280982941389083862e-01,2.999498546123504639e-01,2.305875122547149658e-01,8.344637751579284668e-01,-6.944627165794372559e-01,2.499525807797908783e-02,-4.215136766433715820e-01,-2.990498840808868408e-01,-1.371346712112426758e-01,1.042846918106079102e+00,-1.861165612936019897e-01,2.617999911308288574e-01,4.686727374792098999e-02,3.211086243391036987e-02,-1.187660451978445053e-02,-1.723588466644287109e+00,1.690469384193420410e+00,-9.355046749114990234e-01,-2.417591065168380737e-01,-1.102772355079650879e-01,-1.910403668880462646e-01,7.445467710494995117e-01,5.427923798561096191e-01,-4.212936460971832275e-01,-1.261090934276580811e-01,7.979174852371215820e-01,1.933976709842681885e-01,-1.769793778657913208e-02,-3.906933218240737915e-02
-2.820044988766312599e-03,-9.307752549648284912e-02,1.920142471790313721e-01,-1.554182916879653931e-02,-6.462659686803817749e-02,5.089465975761413574e-01,8.582279682159423828e-01,-1.057375594973564148e-01,3.356978297233581543e-01,2.351855039596557617e-01,8.220779299736022949e-01,-6.718636155128479004e-01,-7.935198955237865448e-03,-3.730884790420532227e-01,-2.396516650915145874e-01,-1.345243752002716064e-01,9.356572628021240234e-01,-1.574310064315795898e-01,2.617999911308288574e-01,4.501647874712944031e-02,9.133227169513702393e-03,-3.769613429903984070e-02,-1.667996764183044434e+00,1.854369640350341797e+00,-9.463587403297424316e-01,-2.470252364873886108e-01,-2.879994511604309082e-01,-2.475867718458175659e-01,6.601601839065551758e-01,6.929382681846618652e-01,-4.174884557723999023e-01,-2.855306267738342285e-01,5.146942734718322754e-01,3.306290507316589355e-01,-3.205689415335655212e-02,2.175003103911876678e-02
3.571038367226719856e-03,-9.185779094696044922e-02,1.956150531768798828e-01,-2.110031060874462128e-02,-7.332514226436614990e-02,4.994094371795654297e-01,8.629996776580810547e-01,-6.931830942630767822e-02,3.647872209548950195e-01,2.398639172315597534e-01,8.008505702018737793e-01,-6.611076593399047852e-01,-3.630353882908821106e-02,-3.089615404605865479e-01,-1.876822263002395630e-01,-1.376471817493438721e-01,8.472739458084106445e-01,-1.587162017822265625e-01,2.617999911308288574e-01,1.880683377385139465e-02,8.330035023391246796e-03,-6.703747063875198364e-02,-1.840990066528320312e+00,2.049680709838867188e+00,-1.163016438484191895e+00,-2.565690875053405762e-01,-4.356288313865661621e-01,-2.844275832176208496e-01,5.690940022468566895e-01,8.455780744552612305e-01,-4.601403772830963135e-01,-4.804671108722686768e-01,1.021409854292869568e-01,4.507850706577301025e-01,-5.314060673117637634e-02,1.358982920646667480e-02
6.338674575090408325e-03,-8.910350501537322998e-02,1.959846019744873047e-01,-2.459009364247322083e-02,-7.899203896522521973e-02,4.928671419620513916e-01,8.661625385284423828e-01,-4.518644139170646667e-02,3.717460036277770996e-01,2.233800292015075684e-01,7.919802069664001465e-01,-6.693968772888183594e-01,-5.312746763229370117e-02,-2.575998306274414062e-01,-1.556905955076217651e-01,-1.324686706066131592e-01,7.899322509765625000e-01,-2.149959355592727661e-01,2.617999911308288574e-01,8.847151184454560280e-04,5.687140300869941711e-02,-7.410468161106109619e-02,-2.061044931411743164e+00,2.250981092453002930e+00,-1.399995326995849609e+00,-3.000668287277221680e-01,-4.993129968643188477e-01,-2.965975105762481689e-01,4.979575574398040771e-01,9.229407906532287598e-01,-5.282817482948303223e-01,-7.245529294013977051e-01,-2.046592831611633301e-01,4.952713251113891602e-01,-1.019142642617225647e-01,-5.693051591515541077e-02
7.147314492613077164e-03,-8.775029331445693970e-02,1.953702867031097412e-01,-2.512004412710666656e-02,-8.634154498577117920e-02,4.878165423870086670e-01,8.683024644851684570e-01,-2.234615385532379150e-02,3.776788711547851562e-01,2.147983908653259277e-01,7.919171452522277832e-01,-6.812517046928405762e-01,-6.228047236800193787e-02,-2.273172885179519653e-01,-1.425143033266067505e-01,-1.314761489629745483e-01,7.639218568801879883e-01,-2.372192591428756714e-01,2.617999911308288574e-01,2.924893237650394440e-02,6.244580447673797607e-02,-8.502732962369918823e-02,-2.050974607467651367e+00,2.251499891281127930e+00,-1.399999976158142090e+00,-2.472462654113769531e-01,-5.098235011100769043e-01,-2.900763750076293945e-01,4.623702764511108398e-01,9.369530081748962402e-01,-5.105956196784973145e-01,-8.895832896232604980e-01,-3.331108093261718750e-01,4.902866482734680176e-01,-1.396437883377075195e-01,-1.495982408523559570e-01
8.246957324445247650e-03,-8.909524977207183838e-02,1.942887306213378906e-01,-2.770476229488849640e-02,-9.603156149387359619e-02,4.878594577312469482e-01,8.671813607215881348e-01,-9.613004513084888458e-03,3.954987823963165283e-01,2.039043605327606201e-01,8.009325861930847168e-01,-7.009890079498291016e-01,-5.989422276616096497e-02,-2.103482186794281006e-01,-1.168591976165771484e-01,-1.235445514321327209e-01,7.651334404945373535e-01,-2.451427578926086426e-01,2.617999911308288574e-01,4.627878963947296143e-02,7.290887087583541870e-02,-8.968824893236160278e-02,-2.029159069061279297e+00,2.251499891281127930e+00,-1.399999976158142090e+00,-2.027803808450698853e-01,-4.897585213184356689e-01,-2.861776053905487061e-01,4.536650478839874268e-01,9.257209300994873047e-01,-4.840784370899200439e-01,-9.694858789443969727e-01,-3.368424773216247559e-01,4.587344527244567871e-01,-1.544157415628433228e-01,-2.440678179264068604e-01
7.202882319688796997e-03,-9.146776795387268066e-02,1.939100921154022217e-01,-2.202758938074111938e-02,-1.065758913755416870e-01,4.898932576179504395e-01,8.649629950523376465e-01,1.313290745019912720e-02,3.952254652976989746e-01,2.024883478879928589e-01,8.021519184112548828e-01,-7.077266573905944824e-01,-4.340888559818267822e-02,-1.905794590711593628e-01,-1.115265190601348877e-01,-1.117411106824874878e-01,7.740775346755981445e-01,-2.399262189865112305e-01,2.617999911308288574e-01,3.878414630889892578e-02,7.792502641677856445e-02,-7.438442856073379517e-02,-2.018216609954833984e+00,2.251499891281127930e+00,-1.399999976158142090e+00,-1.648596972227096558e-01,-4.792960882186889648e-01,-2.828589975833892822e-01,4.523692131042480469e-01,8.775787949562072754e-01,-4.531494677066802979e-01,-9.633812308311462402e-01,-2.490139603614807129e-01,4.174210429191589355e-01,-1.428703665733337402e-01,-3.492782115936279297e-01
3.679590066894888878e-03,-9.448835253715515137e-02,1.925271153450012207e-01,-1.090700458735227585e-02,-1.197788789868354797e-01,4.944485127925872803e-01,8.608453273773193359e-01,3.368008136749267578e-02,3.889846503734588623e-01,2.032153010368347168e-01,8.223687410354614258e-01,-7.068771123886108398e-01,-2.423448860645294189e-02,-1.654869914054870605e-01,-1.173503547906875610e-01,-8.709581941366195679e-02,7.888596653938293457e-01,-2.353033870458602905e-01,2.617999911308288574e-01,1.286488771438598633e-02,7.592822611331939697e-02,-3.992851451039314270e-02,-2.018116950988769531e+00,2.251499891281127930e+00,-1.399999976158142090e+00,-1.536204963922500610e-01,-4.863758683204650879e-01,-2.731122076511383057e-01,4.597175419330596924e-01,7.956900596618652344e-01,-4.133729040622711182e-01,-8.718066811561584473e-01,-7.087491452693939209e-02,3.950641751289367676e-01,-1.114806383848190308e-01,-4.280032217502593994e-01
-2.135258866474032402e-03,-9.806977212429046631e-02,1.900347620248794556e-01,8.136870339512825012e-03,-1.344396770000457764e-01,5.032819509506225586e-01,8.535614013671875000e-01,6.026311591267585754e-02,3.637324273586273193e-01,2.019298672676086426e-01,8.436263203620910645e-01,-7.098602652549743652e-01,5.530971568077802658e-03,-1.350263655185699463e-01,-1.442678272724151611e-01,-5.796206742525100708e-02,8.139987587928771973e-01,-2.282976061105728149e-01,2.617999911308288574e-01,-2.173597738146781921e-02,4.617106169462203979e-02,1.639875024557113647e-02,-2.022001504898071289e+00,2.237603187561035156e+00,-1.399999976158142090e+00,-1.719569414854049683e-01,-5.171885490417480469e-01,-2.653707861900329590e-01,4.777083098888397217e-01,6.785021424293518066e-01,-3.609391748905181885e-01,-7.056665420532226562e-01,1.911097317934036255e-01,3.910701572895050049e-01,-7.342549413442611694e-02,-4.898687303066253662e-01
-9.506095200777053833e-03,-1.019884347915649414e-01,1.867579519748687744e-01,3.014223277568817139e-02,-1.473027765750885010e-01,5.122168064117431641e-01,8.455928564071655273e-01,8.682063966989517212e-02,3.281215429306030273e-01,2.018089294433593750e-01,8.617364764213562012e-01,-7.128986120223999023e-01,3.243147209286689758e-02,-1.114635318517684937e-01,-1.838508844375610352e-01,-2.810034528374671936e-02,8.466902375221252441e-01,-2.141887396574020386e-01,2.617999911308288574e-01,-4.393673688173294067e-02,-5.562072154134511948e-03,7.141123712062835693e-02,-2.022053003311157227e+00,2.145696401596069336e+00,-1.399999976158142090e+00,-2.054847031831741333e-01,-5.539360046386718750e-01,-2.638545632362365723e-01,5.115269422531127930e-01,5.523512959480285645e-01,-2.820686399936676025e-01,-5.203672051429748535e-01,4.704477488994598389e-01,4.027360379695892334e-01,-3.225660324096679688e-02,-5.315099358558654785e-01
-1.823567040264606476e-02,-1.056860387325286865e-01,1.829940527677536011e-01,5.667361244559288025e-02,-1.571972221136093140e-01,5.254457592964172363e-01,8.342564702033996582e-01,1.089210435748100281e-01,2.742118835449218750e-01,1.926073879003524780e-01,8.784934878349304199e-01,-7.113157510757446289e-01,6.146024540066719055e-02,-9.756739437580108643e-02,-2.425055205821990967e-01,3.385385265573859215e-03,8.952019214630126953e-01,-1.757806986570358276e-01,2.617999911308288574e-01,-6.772902607917785645e-02,-8.138926327228546143e-02,1.250217407941818237e-01,-2.013944864273071289e+00,2.026062011718750000e+00,-1.399999976158142090e+00,-2.481821924448013306e-01,-5.898151993751525879e-01,-2.812290787696838379e-01,5.771975517272949219e-01,4.308656752109527588e-01,-1.845943629741668701e-01,-3.268280327320098877e-01,7.073280215263366699e-01,4.121006429195404053e-01,5.924913566559553146e-03,-5.572201013565063477e-01
-2.362936176359653473e-02,-1.115408465266227722e-01,1.795751750469207764e-01,7.962708175182342529e-02,-1.637262701988220215e-01,5.405276417732238770e-01,8.213909268379211426e-01,1.272499561309814453e-01,2.302475422620773315e-01,1.860369592905044556e-01,8.779944181442260742e-01,-7.164003849029541016e-01,7.967837899923324585e-02,-1.018426492810249329e-01,-2.828339934349060059e-01,2.527507022023200989e-02,9.615758657455444336e-01,-1.321121305227279663e-01,2.432987838983535767e-01,-8.506800234317779541e-02,-1.699367016553878784e-01,1.794317811727523804e-01,-1.992778778076171875e+00,1.889962434768676758e+00,-1.399999976158142090e+00,-2.966639101505279541e-01,-6.131228804588317871e-01,-3.194075226783752441e-01,6.551751494407653809e-01,3.181372284889221191e-01,-7.682422548532485962e-02,-1.467629820108413696e-01,8.878594040870666504e-01,4.052952229976654053e-01,4.209237173199653625e-02,-5.804742574691772461e-01
-2.728544175624847412e-02,-1.183129101991653442e-01,1.764434725046157837e-01,1.082164347171783447e-01,-1.598014980554580688e-01,5.614297986030578613e-01,8.047044873237609863e-01,1.315882354974746704e-01,1.553225368261337280e-01,1.631877124309539795e-01,8.701494932174682617e-01,-7.078602313995361328e-01,1.004137396812438965e-01,-1.262433677911758423e-01,-3.119489550590515137e-01,8.773309737443923950e-02,1.045430898666381836e+00,-9.840880334377288818e-02,2.514676153659820557e-01,-7.934043183922767639e-03,-2.476358711719512939e-01,2.548956573009490967e-01,-1.585731625556945801e+00,1.509636163711547852e+00,-1.006009697914123535e+00,-2.484006434679031372e-01,-5.731012225151062012e-01,-3.375636637210845947e-01,7.718505263328552246e-01,2.082065045833587646e-01,5.131747201085090637e-02,-1.192014664411544800e-01,1.027140974998474121e+00,4.094365537166595459e-01,5.251553282141685486e-02,-6.190563440322875977e-01
-3.171854838728904724e-02,-1.208373159170150757e-01,1.739449948072433472e-01,1.114104315638542175e-01,-1.613794863224029541e-01,5.720019936561584473e-01,7.964659929275512695e-01,1.203453317284584045e-01,1.435282826423645020e-01,1.545548290014266968e-01,8.835406303405761719e-01,-7.200499773025512695e-01,1.052234917879104614e-01,-1.449623107910156250e-01,-2.455139160156250000e-01,1.457096040248870850e-01,1.104564905166625977e+00,-1.603301614522933960e-01,2.617999911308288574e-01,3.622186835855245590e-03,1.060769334435462952e-01,2.335965037345886230e-01,-5.928505063056945801e-01,7.691207528114318848e-01,-4.814904555678367615e-02,-4.570038616657257080e-01,-3.656683564186096191e-01,-3.056355118751525879e-01,7.148801088333129883e-01,2.074137479066848755e-01,-2.904894948005676270e-01,-2.445509731769561768e-01,1.095875859260559082e+00,4.210168421268463135e-01,6.427924335002899170e-02,-6.477532982826232910e-01
-3.173456713557243347e-02,-1.249853968620300293e-01,1.700839251279830933e-01,1.082154288887977600e-01,-1.630593687295913696e-01,5.850057005882263184e-01,7.870637774467468262e-01,8.369230479001998901e-02,1.536518335342407227e-01,1.315221637487411499e-01,9.289100170135498047e-01,-7.342392802238464355e-01,1.049665659666061401e-01,-1.584480851888656616e-01,-1.612122654914855957e-01,1.734112650156021118e-01,1.146788716316223145e+00,-2.312618643045425415e-01,2.617999911308288574e-01,-3.420808166265487671e-02,1.351137161254882812e-01,2.506763041019439697e-01,-5.443767905235290527e-01,6.036795377731323242e-01,1.095404475927352905e-02,-4.853207468986511230e-01,-3.829666674137115479e-01,-3.114652931690216064e-01,7.639376521110534668e-01,1.777846813201904297e-01,-3.132250607013702393e-01,-1.845340281724929810e-01,1.084077477455139160e+00,4.269831478595733643e-01,5.761583521962165833e-02,-6.822549104690551758e-01
-3.264525160193443298e-02,-1.284344494342803955e-01,1.637411415576934814e-01,1.065862998366355896e-01,-1.611797362565994263e-01,5.977739691734313965e-01,7.780274152755737305e-01,2.865397743880748749e-02,1.576387137174606323e-01,1.151200085878372192e-01,1.003940939903259277e+00,-7.415077686309814453e-01,1.144123673439025879e-01,-1.779721528291702271e-01,-1.052865535020828247e-01,1.870667785406112671e-01,1.184265375137329102e+00,-2.827868759632110596e-01,2.617999911308288574e-01,-5.929644405841827393e-02,1.445282697677612305e-01,2.682009637355804443e-01,-5.166094899177551270e-01,4.999935925006866455e-01,8.727979660034179688e-02,-4.681363701820373535e-01,-3.802748620510101318e-01,-3.237745761871337891e-01,8.414542078971862793e-01,1.626275628805160522e-01,-3.341062664985656738e-01,-1.665169000625610352e-01,1.035344600677490234e+00,4.314462840557098389e-01,4.495196789503097534e-02,-7.300636172294616699e-01
-3.532617539167404175e-02,-1.310700923204421997e-01,1.560702025890350342e-01,1.075212657451629639e-01,-1.557113230228424072e-01,6.097383499145507812e-01,7.696832418441772461e-01,-2.741200849413871765e-02,1.499158143997192383e-01,1.100393235683441162e-01,1.079093217849731445e+00,-7.496429085731506348e-01,1.312773525714874268e-01,-1.880843490362167358e-01,-8.797582983970642090e-02,1.957866400480270386e-01,1.216758131980895996e+00,-3.493153750896453857e-01,2.561420798301696777e-01,-6.559602171182632446e-02,1.402900367975234985e-01,2.859610915184020996e-01,-4.874415695667266846e-01,4.610644876956939697e-01,1.589460819959640503e-01,-4.490197002887725830e-01,-3.806430101394653320e-01,-3.389068245887756348e-01,9.087920784950256348e-01,1.664939224720001221e-01,-3.498423397541046143e-01,-1.745986938476562500e-01,1.008082866668701172e+00,4.441291093826293945e-01,3.572689741849899292e-02,-7.698302865028381348e-01
-3.362095728516578674e-02,-1.346161514520645142e-01,1.477818191051483154e-01,1.026794612407684326e-01,-1.490035802125930786e-01,6.181133985519409180e-01,7.649775743484497070e-01,-9.069972485303878784e-02,1.638704389333724976e-01,1.159858554601669312e-01,1.152594447135925293e+00,-7.631332874298095703e-01,1.512860953807830811e-01,-2.131703495979309082e-01,-9.724362194538116455e-02,1.490973681211471558e-01,1.240720510482788086e+00,-4.180984497070312500e-01,1.875216364860534668e-01,-6.892646104097366333e-02,1.488999575376510620e-01,2.953580617904663086e-01,-4.611119925975799561e-01,4.667771756649017334e-01,2.314475476741790771e-01,-4.204318821430206299e-01,-3.675936460494995117e-01,-3.510676324367523193e-01,9.747250676155090332e-01,1.627978235483169556e-01,-3.753510415554046631e-01,-1.874740421772003174e-01,1.019694566726684570e+00,4.621085524559020996e-01,3.904225304722785950e-02,-8.063315153121948242e-01
-3.065101616084575653e-02,-1.379782557487487793e-01,1.419066935777664185e-01,9.655494242906570435e-02,-1.477002799510955811e-01,6.234987378120422363e-01,7.616502642631530762e-01,-1.406375467777252197e-01,1.945218741893768311e-01,1.271562576293945312e-01,1.215617179870605469e+00,-7.562190890312194824e-01,1.828273981809616089e-01,-2.246266454458236694e-01,-1.056418791413307190e-01,1.004693061113357544e-01,1.246122598648071289e+00,-4.762990176677703857e-01,1.157847866415977478e-01,-6.101801246404647827e-02,1.628370583057403564e-01,3.031769990921020508e-01,-4.311455786228179932e-01,5.087980031967163086e-01,2.838992476463317871e-01,-3.931742310523986816e-01,-3.562530279159545898e-01,-3.560138940811157227e-01,1.014977693557739258e+00,1.601849496364593506e-01,-3.989334106445312500e-01,-2.165433764457702637e-01,1.071636319160461426e+00,4.801284670829772949e-01,4.935696348547935486e-02,-8.339092731475830078e-01
-2.662986889481544495e-02,-1.409661620855331421e-01,1.396773010492324829e-01,8.799479901790618896e-02,-1.487520188093185425e-01,6.256353855133056641e-01,7.607299685478210449e-01,-1.806763559579849243e-01,2.241830229759216309e-01,1.217366233468055725e-01,1.259253025054931641e+00,-7.353570461273193359e-01,2.090539187192916870e-01,-2.251336276531219482e-01,-9.439805150032043457e-02,6.730353087186813354e-02,1.232404589653015137e+00,-5.230984091758728027e-01,7.281509041786193848e-02,-4.827465489506721497e-02,1.781983375549316406e-01,3.117939233779907227e-01,-3.947896659374237061e-01,5.630723237991333008e-01,3.228060007095336914e-01,-3.659372925758361816e-01,-3.420508801937103271e-01,-3.559252023696899414e-01,1.041339397430419922e+00,1.537175029516220093e-01,-4.190454185009002686e-01,-2.487090080976486206e-01,1.147930026054382324e+00,5.066367983818054199e-01,6.170098483562469482e-02,-8.483892083168029785e-01
-2.191356569528579712e-02,-1.436069309711456299e-01,1.389371156692504883e-01,7.962667942047119141e-02,-1.520714610815048218e-01,6.232421994209289551e-01,7.629567384719848633e-01,-2.088992893695831299e-01,2.522614002227783203e-01,1.068462952971458435e-01,1.290349602699279785e+00,-7.103362083435058594e-01,2.312241643667221069e-01,-2.198301106691360474e-01,-7.313402742147445679e-02,4.182573780417442322e-02,1.208750009536743164e+00,-5.576141476631164551e-01,4.928718134760856628e-02,-3.102442063391208649e-02,1.940921545028686523e-01,3.196416497230529785e-01,-3.545185923576354980e-01,6.119653582572937012e-01,3.526532053947448730e-01,-3.379959762096405029e-01,-3.338746428489685059e-01,-3.540359139442443848e-01,1.053844451904296875e+00,1.412826180458068848e-01,-4.342834949493408203e-01,-2.815213203430175781e-01,1.224767804145812988e+00,5.346332788467407227e-01,6.878365576267242432e-02,-8.528432846069335938e-01
-1.681368798017501831e-02,-1.462039053440093994e-01,1.389615237712860107e-01,7.087717950344085693e-02,-1.591744273900985718e-01,6.180518269538879395e-01,7.665845155715942383e-01,-2.295284122228622437e-01,2.827884256839752197e-01,8.184536546468734741e-02,1.318248152732849121e+00,-6.824348568916320801e-01,2.517318129539489746e-01,-2.068019956350326538e-01,-3.946125507354736328e-02,2.210454270243644714e-02,1.176742434501647949e+00,-5.800162553787231445e-01,3.771514818072319031e-02,-1.034909952431917191e-02,2.147180736064910889e-01,3.303050398826599121e-01,-3.188292384147644043e-01,6.490084528923034668e-01,3.785846233367919922e-01,-3.046047985553741455e-01,-3.303703665733337402e-01,-3.536600172519683838e-01,1.055121183395385742e+00,1.144755110144615173e-01,-4.505285024642944336e-01,-3.029960691928863525e-01,1.294963717460632324e+00,5.597996115684509277e-01,6.690143793821334839e-02,-8.453823328018188477e-01
-1.029479876160621643e-02,-1.493757218122482300e-01,1.389342099428176880e-01,6.560338288545608521e-02,-1.687234640121459961e-01,6.099858880043029785e-01,7.714569568634033203e-01,-2.411724179983139038e-01,3.196710348129272461e-01,5.731843411922454834e-02,1.347360253334045410e+00,-6.448947191238403320e-01,2.612584233283996582e-01,-1.889492571353912354e-01,-3.241493832319974899e-03,8.597274310886859894e-03,1.147504091262817383e+00,-5.931660532951354980e-01,3.135835379362106323e-02,1.346282567828893661e-02,2.321747243404388428e-01,3.396588265895843506e-01,-2.907162308692932129e-01,6.709150075912475586e-01,3.910649716854095459e-01,-2.696084380149841309e-01,-3.252955377101898193e-01,-3.470197916030883789e-01,1.046343326568603516e+00,8.077733963727951050e-02,-4.601828157901763916e-01,-2.995581030845642090e-01,1.335848450660705566e+00,5.669311285018920898e-01,6.424769759178161621e-02,-8.379846811294555664e-01
-3.602554555982351303e-03,-1.535800844430923462e-01,1.399768143892288208e-01,6.181183457374572754e-02,-1.781571507453918457e-01,6.004865169525146484e-01,7.770812511444091797e-01,-2.490225136280059814e-01,3.528371453285217285e-01,3.057113848626613617e-02,1.371255874633789062e+00,-6.003199219703674316e-01,2.612769007682800293e-01,-1.714156270027160645e-01,3.569845110177993774e-02,3.632369916886091232e-03,1.117109417915344238e+00,-5.945392847061157227e-01,2.353437989950180054e-02,3.813668712973594666e-02,2.494086623191833496e-01,3.487554490566253662e-01,-2.731841504573822021e-01,6.744673252105712891e-01,3.832702636718750000e-01,-2.254399508237838745e-01,-3.350595831871032715e-01,-3.328644335269927979e-01,1.024765133857727051e+00,3.181961178779602051e-02,-4.610379338264465332e-01,-2.670170664787292480e-01,1.354033589363098145e+00,5.619034171104431152e-01,5.867598205804824829e-02,-8.261084556579589844e-01
2.588773146271705627e-03,-1.593353897333145142e-01,1.412594169378280640e-01,5.950587615370750427e-02,-1.873494088649749756e-01,5.915935039520263672e-01,7.819055914878845215e-01,-2.559753656387329102e-01,3.821012973785400391e-01,6.403322797268629074e-03,1.392426013946533203e+00,-5.560995936393737793e-01,2.612122595310211182e-01,-1.553194224834442139e-01,7.262921333312988281e-02,3.355618333443999290e-03,1.087718248367309570e+00,-5.863443613052368164e-01,2.178646437823772430e-02,6.218231096863746643e-02,2.622364759445190430e-01,3.587611615657806396e-01,-2.692813873291015625e-01,6.575038433074951172e-01,3.585382401943206787e-01,-1.638757437467575073e-01,-3.514468967914581299e-01,-3.157192468643188477e-01,9.986230134963989258e-01,-3.654255717992782593e-02,-4.496713876724243164e-01,-2.046439051628112793e-01,1.351614952087402344e+00,5.468109846115112305e-01,5.255590751767158508e-02,-8.137994408607482910e-01
7.834745571017265320e-03,-1.669391691684722900e-01,1.426407992839813232e-01,6.085979938507080078e-02,-1.962061077356338501e-01,5.841984152793884277e-01,7.851824164390563965e-01,-2.622063457965850830e-01,4.034869372844696045e-01,-1.040698215365409851e-02,1.413848519325256348e+00,-5.073115825653076172e-01,2.609210908412933350e-01,-1.405172199010848999e-01,1.010957360267639160e-01,6.133636459708213806e-03,1.064829945564270020e+00,-5.692213773727416992e-01,2.317968010902404785e-02,8.358741551637649536e-02,2.724284827709197998e-01,3.700350522994995117e-01,-2.820562422275543213e-01,6.229779720306396484e-01,3.079796135425567627e-01,-7.832086086273193359e-02,-3.694811463356018066e-01,-2.897116541862487793e-01,9.632244110107421875e-01,-1.227224394679069519e-01,-4.228504896163940430e-01,-1.091543957591056824e-01,1.329346418380737305e+00,5.239609479904174805e-01,4.653093591332435608e-02,-7.971209287643432617e-01
1.162249222397804260e-02,-1.762748956680297852e-01,1.451525688171386719e-01,6.640880554914474487e-02,-2.012418508529663086e-01,5.782921314239501953e-01,7.878260016441345215e-01,-2.668032348155975342e-01,4.097374379634857178e-01,-1.090778410434722900e-02,1.426514029502868652e+00,-4.599738717079162598e-01,2.603202164173126221e-01,-1.307060867547988892e-01,1.136179715394973755e-01,1.164790336042642593e-02,1.045795679092407227e+00,-5.470790266990661621e-01,2.659486606717109680e-02,1.015923172235488892e-01,2.752444446086883545e-01,3.840207159519195557e-01,-3.035542368888854980e-01,5.790514945983886719e-01,2.324249148368835449e-01,4.270190000534057617e-02,-3.955875933170318604e-01,-2.531173825263977051e-01,9.109098911285400391e-01,-2.227287441492080688e-01,-3.774374723434448242e-01,1.737861894071102142e-02,1.281716823577880859e+00,5.054054260253906250e-01,3.585477545857429504e-02,-7.710273861885070801e-01
1.427797414362430573e-02,-1.870403289794921875e-01,1.466320455074310303e-01,7.961325347423553467e-02,-2.079049050807952881e-01,5.773992538452148438e-01,7.855236530303955078e-01,-2.681718766689300537e-01,3.957494795322418213e-01,4.773063701577484608e-04,1.437622904777526855e+00,-4.166248738765716553e-01,2.593384087085723877e-01,-1.163745969533920288e-01,1.075341254472732544e-01,1.312703918665647507e-02,1.044299364089965820e+00,-5.208767056465148926e-01,2.937348745763301849e-02,1.072748452425003052e-01,2.659404277801513672e-01,4.044569134712219238e-01,-3.395554423332214355e-01,5.298430919647216797e-01,1.338390409946441650e-01,2.263965606689453125e-01,-4.241035878658294678e-01,-2.029521465301513672e-01,8.334910869598388672e-01,-3.332742154598236084e-01,-3.145233392715454102e-01,1.765602827072143555e-01,1.204514622688293457e+00,4.871138632297515869e-01,1.880862750113010406e-02,-7.289950847625732422e-01
1.153956167399883270e-02,-1.959678381681442261e-01,1.469678729772567749e-01,9.890019893646240234e-02,-2.150654792785644531e-01,5.781296491622924805e-01,7.808531522750854492e-01,-2.468187212944030762e-01,3.202541172504425049e-01,3.324913606047630310e-02,1.416583657264709473e+00,-4.421307146549224854e-01,2.586919963359832764e-01,-9.914031624794006348e-02,8.122550696134567261e-02,1.843949034810066223e-02,1.061207294464111328e+00,-5.021570920944213867e-01,3.780695423483848572e-02,1.033712625503540039e-01,2.496749460697174072e-01,4.223897755146026611e-01,-3.627220392227172852e-01,4.703692197799682617e-01,4.470870830118656158e-03,4.759099185466766357e-01,-4.256091713905334473e-01,-1.326999962329864502e-01,7.204592823982238770e-01,-4.367475509643554688e-01,-2.353781461715698242e-01,3.586145937442779541e-01,1.088481426239013672e+00,4.798693358898162842e-01,-4.562643822282552719e-03,-6.578522920608520508e-01
1.069618295878171921e-02,-2.045524418354034424e-01,1.455555111169815063e-01,1.233602762222290039e-01,-2.245735228061676025e-01,5.827789902687072754e-01,7.711793780326843262e-01,-2.147084623575210571e-01,2.453880906105041504e-01,6.715079396963119507e-02,1.380488514900207520e+00,-4.567117094993591309e-01,2.124047428369522095e-01,-6.751100718975067139e-02,4.600283131003379822e-02,1.809802092611789703e-02,1.081548333168029785e+00,-4.942049980163574219e-01,4.765029251575469971e-02,8.878772705793380737e-02,2.170759290456771851e-01,4.397842586040496826e-01,-3.689230680465698242e-01,4.029902815818786621e-01,-1.296933740377426147e-01,7.687756419181823730e-01,-3.851189017295837402e-01,-6.514026969671249390e-02,5.821866989135742188e-01,-5.122730135917663574e-01,-1.805159896612167358e-01,5.394995808601379395e-01,9.084287881851196289e-01,4.917362928390502930e-01,-2.423388510942459106e-02,-5.674322247505187988e-01
1.277639623731374741e-02,-2.120884060859680176e-01,1.459715962409973145e-01,1.524394899606704712e-01,-2.320356965065002441e-01,5.926243662834167480e-01,7.561203241348266602e-01,-1.900112181901931763e-01,2.227539420127868652e-01,1.143867596983909607e-01,1.343153595924377441e+00,-4.543915390968322754e-01,1.534190177917480469e-01,-2.121911570429801941e-02,-5.928858648985624313e-03,5.358477123081684113e-03,1.091510891914367676e+00,-4.857022166252136230e-01,4.550186172127723694e-02,6.053801625967025757e-02,1.731408685445785522e-01,4.512381255626678467e-01,-3.321918845176696777e-01,3.192090392112731934e-01,-2.453734576702117920e-01,1.045683622360229492e+00,-3.066430985927581787e-01,-2.186972834169864655e-02,4.423515200614929199e-01,-5.587301850318908691e-01,-1.825316101312637329e-01,6.820242404937744141e-01,6.059900522232055664e-01,5.558100938796997070e-01,-3.719933703541755676e-02,-4.711841344833374023e-01
1.548797823488712311e-02,-2.164330035448074341e-01,1.466003358364105225e-01,1.750603914260864258e-01,-2.344657629728317261e-01,6.117786765098571777e-01,7.349194288253784180e-01,-1.772158443927764893e-01,2.332254648208618164e-01,1.688021868467330933e-01,1.321013569831848145e+00,-4.611894488334655762e-01,1.085049360990524292e-01,2.700102515518665314e-02,-6.375128030776977539e-02,-2.800731547176837921e-02,1.084590435028076172e+00,-4.936846494674682617e-01,4.021616652607917786e-02,4.697496816515922546e-02,1.334912627935409546e-01,4.468027651309967041e-01,-2.586311995983123779e-01,2.476639449596405029e-01,-3.285582065582275391e-01,1.207255840301513672e+00,-2.313561290502548218e-01,3.495446173474192619e-03,3.053794503211975098e-01,-5.719106197357177734e-01,-2.351319342851638794e-01,7.568664550781250000e-01,1.949450820684432983e-01,6.823041439056396484e-01,-4.888777434825897217e-02,-3.954672813415527344e-01
1.844291202723979950e-02,-2.165793478488922119e-01,1.514380276203155518e-01,1.813533455133438110e-01,-2.191263586282730103e-01,6.379473209381103516e-01,7.156240344047546387e-01,-1.714218258857727051e-01,2.672308385372161865e-01,2.197318673133850098e-01,1.303324341773986816e+00,-4.634950160980224609e-01,8.149830996990203857e-02,4.022405669093132019e-02,-1.160338371992111206e-01,-6.369227170944213867e-02,1.062136173248291016e+00,-5.106415152549743652e-01,3.993057087063789368e-02,5.013220012187957764e-02,8.815370500087738037e-02,4.289341568946838379e-01,-1.616596281528472900e-01,2.009598761796951294e-01,-3.478398323059082031e-01,1.282764434814453125e+00,-1.694700568914413452e-01,1.743349060416221619e-02,2.077902704477310181e-01,-5.640507936477661133e-01,-3.303616940975189209e-01,7.129952311515808105e-01,-1.910642236471176147e-01,7.867618203163146973e-01,-8.901293575763702393e-02,-3.756843805313110352e-01
2.120059356093406677e-02,-2.124150395393371582e-01,1.568934768438339233e-01,1.844481825828552246e-01,-1.962495595216751099e-01,6.643707752227783203e-01,6.971918344497680664e-01,-1.707545071840286255e-01,3.139427602291107178e-01,2.612592875957489014e-01,1.292130351066589355e+00,-4.637268781661987305e-01,6.935382634401321411e-02,4.001646488904953003e-02,-1.677899509668350220e-01,-8.722326904535293579e-02,1.049138784408569336e+00,-5.356513261795043945e-01,1.767472550272941589e-02,5.917679890990257263e-02,3.664512932300567627e-02,3.974235653877258301e-01,-5.718943849205970764e-02,1.866524964570999146e-01,-3.201121985912322998e-01,1.310237050056457520e+00,-1.279151737689971924e-01,3.703663125634193420e-03,1.358034312725067139e-01,-5.589229464530944824e-01,-4.628411531448364258e-01,5.861114263534545898e-01,-4.732096493244171143e-01,8.103939890861511230e-01,-1.513229161500930786e-01,-4.041796028614044189e-01
2.284677512943744659e-02,-2.045936882495880127e-01,1.600423008203506470e-01,1.872106939554214478e-01,-1.781254708766937256e-01,6.878993511199951172e-01,6.782462596893310547e-01,-1.460876613855361938e-01,3.544786274433135986e-01,2.964611053466796875e-01,1.254616379737854004e+00,-4.666059911251068115e-01,5.450534075498580933e-02,4.999996349215507507e-02,-2.134041935205459595e-01,-1.113069504499435425e-01,1.045753836631774902e+00,-5.640372633934020996e-01,-8.756647584959864616e-04,5.608728900551795959e-02,-1.378178130835294724e-02,3.804627954959869385e-01,3.080281801521778107e-02,1.794068217277526855e-01,-2.431511282920837402e-01,1.297249555587768555e+00,-1.169385388493537903e-01,-8.385275490581989288e-03,9.862498193979263306e-02,-5.130135416984558105e-01,-6.271237134933471680e-01,4.078736007213592529e-01,-6.320760846138000488e-01,7.602506279945373535e-01,-1.966360658407211304e-01,-4.918773770332336426e-01
2.332078479230403900e-02,-1.941988319158554077e-01,1.629513949155807495e-01,1.852348744869232178e-01,-1.588599830865859985e-01,7.119166254997253418e-01,6.585030555725097656e-01,-1.159570589661598206e-01,3.800671398639678955e-01,3.372893631458282471e-01,1.199389338493347168e+00,-4.551235139369964600e-01,4.545861855149269104e-02,5.868927016854286194e-02,-2.511010169982910156e-01,-1.340336501598358154e-01,1.037873029708862305e+00,-5.933449268341064453e-01,-1.713195629417896271e-02,5.988208577036857605e-02,-5.485874414443969727e-02,3.434896767139434814e-01,1.089668422937393188e-01,1.860929727554321289e-01,-1.390119343996047974e-01,1.279319047927856445e+00,-1.118198037147521973e-01,-3.821769729256629944e-02,8.170553296804428101e-02,-4.227476418018341064e-01,-7.964614629745483398e-01,1.668006479740142822e-01,-6.742890477180480957e-01,6.538945436477661133e-01,-2.777414023876190186e-01,-6.074559092521667480e-01
2.202551066875457764e-02,-1.825412660837173462e-01,1.678167283535003662e-01,1.786657720804214478e-01,-1.405524015426635742e-01,7.367358803749084473e-01,6.368232369422912598e-01,-7.404150813817977905e-02,3.692039549350738525e-01,3.755617439746856689e-01,1.120249390602111816e+00,-4.528112113475799561e-01,3.918065503239631653e-02,6.937830150127410889e-02,-2.791224718093872070e-01,-1.592270582914352417e-01,1.021084070205688477e+00,-5.965533256530761719e-01,-2.486204355955123901e-02,6.181639432907104492e-02,-9.063361585140228271e-02,2.965998053550720215e-01,1.759164333343505859e-01,1.996970325708389282e-01,-5.069575831294059753e-02,1.268671512603759766e+00,-1.243151202797889709e-01,-5.085681751370429993e-02,6.957192718982696533e-02,-2.693517208099365234e-01,-9.189644455909729004e-01,-1.003584638237953186e-01,-6.301623582839965820e-01,5.334129929542541504e-01,-3.402527868747711182e-01,-7.168422341346740723e-01
1.925973780453205109e-02,-1.712594330310821533e-01,1.723265945911407471e-01,1.734595745801925659e-01,-1.270755231380462646e-01,7.590981125831604004e-01,6.144376993179321289e-01,-2.954043075442314148e-02,3.344012498855590820e-01,4.073987007141113281e-01,1.027034401893615723e+00,-4.644314646720886230e-01,3.699928894639015198e-02,9.184169024229049683e-02,-2.986367046833038330e-01,-1.828542798757553101e-01,1.000628948211669922e+00,-5.918354988098144531e-01,-3.160414472222328186e-02,5.721169337630271912e-02,-1.173351928591728210e-01,2.519473731517791748e-01,2.306918501853942871e-01,2.159366309642791748e-01,2.521046623587608337e-02,1.261796355247497559e+00,-1.388981640338897705e-01,-5.115981772541999817e-02,5.539111793041229248e-02,-8.239862322807312012e-02,-9.793651700019836426e-01,-3.413712978363037109e-01,-5.271198153495788574e-01,4.466463625431060791e-01,-3.669760227203369141e-01,-8.034178018569946289e-01
1.581780612468719482e-02,-1.613245010375976562e-01,1.749092787504196167e-01,1.703924387693405151e-01,-1.162760853767395020e-01,7.786774635314941406e-01,5.925434231758117676e-01,1.158149633556604385e-02,2.882449626922607422e-01,4.303533434867858887e-01,9.416849017143249512e-01,-4.829730391502380371e-01,3.048540838062763214e-02,1.188150420784950256e-01,-3.119226396083831787e-01,-1.987405717372894287e-01,9.827287793159484863e-01,-5.947922468185424805e-01,-4.059275984764099121e-02,5.625833570957183838e-02,-1.417967677116394043e-01,2.153985500335693359e-01,2.703844904899597168e-01,2.400040775537490845e-01,8.368837833404541016e-02,1.255875706672668457e+00,-1.560802012681961060e-01,-4.948642849922180176e-02,3.755414485931396484e-02,9.677401185035705566e-02,-9.879966378211975098e-01,-5.224426984786987305e-01,-4.281187951564788818e-01,4.144384562969207764e-01,-3.777578175067901611e-01,-8.503187894821166992e-01
1.254595723003149033e-02,-1.536180824041366577e-01,1.765903681516647339e-01,1.710617393255233765e-01,-1.090285480022430420e-01,7.943612337112426758e-01,5.725739002227783203e-01,4.155251011252403259e-02,2.504037916660308838e-01,4.434282183647155762e-01,8.740504384040832520e-01,-4.993318021297454834e-01,2.825924940407276154e-02,1.455194950103759766e-01,-3.233351409435272217e-01,-2.093249559402465820e-01,9.761055707931518555e-01,-5.886337161064147949e-01,-5.203794315457344055e-02,5.480206757783889771e-02,-1.593030691146850586e-01,1.863432228565216064e-01,2.941335737705230713e-01,2.640188038349151611e-01,1.228415817022323608e-01,1.251112818717956543e+00,-1.780580282211303711e-01,-4.450367391109466553e-02,2.694359794259071350e-02,2.218490839004516602e-01,-9.622982740402221680e-01,-6.292123198509216309e-01,-3.596384525299072266e-01,4.120544791221618652e-01,-3.801723718643188477e-01,-8.630946278572082520e-01
1.019003614783287048e-02,-1.483178883790969849e-01,1.768268197774887085e-01,1.728238910436630249e-01,-1.048342436552047729e-01,8.058712482452392578e-01,5.565188527107238770e-01,6.479471176862716675e-02,2.243206948041915894e-01,4.547300934791564941e-01,8.233398795127868652e-01,-5.155597329139709473e-01,3.341777250170707703e-02,1.669991016387939453e-01,-3.327814042568206787e-01,-2.198831737041473389e-01,9.766339659690856934e-01,-5.822362303733825684e-01,-5.467271432280540466e-02,5.572004243731498718e-02,-1.742881387472152710e-01,1.665169298648834229e-01,3.022745847702026367e-01,2.855258882045745850e-01,1.499706655740737915e-01,1.236016035079956055e+00,-2.015802264213562012e-01,-3.851048648357391357e-02,1.925374381244182587e-02,2.933048009872436523e-01,-9.293527007102966309e-01,-6.823541522026062012e-01,-3.207736611366271973e-01,4.256756305694580078e-01,-3.729948997497558594e-01,-8.547857999801635742e-01
9.375682100653648376e-03,-1.451366245746612549e-01,1.762046664953231812e-01,1.761447787284851074e-01,-1.023421138525009155e-01,8.132667541503906250e-01,5.450654029846191406e-01,8.096871525049209595e-02,2.042866349220275879e-01,4.556199312210083008e-01,7.932572960853576660e-01,-5.270615816116333008e-01,3.735277429223060608e-02,1.813701242208480835e-01,-3.419272899627685547e-01,-2.271150350570678711e-01,9.858109354972839355e-01,-5.761161446571350098e-01,-5.012427642941474915e-02,6.040674075484275818e-02,-1.894063204526901245e-01,1.551426202058792114e-01,2.954382002353668213e-01,3.043341934680938721e-01,1.579385399818420410e-01,1.219393134117126465e+00,-2.258558720350265503e-01,-3.300083428621292114e-02,1.673490740358829498e-02,3.141266703605651855e-01,-8.996905088424682617e-01,-6.962139010429382324e-01,-3.063188195228576660e-01,4.241095483303070068e-01,-3.640623688697814941e-01,-8.485826253890991211e-01
1.040666271001100540e-02,-1.438395678997039795e-01,1.753422617912292480e-01,1.803056150674819946e-01,-1.005387455224990845e-01,8.167579770088195801e-01,5.387840270996093750e-01,9.269123524427413940e-02,1.899619698524475098e-01,4.537106156349182129e-01,7.731681466102600098e-01,-5.301288962364196777e-01,4.040070995688438416e-02,1.862007826566696167e-01,-3.513719439506530762e-01,-2.303627729415893555e-01,1.002433776855468750e+00,-5.699005126953125000e-01,-4.350716620683670044e-02,6.781726330518722534e-02,-2.060656249523162842e-01,1.539437919855117798e-01,2.679159343242645264e-01,3.235872089862823486e-01,1.537117511034011841e-01,1.200129270553588867e+00,-2.550657689571380615e-01,-2.641398087143898010e-02,1.993974857032299042e-02,2.952505052089691162e-01,-8.750682473182678223e-01,-6.877556443214416504e-01,-3.056901395320892334e-01,4.100651741027832031e-01,-3.488172590732574463e-01,-8.491852283477783203e-01
1.346450857818126678e-02,-1.441072821617126465e-01,1.740848571062088013e-01,1.829278916120529175e-01,-9.854062646627426147e-02,8.167508840560913086e-01,5.382798314094543457e-01,9.152539819478988647e-02,1.831231266260147095e-01,4.464926421642303467e-01,7.715767621994018555e-01,-5.292821526527404785e-01,4.244971647858619690e-02,1.824470758438110352e-01,-3.561482727527618408e-01,-2.280555069446563721e-01,1.014161944389343262e+00,-5.786401629447937012e-01,-2.695062197744846344e-02,7.650811225175857544e-02,-2.220436930656433105e-01,1.616586744785308838e-01,2.200078070163726807e-01,3.369515240192413330e-01,1.391195356845855713e-01,1.178507924079895020e+00,-2.910857796669006348e-01,-2.106848731637001038e-02,3.192920610308647156e-02,2.528146207332611084e-01,-8.667176961898803711e-01,-6.603127717971801758e-01,-3.179499804973602295e-01,3.798429667949676514e-01,-3.281669914722442627e-01,-8.625556826591491699e-01
1.813146658241748810e-02,-1.457723975181579590e-01,1.737331449985504150e-01,1.845425665378570557e-01,-9.774728864431381226e-02,8.127008080482482910e-01,5.439732670783996582e-01,7.383695244789123535e-02,1.921645402908325195e-01,4.387638866901397705e-01,8.030003905296325684e-01,-5.003896951675415039e-01,4.321571439504623413e-02,1.696935445070266724e-01,-3.572290241718292236e-01,-2.236246913671493530e-01,1.026003956794738770e+00,-5.840607285499572754e-01,-1.206574495881795883e-02,8.289313316345214844e-02,-2.292414158582687378e-01,1.753377914428710938e-01,1.528899371623992920e-01,3.424946069717407227e-01,1.061818823218345642e-01,1.160000443458557129e+00,-3.320020735263824463e-01,-1.769400015473365784e-02,5.609827861189842224e-02,1.875957995653152466e-01,-8.726456165313720703e-01,-6.120235323905944824e-01,-3.484129905700683594e-01,3.317692577838897705e-01,-2.966368198394775391e-01,-8.910549283027648926e-01
2.392654679715633392e-02,-1.488566398620605469e-01,1.738127470016479492e-01,1.796924620866775513e-01,-1.023543402552604675e-01,8.057744503021240234e-01,5.549430251121520996e-01,2.586656063795089722e-02,2.372503876686096191e-01,4.261743128299713135e-01,8.791525959968566895e-01,-4.391316473484039307e-01,3.321389853954315186e-02,1.486518383026123047e-01,-3.412947952747344971e-01,-2.276184260845184326e-01,1.031197667121887207e+00,-5.816715359687805176e-01,1.004405412822961807e-02,8.280723541975021362e-02,-2.214339375495910645e-01,1.969124674797058105e-01,6.728129833936691284e-02,3.421244323253631592e-01,5.729939043521881104e-02,1.139649033546447754e+00,-3.754791617393493652e-01,-1.456669066101312637e-02,9.464194625616073608e-02,1.040837541222572327e-01,-8.914750814437866211e-01,-5.530251264572143555e-01,-3.919331133365631104e-01,2.504247426986694336e-01,-2.490900158882141113e-01,-9.426676630973815918e-01
3.001118637621402740e-02,-1.530123054981231689e-01,1.739682555198669434e-01,1.719925999641418457e-01,-1.123970150947570801e-01,7.968180775642395020e-01,5.682133436203002930e-01,-5.133181810379028320e-02,3.201212584972381592e-01,4.210509061813354492e-01,1.005653977394104004e+00,-3.609715700149536133e-01,4.026740416884422302e-02,1.293121278285980225e-01,-3.125754296779632568e-01,-2.395752519369125366e-01,1.030985832214355469e+00,-5.710209608078002930e-01,2.965903840959072113e-02,7.847282290458679199e-02,-1.985991150140762329e-01,2.204390168190002441e-01,-1.614332757890224457e-02,3.358793556690216064e-01,4.418740514665842056e-03,1.105119228363037109e+00,-4.063792228698730469e-01,-1.789528690278530121e-02,1.333977878093719482e-01,3.240591660141944885e-02,-9.234997630119323730e-01,-4.974237680435180664e-01,-4.418202042579650879e-01,1.739653497934341431e-01,-2.013683319091796875e-01,-9.847762584686279297e-01
3.503360971808433533e-02,-1.579108238220214844e-01,1.731373518705368042e-01,1.630959063768386841e-01,-1.235242038965225220e-01,7.814167141914367676e-01,5.895162820816040039e-01,-1.514924019575119019e-01,3.893506824970245361e-01,3.836797475814819336e-01,1.144027948379516602e+00,-3.731452822685241699e-01,5.346648395061492920e-02,1.044312417507171631e-01,-2.781635820865631104e-01,-2.414780557155609131e-01,1.029153227806091309e+00,-5.696673989295959473e-01,5.352716147899627686e-02,7.801603525876998901e-02,-1.711708307266235352e-01,2.553170621395111084e-01,-8.710326999425888062e-02,3.299509286880493164e-01,-4.476974904537200928e-02,1.050880789756774902e+00,-4.149882793426513672e-01,-2.977661415934562683e-02,1.772061288356781006e-01,-1.488697808235883713e-02,-9.751322269439697266e-01,-4.540515542030334473e-01,-4.984522759914398193e-01,1.201602369546890259e-01,-1.579207926988601685e-01,-1.004433393478393555e+00
3.861583769321441650e-02,-1.631729155778884888e-01,1.710030138492584229e-01,1.466239839792251587e-01,-1.355645656585693359e-01,7.655085325241088867e-01,6.116538047790527344e-01,-2.595627307891845703e-01,4.520772099494934082e-01,3.287408649921417236e-01,1.280063629150390625e+00,-4.059171080589294434e-01,5.636695399880409241e-02,6.880798190832138062e-02,-2.295347303152084351e-01,-2.434888333082199097e-01,1.025887370109558105e+00,-5.675891637802124023e-01,7.786779850721359253e-02,7.423159480094909668e-02,-1.295917332172393799e-01,2.800704538822174072e-01,-1.498764306306838989e-01,3.276503980159759521e-01,-7.939832657575607300e-02,9.879211187362670898e-01,-4.149357080459594727e-01,-4.566316679120063782e-02,2.195119857788085938e-01,-5.779100209474563599e-02,-1.033356547355651855e+00,-4.381329417228698730e-01,-5.411927103996276855e-01,5.438937246799468994e-02,-1.156012490391731262e-01,-1.025182485580444336e+00
4.041973873972892761e-02,-1.682516634464263916e-01,1.666340827941894531e-01,1.266040503978729248e-01,-1.479368954896926880e-01,7.501119971275329590e-01,6.319953203201293945e-01,-3.513062000274658203e-01,5.013122558593750000e-01,2.750770151615142822e-01,1.387434959411621094e+00,-4.327369332313537598e-01,5.596139281988143921e-02,3.045090660452842712e-02,-1.765153557062149048e-01,-2.477156370878219604e-01,1.023500800132751465e+00,-5.675723552703857422e-01,1.085974201560020447e-01,6.408744305372238159e-02,-8.438140898942947388e-02,2.944414913654327393e-01,-1.959738433361053467e-01,3.347205817699432373e-01,-1.001161038875579834e-01,9.253188967704772949e-01,-4.035783112049102783e-01,-6.276951730251312256e-02,2.500129044055938721e-01,-9.214700758457183838e-02,-1.099201202392578125e+00,-4.571937918663024902e-01,-5.621386170387268066e-01,-1.899559795856475830e-02,-8.082020282745361328e-02,-1.050191402435302734e+00
3.966680169105529785e-02,-1.726443022489547729e-01,1.615670472383499146e-01,1.050147563219070435e-01,-1.579848825931549072e-01,7.327576279640197754e-01,6.535127758979797363e-01,-4.178226590156555176e-01,5.109401941299438477e-01,2.105595469474792480e-01,1.458176255226135254e+00,-4.711901843547821045e-01,4.804026708006858826e-02,-1.560658495873212814e-02,-1.224872171878814697e-01,-2.401410043239593506e-01,1.025605916976928711e+00,-5.623592734336853027e-01,1.455452293157577515e-01,5.117576941847801208e-02,-3.854371234774589539e-02,3.010654151439666748e-01,-2.212475091218948364e-01,3.377166986465454102e-01,-1.084545031189918518e-01,8.840147852897644043e-01,-3.880588710308074951e-01,-7.695671916007995605e-02,2.632202208042144775e-01,-1.197752207517623901e-01,-1.152105093002319336e+00,-5.000033378601074219e-01,-5.597040057182312012e-01,-8.380572497844696045e-02,-5.154571309685707092e-02,-1.083726525306701660e+00
3.666949644684791565e-02,-1.757370233535766602e-01,1.570452749729156494e-01,8.468151837587356567e-02,-1.627539545297622681e-01,7.170412540435791016e-01,6.724522709846496582e-01,-4.547416865825653076e-01,5.023786425590515137e-01,1.660842746496200562e-01,1.478010177612304688e+00,-5.107684135437011719e-01,4.763372242450714111e-02,-6.696245819330215454e-02,-7.771731168031692505e-02,-2.237125039100646973e-01,1.034389257431030273e+00,-5.522743463516235352e-01,1.752057224512100220e-01,3.709951043128967285e-02,3.009885316714644432e-03,2.964786291122436523e-01,-2.265782952308654785e-01,3.334984481334686279e-01,-1.225905716419219971e-01,8.771167993545532227e-01,-3.599815368652343750e-01,-7.946643978357315063e-02,2.605738937854766846e-01,-1.335042566061019897e-01,-1.189180254936218262e+00,-5.510819554328918457e-01,-5.253732800483703613e-01,-1.332014799118041992e-01,-2.387372776865959167e-02,-1.115762352943420410e+00
3.176654875278472900e-02,-1.771756857633590698e-01,1.534240841865539551e-01,6.726349145174026489e-02,-1.628320664167404175e-01,7.034031748771667480e-01,6.886111497879028320e-01,-4.679142534732818604e-01,4.848549067974090576e-01,1.431487649679183960e-01,1.458227992057800293e+00,-5.411620736122131348e-01,5.387266725301742554e-02,-1.168239861726760864e-01,-4.624051973223686218e-02,-2.044268250465393066e-01,1.045489192008972168e+00,-5.412100553512573242e-01,2.028340697288513184e-01,2.308781445026397705e-02,3.358474001288414001e-02,2.899169325828552246e-01,-2.178422212600708008e-01,3.246022462844848633e-01,-1.472156047821044922e-01,8.942385911941528320e-01,-3.217831552028656006e-01,-7.422345131635665894e-02,2.418842613697052002e-01,-1.352346390485763550e-01,-1.220085620880126953e+00,-6.012027859687805176e-01,-4.755813479423522949e-01,-1.542379260063171387e-01,-1.306007965467870235e-03,-1.137043833732604980e+00
2.519994601607322693e-02,-1.766618043184280396e-01,1.510917246341705322e-01,5.310073867440223694e-02,-1.597348600625991821e-01,6.914491057395935059e-01,7.025405168533325195e-01,-4.639955461025238037e-01,4.528392255306243896e-01,1.283938884735107422e-01,1.400402188301086426e+00,-5.549933314323425293e-01,6.809061765670776367e-02,-1.681964397430419922e-01,-2.238048240542411804e-02,-1.754307299852371216e-01,1.064619541168212891e+00,-5.166187286376953125e-01,2.128143608570098877e-01,1.516231708228588104e-02,5.376487597823143005e-02,2.736193537712097168e-01,-2.027059346437454224e-01,3.042159974575042725e-01,-1.736379861831665039e-01,9.453537464141845703e-01,-2.812079787254333496e-01,-6.281311810016632080e-02,2.078111469745635986e-01,-1.346402764320373535e-01,-1.242347836494445801e+00,-6.469098329544067383e-01,-4.087021648883819580e-01,-1.509781777858734131e-01,9.826789610087871552e-03,-1.147892951965332031e+00
1.762168481945991516e-02,-1.741381138563156128e-01,1.496623605489730835e-01,4.211733117699623108e-02,-1.538372635841369629e-01,6.833639740943908691e-01,7.124422192573547363e-01,-4.427261650562286377e-01,4.164941310882568359e-01,1.348946094512939453e-01,1.325335025787353516e+00,-5.726627707481384277e-01,1.015498563647270203e-01,-2.168528437614440918e-01,-8.479673415422439575e-03,-1.439666301012039185e-01,1.087086796760559082e+00,-4.827570319175720215e-01,2.188029736280441284e-01,2.882417989894747734e-03,6.299683451652526855e-02,2.560959160327911377e-01,-1.800561100244522095e-01,2.830841243267059326e-01,-1.883593797683715820e-01,1.009972095489501953e+00,-2.384226471185684204e-01,-5.919522419571876526e-02,1.715884208679199219e-01,-1.298955976963043213e-01,-1.247964739799499512e+00,-6.768973469734191895e-01,-3.636398911476135254e-01,-1.283025294542312622e-01,-5.308470645104534924e-05,-1.149650692939758301e+00
9.482413530349731445e-03,-1.698723733425140381e-01,1.485665589570999146e-01,3.393411263823509216e-02,-1.410204321146011353e-01,6.799527406692504883e-01,7.187669873237609863e-01,-4.087524712085723877e-01,3.686792254447937012e-01,1.561173200607299805e-01,1.242919802665710449e+00,-6.414257287979125977e-01,1.524630039930343628e-01,-2.656719386577606201e-01,-8.769110427238047123e-04,-9.433228522539138794e-02,1.106296420097351074e+00,-4.653243124485015869e-01,2.340496182441711426e-01,-6.403909530490636826e-03,5.421789735555648804e-02,2.400715798139572144e-01,-1.550083607435226440e-01,2.687361836433410645e-01,-2.110497951507568359e-01,1.070553183555603027e+00,-1.953782439231872559e-01,-5.919751897454261780e-02,1.322241127490997314e-01,-1.342417746782302856e-01,-1.238039135932922363e+00,-6.850367188453674316e-01,-3.274603784084320068e-01,-8.996199071407318115e-02,-2.073610015213489532e-02,-1.130382061004638672e+00
1.382687827572226524e-03,-1.644130200147628784e-01,1.516107618808746338e-01,3.268936648964881897e-02,-1.250030100345611572e-01,6.807844042778015137e-01,7.209980487823486328e-01,-3.727166354656219482e-01,3.163921535015106201e-01,1.900525093078613281e-01,1.165723443031311035e+00,-7.076756954193115234e-01,1.946217417716979980e-01,-3.037979900836944580e-01,-9.267053566873073578e-03,-4.288142547011375427e-02,1.126974821090698242e+00,-4.327749609947204590e-01,2.482360601425170898e-01,-1.223859470337629318e-02,3.322386369109153748e-02,2.286982238292694092e-01,-1.342641413211822510e-01,2.579964995384216309e-01,-2.320991754531860352e-01,1.124077200889587402e+00,-1.570322513580322266e-01,-6.086757034063339233e-02,1.027192845940589905e-01,-1.476907879114151001e-01,-1.215331435203552246e+00,-6.719116568565368652e-01,-3.077200055122375488e-01,-4.697972908616065979e-02,-4.737140983343124390e-02,-1.095952749252319336e+00
-5.789799615740776062e-03,-1.583883315324783325e-01,1.582255214452743530e-01,3.424549847841262817e-02,-1.074243336915969849e-01,6.831925511360168457e-01,7.214812040328979492e-01,-3.381991684436798096e-01,2.574579119682312012e-01,2.213120907545089722e-01,1.089303970336914062e+00,-7.351639866828918457e-01,2.243339121341705322e-01,-3.312944471836090088e-01,-2.040831372141838074e-02,8.830507285892963409e-03,1.136934280395507812e+00,-3.978733718395233154e-01,2.615205347537994385e-01,-1.550965197384357452e-02,3.350134706124663353e-03,2.202796936035156250e-01,-1.153933256864547729e-01,2.549439370632171631e-01,-2.368499785661697388e-01,1.163705706596374512e+00,-1.259407252073287964e-01,-5.745403468608856201e-02,7.378353923559188843e-02,-1.796415895223617554e-01,-1.173863053321838379e+00,-6.338518857955932617e-01,-3.090034425258636475e-01,-2.087121084332466125e-02,-7.309962064027786255e-02,-1.056646347045898438e+00
-1.225606538355350494e-02,-1.525662988424301147e-01,1.637069135904312134e-01,3.895584493875503540e-02,-9.271054714918136597e-02,6.860163211822509766e-01,7.206030488014221191e-01,-3.041422963142395020e-01,2.041897773742675781e-01,2.502312660217285156e-01,1.018543004989624023e+00,-7.433194518089294434e-01,2.430058121681213379e-01,-3.503225147724151611e-01,-4.087608307600021362e-02,4.573786631226539612e-02,1.151971697807312012e+00,-3.761451244354248047e-01,2.611819803714752197e-01,-1.731927879154682159e-02,-2.298971265554428101e-02,2.151801288127899170e-01,-9.837560355663299561e-02,2.584257423877716064e-01,-2.449338883161544800e-01,1.191612362861633301e+00,-1.009419858455657959e-01,-5.529081076383590698e-02,6.017285212874412537e-02,-2.123265713453292847e-01,-1.115374803543090820e+00,-5.714399218559265137e-01,-3.282805383205413818e-01,-1.559073757380247116e-02,-8.709899336099624634e-02,-1.021404027938842773e+00
-1.675272546708583832e-02,-1.476100534200668335e-01,1.688601374626159668e-01,4.239290207624435425e-02,-7.821926474571228027e-02,6.884482502937316895e-01,7.198080420494079590e-01,-2.773494124412536621e-01,1.555650234222412109e-01,2.696886062622070312e-01,9.512964487075805664e-01,-7.416425943374633789e-01,2.502434253692626953e-01,-3.609167039394378662e-01,-5.542761832475662231e-02,7.269448041915893555e-02,1.151433706283569336e+00,-3.857390880584716797e-01,2.541941404342651367e-01,-1.771994866430759430e-02,-4.920611158013343811e-02,2.121425420045852661e-01,-8.818275481462478638e-02,2.615067660808563232e-01,-2.529817819595336914e-01,1.222439408302307129e+00,-9.431575983762741089e-02,-5.383604764938354492e-02,5.170666053891181946e-02,-2.316906899213790894e-01,-1.028182744979858398e+00,-4.740255773067474365e-01,-3.675064742565155029e-01,-1.092057675123214722e-02,-1.005637422204017639e-01,-9.484618306159973145e-01
-1.933119073510169983e-02,-1.443399339914321899e-01,1.705071628093719482e-01,5.341005697846412659e-02,-7.212433964014053345e-02,6.925374865531921387e-01,7.157773971557617188e-01,-2.430765032768249512e-01,1.146692037582397461e-01,2.842892408370971680e-01,9.096712470054626465e-01,-7.384769916534423828e-01,2.576529383659362793e-01,-3.634434044361114502e-01,-7.328692078590393066e-02,8.381179720163345337e-02,1.157517552375793457e+00,-3.786659836769104004e-01,2.392023205757141113e-01,-2.065616846084594727e-02,-7.368033379316329956e-02,2.130185365676879883e-01,-9.523179382085800171e-02,2.694268524646759033e-01,-2.529166042804718018e-01,1.243339657783508301e+00,-1.029314100742340088e-01,-5.273089185357093811e-02,5.081453546881675720e-02,-2.176688760519027710e-01,-9.428620934486389160e-01,-3.455081284046173096e-01,-3.876909613609313965e-01,-3.012056928128004074e-03,-1.076886951923370361e-01,-8.649189472198486328e-01
-2.004735171794891357e-02,-1.427636891603469849e-01,1.703179925680160522e-01,6.631924957036972046e-02,-7.235392928123474121e-02,6.971716880798339844e-01,7.101537585258483887e-01,-2.110655605792999268e-01,8.559893816709518433e-02,2.896175682544708252e-01,8.894808292388916016e-01,-7.313355803489685059e-01,2.583017647266387939e-01,-3.666862845420837402e-01,-7.101400196552276611e-02,1.011405661702156067e-01,1.165450334548950195e+00,-3.594004213809967041e-01,2.460352033376693726e-01,-2.459520101547241211e-02,-9.477955102920532227e-02,2.178587615489959717e-01,-1.197107657790184021e-01,2.755376994609832764e-01,-2.782271206378936768e-01,1.274118661880493164e+00,-1.221134364604949951e-01,-4.911356419324874878e-02,4.992605745792388916e-02,-1.872844398021697998e-01,-8.828208446502685547e-01,-1.773009449243545532e-01,-3.585503697395324707e-01,2.822865732014179230e-02,-1.031165048480033875e-01,-7.439271807670593262e-01
-1.907922513782978058e-02,-1.425997018814086914e-01,1.705840677022933960e-01,8.244256675243377686e-02,-7.308688014745712280e-02,7.021026015281677246e-01,7.035008668899536133e-01,-1.769614517688751221e-01,4.642594605684280396e-02,2.747629284858703613e-01,8.638373017311096191e-01,-7.115607857704162598e-01,2.506106197834014893e-01,-3.830145299434661865e-01,-6.037258356809616089e-02,1.210442334413528442e-01,1.185090541839599609e+00,-3.420738875865936279e-01,2.514902353286743164e-01,-3.421573713421821594e-02,-1.168203130364418030e-01,2.316166013479232788e-01,-1.665881276130676270e-01,2.810940742492675781e-01,-3.104139268398284912e-01,1.308668017387390137e+00,-1.643694788217544556e-01,-3.898036107420921326e-02,4.137220978736877441e-02,-1.703101843595504761e-01,-8.798375725746154785e-01,1.122402325272560120e-01,-2.140905708074569702e-01,1.254048347473144531e-01,-8.892423659563064575e-02,-5.248769521713256836e-01
-1.531587634235620499e-02,-1.434374004602432251e-01,1.715778410434722900e-01,9.492654353380203247e-02,-8.110951632261276245e-02,7.093828320503234863e-01,6.936758756637573242e-01,-1.480758339166641235e-01,2.848030999302864075e-02,2.428967505693435669e-01,8.546183109283447266e-01,-6.780825853347778320e-01,2.311299890279769897e-01,-4.180572330951690674e-01,-3.406499698758125305e-02,1.272455453872680664e-01,1.240116596221923828e+00,-3.068237304687500000e-01,2.612021565437316895e-01,-3.635413944721221924e-02,-1.239066272974014282e-01,2.564435899257659912e-01,-2.513154149055480957e-01,2.945029437541961670e-01,-3.513281643390655518e-01,1.318806171417236328e+00,-2.161230742931365967e-01,-1.639328896999359131e-02,2.427409775555133820e-02,-2.565973699092864990e-01,-9.308989644050598145e-01,4.709154069423675537e-01,-5.692818760871887207e-02,1.654761582612991333e-01,-5.135087668895721436e-02,-2.616536021232604980e-01
-8.107181638479232788e-03,-1.441548019647598267e-01,1.718131899833679199e-01,1.016185432672500610e-01,-9.692940115928649902e-02,7.146108746528625488e-01,6.852807402610778809e-01,-1.239782571792602539e-01,4.831671342253684998e-02,2.164401561021804810e-01,8.653553724288940430e-01,-6.628368496894836426e-01,2.195770740509033203e-01,-4.635181427001953125e-01,-3.220313927158713341e-03,9.288150817155838013e-02,1.331373691558837891e+00,-2.578527033329010010e-01,2.617999911308288574e-01,-2.398939989507198334e-02,-1.139657199382781982e-01,2.893722057342529297e-01,-3.588841259479522705e-01,3.163554668426513672e-01,-4.164573252201080322e-01,1.286190748214721680e+00,-2.536036670207977295e-01,1.941121416166424751e-03,-3.142215311527252197e-03,-3.569532036781311035e-01,-9.551590085029602051e-01,7.353821396827697754e-01,4.507804661989212036e-02,1.557594984769821167e-01,-1.006924919784069061e-02,-4.128805920481681824e-02
5.072003114037215710e-04,-1.445751041173934937e-01,1.717242598533630371e-01,1.042318865656852722e-01,-1.131279394030570984e-01,7.171980142593383789e-01,6.796798706054687500e-01,-1.059031337499618530e-01,8.649277687072753906e-02,2.033046334981918335e-01,8.796293735504150391e-01,-6.574554443359375000e-01,2.161044180393218994e-01,-5.294352769851684570e-01,1.224028505384922028e-02,2.191064134240150452e-02,1.480607390403747559e+00,-2.200993299484252930e-01,2.617999911308288574e-01,-1.418079598806798458e-03,-9.001000225543975830e-02,3.252923488616943359e-01,-4.899083673954010010e-01,3.574479520320892334e-01,-4.985815882682800293e-01,1.180125236511230469e+00,-2.852625250816345215e-01,1.454987097531557083e-02,-5.139750614762306213e-02,-4.657358527183532715e-01,-9.850658774375915527e-01,9.767101407051086426e-01,1.196061000227928162e-01,1.220844537019729614e-01,3.628025949001312256e-02,1.821542382240295410e-01
8.647380396723747253e-03,-1.432807445526123047e-01,1.728824228048324585e-01,9.930974990129470825e-02,-1.256920099258422852e-01,7.201019525527954102e-01,6.751238703727722168e-01,-1.003536507487297058e-01,1.365777403116226196e-01,2.034142166376113892e-01,8.921495079994201660e-01,-6.615461111068725586e-01,2.137127518653869629e-01,-5.729599595069885254e-01,2.517603104934096336e-03,-4.199144244194030762e-02,1.596275925636291504e+00,-2.169703245162963867e-01,2.617999911308288574e-01,2.218300849199295044e-02,-6.792555004358291626e-02,3.371420204639434814e-01,-6.014473438262939453e-01,4.061532020568847656e-01,-5.642046928405761719e-01,1.057013034820556641e+00,-2.974658012390136719e-01,1.332121528685092926e-02,-8.774253726005554199e-02,-5.351518392562866211e-01,-1.019479036331176758e+00,1.113568782806396484e+00,1.551748365163803101e-01,9.316501766443252563e-02,7.078044116497039795e-02,3.497881889343261719e-01
1.458798255771398544e-02,-1.397757381200790405e-01,1.737755388021469116e-01,9.299530833959579468e-02,-1.311393976211547852e-01,7.249732613563537598e-01,6.697522401809692383e-01,-1.073480695486068726e-01,1.742001324892044067e-01,2.067910730838775635e-01,9.094207882881164551e-01,-6.643972396850585938e-01,2.020851224660873413e-01,-5.828784108161926270e-01,-3.447451815009117126e-02,-7.900578528642654419e-02,1.653564572334289551e+00,-2.211606651544570923e-01,2.617999911308288574e-01,3.843797743320465088e-02,-4.996507987380027771e-02,3.333023786544799805e-01,-6.961917877197265625e-01,4.584484100341796875e-01,-6.109490394592285156e-01,9.389363527297973633e-01,-3.059552013874053955e-01,1.696977950632572174e-02,-1.181093230843544006e-01,-5.947373509407043457e-01,-1.065823912620544434e+00,1.180057048797607422e+00,1.859326809644699097e-01,8.025975525379180908e-02,9.960644692182540894e-02,4.747662842273712158e-01
1.928017847239971161e-02,-1.336509883403778076e-01,1.745809614658355713e-01,8.591698855161666870e-02,-1.333887130022048950e-01,7.320525050163269043e-01,6.625140309333801270e-01,-1.145269796252250671e-01,2.076966315507888794e-01,2.177598923444747925e-01,9.231404662132263184e-01,-6.777846813201904297e-01,1.920333951711654663e-01,-5.609319210052490234e-01,-1.031071767210960388e-01,-9.412051737308502197e-02,1.664960980415344238e+00,-2.443873882293701172e-01,2.617999911308288574e-01,5.784210562705993652e-02,-3.691195324063301086e-02,3.098413348197937012e-01,-7.871913909912109375e-01,5.143152475357055664e-01,-6.462903022766113281e-01,8.281501531600952148e-01,-2.991704046726226807e-01,2.516041882336139679e-02,-1.539943516254425049e-01,-6.408964395523071289e-01,-1.129162192344665527e+00,1.204288482666015625e+00,2.251745760440826416e-01,7.625652104616165161e-02,1.303879022598266602e-01,5.710370540618896484e-01
2.456386014819145203e-02,-1.246689558029174805e-01,1.752830743789672852e-01,8.376973122358322144e-02,-1.307414770126342773e-01,7.412250638008117676e-01,6.530503034591674805e-01,-1.192090585827827454e-01,2.242565155029296875e-01,2.257807403802871704e-01,9.375043511390686035e-01,-6.761341691017150879e-01,1.661594212055206299e-01,-5.088275074958801270e-01,-1.773431301116943359e-01,-8.882059156894683838e-02,1.608003258705139160e+00,-2.575590014457702637e-01,2.617999911308288574e-01,6.865001469850540161e-02,-3.100769035518169403e-02,2.777833044528961182e-01,-8.466085791587829590e-01,5.632466077804565430e-01,-6.804773211479187012e-01,7.446578741073608398e-01,-2.909998893737792969e-01,3.556401282548904419e-02,-1.856004297733306885e-01,-6.739124059677124023e-01,-1.181639909744262695e+00,1.179435849189758301e+00,2.937374711036682129e-01,8.885485678911209106e-02,1.575927585363388062e-01,6.025190353393554688e-01
3.140974417328834534e-02,-1.140916869044303894e-01,1.751893162727355957e-01,8.975362777709960938e-02,-1.234695464372634888e-01,7.519471645355224609e-01,6.413072943687438965e-01,-1.157872974872589111e-01,2.215126156806945801e-01,2.342721670866012573e-01,9.495770335197448730e-01,-6.587157249450683594e-01,1.286870688199996948e-01,-4.392392337322235107e-01,-2.567132413387298584e-01,-7.935884594917297363e-02,1.510958790779113770e+00,-2.519787847995758057e-01,2.617999911308288574e-01,7.005670666694641113e-02,-3.600572422146797180e-02,2.510693371295928955e-01,-8.863393664360046387e-01,6.239207983016967773e-01,-7.310458421707153320e-01,6.702841520309448242e-01,-2.759415507316589355e-01,4.893449321389198303e-02,-2.173083871603012085e-01,-7.029113769531250000e-01,-1.218912601470947266e+00,1.115980625152587891e+00,3.892903625965118408e-01,1.205465197563171387e-01,1.751467883586883545e-01,5.753468275070190430e-01
3.911439701914787292e-02,-1.027046740055084229e-01,1.771838217973709106e-01,8.991663902997970581e-02,-1.101556122303009033e-01,7.618007063865661621e-01,6.320129632949829102e-01,-1.198879703879356384e-01,2.188146263360977173e-01,2.506476342678070068e-01,9.463896751403808594e-01,-6.453772783279418945e-01,9.854307770729064941e-02,-3.593738079071044922e-01,-3.310607075691223145e-01,-7.811895012855529785e-02,1.370513439178466797e+00,-2.625011503696441650e-01,2.617999911308288574e-01,6.613382697105407715e-02,-4.686870425939559937e-02,2.035945355892181396e-01,-9.115372896194458008e-01,6.914271712303161621e-01,-7.876654863357543945e-01,6.453872919082641602e-01,-2.623863518238067627e-01,6.223241612315177917e-02,-2.455030828714370728e-01,-7.286047339439392090e-01,-1.250400066375732422e+00,1.017171025276184082e+00,4.882498383522033691e-01,1.718214154243469238e-01,1.796090900897979736e-01,4.720410704612731934e-01
4.890709742903709412e-02,-9.204597771167755127e-02,1.778106838464736938e-01,8.724022656679153442e-02,-9.518738090991973877e-02,7.676708698272705078e-01,6.277021169662475586e-01,-1.359846293926239014e-01,2.205382138490676880e-01,2.599448859691619873e-01,9.532558321952819824e-01,-6.311715245246887207e-01,6.394229084253311157e-02,-2.905830144882202148e-01,-3.768615424633026123e-01,-8.297428488731384277e-02,1.227096915245056152e+00,-2.681633532047271729e-01,2.617999911308288574e-01,5.748349428176879883e-02,-5.591348931193351746e-02,1.619993448257446289e-01,-9.227482080459594727e-01,7.864381670951843262e-01,-8.023399710655212402e-01,5.997177362442016602e-01,-2.592281103134155273e-01,6.438487768173217773e-02,-2.248700410127639771e-01,-7.439519166946411133e-01,-1.304500937461853027e+00,8.700012564659118652e-01,5.361256599426269531e-01,2.546888887882232666e-01,1.520796269178390503e-01,2.990759909152984619e-01
6.181510537862777710e-02,-8.294732868671417236e-02,1.760240197181701660e-01,7.570867240428924561e-02,-8.784828335046768188e-02,7.709872722625732422e-01,6.262024044990539551e-01,-1.793729066848754883e-01,2.664021253585815430e-01,2.634003162384033203e-01,9.972111582756042480e-01,-6.080905795097351074e-01,2.975058369338512421e-02,-2.488249540328979492e-01,-3.607300519943237305e-01,-1.060547605156898499e-01,1.116950631141662598e+00,-2.706243097782135010e-01,2.617999911308288574e-01,4.700101539492607117e-02,-3.905074670910835266e-02,1.320884078741073608e-01,-9.001002907752990723e-01,9.458183050155639648e-01,-7.530117630958557129e-01,4.740999042987823486e-01,-2.250519096851348877e-01,3.211178630590438843e-02,-1.160194352269172668e-01,-6.891014575958251953e-01,-1.410068631172180176e+00,6.327967643737792969e-01,4.198788404464721680e-01,3.274544477462768555e-01,8.436379581689834595e-02,6.102208793163299561e-02
7.511432468891143799e-02,-7.534776628017425537e-02,1.708451658487319946e-01,6.024514138698577881e-02,-8.428165316581726074e-02,7.728931903839111328e-01,6.260217428207397461e-01,-2.443409562110900879e-01,3.379285931587219238e-01,2.615379691123962402e-01,1.072055697441101074e+00,-5.587774515151977539e-01,1.488893874920904636e-03,-2.315070480108261108e-01,-3.160912394523620605e-01,-1.224394142627716064e-01,1.041433334350585938e+00,-2.881270051002502441e-01,2.617999911308288574e-01,2.986966632306575775e-02,-5.202978849411010742e-03,1.067765131592750549e-01,-8.088446259498596191e-01,1.149451494216918945e+00,-6.142210364341735840e-01,2.994940578937530518e-01,-1.789797246456146240e-01,-1.560505479574203491e-02,2.807978354394435883e-02,-5.341096520423889160e-01,-1.525535345077514648e+00,3.103463053703308105e-01,2.393902242183685303e-01,3.136080205440521240e-01,1.539130462333559990e-03,-1.852022409439086914e-01
8.823041617870330811e-02,-6.922957301139831543e-02,1.733095496892929077e-01,4.523747414350509644e-02,-7.932536303997039795e-02,7.741910219192504883e-01,6.263300776481628418e-01,-3.145999610424041748e-01,4.104872047901153564e-01,2.530940473079681396e-01,1.156468510627746582e+00,-4.663604497909545898e-01,-2.201292477548122406e-02,-2.270626574754714966e-01,-2.713992595672607422e-01,-1.364669799804687500e-01,9.949029684066772461e-01,-3.243727385997772217e-01,2.617999911308288574e-01,5.896789487451314926e-03,2.430521510541439056e-02,8.553852140903472900e-02,-6.148942708969116211e-01,1.369449019432067871e+00,-3.668819665908813477e-01,1.415676176548004150e-01,-1.102106347680091858e-01,-6.042791157960891724e-02,1.968542486429214478e-01,-3.272352218627929688e-01,-1.601334810256958008e+00,-4.126126691699028015e-02,9.136903285980224609e-02,2.341697961091995239e-01,-5.700852721929550171e-02,-4.019587934017181396e-01
1.006857231259346008e-01,-6.468008458614349365e-02,1.751048266887664795e-01,3.419565781950950623e-02,-7.942056655883789062e-02,7.764564752578735352e-01,6.242101788520812988e-01,-3.752649724483489990e-01,4.892799854278564453e-01,2.483953088521957397e-01,1.225723624229431152e+00,-4.292567372322082520e-01,-7.944558747112751007e-03,-2.237812280654907227e-01,-2.300040423870086670e-01,-1.500125676393508911e-01,9.715401530265808105e-01,-3.439457416534423828e-01,2.611402571201324463e-01,-1.266720052808523178e-02,3.806387260556221008e-02,5.838952586054801941e-02,-3.900299668312072754e-01,1.583557605743408203e+00,-6.977201998233795166e-02,8.775296807289123535e-02,-2.142211608588695526e-02,-8.622688800096511841e-02,3.800725936889648438e-01,-1.130051910877227783e-01,-1.643290042877197266e+00,-3.811521530151367188e-01,2.223746106028556824e-02,1.318982839584350586e-01,-9.153153747320175171e-02,-6.081863641738891602e-01
1.122971698641777039e-01,-6.114418432116508484e-02,1.717300117015838623e-01,2.573604322969913483e-02,-8.482089638710021973e-02,7.745398283004760742e-01,6.262836456298828125e-01,-4.302972257137298584e-01,5.587869286537170410e-01,2.362331002950668335e-01,1.274030923843383789e+00,-4.264268279075622559e-01,4.761308431625366211e-03,-2.251650840044021606e-01,-1.897985786199569702e-01,-1.675064712762832642e-01,9.695524573326110840e-01,-3.768694400787353516e-01,2.492061257362365723e-01,-6.996600888669490814e-03,2.612212114036083221e-02,1.698364876210689545e-02,-3.089175522327423096e-01,1.789750218391418457e+00,8.683301508426666260e-02,1.211492642760276794e-01,9.129877388477325439e-02,-8.567420393228530884e-02,5.702155828475952148e-01,1.591606885194778442e-01,-1.611451983451843262e+00,-7.297945022583007812e-01,-1.363089308142662048e-02,7.353032007813453674e-03,-1.060660779476165771e-01,-7.966422438621520996e-01
1.219921186566352844e-01,-5.818763747811317444e-02,1.661109328269958496e-01,2.097515016794204712e-02,-9.078641235828399658e-02,7.705011963844299316e-01,6.305916309356689453e-01,-4.687665700912475586e-01,6.066522002220153809e-01,2.219548076391220093e-01,1.297560691833496094e+00,-4.272226691246032715e-01,1.166057772934436798e-02,-2.298143059015274048e-01,-1.603139340877532959e-01,-1.826814860105514526e-01,9.830651879310607910e-01,-4.119492769241333008e-01,2.417870014905929565e-01,2.843043580651283264e-02,-1.465739589184522629e-02,2.136394754052162170e-02,-5.089824199676513672e-01,1.986243009567260742e+00,2.162933535873889923e-02,1.103684231638908386e-01,1.811188161373138428e-01,-7.542262226343154907e-02,7.405298948287963867e-01,5.683272480964660645e-01,-1.418904542922973633e+00,-1.209707260131835938e+00,-1.452101022005081177e-01,-9.039944410324096680e-02,-1.075259447097778320e-01,-9.506934285163879395e-01
1.282342076301574707e-01,-5.621960014104843140e-02,1.615614593029022217e-01,2.297629229724407196e-02,-9.855258464813232422e-02,7.644923925399780273e-01,6.366403102874755859e-01,-4.744871258735656738e-01,6.372157335281372070e-01,2.116386592388153076e-01,1.305792570114135742e+00,-4.255250394344329834e-01,1.744058914482593536e-02,-2.237527221441268921e-01,-1.379798203706741333e-01,-1.842445284128189087e-01,9.978592395782470703e-01,-4.392965734004974365e-01,2.425728440284729004e-01,8.768180757761001587e-02,2.042696811258792877e-02,6.109824404120445251e-02,-7.412243485450744629e-01,2.002345323562622070e+00,-7.451838254928588867e-02,4.990732669830322266e-02,2.448620796203613281e-01,-5.632331222295761108e-02,8.658937215805053711e-01,8.518053889274597168e-01,-1.290997385978698730e+00,-1.575769782066345215e+00,-2.513056695461273193e-01,-1.043709665536880493e-01,-9.000447392463684082e-02,-1.055428743362426758e+00
1.316426545381546021e-01,-5.460295081138610840e-02,1.599580347537994385e-01,2.740717120468616486e-02,-1.055950373411178589e-01,7.599323391914367676e-01,6.407818794250488281e-01,-4.640694558620452881e-01,6.534081697463989258e-01,2.052992284297943115e-01,1.302372217178344727e+00,-4.134142398834228516e-01,2.888719737529754639e-02,-2.125309407711029053e-01,-1.238105967640876770e-01,-1.814799159765243530e-01,1.008811354637145996e+00,-4.429600536823272705e-01,2.473986595869064331e-01,9.061292558908462524e-02,5.609510093927383423e-02,7.448741048574447632e-02,-7.953082323074340820e-01,1.961400270462036133e+00,-8.483388274908065796e-02,3.060171008110046387e-02,2.710778117179870605e-01,-4.560128971934318542e-02,9.301561117172241211e-01,8.805805444717407227e-01,-1.319844603538513184e+00,-1.611735343933105469e+00,-2.451544702053070068e-01,-1.014039292931556702e-01,-8.310384303331375122e-02,-1.103662133216857910e+00
1.324330568313598633e-01,-5.314701795578002930e-02,1.595939397811889648e-01,3.442349284887313843e-02,-1.171450763940811157e-01,7.557082176208496094e-01,6.434261202812194824e-01,-4.357669353485107422e-01,6.618024706840515137e-01,1.953012794256210327e-01,1.293349385261535645e+00,-4.086818695068359375e-01,4.339095950126647949e-02,-1.861635893583297729e-01,-1.031140163540840149e-01,-1.685257554054260254e-01,1.009707808494567871e+00,-4.328540563583374023e-01,2.602742314338684082e-01,8.408763259649276733e-02,1.014336124062538147e-01,9.782976657152175903e-02,-7.850236892700195312e-01,1.848744750022888184e+00,-1.053652465343475342e-01,3.546006232500076294e-02,2.709859311580657959e-01,-4.156972840428352356e-02,9.400702714920043945e-01,8.741450309753417969e-01,-1.399930238723754883e+00,-1.549502134323120117e+00,-1.869287937879562378e-01,-6.132488325238227844e-02,-8.012215048074722290e-02,-1.096063256263732910e+00
1.321183741092681885e-01,-5.160559713840484619e-02,1.607148945331573486e-01,4.463084042072296143e-02,-1.351960301399230957e-01,7.471085786819458008e-01,6.492756605148315430e-01,-3.781585991382598877e-01,6.652854084968566895e-01,1.762682199478149414e-01,1.277418375015258789e+00,-4.109750092029571533e-01,4.623386636376380920e-02,-1.388836055994033813e-01,-6.791430711746215820e-02,-1.507899910211563110e-01,9.931946396827697754e-01,-4.196724295616149902e-01,2.617999911308288574e-01,6.413289904594421387e-02,1.626125872135162354e-01,1.330316513776779175e-01,-7.235524058341979980e-01,1.711374759674072266e+00,-1.568964272737503052e-01,8.582076430320739746e-02,2.651891708374023438e-01,-4.090606793761253357e-02,8.832347989082336426e-01,8.507594466209411621e-01,-1.547493338584899902e+00,-1.393903255462646484e+00,-5.449930578470230103e-02,1.679874025285243988e-02,-8.138809353113174438e-02,-1.005753993988037109e+00
1.297193318605422974e-01,-5.000444874167442322e-02,1.620028913021087646e-01,5.733541771769523621e-02,-1.583256870508193970e-01,7.367718219757080078e-01,6.548380851745605469e-01,-2.941719591617584229e-01,6.706829667091369629e-01,1.671374440193176270e-01,1.253300309181213379e+00,-4.333988726139068604e-01,5.735515803098678589e-02,-6.976836174726486206e-02,-3.055691719055175781e-02,-1.310330182313919067e-01,9.578176140785217285e-01,-4.111639559268951416e-01,2.617999911308288574e-01,3.280918300151824951e-02,2.352790534496307373e-01,1.793766468763351440e-01,-7.301526069641113281e-01,1.571441650390625000e+00,-3.132382631301879883e-01,2.098155468702316284e-01,2.702587246894836426e-01,-4.757205024361610413e-02,7.704699635505676270e-01,8.403987288475036621e-01,-1.751459479331970215e+00,-1.208464145660400391e+00,1.430555433034896851e-01,9.100193530321121216e-02,-6.818173080682754517e-02,-8.444086313247680664e-01
1.250001043081283569e-01,-4.868568107485771179e-02,1.637486666440963745e-01,7.538801431655883789e-02,-1.837580800056457520e-01,7.258482575416564941e-01,6.585543751716613770e-01,-1.870674639940261841e-01,6.635550856590270996e-01,1.656741201877593994e-01,1.221508383750915527e+00,-4.592084884643554688e-01,7.871244847774505615e-02,1.824061200022697449e-02,-9.344301070086658001e-04,-9.797654300928115845e-02,9.102216362953186035e-01,-4.005230069160461426e-01,2.617999911308288574e-01,2.551673352718353271e-02,2.992455959320068359e-01,2.208530306816101074e-01,-9.934169054031372070e-01,1.381348133087158203e+00,-7.068250775337219238e-01,4.684844017028808594e-01,2.985931634902954102e-01,-5.583708360791206360e-02,6.374032497406005859e-01,1.073161602020263672e+00,-1.958643555641174316e+00,-1.247459769248962402e+00,3.856804668903350830e-01,9.137038141489028931e-02,-4.086416959762573242e-02,-6.386094093322753906e-01
1.194999516010284424e-01,-4.768023267388343811e-02,1.658430397510528564e-01,8.710110932588577271e-02,-1.967717409133911133e-01,7.165257334709167480e-01,6.635398268699645996e-01,-1.185050979256629944e-01,6.459811925888061523e-01,1.681212931871414185e-01,1.201259255409240723e+00,-4.562725126743316650e-01,8.783843368291854858e-02,7.159110158681869507e-02,1.056130137294530869e-02,-6.040952354669570923e-02,8.724247813224792480e-01,-3.902104496955871582e-01,2.617999911308288574e-01,7.253173738718032837e-03,3.349747359752655029e-01,2.585996687412261963e-01,-1.078192830085754395e+00,1.239306211471557617e+00,-8.611637353897094727e-01,6.873483657836914062e-01,3.381631970405578613e-01,-6.281454861164093018e-02,5.225415229797363281e-01,1.149000048637390137e+00,-2.122180223464965820e+00,-1.210166692733764648e+00,5.497678518295288086e-01,1.807263493537902832e-02,-2.468966133892536163e-02,-4.414139091968536377e-01
1.138841360807418823e-01,-4.657974839210510254e-02,1.673622876405715942e-01,9.910348057746887207e-02,-2.087167948484420776e-01,7.048180103302001953e-01,6.707066297531127930e-01,-5.796307325363159180e-02,6.309697031974792480e-01,1.750265210866928101e-01,1.191639423370361328e+00,-4.292144179344177246e-01,9.827367961406707764e-02,1.216746643185615540e-01,1.115967798978090286e-02,-3.044889122247695923e-02,8.374167084693908691e-01,-3.830075562000274658e-01,2.617999911308288574e-01,3.214445314370095730e-04,3.643860220909118652e-01,2.892197370529174805e-01,-1.114915013313293457e+00,1.145898580551147461e+00,-9.273956418037414551e-01,8.415337800979614258e-01,3.924521803855895996e-01,-7.471686601638793945e-02,4.643107950687408447e-01,1.149000048637390137e+00,-2.200549125671386719e+00,-1.141699910163879395e+00,6.098257303237915039e-01,-5.223561823368072510e-02,-4.226879030466079712e-02,-3.179289102554321289e-01
1.088558733463287354e-01,-4.503669962286949158e-02,1.690879762172698975e-01,1.090582683682441711e-01,-2.175635248422622681e-01,6.907725930213928223e-01,6.808859109878540039e-01,-7.963908836245536804e-03,6.105614900588989258e-01,1.768418997526168823e-01,1.183985590934753418e+00,-3.884823918342590332e-01,9.240396320819854736e-02,1.593508571386337280e-01,4.845529794692993164e-03,-8.125058375298976898e-03,8.089824318885803223e-01,-3.735212683677673340e-01,2.617999911308288574e-01,1.775395794538781047e-04,3.835727572441101074e-01,3.075609207153320312e-01,-1.114203691482543945e+00,1.108810544013977051e+00,-9.451236128807067871e-01,9.318722486495971680e-01,4.327644705772399902e-01,-9.329774975776672363e-02,4.559138715267181396e-01,1.149000048637390137e+00,-2.220988512039184570e+00,-1.123743653297424316e+00,5.904425382614135742e-01,-6.964483112096786499e-02,-6.810143589973449707e-02,-2.760820090770721436e-01
1.060106381773948669e-01,-4.292796552181243896e-02,1.692124754190444946e-01,1.129977852106094360e-01,-2.250506430864334106e-01,6.753838658332824707e-01,6.931380629539489746e-01,2.258588932454586029e-02,6.082773804664611816e-01,1.817010641098022461e-01,1.190308570861816406e+00,-3.571868836879730225e-01,9.559255838394165039e-02,1.818627864122390747e-01,6.627209484577178955e-03,2.829013857990503311e-03,7.860829234123229980e-01,-3.710379004478454590e-01,2.617999911308288574e-01,6.255603395402431488e-03,3.905431032180786133e-01,2.967308759689331055e-01,-1.080798149108886719e+00,1.136847853660583496e+00,-9.296520948410034180e-01,9.510394334793090820e-01,4.550597369670867920e-01,-1.149092018604278564e-01,4.830416738986968994e-01,1.149000048637390137e+00,-2.183991193771362305e+00,-1.151635169982910156e+00,4.822815954685211182e-01,-4.583390057086944580e-02,-9.326978027820587158e-02,-3.269013762474060059e-01
1.047785356640815735e-01,-4.019159078598022461e-02,1.701091527938842773e-01,1.069104745984077454e-01,-2.256780564785003662e-01,6.603464484214782715e-01,7.082245945930480957e-01,3.089739941060543060e-02,6.095535159111022949e-01,1.820132285356521606e-01,1.195896029472351074e+00,-3.483918309211730957e-01,9.931252896785736084e-02,1.778392940759658813e-01,1.627226173877716064e-02,3.194945398718118668e-03,7.645909190177917480e-01,-3.692682385444641113e-01,2.617999911308288574e-01,1.963184773921966553e-02,3.944359421730041504e-01,2.598761618137359619e-01,-1.021096825599670410e+00,1.217981100082397461e+00,-8.864751458168029785e-01,9.118303060531616211e-01,4.518520832061767578e-01,-1.324353665113449097e-01,5.237188339233398438e-01,1.149000048637390137e+00,-2.091940641403198242e+00,-1.222826600074768066e+00,3.248043358325958252e-01,-2.207638137042522430e-02,-1.115000844001770020e-01,-4.460005164146423340e-01
1.057239472866058350e-01,-3.737555816769599915e-02,1.694548428058624268e-01,9.269807487726211548e-02,-2.229592055082321167e-01,6.466999650001525879e-01,7.235159873962402344e-01,1.848763599991798401e-02,6.258144378662109375e-01,1.784796416759490967e-01,1.204267978668212891e+00,-3.619977533817291260e-01,1.162695586681365967e-01,1.495493352413177490e-01,4.044968262314796448e-02,-6.571420468389987946e-03,7.581303119659423828e-01,-3.684158623218536377e-01,2.617999911308288574e-01,3.991804271936416626e-02,3.984820246696472168e-01,2.058474123477935791e-01,-9.590240716934204102e-01,1.341707944869995117e+00,-8.328105807304382324e-01,8.470189571380615234e-01,4.405741691589355469e-01,-1.391553431749343872e-01,5.722188353538513184e-01,1.148999929428100586e+00,-1.961840987205505371e+00,-1.339206933975219727e+00,1.433738619089126587e-01,-5.089958012104034424e-02,-1.263607740402221680e-01,-6.244207620620727539e-01
1.053746268153190613e-01,-3.426516801118850708e-02,1.674273312091827393e-01,7.469399273395538330e-02,-2.170022577047348022e-01,6.337159276008605957e-01,7.387387752532958984e-01,-1.151678618043661118e-02,6.368932127952575684e-01,1.605892926454544067e-01,1.222892165184020996e+00,-3.815201818943023682e-01,1.241890564560890198e-01,1.025740057229995728e-01,6.160169094800949097e-02,-2.074138633906841278e-02,7.719697952270507812e-01,-3.745295107364654541e-01,2.617999911308288574e-01,6.376571953296661377e-02,4.045933485031127930e-01,1.529758572578430176e-01,-9.120004773139953613e-01,1.489791154861450195e+00,-7.738944292068481445e-01,7.971488237380981445e-01,4.373583495616912842e-01,-1.326681971549987793e-01,6.218163371086120605e-01,1.091459870338439941e+00,-1.817290663719177246e+00,-1.416103243827819824e+00,-1.336817629635334015e-02,-1.403420865535736084e-01,-1.271372735500335693e-01,-8.010467886924743652e-01
1.038078591227531433e-01,-3.091265633702278137e-02,1.640725731849670410e-01,5.578648671507835388e-02,-2.103352993726730347e-01,6.222017407417297363e-01,7.520052790641784668e-01,-4.833575710654258728e-02,6.462373733520507812e-01,1.363658607006072998e-01,1.245757699012756348e+00,-4.074399173259735107e-01,1.217421591281890869e-01,5.115279555320739746e-02,7.851909101009368896e-02,-4.084784165024757385e-02,7.962495684623718262e-01,-3.884922862052917480e-01,2.617999911308288574e-01,8.020475506782531738e-02,4.050330817699432373e-01,1.072152629494667053e-01,-8.876023292541503906e-01,1.652942538261413574e+00,-7.214576601982116699e-01,7.759942412376403809e-01,4.426148533821105957e-01,-1.176949739456176758e-01,6.607084870338439941e-01,1.016056537628173828e+00,-1.679481387138366699e+00,-1.468706965446472168e+00,-1.177630573511123657e-01,-2.465928047895431519e-01,-1.013958528637886047e-01,-9.325566887855529785e-01
1.023640111088752747e-01,-2.805608138442039490e-02,1.599525660276412964e-01,3.794172406196594238e-02,-2.073042988777160645e-01,6.126198768615722656e-01,7.617625594139099121e-01,-7.975179702043533325e-02,6.653309464454650879e-01,1.162789911031723022e-01,1.270018219947814941e+00,-4.457125961780548096e-01,1.221721544861793518e-01,5.229911301285028458e-03,9.946349263191223145e-02,-6.734737753868103027e-02,8.299522995948791504e-01,-3.965764939785003662e-01,2.617999911308288574e-01,8.343140780925750732e-02,4.088754653930664062e-01,7.811005413532257080e-02,-8.894968628883361816e-01,1.802141904830932617e+00,-6.940109133720397949e-01,7.851837873458862305e-01,4.577939510345458984e-01,-9.669286757707595825e-02,6.876747012138366699e-01,9.950957894325256348e-01,-1.569189667701721191e+00,-1.530146598815917969e+00,-1.707576364278793335e-01,-3.362398147583007812e-01,-6.310687214136123657e-02,-1.002778172492980957e+00
9.921736270189285278e-02,-2.533130720257759094e-02,1.575105488300323486e-01,2.497030235826969147e-02,-2.033253759145736694e-01,6.067914366722106934e-01,7.680100202560424805e-01,-1.078661680221557617e-01,6.791737079620361328e-01,1.102261170744895935e-01,1.290895819664001465e+00,-4.689713418483734131e-01,1.287678331136703491e-01,-3.329659998416900635e-02,1.038120314478874207e-01,-9.228273481130599976e-02,8.612862229347229004e-01,-3.929231762886047363e-01,2.617999911308288574e-01,8.901605755090713501e-02,4.156791269779205322e-01,5.305899307131767273e-02,-9.092023968696594238e-01,1.891594529151916504e+00,-6.820604801177978516e-01,8.191603422164916992e-01,4.720371663570404053e-01,-7.794661074876785278e-02,6.993300318717956543e-01,1.016961932182312012e+00,-1.481678843498229980e+00,-1.597678661346435547e+00,-1.950497031211853027e-01,-3.980033993721008301e-01,-1.734216697514057159e-02,-1.050966739654541016e+00
9.459431469440460205e-02,-2.268252894282341003e-02,1.580367535352706909e-01,1.680920831859111786e-02,-1.944837570190429688e-01,6.042835116386413574e-01,7.724862098693847656e-01,-1.287697851657867432e-01,6.700928211212158203e-01,1.145666390657424927e-01,1.293611764907836914e+00,-4.830406904220581055e-01,1.316450685262680054e-01,-6.939107924699783325e-02,9.018867462873458862e-02,-1.097595468163490295e-01,8.815238475799560547e-01,-3.746080100536346436e-01,2.617999911308288574e-01,1.036548614501953125e-01,4.280615150928497314e-01,2.134121768176555634e-02,-9.274192452430725098e-01,1.901120781898498535e+00,-6.945298314094543457e-01,8.717323541641235352e-01,4.911461174488067627e-01,-6.658288836479187012e-02,6.964607834815979004e-01,1.053214192390441895e+00,-1.426685690879821777e+00,-1.663781642913818359e+00,-2.015305161476135254e-01,-4.323291778564453125e-01,2.446633949875831604e-02,-1.089092731475830078e+00
8.801341801881790161e-02,-1.996593922376632690e-02,1.609672307968139648e-01,1.190750952810049057e-02,-1.863168179988861084e-01,6.026548743247985840e-01,7.758552432060241699e-01,-1.304541975259780884e-01,6.471662521362304688e-01,1.276731640100479126e-01,1.274567008018493652e+00,-5.037570595741271973e-01,1.371629089117050171e-01,-9.394652396440505981e-02,6.832218915224075317e-02,-1.217611581087112427e-01,8.849548101425170898e-01,-3.415047228336334229e-01,2.617999911308288574e-01,1.178300827741622925e-01,4.460864961147308350e-01,-1.465976983308792114e-02,-9.207623600959777832e-01,1.838952660560607910e+00,-7.120475172996520996e-01,9.345712065696716309e-01,5.299778580665588379e-01,-6.534823775291442871e-02,6.652453541755676270e-01,1.050614118576049805e+00,-1.416839957237243652e+00,-1.692491412162780762e+00,-2.028907090425491333e-01,-4.475990235805511475e-01,5.330163240432739258e-02,-1.126079082489013672e+00
7.928460836410522461e-02,-1.690839603543281555e-02,1.664348095655441284e-01,1.362586207687854767e-02,-1.772875338792800903e-01,6.040056943893432617e-01,7.768915891647338867e-01,-1.156240999698638916e-01,6.013885140419006348e-01,1.475515365600585938e-01,1.236003994941711426e+00,-5.149106383323669434e-01,1.473202556371688843e-01,-1.048593372106552124e-01,3.364069759845733643e-02,-1.152411997318267822e-01,8.752633929252624512e-01,-3.039498627185821533e-01,2.617999911308288574e-01,1.269470751285552979e-01,4.622665941715240479e-01,-4.947311058640480042e-02,-8.595352172851562500e-01,1.715169787406921387e+00,-7.013390064239501953e-01,9.924411177635192871e-01,5.818965435028076172e-01,-7.786460965871810913e-02,6.190888881683349609e-01,9.941428303718566895e-01,-1.449168920516967773e+00,-1.681910514831542969e+00,-2.055920511484146118e-01,-4.482534527778625488e-01,7.125335931777954102e-02,-1.174611330032348633e+00
6.835123896598815918e-02,-1.392368040978908539e-02,1.718941926956176758e-01,2.120335772633552551e-02,-1.684951186180114746e-01,6.070129871368408203e-01,7.763344049453735352e-01,-8.844713866710662842e-02,5.388557314872741699e-01,1.697836518287658691e-01,1.186878204345703125e+00,-5.273388624191284180e-01,1.589476764202117920e-01,-1.030501723289489746e-01,-1.107101142406463623e-02,-9.525313973426818848e-02,8.562622070312500000e-01,-2.820451855659484863e-01,2.617999911308288574e-01,1.264537721872329712e-01,4.949810206890106201e-01,-7.106880843639373779e-02,-7.378701567649841309e-01,1.540853619575500488e+00,-6.376603841781616211e-01,1.032439231872558594e+00,6.444820165634155273e-01,-9.077742695808410645e-02,5.760064125061035156e-01,8.570270538330078125e-01,-1.531704664230346680e+00,-1.611247658729553223e+00,-2.069361805915832520e-01,-4.185515046119689941e-01,7.164449989795684814e-02,-1.234196543693542480e+00
5.670178681612014771e-02,-1.188656222075223923e-02,1.784113794565200806e-01,3.881023079156875610e-02,-1.515284329652786255e-01,6.153167486190795898e-01,7.726048231124877930e-01,-5.728431046009063721e-02,4.410184323787689209e-01,1.998566687107086182e-01,1.117909431457519531e+00,-5.321050882339477539e-01,1.795596182346343994e-01,-1.009800732135772705e-01,-8.616997301578521729e-02,-6.776171177625656128e-02,8.404057621955871582e-01,-2.797008752822875977e-01,2.617999911308288574e-01,1.413102447986602783e-01,5.036912560462951660e-01,-8.236594498157501221e-02,-7.004108428955078125e-01,1.350564837455749512e+00,-6.455426812171936035e-01,1.020663261413574219e+00,7.072010636329650879e-01,-9.983477741479873657e-02,5.334804654121398926e-01,6.241919994354248047e-01,-1.610218524932861328e+00,-1.451179862022399902e+00,-1.841938644647598267e-01,-3.261136412620544434e-01,5.688025429844856262e-02,-1.302421331405639648e+00
4.279932007193565369e-02,-1.064837072044610977e-02,1.826580911874771118e-01,5.499229207634925842e-02,-1.444029211997985840e-01,6.195285320281982422e-01,7.696154713630676270e-01,-1.295298058539628983e-02,3.604244291782379150e-01,2.233732938766479492e-01,1.050627708435058594e+00,-5.484644770622253418e-01,1.897840648889541626e-01,-8.841169625520706177e-02,-1.487359851598739624e-01,-5.037185922265052795e-02,8.270626068115234375e-01,-2.783473432064056396e-01,2.617999911308288574e-01,1.996958702802658081e-01,4.932681024074554443e-01,-9.755676984786987305e-02,-8.474489450454711914e-01,1.158902525901794434e+00,-8.308827280998229980e-01,1.023219823837280273e+00,7.608691453933715820e-01,-1.048180684447288513e-01,4.855005145072937012e-01,1.647721230983734131e-01,-1.522018074989318848e+00,-1.036931872367858887e+00,-1.872580498456954956e-01,-2.121612578630447388e-01,1.631899364292621613e-02,-1.364490032196044922e+00
3.086705319583415985e-02,-1.211356744170188904e-02,1.847635358572006226e-01,6.193165108561515808e-02,-1.455646008253097534e-01,6.217160820960998535e-01,7.671014070510864258e-01,1.407221052795648575e-02,3.241754770278930664e-01,2.382308244705200195e-01,1.012709975242614746e+00,-5.686827898025512695e-01,1.883943080902099609e-01,-9.485943615436553955e-02,-1.826868057250976562e-01,-5.536671727895736694e-02,8.420183658599853516e-01,-2.732895612716674805e-01,2.617999911308288574e-01,1.228349581360816956e-01,4.274602234363555908e-01,-7.356170564889907837e-02,-9.466809034347534180e-01,1.109529376029968262e+00,-1.021525859832763672e+00,1.046488761901855469e+00,7.851496338844299316e-01,-1.077688783407211304e-01,4.490813314914703369e-01,-5.073113441467285156e-01,-1.133501291275024414e+00,-3.675554394721984863e-01,-1.531441360712051392e-01,-2.121903002262115479e-01,4.908003844320774078e-03,-1.398572087287902832e+00
1.997171528637409210e-02,-1.595107838511466980e-02,1.847553998231887817e-01,7.605908066034317017e-02,-1.469051241874694824e-01,6.290731430053710938e-01,7.595399022102355957e-01,3.851430490612983704e-02,2.748847305774688721e-01,2.437082380056381226e-01,9.832177758216857910e-01,-5.837522149085998535e-01,1.927742809057235718e-01,-1.245738342404365540e-01,-2.404599189758300781e-01,-7.447543740272521973e-02,9.210128188133239746e-01,-2.861495018005371094e-01,2.617999911308288574e-01,4.208473861217498779e-02,4.172161221504211426e-01,-4.464374855160713196e-03,-9.354410171508789062e-01,1.042749524116516113e+00,-1.028182387351989746e+00,1.025593161582946777e+00,7.962737083435058594e-01,-1.062790602445602417e-01,4.351803958415985107e-01,-7.950111031532287598e-01,-8.107787966728210449e-01,-5.484711751341819763e-02,-1.353154145181179047e-02,-1.632793843746185303e-01,-1.736377552151679993e-02,-1.429951548576354980e+00
8.856149390339851379e-03,-1.999919302761554718e-02,1.834398210048675537e-01,9.511803835630416870e-02,-1.556409746408462524e-01,6.345716714859008789e-01,7.510308027267456055e-01,7.005046308040618896e-02,2.431854754686355591e-01,2.660217583179473877e-01,9.782043695449829102e-01,-5.722027420997619629e-01,2.138610929250717163e-01,-1.724681556224822998e-01,-2.947173118591308594e-01,-7.256647199392318726e-02,1.032763242721557617e+00,-2.899316251277923584e-01,2.617999911308288574e-01,2.518149837851524353e-02,4.047633707523345947e-01,4.757495597004890442e-02,-9.705727696418762207e-01,9.193052649497985840e-01,-1.059679388999938965e+00,9.855871200561523438e-01,8.028323650360107422e-01,-1.025403216481208801e-01,4.249204099178314209e-01,-8.604434132575988770e-01,-5.844898819923400879e-01,1.141888275742530823e-01,1.324364542961120605e-01,-8.683186024427413940e-02,-4.168882593512535095e-02,-1.381736159324645996e+00
-4.204006690997630358e-04,-2.435004897415637970e-02,1.816471666097640991e-01,1.129968762397766113e-01,-1.582702100276947021e-01,6.412291526794433594e-01,7.422987818717956543e-01,9.511397778987884521e-02,2.065574526786804199e-01,2.912963926792144775e-01,9.623373746871948242e-01,-5.690485835075378418e-01,2.287734746932983398e-01,-2.344260662794113159e-01,-3.411519825458526611e-01,-5.478896573185920715e-02,1.160538196563720703e+00,-2.841520309448242188e-01,2.617999911308288574e-01,1.573544368147850037e-02,3.750863373279571533e-01,9.752315282821655273e-02,-1.031962871551513672e+00,8.049523830413818359e-01,-1.116801977157592773e+00,9.598899483680725098e-01,8.171388506889343262e-01,-1.042263582348823547e-01,4.127024114131927490e-01,-8.909593820571899414e-01,-4.164737761020660400e-01,3.096699714660644531e-01,3.337652385234832764e-01,-3.015479771420359612e-03,-4.669335111975669861e-02,-1.243062138557434082e+00
-8.939979597926139832e-03,-2.773904986679553986e-02,1.814419925212860107e-01,1.216639876365661621e-01,-1.543425172567367554e-01,6.475681662559509277e-01,7.362280488014221191e-01,1.033436954021453857e-01,1.734490096569061279e-01,3.128876090049743652e-01,9.405136108398437500e-01,-5.719597935676574707e-01,2.333380430936813354e-01,-2.915742397308349609e-01,-3.688080310821533203e-01,-2.740415558218955994e-02,1.280668258666992188e+00,-2.827659845352172852e-01,2.617999911308288574e-01,1.416621915996074677e-02,3.374876081943511963e-01,1.296967267990112305e-01,-1.086053371429443359e+00,7.010452151298522949e-01,-1.178602218627929688e+00,9.598364233970642090e-01,8.313564062118530273e-01,-1.110290959477424622e-01,3.940627872943878174e-01,-9.586971998214721680e-01,-3.024076819419860840e-01,5.231323838233947754e-01,5.939666032791137695e-01,4.720761254429817200e-02,-2.488008514046669006e-02,-1.045781493186950684e+00
-1.662076450884342194e-02,-2.998586185276508331e-02,1.819239407777786255e-01,1.244898885488510132e-01,-1.498813629150390625e-01,6.559826135635375977e-01,7.291945219039916992e-01,1.023162081837654114e-01,1.524348407983779907e-01,3.294225633144378662e-01,9.225972294807434082e-01,-5.746769309043884277e-01,2.256884723901748657e-01,-3.292633593082427979e-01,-3.850724995136260986e-01,-1.648831926286220551e-02,1.357290744781494141e+00,-2.965553402900695801e-01,2.617980539798736572e-01,1.324245799332857132e-02,3.129459917545318604e-01,1.520296335220336914e-01,-1.114088058471679688e+00,6.202344298362731934e-01,-1.205760955810546875e+00,9.779899120330810547e-01,8.314144015312194824e-01,-9.981451928615570068e-02,3.879477679729461670e-01,-1.002389669418334961e+00,-2.265985310077667236e-01,6.639101505279541016e-01,7.467760443687438965e-01,5.412931740283966064e-02,-2.988859250763198361e-06,-8.864641189575195312e-01
-1.775756105780601501e-02,-2.894306927919387817e-02,1.821382343769073486e-01,1.217883899807929993e-01,-1.370007842779159546e-01,6.558208465576171875e-01,7.323232889175415039e-01,8.813391625881195068e-02,1.237242817878723145e-01,3.115696609020233154e-01,8.915235996246337891e-01,-5.590012669563293457e-01,2.141142189502716064e-01,-3.207516670227050781e-01,-3.763115108013153076e-01,-2.703190315514802933e-03,1.310627341270446777e+00,-3.055573105812072754e-01,2.611577808856964111e-01,1.225840300321578979e-02,2.809864282608032227e-01,1.465239822864532471e-01,-1.044988036155700684e+00,6.414777636528015137e-01,-1.125079870223999023e+00,1.022670507431030273e+00,7.818459272384643555e-01,-9.656541794538497925e-02,3.652131259441375732e-01,-9.744817018508911133e-01,-2.602262198925018311e-01,6.283253431320190430e-01,8.202287554740905762e-01,5.931267142295837402e-02,-5.858088377863168716e-03,-8.308506608009338379e-01
-1.773937977850437164e-02,-2.836776338517665863e-02,1.828671991825103760e-01,1.172230392694473267e-01,-1.262926012277603149e-01,6.538634896278381348e-01,7.367302775382995605e-01,7.577454298734664917e-02,1.048123314976692200e-01,2.948299944400787354e-01,8.610662221908569336e-01,-5.437145233154296875e-01,1.994691342115402222e-01,-3.103335201740264893e-01,-3.590407967567443848e-01,5.779814673587679863e-04,1.261964797973632812e+00,-3.134111464023590088e-01,2.469279468059539795e-01,1.473595388233661652e-02,2.549389600753784180e-01,1.374267786741256714e-01,-9.675017595291137695e-01,6.577742695808410645e-01,-1.042140722274780273e+00,1.061872124671936035e+00,7.323395013809204102e-01,-9.284430742263793945e-02,3.415927290916442871e-01,-9.264630675315856934e-01,-2.953953742980957031e-01,5.909078121185302734e-01,8.755114078521728516e-01,6.014169380068778992e-02,-5.300006829202175140e-03,-7.772814035415649414e-01
-1.750193536281585693e-02,-2.789974771440029144e-02,1.839219331741333008e-01,1.108995005488395691e-01,-1.161473169922828674e-01,6.514071226119995117e-01,7.415388822555541992e-01,6.258559972047805786e-02,9.050584584474563599e-02,2.780689001083374023e-01,8.306172490119934082e-01,-5.287193655967712402e-01,1.840537637472152710e-01,-3.005236983299255371e-01,-3.371917009353637695e-01,5.408592987805604935e-04,1.211567282676696777e+00,-3.198119699954986572e-01,2.291413843631744385e-01,1.817669533193111420e-02,2.339361608028411865e-01,1.257569789886474609e-01,-8.858721256256103516e-01,6.667213439941406250e-01,-9.555918574333190918e-01,1.099925994873046875e+00,6.826094985008239746e-01,-8.854570239782333374e-02,3.178937733173370361e-01,-8.715405464172363281e-01,-3.293327093124389648e-01,5.531438589096069336e-01,9.275753498077392578e-01,5.979463085532188416e-02,-3.957098349928855896e-03,-7.219651937484741211e-01
-1.726183295249938965e-02,-2.746425569057464600e-02,1.850165873765945435e-01,1.039450243115425110e-01,-1.062829568982124329e-01,6.489410400390625000e-01,7.461735010147094727e-01,4.875389486551284790e-02,7.802314311265945435e-02,2.607651948928833008e-01,8.017795085906982422e-01,-5.148166418075561523e-01,1.688718348741531372e-01,-2.907348275184631348e-01,-3.137985169887542725e-01,1.367566728731617332e-04,1.161007761955261230e+00,-3.259920477867126465e-01,2.111731469631195068e-01,2.150322683155536652e-02,2.133377939462661743e-01,1.144238933920860291e-01,-8.049805760383605957e-01,6.701890230178833008e-01,-8.696401715278625488e-01,1.137837052345275879e+00,6.322971582412719727e-01,-8.365557342767715454e-02,2.944777011871337891e-01,-8.128380179405212402e-01,-3.586315810680389404e-01,5.127679109573364258e-01,9.781930446624755859e-01,5.863272771239280701e-02,-1.570294727571308613e-03,-6.682528853416442871e-01
-1.703063957393169403e-02,-2.702974155545234680e-02,1.862738579511642456e-01,9.653151035308837891e-02,-9.626020491123199463e-02,6.466866731643676758e-01,7.504745125770568848e-01,3.471468761563301086e-02,6.588073819875717163e-02,2.428575754165649414e-01,7.721878886222839355e-01,-5.007235407829284668e-01,1.541700065135955811e-01,-2.811389267444610596e-01,-2.899911999702453613e-01,-3.640482609625905752e-04,1.109714627265930176e+00,-3.317129611968994141e-01,1.932665407657623291e-01,2.419898472726345062e-02,1.930855959653854370e-01,1.027623638510704041e-01,-7.245228886604309082e-01,6.679058074951171875e-01,-7.836868762969970703e-01,1.175454735755920410e+00,5.814349055290222168e-01,-7.854031026363372803e-02,2.711344361305236816e-01,-7.510980367660522461e-01,-3.838144838809967041e-01,4.706656038761138916e-01,1.028529763221740723e+00,5.681428685784339905e-02,5.985908792354166508e-04,-6.142067909240722656e-01
-1.680484227836132050e-02,-2.657798118889331818e-02,1.877196431159973145e-01,8.868448436260223389e-02,-8.601295202970504761e-02,6.446749567985534668e-01,7.544077634811401367e-01,2.066547051072120667e-02,5.390990525484085083e-02,2.243284434080123901e-01,7.412286400794982910e-01,-4.861147999763488770e-01,1.399847120046615601e-01,-2.716248333454132080e-01,-2.659589350223541260e-01,-9.283592225983738899e-04,1.057336330413818359e+00,-3.368593454360961914e-01,1.754595190286636353e-01,2.614609524607658386e-02,1.730704754590988159e-01,9.068620949983596802e-02,-6.451174616813659668e-01,6.600541472434997559e-01,-6.984040737152099609e-01,1.212751984596252441e+00,5.300921797752380371e-01,-7.321119308471679688e-02,2.477849572896957397e-01,-6.867742538452148438e-01,-4.046514928340911865e-01,4.271149039268493652e-01,1.078704357147216797e+00,5.440085753798484802e-02,2.441559685394167900e-03,-5.597823262214660645e-01
-1.657903939485549927e-02,-2.609025314450263977e-02,1.893758624792098999e-01,8.035003393888473511e-02,-7.553020864725112915e-02,6.429010033607482910e-01,7.579692006111145020e-01,6.741709075868129730e-03,4.223117232322692871e-02,2.051636129617691040e-01,7.084445357322692871e-01,-4.707609415054321289e-01,1.262955665588378906e-01,-2.620342075824737549e-01,-2.416417598724365234e-01,-1.604360179044306278e-03,1.003350615501403809e+00,-3.412079811096191406e-01,1.577277332544326782e-01,2.732527628540992737e-02,1.533376723527908325e-01,7.806155830621719360e-02,-5.674026012420654297e-01,6.469044685363769531e-01,-6.145397424697875977e-01,1.249734044075012207e+00,4.783027768135070801e-01,-6.766220927238464355e-02,2.243292033672332764e-01,-6.202929019927978516e-01,-4.209277331829071045e-01,3.823886513710021973e-01,1.128739833831787109e+00,5.141058191657066345e-02,3.949075005948543549e-03,-5.049771666526794434e-01
-1.634958386421203613e-02,-2.551950700581073761e-02,1.913685798645019531e-01,7.122994214296340942e-02,-6.479718536138534546e-02,6.413028836250305176e-01,7.612215280532836914e-01,-6.545316427946090698e-03,3.130955249071121216e-02,1.854012906551361084e-01,6.719902157783508301e-01,-4.537909328937530518e-01,1.129898726940155029e-01,-2.519510090351104736e-01,-2.164814919233322144e-01,-2.655249089002609253e-03,9.459629058837890625e-01,-3.438542485237121582e-01,1.399171203374862671e-01,2.780582197010517120e-02,1.346818357706069946e-01,6.404916942119598389e-02,-4.911391735076904297e-01,6.285119652748107910e-01,-5.324220061302185059e-01,1.286120653152465820e+00,4.261221289634704590e-01,-6.189922988414764404e-02,2.006350606679916382e-01,-5.518061518669128418e-01,-4.329348206520080566e-01,3.372680842876434326e-01,1.178766727447509766e+00,4.785506427288055420e-02,4.829914774745702744e-03,-4.493759870529174805e-01
-1.610073260962963104e-02,-2.489344403147697449e-02,1.935067176818847656e-01,6.167473644018173218e-02,-5.386759340763092041e-02,6.399336457252502441e-01,7.640545964241027832e-01,-1.968944258987903595e-02,2.091485448181629181e-02,1.649415642023086548e-01,6.340119838714599609e-01,-4.362290501594543457e-01,1.001642718911170959e-01,-2.413565218448638916e-01,-1.911161094903945923e-01,-3.626429010182619095e-03,8.862668871879577637e-01,-3.454475700855255127e-01,1.222230866551399231e-01,2.748393267393112183e-02,1.158255338668823242e-01,4.976227879524230957e-02,-4.182704687118530273e-01,6.058155894279479980e-01,-4.534344673156738281e-01,1.322571635246276855e+00,3.735471367835998535e-01,-5.579990521073341370e-02,1.767193377017974854e-01,-4.822115302085876465e-01,-4.395502805709838867e-01,2.912910878658294678e-01,1.228534817695617676e+00,4.371674358844757080e-02,5.669084377586841583e-03,-3.939282596111297607e-01
-1.582667976617813110e-02,-2.416958846151828766e-02,1.958720535039901733e-01,5.143398791551589966e-02,-4.268863424658775330e-02,6.387369036674499512e-01,7.665163874626159668e-01,-3.239987418055534363e-02,1.141663640737533569e-02,1.438398212194442749e-01,5.931090116500854492e-01,-4.174232482910156250e-01,8.772592991590499878e-02,-2.298855483531951904e-01,-1.651372015476226807e-01,-4.621473141014575958e-03,8.225311636924743652e-01,-3.451033532619476318e-01,1.045311018824577332e-01,2.639202587306499481e-02,9.747464954853057861e-02,3.436342999339103699e-02,-3.482752740383148193e-01,5.789163708686828613e-01,-3.775995373725891113e-01,1.358847975730895996e+00,3.206743597984313965e-01,-4.934184998273849487e-02,1.525294184684753418e-01,-4.116851389408111572e-01,-4.411500096321105957e-01,2.454025298357009888e-01,1.278178691864013672e+00,3.900842368602752686e-02,6.155863869935274124e-03,-3.382311165332794189e-01
-1.550924405455589294e-02,-2.330655977129936218e-02,1.985471546649932861e-01,4.030564427375793457e-02,-3.129505738615989685e-02,6.376378536224365234e-01,7.686443328857421875e-01,-4.397129639983177185e-02,3.303221892565488815e-03,1.221274882555007935e-01,5.475052595138549805e-01,-3.965619802474975586e-01,7.555724680423736572e-02,-2.165597528219223022e-01,-1.380727887153625488e-01,-5.670949816703796387e-03,7.521893382072448730e-01,-3.415341675281524658e-01,8.672599494457244873e-02,2.463066391646862030e-02,8.022278547286987305e-02,1.724759116768836975e-02,-2.808232307434082031e-01,5.480300784111022949e-01,-3.051858842372894287e-01,1.394806861877441406e+00,2.674911916255950928e-01,-4.246431216597557068e-02,1.280060410499572754e-01,-3.403248786926269531e-01,-4.379582107067108154e-01,2.003268301486968994e-01,1.327719926834106445e+00,3.374509885907173157e-02,6.143159698694944382e-03,-2.822383642196655273e-01
-1.515022851526737213e-02,-2.232264354825019836e-02,2.013077437877655029e-01,2.857274934649467468e-02,-1.959267444908618927e-02,6.367002725601196289e-01,7.703326940536499023e-01,-5.542241781949996948e-02,-3.834174247458577156e-03,9.977259486913681030e-02,4.996669292449951172e-01,-3.748212456703186035e-01,6.378236413002014160e-02,-2.016907185316085815e-01,-1.107137724757194519e-01,-6.255385465919971466e-03,6.763023138046264648e-01,-3.353094756603240967e-01,6.901025027036666870e-02,2.190008573234081268e-02,6.302663683891296387e-02,-8.789813728071749210e-04,-2.166829407215118408e-01,5.138970017433166504e-01,-2.365938574075698853e-01,1.430794000625610352e+00,2.142502367496490479e-01,-3.509396314620971680e-02,1.033658310770988464e-01,-2.690068483352661133e-01,-4.295192658901214600e-01,1.562383472919464111e-01,1.377091646194458008e+00,2.793458662927150726e-02,5.853642243891954422e-03,-2.262785881757736206e-01
-1.471912767738103867e-02,-2.120248600840568542e-02,2.041828930377960205e-01,1.615547947585582733e-02,-7.513284217566251755e-03,6.358831524848937988e-01,7.715796828269958496e-01,-6.628643721342086792e-02,-9.842345491051673889e-03,7.681982964277267456e-02,4.481405615806579590e-01,-3.514759242534637451e-01,5.232156813144683838e-02,-1.843193918466567993e-01,-8.298978954553604126e-02,-6.240137387067079544e-03,5.922889709472656250e-01,-3.250707685947418213e-01,5.130999535322189331e-02,1.824389211833477020e-02,4.636036232113838196e-02,-2.062487043440341949e-02,-1.553653031587600708e-01,4.765697419643402100e-01,-1.718299984931945801e-01,1.466658949851989746e+00,1.608265042304992676e-01,-2.718776091933250427e-02,7.847929745912551880e-02,-1.977708488702774048e-01,-4.162548482418060303e-01,1.138505041599273682e-01,1.426350235939025879e+00,2.159490436315536499e-02,5.143865942955017090e-03,-1.703123897314071655e-01
-1.419668458402156830e-02,-1.991820149123668671e-02,2.071975618600845337e-01,2.943325554952025414e-03,4.987936466932296753e-03,6.351543068885803223e-01,7.723635435104370117e-01,-7.559122145175933838e-02,-1.446182001382112503e-02,5.324795842170715332e-02,3.904002308845520020e-01,-3.252531886100769043e-01,4.109957441687583923e-02,-1.624381244182586670e-01,-5.479733273386955261e-02,-5.452233366668224335e-03,4.953724741935729980e-01,-3.083007335662841797e-01,3.357077389955520630e-02,1.364439725875854492e-02,3.045988082885742188e-02,-4.240729659795761108e-02,-9.638672322034835815e-02,4.362068474292755127e-01,-1.110012978315353394e-01,1.502343297004699707e+00,1.072016730904579163e-01,-1.868871785700321198e-02,5.327175185084342957e-02,-1.266202926635742188e-01,-3.984772861003875732e-01,7.370214909315109253e-02,1.475477576255798340e+00,1.476801466196775436e-02,3.923313226550817490e-03,-1.143589243292808533e-01
-1.358534395694732666e-02,-1.855152100324630737e-02,2.100186794996261597e-01,-1.044717151671648026e-02,1.823037490248680115e-02,6.346238255500793457e-01,7.725355029106140137e-01,-8.451467752456665039e-02,-1.906584948301315308e-02,2.913613617420196533e-02,3.290520310401916504e-01,-2.972191274166107178e-01,3.036157600581645966e-02,-1.366686671972274780e-01,-2.792318910360336304e-02,-3.200453706085681915e-03,3.873090147972106934e-01,-2.857032120227813721e-01,1.608013734221458435e-02,7.605902850627899170e-03,1.397868338972330093e-02,-6.558179855346679688e-02,-4.007216170430183411e-02,3.933059275150299072e-01,-5.418651178479194641e-02,1.537970185279846191e+00,5.365034565329551697e-02,-9.593311697244644165e-03,2.804844453930854797e-02,-5.617173016071319580e-02,-3.762146532535552979e-01,3.604730963706970215e-02,1.524513721466064453e+00,7.467700634151697159e-03,2.295973477885127068e-03,-5.856497958302497864e-02
-1.318661030381917953e-02,-1.845578290522098541e-02,2.105841189622879028e-01,-1.636424660682678223e-02,2.674589864909648895e-02,6.340050697326660156e-01,7.726929783821105957e-01,-9.985893964767456055e-02,-2.885362692177295685e-02,7.691100239753723145e-03,3.170625865459442139e-01,-2.936791777610778809e-01,2.131610549986362457e-02,-1.271981149911880493e-01,-7.947051897644996643e-03,3.704194212332367897e-03,3.484468162059783936e-01,-2.969572544097900391e-01,1.541392848594114184e-04,2.375994110479950905e-03,-6.969945970922708511e-03,-6.696960330009460449e-02,7.622754666954278946e-03,3.449124395847320557e-01,-1.855453156167641282e-04,1.572572708129882812e+00,4.461342003196477890e-03,1.714393030852079391e-03,6.335082463920116425e-03,8.600448258221149445e-03,-3.461086153984069824e-01,-7.237286772578954697e-04,1.570312738418579102e+00,3.432203549891710281e-03,5.466637667268514633e-03,-1.104658190160989761e-02
-1.305809896439313889e-02,-1.803834922611713409e-02,2.110073417425155640e-01,-1.842918246984481812e-02,2.844616770744323730e-02,6.344892978668212891e-01,7.721881270408630371e-01,-1.021057590842247009e-01,-2.797646448016166687e-02,5.898873321712017059e-03,3.101608753204345703e-01,-2.900171875953674316e-01,2.094262838363647461e-02,-1.219443157315254211e-01,-6.988062523305416107e-03,1.743680564686655998e-03,3.272166848182678223e-01,-2.869083285331726074e-01,-4.381513281259685755e-04,1.382182290399214253e-05,-6.357307080179452896e-03,-7.758421450853347778e-02,1.511809416115283966e-02,3.456610441207885742e-01,-1.662706024944782257e-03,1.572426676750183105e+00,6.807980826124548912e-04,8.143678132910281420e-05,5.306434817612171173e-03,1.524105574935674667e-02,-3.477430045604705811e-01,1.053066225722432137e-03,1.571701884269714355e+00,1.735905389068648219e-04,1.000956865027546883e-03,-5.818228237330913544e-03
-1.305081881582736969e-02,-1.793719455599784851e-02,2.112435549497604370e-01,-1.961958408355712891e-02,2.894702926278114319e-02,6.345421075820922852e-01,7.720968127250671387e-01,-1.029657050967216492e-01,-2.665109559893608093e-02,5.345522426068782806e-03,3.066542148590087891e-01,-2.879946827888488770e-01,2.071966044604778290e-02,-1.189203560352325439e-01,-5.673610139638185501e-03,1.166849629953503609e-03,3.155652582645416260e-01,-2.807098329067230225e-01,-6.611707503907382488e-04,-3.170452837366610765e-04,-5.182706285268068314e-03,-8.129648119211196899e-02,1.749073155224323273e-02,3.457539081573486328e-01,-2.127576386556029320e-03,1.571821451187133789e+00,1.440651103621348739e-04,-2.563103917054831982e-04,5.128046497702598572e-03,1.721446961164474487e-02,-3.480985462665557861e-01,1.714599900878965855e-03,1.571729183197021484e+00,-1.042044823407195508e-04,2.462769953126553446e-05,-5.082984454929828644e-03
-1.304661761969327927e-02,-1.789322309195995331e-02,2.113707065582275391e-01,-2.025679685175418854e-02,2.903677709400653839e-02,6.345125436782836914e-01,7.721012234687805176e-01,-1.031871214509010315e-01,-2.562670595943927765e-02,5.135318730026483536e-03,3.049947619438171387e-01,-2.871017158031463623e-01,2.054391801357269287e-02,-1.168425530195236206e-01,-4.652306903153657913e-03,9.441511356271803379e-04,3.089022636413574219e-01,-2.771351933479309082e-01,-8.352696895599365234e-04,-2.826291311066597700e-04,-4.293722566217184067e-03,-8.269435167312622070e-02,1.829178631305694580e-02,3.457259833812713623e-01,-2.252515638247132301e-03,1.571523308753967285e+00,5.459423118736594915e-05,-2.787378616631031036e-04,5.094380583614110947e-03,1.787497475743293762e-02,-3.482259809970855713e-01,1.950332778505980968e-03,1.571640610694885254e+00,-9.904410399030894041e-05,-1.664984156377613544e-04,-4.965804517269134521e-03
-1.304392237216234207e-02,-1.787105575203895569e-02,2.114402353763580322e-01,-2.058382518589496613e-02,2.897643297910690308e-02,6.344814300537109375e-01,7.721204757690429688e-01,-1.031544953584671021e-01,-2.492815814912319183e-02,5.033414810895919800e-03,3.042673170566558838e-01,-2.867536842823028564e-01,2.042268030345439911e-02,-1.153708174824714661e-01,-3.954843152314424515e-03,8.340447675436735153e-04,3.049993216991424561e-01,-2.750579416751861572e-01,-9.560267208144068718e-04,-2.022051194217056036e-04,-3.690735204145312309e-03,-8.317331224679946899e-02,1.857820339500904083e-02,3.456888794898986816e-01,-2.294631907716393471e-03,1.571398138999938965e+00,3.726327122421935201e-05,-2.620648010633885860e-04,5.087280180305242538e-03,1.811537705361843109e-02,-3.482983410358428955e-01,2.034821081906557083e-03,1.571581721305847168e+00,-8.505125879310071468e-05,-1.980894448934122920e-04,-4.939434118568897247e-03
-1.304235588759183884e-02,-1.785906404256820679e-02,2.114788889884948730e-01,-2.074754796922206879e-02,2.887638472020626068e-02,6.344595551490783691e-01,7.721377611160278320e-01,-1.030415594577789307e-01,-2.446892485022544861e-02,4.976009484380483627e-03,3.039824068546295166e-01,-2.866495251655578613e-01,2.034277468919754028e-02,-1.143369451165199280e-01,-3.496142802760004997e-03,7.710173376835882664e-04,3.026723563671112061e-01,-2.738355994224548340e-01,-1.035894267261028290e-03,-1.347159559372812510e-04,-3.294397844001650810e-03,-8.328320831060409546e-02,1.868239417672157288e-02,3.456594347953796387e-01,-2.311919350177049637e-03,1.571347713470458984e+00,3.304245910840108991e-05,-2.501475391909480095e-04,5.085660610347986221e-03,1.820583082735538483e-02,-3.483451902866363525e-01,2.063880907371640205e-03,1.571551918983459473e+00,-7.853349234210327268e-05,-2.005667192861437798e-04,-4.929244983941316605e-03
-1.304147019982337952e-02,-1.785229891538619995e-02,2.115007489919662476e-01,-2.082791738212108612e-02,2.877997793257236481e-02,6.344456076622009277e-01,7.721506953239440918e-01,-1.029203906655311584e-01,-2.417019568383693695e-02,4.941259510815143585e-03,3.038954436779022217e-01,-2.866451740264892578e-01,2.029082179069519043e-02,-1.136213690042495728e-01,-3.197734942659735680e-03,7.323604077100753784e-04,3.012651801109313965e-01,-2.731070220470428467e-01,-1.087953802198171616e-03,-8.656952559249475598e-05,-3.036480862647294998e-03,-8.325556665658950806e-02,1.871835254132747650e-02,3.456386923789978027e-01,-2.319520339369773865e-03,1.571327805519104004e+00,3.169335468555800617e-05,-2.442449040245264769e-04,5.085393320769071579e-03,1.823847182095050812e-02,-3.483758568763732910e-01,2.072641858831048012e-03,1.571538329124450684e+00,-7.600376557093113661e-05,-1.990845194086432457e-04,-4.923648666590452194e-03
-1.304096821695566177e-02,-1.784837432205677032e-02,2.115132808685302734e-01,-2.086654305458068848e-02,2.870107255876064301e-02,6.344367861747741699e-01,7.721598148345947266e-01,-1.028167456388473511e-01,-2.397633902728557587e-02,4.919526632875204086e-03,3.038897216320037842e-01,-2.866750955581665039e-01,2.025714889168739319e-02,-1.131327524781227112e-01,-3.004087600857019424e-03,7.079135975800454617e-04,3.004039525985717773e-01,-2.726673483848571777e-01,-1.121762907132506371e-03,-5.402707029134035110e-05,-2.869094256311655045e-03,-8.318769186735153198e-02,1.872829720377922058e-02,3.456246852874755859e-01,-2.322709886357188225e-03,1.571320176124572754e+00,3.117804953944869339e-05,-2.415415219729766250e-04,5.085479933768510818e-03,1.824817433953285217e-02,-3.483957946300506592e-01,2.074178773909807205e-03,1.571532487869262695e+00,-7.510172144975513220e-05,-1.977736683329567313e-04,-4.920205101370811462e-03
-1.304068043828010559e-02,-1.784605160355567932e-02,2.115205973386764526e-01,-2.088459022343158722e-02,2.864136174321174622e-02,6.344313025474548340e-01,7.721660137176513672e-01,-1.027363836765289307e-01,-2.385053783655166626e-02,4.905721638351678848e-03,3.039121627807617188e-01,-2.867114245891571045e-01,2.023532427847385406e-02,-1.128026917576789856e-01,-2.878426807001233101e-03,6.922378088347613811e-04,2.998714148998260498e-01,-2.723989784717559814e-01,-1.143711502663791180e-03,-3.250271038268692791e-05,-2.760488307103514671e-03,-8.311810344457626343e-02,1.872869394719600677e-02,3.456154167652130127e-01,-2.323834458366036415e-03,1.571317434310913086e+00,3.097873923252336681e-05,-2.402933459961786866e-04,5.085636395961046219e-03,1.824905537068843842e-02,-3.484087288379669189e-01,2.073382260277867317e-03,1.571530222892761230e+00,-7.482329965569078922e-05,-1.969758595805615187e-04,-4.918029531836509705e-03
-1.304051186889410019e-02,-1.784465648233890533e-02,2.115249037742614746e-01,-2.089267037808895111e-02,2.859817817807197571e-02,6.344279050827026367e-01,7.721702456474304199e-01,-1.026773527264595032e-01,-2.376885898411273956e-02,4.896883387118577957e-03,3.039402365684509277e-01,-2.867437303066253662e-01,2.022116817533969879e-02,-1.125815883278846741e-01,-2.796841086819767952e-03,6.821201532147824764e-04,2.995392382144927979e-01,-2.722334861755371094e-01,-1.157966093160212040e-03,-1.839785727497655898e-05,-2.689990447834134102e-03,-8.305978029966354370e-02,1.872607693076133728e-02,3.456093370914459229e-01,-2.324042608961462975e-03,1.571316719055175781e+00,3.091513281106017530e-05,-2.396899653831496835e-04,5.085779819637537003e-03,1.824696920812129974e-02,-3.484170734882354736e-01,2.072050701826810837e-03,1.571529507637023926e+00,-7.477353210560977459e-05,-1.965230476344004273e-04,-4.916645586490631104e-03
-1.304041221737861633e-02,-1.784380525350570679e-02,2.115274965763092041e-01,-2.089603431522846222e-02,2.856783568859100342e-02,6.344256997108459473e-01,7.721730470657348633e-01,-1.026354208588600159e-01,-2.371579967439174652e-02,4.891198128461837769e-03,3.039653599262237549e-01,-2.867692112922668457e-01,2.021197974681854248e-02,-1.124344170093536377e-01,-2.743843942880630493e-03,6.755685899406671524e-04,2.993304431438446045e-01,-2.721305191516876221e-01,-1.167228328995406628e-03,-9.192654943035449833e-06,-2.644205465912818909e-03,-8.301511406898498535e-02,1.872296817600727081e-02,3.456053733825683594e-01,-2.323892666026949883e-03,1.571316599845886230e+00,3.090903919655829668e-05,-2.393805625615641475e-04,5.085891578346490860e-03,1.824427768588066101e-02,-3.484224677085876465e-01,2.070801565423607826e-03,1.571529388427734375e+00,-7.479962368961423635e-05,-1.962664828170090914e-04,-4.915761761367321014e-03
-1.304035168141126633e-02,-1.784327998757362366e-02,2.115290611982345581e-01,-2.089724317193031311e-02,2.854692935943603516e-02,6.344243288040161133e-01,7.721749544143676758e-01,-1.026063039898872375e-01,-2.368131838738918304e-02,4.887531511485576630e-03,3.039852678775787354e-01,-2.867880761623382568e-01,2.020601183176040649e-02,-1.123369336128234863e-01,-2.709404798224568367e-03,6.713190814480185509e-04,2.991983592510223389e-01,-2.720659375190734863e-01,-1.173248747363686562e-03,-3.195858425897313282e-06,-2.614457625895738602e-03,-8.298258483409881592e-02,1.872024498879909515e-02,3.456027805805206299e-01,-2.323642140254378319e-03,1.571316838264465332e+00,3.092420229222625494e-05,-2.392126916674897075e-04,5.085973069071769714e-03,1.824184879660606384e-02,-3.484259545803070068e-01,2.069802721962332726e-03,1.571529507637023926e+00,-7.484375237254425883e-05,-1.961185480467975140e-04,-4.915195051580667496e-03
-1.304031535983085632e-02,-1.784295216202735901e-02,2.115300297737121582e-01,-2.089752256870269775e-02,2.853272482752799988e-02,6.344234347343444824e-01,7.721762061119079590e-01,-1.025863885879516602e-01,-2.365890517830848694e-02,4.885161761194467545e-03,3.040000200271606445e-01,-2.868015170097351074e-01,2.020213566720485687e-02,-1.122726052999496460e-01,-2.687019063159823418e-03,6.685601547360420227e-04,2.991143763065338135e-01,-2.720251679420471191e-01,-1.177162746898829937e-03,7.077371719788061455e-07,-2.595124067738652229e-03,-8.295962959527969360e-02,1.871811784803867340e-02,3.456010818481445312e-01,-2.323398133739829063e-03,1.571316957473754883e+00,3.094435305683873594e-05,-2.391173038631677628e-04,5.086029879748821259e-03,1.823992095887660980e-02,-3.484282195568084717e-01,2.069060457870364189e-03,1.571529626846313477e+00,-7.488550909329205751e-05,-1.960314984899014235e-04,-4.914831370115280151e-03
-1.304029300808906555e-02,-1.784274727106094360e-02,2.115306258201599121e-01,-2.089743874967098236e-02,2.852317132055759430e-02,6.344228982925415039e-01,7.721769809722900391e-01,-1.025729179382324219e-01,-2.364433556795120239e-02,4.883627872914075851e-03,3.040105402469635010e-01,-2.868108749389648438e-01,2.019961550831794739e-02,-1.122302785515785217e-01,-2.672465983778238297e-03,6.667679408565163612e-04,2.990607321262359619e-01,-2.719992995262145996e-01,-1.179707818664610386e-03,3.247892436775146052e-06,-2.582556102424860001e-03,-8.294375985860824585e-02,1.871655136346817017e-02,3.456000089645385742e-01,-2.323196968063712120e-03,1.571317195892333984e+00,3.096292493864893913e-05,-2.390611771261319518e-04,5.086068995296955109e-03,1.823848858475685120e-02,-3.484296798706054688e-01,2.068531000986695290e-03,1.571529865264892578e+00,-7.491910946555435658e-05,-1.959793007699772716e-04,-4.914597142487764359e-03
-1.304027903825044632e-02,-1.784261874854564667e-02,2.115309983491897583e-01,-2.089725062251091003e-02,2.851679362356662750e-02,6.344225406646728516e-01,7.721775770187377930e-01,-1.025638803839683533e-01,-2.363485470414161682e-02,4.882632754743099213e-03,3.040178418159484863e-01,-2.868172824382781982e-01,2.019797079265117645e-02,-1.122024878859519958e-01,-2.663006773218512535e-03,6.656035548076033592e-04,2.990263402462005615e-01,-2.719828188419342041e-01,-1.181360799819231033e-03,4.900279236608184874e-06,-2.574386075139045715e-03,-8.293295651674270630e-02,1.871544122695922852e-02,3.455992639064788818e-01,-2.323043532669544220e-03,1.571317315101623535e+00,3.097790977335534990e-05,-2.390273439232259989e-04,5.086096003651618958e-03,1.823746412992477417e-02,-3.484306335449218750e-01,2.068162662908434868e-03,1.571529984474182129e+00,-7.494419696740806103e-05,-1.959475193871185184e-04,-4.914445802569389343e-03
